t_unix,tag,index,utilization.gpu,memory.used,power.draw,temperature.gpu,clocks.sm,clocks.mem,pcie.link.gen.current,pcie.link.width.current
1784687335.659,real_q8_tensor_220w_mtp,0,0,12263,96.17,55,1710,9251,3,16
1784687335.659,real_q8_tensor_220w_mtp,1,0,12263,111.33,60,1710,9251,3,16
1784687335.659,real_q8_tensor_220w_mtp,2,0,12263,100.45,62,1710,9251,3,16
1784687335.659,real_q8_tensor_220w_mtp,3,0,12263,109.32,59,1710,9251,3,16
1784687336.253,real_q8_tensor_220w_mtp,0,0,12317,126.27,56,1935,9251,3,16
1784687336.253,real_q8_tensor_220w_mtp,1,0,12317,143.63,63,1905,9251,3,16
1784687336.253,real_q8_tensor_220w_mtp,2,0,12317,133.63,65,1920,9251,3,16
1784687336.253,real_q8_tensor_220w_mtp,3,0,12317,140.93,61,1935,9251,3,16
1784687336.843,real_q8_tensor_220w_mtp,0,27,12345,155.61,56,1935,9251,3,16
1784687336.843,real_q8_tensor_220w_mtp,1,28,12345,177.29,63,1800,9251,3,16
1784687336.843,real_q8_tensor_220w_mtp,2,27,12345,168.03,65,1920,9251,3,16
1784687336.843,real_q8_tensor_220w_mtp,3,21,12345,173.18,62,1890,9251,3,16
1784687337.444,real_q8_tensor_220w_mtp,0,27,12345,164.67,57,1935,9251,3,16
1784687337.444,real_q8_tensor_220w_mtp,1,28,12345,179.67,62,1905,9251,3,16
1784687337.444,real_q8_tensor_220w_mtp,2,27,12345,170.53,64,1920,9251,3,16
1784687337.444,real_q8_tensor_220w_mtp,3,27,12345,179.84,62,1935,9251,3,16
1784687338.032,real_q8_tensor_220w_mtp,0,76,12345,181.70,59,1860,9251,3,16
1784687338.032,real_q8_tensor_220w_mtp,1,75,12345,193.19,64,1800,9251,3,16
1784687338.032,real_q8_tensor_220w_mtp,2,76,12345,186.02,67,1830,9251,3,16
1784687338.032,real_q8_tensor_220w_mtp,3,78,12345,193.30,64,1815,9251,3,16
1784687338.630,real_q8_tensor_220w_mtp,0,76,12345,209.82,59,1860,9251,3,16
1784687338.630,real_q8_tensor_220w_mtp,1,75,12345,212.13,65,1755,9251,3,16
1784687338.630,real_q8_tensor_220w_mtp,2,76,12345,208.21,67,1740,9251,3,16
1784687338.630,real_q8_tensor_220w_mtp,3,78,12345,215.23,64,1770,9251,3,16
1784687339.225,real_q8_tensor_220w_mtp,0,79,12345,218.25,59,1845,9251,3,16
1784687339.225,real_q8_tensor_220w_mtp,1,80,12345,218.50,65,1785,9251,3,16
1784687339.225,real_q8_tensor_220w_mtp,2,79,12345,217.94,67,1785,9251,3,16
1784687339.225,real_q8_tensor_220w_mtp,3,80,12345,218.33,64,1785,9251,3,16
1784687339.799,real_q8_tensor_220w_mtp,0,79,12345,218.22,59,1845,9251,3,16
1784687339.799,real_q8_tensor_220w_mtp,1,80,12345,218.42,65,1755,9251,3,16
1784687339.799,real_q8_tensor_220w_mtp,2,79,12345,218.12,67,1800,9251,3,16
1784687339.799,real_q8_tensor_220w_mtp,3,80,12345,218.72,64,1785,9251,3,16
1784687340.372,real_q8_tensor_220w_mtp,0,24,12345,206.18,58,1890,9251,3,16
1784687340.372,real_q8_tensor_220w_mtp,1,77,12345,210.04,63,1800,9251,3,16
1784687340.372,real_q8_tensor_220w_mtp,2,70,12345,207.32,67,1845,9251,3,16
1784687340.372,real_q8_tensor_220w_mtp,3,29,12345,209.28,64,1830,9251,3,16
1784687340.966,real_q8_tensor_220w_mtp,0,20,12345,185.43,57,1935,9251,3,16
1784687340.966,real_q8_tensor_220w_mtp,1,13,12345,192.82,64,1905,9251,3,16
1784687340.966,real_q8_tensor_220w_mtp,2,27,12345,186.88,66,1905,9251,3,16
1784687340.966,real_q8_tensor_220w_mtp,3,15,12345,192.37,63,1935,9251,3,16
1784687341.568,real_q8_tensor_220w_mtp,0,79,12345,189.59,59,1860,9251,3,16
1784687341.568,real_q8_tensor_220w_mtp,1,77,12345,199.89,65,1740,9251,3,16
1784687341.568,real_q8_tensor_220w_mtp,2,78,12345,194.54,67,1755,9251,3,16
1784687341.568,real_q8_tensor_220w_mtp,3,79,12345,199.11,64,1785,9251,3,16
1784687342.141,real_q8_tensor_220w_mtp,0,79,12345,213.77,59,1845,9251,3,16
1784687342.141,real_q8_tensor_220w_mtp,1,77,12345,216.43,65,1785,9251,3,16
1784687342.141,real_q8_tensor_220w_mtp,2,78,12345,214.98,68,1830,9251,3,16
1784687342.141,real_q8_tensor_220w_mtp,3,79,12345,215.91,64,1740,9251,3,16
1784687342.731,real_q8_tensor_220w_mtp,0,81,12345,217.70,59,1830,9251,3,16
1784687342.731,real_q8_tensor_220w_mtp,1,78,12345,218.49,65,1695,9251,3,16
1784687342.731,real_q8_tensor_220w_mtp,2,81,12345,218.57,68,1755,9251,3,16
1784687342.731,real_q8_tensor_220w_mtp,3,81,12345,218.46,65,1740,9251,3,16
1784687343.329,real_q8_tensor_220w_mtp,0,81,12345,217.57,60,1860,9251,3,16
1784687343.329,real_q8_tensor_220w_mtp,1,78,12345,218.65,65,1755,9251,3,16
1784687343.329,real_q8_tensor_220w_mtp,2,81,12345,218.28,68,1755,9251,3,16
1784687343.329,real_q8_tensor_220w_mtp,3,81,12345,218.28,65,1785,9251,3,16
1784687343.923,real_q8_tensor_220w_mtp,0,100,12345,201.39,59,1890,9251,3,16
1784687343.923,real_q8_tensor_220w_mtp,1,100,12345,206.28,65,1815,9251,3,16
1784687343.923,real_q8_tensor_220w_mtp,2,100,12345,202.69,68,1830,9251,3,16
1784687343.923,real_q8_tensor_220w_mtp,3,100,12345,206.07,65,1830,9251,3,16
1784687344.530,real_q8_tensor_220w_mtp,0,100,12345,198.07,60,1890,9251,3,16
1784687344.530,real_q8_tensor_220w_mtp,1,81,12345,204.82,65,1785,9251,3,16
1784687344.530,real_q8_tensor_220w_mtp,2,81,12345,200.41,68,1845,9251,3,16
1784687344.530,real_q8_tensor_220w_mtp,3,81,12345,205.38,65,1815,9251,3,16
1784687345.109,real_q8_tensor_220w_mtp,0,100,12347,212.77,60,1890,9251,3,16
1784687345.109,real_q8_tensor_220w_mtp,1,81,12347,216.82,66,1800,9251,3,16
1784687345.109,real_q8_tensor_220w_mtp,2,81,12347,214.98,69,1845,9251,3,16
1784687345.109,real_q8_tensor_220w_mtp,3,81,12347,217.13,65,1815,9251,3,16
1784687345.700,real_q8_tensor_220w_mtp,0,100,12349,201.65,60,1875,9251,3,16
1784687345.700,real_q8_tensor_220w_mtp,1,100,12349,207.66,66,1815,9251,3,16
1784687345.700,real_q8_tensor_220w_mtp,2,100,12349,204.28,69,1845,9251,3,16
1784687345.700,real_q8_tensor_220w_mtp,3,97,12349,208.18,65,1845,9251,3,16
1784687346.292,real_q8_tensor_220w_mtp,0,100,12349,202.45,60,1890,9251,3,16
1784687346.292,real_q8_tensor_220w_mtp,1,100,12349,206.83,66,1815,9251,3,16
1784687346.292,real_q8_tensor_220w_mtp,2,100,12349,203.09,69,1845,9251,3,16
1784687346.292,real_q8_tensor_220w_mtp,3,97,12349,210.65,66,1830,9251,3,16
1784687346.930,real_q8_tensor_220w_mtp,0,100,12349,187.38,59,1890,9251,3,16
1784687346.930,real_q8_tensor_220w_mtp,1,36,12349,196.84,64,1800,9251,3,16
1784687346.930,real_q8_tensor_220w_mtp,2,32,12349,191.42,67,1845,9251,3,16
1784687346.930,real_q8_tensor_220w_mtp,3,83,12349,196.75,64,1830,9251,3,16
1784687347.530,real_q8_tensor_220w_mtp,0,34,12349,163.10,58,1935,9251,3,16
1784687347.530,real_q8_tensor_220w_mtp,1,18,12349,180.32,64,1905,9251,3,16
1784687347.530,real_q8_tensor_220w_mtp,2,16,12349,172.94,67,1905,9251,3,16
1784687347.530,real_q8_tensor_220w_mtp,3,19,12349,177.18,64,1935,9251,3,16
1784687348.133,real_q8_tensor_220w_mtp,0,34,12349,184.43,60,1800,9251,3,16
1784687348.133,real_q8_tensor_220w_mtp,1,79,12349,195.81,65,1680,9251,3,16
1784687348.133,real_q8_tensor_220w_mtp,2,76,12349,189.80,68,1725,9251,3,16
1784687348.133,real_q8_tensor_220w_mtp,3,71,12349,194.83,65,1815,9251,3,16
1784687348.771,real_q8_tensor_220w_mtp,0,74,12349,214.40,60,1860,9251,3,16
1784687348.771,real_q8_tensor_220w_mtp,1,79,12349,217.88,65,1770,9251,3,16
1784687348.771,real_q8_tensor_220w_mtp,2,76,12349,217.01,68,1815,9251,3,16
1784687348.771,real_q8_tensor_220w_mtp,3,71,12349,215.93,65,1800,9251,3,16
1784687349.410,real_q8_tensor_220w_mtp,0,74,12349,216.14,60,1875,9251,3,16
1784687349.410,real_q8_tensor_220w_mtp,1,74,12349,216.97,65,1800,9251,3,16
1784687349.410,real_q8_tensor_220w_mtp,2,75,12349,216.37,68,1830,9251,3,16
1784687349.410,real_q8_tensor_220w_mtp,3,78,12349,216.32,65,1815,9251,3,16
1784687350.027,real_q8_tensor_220w_mtp,0,82,12349,216.92,60,1770,9251,3,16
1784687350.027,real_q8_tensor_220w_mtp,1,80,12349,217.21,65,1725,9251,3,16
1784687350.027,real_q8_tensor_220w_mtp,2,81,12349,216.58,69,1740,9251,3,16
1784687350.027,real_q8_tensor_220w_mtp,3,80,12349,217.07,65,1695,9251,3,16
1784687350.646,real_q8_tensor_220w_mtp,0,82,12349,193.13,60,1890,9251,3,16
1784687350.646,real_q8_tensor_220w_mtp,1,32,12349,198.66,65,1800,9251,3,16
1784687350.646,real_q8_tensor_220w_mtp,2,100,12349,195.67,68,1860,9251,3,16
1784687350.646,real_q8_tensor_220w_mtp,3,79,12349,199.93,65,1830,9251,3,16
1784687351.242,real_q8_tensor_220w_mtp,0,100,12349,189.67,61,1890,9251,3,16
1784687351.242,real_q8_tensor_220w_mtp,1,32,12349,198.36,66,1815,9251,3,16
1784687351.242,real_q8_tensor_220w_mtp,2,100,12349,197.56,69,1845,9251,3,16
1784687351.242,real_q8_tensor_220w_mtp,3,79,12349,198.95,66,1815,9251,3,16
1784687351.837,real_q8_tensor_220w_mtp,0,100,12349,211.05,61,1890,9251,3,16
1784687351.837,real_q8_tensor_220w_mtp,1,100,12349,216.70,66,1800,9251,3,16
1784687351.837,real_q8_tensor_220w_mtp,2,98,12349,212.99,69,1830,9251,3,16
1784687351.837,real_q8_tensor_220w_mtp,3,100,12349,215.42,66,1845,9251,3,16
1784687352.436,real_q8_tensor_220w_mtp,0,100,12349,203.88,61,1890,9251,3,16
1784687352.436,real_q8_tensor_220w_mtp,1,100,12349,209.30,66,1800,9251,3,16
1784687352.436,real_q8_tensor_220w_mtp,2,98,12349,204.21,69,1860,9251,3,16
1784687352.436,real_q8_tensor_220w_mtp,3,100,12349,209.64,66,1815,9251,3,16
1784687353.033,real_q8_tensor_220w_mtp,0,87,12349,200.42,60,1890,9251,3,16
1784687353.033,real_q8_tensor_220w_mtp,1,73,12349,209.01,66,1785,9251,3,16
1784687353.033,real_q8_tensor_220w_mtp,2,100,12349,203.56,69,1845,9251,3,16
1784687353.033,real_q8_tensor_220w_mtp,3,95,12349,207.91,66,1815,9251,3,16
1784687353.646,real_q8_tensor_220w_mtp,0,4,12349,188.79,58,1875,9251,3,16
1784687353.646,real_q8_tensor_220w_mtp,1,73,12349,199.87,65,1815,9251,3,16
1784687353.646,real_q8_tensor_220w_mtp,2,100,12349,193.02,68,1845,9251,3,16
1784687353.646,real_q8_tensor_220w_mtp,3,83,12349,198.68,63,1830,9251,3,16
1784687354.289,real_q8_tensor_220w_mtp,0,4,12349,170.72,59,1935,9251,3,16
1784687354.289,real_q8_tensor_220w_mtp,1,31,12349,182.65,64,1905,9251,3,16
1784687354.289,real_q8_tensor_220w_mtp,2,29,12349,174.67,67,1905,9251,3,16
1784687354.289,real_q8_tensor_220w_mtp,3,83,12349,182.16,64,1935,9251,3,16
1784687354.862,real_q8_tensor_220w_mtp,0,72,12349,186.31,60,1875,9251,3,16
1784687354.862,real_q8_tensor_220w_mtp,1,71,12349,195.24,65,1845,9251,3,16
1784687354.862,real_q8_tensor_220w_mtp,2,77,12349,189.84,69,1845,9251,3,16
1784687354.862,real_q8_tensor_220w_mtp,3,70,12349,196.24,65,1845,9251,3,16
1784687355.479,real_q8_tensor_220w_mtp,0,72,12349,206.24,60,1860,9251,3,16
1784687355.479,real_q8_tensor_220w_mtp,1,70,12349,212.66,65,1770,9251,3,16
1784687355.479,real_q8_tensor_220w_mtp,2,69,12349,209.55,69,1725,9251,3,16
1784687355.479,real_q8_tensor_220w_mtp,3,70,12349,212.47,66,1815,9251,3,16
1784687356.057,real_q8_tensor_220w_mtp,0,77,12349,212.94,60,1845,9251,3,16
1784687356.057,real_q8_tensor_220w_mtp,1,70,12349,215.88,66,1785,9251,3,16
1784687356.057,real_q8_tensor_220w_mtp,2,69,12349,214.10,69,1800,9251,3,16
1784687356.057,real_q8_tensor_220w_mtp,3,76,12349,214.85,65,1800,9251,3,16
1784687356.648,real_q8_tensor_220w_mtp,0,77,12349,217.11,60,1785,9251,3,16
1784687356.648,real_q8_tensor_220w_mtp,1,80,12349,218.70,66,1650,9251,3,16
1784687356.648,real_q8_tensor_220w_mtp,2,81,12349,218.17,69,1725,9251,3,16
1784687356.648,real_q8_tensor_220w_mtp,3,76,12349,218.61,66,1755,9251,3,16
1784687357.246,real_q8_tensor_220w_mtp,0,38,12349,205.10,59,1935,9251,3,16
1784687357.246,real_q8_tensor_220w_mtp,1,80,12349,211.62,65,1905,9251,3,16
1784687357.246,real_q8_tensor_220w_mtp,2,81,12349,209.77,67,1905,9251,3,16
1784687357.246,real_q8_tensor_220w_mtp,3,36,12349,208.42,65,1935,9251,3,16
1784687357.815,real_q8_tensor_220w_mtp,0,38,12349,185.05,60,1890,9251,3,16
1784687357.815,real_q8_tensor_220w_mtp,1,100,12349,196.41,65,1815,9251,3,16
1784687357.815,real_q8_tensor_220w_mtp,2,100,12349,191.24,69,1890,9251,3,16
1784687357.815,real_q8_tensor_220w_mtp,3,36,12349,194.03,66,1845,9251,3,16
1784687358.416,real_q8_tensor_220w_mtp,0,100,12349,203.17,61,1890,9251,3,16
1784687358.416,real_q8_tensor_220w_mtp,1,100,12349,206.72,66,1815,9251,3,16
1784687358.416,real_q8_tensor_220w_mtp,2,100,12349,202.56,69,1845,9251,3,16
1784687358.416,real_q8_tensor_220w_mtp,3,100,12349,209.88,66,1830,9251,3,16
1784687358.994,real_q8_tensor_220w_mtp,0,56,12349,205.70,60,1935,9251,3,16
1784687358.994,real_q8_tensor_220w_mtp,1,31,12349,212.78,65,1905,9251,3,16
1784687358.994,real_q8_tensor_220w_mtp,2,34,12349,210.50,68,1905,9251,3,16
1784687358.994,real_q8_tensor_220w_mtp,3,83,12349,209.43,65,1935,9251,3,16
1784687359.589,real_q8_tensor_220w_mtp,0,80,12349,200.45,61,1875,9251,3,16
1784687359.589,real_q8_tensor_220w_mtp,1,31,12349,208.21,66,1815,9251,3,16
1784687359.589,real_q8_tensor_220w_mtp,2,34,12349,203.93,70,1845,9251,3,16
1784687359.589,real_q8_tensor_220w_mtp,3,86,12349,207.74,66,1830,9251,3,16
1784687360.183,real_q8_tensor_220w_mtp,0,80,12349,208.90,61,1905,9251,3,16
1784687360.183,real_q8_tensor_220w_mtp,1,84,12349,218.03,66,1875,9251,3,16
1784687360.183,real_q8_tensor_220w_mtp,2,88,12349,216.06,70,1845,9251,3,16
1784687360.183,real_q8_tensor_220w_mtp,3,86,12349,214.97,67,1890,9251,3,16
1784687360.759,real_q8_tensor_220w_mtp,0,39,12349,203.04,60,1890,9251,3,16
1784687360.759,real_q8_tensor_220w_mtp,1,84,12349,210.18,65,1800,9251,3,16
1784687360.759,real_q8_tensor_220w_mtp,2,88,12349,207.01,68,1845,9251,3,16
1784687360.759,real_q8_tensor_220w_mtp,3,45,12349,210.23,66,1815,9251,3,16
1784687361.334,real_q8_tensor_220w_mtp,0,39,12349,205.32,61,1875,9251,3,16
1784687361.334,real_q8_tensor_220w_mtp,1,100,12349,212.46,66,1815,9251,3,16
1784687361.334,real_q8_tensor_220w_mtp,2,100,12349,208.00,70,1830,9251,3,16
1784687361.334,real_q8_tensor_220w_mtp,3,45,12349,211.95,67,1830,9251,3,16
1784687361.910,real_q8_tensor_220w_mtp,0,81,12349,212.70,61,1875,9251,3,16
1784687361.910,real_q8_tensor_220w_mtp,1,100,12349,217.06,66,1785,9251,3,16
1784687361.910,real_q8_tensor_220w_mtp,2,100,12349,215.34,70,1845,9251,3,16
1784687361.910,real_q8_tensor_220w_mtp,3,100,12349,216.67,67,1815,9251,3,16
1784687362.483,real_q8_tensor_220w_mtp,0,81,12349,204.20,61,1875,9251,3,16
1784687362.483,real_q8_tensor_220w_mtp,1,100,12349,210.75,66,1800,9251,3,16
1784687362.483,real_q8_tensor_220w_mtp,2,100,12349,208.48,70,1845,9251,3,16
1784687362.483,real_q8_tensor_220w_mtp,3,42,12349,210.61,66,1830,9251,3,16
1784687363.059,real_q8_tensor_220w_mtp,0,100,12349,205.26,61,1890,9251,3,16
1784687363.059,real_q8_tensor_220w_mtp,1,100,12349,211.25,66,1890,9251,3,16
1784687363.059,real_q8_tensor_220w_mtp,2,100,12349,207.64,70,1830,9251,3,16
1784687363.059,real_q8_tensor_220w_mtp,3,100,12349,211.90,66,1815,9251,3,16
1784687363.662,real_q8_tensor_220w_mtp,0,100,12349,211.94,61,1875,9251,3,16
1784687363.662,real_q8_tensor_220w_mtp,1,100,12349,217.88,67,1800,9251,3,16
1784687363.662,real_q8_tensor_220w_mtp,2,100,12349,215.42,70,1830,9251,3,16
1784687363.662,real_q8_tensor_220w_mtp,3,100,12349,216.86,67,1830,9251,3,16
1784687364.236,real_q8_tensor_220w_mtp,0,100,12349,205.36,61,1875,9251,3,16
1784687364.236,real_q8_tensor_220w_mtp,1,100,12349,212.30,67,1800,9251,3,16
1784687364.236,real_q8_tensor_220w_mtp,2,100,12349,209.47,70,1845,9251,3,16
1784687364.236,real_q8_tensor_220w_mtp,3,100,12349,211.75,67,1815,9251,3,16
1784687364.811,real_q8_tensor_220w_mtp,0,100,12349,203.21,61,1875,9251,3,16
1784687364.811,real_q8_tensor_220w_mtp,1,91,12349,211.62,67,1800,9251,3,16
1784687364.811,real_q8_tensor_220w_mtp,2,86,12349,207.23,70,1845,9251,3,16
1784687364.811,real_q8_tensor_220w_mtp,3,100,12349,209.98,67,1830,9251,3,16
1784687365.396,real_q8_tensor_220w_mtp,0,100,12349,212.13,62,1875,9251,3,16
1784687365.396,real_q8_tensor_220w_mtp,1,100,12349,218.15,67,1800,9251,3,16
1784687365.396,real_q8_tensor_220w_mtp,2,100,12349,215.09,70,1830,9251,3,16
1784687365.396,real_q8_tensor_220w_mtp,3,100,12349,216.72,67,1830,9251,3,16
1784687365.970,real_q8_tensor_220w_mtp,0,100,12349,204.95,62,1905,9251,3,16
1784687365.970,real_q8_tensor_220w_mtp,1,100,12349,209.81,67,1860,9251,3,16
1784687365.970,real_q8_tensor_220w_mtp,2,78,12349,205.83,70,1875,9251,3,16
1784687365.970,real_q8_tensor_220w_mtp,3,100,12349,211.31,67,1905,9251,3,16
1784687366.546,real_q8_tensor_220w_mtp,0,100,12349,203.23,62,1875,9251,3,16
1784687366.546,real_q8_tensor_220w_mtp,1,100,12349,210.79,67,1800,9251,3,16
1784687366.546,real_q8_tensor_220w_mtp,2,78,12349,206.68,70,1830,9251,3,16
1784687366.546,real_q8_tensor_220w_mtp,3,100,12349,209.82,67,1815,9251,3,16
1784687367.121,real_q8_tensor_220w_mtp,0,100,12349,212.63,61,1935,9251,3,16
1784687367.121,real_q8_tensor_220w_mtp,1,100,12349,220.27,67,1905,9251,3,16
1784687367.121,real_q8_tensor_220w_mtp,2,100,12349,218.03,70,1890,9251,3,16
1784687367.121,real_q8_tensor_220w_mtp,3,100,12349,215.25,66,1920,9251,3,16
1784687367.713,real_q8_tensor_220w_mtp,0,78,12349,203.52,61,1875,9251,3,16
1784687367.713,real_q8_tensor_220w_mtp,1,78,12349,210.42,67,1785,9251,3,16
1784687367.713,real_q8_tensor_220w_mtp,2,100,12349,206.94,70,1830,9251,3,16
1784687367.713,real_q8_tensor_220w_mtp,3,88,12349,209.70,67,1800,9251,3,16
1784687368.291,real_q8_tensor_220w_mtp,0,78,12349,205.33,62,1860,9251,3,16
1784687368.291,real_q8_tensor_220w_mtp,1,78,12349,214.01,67,1800,9251,3,16
1784687368.291,real_q8_tensor_220w_mtp,2,100,12349,212.01,71,1830,9251,3,16
1784687368.291,real_q8_tensor_220w_mtp,3,88,12349,213.36,67,1815,9251,3,16
1784687368.870,real_q8_tensor_220w_mtp,0,65,12349,210.47,61,1935,9251,3,16
1784687368.870,real_q8_tensor_220w_mtp,1,38,12349,214.49,67,1905,9251,3,16
1784687368.870,real_q8_tensor_220w_mtp,2,100,12349,211.13,70,1905,9251,3,16
1784687368.870,real_q8_tensor_220w_mtp,3,53,12349,214.75,66,1935,9251,3,16
1784687369.453,real_q8_tensor_220w_mtp,0,65,12349,201.89,62,1875,9251,3,16
1784687369.453,real_q8_tensor_220w_mtp,1,87,12349,209.72,67,1785,9251,3,16
1784687369.453,real_q8_tensor_220w_mtp,2,100,12349,205.46,70,1830,9251,3,16
1784687369.453,real_q8_tensor_220w_mtp,3,94,12349,208.57,67,1800,9251,3,16
1784687370.052,real_q8_tensor_220w_mtp,0,100,12349,211.22,62,1875,9251,3,16
1784687370.052,real_q8_tensor_220w_mtp,1,100,12349,214.31,67,1785,9251,3,16
1784687370.052,real_q8_tensor_220w_mtp,2,100,12349,217.68,71,1830,9251,3,16
1784687370.052,real_q8_tensor_220w_mtp,3,100,12349,217.95,68,1815,9251,3,16
1784687370.628,real_q8_tensor_220w_mtp,0,100,12349,206.05,61,1935,9251,3,16
1784687370.628,real_q8_tensor_220w_mtp,1,100,12349,213.72,66,1905,9251,3,16
1784687370.628,real_q8_tensor_220w_mtp,2,29,12349,211.13,70,1905,9251,3,16
1784687370.628,real_q8_tensor_220w_mtp,3,100,12349,211.62,66,1920,9251,3,16
1784687371.195,real_q8_tensor_220w_mtp,0,75,12349,199.86,62,1875,9251,3,16
1784687371.195,real_q8_tensor_220w_mtp,1,100,12349,208.14,67,1785,9251,3,16
1784687371.195,real_q8_tensor_220w_mtp,2,29,12349,204.39,71,1830,9251,3,16
1784687371.195,real_q8_tensor_220w_mtp,3,100,12349,210.82,68,1800,9251,3,16
1784687371.828,real_q8_tensor_220w_mtp,0,75,12349,202.01,62,1920,9251,3,16
1784687371.828,real_q8_tensor_220w_mtp,1,100,12349,207.46,67,1860,9251,3,16
1784687371.828,real_q8_tensor_220w_mtp,2,100,12349,206.37,71,1830,9251,3,16
1784687371.828,real_q8_tensor_220w_mtp,3,100,12349,210.23,67,1890,9251,3,16
1784687372.462,real_q8_tensor_220w_mtp,0,73,12349,200.56,61,1875,9251,3,16
1784687372.462,real_q8_tensor_220w_mtp,1,51,12349,210.10,66,1770,9251,3,16
1784687372.462,real_q8_tensor_220w_mtp,2,68,12349,205.82,69,1830,9251,3,16
1784687372.462,real_q8_tensor_220w_mtp,3,65,12349,209.76,67,1800,9251,3,16
1784687373.057,real_q8_tensor_220w_mtp,0,100,12349,203.74,62,1860,9251,3,16
1784687373.057,real_q8_tensor_220w_mtp,1,100,12349,212.12,67,1770,9251,3,16
1784687373.057,real_q8_tensor_220w_mtp,2,68,12349,207.01,71,1815,9251,3,16
1784687373.057,real_q8_tensor_220w_mtp,3,100,12349,211.78,68,1800,9251,3,16
1784687373.631,real_q8_tensor_220w_mtp,0,100,12349,212.32,62,1860,9251,3,16
1784687373.631,real_q8_tensor_220w_mtp,1,100,12349,217.44,66,1770,9251,3,16
1784687373.631,real_q8_tensor_220w_mtp,2,89,12349,214.37,70,1815,9251,3,16
1784687373.631,real_q8_tensor_220w_mtp,3,100,12349,217.79,68,1785,9251,3,16
1784687374.231,real_q8_tensor_220w_mtp,0,73,12349,201.87,62,1860,9251,3,16
1784687374.231,real_q8_tensor_220w_mtp,1,38,12349,209.12,67,1770,9251,3,16
1784687374.231,real_q8_tensor_220w_mtp,2,89,12349,204.66,70,1815,9251,3,16
1784687374.231,real_q8_tensor_220w_mtp,3,85,12349,209.22,67,1800,9251,3,16
1784687374.807,real_q8_tensor_220w_mtp,0,73,12349,203.67,62,1875,9251,3,16
1784687374.807,real_q8_tensor_220w_mtp,1,38,12349,211.43,67,1770,9251,3,16
1784687374.807,real_q8_tensor_220w_mtp,2,100,12349,207.11,71,1815,9251,3,16
1784687374.807,real_q8_tensor_220w_mtp,3,85,12349,211.50,68,1800,9251,3,16
1784687375.407,real_q8_tensor_220w_mtp,0,95,12349,212.16,61,1860,9251,3,16
1784687375.407,real_q8_tensor_220w_mtp,1,74,12349,217.07,67,1785,9251,3,16
1784687375.407,real_q8_tensor_220w_mtp,2,100,12349,214.60,71,1830,9251,3,16
1784687375.407,real_q8_tensor_220w_mtp,3,94,12349,217.49,67,1785,9251,3,16
1784687375.983,real_q8_tensor_220w_mtp,0,63,12349,200.63,62,1845,9251,3,16
1784687375.983,real_q8_tensor_220w_mtp,1,35,12349,208.18,65,1770,9251,3,16
1784687375.983,real_q8_tensor_220w_mtp,2,81,12349,204.48,71,1815,9251,3,16
1784687375.983,real_q8_tensor_220w_mtp,3,39,12349,209.16,67,1785,9251,3,16
1784687376.562,real_q8_tensor_220w_mtp,0,29,12349,203.04,62,1845,9251,3,16
1784687376.562,real_q8_tensor_220w_mtp,1,100,12349,210.54,67,1755,9251,3,16
1784687376.562,real_q8_tensor_220w_mtp,2,81,12349,206.63,71,1815,9251,3,16
1784687376.562,real_q8_tensor_220w_mtp,3,100,12349,211.24,68,1785,9251,3,16
1784687377.153,real_q8_tensor_220w_mtp,0,74,12349,211.55,62,1860,9251,3,16
1784687377.153,real_q8_tensor_220w_mtp,1,100,12349,216.73,66,1770,9251,3,16
1784687377.153,real_q8_tensor_220w_mtp,2,82,12349,214.41,70,1830,9251,3,16
1784687377.153,real_q8_tensor_220w_mtp,3,100,12349,217.42,68,1770,9251,3,16
1784687377.747,real_q8_tensor_220w_mtp,0,74,12349,200.49,62,1860,9251,3,16
1784687377.747,real_q8_tensor_220w_mtp,1,100,12349,208.54,66,1785,9251,3,16
1784687377.747,real_q8_tensor_220w_mtp,2,82,12349,204.14,70,1815,9251,3,16
1784687377.747,real_q8_tensor_220w_mtp,3,63,12349,209.00,67,1785,9251,3,16
1784687378.346,real_q8_tensor_220w_mtp,0,100,12349,201.72,62,1845,9251,3,16
1784687378.346,real_q8_tensor_220w_mtp,1,100,12349,208.81,67,1755,9251,3,16
1784687378.346,real_q8_tensor_220w_mtp,2,100,12349,205.52,71,1800,9251,3,16
1784687378.346,real_q8_tensor_220w_mtp,3,63,12349,210.39,68,1785,9251,3,16
1784687378.960,real_q8_tensor_220w_mtp,0,100,12349,210.33,62,1830,9251,3,16
1784687378.960,real_q8_tensor_220w_mtp,1,73,12349,216.25,67,1770,9251,3,16
1784687378.960,real_q8_tensor_220w_mtp,2,100,12349,213.71,71,1800,9251,3,16
1784687378.960,real_q8_tensor_220w_mtp,3,73,12349,217.10,68,1785,9251,3,16
1784687379.538,real_q8_tensor_220w_mtp,0,68,12349,199.08,62,1845,9251,3,16
1784687379.538,real_q8_tensor_220w_mtp,1,39,12349,210.78,67,1770,9251,3,16
1784687379.538,real_q8_tensor_220w_mtp,2,100,12349,206.77,70,1815,9251,3,16
1784687379.538,real_q8_tensor_220w_mtp,3,79,12349,208.81,67,1785,9251,3,16
1784687380.140,real_q8_tensor_220w_mtp,0,68,12349,202.12,62,1860,9251,3,16
1784687380.140,real_q8_tensor_220w_mtp,1,100,12349,209.71,67,1770,9251,3,16
1784687380.140,real_q8_tensor_220w_mtp,2,100,12349,206.07,71,1815,9251,3,16
1784687380.140,real_q8_tensor_220w_mtp,3,79,12349,209.72,68,1800,9251,3,16
1784687380.735,real_q8_tensor_220w_mtp,0,72,12349,211.50,62,1860,9251,3,16
1784687380.735,real_q8_tensor_220w_mtp,1,100,12349,215.67,67,1755,9251,3,16
1784687380.735,real_q8_tensor_220w_mtp,2,72,12349,213.27,71,1800,9251,3,16
1784687380.735,real_q8_tensor_220w_mtp,3,72,12349,216.25,68,1800,9251,3,16
1784687381.311,real_q8_tensor_220w_mtp,0,72,12349,199.91,61,1830,9251,3,16
1784687381.311,real_q8_tensor_220w_mtp,1,31,12349,207.16,66,1770,9251,3,16
1784687381.311,real_q8_tensor_220w_mtp,2,72,12349,202.84,70,1815,9251,3,16
1784687381.311,real_q8_tensor_220w_mtp,3,72,12349,208.54,67,1800,9251,3,16
1784687381.890,real_q8_tensor_220w_mtp,0,100,12349,202.20,62,1845,9251,3,16
1784687381.890,real_q8_tensor_220w_mtp,1,31,12349,208.97,68,1755,9251,3,16
1784687381.890,real_q8_tensor_220w_mtp,2,100,12349,205.41,71,1785,9251,3,16
1784687381.890,real_q8_tensor_220w_mtp,3,100,12349,210.23,68,1770,9251,3,16
1784687382.466,real_q8_tensor_220w_mtp,0,100,12349,212.64,63,1860,9251,3,16
1784687382.466,real_q8_tensor_220w_mtp,1,100,12349,215.56,67,1845,9251,3,16
1784687382.466,real_q8_tensor_220w_mtp,2,100,12349,213.36,72,1860,9251,3,16
1784687382.466,real_q8_tensor_220w_mtp,3,100,12349,218.58,68,1815,9251,3,16
1784687383.038,real_q8_tensor_220w_mtp,0,37,12349,203.58,61,1935,9251,3,16
1784687383.038,real_q8_tensor_220w_mtp,1,90,12349,212.38,66,1905,9251,3,16
1784687383.038,real_q8_tensor_220w_mtp,2,38,12349,209.12,70,1905,9251,3,16
1784687383.038,real_q8_tensor_220w_mtp,3,72,12349,209.99,67,1920,9251,3,16
1784687383.604,real_q8_tensor_220w_mtp,0,37,12349,201.63,62,1845,9251,3,16
1784687383.604,real_q8_tensor_220w_mtp,1,100,12349,210.29,67,1755,9251,3,16
1784687383.604,real_q8_tensor_220w_mtp,2,38,12349,205.62,72,1800,9251,3,16
1784687383.604,real_q8_tensor_220w_mtp,3,100,12349,209.31,68,1800,9251,3,16
1784687384.180,real_q8_tensor_220w_mtp,0,100,12349,208.31,63,1830,9251,3,16
1784687384.180,real_q8_tensor_220w_mtp,1,100,12349,219.37,67,1740,9251,3,16
1784687384.180,real_q8_tensor_220w_mtp,2,100,12349,216.26,72,1800,9251,3,16
1784687384.180,real_q8_tensor_220w_mtp,3,100,12349,215.86,68,1755,9251,3,16
1784687384.754,real_q8_tensor_220w_mtp,0,100,12349,197.25,60,1935,9251,3,16
1784687384.754,real_q8_tensor_220w_mtp,1,4,12349,200.68,66,1905,9251,3,16
1784687384.754,real_q8_tensor_220w_mtp,2,100,12349,195.50,69,1905,9251,3,16
1784687384.754,real_q8_tensor_220w_mtp,3,1,12349,203.90,66,1920,9251,3,16
1784687385.345,real_q8_tensor_220w_mtp,0,100,12349,174.04,62,1845,9251,3,16
1784687385.345,real_q8_tensor_220w_mtp,1,4,12349,186.50,67,1740,9251,3,16
1784687385.345,real_q8_tensor_220w_mtp,2,98,12349,180.03,71,1785,9251,3,16
1784687385.345,real_q8_tensor_220w_mtp,3,1,12349,186.54,68,1755,9251,3,16
1784687385.936,real_q8_tensor_220w_mtp,0,17,12349,160.43,61,1935,9251,3,16
1784687385.936,real_q8_tensor_220w_mtp,1,37,12349,173.06,66,1905,9251,3,16
1784687385.936,real_q8_tensor_220w_mtp,2,37,12349,169.98,69,1905,9251,3,16
1784687385.936,real_q8_tensor_220w_mtp,3,32,12349,176.20,66,1920,9251,3,16
1784687386.528,real_q8_tensor_220w_mtp,0,77,12349,175.10,62,1860,9251,3,16
1784687386.528,real_q8_tensor_220w_mtp,1,77,12349,184.51,67,1770,9251,3,16
1784687386.528,real_q8_tensor_220w_mtp,2,78,12349,177.36,71,1770,9251,3,16
1784687386.528,real_q8_tensor_220w_mtp,3,80,12349,188.18,67,1785,9251,3,16
1784687387.104,real_q8_tensor_220w_mtp,0,77,12349,218.17,62,1830,9251,3,16
1784687387.104,real_q8_tensor_220w_mtp,1,79,12349,218.66,67,1740,9251,3,16
1784687387.104,real_q8_tensor_220w_mtp,2,78,12349,216.36,71,1785,9251,3,16
1784687387.104,real_q8_tensor_220w_mtp,3,77,12349,217.50,67,1710,9251,3,16
1784687387.678,real_q8_tensor_220w_mtp,0,81,12349,217.29,62,1845,9251,3,16
1784687387.678,real_q8_tensor_220w_mtp,1,79,12349,218.02,67,1740,9251,3,16
1784687387.678,real_q8_tensor_220w_mtp,2,79,12349,217.21,71,1785,9251,3,16
1784687387.678,real_q8_tensor_220w_mtp,3,77,12349,217.89,67,1770,9251,3,16
1784687388.250,real_q8_tensor_220w_mtp,0,81,12349,216.57,62,1785,9251,3,16
1784687388.250,real_q8_tensor_220w_mtp,1,81,12349,218.09,67,1755,9251,3,16
1784687388.250,real_q8_tensor_220w_mtp,2,79,12349,217.05,71,1785,9251,3,16
1784687388.250,real_q8_tensor_220w_mtp,3,77,12349,218.18,67,1755,9251,3,16
1784687388.822,real_q8_tensor_220w_mtp,0,100,12349,190.37,62,1890,9251,3,16
1784687388.822,real_q8_tensor_220w_mtp,1,81,12349,197.29,66,1815,9251,3,16
1784687388.822,real_q8_tensor_220w_mtp,2,61,12349,192.88,70,1830,9251,3,16
1784687388.822,real_q8_tensor_220w_mtp,3,77,12349,197.53,67,1830,9251,3,16
1784687389.419,real_q8_tensor_220w_mtp,0,100,12349,188.92,62,1875,9251,3,16
1784687389.419,real_q8_tensor_220w_mtp,1,100,12349,197.28,67,1815,9251,3,16
1784687389.419,real_q8_tensor_220w_mtp,2,61,12349,192.59,71,1845,9251,3,16
1784687389.419,real_q8_tensor_220w_mtp,3,100,12349,197.15,68,1830,9251,3,16
1784687389.986,real_q8_tensor_220w_mtp,0,100,12349,212.15,62,1875,9251,3,16
1784687389.986,real_q8_tensor_220w_mtp,1,89,12349,216.86,67,1815,9251,3,16
1784687389.986,real_q8_tensor_220w_mtp,2,100,12349,214.29,72,1845,9251,3,16
1784687389.986,real_q8_tensor_220w_mtp,3,89,12349,216.21,68,1830,9251,3,16
1784687390.591,real_q8_tensor_220w_mtp,0,100,12349,203.06,62,1875,9251,3,16
1784687390.591,real_q8_tensor_220w_mtp,1,100,12349,212.74,67,1800,9251,3,16
1784687390.591,real_q8_tensor_220w_mtp,2,100,12349,208.65,72,1830,9251,3,16
1784687390.591,real_q8_tensor_220w_mtp,3,100,12349,209.59,68,1830,9251,3,16
1784687391.167,real_q8_tensor_220w_mtp,0,80,12349,203.40,62,1890,9251,3,16
1784687391.167,real_q8_tensor_220w_mtp,1,100,12349,211.07,67,1800,9251,3,16
1784687391.167,real_q8_tensor_220w_mtp,2,100,12349,207.11,71,1845,9251,3,16
1784687391.167,real_q8_tensor_220w_mtp,3,100,12349,209.55,68,1815,9251,3,16
1784687391.743,real_q8_tensor_220w_mtp,0,80,12349,212.39,63,1875,9251,3,16
1784687391.743,real_q8_tensor_220w_mtp,1,100,12349,217.41,68,1815,9251,3,16
1784687391.743,real_q8_tensor_220w_mtp,2,100,12349,215.59,72,1845,9251,3,16
1784687391.743,real_q8_tensor_220w_mtp,3,100,12349,215.12,68,1815,9251,3,16
1784687392.369,real_q8_tensor_220w_mtp,0,85,12349,203.64,62,1860,9251,3,16
1784687392.369,real_q8_tensor_220w_mtp,1,100,12349,211.01,67,1800,9251,3,16
1784687392.369,real_q8_tensor_220w_mtp,2,75,12349,207.11,72,1830,9251,3,16
1784687392.369,real_q8_tensor_220w_mtp,3,100,12349,208.29,68,1815,9251,3,16
1784687392.946,real_q8_tensor_220w_mtp,0,85,12349,204.81,63,1875,9251,3,16
1784687392.946,real_q8_tensor_220w_mtp,1,100,12349,211.33,68,1800,9251,3,16
1784687392.946,real_q8_tensor_220w_mtp,2,75,12349,212.12,72,1830,9251,3,16
1784687392.946,real_q8_tensor_220w_mtp,3,100,12349,211.79,68,1815,9251,3,16
1784687393.521,real_q8_tensor_220w_mtp,0,37,12349,208.23,62,1935,9251,3,16
1784687393.521,real_q8_tensor_220w_mtp,1,77,12349,215.77,67,1905,9251,3,16
1784687393.521,real_q8_tensor_220w_mtp,2,55,12349,212.87,71,1905,9251,3,16
1784687393.521,real_q8_tensor_220w_mtp,3,65,12349,212.21,68,1920,9251,3,16
1784687394.108,real_q8_tensor_220w_mtp,0,37,12349,201.37,63,1860,9251,3,16
1784687394.108,real_q8_tensor_220w_mtp,1,100,12349,209.59,67,1800,9251,3,16
1784687394.108,real_q8_tensor_220w_mtp,2,55,12349,205.81,72,1830,9251,3,16
1784687394.108,real_q8_tensor_220w_mtp,3,100,12349,208.23,68,1815,9251,3,16
1784687394.685,real_q8_tensor_220w_mtp,0,92,12349,214.07,63,1860,9251,3,16
1784687394.685,real_q8_tensor_220w_mtp,1,100,12349,218.38,68,1800,9251,3,16
1784687394.685,real_q8_tensor_220w_mtp,2,100,12349,215.95,72,1845,9251,3,16
1784687394.685,real_q8_tensor_220w_mtp,3,100,12349,216.18,68,1815,9251,3,16
1784687395.276,real_q8_tensor_220w_mtp,0,92,12349,205.43,61,1890,9251,3,16
1784687395.276,real_q8_tensor_220w_mtp,1,42,12349,211.24,67,1755,9251,3,16
1784687395.276,real_q8_tensor_220w_mtp,2,100,12349,207.62,71,1845,9251,3,16
1784687395.276,real_q8_tensor_220w_mtp,3,28,12349,209.77,67,1785,9251,3,16
1784687395.855,real_q8_tensor_220w_mtp,0,100,12349,205.03,63,1875,9251,3,16
1784687395.855,real_q8_tensor_220w_mtp,1,42,12349,212.41,68,1785,9251,3,16
1784687395.855,real_q8_tensor_220w_mtp,2,100,12349,208.77,72,1830,9251,3,16
1784687395.855,real_q8_tensor_220w_mtp,3,28,12349,211.60,68,1800,9251,3,16
1784687396.431,real_q8_tensor_220w_mtp,0,90,12349,213.29,63,1875,9251,3,16
1784687396.431,real_q8_tensor_220w_mtp,1,78,12349,217.45,67,1785,9251,3,16
1784687396.431,real_q8_tensor_220w_mtp,2,89,12349,214.81,72,1830,9251,3,16
1784687396.431,real_q8_tensor_220w_mtp,3,78,12349,215.49,68,1800,9251,3,16
1784687397.012,real_q8_tensor_220w_mtp,0,100,12349,204.09,62,1875,9251,3,16
1784687397.012,real_q8_tensor_220w_mtp,1,45,12349,211.31,67,1785,9251,3,16
1784687397.012,real_q8_tensor_220w_mtp,2,85,12349,207.31,72,1845,9251,3,16
1784687397.012,real_q8_tensor_220w_mtp,3,39,12349,210.49,68,1800,9251,3,16
1784687397.589,real_q8_tensor_220w_mtp,0,100,12349,205.83,63,1860,9251,3,16
1784687397.589,real_q8_tensor_220w_mtp,1,100,12349,212.54,68,1785,9251,3,16
1784687397.589,real_q8_tensor_220w_mtp,2,85,12349,209.53,72,1830,9251,3,16
1784687397.589,real_q8_tensor_220w_mtp,3,100,12349,212.58,69,1800,9251,3,16
1784687398.176,real_q8_tensor_220w_mtp,0,82,12349,212.82,63,1860,9251,3,16
1784687398.176,real_q8_tensor_220w_mtp,1,100,12349,218.02,68,1785,9251,3,16
1784687398.176,real_q8_tensor_220w_mtp,2,100,12349,215.77,72,1830,9251,3,16
1784687398.176,real_q8_tensor_220w_mtp,3,100,12349,217.21,69,1800,9251,3,16
1784687398.753,real_q8_tensor_220w_mtp,0,82,12349,203.95,63,1875,9251,3,16
1784687398.753,real_q8_tensor_220w_mtp,1,100,12349,211.50,67,1785,9251,3,16
1784687398.753,real_q8_tensor_220w_mtp,2,100,12349,209.75,72,1830,9251,3,16
1784687398.753,real_q8_tensor_220w_mtp,3,100,12349,210.66,69,1800,9251,3,16
1784687399.329,real_q8_tensor_220w_mtp,0,88,12349,204.71,62,1920,9251,3,16
1784687399.329,real_q8_tensor_220w_mtp,1,100,12349,212.05,68,1890,9251,3,16
1784687399.329,real_q8_tensor_220w_mtp,2,100,12349,209.72,72,1860,9251,3,16
1784687399.329,real_q8_tensor_220w_mtp,3,100,12349,210.78,68,1800,9251,3,16
1784687399.906,real_q8_tensor_220w_mtp,0,88,12349,213.16,63,1860,9251,3,16
1784687399.906,real_q8_tensor_220w_mtp,1,100,12349,218.29,68,1785,9251,3,16
1784687399.906,real_q8_tensor_220w_mtp,2,100,12349,215.80,72,1830,9251,3,16
1784687399.906,real_q8_tensor_220w_mtp,3,100,12349,217.34,69,1800,9251,3,16
1784687400.479,real_q8_tensor_220w_mtp,0,100,12349,205.48,63,1875,9251,3,16
1784687400.479,real_q8_tensor_220w_mtp,1,100,12349,212.59,68,1785,9251,3,16
1784687400.479,real_q8_tensor_220w_mtp,2,100,12349,208.62,72,1815,9251,3,16
1784687400.479,real_q8_tensor_220w_mtp,3,100,12349,212.94,69,1800,9251,3,16
1784687401.075,real_q8_tensor_220w_mtp,0,100,12349,203.65,62,1860,9251,3,16
1784687401.075,real_q8_tensor_220w_mtp,1,77,12349,211.77,68,1755,9251,3,16
1784687401.075,real_q8_tensor_220w_mtp,2,100,12349,206.13,72,1815,9251,3,16
1784687401.075,real_q8_tensor_220w_mtp,3,100,12349,211.46,68,1770,9251,3,16
1784687401.676,real_q8_tensor_220w_mtp,0,100,12349,213.62,63,1875,9251,3,16
1784687401.676,real_q8_tensor_220w_mtp,1,77,12349,217.97,68,1785,9251,3,16
1784687401.676,real_q8_tensor_220w_mtp,2,100,12349,214.53,72,1830,9251,3,16
1784687401.676,real_q8_tensor_220w_mtp,3,100,12349,219.90,69,1800,9251,3,16
1784687402.280,real_q8_tensor_220w_mtp,0,100,12349,203.57,63,1860,9251,3,16
1784687402.280,real_q8_tensor_220w_mtp,1,100,12349,210.84,68,1800,9251,3,16
1784687402.280,real_q8_tensor_220w_mtp,2,100,12349,206.93,72,1830,9251,3,16
1784687402.280,real_q8_tensor_220w_mtp,3,96,12349,211.56,69,1815,9251,3,16
1784687402.891,real_q8_tensor_220w_mtp,0,100,12349,205.16,63,1860,9251,3,16
1784687402.891,real_q8_tensor_220w_mtp,1,100,12349,209.57,68,1785,9251,3,16
1784687402.891,real_q8_tensor_220w_mtp,2,100,12349,204.87,72,1815,9251,3,16
1784687402.891,real_q8_tensor_220w_mtp,3,96,12349,213.66,69,1785,9251,3,16
1784687403.513,real_q8_tensor_220w_mtp,0,100,12349,214.14,63,1905,9251,3,16
1784687403.513,real_q8_tensor_220w_mtp,1,100,12349,219.65,68,1890,9251,3,16
1784687403.513,real_q8_tensor_220w_mtp,2,100,12349,216.69,72,1860,9251,3,16
1784687403.513,real_q8_tensor_220w_mtp,3,81,12349,218.01,68,1875,9251,3,16
1784687404.098,real_q8_tensor_220w_mtp,0,75,12349,202.59,63,1920,9251,3,16
1784687404.098,real_q8_tensor_220w_mtp,1,100,12349,210.16,67,1770,9251,3,16
1784687404.098,real_q8_tensor_220w_mtp,2,83,12349,206.27,72,1890,9251,3,16
1784687404.098,real_q8_tensor_220w_mtp,3,81,12349,210.38,69,1785,9251,3,16
1784687404.676,real_q8_tensor_220w_mtp,0,75,12349,209.23,63,1860,9251,3,16
1784687404.676,real_q8_tensor_220w_mtp,1,100,12349,213.71,68,1770,9251,3,16
1784687404.676,real_q8_tensor_220w_mtp,2,83,12349,210.56,73,1815,9251,3,16
1784687404.676,real_q8_tensor_220w_mtp,3,100,12349,214.76,69,1785,9251,3,16
1784687405.275,real_q8_tensor_220w_mtp,0,100,12349,215.10,63,1920,9251,3,16
1784687405.275,real_q8_tensor_220w_mtp,1,100,12349,215.39,68,1845,9251,3,16
1784687405.275,real_q8_tensor_220w_mtp,2,65,12349,213.60,71,1890,9251,3,16
1784687405.275,real_q8_tensor_220w_mtp,3,100,12349,219.14,69,1890,9251,3,16
1784687405.846,real_q8_tensor_220w_mtp,0,100,12349,202.58,62,1845,9251,3,16
1784687405.846,real_q8_tensor_220w_mtp,1,76,12349,209.88,68,1770,9251,3,16
1784687405.846,real_q8_tensor_220w_mtp,2,65,12349,206.17,72,1815,9251,3,16
1784687405.846,real_q8_tensor_220w_mtp,3,75,12349,210.18,68,1785,9251,3,16
1784687406.440,real_q8_tensor_220w_mtp,0,100,12349,207.11,64,1845,9251,3,16
1784687406.440,real_q8_tensor_220w_mtp,1,76,12349,212.86,68,1770,9251,3,16
1784687406.440,real_q8_tensor_220w_mtp,2,100,12349,209.00,73,1815,9251,3,16
1784687406.440,real_q8_tensor_220w_mtp,3,75,12349,215.75,69,1785,9251,3,16
1784687407.015,real_q8_tensor_220w_mtp,0,85,12349,211.30,63,1920,9251,3,16
1784687407.015,real_q8_tensor_220w_mtp,1,100,12349,218.26,68,1890,9251,3,16
1784687407.015,real_q8_tensor_220w_mtp,2,100,12349,216.14,73,1875,9251,3,16
1784687407.015,real_q8_tensor_220w_mtp,3,59,12349,215.79,69,1890,9251,3,16
1784687407.587,real_q8_tensor_220w_mtp,0,100,12349,203.29,63,1875,9251,3,16
1784687407.587,real_q8_tensor_220w_mtp,1,100,12349,208.21,67,1755,9251,3,16
1784687407.587,real_q8_tensor_220w_mtp,2,74,12349,203.81,72,1875,9251,3,16
1784687407.587,real_q8_tensor_220w_mtp,3,59,12349,209.71,69,1785,9251,3,16
1784687408.165,real_q8_tensor_220w_mtp,0,100,12349,204.19,63,1845,9251,3,16
1784687408.165,real_q8_tensor_220w_mtp,1,100,12349,213.58,68,1770,9251,3,16
1784687408.165,real_q8_tensor_220w_mtp,2,74,12349,210.23,73,1800,9251,3,16
1784687408.165,real_q8_tensor_220w_mtp,3,100,12349,212.86,69,1785,9251,3,16
1784687408.741,real_q8_tensor_220w_mtp,0,100,12349,213.96,64,1920,9251,3,16
1784687408.741,real_q8_tensor_220w_mtp,1,100,12349,215.39,68,1890,9251,3,16
1784687408.741,real_q8_tensor_220w_mtp,2,69,12349,213.91,73,1860,9251,3,16
1784687408.741,real_q8_tensor_220w_mtp,3,100,12349,219.42,69,1890,9251,3,16
1784687409.332,real_q8_tensor_220w_mtp,0,100,12349,203.59,62,1845,9251,3,16
1784687409.332,real_q8_tensor_220w_mtp,1,69,12349,208.60,68,1755,9251,3,16
1784687409.332,real_q8_tensor_220w_mtp,2,69,12349,204.28,72,1800,9251,3,16
1784687409.332,real_q8_tensor_220w_mtp,3,82,12349,210.33,68,1770,9251,3,16
1784687409.971,real_q8_tensor_220w_mtp,0,100,12349,205.46,63,1845,9251,3,16
1784687409.971,real_q8_tensor_220w_mtp,1,87,12349,214.99,68,1770,9251,3,16
1784687409.971,real_q8_tensor_220w_mtp,2,100,12349,210.72,73,1815,9251,3,16
1784687409.971,real_q8_tensor_220w_mtp,3,90,12349,214.00,69,1785,9251,3,16
1784687410.550,real_q8_tensor_220w_mtp,0,100,12349,212.93,63,1935,9251,3,16
1784687410.550,real_q8_tensor_220w_mtp,1,100,12349,215.03,68,1905,9251,3,16
1784687410.550,real_q8_tensor_220w_mtp,2,100,12349,211.08,73,1875,9251,3,16
1784687410.550,real_q8_tensor_220w_mtp,3,98,12349,219.37,69,1905,9251,3,16
1784687411.136,real_q8_tensor_220w_mtp,0,92,12349,201.87,63,1920,9251,3,16
1784687411.136,real_q8_tensor_220w_mtp,1,100,12349,210.35,68,1755,9251,3,16
1784687411.136,real_q8_tensor_220w_mtp,2,100,12349,205.46,73,1875,9251,3,16
1784687411.136,real_q8_tensor_220w_mtp,3,98,12349,209.39,69,1770,9251,3,16
1784687411.718,real_q8_tensor_220w_mtp,0,92,12349,206.07,64,1845,9251,3,16
1784687411.718,real_q8_tensor_220w_mtp,1,100,12349,212.08,68,1755,9251,3,16
1784687411.718,real_q8_tensor_220w_mtp,2,100,12349,207.78,73,1785,9251,3,16
1784687411.718,real_q8_tensor_220w_mtp,3,100,12349,215.18,69,1770,9251,3,16
1784687412.315,real_q8_tensor_220w_mtp,0,100,12349,213.10,63,1905,9251,3,16
1784687412.315,real_q8_tensor_220w_mtp,1,100,12349,218.75,68,1845,9251,3,16
1784687412.315,real_q8_tensor_220w_mtp,2,100,12349,216.01,73,1845,9251,3,16
1784687412.315,real_q8_tensor_220w_mtp,3,100,12349,218.75,69,1860,9251,3,16
1784687412.900,real_q8_tensor_220w_mtp,0,100,12349,201.34,63,1845,9251,3,16
1784687412.900,real_q8_tensor_220w_mtp,1,100,12349,210.53,68,1770,9251,3,16
1784687412.900,real_q8_tensor_220w_mtp,2,100,12349,205.70,73,1815,9251,3,16
1784687412.900,real_q8_tensor_220w_mtp,3,100,12349,208.66,69,1800,9251,3,16
1784687413.458,real_q8_tensor_220w_mtp,0,75,12349,200.19,63,1860,9251,3,16
1784687413.458,real_q8_tensor_220w_mtp,1,72,12349,212.06,68,1755,9251,3,16
1784687413.458,real_q8_tensor_220w_mtp,2,100,12349,207.51,73,1785,9251,3,16
1784687413.458,real_q8_tensor_220w_mtp,3,100,12349,209.36,69,1785,9251,3,16
1784687414.027,real_q8_tensor_220w_mtp,0,100,12349,211.78,64,1830,9251,3,16
1784687414.027,real_q8_tensor_220w_mtp,1,85,12349,216.39,68,1770,9251,3,16
1784687414.027,real_q8_tensor_220w_mtp,2,100,12349,213.39,73,1785,9251,3,16
1784687414.027,real_q8_tensor_220w_mtp,3,100,12349,218.42,69,1770,9251,3,16
1784687414.600,real_q8_tensor_220w_mtp,0,100,12349,201.36,63,1830,9251,3,16
1784687414.600,real_q8_tensor_220w_mtp,1,100,12349,210.12,68,1755,9251,3,16
1784687414.600,real_q8_tensor_220w_mtp,2,100,12349,204.96,73,1800,9251,3,16
1784687414.600,real_q8_tensor_220w_mtp,3,100,12349,209.93,69,1770,9251,3,16
1784687415.214,real_q8_tensor_220w_mtp,0,100,12349,198.76,63,1860,9251,3,16
1784687415.214,real_q8_tensor_220w_mtp,1,100,12349,206.61,68,1755,9251,3,16
1784687415.214,real_q8_tensor_220w_mtp,2,100,12349,202.93,72,1770,9251,3,16
1784687415.214,real_q8_tensor_220w_mtp,3,72,12349,208.23,69,1770,9251,3,16
1784687415.805,real_q8_tensor_220w_mtp,0,59,12349,206.49,64,1905,9251,3,16
1784687415.805,real_q8_tensor_220w_mtp,1,90,12349,215.37,67,1905,9251,3,16
1784687415.805,real_q8_tensor_220w_mtp,2,94,12349,214.63,73,1875,9251,3,16
1784687415.805,real_q8_tensor_220w_mtp,3,72,12349,212.46,69,1905,9251,3,16
1784687416.365,real_q8_tensor_220w_mtp,0,59,12349,173.88,62,1845,9251,3,16
1784687416.365,real_q8_tensor_220w_mtp,1,90,12349,186.11,67,1755,9251,3,16
1784687416.365,real_q8_tensor_220w_mtp,2,94,12349,180.90,72,1785,9251,3,16
1784687416.365,real_q8_tensor_220w_mtp,3,100,12349,186.20,68,1770,9251,3,16
1784687416.974,real_q8_tensor_220w_mtp,0,2,12349,157.33,61,1920,9251,3,16
1784687416.974,real_q8_tensor_220w_mtp,1,1,12349,168.40,66,1905,9251,3,16
1784687416.974,real_q8_tensor_220w_mtp,2,1,12349,160.96,70,1890,9251,3,16
1784687416.974,real_q8_tensor_220w_mtp,3,100,12349,171.73,66,1920,9251,3,16
1784687417.533,real_q8_tensor_220w_mtp,0,52,12349,169.53,63,1755,9251,3,16
1784687417.533,real_q8_tensor_220w_mtp,1,67,12349,182.80,67,1740,9251,3,16
1784687417.533,real_q8_tensor_220w_mtp,2,47,12349,175.16,72,1755,9251,3,16
1784687417.533,real_q8_tensor_220w_mtp,3,79,12349,183.82,68,1680,9251,3,16
1784687418.106,real_q8_tensor_220w_mtp,0,79,12349,201.13,63,1845,9251,3,16
1784687418.106,real_q8_tensor_220w_mtp,1,78,12349,205.28,68,1740,9251,3,16
1784687418.106,real_q8_tensor_220w_mtp,2,77,12349,200.99,72,1710,9251,3,16
1784687418.106,real_q8_tensor_220w_mtp,3,80,12349,209.24,68,1770,9251,3,16
1784687418.698,real_q8_tensor_220w_mtp,0,79,12349,216.46,63,1815,9251,3,16
1784687418.698,real_q8_tensor_220w_mtp,1,78,12349,218.49,68,1695,9251,3,16
1784687418.698,real_q8_tensor_220w_mtp,2,77,12349,217.66,72,1755,9251,3,16
1784687418.698,real_q8_tensor_220w_mtp,3,80,12349,217.76,68,1770,9251,3,16
1784687419.266,real_q8_tensor_220w_mtp,0,79,12349,216.59,63,1815,9251,3,16
1784687419.266,real_q8_tensor_220w_mtp,1,78,12349,218.31,68,1740,9251,3,16
1784687419.266,real_q8_tensor_220w_mtp,2,78,12349,217.19,72,1695,9251,3,16
1784687419.266,real_q8_tensor_220w_mtp,3,79,12349,218.04,69,1755,9251,3,16
1784687419.836,real_q8_tensor_220w_mtp,0,79,12349,210.18,62,1920,9251,3,16
1784687419.836,real_q8_tensor_220w_mtp,1,78,12349,207.89,67,1905,9251,3,16
1784687419.836,real_q8_tensor_220w_mtp,2,78,12349,205.82,71,1890,9251,3,16
1784687419.836,real_q8_tensor_220w_mtp,3,79,12349,211.66,67,1920,9251,3,16
1784687420.418,real_q8_tensor_220w_mtp,0,100,12349,179.15,63,1875,9251,3,16
1784687420.418,real_q8_tensor_220w_mtp,1,100,12349,188.44,68,1815,9251,3,16
1784687420.418,real_q8_tensor_220w_mtp,2,100,12349,182.78,72,1830,9251,3,16
1784687420.418,real_q8_tensor_220w_mtp,3,100,12349,188.67,69,1830,9251,3,16
1784687421.013,real_q8_tensor_220w_mtp,0,90,12349,192.78,63,1875,9251,3,16
1784687421.013,real_q8_tensor_220w_mtp,1,100,12349,197.45,68,1800,9251,3,16
1784687421.013,real_q8_tensor_220w_mtp,2,89,12349,191.78,72,1830,9251,3,16
1784687421.013,real_q8_tensor_220w_mtp,3,89,12349,201.17,69,1830,9251,3,16
1784687421.588,real_q8_tensor_220w_mtp,0,100,12349,213.89,63,1860,9251,3,16
1784687421.588,real_q8_tensor_220w_mtp,1,100,12349,217.20,68,1800,9251,3,16
1784687421.588,real_q8_tensor_220w_mtp,2,100,12349,214.09,73,1830,9251,3,16
1784687421.588,real_q8_tensor_220w_mtp,3,100,12349,215.98,69,1815,9251,3,16
1784687422.153,real_q8_tensor_220w_mtp,0,100,12349,204.20,64,1905,9251,3,16
1784687422.153,real_q8_tensor_220w_mtp,1,100,12349,208.84,68,1860,9251,3,16
1784687422.153,real_q8_tensor_220w_mtp,2,100,12349,204.04,72,1860,9251,3,16
1784687422.153,real_q8_tensor_220w_mtp,3,100,12349,208.80,69,1875,9251,3,16
1784687422.721,real_q8_tensor_220w_mtp,0,100,12349,202.91,63,1875,9251,3,16
1784687422.721,real_q8_tensor_220w_mtp,1,100,12349,210.08,68,1800,9251,3,16
1784687422.721,real_q8_tensor_220w_mtp,2,100,12349,205.00,73,1830,9251,3,16
1784687422.721,real_q8_tensor_220w_mtp,3,100,12349,208.99,69,1815,9251,3,16
1784687423.291,real_q8_tensor_220w_mtp,0,100,12349,214.36,64,1905,9251,3,16
1784687423.291,real_q8_tensor_220w_mtp,1,100,12349,217.82,67,1905,9251,3,16
1784687423.291,real_q8_tensor_220w_mtp,2,100,12349,214.93,72,1875,9251,3,16
1784687423.291,real_q8_tensor_220w_mtp,3,100,12349,217.15,69,1905,9251,3,16
1784687423.855,real_q8_tensor_220w_mtp,0,81,12349,204.80,63,1875,9251,3,16
1784687423.855,real_q8_tensor_220w_mtp,1,79,12349,211.78,68,1785,9251,3,16
1784687423.855,real_q8_tensor_220w_mtp,2,100,12349,207.08,72,1815,9251,3,16
1784687423.855,real_q8_tensor_220w_mtp,3,80,12349,210.85,69,1815,9251,3,16
1784687424.426,real_q8_tensor_220w_mtp,0,81,12349,209.34,64,1860,9251,3,16
1784687424.426,real_q8_tensor_220w_mtp,1,79,12349,214.11,68,1800,9251,3,16
1784687424.426,real_q8_tensor_220w_mtp,2,100,12349,208.90,73,1815,9251,3,16
1784687424.426,real_q8_tensor_220w_mtp,3,80,12349,214.92,69,1815,9251,3,16
1784687424.996,real_q8_tensor_220w_mtp,0,67,12349,206.28,63,1920,9251,3,16
1784687424.996,real_q8_tensor_220w_mtp,1,35,12349,214.59,67,1905,9251,3,16
1784687424.996,real_q8_tensor_220w_mtp,2,34,12349,210.69,71,1890,9251,3,16
1784687424.996,real_q8_tensor_220w_mtp,3,59,12349,209.80,69,1920,9251,3,16
1784687425.557,real_q8_tensor_220w_mtp,0,67,12349,205.88,64,1860,9251,3,16
1784687425.557,real_q8_tensor_220w_mtp,1,35,12349,212.32,68,1800,9251,3,16
1784687425.557,real_q8_tensor_220w_mtp,2,34,12349,207.33,73,1830,9251,3,16
1784687425.557,real_q8_tensor_220w_mtp,3,59,12349,210.93,69,1800,9251,3,16
1784687426.126,real_q8_tensor_220w_mtp,0,100,12349,215.46,64,1875,9251,3,16
1784687426.126,real_q8_tensor_220w_mtp,1,100,12349,217.28,68,1845,9251,3,16
1784687426.126,real_q8_tensor_220w_mtp,2,100,12349,212.50,73,1815,9251,3,16
1784687426.126,real_q8_tensor_220w_mtp,3,100,12349,219.24,69,1845,9251,3,16
1784687426.689,real_q8_tensor_220w_mtp,0,100,12349,204.98,62,1860,9251,3,16
1784687426.689,real_q8_tensor_220w_mtp,1,100,12349,210.97,68,1800,9251,3,16
1784687426.689,real_q8_tensor_220w_mtp,2,100,12349,205.65,72,1815,9251,3,16
1784687426.689,real_q8_tensor_220w_mtp,3,100,12349,210.76,69,1800,9251,3,16
1784687427.291,real_q8_tensor_220w_mtp,0,100,12349,206.87,64,1860,9251,3,16
1784687427.291,real_q8_tensor_220w_mtp,1,100,12349,213.90,69,1800,9251,3,16
1784687427.291,real_q8_tensor_220w_mtp,2,100,12349,208.25,73,1815,9251,3,16
1784687427.291,real_q8_tensor_220w_mtp,3,100,12349,212.48,69,1800,9251,3,16
1784687427.863,real_q8_tensor_220w_mtp,0,100,12349,213.22,63,1860,9251,3,16
1784687427.863,real_q8_tensor_220w_mtp,1,100,12349,218.38,69,1770,9251,3,16
1784687427.863,real_q8_tensor_220w_mtp,2,100,12349,214.38,73,1815,9251,3,16
1784687427.863,real_q8_tensor_220w_mtp,3,100,12349,217.62,69,1800,9251,3,16
1784687428.451,real_q8_tensor_220w_mtp,0,98,12349,204.59,63,1860,9251,3,16
1784687428.451,real_q8_tensor_220w_mtp,1,66,12349,211.10,68,1785,9251,3,16
1784687428.451,real_q8_tensor_220w_mtp,2,100,12349,206.25,72,1815,9251,3,16
1784687428.451,real_q8_tensor_220w_mtp,3,100,12349,211.69,69,1800,9251,3,16
1784687429.021,real_q8_tensor_220w_mtp,0,100,12349,206.43,64,1860,9251,3,16
1784687429.021,real_q8_tensor_220w_mtp,1,92,12349,212.12,68,1770,9251,3,16
1784687429.021,real_q8_tensor_220w_mtp,2,100,12349,207.65,73,1815,9251,3,16
1784687429.021,real_q8_tensor_220w_mtp,3,100,12349,212.99,70,1800,9251,3,16
1784687429.588,real_q8_tensor_220w_mtp,0,78,12349,213.85,64,1860,9251,3,16
1784687429.588,real_q8_tensor_220w_mtp,1,100,12349,217.01,68,1785,9251,3,16
1784687429.588,real_q8_tensor_220w_mtp,2,100,12349,214.48,73,1815,9251,3,16
1784687429.588,real_q8_tensor_220w_mtp,3,78,12349,218.20,70,1785,9251,3,16
1784687430.158,real_q8_tensor_220w_mtp,0,78,12349,204.31,64,1860,9251,3,16
1784687430.158,real_q8_tensor_220w_mtp,1,100,12349,212.23,68,1800,9251,3,16
1784687430.158,real_q8_tensor_220w_mtp,2,100,12349,207.96,73,1815,9251,3,16
1784687430.158,real_q8_tensor_220w_mtp,3,78,12349,211.82,69,1800,9251,3,16
1784687430.726,real_q8_tensor_220w_mtp,0,100,12349,206.47,63,1905,9251,3,16
1784687430.726,real_q8_tensor_220w_mtp,1,100,12349,212.68,69,1890,9251,3,16
1784687430.726,real_q8_tensor_220w_mtp,2,78,12349,206.01,73,1860,9251,3,16
1784687430.726,real_q8_tensor_220w_mtp,3,96,12349,213.60,69,1890,9251,3,16
1784687431.315,real_q8_tensor_220w_mtp,0,100,12349,214.28,64,1860,9251,3,16
1784687431.315,real_q8_tensor_220w_mtp,1,100,12349,217.68,69,1785,9251,3,16
1784687431.315,real_q8_tensor_220w_mtp,2,78,12349,214.78,73,1815,9251,3,16
1784687431.315,real_q8_tensor_220w_mtp,3,96,12349,217.80,70,1785,9251,3,16
1784687431.886,real_q8_tensor_220w_mtp,0,100,12349,203.76,64,1875,9251,3,16
1784687431.886,real_q8_tensor_220w_mtp,1,100,12349,210.80,68,1785,9251,3,16
1784687431.886,real_q8_tensor_220w_mtp,2,100,12349,207.46,73,1815,9251,3,16
1784687431.886,real_q8_tensor_220w_mtp,3,100,12349,209.84,69,1785,9251,3,16
1784687432.455,real_q8_tensor_220w_mtp,0,100,12349,205.77,64,1905,9251,3,16
1784687432.455,real_q8_tensor_220w_mtp,1,100,12349,210.79,69,1890,9251,3,16
1784687432.455,real_q8_tensor_220w_mtp,2,100,12349,204.44,73,1875,9251,3,16
1784687432.455,real_q8_tensor_220w_mtp,3,100,12349,211.23,69,1785,9251,3,16
1784687433.023,real_q8_tensor_220w_mtp,0,100,12349,213.88,64,1860,9251,3,16
1784687433.023,real_q8_tensor_220w_mtp,1,100,12349,217.93,69,1770,9251,3,16
1784687433.023,real_q8_tensor_220w_mtp,2,100,12349,214.19,73,1815,9251,3,16
1784687433.023,real_q8_tensor_220w_mtp,3,100,12349,217.56,70,1785,9251,3,16
1784687433.594,real_q8_tensor_220w_mtp,0,100,12349,206.22,64,1860,9251,3,16
1784687433.594,real_q8_tensor_220w_mtp,1,100,12349,211.24,68,1785,9251,3,16
1784687433.594,real_q8_tensor_220w_mtp,2,100,12349,208.15,73,1815,9251,3,16
1784687433.594,real_q8_tensor_220w_mtp,3,100,12349,212.26,69,1800,9251,3,16
1784687434.162,real_q8_tensor_220w_mtp,0,100,12349,206.58,64,1905,9251,3,16
1784687434.162,real_q8_tensor_220w_mtp,1,76,12349,210.78,69,1770,9251,3,16
1784687434.162,real_q8_tensor_220w_mtp,2,77,12349,206.32,73,1875,9251,3,16
1784687434.162,real_q8_tensor_220w_mtp,3,100,12349,212.55,70,1800,9251,3,16
1784687434.731,real_q8_tensor_220w_mtp,0,100,12349,214.07,64,1860,9251,3,16
1784687434.731,real_q8_tensor_220w_mtp,1,76,12349,218.10,69,1770,9251,3,16
1784687434.731,real_q8_tensor_220w_mtp,2,77,12349,215.93,73,1815,9251,3,16
1784687434.731,real_q8_tensor_220w_mtp,3,100,12349,217.50,70,1785,9251,3,16
1784687435.301,real_q8_tensor_220w_mtp,0,100,12349,205.90,64,1860,9251,3,16
1784687435.301,real_q8_tensor_220w_mtp,1,100,12349,211.37,68,1770,9251,3,16
1784687435.301,real_q8_tensor_220w_mtp,2,100,12349,208.41,73,1800,9251,3,16
1784687435.301,real_q8_tensor_220w_mtp,3,100,12349,212.10,69,1785,9251,3,16
1784687435.870,real_q8_tensor_220w_mtp,0,100,12349,206.57,64,1905,9251,3,16
1784687435.870,real_q8_tensor_220w_mtp,1,100,12349,209.43,69,1890,9251,3,16
1784687435.870,real_q8_tensor_220w_mtp,2,100,12349,204.66,72,1875,9251,3,16
1784687435.870,real_q8_tensor_220w_mtp,3,100,12349,212.96,70,1890,9251,3,16
1784687436.438,real_q8_tensor_220w_mtp,0,100,12349,214.54,64,1845,9251,3,16
1784687436.438,real_q8_tensor_220w_mtp,1,100,12349,217.46,69,1770,9251,3,16
1784687436.438,real_q8_tensor_220w_mtp,2,100,12349,214.02,73,1800,9251,3,16
1784687436.438,real_q8_tensor_220w_mtp,3,100,12349,217.88,70,1785,9251,3,16
1784687437.007,real_q8_tensor_220w_mtp,0,97,12349,205.58,64,1845,9251,3,16
1784687437.007,real_q8_tensor_220w_mtp,1,50,12349,212.07,68,1785,9251,3,16
1784687437.007,real_q8_tensor_220w_mtp,2,79,12349,207.08,73,1800,9251,3,16
1784687437.007,real_q8_tensor_220w_mtp,3,62,12349,212.23,69,1785,9251,3,16
1784687437.578,real_q8_tensor_220w_mtp,0,100,12349,204.84,64,1890,9251,3,16
1784687437.578,real_q8_tensor_220w_mtp,1,100,12349,211.39,69,1860,9251,3,16
1784687437.578,real_q8_tensor_220w_mtp,2,100,12349,206.51,73,1800,9251,3,16
1784687437.578,real_q8_tensor_220w_mtp,3,100,12349,212.31,70,1785,9251,3,16
1784687438.139,real_q8_tensor_220w_mtp,0,100,12349,212.72,64,1845,9251,3,16
1784687438.139,real_q8_tensor_220w_mtp,1,100,12349,217.27,69,1770,9251,3,16
1784687438.139,real_q8_tensor_220w_mtp,2,100,12349,213.59,73,1800,9251,3,16
1784687438.139,real_q8_tensor_220w_mtp,3,100,12349,217.10,70,1785,9251,3,16
1784687438.709,real_q8_tensor_220w_mtp,0,100,12349,204.79,63,1845,9251,3,16
1784687438.709,real_q8_tensor_220w_mtp,1,100,12349,209.39,68,1770,9251,3,16
1784687438.709,real_q8_tensor_220w_mtp,2,100,12349,204.43,73,1800,9251,3,16
1784687438.709,real_q8_tensor_220w_mtp,3,100,12349,212.49,69,1785,9251,3,16
1784687439.277,real_q8_tensor_220w_mtp,0,100,12349,204.16,64,1845,9251,3,16
1784687439.277,real_q8_tensor_220w_mtp,1,100,12349,211.49,69,1755,9251,3,16
1784687439.277,real_q8_tensor_220w_mtp,2,100,12349,206.45,73,1815,9251,3,16
1784687439.277,real_q8_tensor_220w_mtp,3,100,12349,211.90,70,1770,9251,3,16
1784687439.850,real_q8_tensor_220w_mtp,0,76,12349,212.43,64,1845,9251,3,16
1784687439.850,real_q8_tensor_220w_mtp,1,100,12349,216.51,69,1770,9251,3,16
1784687439.850,real_q8_tensor_220w_mtp,2,100,12349,213.66,73,1800,9251,3,16
1784687439.850,real_q8_tensor_220w_mtp,3,100,12349,217.44,70,1770,9251,3,16
1784687440.483,real_q8_tensor_220w_mtp,0,54,12349,203.92,64,1845,9251,3,16
1784687440.483,real_q8_tensor_220w_mtp,1,75,12349,210.51,68,1755,9251,3,16
1784687440.483,real_q8_tensor_220w_mtp,2,45,12349,206.41,73,1785,9251,3,16
1784687440.483,real_q8_tensor_220w_mtp,3,98,12349,210.87,70,1785,9251,3,16
1784687441.083,real_q8_tensor_220w_mtp,0,94,12349,203.75,64,1890,9251,3,16
1784687441.083,real_q8_tensor_220w_mtp,1,100,12349,210.21,69,1845,9251,3,16
1784687441.083,real_q8_tensor_220w_mtp,2,100,12349,205.15,73,1800,9251,3,16
1784687441.083,real_q8_tensor_220w_mtp,3,80,12349,209.99,70,1845,9251,3,16
1784687441.673,real_q8_tensor_220w_mtp,0,94,12349,213.54,64,1845,9251,3,16
1784687441.673,real_q8_tensor_220w_mtp,1,100,12349,217.07,68,1755,9251,3,16
1784687441.673,real_q8_tensor_220w_mtp,2,100,12349,213.71,73,1785,9251,3,16
1784687441.673,real_q8_tensor_220w_mtp,3,80,12349,218.10,70,1785,9251,3,16
1784687442.243,real_q8_tensor_220w_mtp,0,100,12349,203.02,64,1845,9251,3,16
1784687442.243,real_q8_tensor_220w_mtp,1,74,12349,208.15,68,1755,9251,3,16
1784687442.243,real_q8_tensor_220w_mtp,2,100,12349,205.94,73,1785,9251,3,16
1784687442.243,real_q8_tensor_220w_mtp,3,100,12349,210.96,70,1770,9251,3,16
1784687442.811,real_q8_tensor_220w_mtp,0,100,12349,204.26,64,1845,9251,3,16
1784687442.811,real_q8_tensor_220w_mtp,1,74,12349,209.82,69,1785,9251,3,16
1784687442.811,real_q8_tensor_220w_mtp,2,100,12349,205.48,73,1800,9251,3,16
1784687442.811,real_q8_tensor_220w_mtp,3,100,12349,211.65,70,1770,9251,3,16
1784687443.405,real_q8_tensor_220w_mtp,0,90,12349,212.85,63,1845,9251,3,16
1784687443.405,real_q8_tensor_220w_mtp,1,72,12349,217.27,69,1755,9251,3,16
1784687443.405,real_q8_tensor_220w_mtp,2,72,12349,213.26,73,1800,9251,3,16
1784687443.405,real_q8_tensor_220w_mtp,3,100,12349,217.43,70,1755,9251,3,16
1784687443.977,real_q8_tensor_220w_mtp,0,90,12349,200.82,63,1845,9251,3,16
1784687443.977,real_q8_tensor_220w_mtp,1,72,12349,209.11,68,1755,9251,3,16
1784687443.977,real_q8_tensor_220w_mtp,2,72,12349,204.03,73,1770,9251,3,16
1784687443.977,real_q8_tensor_220w_mtp,3,37,12349,208.51,69,1770,9251,3,16
1784687444.549,real_q8_tensor_220w_mtp,0,100,12349,203.63,64,1845,9251,3,16
1784687444.549,real_q8_tensor_220w_mtp,1,100,12349,209.99,69,1740,9251,3,16
1784687444.549,real_q8_tensor_220w_mtp,2,74,12349,205.79,74,1800,9251,3,16
1784687444.549,real_q8_tensor_220w_mtp,3,100,12349,211.38,70,1755,9251,3,16
1784687445.117,real_q8_tensor_220w_mtp,0,100,12349,213.45,64,1905,9251,3,16
1784687445.117,real_q8_tensor_220w_mtp,1,100,12349,218.12,69,1875,9251,3,16
1784687445.117,real_q8_tensor_220w_mtp,2,100,12349,215.17,74,1845,9251,3,16
1784687445.117,real_q8_tensor_220w_mtp,3,100,12349,215.44,70,1890,9251,3,16
1784687445.685,real_q8_tensor_220w_mtp,0,37,12349,208.13,63,1920,9251,3,16
1784687445.685,real_q8_tensor_220w_mtp,1,32,12349,209.85,67,1905,9251,3,16
1784687445.685,real_q8_tensor_220w_mtp,2,100,12349,206.26,72,1890,9251,3,16
1784687445.685,real_q8_tensor_220w_mtp,3,38,12349,211.67,69,1920,9251,3,16
1784687446.247,real_q8_tensor_220w_mtp,0,37,12349,201.94,64,1830,9251,3,16
1784687446.247,real_q8_tensor_220w_mtp,1,32,12349,209.96,69,1740,9251,3,16
1784687446.247,real_q8_tensor_220w_mtp,2,100,12349,206.35,73,1770,9251,3,16
1784687446.247,real_q8_tensor_220w_mtp,3,38,12349,210.67,70,1755,9251,3,16
1784687446.816,real_q8_tensor_220w_mtp,0,100,12349,214.73,65,1830,9251,3,16
1784687446.816,real_q8_tensor_220w_mtp,1,100,12349,216.27,69,1755,9251,3,16
1784687446.816,real_q8_tensor_220w_mtp,2,100,12349,214.23,74,1800,9251,3,16
1784687446.816,real_q8_tensor_220w_mtp,3,100,12349,219.84,70,1755,9251,3,16
1784687447.385,real_q8_tensor_220w_mtp,0,100,12349,208.51,63,1920,9251,3,16
1784687447.385,real_q8_tensor_220w_mtp,1,100,12349,213.74,68,1905,9251,3,16
1784687447.385,real_q8_tensor_220w_mtp,2,59,12349,213.03,72,1890,9251,3,16
1784687447.385,real_q8_tensor_220w_mtp,3,100,12349,213.20,69,1920,9251,3,16
1784687447.999,real_q8_tensor_220w_mtp,0,73,12349,199.75,64,1830,9251,3,16
1784687447.999,real_q8_tensor_220w_mtp,1,70,12349,205.61,69,1725,9251,3,16
1784687447.999,real_q8_tensor_220w_mtp,2,85,12349,202.92,73,1770,9251,3,16
1784687447.999,real_q8_tensor_220w_mtp,3,71,12349,208.12,70,1755,9251,3,16
1784687448.573,real_q8_tensor_220w_mtp,0,73,12349,205.71,64,1845,9251,3,16
1784687448.573,real_q8_tensor_220w_mtp,1,70,12349,213.42,69,1740,9251,3,16
1784687448.573,real_q8_tensor_220w_mtp,2,100,12349,211.22,74,1770,9251,3,16
1784687448.573,real_q8_tensor_220w_mtp,3,71,12349,217.88,70,1755,9251,3,16
1784687449.165,real_q8_tensor_220w_mtp,0,100,12349,211.27,64,1845,9251,3,16
1784687449.165,real_q8_tensor_220w_mtp,1,100,12349,217.87,69,1740,9251,3,16
1784687449.165,real_q8_tensor_220w_mtp,2,100,12349,215.66,73,1785,9251,3,16
1784687449.165,real_q8_tensor_220w_mtp,3,100,12349,216.16,70,1770,9251,3,16
1784687449.763,real_q8_tensor_220w_mtp,0,99,12349,201.27,64,1830,9251,3,16
1784687449.763,real_q8_tensor_220w_mtp,1,100,12349,207.63,69,1740,9251,3,16
1784687449.763,real_q8_tensor_220w_mtp,2,100,12349,204.80,74,1770,9251,3,16
1784687449.763,real_q8_tensor_220w_mtp,3,100,12349,208.93,70,1755,9251,3,16
1784687450.332,real_q8_tensor_220w_mtp,0,70,12349,200.78,64,1830,9251,3,16
1784687450.332,real_q8_tensor_220w_mtp,1,70,12349,205.48,69,1755,9251,3,16
1784687450.332,real_q8_tensor_220w_mtp,2,100,12349,207.33,73,1800,9251,3,16
1784687450.332,real_q8_tensor_220w_mtp,3,78,12349,210.24,70,1755,9251,3,16
1784687450.903,real_q8_tensor_220w_mtp,0,70,12349,212.17,64,1830,9251,3,16
1784687450.903,real_q8_tensor_220w_mtp,1,70,12349,214.85,69,1740,9251,3,16
1784687450.903,real_q8_tensor_220w_mtp,2,100,12349,212.54,74,1755,9251,3,16
1784687450.903,real_q8_tensor_220w_mtp,3,78,12349,217.70,70,1755,9251,3,16
1784687451.472,real_q8_tensor_220w_mtp,0,100,12349,199.38,64,1860,9251,3,16
1784687451.472,real_q8_tensor_220w_mtp,1,100,12349,205.75,69,1740,9251,3,16
1784687451.472,real_q8_tensor_220w_mtp,2,100,12349,202.32,73,1770,9251,3,16
1784687451.472,real_q8_tensor_220w_mtp,3,100,12349,207.01,70,1770,9251,3,16
1784687452.042,real_q8_tensor_220w_mtp,0,100,12349,199.04,65,1845,9251,3,16
1784687452.042,real_q8_tensor_220w_mtp,1,85,12349,205.91,69,1770,9251,3,16
1784687452.042,real_q8_tensor_220w_mtp,2,100,12349,202.92,74,1800,9251,3,16
1784687452.042,real_q8_tensor_220w_mtp,3,100,12349,206.95,70,1740,9251,3,16
1784687452.615,real_q8_tensor_220w_mtp,0,71,12349,210.65,64,1845,9251,3,16
1784687452.615,real_q8_tensor_220w_mtp,1,69,12349,214.35,69,1740,9251,3,16
1784687452.615,real_q8_tensor_220w_mtp,2,100,12349,212.45,73,1770,9251,3,16
1784687452.615,real_q8_tensor_220w_mtp,3,70,12349,215.56,70,1770,9251,3,16
1784687453.186,real_q8_tensor_220w_mtp,0,71,12349,195.94,63,1920,9251,3,16
1784687453.186,real_q8_tensor_220w_mtp,1,69,12349,206.04,67,1905,9251,3,16
1784687453.186,real_q8_tensor_220w_mtp,2,22,12349,202.22,71,1890,9251,3,16
1784687453.186,real_q8_tensor_220w_mtp,3,70,12349,206.82,69,1920,9251,3,16
1784687453.756,real_q8_tensor_220w_mtp,0,91,12349,199.67,64,1830,9251,3,16
1784687453.756,real_q8_tensor_220w_mtp,1,100,12349,206.69,69,1710,9251,3,16
1784687453.756,real_q8_tensor_220w_mtp,2,22,12349,204.37,74,1770,9251,3,16
1784687453.756,real_q8_tensor_220w_mtp,3,100,12349,208.54,70,1740,9251,3,16
1784687454.326,real_q8_tensor_220w_mtp,0,91,12349,214.34,64,1845,9251,3,16
1784687454.326,real_q8_tensor_220w_mtp,1,100,12349,216.11,69,1725,9251,3,16
1784687454.326,real_q8_tensor_220w_mtp,2,100,12349,215.22,74,1755,9251,3,16
1784687454.326,real_q8_tensor_220w_mtp,3,100,12349,217.81,70,1770,9251,3,16
1784687454.895,real_q8_tensor_220w_mtp,0,52,12349,209.06,65,1920,9251,3,16
1784687454.895,real_q8_tensor_220w_mtp,1,81,12349,214.99,68,1890,9251,3,16
1784687454.895,real_q8_tensor_220w_mtp,2,100,12349,214.76,73,1860,9251,3,16
1784687454.895,real_q8_tensor_220w_mtp,3,47,12349,212.95,70,1905,9251,3,16
1784687455.454,real_q8_tensor_220w_mtp,0,52,12349,200.59,64,1800,9251,3,16
1784687455.454,real_q8_tensor_220w_mtp,1,81,12349,206.74,69,1740,9251,3,16
1784687455.454,real_q8_tensor_220w_mtp,2,100,12349,204.43,74,1755,9251,3,16
1784687455.454,real_q8_tensor_220w_mtp,3,47,12349,208.29,70,1755,9251,3,16
1784687456.019,real_q8_tensor_220w_mtp,0,70,12349,203.15,64,1815,9251,3,16
1784687456.019,real_q8_tensor_220w_mtp,1,68,12349,206.04,69,1725,9251,3,16
1784687456.019,real_q8_tensor_220w_mtp,2,84,12349,202.19,73,1755,9251,3,16
1784687456.019,real_q8_tensor_220w_mtp,3,76,12349,210.48,70,1740,9251,3,16
1784687456.591,real_q8_tensor_220w_mtp,0,70,12349,212.54,64,1830,9251,3,16
1784687456.591,real_q8_tensor_220w_mtp,1,68,12349,214.56,69,1755,9251,3,16
1784687456.591,real_q8_tensor_220w_mtp,2,100,12349,213.66,74,1800,9251,3,16
1784687456.591,real_q8_tensor_220w_mtp,3,76,12349,218.61,70,1755,9251,3,16
1784687457.159,real_q8_tensor_220w_mtp,0,95,12349,199.65,64,1815,9251,3,16
1784687457.159,real_q8_tensor_220w_mtp,1,100,12349,206.12,68,1725,9251,3,16
1784687457.159,real_q8_tensor_220w_mtp,2,100,12349,205.31,74,1770,9251,3,16
1784687457.159,real_q8_tensor_220w_mtp,3,100,12349,208.70,70,1740,9251,3,16
1784687457.730,real_q8_tensor_220w_mtp,0,95,12349,199.71,65,1800,9251,3,16
1784687457.730,real_q8_tensor_220w_mtp,1,100,12349,205.99,69,1710,9251,3,16
1784687457.730,real_q8_tensor_220w_mtp,2,100,12349,203.96,74,1770,9251,3,16
1784687457.730,real_q8_tensor_220w_mtp,3,100,12349,207.87,70,1740,9251,3,16
1784687458.323,real_q8_tensor_220w_mtp,0,68,12349,209.58,63,1815,9251,3,16
1784687458.323,real_q8_tensor_220w_mtp,1,94,12349,217.26,68,1695,9251,3,16
1784687458.323,real_q8_tensor_220w_mtp,2,100,12349,216.75,73,1770,9251,3,16
1784687458.323,real_q8_tensor_220w_mtp,3,68,12349,213.78,70,1740,9251,3,16
1784687458.895,real_q8_tensor_220w_mtp,0,68,12349,200.43,63,1920,9251,3,16
1784687458.895,real_q8_tensor_220w_mtp,1,94,12349,210.13,68,1905,9251,3,16
1784687458.895,real_q8_tensor_220w_mtp,2,41,12349,208.05,72,1890,9251,3,16
1784687458.895,real_q8_tensor_220w_mtp,3,68,12349,206.21,69,1920,9251,3,16
1784687459.456,real_q8_tensor_220w_mtp,0,69,12349,200.77,64,1830,9251,3,16
1784687459.456,real_q8_tensor_220w_mtp,1,91,12349,206.58,68,1740,9251,3,16
1784687459.456,real_q8_tensor_220w_mtp,2,41,12349,203.99,74,1800,9251,3,16
1784687459.456,real_q8_tensor_220w_mtp,3,68,12349,208.46,70,1740,9251,3,16
1784687460.031,real_q8_tensor_220w_mtp,0,96,12349,211.11,65,1830,9251,3,16
1784687460.031,real_q8_tensor_220w_mtp,1,84,12349,211.53,69,1740,9251,3,16
1784687460.031,real_q8_tensor_220w_mtp,2,100,12349,216.18,74,1785,9251,3,16
1784687460.031,real_q8_tensor_220w_mtp,3,84,12349,216.64,70,1755,9251,3,16
1784687460.605,real_q8_tensor_220w_mtp,0,100,12349,213.24,65,1800,9251,3,16
1784687460.605,real_q8_tensor_220w_mtp,1,100,12349,216.46,69,1725,9251,3,16
1784687460.605,real_q8_tensor_220w_mtp,2,100,12349,214.73,74,1755,9251,3,16
1784687460.605,real_q8_tensor_220w_mtp,3,100,12349,217.69,70,1740,9251,3,16
1784687461.188,real_q8_tensor_220w_mtp,0,100,12349,199.22,65,1800,9251,3,16
1784687461.188,real_q8_tensor_220w_mtp,1,100,12349,205.19,69,1725,9251,3,16
1784687461.188,real_q8_tensor_220w_mtp,2,100,12349,202.06,74,1755,9251,3,16
1784687461.188,real_q8_tensor_220w_mtp,3,100,12349,206.56,70,1740,9251,3,16
1784687461.761,real_q8_tensor_220w_mtp,0,100,12349,199.76,65,1890,9251,3,16
1784687461.761,real_q8_tensor_220w_mtp,1,72,12349,204.88,69,1875,9251,3,16
1784687461.761,real_q8_tensor_220w_mtp,2,100,12349,201.73,73,1875,9251,3,16
1784687461.761,real_q8_tensor_220w_mtp,3,100,12349,207.32,70,1860,9251,3,16
1784687462.327,real_q8_tensor_220w_mtp,0,100,12349,211.04,64,1815,9251,3,16
1784687462.327,real_q8_tensor_220w_mtp,1,72,12349,215.86,69,1725,9251,3,16
1784687462.327,real_q8_tensor_220w_mtp,2,66,12349,214.07,74,1785,9251,3,16
1784687462.327,real_q8_tensor_220w_mtp,3,100,12349,215.80,70,1725,9251,3,16
1784687462.898,real_q8_tensor_220w_mtp,0,36,12349,199.74,63,1815,9251,3,16
1784687462.898,real_q8_tensor_220w_mtp,1,18,12349,206.94,67,1710,9251,3,16
1784687462.898,real_q8_tensor_220w_mtp,2,66,12349,202.96,72,1740,9251,3,16
1784687462.898,real_q8_tensor_220w_mtp,3,49,12349,207.49,69,1710,9251,3,16
1784687463.467,real_q8_tensor_220w_mtp,0,36,12349,199.48,64,1815,9251,3,16
1784687463.467,real_q8_tensor_220w_mtp,1,18,12349,206.98,69,1695,9251,3,16
1784687463.467,real_q8_tensor_220w_mtp,2,100,12349,202.27,74,1755,9251,3,16
1784687463.467,real_q8_tensor_220w_mtp,3,49,12349,207.45,70,1710,9251,3,16
1784687464.038,real_q8_tensor_220w_mtp,0,100,12349,212.95,65,1830,9251,3,16
1784687464.038,real_q8_tensor_220w_mtp,1,100,12349,218.59,69,1740,9251,3,16
1784687464.038,real_q8_tensor_220w_mtp,2,100,12349,215.45,74,1785,9251,3,16
1784687464.038,real_q8_tensor_220w_mtp,3,100,12349,217.74,70,1770,9251,3,16
1784687464.607,real_q8_tensor_220w_mtp,0,100,12349,212.80,65,1845,9251,3,16
1784687464.607,real_q8_tensor_220w_mtp,1,100,12349,217.77,69,1830,9251,3,16
1784687464.607,real_q8_tensor_220w_mtp,2,100,12349,215.09,74,1845,9251,3,16
1784687464.607,real_q8_tensor_220w_mtp,3,100,12349,216.14,71,1815,9251,3,16
1784687465.167,real_q8_tensor_220w_mtp,0,100,12349,198.03,64,1785,9251,3,16
1784687465.167,real_q8_tensor_220w_mtp,1,100,12349,205.46,69,1725,9251,3,16
1784687465.167,real_q8_tensor_220w_mtp,2,100,12349,201.44,74,1755,9251,3,16
1784687465.167,real_q8_tensor_220w_mtp,3,100,12349,206.83,70,1740,9251,3,16
1784687465.736,real_q8_tensor_220w_mtp,0,100,12349,198.09,65,1875,9251,3,16
1784687465.736,real_q8_tensor_220w_mtp,1,100,12349,205.38,69,1845,9251,3,16
1784687465.736,real_q8_tensor_220w_mtp,2,100,12349,204.26,74,1770,9251,3,16
1784687465.736,real_q8_tensor_220w_mtp,3,100,12349,207.70,70,1830,9251,3,16
1784687466.299,real_q8_tensor_220w_mtp,0,100,12349,209.66,64,1785,9251,3,16
1784687466.299,real_q8_tensor_220w_mtp,1,70,12349,214.46,69,1695,9251,3,16
1784687466.299,real_q8_tensor_220w_mtp,2,100,12349,213.48,74,1740,9251,3,16
1784687466.299,real_q8_tensor_220w_mtp,3,100,12349,213.60,70,1710,9251,3,16
1784687466.869,real_q8_tensor_220w_mtp,0,100,12349,201.11,63,1920,9251,3,16
1784687466.869,real_q8_tensor_220w_mtp,1,70,12349,205.12,67,1905,9251,3,16
1784687466.869,real_q8_tensor_220w_mtp,2,20,12349,204.08,72,1890,9251,3,16
1784687466.869,real_q8_tensor_220w_mtp,3,100,12349,206.11,69,1920,9251,3,16
1784687467.436,real_q8_tensor_220w_mtp,0,77,12349,197.86,64,1830,9251,3,16
1784687467.436,real_q8_tensor_220w_mtp,1,65,12349,203.64,69,1725,9251,3,16
1784687467.436,real_q8_tensor_220w_mtp,2,20,12349,202.34,74,1770,9251,3,16
1784687467.436,real_q8_tensor_220w_mtp,3,90,12349,205.55,70,1755,9251,3,16
1784687468.008,real_q8_tensor_220w_mtp,0,100,12349,213.51,65,1785,9251,3,16
1784687468.008,real_q8_tensor_220w_mtp,1,83,12349,216.21,69,1710,9251,3,16
1784687468.008,real_q8_tensor_220w_mtp,2,100,12349,214.95,74,1755,9251,3,16
1784687468.008,real_q8_tensor_220w_mtp,3,83,12349,216.93,70,1725,9251,3,16
1784687468.582,real_q8_tensor_220w_mtp,0,100,12349,212.77,65,1785,9251,3,16
1784687468.582,real_q8_tensor_220w_mtp,1,100,12349,217.29,69,1695,9251,3,16
1784687468.582,real_q8_tensor_220w_mtp,2,100,12349,215.02,74,1740,9251,3,16
1784687468.582,real_q8_tensor_220w_mtp,3,100,12349,216.54,70,1710,9251,3,16
1784687469.188,real_q8_tensor_220w_mtp,0,100,12349,197.17,65,1785,9251,3,16
1784687469.188,real_q8_tensor_220w_mtp,1,83,12349,204.99,69,1740,9251,3,16
1784687469.188,real_q8_tensor_220w_mtp,2,100,12349,201.71,74,1770,9251,3,16
1784687469.188,real_q8_tensor_220w_mtp,3,100,12349,204.35,70,1725,9251,3,16
1784687469.785,real_q8_tensor_220w_mtp,0,66,12349,200.89,65,1890,9251,3,16
1784687469.785,real_q8_tensor_220w_mtp,1,95,12349,208.16,68,1860,9251,3,16
1784687469.785,real_q8_tensor_220w_mtp,2,100,12349,205.30,73,1830,9251,3,16
1784687469.785,real_q8_tensor_220w_mtp,3,64,12349,207.33,70,1875,9251,3,16
1784687470.354,real_q8_tensor_220w_mtp,0,66,12349,212.60,65,1785,9251,3,16
1784687470.354,real_q8_tensor_220w_mtp,1,95,12349,214.56,69,1710,9251,3,16
1784687470.354,real_q8_tensor_220w_mtp,2,100,12349,211.62,74,1740,9251,3,16
1784687470.354,real_q8_tensor_220w_mtp,3,64,12349,214.60,70,1725,9251,3,16
1784687470.928,real_q8_tensor_220w_mtp,0,27,12349,202.07,63,1920,9251,3,16
1784687470.928,real_q8_tensor_220w_mtp,1,40,12349,207.40,67,1905,9251,3,16
1784687470.928,real_q8_tensor_220w_mtp,2,100,12349,203.30,73,1890,9251,3,16
1784687470.928,real_q8_tensor_220w_mtp,3,19,12349,206.40,68,1920,9251,3,16
1784687471.493,real_q8_tensor_220w_mtp,0,83,12349,196.28,64,1785,9251,3,16
1784687471.493,real_q8_tensor_220w_mtp,1,82,12349,203.78,69,1695,9251,3,16
1784687471.493,real_q8_tensor_220w_mtp,2,70,12349,201.01,74,1740,9251,3,16
1784687471.493,real_q8_tensor_220w_mtp,3,82,12349,204.03,70,1710,9251,3,16
1784687472.066,real_q8_tensor_220w_mtp,0,100,12349,211.07,65,1785,9251,3,16
1784687472.066,real_q8_tensor_220w_mtp,1,100,12349,217.17,69,1695,9251,3,16
1784687472.066,real_q8_tensor_220w_mtp,2,70,12349,216.71,74,1725,9251,3,16
1784687472.066,real_q8_tensor_220w_mtp,3,100,12349,216.12,70,1725,9251,3,16
1784687472.653,real_q8_tensor_220w_mtp,0,100,12349,212.82,65,1830,9251,3,16
1784687472.653,real_q8_tensor_220w_mtp,1,100,12349,216.46,69,1695,9251,3,16
1784687472.653,real_q8_tensor_220w_mtp,2,100,12349,215.21,74,1740,9251,3,16
1784687472.653,real_q8_tensor_220w_mtp,3,100,12349,216.49,70,1755,9251,3,16
1784687473.243,real_q8_tensor_220w_mtp,0,100,12349,198.54,64,1785,9251,3,16
1784687473.243,real_q8_tensor_220w_mtp,1,100,12349,203.02,68,1695,9251,3,16
1784687473.243,real_q8_tensor_220w_mtp,2,100,12349,201.19,74,1740,9251,3,16
1784687473.243,real_q8_tensor_220w_mtp,3,100,12349,203.84,70,1710,9251,3,16
1784687473.814,real_q8_tensor_220w_mtp,0,100,12349,197.90,65,1830,9251,3,16
1784687473.814,real_q8_tensor_220w_mtp,1,100,12349,207.84,69,1815,9251,3,16
1784687473.814,real_q8_tensor_220w_mtp,2,100,12349,205.23,74,1785,9251,3,16
1784687473.814,real_q8_tensor_220w_mtp,3,100,12349,203.27,70,1785,9251,3,16
1784687474.434,real_q8_tensor_220w_mtp,0,65,12349,209.81,64,1770,9251,3,16
1784687474.434,real_q8_tensor_220w_mtp,1,86,12349,213.15,68,1695,9251,3,16
1784687474.434,real_q8_tensor_220w_mtp,2,100,12349,211.40,74,1725,9251,3,16
1784687474.434,real_q8_tensor_220w_mtp,3,63,12349,211.83,70,1710,9251,3,16
1784687475.026,real_q8_tensor_220w_mtp,0,33,12349,203.15,63,1920,9251,3,16
1784687475.026,real_q8_tensor_220w_mtp,1,30,12349,203.97,68,1905,9251,3,16
1784687475.026,real_q8_tensor_220w_mtp,2,18,12349,201.24,73,1890,9251,3,16
1784687475.026,real_q8_tensor_220w_mtp,3,56,12349,208.32,69,1920,9251,3,16
1784687475.610,real_q8_tensor_220w_mtp,0,64,12349,196.73,64,1815,9251,3,16
1784687475.610,real_q8_tensor_220w_mtp,1,62,12349,201.98,69,1665,9251,3,16
1784687475.610,real_q8_tensor_220w_mtp,2,18,12349,199.12,73,1725,9251,3,16
1784687475.610,real_q8_tensor_220w_mtp,3,71,12349,204.62,70,1695,9251,3,16
1784687476.180,real_q8_tensor_220w_mtp,0,64,12349,213.46,65,1770,9251,3,16
1784687476.180,real_q8_tensor_220w_mtp,1,62,12349,215.43,69,1710,9251,3,16
1784687476.180,real_q8_tensor_220w_mtp,2,100,12349,214.04,74,1770,9251,3,16
1784687476.180,real_q8_tensor_220w_mtp,3,71,12349,217.06,70,1710,9251,3,16
1784687476.775,real_q8_tensor_220w_mtp,0,100,12349,214.09,65,1770,9251,3,16
1784687476.775,real_q8_tensor_220w_mtp,1,100,12349,215.51,69,1680,9251,3,16
1784687476.775,real_q8_tensor_220w_mtp,2,100,12349,214.56,74,1725,9251,3,16
1784687476.775,real_q8_tensor_220w_mtp,3,100,12349,216.11,70,1755,9251,3,16
1784687477.374,real_q8_tensor_220w_mtp,0,100,12349,197.50,64,1785,9251,3,16
1784687477.374,real_q8_tensor_220w_mtp,1,100,12349,201.88,68,1740,9251,3,16
1784687477.374,real_q8_tensor_220w_mtp,2,100,12349,199.47,74,1770,9251,3,16
1784687477.374,real_q8_tensor_220w_mtp,3,100,12349,203.12,70,1740,9251,3,16
1784687477.943,real_q8_tensor_220w_mtp,0,100,12349,196.66,65,1800,9251,3,16
1784687477.943,real_q8_tensor_220w_mtp,1,100,12349,202.07,69,1680,9251,3,16
1784687477.943,real_q8_tensor_220w_mtp,2,100,12349,200.02,74,1725,9251,3,16
1784687477.943,real_q8_tensor_220w_mtp,3,100,12349,203.62,70,1695,9251,3,16
1784687478.539,real_q8_tensor_220w_mtp,0,100,12349,215.12,65,1860,9251,3,16
1784687478.539,real_q8_tensor_220w_mtp,1,100,12349,212.74,69,1785,9251,3,16
1784687478.539,real_q8_tensor_220w_mtp,2,71,12349,211.55,74,1800,9251,3,16
1784687478.539,real_q8_tensor_220w_mtp,3,100,12349,216.13,70,1815,9251,3,16
1784687479.106,real_q8_tensor_220w_mtp,0,26,12349,206.82,63,1920,9251,3,16
1784687479.106,real_q8_tensor_220w_mtp,1,36,12349,206.57,67,1845,9251,3,16
1784687479.106,real_q8_tensor_220w_mtp,2,39,12349,204.28,73,1890,9251,3,16
1784687479.106,real_q8_tensor_220w_mtp,3,34,12349,209.88,69,1845,9251,3,16
1784687479.708,real_q8_tensor_220w_mtp,0,26,12349,200.22,65,1860,9251,3,16
1784687479.708,real_q8_tensor_220w_mtp,1,36,12349,204.85,68,1830,9251,3,16
1784687479.708,real_q8_tensor_220w_mtp,2,100,12349,197.76,74,1755,9251,3,16
1784687479.708,real_q8_tensor_220w_mtp,3,34,12349,206.17,70,1830,9251,3,16
1784687480.296,real_q8_tensor_220w_mtp,0,74,12349,206.11,65,1800,9251,3,16
1784687480.296,real_q8_tensor_220w_mtp,1,62,12349,207.03,69,1740,9251,3,16
1784687480.296,real_q8_tensor_220w_mtp,2,100,12349,204.57,74,1770,9251,3,16
1784687480.296,real_q8_tensor_220w_mtp,3,86,12349,211.04,70,1740,9251,3,16
1784687480.884,real_q8_tensor_220w_mtp,0,74,12349,213.71,65,1770,9251,3,16
1784687480.884,real_q8_tensor_220w_mtp,1,62,12349,216.33,69,1665,9251,3,16
1784687480.884,real_q8_tensor_220w_mtp,2,100,12349,214.35,74,1710,9251,3,16
1784687480.884,real_q8_tensor_220w_mtp,3,86,12349,215.24,70,1680,9251,3,16
1784687481.454,real_q8_tensor_220w_mtp,0,24,12349,197.68,62,1755,9251,3,16
1784687481.454,real_q8_tensor_220w_mtp,1,43,12349,202.22,67,1665,9251,3,16
1784687481.454,real_q8_tensor_220w_mtp,2,100,12349,198.12,73,1710,9251,3,16
1784687481.454,real_q8_tensor_220w_mtp,3,22,12349,201.69,68,1680,9251,3,16
1784687482.025,real_q8_tensor_220w_mtp,0,80,12349,195.66,65,1755,9251,3,16
1784687482.025,real_q8_tensor_220w_mtp,1,95,12349,201.86,69,1710,9251,3,16
1784687482.025,real_q8_tensor_220w_mtp,2,68,12349,198.37,74,1770,9251,3,16
1784687482.025,real_q8_tensor_220w_mtp,3,80,12349,201.79,70,1725,9251,3,16
1784687482.596,real_q8_tensor_220w_mtp,0,100,12349,214.50,65,1785,9251,3,16
1784687482.596,real_q8_tensor_220w_mtp,1,100,12349,214.38,69,1680,9251,3,16
1784687482.596,real_q8_tensor_220w_mtp,2,68,12349,213.98,74,1725,9251,3,16
1784687482.596,real_q8_tensor_220w_mtp,3,100,12349,215.57,70,1695,9251,3,16
1784687483.166,real_q8_tensor_220w_mtp,0,100,12349,214.74,65,1770,9251,3,16
1784687483.166,real_q8_tensor_220w_mtp,1,100,12349,214.72,69,1665,9251,3,16
1784687483.166,real_q8_tensor_220w_mtp,2,100,12349,213.80,74,1710,9251,3,16
1784687483.166,real_q8_tensor_220w_mtp,3,100,12349,215.76,70,1680,9251,3,16
1784687483.735,real_q8_tensor_220w_mtp,0,100,12349,195.65,64,1755,9251,3,16
1784687483.735,real_q8_tensor_220w_mtp,1,79,12349,200.34,68,1665,9251,3,16
1784687483.735,real_q8_tensor_220w_mtp,2,100,12349,196.66,73,1710,9251,3,16
1784687483.735,real_q8_tensor_220w_mtp,3,100,12349,202.15,70,1680,9251,3,16
1784687484.306,real_q8_tensor_220w_mtp,0,100,12349,194.87,65,1800,9251,3,16
1784687484.306,real_q8_tensor_220w_mtp,1,79,12349,199.59,69,1680,9251,3,16
1784687484.306,real_q8_tensor_220w_mtp,2,100,12349,196.43,74,1725,9251,3,16
1784687484.306,real_q8_tensor_220w_mtp,3,100,12349,201.45,70,1695,9251,3,16
1784687484.875,real_q8_tensor_220w_mtp,0,100,12349,212.99,65,1770,9251,3,16
1784687484.875,real_q8_tensor_220w_mtp,1,100,12349,214.49,69,1725,9251,3,16
1784687484.875,real_q8_tensor_220w_mtp,2,100,12349,212.77,74,1710,9251,3,16
1784687484.875,real_q8_tensor_220w_mtp,3,100,12349,214.98,70,1740,9251,3,16
1784687485.471,real_q8_tensor_220w_mtp,0,100,12349,213.80,65,1905,9251,3,16
1784687485.471,real_q8_tensor_220w_mtp,1,100,12349,212.22,68,1890,9251,3,16
1784687485.471,real_q8_tensor_220w_mtp,2,71,12349,210.05,73,1860,9251,3,16
1784687485.471,real_q8_tensor_220w_mtp,3,100,12349,215.21,70,1890,9251,3,16
1784687486.034,real_q8_tensor_220w_mtp,0,100,12349,193.84,64,1770,9251,3,16
1784687486.034,real_q8_tensor_220w_mtp,1,100,12349,200.56,69,1680,9251,3,16
1784687486.034,real_q8_tensor_220w_mtp,2,95,12349,196.48,74,1695,9251,3,16
1784687486.034,real_q8_tensor_220w_mtp,3,100,12349,200.48,70,1710,9251,3,16
1784687486.603,real_q8_tensor_220w_mtp,0,100,12349,198.98,65,1770,9251,3,16
1784687486.603,real_q8_tensor_220w_mtp,1,100,12349,203.29,69,1665,9251,3,16
1784687486.603,real_q8_tensor_220w_mtp,2,100,12349,199.41,74,1710,9251,3,16
1784687486.603,real_q8_tensor_220w_mtp,3,100,12349,205.54,70,1665,9251,3,16
1784687487.172,real_q8_tensor_220w_mtp,0,60,12349,208.01,63,1740,9251,3,16
1784687487.172,real_q8_tensor_220w_mtp,1,89,12349,213.74,68,1650,9251,3,16
1784687487.172,real_q8_tensor_220w_mtp,2,100,12349,211.85,73,1710,9251,3,16
1784687487.172,real_q8_tensor_220w_mtp,3,58,12349,210.78,70,1695,9251,3,16
1784687487.784,real_q8_tensor_220w_mtp,0,60,12349,202.96,64,1905,9251,3,16
1784687487.784,real_q8_tensor_220w_mtp,1,89,12349,206.01,67,1905,9251,3,16
1784687487.784,real_q8_tensor_220w_mtp,2,29,12349,202.70,73,1890,9251,3,16
1784687487.784,real_q8_tensor_220w_mtp,3,58,12349,206.63,69,1905,9251,3,16
1784687488.345,real_q8_tensor_220w_mtp,0,100,12349,196.50,65,1755,9251,3,16
1784687488.345,real_q8_tensor_220w_mtp,1,100,12349,200.31,68,1680,9251,3,16
1784687488.345,real_q8_tensor_220w_mtp,2,29,12349,197.42,74,1755,9251,3,16
1784687488.345,real_q8_tensor_220w_mtp,3,100,12349,202.09,70,1680,9251,3,16
1784687488.914,real_q8_tensor_220w_mtp,0,100,12349,202.66,64,1890,9251,3,16
1784687488.914,real_q8_tensor_220w_mtp,1,100,12349,206.28,69,1845,9251,3,16
1784687488.914,real_q8_tensor_220w_mtp,2,100,12349,204.08,74,1845,9251,3,16
1784687488.914,real_q8_tensor_220w_mtp,3,100,12349,208.06,69,1875,9251,3,16
1784687489.479,real_q8_tensor_220w_mtp,0,88,12349,208.34,64,1755,9251,3,16
1784687489.479,real_q8_tensor_220w_mtp,1,60,12349,211.39,69,1650,9251,3,16
1784687489.479,real_q8_tensor_220w_mtp,2,100,12349,208.64,74,1695,9251,3,16
1784687489.479,real_q8_tensor_220w_mtp,3,99,12349,211.81,70,1665,9251,3,16
1784687490.071,real_q8_tensor_220w_mtp,0,88,12349,199.65,63,1890,9251,3,16
1784687490.071,real_q8_tensor_220w_mtp,1,60,12349,204.84,67,1875,9251,3,16
1784687490.071,real_q8_tensor_220w_mtp,2,38,12349,203.20,72,1860,9251,3,16
1784687490.071,real_q8_tensor_220w_mtp,3,99,12349,202.97,69,1830,9251,3,16
1784687490.655,real_q8_tensor_220w_mtp,0,59,12349,191.93,65,1755,9251,3,16
1784687490.655,real_q8_tensor_220w_mtp,1,61,12349,197.79,67,1635,9251,3,16
1784687490.655,real_q8_tensor_220w_mtp,2,38,12349,195.16,72,1875,9251,3,16
1784687490.655,real_q8_tensor_220w_mtp,3,59,12349,199.98,70,1665,9251,3,16
1784687491.251,real_q8_tensor_220w_mtp,0,59,12349,205.39,65,1740,9251,3,16
1784687491.251,real_q8_tensor_220w_mtp,1,61,12349,213.67,69,1665,9251,3,16
1784687491.251,real_q8_tensor_220w_mtp,2,100,12349,211.94,74,1710,9251,3,16
1784687491.251,real_q8_tensor_220w_mtp,3,59,12349,210.79,70,1680,9251,3,16
1784687491.821,real_q8_tensor_220w_mtp,0,100,12349,212.39,65,1800,9251,3,16
1784687491.821,real_q8_tensor_220w_mtp,1,100,12349,215.84,69,1635,9251,3,16
1784687491.821,real_q8_tensor_220w_mtp,2,100,12349,212.62,74,1710,9251,3,16
1784687491.821,real_q8_tensor_220w_mtp,3,100,12349,215.14,70,1695,9251,3,16
1784687492.390,real_q8_tensor_220w_mtp,0,100,12349,192.23,63,1920,9251,3,16
1784687492.390,real_q8_tensor_220w_mtp,1,100,12349,200.82,67,1860,9251,3,16
1784687492.390,real_q8_tensor_220w_mtp,2,20,12349,197.88,72,1890,9251,3,16
1784687492.390,real_q8_tensor_220w_mtp,3,100,12349,198.98,69,1920,9251,3,16
1784687492.982,real_q8_tensor_220w_mtp,0,100,12349,192.95,65,1770,9251,3,16
1784687492.982,real_q8_tensor_220w_mtp,1,76,12349,198.70,69,1665,9251,3,16
1784687492.982,real_q8_tensor_220w_mtp,2,79,12349,195.43,74,1695,9251,3,16
1784687492.982,real_q8_tensor_220w_mtp,3,100,12349,200.27,70,1680,9251,3,16
1784687493.576,real_q8_tensor_220w_mtp,0,100,12349,213.49,65,1815,9251,3,16
1784687493.576,real_q8_tensor_220w_mtp,1,76,12349,213.69,69,1695,9251,3,16
1784687493.576,real_q8_tensor_220w_mtp,2,100,12349,212.01,74,1755,9251,3,16
1784687493.576,real_q8_tensor_220w_mtp,3,100,12349,214.16,70,1695,9251,3,16
1784687494.145,real_q8_tensor_220w_mtp,0,100,12349,212.96,65,1755,9251,3,16
1784687494.145,real_q8_tensor_220w_mtp,1,100,12349,214.05,69,1665,9251,3,16
1784687494.145,real_q8_tensor_220w_mtp,2,100,12349,212.67,74,1665,9251,3,16
1784687494.145,real_q8_tensor_220w_mtp,3,100,12349,214.68,70,1680,9251,3,16
1784687494.720,real_q8_tensor_220w_mtp,0,100,12349,191.81,64,1740,9251,3,16
1784687494.720,real_q8_tensor_220w_mtp,1,100,12349,197.26,68,1695,9251,3,16
1784687494.720,real_q8_tensor_220w_mtp,2,19,12349,194.49,72,1755,9251,3,16
1784687494.720,real_q8_tensor_220w_mtp,3,100,12349,198.48,69,1710,9251,3,16
1784687495.290,real_q8_tensor_220w_mtp,0,100,12349,192.24,65,1740,9251,3,16
1784687495.290,real_q8_tensor_220w_mtp,1,100,12349,198.29,69,1665,9251,3,16
1784687495.290,real_q8_tensor_220w_mtp,2,19,12349,193.73,74,1680,9251,3,16
1784687495.290,real_q8_tensor_220w_mtp,3,100,12349,197.20,70,1680,9251,3,16
1784687495.858,real_q8_tensor_220w_mtp,0,100,12349,212.33,65,1770,9251,3,16
1784687495.858,real_q8_tensor_220w_mtp,1,100,12349,213.29,69,1710,9251,3,16
1784687495.858,real_q8_tensor_220w_mtp,2,100,12349,211.72,74,1740,9251,3,16
1784687495.858,real_q8_tensor_220w_mtp,3,100,12349,214.23,70,1680,9251,3,16
1784687496.427,real_q8_tensor_220w_mtp,0,100,12349,212.00,65,1800,9251,3,16
1784687496.427,real_q8_tensor_220w_mtp,1,100,12349,214.66,69,1635,9251,3,16
1784687496.427,real_q8_tensor_220w_mtp,2,100,12349,212.40,74,1695,9251,3,16
1784687496.427,real_q8_tensor_220w_mtp,3,100,12349,214.90,70,1695,9251,3,16
1784687497.020,real_q8_tensor_220w_mtp,0,54,12349,192.16,64,1740,9251,3,16
1784687497.020,real_q8_tensor_220w_mtp,1,26,12349,199.12,68,1635,9251,3,16
1784687497.020,real_q8_tensor_220w_mtp,2,64,12349,194.23,73,1695,9251,3,16
1784687497.020,real_q8_tensor_220w_mtp,3,28,12349,199.30,70,1665,9251,3,16
1784687497.592,real_q8_tensor_220w_mtp,0,100,12349,191.02,65,1800,9251,3,16
1784687497.592,real_q8_tensor_220w_mtp,1,100,12349,197.61,69,1725,9251,3,16
1784687497.592,real_q8_tensor_220w_mtp,2,64,12349,194.91,74,1740,9251,3,16
1784687497.592,real_q8_tensor_220w_mtp,3,100,12349,199.11,70,1725,9251,3,16
1784687498.160,real_q8_tensor_220w_mtp,0,100,12349,211.21,65,1800,9251,3,16
1784687498.160,real_q8_tensor_220w_mtp,1,100,12349,213.56,69,1635,9251,3,16
1784687498.160,real_q8_tensor_220w_mtp,2,100,12349,213.86,74,1695,9251,3,16
1784687498.160,real_q8_tensor_220w_mtp,3,100,12349,214.27,70,1680,9251,3,16
1784687498.728,real_q8_tensor_220w_mtp,0,100,12349,211.46,65,1725,9251,3,16
1784687498.728,real_q8_tensor_220w_mtp,1,100,12349,214.26,69,1650,9251,3,16
1784687498.728,real_q8_tensor_220w_mtp,2,100,12349,212.99,74,1680,9251,3,16
1784687498.728,real_q8_tensor_220w_mtp,3,100,12349,214.02,70,1665,9251,3,16
1784687499.322,real_q8_tensor_220w_mtp,0,100,12349,191.33,64,1740,9251,3,16
1784687499.322,real_q8_tensor_220w_mtp,1,100,12349,197.56,68,1650,9251,3,16
1784687499.322,real_q8_tensor_220w_mtp,2,82,12349,193.43,73,1695,9251,3,16
1784687499.322,real_q8_tensor_220w_mtp,3,100,12349,198.05,70,1665,9251,3,16
1784687499.891,real_q8_tensor_220w_mtp,0,100,12349,191.33,65,1785,9251,3,16
1784687499.891,real_q8_tensor_220w_mtp,1,100,12349,197.16,69,1635,9251,3,16
1784687499.891,real_q8_tensor_220w_mtp,2,82,12349,193.76,74,1695,9251,3,16
1784687499.891,real_q8_tensor_220w_mtp,3,100,12349,198.23,70,1695,9251,3,16
1784687500.487,real_q8_tensor_220w_mtp,0,100,12349,212.72,65,1785,9251,3,16
1784687500.487,real_q8_tensor_220w_mtp,1,100,12349,213.90,69,1710,9251,3,16
1784687500.487,real_q8_tensor_220w_mtp,2,100,12349,212.60,74,1665,9251,3,16
1784687500.487,real_q8_tensor_220w_mtp,3,100,12349,214.38,70,1725,9251,3,16
1784687501.087,real_q8_tensor_220w_mtp,0,100,12349,213.08,65,1740,9251,3,16
1784687501.087,real_q8_tensor_220w_mtp,1,100,12349,213.58,69,1635,9251,3,16
1784687501.087,real_q8_tensor_220w_mtp,2,100,12349,212.78,74,1680,9251,3,16
1784687501.087,real_q8_tensor_220w_mtp,3,90,12349,214.34,70,1650,9251,3,16
1784687501.649,real_q8_tensor_220w_mtp,0,100,12349,190.14,64,1740,9251,3,16
1784687501.649,real_q8_tensor_220w_mtp,1,100,12349,195.00,68,1650,9251,3,16
1784687501.649,real_q8_tensor_220w_mtp,2,100,12349,194.61,74,1680,9251,3,16
1784687501.649,real_q8_tensor_220w_mtp,3,90,12349,198.66,70,1725,9251,3,16
1784687502.221,real_q8_tensor_220w_mtp,0,100,12349,189.65,65,1740,9251,3,16
1784687502.221,real_q8_tensor_220w_mtp,1,100,12349,195.73,69,1650,9251,3,16
1784687502.221,real_q8_tensor_220w_mtp,2,100,12349,199.46,74,1680,9251,3,16
1784687502.221,real_q8_tensor_220w_mtp,3,100,12349,198.91,70,1665,9251,3,16
1784687502.791,real_q8_tensor_220w_mtp,0,100,12349,211.65,65,1740,9251,3,16
1784687502.791,real_q8_tensor_220w_mtp,1,100,12349,213.71,69,1650,9251,3,16
1784687502.791,real_q8_tensor_220w_mtp,2,100,12349,212.20,74,1665,9251,3,16
1784687502.791,real_q8_tensor_220w_mtp,3,100,12349,214.24,70,1665,9251,3,16
1784687503.361,real_q8_tensor_220w_mtp,0,100,12349,211.91,65,1725,9251,3,16
1784687503.361,real_q8_tensor_220w_mtp,1,100,12349,213.43,69,1650,9251,3,16
1784687503.361,real_q8_tensor_220w_mtp,2,100,12349,212.96,74,1680,9251,3,16
1784687503.361,real_q8_tensor_220w_mtp,3,100,12349,213.79,70,1665,9251,3,16
1784687503.927,real_q8_tensor_220w_mtp,0,100,12349,190.60,64,1785,9251,3,16
1784687503.927,real_q8_tensor_220w_mtp,1,100,12349,196.58,68,1725,9251,3,16
1784687503.927,real_q8_tensor_220w_mtp,2,100,12349,193.20,73,1740,9251,3,16
1784687503.927,real_q8_tensor_220w_mtp,3,100,12349,200.16,70,1740,9251,3,16
1784687504.497,real_q8_tensor_220w_mtp,0,100,12349,190.01,65,1725,9251,3,16
1784687504.497,real_q8_tensor_220w_mtp,1,100,12349,197.31,69,1695,9251,3,16
1784687504.497,real_q8_tensor_220w_mtp,2,76,12349,193.25,74,1740,9251,3,16
1784687504.497,real_q8_tensor_220w_mtp,3,100,12349,200.38,70,1680,9251,3,16
1784687505.066,real_q8_tensor_220w_mtp,0,100,12349,210.82,65,1740,9251,3,16
1784687505.066,real_q8_tensor_220w_mtp,1,100,12349,214.08,69,1620,9251,3,16
1784687505.066,real_q8_tensor_220w_mtp,2,100,12349,212.03,74,1680,9251,3,16
1784687505.066,real_q8_tensor_220w_mtp,3,100,12349,213.48,70,1650,9251,3,16
1784687505.658,real_q8_tensor_220w_mtp,0,100,12349,210.97,65,1740,9251,3,16
1784687505.658,real_q8_tensor_220w_mtp,1,100,12349,213.97,69,1620,9251,3,16
1784687505.658,real_q8_tensor_220w_mtp,2,100,12349,212.61,74,1680,9251,3,16
1784687505.658,real_q8_tensor_220w_mtp,3,100,12349,213.12,70,1650,9251,3,16
1784687506.228,real_q8_tensor_220w_mtp,0,100,12349,189.09,64,1785,9251,3,16
1784687506.228,real_q8_tensor_220w_mtp,1,100,12349,195.10,68,1710,9251,3,16
1784687506.228,real_q8_tensor_220w_mtp,2,100,12349,191.31,73,1740,9251,3,16
1784687506.228,real_q8_tensor_220w_mtp,3,100,12349,195.36,69,1665,9251,3,16
1784687506.841,real_q8_tensor_220w_mtp,0,100,12349,189.58,65,1740,9251,3,16
1784687506.841,real_q8_tensor_220w_mtp,1,100,12349,196.57,69,1650,9251,3,16
1784687506.841,real_q8_tensor_220w_mtp,2,100,12349,192.70,74,1755,9251,3,16
1784687506.841,real_q8_tensor_220w_mtp,3,100,12349,195.81,70,1665,9251,3,16
1784687507.410,real_q8_tensor_220w_mtp,0,100,12349,210.87,65,1740,9251,3,16
1784687507.410,real_q8_tensor_220w_mtp,1,100,12349,212.99,69,1665,9251,3,16
1784687507.410,real_q8_tensor_220w_mtp,2,100,12349,212.18,74,1680,9251,3,16
1784687507.410,real_q8_tensor_220w_mtp,3,100,12349,214.56,70,1665,9251,3,16
1784687507.979,real_q8_tensor_220w_mtp,0,100,12349,211.67,65,1725,9251,3,16
1784687507.979,real_q8_tensor_220w_mtp,1,100,12349,212.58,69,1635,9251,3,16
1784687507.979,real_q8_tensor_220w_mtp,2,100,12349,211.55,74,1695,9251,3,16
1784687507.979,real_q8_tensor_220w_mtp,3,100,12349,213.70,70,1650,9251,3,16
1784687508.549,real_q8_tensor_220w_mtp,0,30,12349,189.61,64,1725,9251,3,16
1784687508.549,real_q8_tensor_220w_mtp,1,25,12349,195.14,68,1650,9251,3,16
1784687508.549,real_q8_tensor_220w_mtp,2,90,12349,191.51,73,1680,9251,3,16
1784687508.549,real_q8_tensor_220w_mtp,3,100,12349,196.81,69,1665,9251,3,16
1784687509.119,real_q8_tensor_220w_mtp,0,100,12349,188.50,65,1740,9251,3,16
1784687509.119,real_q8_tensor_220w_mtp,1,89,12349,195.90,69,1620,9251,3,16
1784687509.119,real_q8_tensor_220w_mtp,2,90,12349,190.48,74,1680,9251,3,16
1784687509.119,real_q8_tensor_220w_mtp,3,100,12349,197.15,70,1650,9251,3,16
1784687509.689,real_q8_tensor_220w_mtp,0,100,12349,211.41,65,1785,9251,3,16
1784687509.689,real_q8_tensor_220w_mtp,1,89,12349,212.70,69,1620,9251,3,16
1784687509.689,real_q8_tensor_220w_mtp,2,100,12349,210.94,74,1665,9251,3,16
1784687509.689,real_q8_tensor_220w_mtp,3,100,12349,213.12,70,1665,9251,3,16
1784687510.257,real_q8_tensor_220w_mtp,0,100,12349,211.18,65,1800,9251,3,16
1784687510.257,real_q8_tensor_220w_mtp,1,100,12349,213.00,69,1650,9251,3,16
1784687510.257,real_q8_tensor_220w_mtp,2,88,12349,210.95,74,1665,9251,3,16
1784687510.257,real_q8_tensor_220w_mtp,3,100,12349,213.66,70,1725,9251,3,16
1784687510.871,real_q8_tensor_220w_mtp,0,100,12349,188.50,62,1785,9251,3,16
1784687510.871,real_q8_tensor_220w_mtp,1,100,12349,195.33,68,1695,9251,3,16
1784687510.871,real_q8_tensor_220w_mtp,2,41,12349,190.35,73,1740,9251,3,16
1784687510.871,real_q8_tensor_220w_mtp,3,100,12349,196.99,68,1665,9251,3,16
1784687511.459,real_q8_tensor_220w_mtp,0,63,12349,188.43,65,1725,9251,3,16
1784687511.459,real_q8_tensor_220w_mtp,1,100,12349,194.23,68,1620,9251,3,16
1784687511.459,real_q8_tensor_220w_mtp,2,41,12349,190.10,74,1710,9251,3,16
1784687511.459,real_q8_tensor_220w_mtp,3,84,12349,196.41,70,1635,9251,3,16
1784687512.028,real_q8_tensor_220w_mtp,0,79,12349,211.00,65,1740,9251,3,16
1784687512.028,real_q8_tensor_220w_mtp,1,100,12349,212.66,69,1620,9251,3,16
1784687512.028,real_q8_tensor_220w_mtp,2,100,12349,211.01,74,1665,9251,3,16
1784687512.028,real_q8_tensor_220w_mtp,3,77,12349,213.97,70,1725,9251,3,16
1784687512.601,real_q8_tensor_220w_mtp,0,100,12349,210.60,65,1710,9251,3,16
1784687512.601,real_q8_tensor_220w_mtp,1,100,12349,212.58,69,1620,9251,3,16
1784687512.601,real_q8_tensor_220w_mtp,2,100,12349,210.60,74,1665,9251,3,16
1784687512.601,real_q8_tensor_220w_mtp,3,100,12349,214.11,70,1650,9251,3,16
1784687513.194,real_q8_tensor_220w_mtp,0,100,12349,186.82,63,1920,9251,3,16
1784687513.194,real_q8_tensor_220w_mtp,1,100,12349,196.70,66,1890,9251,3,16
1784687513.194,real_q8_tensor_220w_mtp,2,21,12349,193.24,71,1890,9251,3,16
1784687513.194,real_q8_tensor_220w_mtp,3,100,12349,193.87,69,1920,9251,3,16
1784687513.764,real_q8_tensor_220w_mtp,0,74,12349,188.67,64,1710,9251,3,16
1784687513.764,real_q8_tensor_220w_mtp,1,55,12349,194.47,68,1635,9251,3,16
1784687513.764,real_q8_tensor_220w_mtp,2,21,12349,191.15,74,1665,9251,3,16
1784687513.764,real_q8_tensor_220w_mtp,3,94,12349,195.94,69,1650,9251,3,16
1784687514.336,real_q8_tensor_220w_mtp,0,74,12349,211.58,64,1770,9251,3,16
1784687514.336,real_q8_tensor_220w_mtp,1,55,12349,211.43,69,1695,9251,3,16
1784687514.336,real_q8_tensor_220w_mtp,2,100,12349,210.18,74,1650,9251,3,16
1784687514.336,real_q8_tensor_220w_mtp,3,94,12349,216.16,70,1725,9251,3,16
1784687514.905,real_q8_tensor_220w_mtp,0,100,12349,210.20,65,1710,9251,3,16
1784687514.905,real_q8_tensor_220w_mtp,1,100,12349,213.77,69,1620,9251,3,16
1784687514.905,real_q8_tensor_220w_mtp,2,100,12349,211.81,74,1650,9251,3,16
1784687514.905,real_q8_tensor_220w_mtp,3,100,12349,214.49,70,1635,9251,3,16
1784687515.474,real_q8_tensor_220w_mtp,0,100,12349,196.30,63,1905,9251,3,16
1784687515.474,real_q8_tensor_220w_mtp,1,100,12349,202.40,67,1905,9251,3,16
1784687515.474,real_q8_tensor_220w_mtp,2,28,12349,199.18,72,1860,9251,3,16
1784687515.474,real_q8_tensor_220w_mtp,3,100,12349,201.46,68,1905,9251,3,16
1784687516.032,real_q8_tensor_220w_mtp,0,0,12351,172.07,62,1920,9251,3,16
1784687516.032,real_q8_tensor_220w_mtp,1,2,12351,176.45,66,1905,9251,3,16
1784687516.032,real_q8_tensor_220w_mtp,2,3,12351,170.09,71,1890,9251,3,16
1784687516.032,real_q8_tensor_220w_mtp,3,0,12351,180.74,67,1920,9251,3,16
1784687516.590,real_q8_tensor_220w_mtp,0,0,12351,151.62,64,1800,9251,3,16
1784687516.590,real_q8_tensor_220w_mtp,1,2,12351,164.82,68,1680,9251,3,16
1784687516.590,real_q8_tensor_220w_mtp,2,100,12351,156.35,73,1665,9251,3,16
1784687516.590,real_q8_tensor_220w_mtp,3,0,12351,167.74,69,1725,9251,3,16
1784687517.181,real_q8_tensor_220w_mtp,0,0,12351,162.08,62,1920,9251,3,16
1784687517.181,real_q8_tensor_220w_mtp,1,3,12351,173.26,66,1905,9251,3,16
1784687517.181,real_q8_tensor_220w_mtp,2,100,12351,166.38,70,1890,9251,3,16
1784687517.181,real_q8_tensor_220w_mtp,3,0,12351,175.00,67,1920,9251,3,16
1784687517.762,real_q8_tensor_220w_mtp,0,0,12351,152.31,63,1920,9251,3,16
1784687517.762,real_q8_tensor_220w_mtp,1,3,12351,164.38,67,1905,9251,3,16
1784687517.762,real_q8_tensor_220w_mtp,2,47,12351,156.04,72,1890,9251,3,16
1784687517.762,real_q8_tensor_220w_mtp,3,0,12351,167.61,68,1920,9251,3,16
1784687518.325,real_q8_tensor_220w_mtp,0,82,12351,174.74,64,1815,9251,3,16
1784687518.325,real_q8_tensor_220w_mtp,1,75,12351,189.68,68,1740,9251,3,16
1784687518.325,real_q8_tensor_220w_mtp,2,47,12351,184.27,73,1770,9251,3,16
1784687518.325,real_q8_tensor_220w_mtp,3,78,12351,187.83,69,1665,9251,3,16
1784687518.917,real_q8_tensor_220w_mtp,0,82,12351,209.16,64,1740,9251,3,16
1784687518.917,real_q8_tensor_220w_mtp,1,75,12351,211.48,68,1665,9251,3,16
1784687518.917,real_q8_tensor_220w_mtp,2,76,12351,209.16,73,1770,9251,3,16
1784687518.917,real_q8_tensor_220w_mtp,3,78,12351,213.34,69,1650,9251,3,16
1784687519.488,real_q8_tensor_220w_mtp,0,83,12351,209.10,64,1740,9251,3,16
1784687519.488,real_q8_tensor_220w_mtp,1,81,12351,211.94,68,1740,9251,3,16
1784687519.488,real_q8_tensor_220w_mtp,2,78,12351,210.34,73,1710,9251,3,16
1784687519.488,real_q8_tensor_220w_mtp,3,76,12351,211.66,69,1755,9251,3,16
1784687520.058,real_q8_tensor_220w_mtp,0,76,12351,216.24,64,1740,9251,3,16
1784687520.058,real_q8_tensor_220w_mtp,1,81,12351,217.79,68,1620,9251,3,16
1784687520.058,real_q8_tensor_220w_mtp,2,81,12351,217.27,73,1680,9251,3,16
1784687520.058,real_q8_tensor_220w_mtp,3,76,12351,217.02,69,1650,9251,3,16
1784687520.652,real_q8_tensor_220w_mtp,0,75,12351,215.15,64,1815,9251,3,16
1784687520.652,real_q8_tensor_220w_mtp,1,82,12351,217.72,68,1740,9251,3,16
1784687520.652,real_q8_tensor_220w_mtp,2,76,12351,217.11,73,1680,9251,3,16
1784687520.652,real_q8_tensor_220w_mtp,3,75,12351,217.46,69,1755,9251,3,16
1784687521.224,real_q8_tensor_220w_mtp,0,75,12351,180.66,61,1920,9251,3,16
1784687521.224,real_q8_tensor_220w_mtp,1,82,12351,191.30,66,1905,9251,3,16
1784687521.224,real_q8_tensor_220w_mtp,2,0,12351,179.53,70,1890,9251,3,16
1784687521.224,real_q8_tensor_220w_mtp,3,75,12351,184.54,66,1845,9251,3,16
1784687521.782,real_q8_tensor_220w_mtp,0,100,12351,171.50,64,1875,9251,3,16
1784687521.782,real_q8_tensor_220w_mtp,1,100,12351,182.50,69,1800,9251,3,16
1784687521.782,real_q8_tensor_220w_mtp,2,0,12351,176.71,73,1830,9251,3,16
1784687521.782,real_q8_tensor_220w_mtp,3,100,12351,178.01,69,1815,9251,3,16
1784687522.352,real_q8_tensor_220w_mtp,0,100,12351,214.13,64,1875,9251,3,16
1784687522.352,real_q8_tensor_220w_mtp,1,100,12351,217.32,69,1845,9251,3,16
1784687522.352,real_q8_tensor_220w_mtp,2,100,12351,213.55,73,1830,9251,3,16
1784687522.352,real_q8_tensor_220w_mtp,3,100,12351,216.32,70,1860,9251,3,16
1784687522.946,real_q8_tensor_220w_mtp,0,24,12351,205.40,63,1860,9251,3,16
1784687522.946,real_q8_tensor_220w_mtp,1,64,12351,211.34,67,1785,9251,3,16
1784687522.946,real_q8_tensor_220w_mtp,2,100,12351,206.57,73,1830,9251,3,16
1784687522.946,real_q8_tensor_220w_mtp,3,25,12351,209.71,69,1815,9251,3,16
1784687523.516,real_q8_tensor_220w_mtp,0,90,12351,206.88,65,1875,9251,3,16
1784687523.516,real_q8_tensor_220w_mtp,1,95,12351,210.41,69,1770,9251,3,16
1784687523.516,real_q8_tensor_220w_mtp,2,100,12351,208.87,74,1830,9251,3,16
1784687523.516,real_q8_tensor_220w_mtp,3,100,12351,212.66,70,1800,9251,3,16
1784687524.088,real_q8_tensor_220w_mtp,0,86,12351,214.89,64,1860,9251,3,16
1784687524.088,real_q8_tensor_220w_mtp,1,80,12351,217.90,69,1785,9251,3,16
1784687524.088,real_q8_tensor_220w_mtp,2,100,12351,215.00,73,1815,9251,3,16
1784687524.088,real_q8_tensor_220w_mtp,3,98,12351,217.35,70,1815,9251,3,16
1784687524.659,real_q8_tensor_220w_mtp,0,86,12351,206.29,64,1860,9251,3,16
1784687524.659,real_q8_tensor_220w_mtp,1,80,12351,211.86,68,1785,9251,3,16
1784687524.659,real_q8_tensor_220w_mtp,2,100,12351,207.02,73,1830,9251,3,16
1784687524.659,real_q8_tensor_220w_mtp,3,98,12351,210.63,69,1815,9251,3,16
1784687525.250,real_q8_tensor_220w_mtp,0,100,12351,207.76,65,1860,9251,3,16
1784687525.250,real_q8_tensor_220w_mtp,1,80,12351,211.08,68,1785,9251,3,16
1784687525.250,real_q8_tensor_220w_mtp,2,100,12351,206.57,73,1875,9251,3,16
1784687525.250,real_q8_tensor_220w_mtp,3,100,12351,211.75,70,1815,9251,3,16
1784687525.820,real_q8_tensor_220w_mtp,0,100,12351,214.70,65,1860,9251,3,16
1784687525.820,real_q8_tensor_220w_mtp,1,80,12351,218.36,69,1770,9251,3,16
1784687525.820,real_q8_tensor_220w_mtp,2,100,12351,214.88,74,1815,9251,3,16
1784687525.820,real_q8_tensor_220w_mtp,3,100,12351,217.14,70,1800,9251,3,16
1784687526.402,real_q8_tensor_220w_mtp,0,100,12351,214.70,65,1875,9251,3,16
1784687526.402,real_q8_tensor_220w_mtp,1,100,12351,215.52,69,1905,9251,3,16
1784687526.402,real_q8_tensor_220w_mtp,2,100,12351,206.59,73,1890,9251,3,16
1784687526.402,real_q8_tensor_220w_mtp,3,75,12351,210.32,69,1800,9251,3,16
1784687526.992,real_q8_tensor_220w_mtp,0,100,12351,204.71,65,1860,9251,3,16
1784687526.992,real_q8_tensor_220w_mtp,1,74,12351,210.66,69,1770,9251,3,16
1784687526.992,real_q8_tensor_220w_mtp,2,87,12351,205.89,74,1815,9251,3,16
1784687526.992,real_q8_tensor_220w_mtp,3,100,12351,209.92,70,1785,9251,3,16
1784687527.588,real_q8_tensor_220w_mtp,0,100,12351,212.95,65,1860,9251,3,16
1784687527.588,real_q8_tensor_220w_mtp,1,74,12351,217.77,69,1800,9251,3,16
1784687527.588,real_q8_tensor_220w_mtp,2,100,12351,214.33,74,1815,9251,3,16
1784687527.588,real_q8_tensor_220w_mtp,3,100,12351,219.34,70,1800,9251,3,16
1784687528.151,real_q8_tensor_220w_mtp,0,100,12351,206.37,65,1905,9251,3,16
1784687528.151,real_q8_tensor_220w_mtp,1,78,12351,209.95,68,1800,9251,3,16
1784687528.151,real_q8_tensor_220w_mtp,2,100,12351,207.11,73,1860,9251,3,16
1784687528.151,real_q8_tensor_220w_mtp,3,100,12351,213.68,70,1860,9251,3,16
1784687528.721,real_q8_tensor_220w_mtp,0,100,12351,205.37,65,1860,9251,3,16
1784687528.721,real_q8_tensor_220w_mtp,1,78,12351,213.36,69,1785,9251,3,16
1784687528.721,real_q8_tensor_220w_mtp,2,100,12351,209.61,74,1800,9251,3,16
1784687528.721,real_q8_tensor_220w_mtp,3,100,12351,211.53,70,1800,9251,3,16
1784687529.314,real_q8_tensor_220w_mtp,0,82,12351,213.80,64,1920,9251,3,16
1784687529.314,real_q8_tensor_220w_mtp,1,44,12351,215.24,69,1905,9251,3,16
1784687529.314,real_q8_tensor_220w_mtp,2,100,12351,211.40,74,1890,9251,3,16
1784687529.314,real_q8_tensor_220w_mtp,3,69,12351,216.04,69,1920,9251,3,16
1784687529.895,real_q8_tensor_220w_mtp,0,82,12351,204.53,65,1860,9251,3,16
1784687529.895,real_q8_tensor_220w_mtp,1,44,12351,210.32,69,1770,9251,3,16
1784687529.895,real_q8_tensor_220w_mtp,2,78,12351,206.37,74,1815,9251,3,16
1784687529.895,real_q8_tensor_220w_mtp,3,69,12351,211.29,70,1785,9251,3,16
1784687530.464,real_q8_tensor_220w_mtp,0,100,12351,212.74,65,1860,9251,3,16
1784687530.464,real_q8_tensor_220w_mtp,1,100,12351,214.53,69,1770,9251,3,16
1784687530.464,real_q8_tensor_220w_mtp,2,89,12351,217.15,74,1815,9251,3,16
1784687530.464,real_q8_tensor_220w_mtp,3,100,12351,218.38,70,1785,9251,3,16
1784687531.088,real_q8_tensor_220w_mtp,0,100,12351,205.85,63,1920,9251,3,16
1784687531.088,real_q8_tensor_220w_mtp,1,100,12351,213.30,67,1905,9251,3,16
1784687531.088,real_q8_tensor_220w_mtp,2,38,12351,210.74,73,1890,9251,3,16
1784687531.088,real_q8_tensor_220w_mtp,3,100,12351,210.49,68,1920,9251,3,16
1784687531.662,real_q8_tensor_220w_mtp,0,100,12351,206.58,65,1860,9251,3,16
1784687531.662,real_q8_tensor_220w_mtp,1,100,12351,209.07,69,1770,9251,3,16
1784687531.662,real_q8_tensor_220w_mtp,2,38,12351,206.54,74,1815,9251,3,16
1784687531.662,real_q8_tensor_220w_mtp,3,100,12351,212.46,70,1785,9251,3,16
1784687532.236,real_q8_tensor_220w_mtp,0,100,12351,214.56,65,1890,9251,3,16
1784687532.236,real_q8_tensor_220w_mtp,1,100,12351,217.48,69,1845,9251,3,16
1784687532.236,real_q8_tensor_220w_mtp,2,89,12351,215.69,74,1860,9251,3,16
1784687532.236,real_q8_tensor_220w_mtp,3,100,12351,219.25,70,1860,9251,3,16
1784687532.805,real_q8_tensor_220w_mtp,0,21,12351,203.95,63,1845,9251,3,16
1784687532.805,real_q8_tensor_220w_mtp,1,65,12351,210.56,67,1770,9251,3,16
1784687532.805,real_q8_tensor_220w_mtp,2,89,12351,206.49,72,1830,9251,3,16
1784687532.805,real_q8_tensor_220w_mtp,3,26,12351,210.14,69,1770,9251,3,16
1784687533.400,real_q8_tensor_220w_mtp,0,21,12351,206.08,65,1860,9251,3,16
1784687533.400,real_q8_tensor_220w_mtp,1,65,12351,211.57,69,1770,9251,3,16
1784687533.400,real_q8_tensor_220w_mtp,2,100,12351,208.64,74,1815,9251,3,16
1784687533.400,real_q8_tensor_220w_mtp,3,26,12351,213.09,70,1785,9251,3,16
1784687533.995,real_q8_tensor_220w_mtp,0,78,12351,213.29,65,1845,9251,3,16
1784687533.995,real_q8_tensor_220w_mtp,1,77,12351,217.35,68,1755,9251,3,16
1784687533.995,real_q8_tensor_220w_mtp,2,91,12351,215.63,73,1800,9251,3,16
1784687533.995,real_q8_tensor_220w_mtp,3,77,12351,218.34,70,1785,9251,3,16
1784687534.568,real_q8_tensor_220w_mtp,0,75,12351,202.09,63,1860,9251,3,16
1784687534.568,real_q8_tensor_220w_mtp,1,77,12351,209.18,68,1770,9251,3,16
1784687534.568,real_q8_tensor_220w_mtp,2,36,12351,204.29,73,1785,9251,3,16
1784687534.568,real_q8_tensor_220w_mtp,3,77,12351,210.00,69,1785,9251,3,16
1784687535.139,real_q8_tensor_220w_mtp,0,75,12351,204.76,65,1860,9251,3,16
1784687535.139,real_q8_tensor_220w_mtp,1,100,12351,210.35,69,1770,9251,3,16
1784687535.139,real_q8_tensor_220w_mtp,2,36,12351,205.24,74,1800,9251,3,16
1784687535.139,real_q8_tensor_220w_mtp,3,100,12351,211.51,70,1800,9251,3,16
1784687535.710,real_q8_tensor_220w_mtp,0,76,12351,213.38,65,1845,9251,3,16
1784687535.710,real_q8_tensor_220w_mtp,1,100,12351,219.17,69,1770,9251,3,16
1784687535.710,real_q8_tensor_220w_mtp,2,76,12351,214.25,74,1800,9251,3,16
1784687535.710,real_q8_tensor_220w_mtp,3,100,12351,217.41,70,1785,9251,3,16
1784687536.283,real_q8_tensor_220w_mtp,0,76,12351,202.74,63,1845,9251,3,16
1784687536.283,real_q8_tensor_220w_mtp,1,33,12351,209.76,68,1770,9251,3,16
1784687536.283,real_q8_tensor_220w_mtp,2,76,12351,204.93,73,1800,9251,3,16
1784687536.283,real_q8_tensor_220w_mtp,3,71,12351,210.96,70,1785,9251,3,16
1784687536.855,real_q8_tensor_220w_mtp,0,100,12351,205.95,65,1845,9251,3,16
1784687536.855,real_q8_tensor_220w_mtp,1,33,12351,211.28,69,1770,9251,3,16
1784687536.855,real_q8_tensor_220w_mtp,2,100,12351,207.76,74,1815,9251,3,16
1784687536.855,real_q8_tensor_220w_mtp,3,71,12351,213.01,70,1785,9251,3,16
1784687537.447,real_q8_tensor_220w_mtp,0,100,12351,214.34,65,1845,9251,3,16
1784687537.447,real_q8_tensor_220w_mtp,1,76,12351,217.25,69,1755,9251,3,16
1784687537.447,real_q8_tensor_220w_mtp,2,100,12351,214.55,74,1800,9251,3,16
1784687537.447,real_q8_tensor_220w_mtp,3,90,12351,218.40,70,1755,9251,3,16
1784687538.042,real_q8_tensor_220w_mtp,0,36,12351,202.96,64,1845,9251,3,16
1784687538.042,real_q8_tensor_220w_mtp,1,56,12351,209.59,68,1785,9251,3,16
1784687538.042,real_q8_tensor_220w_mtp,2,85,12351,205.20,74,1800,9251,3,16
1784687538.042,real_q8_tensor_220w_mtp,3,59,12351,210.74,70,1785,9251,3,16
1784687538.616,real_q8_tensor_220w_mtp,0,36,12351,205.02,65,1845,9251,3,16
1784687538.616,real_q8_tensor_220w_mtp,1,100,12351,211.10,69,1770,9251,3,16
1784687538.616,real_q8_tensor_220w_mtp,2,85,12351,207.04,74,1815,9251,3,16
1784687538.616,real_q8_tensor_220w_mtp,3,100,12351,211.80,70,1800,9251,3,16
1784687539.187,real_q8_tensor_220w_mtp,0,76,12351,212.92,65,1830,9251,3,16
1784687539.187,real_q8_tensor_220w_mtp,1,100,12351,216.73,69,1770,9251,3,16
1784687539.187,real_q8_tensor_220w_mtp,2,78,12351,214.06,73,1785,9251,3,16
1784687539.187,real_q8_tensor_220w_mtp,3,100,12351,218.32,71,1770,9251,3,16
1784687539.758,real_q8_tensor_220w_mtp,0,76,12351,202.75,63,1845,9251,3,16
1784687539.758,real_q8_tensor_220w_mtp,1,46,12351,209.69,68,1755,9251,3,16
1784687539.758,real_q8_tensor_220w_mtp,2,78,12351,204.99,73,1800,9251,3,16
1784687539.758,real_q8_tensor_220w_mtp,3,91,12351,210.74,70,1770,9251,3,16
1784687540.354,real_q8_tensor_220w_mtp,0,100,12351,204.88,65,1845,9251,3,16
1784687540.354,real_q8_tensor_220w_mtp,1,46,12351,211.20,69,1755,9251,3,16
1784687540.354,real_q8_tensor_220w_mtp,2,100,12351,207.03,74,1785,9251,3,16
1784687540.354,real_q8_tensor_220w_mtp,3,91,12351,212.04,71,1770,9251,3,16
1784687540.923,real_q8_tensor_220w_mtp,0,100,12351,214.99,64,1830,9251,3,16
1784687540.923,real_q8_tensor_220w_mtp,1,73,12351,216.95,69,1755,9251,3,16
1784687540.923,real_q8_tensor_220w_mtp,2,100,12351,213.46,74,1800,9251,3,16
1784687540.923,real_q8_tensor_220w_mtp,3,84,12351,217.59,69,1755,9251,3,16
1784687541.519,real_q8_tensor_220w_mtp,0,24,12351,201.57,64,1830,9251,3,16
1784687541.519,real_q8_tensor_220w_mtp,1,38,12351,208.89,69,1755,9251,3,16
1784687541.519,real_q8_tensor_220w_mtp,2,74,12351,204.68,73,1800,9251,3,16
1784687541.519,real_q8_tensor_220w_mtp,3,36,12351,209.35,70,1785,9251,3,16
1784687542.118,real_q8_tensor_220w_mtp,0,24,12351,204.06,65,1845,9251,3,16
1784687542.118,real_q8_tensor_220w_mtp,1,100,12351,210.32,69,1755,9251,3,16
1784687542.118,real_q8_tensor_220w_mtp,2,74,12351,206.11,74,1800,9251,3,16
1784687542.118,real_q8_tensor_220w_mtp,3,100,12351,212.09,70,1770,9251,3,16
1784687542.690,real_q8_tensor_220w_mtp,0,74,12351,212.08,65,1830,9251,3,16
1784687542.690,real_q8_tensor_220w_mtp,1,100,12351,218.25,69,1755,9251,3,16
1784687542.690,real_q8_tensor_220w_mtp,2,100,12351,215.15,74,1875,9251,3,16
1784687542.690,real_q8_tensor_220w_mtp,3,100,12351,216.66,70,1770,9251,3,16
1784687543.258,real_q8_tensor_220w_mtp,0,74,12351,201.45,64,1920,9251,3,16
1784687543.258,real_q8_tensor_220w_mtp,1,22,12351,208.14,68,1905,9251,3,16
1784687543.258,real_q8_tensor_220w_mtp,2,100,12351,203.77,72,1890,9251,3,16
1784687543.258,real_q8_tensor_220w_mtp,3,48,12351,209.85,69,1920,9251,3,16
1784687543.827,real_q8_tensor_220w_mtp,0,100,12351,204.36,65,1845,9251,3,16
1784687543.827,real_q8_tensor_220w_mtp,1,22,12351,211.07,69,1755,9251,3,16
1784687543.827,real_q8_tensor_220w_mtp,2,100,12351,206.43,74,1785,9251,3,16
1784687543.827,real_q8_tensor_220w_mtp,3,48,12351,212.23,70,1755,9251,3,16
1784687544.396,real_q8_tensor_220w_mtp,0,100,12351,214.26,65,1875,9251,3,16
1784687544.396,real_q8_tensor_220w_mtp,1,90,12351,217.85,70,1815,9251,3,16
1784687544.396,real_q8_tensor_220w_mtp,2,100,12351,215.10,74,1800,9251,3,16
1784687544.396,real_q8_tensor_220w_mtp,3,100,12351,218.29,71,1815,9251,3,16
1784687544.998,real_q8_tensor_220w_mtp,0,44,12351,207.09,64,1920,9251,3,16
1784687544.998,real_q8_tensor_220w_mtp,1,98,12351,213.15,68,1905,9251,3,16
1784687544.998,real_q8_tensor_220w_mtp,2,30,12351,209.15,73,1890,9251,3,16
1784687544.998,real_q8_tensor_220w_mtp,3,78,12351,211.33,69,1920,9251,3,16
1784687545.558,real_q8_tensor_220w_mtp,0,73,12351,204.58,65,1845,9251,3,16
1784687545.558,real_q8_tensor_220w_mtp,1,94,12351,209.01,69,1770,9251,3,16
1784687545.558,real_q8_tensor_220w_mtp,2,30,12351,204.23,74,1800,9251,3,16
1784687545.558,real_q8_tensor_220w_mtp,3,100,12351,211.05,70,1785,9251,3,16
1784687546.127,real_q8_tensor_220w_mtp,0,73,12351,209.65,65,1860,9251,3,16
1784687546.127,real_q8_tensor_220w_mtp,1,94,12351,219.02,69,1740,9251,3,16
1784687546.127,real_q8_tensor_220w_mtp,2,100,12351,215.97,74,1785,9251,3,16
1784687546.127,real_q8_tensor_220w_mtp,3,100,12351,216.12,71,1770,9251,3,16
1784687546.696,real_q8_tensor_220w_mtp,0,69,12351,211.91,64,1920,9251,3,16
1784687546.696,real_q8_tensor_220w_mtp,1,100,12351,217.99,70,1905,9251,3,16
1784687546.696,real_q8_tensor_220w_mtp,2,100,12351,211.18,74,1890,9251,3,16
1784687546.696,real_q8_tensor_220w_mtp,3,57,12351,215.28,70,1920,9251,3,16
1784687547.274,real_q8_tensor_220w_mtp,0,69,12351,200.47,65,1905,9251,3,16
1784687547.274,real_q8_tensor_220w_mtp,1,100,12351,209.25,69,1860,9251,3,16
1784687547.274,real_q8_tensor_220w_mtp,2,96,12351,207.86,74,1875,9251,3,16
1784687547.274,real_q8_tensor_220w_mtp,3,57,12351,208.84,70,1875,9251,3,16
1784687547.844,real_q8_tensor_220w_mtp,0,100,12351,208.74,65,1845,9251,3,16
1784687547.844,real_q8_tensor_220w_mtp,1,100,12351,213.00,70,1755,9251,3,16
1784687547.844,real_q8_tensor_220w_mtp,2,96,12351,210.07,74,1800,9251,3,16
1784687547.844,real_q8_tensor_220w_mtp,3,100,12351,214.83,70,1755,9251,3,16
1784687548.438,real_q8_tensor_220w_mtp,0,100,12351,214.44,65,1830,9251,3,16
1784687548.438,real_q8_tensor_220w_mtp,1,100,12351,217.92,70,1755,9251,3,16
1784687548.438,real_q8_tensor_220w_mtp,2,100,12351,216.27,74,1800,9251,3,16
1784687548.438,real_q8_tensor_220w_mtp,3,100,12351,217.84,71,1785,9251,3,16
1784687549.002,real_q8_tensor_220w_mtp,0,100,12351,202.72,65,1830,9251,3,16
1784687549.002,real_q8_tensor_220w_mtp,1,100,12351,209.33,69,1725,9251,3,16
1784687549.002,real_q8_tensor_220w_mtp,2,100,12351,206.64,74,1755,9251,3,16
1784687549.002,real_q8_tensor_220w_mtp,3,100,12351,210.28,70,1755,9251,3,16
1784687549.573,real_q8_tensor_220w_mtp,0,100,12351,200.89,65,1830,9251,3,16
1784687549.573,real_q8_tensor_220w_mtp,1,100,12351,206.32,69,1770,9251,3,16
1784687549.573,real_q8_tensor_220w_mtp,2,70,12351,203.95,74,1800,9251,3,16
1784687549.573,real_q8_tensor_220w_mtp,3,100,12351,210.33,70,1785,9251,3,16
1784687550.143,real_q8_tensor_220w_mtp,0,100,12351,211.14,65,1830,9251,3,16
1784687550.143,real_q8_tensor_220w_mtp,1,100,12351,215.04,70,1740,9251,3,16
1784687550.143,real_q8_tensor_220w_mtp,2,70,12351,213.76,74,1785,9251,3,16
1784687550.143,real_q8_tensor_220w_mtp,3,100,12351,215.52,71,1740,9251,3,16
1784687550.713,real_q8_tensor_220w_mtp,0,100,12351,201.34,65,1845,9251,3,16
1784687550.713,real_q8_tensor_220w_mtp,1,100,12351,208.43,69,1770,9251,3,16
1784687550.713,real_q8_tensor_220w_mtp,2,100,12351,204.97,74,1785,9251,3,16
1784687550.713,real_q8_tensor_220w_mtp,3,100,12351,208.55,70,1770,9251,3,16
1784687551.284,real_q8_tensor_220w_mtp,0,100,12351,201.51,65,1815,9251,3,16
1784687551.284,real_q8_tensor_220w_mtp,1,100,12351,209.03,70,1755,9251,3,16
1784687551.284,real_q8_tensor_220w_mtp,2,100,12351,205.05,74,1800,9251,3,16
1784687551.284,real_q8_tensor_220w_mtp,3,100,12351,209.08,71,1755,9251,3,16
1784687551.855,real_q8_tensor_220w_mtp,0,92,12351,210.32,64,1815,9251,3,16
1784687551.855,real_q8_tensor_220w_mtp,1,85,12351,216.91,70,1755,9251,3,16
1784687551.855,real_q8_tensor_220w_mtp,2,70,12351,213.82,74,1800,9251,3,16
1784687551.855,real_q8_tensor_220w_mtp,3,85,12351,215.09,71,1785,9251,3,16
1784687552.454,real_q8_tensor_220w_mtp,0,70,12351,200.34,63,1845,9251,3,16
1784687552.454,real_q8_tensor_220w_mtp,1,36,12351,206.54,69,1725,9251,3,16
1784687552.454,real_q8_tensor_220w_mtp,2,70,12351,201.91,74,1770,9251,3,16
1784687552.454,real_q8_tensor_220w_mtp,3,82,12351,208.80,70,1770,9251,3,16
1784687553.047,real_q8_tensor_220w_mtp,0,86,12351,200.15,65,1815,9251,3,16
1784687553.047,real_q8_tensor_220w_mtp,1,100,12351,207.34,70,1755,9251,3,16
1784687553.047,real_q8_tensor_220w_mtp,2,100,12351,204.15,74,1755,9251,3,16
1784687553.047,real_q8_tensor_220w_mtp,3,82,12351,208.34,70,1755,9251,3,16
1784687553.617,real_q8_tensor_220w_mtp,0,100,12351,213.43,65,1815,9251,3,16
1784687553.617,real_q8_tensor_220w_mtp,1,100,12351,217.10,70,1710,9251,3,16
1784687553.617,real_q8_tensor_220w_mtp,2,100,12351,215.81,75,1770,9251,3,16
1784687553.617,real_q8_tensor_220w_mtp,3,100,12351,217.49,71,1755,9251,3,16
1784687554.178,real_q8_tensor_220w_mtp,0,100,12351,206.12,64,1920,9251,3,16
1784687554.178,real_q8_tensor_220w_mtp,1,100,12351,211.33,69,1905,9251,3,16
1784687554.178,real_q8_tensor_220w_mtp,2,42,12351,209.94,73,1890,9251,3,16
1784687554.178,real_q8_tensor_220w_mtp,3,100,12351,211.67,70,1920,9251,3,16
1784687554.760,real_q8_tensor_220w_mtp,0,71,12351,202.34,65,1815,9251,3,16
1784687554.760,real_q8_tensor_220w_mtp,1,69,12351,203.65,69,1710,9251,3,16
1784687554.760,real_q8_tensor_220w_mtp,2,42,12351,200.49,74,1740,9251,3,16
1784687554.760,real_q8_tensor_220w_mtp,3,71,12351,210.31,70,1725,9251,3,16
1784687555.330,real_q8_tensor_220w_mtp,0,71,12351,205.88,65,1845,9251,3,16
1784687555.330,real_q8_tensor_220w_mtp,1,69,12351,213.55,69,1725,9251,3,16
1784687555.330,real_q8_tensor_220w_mtp,2,100,12351,211.72,74,1755,9251,3,16
1784687555.330,real_q8_tensor_220w_mtp,3,71,12351,213.19,70,1755,9251,3,16
1784687555.899,real_q8_tensor_220w_mtp,0,100,12351,211.96,65,1845,9251,3,16
1784687555.899,real_q8_tensor_220w_mtp,1,100,12351,216.76,70,1725,9251,3,16
1784687555.899,real_q8_tensor_220w_mtp,2,100,12351,216.24,74,1785,9251,3,16
1784687555.899,real_q8_tensor_220w_mtp,3,74,12351,215.45,71,1785,9251,3,16
1784687556.520,real_q8_tensor_220w_mtp,0,86,12351,199.87,65,1815,9251,3,16
1784687556.520,real_q8_tensor_220w_mtp,1,100,12351,206.67,70,1755,9251,3,16
1784687556.520,real_q8_tensor_220w_mtp,2,100,12351,203.49,74,1800,9251,3,16
1784687556.520,real_q8_tensor_220w_mtp,3,100,12351,207.67,71,1770,9251,3,16
1784687557.093,real_q8_tensor_220w_mtp,0,69,12351,196.96,65,1785,9251,3,16
1784687557.093,real_q8_tensor_220w_mtp,1,86,12351,205.52,69,1740,9251,3,16
1784687557.093,real_q8_tensor_220w_mtp,2,100,12351,203.59,73,1785,9251,3,16
1784687557.093,real_q8_tensor_220w_mtp,3,69,12351,207.59,71,1740,9251,3,16
1784687557.665,real_q8_tensor_220w_mtp,0,69,12351,209.83,65,1845,9251,3,16
1784687557.665,real_q8_tensor_220w_mtp,1,86,12351,214.92,70,1725,9251,3,16
1784687557.665,real_q8_tensor_220w_mtp,2,100,12351,215.35,74,1755,9251,3,16
1784687557.665,real_q8_tensor_220w_mtp,3,69,12351,215.13,71,1770,9251,3,16
1784687558.235,real_q8_tensor_220w_mtp,0,56,12351,200.81,64,1830,9251,3,16
1784687558.235,real_q8_tensor_220w_mtp,1,100,12351,206.98,69,1740,9251,3,16
1784687558.235,real_q8_tensor_220w_mtp,2,100,12351,204.51,74,1800,9251,3,16
1784687558.235,real_q8_tensor_220w_mtp,3,69,12351,208.57,70,1740,9251,3,16
1784687558.805,real_q8_tensor_220w_mtp,0,56,12351,199.74,65,1830,9251,3,16
1784687558.805,real_q8_tensor_220w_mtp,1,100,12351,206.44,70,1740,9251,3,16
1784687558.805,real_q8_tensor_220w_mtp,2,100,12351,203.40,75,1755,9251,3,16
1784687558.805,real_q8_tensor_220w_mtp,3,69,12351,207.34,71,1770,9251,3,16
1784687559.398,real_q8_tensor_220w_mtp,0,100,12351,212.73,65,1890,9251,3,16
1784687559.398,real_q8_tensor_220w_mtp,1,69,12351,214.37,70,1695,9251,3,16
1784687559.398,real_q8_tensor_220w_mtp,2,100,12351,212.38,74,1860,9251,3,16
1784687559.398,real_q8_tensor_220w_mtp,3,90,12351,216.30,70,1740,9251,3,16
1784687559.990,real_q8_tensor_220w_mtp,0,44,12351,202.46,64,1920,9251,3,16
1784687559.990,real_q8_tensor_220w_mtp,1,85,12351,205.65,69,1905,9251,3,16
1784687559.990,real_q8_tensor_220w_mtp,2,24,12351,202.25,73,1890,9251,3,16
1784687559.990,real_q8_tensor_220w_mtp,3,69,12351,209.05,70,1920,9251,3,16
1784687560.575,real_q8_tensor_220w_mtp,0,81,12351,200.09,65,1815,9251,3,16
1784687560.575,real_q8_tensor_220w_mtp,1,67,12351,207.07,70,1725,9251,3,16
1784687560.575,real_q8_tensor_220w_mtp,2,24,12351,203.53,74,1755,9251,3,16
1784687560.575,real_q8_tensor_220w_mtp,3,94,12351,206.65,70,1740,9251,3,16
1784687561.166,real_q8_tensor_220w_mtp,0,81,12351,214.35,65,1815,9251,3,16
1784687561.166,real_q8_tensor_220w_mtp,1,67,12351,216.57,70,1710,9251,3,16
1784687561.166,real_q8_tensor_220w_mtp,2,100,12351,213.66,74,1755,9251,3,16
1784687561.166,real_q8_tensor_220w_mtp,3,94,12351,217.10,71,1725,9251,3,16
1784687561.736,real_q8_tensor_220w_mtp,0,100,12351,212.30,66,1815,9251,3,16
1784687561.736,real_q8_tensor_220w_mtp,1,100,12351,217.86,70,1710,9251,3,16
1784687561.736,real_q8_tensor_220w_mtp,2,100,12351,215.97,75,1755,9251,3,16
1784687561.736,real_q8_tensor_220w_mtp,3,70,12351,215.62,71,1740,9251,3,16
1784687562.316,real_q8_tensor_220w_mtp,0,82,12351,199.89,65,1815,9251,3,16
1784687562.316,real_q8_tensor_220w_mtp,1,100,12351,206.59,70,1710,9251,3,16
1784687562.316,real_q8_tensor_220w_mtp,2,100,12351,202.48,74,1755,9251,3,16
1784687562.316,real_q8_tensor_220w_mtp,3,100,12351,207.65,70,1725,9251,3,16
1784687562.889,real_q8_tensor_220w_mtp,0,81,12351,198.64,64,1905,9251,3,16
1784687562.889,real_q8_tensor_220w_mtp,1,100,12351,206.26,70,1875,9251,3,16
1784687562.889,real_q8_tensor_220w_mtp,2,100,12351,201.98,75,1875,9251,3,16
1784687562.889,real_q8_tensor_220w_mtp,3,67,12351,205.90,70,1890,9251,3,16
1784687563.457,real_q8_tensor_220w_mtp,0,81,12351,210.19,65,1800,9251,3,16
1784687563.457,real_q8_tensor_220w_mtp,1,100,12351,214.53,70,1710,9251,3,16
1784687563.457,real_q8_tensor_220w_mtp,2,100,12351,213.98,75,1755,9251,3,16
1784687563.457,real_q8_tensor_220w_mtp,3,67,12351,214.29,70,1740,9251,3,16
1784687564.026,real_q8_tensor_220w_mtp,0,21,12351,198.40,63,1815,9251,3,16
1784687564.026,real_q8_tensor_220w_mtp,1,51,12351,204.91,68,1725,9251,3,16
1784687564.026,real_q8_tensor_220w_mtp,2,30,12351,202.79,74,1785,9251,3,16
1784687564.026,real_q8_tensor_220w_mtp,3,19,12351,206.23,69,1755,9251,3,16
1784687564.596,real_q8_tensor_220w_mtp,0,21,12351,198.02,65,1800,9251,3,16
1784687564.596,real_q8_tensor_220w_mtp,1,51,12351,205.09,70,1710,9251,3,16
1784687564.596,real_q8_tensor_220w_mtp,2,100,12351,202.34,74,1755,9251,3,16
1784687564.596,real_q8_tensor_220w_mtp,3,19,12351,206.05,71,1725,9251,3,16
1784687565.191,real_q8_tensor_220w_mtp,0,100,12351,212.30,65,1815,9251,3,16
1784687565.191,real_q8_tensor_220w_mtp,1,100,12351,216.30,70,1740,9251,3,16
1784687565.191,real_q8_tensor_220w_mtp,2,100,12351,215.78,75,1785,9251,3,16
1784687565.191,real_q8_tensor_220w_mtp,3,100,12351,216.98,71,1710,9251,3,16
1784687565.787,real_q8_tensor_220w_mtp,0,100,12351,207.46,64,1920,9251,3,16
1784687565.787,real_q8_tensor_220w_mtp,1,100,12351,214.23,69,1890,9251,3,16
1784687565.787,real_q8_tensor_220w_mtp,2,81,12351,213.65,73,1875,9251,3,16
1784687565.787,real_q8_tensor_220w_mtp,3,100,12351,212.47,69,1905,9251,3,16
1784687566.350,real_q8_tensor_220w_mtp,0,100,12351,198.15,65,1815,9251,3,16
1784687566.350,real_q8_tensor_220w_mtp,1,100,12351,205.43,70,1725,9251,3,16
1784687566.350,real_q8_tensor_220w_mtp,2,81,12351,202.22,74,1755,9251,3,16
1784687566.350,real_q8_tensor_220w_mtp,3,100,12351,207.70,71,1725,9251,3,16
1784687566.931,real_q8_tensor_220w_mtp,0,100,12351,199.39,64,1815,9251,3,16
1784687566.931,real_q8_tensor_220w_mtp,1,100,12351,209.90,69,1740,9251,3,16
1784687566.931,real_q8_tensor_220w_mtp,2,68,12351,207.83,75,1785,9251,3,16
1784687566.931,real_q8_tensor_220w_mtp,3,100,12351,207.76,70,1725,9251,3,16
1784687567.502,real_q8_tensor_220w_mtp,0,100,12351,209.12,65,1785,9251,3,16
1784687567.502,real_q8_tensor_220w_mtp,1,100,12351,214.32,70,1695,9251,3,16
1784687567.502,real_q8_tensor_220w_mtp,2,100,12351,217.03,74,1755,9251,3,16
1784687567.502,real_q8_tensor_220w_mtp,3,100,12351,214.13,71,1725,9251,3,16
1784687568.073,real_q8_tensor_220w_mtp,0,100,12351,197.88,63,1785,9251,3,16
1784687568.073,real_q8_tensor_220w_mtp,1,100,12351,204.68,69,1710,9251,3,16
1784687568.073,real_q8_tensor_220w_mtp,2,45,12351,201.97,73,1755,9251,3,16
1784687568.073,real_q8_tensor_220w_mtp,3,100,12351,205.24,70,1725,9251,3,16
1784687568.643,real_q8_tensor_220w_mtp,0,100,12351,198.11,65,1785,9251,3,16
1784687568.643,real_q8_tensor_220w_mtp,1,100,12351,204.60,70,1695,9251,3,16
1784687568.643,real_q8_tensor_220w_mtp,2,45,12351,201.66,75,1755,9251,3,16
1784687568.643,real_q8_tensor_220w_mtp,3,100,12351,205.98,71,1710,9251,3,16
1784687569.239,real_q8_tensor_220w_mtp,0,100,12351,212.96,65,1785,9251,3,16
1784687569.239,real_q8_tensor_220w_mtp,1,100,12351,217.91,70,1710,9251,3,16
1784687569.239,real_q8_tensor_220w_mtp,2,100,12351,215.59,75,1770,9251,3,16
1784687569.239,real_q8_tensor_220w_mtp,3,100,12351,217.75,71,1725,9251,3,16
1784687569.828,real_q8_tensor_220w_mtp,0,65,12351,209.15,64,1920,9251,3,16
1784687569.828,real_q8_tensor_220w_mtp,1,22,12351,210.74,70,1890,9251,3,16
1784687569.828,real_q8_tensor_220w_mtp,2,100,12351,208.65,74,1890,9251,3,16
1784687569.828,real_q8_tensor_220w_mtp,3,52,12351,212.64,69,1905,9251,3,16
1784687570.388,real_q8_tensor_220w_mtp,0,65,12351,197.57,65,1830,9251,3,16
1784687570.388,real_q8_tensor_220w_mtp,1,22,12351,203.98,70,1710,9251,3,16
1784687570.388,real_q8_tensor_220w_mtp,2,100,12351,201.44,75,1740,9251,3,16
1784687570.388,real_q8_tensor_220w_mtp,3,52,12351,204.31,70,1740,9251,3,16
1784687570.953,real_q8_tensor_220w_mtp,0,100,12351,203.68,65,1770,9251,3,16
1784687570.953,real_q8_tensor_220w_mtp,1,64,12351,208.37,70,1695,9251,3,16
1784687570.953,real_q8_tensor_220w_mtp,2,100,12351,203.83,74,1755,9251,3,16
1784687570.953,real_q8_tensor_220w_mtp,3,76,12351,210.08,70,1695,9251,3,16
1784687571.523,real_q8_tensor_220w_mtp,0,82,12351,208.79,65,1800,9251,3,16
1784687571.523,real_q8_tensor_220w_mtp,1,82,12351,215.08,70,1740,9251,3,16
1784687571.523,real_q8_tensor_220w_mtp,2,100,12351,212.04,74,1785,9251,3,16
1784687571.523,real_q8_tensor_220w_mtp,3,82,12351,213.65,70,1725,9251,3,16
1784687572.095,real_q8_tensor_220w_mtp,0,17,12351,195.39,63,1815,9251,3,16
1784687572.095,real_q8_tensor_220w_mtp,1,76,12351,205.38,68,1695,9251,3,16
1784687572.095,real_q8_tensor_220w_mtp,2,47,12351,201.18,72,1725,9251,3,16
1784687572.095,real_q8_tensor_220w_mtp,3,30,12351,204.10,70,1725,9251,3,16
1784687572.685,real_q8_tensor_220w_mtp,0,17,12351,196.75,65,1815,9251,3,16
1784687572.685,real_q8_tensor_220w_mtp,1,76,12351,203.96,70,1695,9251,3,16
1784687572.685,real_q8_tensor_220w_mtp,2,100,12351,200.80,74,1740,9251,3,16
1784687572.685,real_q8_tensor_220w_mtp,3,30,12351,204.72,70,1725,9251,3,16
1784687573.279,real_q8_tensor_220w_mtp,0,100,12351,212.49,66,1815,9251,3,16
1784687573.279,real_q8_tensor_220w_mtp,1,100,12351,216.11,70,1695,9251,3,16
1784687573.279,real_q8_tensor_220w_mtp,2,100,12351,215.29,75,1740,9251,3,16
1784687573.279,real_q8_tensor_220w_mtp,3,100,12351,216.07,71,1710,9251,3,16
1784687573.851,real_q8_tensor_220w_mtp,0,100,12351,209.39,66,1860,9251,3,16
1784687573.851,real_q8_tensor_220w_mtp,1,100,12351,216.89,69,1830,9251,3,16
1784687573.851,real_q8_tensor_220w_mtp,2,95,12351,215.90,73,1830,9251,3,16
1784687573.851,real_q8_tensor_220w_mtp,3,100,12351,211.43,71,1830,9251,3,16
1784687574.409,real_q8_tensor_220w_mtp,0,100,12351,196.69,65,1785,9251,3,16
1784687574.409,real_q8_tensor_220w_mtp,1,100,12351,203.77,70,1695,9251,3,16
1784687574.409,real_q8_tensor_220w_mtp,2,95,12351,200.12,74,1740,9251,3,16
1784687574.409,real_q8_tensor_220w_mtp,3,100,12351,203.88,70,1755,9251,3,16
1784687575.005,real_q8_tensor_220w_mtp,0,100,12351,200.06,65,1860,9251,3,16
1784687575.005,real_q8_tensor_220w_mtp,1,100,12351,203.93,71,1815,9251,3,16
1784687575.005,real_q8_tensor_220w_mtp,2,65,12351,204.07,75,1815,9251,3,16
1784687575.005,real_q8_tensor_220w_mtp,3,100,12351,208.81,71,1800,9251,3,16
1784687575.572,real_q8_tensor_220w_mtp,0,82,12351,209.87,64,1770,9251,3,16
1784687575.572,real_q8_tensor_220w_mtp,1,62,12351,213.38,70,1680,9251,3,16
1784687575.572,real_q8_tensor_220w_mtp,2,65,12351,211.48,74,1740,9251,3,16
1784687575.572,real_q8_tensor_220w_mtp,3,96,12351,213.34,70,1710,9251,3,16
1784687576.142,real_q8_tensor_220w_mtp,0,82,12351,203.58,64,1920,9251,3,16
1784687576.142,real_q8_tensor_220w_mtp,1,62,12351,208.75,69,1890,9251,3,16
1784687576.142,real_q8_tensor_220w_mtp,2,32,12351,205.75,73,1890,9251,3,16
1784687576.142,real_q8_tensor_220w_mtp,3,96,12351,207.21,69,1920,9251,3,16
1784687576.700,real_q8_tensor_220w_mtp,0,63,12351,196.66,65,1815,9251,3,16
1784687576.700,real_q8_tensor_220w_mtp,1,80,12351,204.07,70,1725,9251,3,16
1784687576.700,real_q8_tensor_220w_mtp,2,32,12351,201.18,74,1770,9251,3,16
1784687576.700,real_q8_tensor_220w_mtp,3,63,12351,204.92,70,1755,9251,3,16
1784687577.317,real_q8_tensor_220w_mtp,0,63,12351,211.47,65,1770,9251,3,16
1784687577.317,real_q8_tensor_220w_mtp,1,80,12351,215.52,70,1680,9251,3,16
1784687577.317,real_q8_tensor_220w_mtp,2,100,12351,215.09,74,1770,9251,3,16
1784687577.317,real_q8_tensor_220w_mtp,3,63,12351,216.70,71,1710,9251,3,16
1784687577.886,real_q8_tensor_220w_mtp,0,100,12351,212.40,66,1785,9251,3,16
1784687577.886,real_q8_tensor_220w_mtp,1,100,12351,215.99,70,1680,9251,3,16
1784687577.886,real_q8_tensor_220w_mtp,2,100,12351,214.49,74,1725,9251,3,16
1784687577.886,real_q8_tensor_220w_mtp,3,100,12351,216.10,71,1695,9251,3,16
1784687578.454,real_q8_tensor_220w_mtp,0,100,12351,196.21,65,1815,9251,3,16
1784687578.454,real_q8_tensor_220w_mtp,1,100,12351,202.47,70,1695,9251,3,16
1784687578.454,real_q8_tensor_220w_mtp,2,100,12351,199.99,74,1725,9251,3,16
1784687578.454,real_q8_tensor_220w_mtp,3,100,12351,203.43,70,1710,9251,3,16
1784687579.023,real_q8_tensor_220w_mtp,0,100,12351,196.51,65,1785,9251,3,16
1784687579.023,real_q8_tensor_220w_mtp,1,100,12351,201.95,70,1725,9251,3,16
1784687579.023,real_q8_tensor_220w_mtp,2,88,12351,199.54,75,1770,9251,3,16
1784687579.023,real_q8_tensor_220w_mtp,3,100,12351,202.98,70,1740,9251,3,16
1784687579.593,real_q8_tensor_220w_mtp,0,100,12351,214.31,65,1770,9251,3,16
1784687579.593,real_q8_tensor_220w_mtp,1,100,12351,215.38,70,1680,9251,3,16
1784687579.593,real_q8_tensor_220w_mtp,2,100,12351,213.81,75,1725,9251,3,16
1784687579.593,real_q8_tensor_220w_mtp,3,100,12351,215.76,71,1710,9251,3,16
1784687580.160,real_q8_tensor_220w_mtp,0,43,12351,208.17,64,1920,9251,3,16
1784687580.160,real_q8_tensor_220w_mtp,1,64,12351,212.82,69,1905,9251,3,16
1784687580.160,real_q8_tensor_220w_mtp,2,100,12351,211.75,73,1890,9251,3,16
1784687580.160,real_q8_tensor_220w_mtp,3,33,12351,210.90,69,1920,9251,3,16
1784687580.745,real_q8_tensor_220w_mtp,0,43,12351,199.73,65,1800,9251,3,16
1784687580.745,real_q8_tensor_220w_mtp,1,64,12351,202.28,70,1680,9251,3,16
1784687580.745,real_q8_tensor_220w_mtp,2,100,12351,199.28,74,1710,9251,3,16
1784687580.745,real_q8_tensor_220w_mtp,3,33,12351,207.41,71,1740,9251,3,16
1784687581.339,real_q8_tensor_220w_mtp,0,100,12351,202.88,65,1905,9251,3,16
1784687581.339,real_q8_tensor_220w_mtp,1,64,12351,205.23,69,1875,9251,3,16
1784687581.339,real_q8_tensor_220w_mtp,2,100,12351,203.20,73,1845,9251,3,16
1784687581.339,real_q8_tensor_220w_mtp,3,100,12351,209.19,71,1905,9251,3,16
1784687581.908,real_q8_tensor_220w_mtp,0,100,12351,209.61,65,1755,9251,3,16
1784687581.908,real_q8_tensor_220w_mtp,1,64,12351,212.80,70,1665,9251,3,16
1784687581.908,real_q8_tensor_220w_mtp,2,100,12351,210.01,74,1725,9251,3,16
1784687581.908,real_q8_tensor_220w_mtp,3,100,12351,213.38,70,1740,9251,3,16
1784687582.477,real_q8_tensor_220w_mtp,0,31,12351,201.55,64,1920,9251,3,16
1784687582.477,real_q8_tensor_220w_mtp,1,35,12351,207.61,69,1905,9251,3,16
1784687582.477,real_q8_tensor_220w_mtp,2,58,12351,197.66,73,1890,9251,3,16
1784687582.477,real_q8_tensor_220w_mtp,3,33,12351,205.77,69,1920,9251,3,16
1784687583.061,real_q8_tensor_220w_mtp,0,98,12351,195.08,64,1770,9251,3,16
1784687583.061,real_q8_tensor_220w_mtp,1,35,12351,201.25,70,1665,9251,3,16
1784687583.061,real_q8_tensor_220w_mtp,2,61,12351,197.16,74,1725,9251,3,16
1784687583.061,real_q8_tensor_220w_mtp,3,33,12351,202.65,69,1695,9251,3,16
1784687583.632,real_q8_tensor_220w_mtp,0,91,12351,206.11,65,1785,9251,3,16
1784687583.632,real_q8_tensor_220w_mtp,1,100,12351,216.71,70,1725,9251,3,16
1784687583.632,real_q8_tensor_220w_mtp,2,61,12351,213.76,74,1725,9251,3,16
1784687583.632,real_q8_tensor_220w_mtp,3,100,12351,212.46,70,1740,9251,3,16
1784687584.202,real_q8_tensor_220w_mtp,0,91,12351,213.18,66,1800,9251,3,16
1784687584.202,real_q8_tensor_220w_mtp,1,100,12351,215.07,70,1680,9251,3,16
1784687584.202,real_q8_tensor_220w_mtp,2,100,12351,213.44,74,1710,9251,3,16
1784687584.202,real_q8_tensor_220w_mtp,3,100,12351,214.93,71,1695,9251,3,16
1784687584.770,real_q8_tensor_220w_mtp,0,68,12351,195.13,65,1770,9251,3,16
1784687584.770,real_q8_tensor_220w_mtp,1,40,12351,199.67,69,1665,9251,3,16
1784687584.770,real_q8_tensor_220w_mtp,2,100,12351,195.37,73,1710,9251,3,16
1784687584.770,real_q8_tensor_220w_mtp,3,83,12351,201.34,70,1695,9251,3,16
1784687585.363,real_q8_tensor_220w_mtp,0,68,12351,193.68,65,1770,9251,3,16
1784687585.363,real_q8_tensor_220w_mtp,1,40,12351,200.62,70,1680,9251,3,16
1784687585.363,real_q8_tensor_220w_mtp,2,100,12351,195.78,74,1710,9251,3,16
1784687585.363,real_q8_tensor_220w_mtp,3,83,12351,202.12,70,1680,9251,3,16
1784687585.957,real_q8_tensor_220w_mtp,0,100,12351,211.64,65,1755,9251,3,16
1784687585.957,real_q8_tensor_220w_mtp,1,100,12351,214.55,70,1665,9251,3,16
1784687585.957,real_q8_tensor_220w_mtp,2,100,12351,213.43,74,1770,9251,3,16
1784687585.957,real_q8_tensor_220w_mtp,3,100,12351,216.01,71,1695,9251,3,16
1784687586.526,real_q8_tensor_220w_mtp,0,100,12351,211.04,66,1815,9251,3,16
1784687586.526,real_q8_tensor_220w_mtp,1,100,12351,214.00,70,1785,9251,3,16
1784687586.526,real_q8_tensor_220w_mtp,2,100,12351,214.29,74,1815,9251,3,16
1784687586.526,real_q8_tensor_220w_mtp,3,100,12351,212.22,71,1770,9251,3,16
1784687587.110,real_q8_tensor_220w_mtp,0,100,12351,193.63,65,1785,9251,3,16
1784687587.110,real_q8_tensor_220w_mtp,1,100,12351,198.99,70,1665,9251,3,16
1784687587.110,real_q8_tensor_220w_mtp,2,100,12351,195.52,74,1725,9251,3,16
1784687587.110,real_q8_tensor_220w_mtp,3,100,12351,200.36,70,1695,9251,3,16
1784687587.679,real_q8_tensor_220w_mtp,0,100,12351,195.28,65,1755,9251,3,16
1784687587.679,real_q8_tensor_220w_mtp,1,100,12351,199.25,70,1680,9251,3,16
1784687587.679,real_q8_tensor_220w_mtp,2,100,12351,195.10,75,1695,9251,3,16
1784687587.679,real_q8_tensor_220w_mtp,3,100,12351,203.09,70,1680,9251,3,16
1784687588.249,real_q8_tensor_220w_mtp,0,100,12351,213.77,66,1830,9251,3,16
1784687588.249,real_q8_tensor_220w_mtp,1,100,12351,214.51,70,1785,9251,3,16
1784687588.249,real_q8_tensor_220w_mtp,2,100,12351,213.24,74,1710,9251,3,16
1784687588.249,real_q8_tensor_220w_mtp,3,88,12351,214.39,71,1800,9251,3,16
1784687588.832,real_q8_tensor_220w_mtp,0,100,12351,211.62,64,1920,9251,3,16
1784687588.832,real_q8_tensor_220w_mtp,1,100,12351,209.83,69,1860,9251,3,16
1784687588.832,real_q8_tensor_220w_mtp,2,33,12351,207.97,73,1845,9251,3,16
1784687588.832,real_q8_tensor_220w_mtp,3,88,12351,212.31,69,1890,9251,3,16
1784687589.393,real_q8_tensor_220w_mtp,0,100,12351,193.74,65,1755,9251,3,16
1784687589.393,real_q8_tensor_220w_mtp,1,100,12351,203.56,70,1665,9251,3,16
1784687589.393,real_q8_tensor_220w_mtp,2,33,12351,201.71,74,1740,9251,3,16
1784687589.393,real_q8_tensor_220w_mtp,3,100,12351,201.54,70,1695,9251,3,16
1784687589.987,real_q8_tensor_220w_mtp,0,100,12351,204.24,66,1755,9251,3,16
1784687589.987,real_q8_tensor_220w_mtp,1,100,12351,204.65,70,1725,9251,3,16
1784687589.987,real_q8_tensor_220w_mtp,2,100,12351,202.73,74,1740,9251,3,16
1784687589.987,real_q8_tensor_220w_mtp,3,100,12351,208.12,70,1710,9251,3,16
1784687590.546,real_q8_tensor_220w_mtp,0,64,12351,211.34,64,1740,9251,3,16
1784687590.546,real_q8_tensor_220w_mtp,1,59,12351,211.03,70,1665,9251,3,16
1784687590.546,real_q8_tensor_220w_mtp,2,80,12351,208.85,74,1710,9251,3,16
1784687590.546,real_q8_tensor_220w_mtp,3,77,12351,211.65,69,1680,9251,3,16
1784687591.119,real_q8_tensor_220w_mtp,0,64,12351,204.96,64,1905,9251,3,16
1784687591.119,real_q8_tensor_220w_mtp,1,59,12351,209.30,69,1800,9251,3,16
1784687591.119,real_q8_tensor_220w_mtp,2,37,12351,206.30,73,1890,9251,3,16
1784687591.119,real_q8_tensor_220w_mtp,3,77,12351,207.31,69,1860,9251,3,16
1784687591.679,real_q8_tensor_220w_mtp,0,100,12351,197.84,65,1755,9251,3,16
1784687591.679,real_q8_tensor_220w_mtp,1,100,12351,203.41,70,1680,9251,3,16
1784687591.679,real_q8_tensor_220w_mtp,2,37,12351,201.00,74,1680,9251,3,16
1784687591.679,real_q8_tensor_220w_mtp,3,100,12351,203.94,70,1680,9251,3,16
1784687592.243,real_q8_tensor_220w_mtp,0,100,12351,204.57,65,1755,9251,3,16
1784687592.243,real_q8_tensor_220w_mtp,1,100,12351,205.43,69,1635,9251,3,16
1784687592.243,real_q8_tensor_220w_mtp,2,70,12351,203.37,73,1710,9251,3,16
1784687592.243,real_q8_tensor_220w_mtp,3,100,12351,209.41,70,1680,9251,3,16
1784687592.840,real_q8_tensor_220w_mtp,0,100,12351,212.76,65,1740,9251,3,16
1784687592.840,real_q8_tensor_220w_mtp,1,100,12351,213.87,70,1725,9251,3,16
1784687592.840,real_q8_tensor_220w_mtp,2,79,12351,210.79,74,1755,9251,3,16
1784687592.840,real_q8_tensor_220w_mtp,3,100,12351,215.12,70,1665,9251,3,16
1784687593.437,real_q8_tensor_220w_mtp,0,100,12351,201.29,64,1920,9251,3,16
1784687593.437,real_q8_tensor_220w_mtp,1,100,12351,203.15,68,1905,9251,3,16
1784687593.437,real_q8_tensor_220w_mtp,2,30,12351,199.83,72,1890,9251,3,16
1784687593.437,real_q8_tensor_220w_mtp,3,100,12351,204.90,69,1905,9251,3,16
1784687593.997,real_q8_tensor_220w_mtp,0,70,12351,192.68,64,1740,9251,3,16
1784687593.997,real_q8_tensor_220w_mtp,1,98,12351,202.38,69,1605,9251,3,16
1784687593.997,real_q8_tensor_220w_mtp,2,100,12351,196.20,75,1710,9251,3,16
1784687593.997,real_q8_tensor_220w_mtp,3,58,12351,198.57,69,1650,9251,3,16
1784687594.570,real_q8_tensor_220w_mtp,0,80,12351,210.09,65,1800,9251,3,16
1784687594.570,real_q8_tensor_220w_mtp,1,98,12351,210.49,70,1695,9251,3,16
1784687594.570,real_q8_tensor_220w_mtp,2,73,12351,208.46,74,1695,9251,3,16
1784687594.570,real_q8_tensor_220w_mtp,3,58,12351,215.65,70,1740,9251,3,16
1784687595.139,real_q8_tensor_220w_mtp,0,100,12351,211.98,65,1770,9251,3,16
1784687595.139,real_q8_tensor_220w_mtp,1,100,12351,213.19,70,1695,9251,3,16
1784687595.139,real_q8_tensor_220w_mtp,2,73,12351,212.46,74,1740,9251,3,16
1784687595.139,real_q8_tensor_220w_mtp,3,100,12351,214.91,70,1665,9251,3,16
1784687595.711,real_q8_tensor_220w_mtp,0,100,12351,197.21,63,1920,9251,3,16
1784687595.711,real_q8_tensor_220w_mtp,1,100,12351,197.23,69,1905,9251,3,16
1784687595.711,real_q8_tensor_220w_mtp,2,12,12351,194.11,73,1890,9251,3,16
1784687595.711,real_q8_tensor_220w_mtp,3,100,12351,201.59,69,1920,9251,3,16
1784687596.279,real_q8_tensor_220w_mtp,0,59,12351,192.48,65,1800,9251,3,16
1784687596.279,real_q8_tensor_220w_mtp,1,59,12351,197.70,70,1695,9251,3,16
1784687596.279,real_q8_tensor_220w_mtp,2,12,12351,194.34,74,1740,9251,3,16
1784687596.279,real_q8_tensor_220w_mtp,3,71,12351,199.82,70,1740,9251,3,16
1784687596.853,real_q8_tensor_220w_mtp,0,59,12351,211.62,65,1800,9251,3,16
1784687596.853,real_q8_tensor_220w_mtp,1,59,12351,215.04,70,1650,9251,3,16
1784687596.853,real_q8_tensor_220w_mtp,2,100,12351,213.36,74,1695,9251,3,16
1784687596.853,real_q8_tensor_220w_mtp,3,71,12351,213.56,70,1710,9251,3,16
1784687597.447,real_q8_tensor_220w_mtp,0,100,12351,212.20,66,1740,9251,3,16
1784687597.447,real_q8_tensor_220w_mtp,1,100,12351,213.24,70,1665,9251,3,16
1784687597.447,real_q8_tensor_220w_mtp,2,100,12351,211.95,74,1710,9251,3,16
1784687597.447,real_q8_tensor_220w_mtp,3,100,12351,213.76,70,1665,9251,3,16
1784687598.019,real_q8_tensor_220w_mtp,0,28,12351,192.48,63,1800,9251,3,16
1784687598.019,real_q8_tensor_220w_mtp,1,37,12351,198.42,68,1695,9251,3,16
1784687598.019,real_q8_tensor_220w_mtp,2,51,12351,194.18,73,1740,9251,3,16
1784687598.019,real_q8_tensor_220w_mtp,3,36,12351,197.72,69,1680,9251,3,16
1784687598.592,real_q8_tensor_220w_mtp,0,92,12351,192.49,65,1740,9251,3,16
1784687598.592,real_q8_tensor_220w_mtp,1,66,12351,199.06,70,1635,9251,3,16
1784687598.592,real_q8_tensor_220w_mtp,2,51,12351,193.85,74,1695,9251,3,16
1784687598.592,real_q8_tensor_220w_mtp,3,100,12351,199.84,70,1650,9251,3,16
1784687599.161,real_q8_tensor_220w_mtp,0,92,12351,213.05,65,1725,9251,3,16
1784687599.161,real_q8_tensor_220w_mtp,1,66,12351,214.00,70,1620,9251,3,16
1784687599.161,real_q8_tensor_220w_mtp,2,100,12351,212.69,74,1695,9251,3,16
1784687599.161,real_q8_tensor_220w_mtp,3,100,12351,215.06,70,1650,9251,3,16
1784687599.756,real_q8_tensor_220w_mtp,0,100,12351,212.35,65,1740,9251,3,16
1784687599.756,real_q8_tensor_220w_mtp,1,100,12351,214.99,70,1695,9251,3,16
1784687599.756,real_q8_tensor_220w_mtp,2,100,12351,213.29,74,1710,9251,3,16
1784687599.756,real_q8_tensor_220w_mtp,3,100,12351,214.43,70,1695,9251,3,16
1784687600.327,real_q8_tensor_220w_mtp,0,100,12351,190.07,64,1740,9251,3,16
1784687600.327,real_q8_tensor_220w_mtp,1,100,12351,199.61,70,1695,9251,3,16
1784687600.327,real_q8_tensor_220w_mtp,2,76,12351,195.14,74,1740,9251,3,16
1784687600.327,real_q8_tensor_220w_mtp,3,100,12351,198.02,69,1680,9251,3,16
1784687600.899,real_q8_tensor_220w_mtp,0,100,12351,191.59,65,1785,9251,3,16
1784687600.899,real_q8_tensor_220w_mtp,1,83,12351,197.96,70,1635,9251,3,16
1784687600.899,real_q8_tensor_220w_mtp,2,76,12351,195.05,74,1680,9251,3,16
1784687600.899,real_q8_tensor_220w_mtp,3,100,12351,198.21,70,1680,9251,3,16
1784687601.469,real_q8_tensor_220w_mtp,0,100,12351,211.62,65,1740,9251,3,16
1784687601.469,real_q8_tensor_220w_mtp,1,83,12351,213.46,70,1635,9251,3,16
1784687601.469,real_q8_tensor_220w_mtp,2,100,12351,211.84,74,1695,9251,3,16
1784687601.469,real_q8_tensor_220w_mtp,3,100,12351,213.57,70,1665,9251,3,16
1784687602.040,real_q8_tensor_220w_mtp,0,100,12351,210.58,65,1755,9251,3,16
1784687602.040,real_q8_tensor_220w_mtp,1,100,12351,214.52,70,1665,9251,3,16
1784687602.040,real_q8_tensor_220w_mtp,2,95,12351,211.74,74,1680,9251,3,16
1784687602.040,real_q8_tensor_220w_mtp,3,100,12351,213.98,70,1665,9251,3,16
1784687602.609,real_q8_tensor_220w_mtp,0,100,12351,189.23,64,1725,9251,3,16
1784687602.609,real_q8_tensor_220w_mtp,1,100,12351,197.88,68,1620,9251,3,16
1784687602.609,real_q8_tensor_220w_mtp,2,82,12351,193.41,72,1695,9251,3,16
1784687602.609,real_q8_tensor_220w_mtp,3,100,12351,197.82,69,1665,9251,3,16
1784687603.179,real_q8_tensor_220w_mtp,0,100,12351,189.73,65,1785,9251,3,16
1784687603.179,real_q8_tensor_220w_mtp,1,100,12351,196.11,70,1665,9251,3,16
1784687603.179,real_q8_tensor_220w_mtp,2,78,12351,192.60,74,1680,9251,3,16
1784687603.179,real_q8_tensor_220w_mtp,3,100,12351,197.11,70,1740,9251,3,16
1784687603.776,real_q8_tensor_220w_mtp,0,100,12351,196.33,65,1755,9251,3,16
1784687603.776,real_q8_tensor_220w_mtp,1,100,12351,204.54,70,1665,9251,3,16
1784687603.776,real_q8_tensor_220w_mtp,2,69,12351,205.22,73,1695,9251,3,16
1784687603.776,real_q8_tensor_220w_mtp,3,100,12351,212.87,70,1665,9251,3,16
1784687604.383,real_q8_tensor_220w_mtp,0,100,12351,209.78,65,1740,9251,3,16
1784687604.383,real_q8_tensor_220w_mtp,1,100,12351,214.11,71,1635,9251,3,16
1784687604.383,real_q8_tensor_220w_mtp,2,100,12351,212.57,75,1740,9251,3,16
1784687604.383,real_q8_tensor_220w_mtp,3,100,12351,213.77,71,1635,9251,3,16
1784687604.955,real_q8_tensor_220w_mtp,0,100,12351,190.45,63,1725,9251,3,16
1784687604.955,real_q8_tensor_220w_mtp,1,75,12351,200.10,70,1635,9251,3,16
1784687604.955,real_q8_tensor_220w_mtp,2,100,12351,194.68,74,1680,9251,3,16
1784687604.955,real_q8_tensor_220w_mtp,3,100,12351,198.82,70,1740,9251,3,16
1784687605.529,real_q8_tensor_220w_mtp,0,78,12351,190.70,65,1740,9251,3,16
1784687605.529,real_q8_tensor_220w_mtp,1,78,12351,198.93,70,1635,9251,3,16
1784687605.529,real_q8_tensor_220w_mtp,2,100,12351,194.72,74,1680,9251,3,16
1784687605.529,real_q8_tensor_220w_mtp,3,78,12351,198.78,70,1650,9251,3,16
1784687606.105,real_q8_tensor_220w_mtp,0,100,12351,210.15,65,1800,9251,3,16
1784687606.105,real_q8_tensor_220w_mtp,1,100,12351,213.37,71,1695,9251,3,16
1784687606.105,real_q8_tensor_220w_mtp,2,100,12351,211.31,74,1680,9251,3,16
1784687606.105,real_q8_tensor_220w_mtp,3,100,12351,214.18,71,1725,9251,3,16
1784687606.678,real_q8_tensor_220w_mtp,0,100,12351,210.66,66,1740,9251,3,16
1784687606.678,real_q8_tensor_220w_mtp,1,100,12351,213.87,71,1695,9251,3,16
1784687606.678,real_q8_tensor_220w_mtp,2,100,12351,212.09,74,1725,9251,3,16
1784687606.678,real_q8_tensor_220w_mtp,3,100,12351,213.23,70,1665,9251,3,16
1784687607.272,real_q8_tensor_220w_mtp,0,83,12351,189.38,65,1800,9251,3,16
1784687607.272,real_q8_tensor_220w_mtp,1,57,12351,196.72,70,1650,9251,3,16
1784687607.272,real_q8_tensor_220w_mtp,2,100,12351,191.52,73,1725,9251,3,16
1784687607.272,real_q8_tensor_220w_mtp,3,95,12351,194.68,69,1740,9251,3,16
1784687607.844,real_q8_tensor_220w_mtp,0,83,12351,189.73,65,1725,9251,3,16
1784687607.844,real_q8_tensor_220w_mtp,1,57,12351,195.80,71,1620,9251,3,16
1784687607.844,real_q8_tensor_220w_mtp,2,100,12351,190.93,74,1680,9251,3,16
1784687607.844,real_q8_tensor_220w_mtp,3,95,12351,194.88,70,1650,9251,3,16
1784687608.445,real_q8_tensor_220w_mtp,0,100,12351,211.34,65,1800,9251,3,16
1784687608.445,real_q8_tensor_220w_mtp,1,100,12351,213.50,71,1665,9251,3,16
1784687608.445,real_q8_tensor_220w_mtp,2,100,12351,211.44,74,1725,9251,3,16
1784687608.445,real_q8_tensor_220w_mtp,3,100,12351,214.06,70,1725,9251,3,16
1784687609.025,real_q8_tensor_220w_mtp,0,100,12351,211.25,66,1740,9251,3,16
1784687609.025,real_q8_tensor_220w_mtp,1,100,12351,214.29,71,1665,9251,3,16
1784687609.025,real_q8_tensor_220w_mtp,2,100,12351,211.53,74,1740,9251,3,16
1784687609.025,real_q8_tensor_220w_mtp,3,92,12351,214.47,70,1665,9251,3,16
1784687609.613,real_q8_tensor_220w_mtp,0,100,12351,186.05,64,1800,9251,3,16
1784687609.613,real_q8_tensor_220w_mtp,1,100,12351,193.52,70,1650,9251,3,16
1784687609.613,real_q8_tensor_220w_mtp,2,100,12351,189.56,74,1725,9251,3,16
1784687609.613,real_q8_tensor_220w_mtp,3,100,12351,197.64,70,1665,9251,3,16
1784687610.377,real_q8_tensor_220w_mtp,0,100,12351,194.35,65,1755,9251,3,16
1784687610.377,real_q8_tensor_220w_mtp,1,100,12351,203.17,71,1620,9251,3,16
1784687610.377,real_q8_tensor_220w_mtp,2,100,12351,200.98,74,1740,9251,3,16
1784687610.377,real_q8_tensor_220w_mtp,3,100,12351,202.96,70,1650,9251,3,16
1784687610.992,real_q8_tensor_220w_mtp,0,100,12351,210.48,65,1725,9251,3,16
1784687610.992,real_q8_tensor_220w_mtp,1,100,12351,213.01,71,1620,9251,3,16
1784687610.992,real_q8_tensor_220w_mtp,2,100,12351,211.01,74,1665,9251,3,16
1784687610.992,real_q8_tensor_220w_mtp,3,100,12351,213.50,70,1635,9251,3,16
1784687611.560,real_q8_tensor_220w_mtp,0,90,12351,208.60,64,1905,9251,3,16
1784687611.560,real_q8_tensor_220w_mtp,1,100,12351,206.32,71,1875,9251,3,16
1784687611.560,real_q8_tensor_220w_mtp,2,23,12351,203.34,74,1875,9251,3,16
1784687611.560,real_q8_tensor_220w_mtp,3,100,12351,211.49,69,1890,9251,3,16
1784687612.166,real_q8_tensor_220w_mtp,0,100,12351,188.78,65,1725,9251,3,16
1784687612.166,real_q8_tensor_220w_mtp,1,100,12351,195.02,70,1620,9251,3,16
1784687612.166,real_q8_tensor_220w_mtp,2,23,12351,193.30,74,1665,9251,3,16
1784687612.166,real_q8_tensor_220w_mtp,3,100,12351,199.01,70,1650,9251,3,16
1784687612.758,real_q8_tensor_220w_mtp,0,100,12351,195.46,65,1725,9251,3,16
1784687612.758,real_q8_tensor_220w_mtp,1,100,12351,200.97,71,1620,9251,3,16
1784687612.758,real_q8_tensor_220w_mtp,2,100,12351,199.71,74,1680,9251,3,16
1784687612.758,real_q8_tensor_220w_mtp,3,100,12351,202.30,70,1650,9251,3,16
1784687613.362,real_q8_tensor_220w_mtp,0,100,12351,210.15,65,1725,9251,3,16
1784687613.362,real_q8_tensor_220w_mtp,1,100,12351,212.87,71,1620,9251,3,16
1784687613.362,real_q8_tensor_220w_mtp,2,100,12351,210.17,74,1680,9251,3,16
1784687613.362,real_q8_tensor_220w_mtp,3,100,12351,212.53,70,1635,9251,3,16
1784687613.955,real_q8_tensor_220w_mtp,0,96,12351,208.88,64,1875,9251,3,16
1784687613.955,real_q8_tensor_220w_mtp,1,100,12351,212.62,71,1755,9251,3,16
1784687613.955,real_q8_tensor_220w_mtp,2,100,12351,210.63,74,1845,9251,3,16
1784687613.955,real_q8_tensor_220w_mtp,3,100,12351,210.85,69,1890,9251,3,16
1784687614.545,real_q8_tensor_220w_mtp,0,100,12351,185.56,65,1785,9251,3,16
1784687614.545,real_q8_tensor_220w_mtp,1,100,12351,190.91,70,1680,9251,3,16
1784687614.545,real_q8_tensor_220w_mtp,2,69,12351,186.09,73,1740,9251,3,16
1784687614.545,real_q8_tensor_220w_mtp,3,100,12351,195.41,70,1725,9251,3,16
1784687615.140,real_q8_tensor_220w_mtp,0,100,12351,191.17,65,1710,9251,3,16
1784687615.140,real_q8_tensor_220w_mtp,1,100,12351,197.81,71,1620,9251,3,16
1784687615.140,real_q8_tensor_220w_mtp,2,100,12351,192.78,74,1680,9251,3,16
1784687615.140,real_q8_tensor_220w_mtp,3,100,12351,200.06,70,1635,9251,3,16
1784687615.710,real_q8_tensor_220w_mtp,0,100,12351,210.33,65,1785,9251,3,16
1784687615.710,real_q8_tensor_220w_mtp,1,100,12351,212.35,71,1695,9251,3,16
1784687615.710,real_q8_tensor_220w_mtp,2,100,12351,210.56,74,1740,9251,3,16
1784687615.710,real_q8_tensor_220w_mtp,3,100,12351,213.70,70,1725,9251,3,16
1784687616.343,real_q8_tensor_220w_mtp,0,100,12351,209.42,65,1755,9251,3,16
1784687616.343,real_q8_tensor_220w_mtp,1,100,12351,211.46,71,1695,9251,3,16
1784687616.343,real_q8_tensor_220w_mtp,2,100,12351,210.40,74,1650,9251,3,16
1784687616.343,real_q8_tensor_220w_mtp,3,100,12351,213.09,71,1710,9251,3,16
1784687616.926,real_q8_tensor_220w_mtp,0,100,12351,189.71,64,1830,9251,3,16
1784687616.926,real_q8_tensor_220w_mtp,1,100,12351,197.25,70,1785,9251,3,16
1784687616.926,real_q8_tensor_220w_mtp,2,100,12351,193.01,73,1710,9251,3,16
1784687616.926,real_q8_tensor_220w_mtp,3,100,12351,199.42,70,1815,9251,3,16
1784687617.485,real_q8_tensor_220w_mtp,0,100,12351,145.03,62,1920,9251,3,16
1784687617.485,real_q8_tensor_220w_mtp,1,100,12351,164.00,67,1905,9251,3,16
1784687617.485,real_q8_tensor_220w_mtp,2,2,12351,155.25,70,1890,9251,3,16
1784687617.485,real_q8_tensor_220w_mtp,3,100,12351,162.20,67,1920,9251,3,16
1784687618.041,real_q8_tensor_220w_mtp,0,100,12351,159.71,65,1695,9251,3,16
1784687618.041,real_q8_tensor_220w_mtp,1,100,12351,169.87,70,1680,9251,3,16
1784687618.041,real_q8_tensor_220w_mtp,2,100,12351,161.78,73,1710,9251,3,16
1784687618.041,real_q8_tensor_220w_mtp,3,85,12351,173.84,70,1650,9251,3,16
1784687618.604,real_q8_tensor_220w_mtp,0,100,12351,161.77,62,1920,9251,3,16
1784687618.604,real_q8_tensor_220w_mtp,1,100,12351,173.73,67,1905,9251,3,16
1784687618.604,real_q8_tensor_220w_mtp,2,2,12351,165.99,70,1890,9251,3,16
1784687618.604,real_q8_tensor_220w_mtp,3,85,12351,174.69,67,1920,9251,3,16
1784687619.162,real_q8_tensor_220w_mtp,0,82,12351,149.31,64,1830,9251,3,16
1784687619.162,real_q8_tensor_220w_mtp,1,83,12351,165.70,69,1740,9251,3,16
1784687619.162,real_q8_tensor_220w_mtp,2,2,12351,156.23,73,1680,9251,3,16
1784687619.162,real_q8_tensor_220w_mtp,3,77,12351,167.47,69,1755,9251,3,16
1784687619.730,real_q8_tensor_220w_mtp,0,82,12351,201.16,64,1830,9251,3,16
1784687619.730,real_q8_tensor_220w_mtp,1,83,12351,205.16,70,1710,9251,3,16
1784687619.730,real_q8_tensor_220w_mtp,2,73,12351,201.08,73,1770,9251,3,16
1784687619.730,real_q8_tensor_220w_mtp,3,77,12351,209.49,69,1755,9251,3,16
1784687620.314,real_q8_tensor_220w_mtp,0,78,12351,207.99,64,1815,9251,3,16
1784687620.314,real_q8_tensor_220w_mtp,1,80,12351,213.09,70,1665,9251,3,16
1784687620.314,real_q8_tensor_220w_mtp,2,73,12351,210.79,73,1740,9251,3,16
1784687620.314,real_q8_tensor_220w_mtp,3,80,12351,212.82,69,1710,9251,3,16
1784687620.922,real_q8_tensor_220w_mtp,0,78,12351,214.62,64,1785,9251,3,16
1784687620.922,real_q8_tensor_220w_mtp,1,80,12351,216.09,70,1620,9251,3,16
1784687620.922,real_q8_tensor_220w_mtp,2,79,12351,214.00,73,1680,9251,3,16
1784687620.922,real_q8_tensor_220w_mtp,3,80,12351,218.25,69,1680,9251,3,16
1784687621.521,real_q8_tensor_220w_mtp,0,79,12351,215.69,64,1815,9251,3,16
1784687621.521,real_q8_tensor_220w_mtp,1,81,12351,217.81,70,1725,9251,3,16
1784687621.521,real_q8_tensor_220w_mtp,2,79,12351,216.82,73,1740,9251,3,16
1784687621.521,real_q8_tensor_220w_mtp,3,74,12351,217.50,69,1755,9251,3,16
1784687622.096,real_q8_tensor_220w_mtp,0,79,12351,209.04,63,1920,9251,3,16
1784687622.096,real_q8_tensor_220w_mtp,1,81,12351,207.87,69,1905,9251,3,16
1784687622.096,real_q8_tensor_220w_mtp,2,15,12351,206.18,71,1890,9251,3,16
1784687622.096,real_q8_tensor_220w_mtp,3,74,12351,210.90,68,1920,9251,3,16
1784687622.679,real_q8_tensor_220w_mtp,0,44,12351,158.73,63,1860,9251,3,16
1784687622.679,real_q8_tensor_220w_mtp,1,100,12351,172.60,68,1785,9251,3,16
1784687622.679,real_q8_tensor_220w_mtp,2,15,12351,164.56,71,1830,9251,3,16
1784687622.679,real_q8_tensor_220w_mtp,3,56,12351,171.59,68,1830,9251,3,16
1784687623.275,real_q8_tensor_220w_mtp,0,44,12351,173.90,65,1875,9251,3,16
1784687623.275,real_q8_tensor_220w_mtp,1,100,12351,183.62,70,1785,9251,3,16
1784687623.275,real_q8_tensor_220w_mtp,2,100,12351,174.82,73,1830,9251,3,16
1784687623.275,real_q8_tensor_220w_mtp,3,56,12351,185.74,70,1830,9251,3,16
1784687623.847,real_q8_tensor_220w_mtp,0,100,12351,213.82,65,1860,9251,3,16
1784687623.847,real_q8_tensor_220w_mtp,1,100,12351,218.19,70,1770,9251,3,16
1784687623.847,real_q8_tensor_220w_mtp,2,100,12351,214.07,74,1815,9251,3,16
1784687623.847,real_q8_tensor_220w_mtp,3,100,12351,216.31,70,1800,9251,3,16
1784687624.475,real_q8_tensor_220w_mtp,0,65,12351,206.59,65,1875,9251,3,16
1784687624.475,real_q8_tensor_220w_mtp,1,94,12351,211.84,70,1785,9251,3,16
1784687624.475,real_q8_tensor_220w_mtp,2,100,12351,207.79,74,1830,9251,3,16
1784687624.475,real_q8_tensor_220w_mtp,3,100,12351,211.84,70,1800,9251,3,16
1784687625.078,real_q8_tensor_220w_mtp,0,100,12351,205.36,65,1860,9251,3,16
1784687625.078,real_q8_tensor_220w_mtp,1,79,12351,211.48,70,1725,9251,3,16
1784687625.078,real_q8_tensor_220w_mtp,2,100,12351,206.59,74,1815,9251,3,16
1784687625.078,real_q8_tensor_220w_mtp,3,95,12351,210.22,70,1815,9251,3,16
1784687625.650,real_q8_tensor_220w_mtp,0,100,12351,215.04,65,1875,9251,3,16
1784687625.650,real_q8_tensor_220w_mtp,1,79,12351,218.33,70,1785,9251,3,16
1784687625.650,real_q8_tensor_220w_mtp,2,100,12351,214.87,74,1815,9251,3,16
1784687625.650,real_q8_tensor_220w_mtp,3,95,12351,217.10,70,1800,9251,3,16
1784687626.235,real_q8_tensor_220w_mtp,0,100,12351,206.00,65,1875,9251,3,16
1784687626.235,real_q8_tensor_220w_mtp,1,79,12351,210.63,70,1785,9251,3,16
1784687626.235,real_q8_tensor_220w_mtp,2,100,12351,207.18,73,1830,9251,3,16
1784687626.235,real_q8_tensor_220w_mtp,3,79,12351,211.46,70,1815,9251,3,16
1784687626.807,real_q8_tensor_220w_mtp,0,100,12351,205.68,65,1860,9251,3,16
1784687626.807,real_q8_tensor_220w_mtp,1,79,12351,213.40,71,1785,9251,3,16
1784687626.807,real_q8_tensor_220w_mtp,2,100,12351,209.18,74,1815,9251,3,16
1784687626.807,real_q8_tensor_220w_mtp,3,79,12351,211.87,70,1800,9251,3,16
1784687627.378,real_q8_tensor_220w_mtp,0,100,12351,212.62,64,1920,9251,3,16
1784687627.378,real_q8_tensor_220w_mtp,1,34,12351,214.55,70,1905,9251,3,16
1784687627.378,real_q8_tensor_220w_mtp,2,100,12351,210.74,74,1890,9251,3,16
1784687627.378,real_q8_tensor_220w_mtp,3,59,12351,215.62,69,1920,9251,3,16
1784687627.959,real_q8_tensor_220w_mtp,0,100,12351,205.71,65,1860,9251,3,16
1784687627.959,real_q8_tensor_220w_mtp,1,34,12351,211.73,71,1785,9251,3,16
1784687627.959,real_q8_tensor_220w_mtp,2,78,12351,206.60,74,1815,9251,3,16
1784687627.959,real_q8_tensor_220w_mtp,3,59,12351,211.46,70,1815,9251,3,16
1784687628.530,real_q8_tensor_220w_mtp,0,100,12351,214.97,65,1860,9251,3,16
1784687628.530,real_q8_tensor_220w_mtp,1,100,12351,216.41,71,1785,9251,3,16
1784687628.530,real_q8_tensor_220w_mtp,2,100,12351,211.76,74,1815,9251,3,16
1784687628.530,real_q8_tensor_220w_mtp,3,100,12351,219.77,70,1800,9251,3,16
1784687629.117,real_q8_tensor_220w_mtp,0,37,12351,209.62,64,1890,9251,3,16
1784687629.117,real_q8_tensor_220w_mtp,1,100,12351,210.73,70,1755,9251,3,16
1784687629.117,real_q8_tensor_220w_mtp,2,21,12351,205.27,72,1890,9251,3,16
1784687629.117,real_q8_tensor_220w_mtp,3,100,12351,213.27,69,1770,9251,3,16
1784687629.687,real_q8_tensor_220w_mtp,0,37,12351,204.85,65,1860,9251,3,16
1784687629.687,real_q8_tensor_220w_mtp,1,100,12351,213.12,71,1785,9251,3,16
1784687629.687,real_q8_tensor_220w_mtp,2,21,12351,208.76,74,1815,9251,3,16
1784687629.687,real_q8_tensor_220w_mtp,3,100,12351,210.96,70,1800,9251,3,16
1784687630.259,real_q8_tensor_220w_mtp,0,78,12351,213.49,65,1860,9251,3,16
1784687630.259,real_q8_tensor_220w_mtp,1,100,12351,219.60,71,1770,9251,3,16
1784687630.259,real_q8_tensor_220w_mtp,2,100,12351,217.22,74,1875,9251,3,16
1784687630.259,real_q8_tensor_220w_mtp,3,100,12351,217.19,70,1785,9251,3,16
1784687630.828,real_q8_tensor_220w_mtp,0,78,12351,204.79,63,1860,9251,3,16
1784687630.828,real_q8_tensor_220w_mtp,1,53,12351,210.94,70,1770,9251,3,16
1784687630.828,real_q8_tensor_220w_mtp,2,100,12351,207.07,73,1815,9251,3,16
1784687630.828,real_q8_tensor_220w_mtp,3,99,12351,211.35,69,1800,9251,3,16
1784687631.421,real_q8_tensor_220w_mtp,0,100,12351,206.58,65,1860,9251,3,16
1784687631.421,real_q8_tensor_220w_mtp,1,53,12351,212.40,71,1770,9251,3,16
1784687631.421,real_q8_tensor_220w_mtp,2,100,12351,208.52,74,1815,9251,3,16
1784687631.421,real_q8_tensor_220w_mtp,3,99,12351,212.66,70,1800,9251,3,16
1784687632.015,real_q8_tensor_220w_mtp,0,88,12351,212.68,65,1860,9251,3,16
1784687632.015,real_q8_tensor_220w_mtp,1,91,12351,217.98,71,1785,9251,3,16
1784687632.015,real_q8_tensor_220w_mtp,2,95,12351,214.20,74,1815,9251,3,16
1784687632.015,real_q8_tensor_220w_mtp,3,100,12351,217.41,70,1800,9251,3,16
1784687632.616,real_q8_tensor_220w_mtp,0,100,12351,206.65,65,1860,9251,3,16
1784687632.616,real_q8_tensor_220w_mtp,1,91,12351,210.82,71,1770,9251,3,16
1784687632.616,real_q8_tensor_220w_mtp,2,100,12351,206.04,74,1815,9251,3,16
1784687632.616,real_q8_tensor_220w_mtp,3,100,12351,213.48,70,1785,9251,3,16
1784687633.217,real_q8_tensor_220w_mtp,0,100,12351,202.49,65,1860,9251,3,16
1784687633.217,real_q8_tensor_220w_mtp,1,91,12351,211.54,70,1770,9251,3,16
1784687633.217,real_q8_tensor_220w_mtp,2,100,12351,205.30,73,1815,9251,3,16
1784687633.217,real_q8_tensor_220w_mtp,3,68,12351,210.60,70,1785,9251,3,16
1784687633.860,real_q8_tensor_220w_mtp,0,100,12351,212.52,65,1860,9251,3,16
1784687633.860,real_q8_tensor_220w_mtp,1,91,12351,217.72,71,1770,9251,3,16
1784687633.860,real_q8_tensor_220w_mtp,2,100,12351,213.86,74,1815,9251,3,16
1784687633.860,real_q8_tensor_220w_mtp,3,68,12351,217.89,70,1800,9251,3,16
1784687634.434,real_q8_tensor_220w_mtp,0,100,12351,205.85,65,1860,9251,3,16
1784687634.434,real_q8_tensor_220w_mtp,1,100,12351,211.62,71,1770,9251,3,16
1784687634.434,real_q8_tensor_220w_mtp,2,100,12351,207.36,74,1815,9251,3,16
1784687634.434,real_q8_tensor_220w_mtp,3,100,12351,212.01,70,1785,9251,3,16
1784687635.007,real_q8_tensor_220w_mtp,0,76,12351,202.92,64,1860,9251,3,16
1784687635.007,real_q8_tensor_220w_mtp,1,88,12351,210.35,71,1770,9251,3,16
1784687635.007,real_q8_tensor_220w_mtp,2,75,12351,205.04,74,1800,9251,3,16
1784687635.007,real_q8_tensor_220w_mtp,3,88,12351,210.16,70,1785,9251,3,16
1784687635.599,real_q8_tensor_220w_mtp,0,76,12351,213.35,65,1860,9251,3,16
1784687635.599,real_q8_tensor_220w_mtp,1,100,12351,217.78,71,1755,9251,3,16
1784687635.599,real_q8_tensor_220w_mtp,2,75,12351,213.68,74,1800,9251,3,16
1784687635.599,real_q8_tensor_220w_mtp,3,100,12351,220.98,70,1785,9251,3,16
1784687636.194,real_q8_tensor_220w_mtp,0,100,12351,205.99,65,1860,9251,3,16
1784687636.194,real_q8_tensor_220w_mtp,1,100,12351,210.90,71,1770,9251,3,16
1784687636.194,real_q8_tensor_220w_mtp,2,100,12351,207.21,74,1815,9251,3,16
1784687636.194,real_q8_tensor_220w_mtp,3,100,12351,212.85,70,1785,9251,3,16
1784687636.780,real_q8_tensor_220w_mtp,0,100,12351,203.72,65,1845,9251,3,16
1784687636.780,real_q8_tensor_220w_mtp,1,73,12351,210.20,70,1755,9251,3,16
1784687636.780,real_q8_tensor_220w_mtp,2,100,12351,206.64,74,1800,9251,3,16
1784687636.780,real_q8_tensor_220w_mtp,3,90,12351,210.91,70,1785,9251,3,16
1784687637.357,real_q8_tensor_220w_mtp,0,100,12351,212.55,65,1845,9251,3,16
1784687637.357,real_q8_tensor_220w_mtp,1,73,12351,216.15,71,1755,9251,3,16
1784687637.357,real_q8_tensor_220w_mtp,2,100,12351,216.49,74,1800,9251,3,16
1784687637.357,real_q8_tensor_220w_mtp,3,90,12351,218.85,71,1785,9251,3,16
1784687637.947,real_q8_tensor_220w_mtp,0,100,12351,203.47,65,1860,9251,3,16
1784687637.947,real_q8_tensor_220w_mtp,1,100,12351,209.33,70,1755,9251,3,16
1784687637.947,real_q8_tensor_220w_mtp,2,100,12351,205.33,74,1800,9251,3,16
1784687637.947,real_q8_tensor_220w_mtp,3,100,12351,211.71,70,1785,9251,3,16
1784687638.516,real_q8_tensor_220w_mtp,0,88,12351,199.45,65,1845,9251,3,16
1784687638.516,real_q8_tensor_220w_mtp,1,100,12351,204.99,71,1755,9251,3,16
1784687638.516,real_q8_tensor_220w_mtp,2,74,12351,200.83,74,1800,9251,3,16
1784687638.516,real_q8_tensor_220w_mtp,3,87,12351,209.64,70,1800,9251,3,16
1784687639.132,real_q8_tensor_220w_mtp,0,88,12351,214.03,65,1845,9251,3,16
1784687639.132,real_q8_tensor_220w_mtp,1,100,12351,215.24,71,1755,9251,3,16
1784687639.132,real_q8_tensor_220w_mtp,2,74,12351,211.74,74,1800,9251,3,16
1784687639.132,real_q8_tensor_220w_mtp,3,100,12351,219.80,70,1785,9251,3,16
1784687639.704,real_q8_tensor_220w_mtp,0,100,12351,203.96,65,1845,9251,3,16
1784687639.704,real_q8_tensor_220w_mtp,1,100,12351,210.71,71,1755,9251,3,16
1784687639.704,real_q8_tensor_220w_mtp,2,100,12351,206.13,74,1800,9251,3,16
1784687639.704,real_q8_tensor_220w_mtp,3,100,12351,209.60,70,1770,9251,3,16
1784687640.301,real_q8_tensor_220w_mtp,0,100,12351,201.92,65,1845,9251,3,16
1784687640.301,real_q8_tensor_220w_mtp,1,97,12351,208.96,70,1770,9251,3,16
1784687640.301,real_q8_tensor_220w_mtp,2,100,12351,203.92,74,1785,9251,3,16
1784687640.301,real_q8_tensor_220w_mtp,3,75,12351,208.29,70,1785,9251,3,16
1784687640.873,real_q8_tensor_220w_mtp,0,100,12351,213.60,65,1845,9251,3,16
1784687640.873,real_q8_tensor_220w_mtp,1,97,12351,219.17,71,1755,9251,3,16
1784687640.873,real_q8_tensor_220w_mtp,2,100,12351,215.58,74,1785,9251,3,16
1784687640.873,real_q8_tensor_220w_mtp,3,75,12351,216.74,70,1785,9251,3,16
1784687641.466,real_q8_tensor_220w_mtp,0,100,12351,205.39,65,1845,9251,3,16
1784687641.466,real_q8_tensor_220w_mtp,1,100,12351,211.30,71,1755,9251,3,16
1784687641.466,real_q8_tensor_220w_mtp,2,100,12351,208.34,74,1785,9251,3,16
1784687641.466,real_q8_tensor_220w_mtp,3,100,12351,211.34,70,1785,9251,3,16
1784687642.036,real_q8_tensor_220w_mtp,0,78,12351,202.93,64,1845,9251,3,16
1784687642.036,real_q8_tensor_220w_mtp,1,87,12351,209.70,71,1740,9251,3,16
1784687642.036,real_q8_tensor_220w_mtp,2,73,12351,206.59,74,1800,9251,3,16
1784687642.036,real_q8_tensor_220w_mtp,3,87,12351,210.39,70,1740,9251,3,16
1784687642.609,real_q8_tensor_220w_mtp,0,78,12351,213.38,65,1845,9251,3,16
1784687642.609,real_q8_tensor_220w_mtp,1,100,12351,216.29,71,1740,9251,3,16
1784687642.609,real_q8_tensor_220w_mtp,2,73,12351,216.08,74,1785,9251,3,16
1784687642.609,real_q8_tensor_220w_mtp,3,100,12351,217.57,70,1770,9251,3,16
1784687643.178,real_q8_tensor_220w_mtp,0,100,12351,205.23,65,1845,9251,3,16
1784687643.178,real_q8_tensor_220w_mtp,1,100,12351,210.02,71,1755,9251,3,16
1784687643.178,real_q8_tensor_220w_mtp,2,100,12351,208.13,74,1800,9251,3,16
1784687643.178,real_q8_tensor_220w_mtp,3,100,12351,211.83,70,1785,9251,3,16
1784687643.775,real_q8_tensor_220w_mtp,0,100,12351,201.99,65,1830,9251,3,16
1784687643.775,real_q8_tensor_220w_mtp,1,76,12351,209.39,70,1755,9251,3,16
1784687643.775,real_q8_tensor_220w_mtp,2,100,12351,206.85,74,1785,9251,3,16
1784687643.775,real_q8_tensor_220w_mtp,3,74,12351,209.63,70,1785,9251,3,16
1784687644.370,real_q8_tensor_220w_mtp,0,100,12351,212.25,65,1845,9251,3,16
1784687644.370,real_q8_tensor_220w_mtp,1,76,12351,216.70,70,1740,9251,3,16
1784687644.370,real_q8_tensor_220w_mtp,2,100,12351,215.94,74,1800,9251,3,16
1784687644.370,real_q8_tensor_220w_mtp,3,74,12351,216.64,71,1770,9251,3,16
1784687644.960,real_q8_tensor_220w_mtp,0,100,12351,204.26,65,1845,9251,3,16
1784687644.960,real_q8_tensor_220w_mtp,1,100,12351,210.52,70,1740,9251,3,16
1784687644.960,real_q8_tensor_220w_mtp,2,100,12351,208.53,74,1800,9251,3,16
1784687644.960,real_q8_tensor_220w_mtp,3,100,12351,211.80,70,1785,9251,3,16
1784687645.533,real_q8_tensor_220w_mtp,0,75,12351,202.06,66,1845,9251,3,16
1784687645.533,real_q8_tensor_220w_mtp,1,100,12351,209.64,70,1755,9251,3,16
1784687645.533,real_q8_tensor_220w_mtp,2,91,12351,207.27,73,1875,9251,3,16
1784687645.533,real_q8_tensor_220w_mtp,3,100,12351,210.53,71,1770,9251,3,16
1784687646.104,real_q8_tensor_220w_mtp,0,75,12351,213.03,65,1830,9251,3,16
1784687646.104,real_q8_tensor_220w_mtp,1,100,12351,217.06,71,1740,9251,3,16
1784687646.104,real_q8_tensor_220w_mtp,2,91,12351,215.20,74,1800,9251,3,16
1784687646.104,real_q8_tensor_220w_mtp,3,100,12351,216.93,70,1770,9251,3,16
1784687646.702,real_q8_tensor_220w_mtp,0,100,12351,204.16,65,1830,9251,3,16
1784687646.702,real_q8_tensor_220w_mtp,1,100,12351,210.26,71,1740,9251,3,16
1784687646.702,real_q8_tensor_220w_mtp,2,100,12351,208.04,74,1785,9251,3,16
1784687646.702,real_q8_tensor_220w_mtp,3,100,12351,210.69,70,1770,9251,3,16
1784687647.288,real_q8_tensor_220w_mtp,0,100,12351,200.12,66,1830,9251,3,16
1784687647.288,real_q8_tensor_220w_mtp,1,93,12351,209.60,70,1740,9251,3,16
1784687647.288,real_q8_tensor_220w_mtp,2,100,12351,207.23,73,1875,9251,3,16
1784687647.288,real_q8_tensor_220w_mtp,3,67,12351,208.16,70,1770,9251,3,16
1784687647.922,real_q8_tensor_220w_mtp,0,97,12351,212.11,65,1830,9251,3,16
1784687647.922,real_q8_tensor_220w_mtp,1,93,12351,216.53,71,1740,9251,3,16
1784687647.922,real_q8_tensor_220w_mtp,2,100,12351,214.22,74,1800,9251,3,16
1784687647.922,real_q8_tensor_220w_mtp,3,67,12351,216.55,70,1755,9251,3,16
1784687648.494,real_q8_tensor_220w_mtp,0,97,12351,203.85,65,1845,9251,3,16
1784687648.494,real_q8_tensor_220w_mtp,1,100,12351,209.59,70,1755,9251,3,16
1784687648.494,real_q8_tensor_220w_mtp,2,84,12351,206.68,74,1785,9251,3,16
1784687648.494,real_q8_tensor_220w_mtp,3,100,12351,211.33,70,1755,9251,3,16
1784687649.066,real_q8_tensor_220w_mtp,0,100,12351,202.75,65,1845,9251,3,16
1784687649.066,real_q8_tensor_220w_mtp,1,100,12351,208.89,71,1755,9251,3,16
1784687649.066,real_q8_tensor_220w_mtp,2,100,12351,206.68,75,1785,9251,3,16
1784687649.066,real_q8_tensor_220w_mtp,3,100,12351,210.87,71,1755,9251,3,16
1784687649.675,real_q8_tensor_220w_mtp,0,100,12351,211.88,65,1830,9251,3,16
1784687649.675,real_q8_tensor_220w_mtp,1,100,12351,215.43,70,1725,9251,3,16
1784687649.675,real_q8_tensor_220w_mtp,2,100,12351,215.04,74,1785,9251,3,16
1784687649.675,real_q8_tensor_220w_mtp,3,82,12351,216.49,70,1755,9251,3,16
1784687650.271,real_q8_tensor_220w_mtp,0,75,12351,201.43,65,1845,9251,3,16
1784687650.271,real_q8_tensor_220w_mtp,1,100,12351,209.09,70,1755,9251,3,16
1784687650.271,real_q8_tensor_220w_mtp,2,100,12351,206.98,73,1785,9251,3,16
1784687650.271,real_q8_tensor_220w_mtp,3,82,12351,209.99,70,1755,9251,3,16
1784687650.862,real_q8_tensor_220w_mtp,0,75,12351,203.00,66,1815,9251,3,16
1784687650.862,real_q8_tensor_220w_mtp,1,100,12351,209.70,71,1755,9251,3,16
1784687650.862,real_q8_tensor_220w_mtp,2,100,12351,207.08,74,1785,9251,3,16
1784687650.862,real_q8_tensor_220w_mtp,3,100,12351,210.17,70,1770,9251,3,16
1784687651.451,real_q8_tensor_220w_mtp,0,71,12351,211.35,65,1845,9251,3,16
1784687651.451,real_q8_tensor_220w_mtp,1,100,12351,215.44,70,1710,9251,3,16
1784687651.451,real_q8_tensor_220w_mtp,2,88,12351,213.79,74,1755,9251,3,16
1784687651.451,real_q8_tensor_220w_mtp,3,100,12351,216.21,70,1755,9251,3,16
1784687652.047,real_q8_tensor_220w_mtp,0,53,12351,197.97,64,1815,9251,3,16
1784687652.047,real_q8_tensor_220w_mtp,1,25,12351,206.88,69,1740,9251,3,16
1784687652.047,real_q8_tensor_220w_mtp,2,62,12351,205.55,72,1785,9251,3,16
1784687652.047,real_q8_tensor_220w_mtp,3,36,12351,206.74,70,1770,9251,3,16
1784687652.644,real_q8_tensor_220w_mtp,0,100,12351,201.69,65,1815,9251,3,16
1784687652.644,real_q8_tensor_220w_mtp,1,25,12351,207.88,70,1710,9251,3,16
1784687652.644,real_q8_tensor_220w_mtp,2,100,12351,204.29,74,1770,9251,3,16
1784687652.644,real_q8_tensor_220w_mtp,3,36,12351,208.56,71,1755,9251,3,16
1784687653.241,real_q8_tensor_220w_mtp,0,100,12351,213.98,66,1815,9251,3,16
1784687653.241,real_q8_tensor_220w_mtp,1,100,12351,216.74,70,1740,9251,3,16
1784687653.241,real_q8_tensor_220w_mtp,2,100,12351,215.33,74,1755,9251,3,16
1784687653.241,real_q8_tensor_220w_mtp,3,88,12351,216.21,71,1740,9251,3,16
1784687653.801,real_q8_tensor_220w_mtp,0,39,12351,207.58,64,1920,9251,3,16
1784687653.801,real_q8_tensor_220w_mtp,1,100,12351,210.25,69,1905,9251,3,16
1784687653.801,real_q8_tensor_220w_mtp,2,42,12351,207.40,73,1890,9251,3,16
1784687653.801,real_q8_tensor_220w_mtp,3,88,12351,211.77,70,1920,9251,3,16
1784687654.361,real_q8_tensor_220w_mtp,0,39,12351,197.55,65,1815,9251,3,16
1784687654.361,real_q8_tensor_220w_mtp,1,79,12351,206.12,69,1710,9251,3,16
1784687654.361,real_q8_tensor_220w_mtp,2,42,12351,203.21,73,1770,9251,3,16
1784687654.361,real_q8_tensor_220w_mtp,3,70,12351,206.73,70,1740,9251,3,16
1784687654.929,real_q8_tensor_220w_mtp,0,100,12351,209.15,66,1845,9251,3,16
1784687654.929,real_q8_tensor_220w_mtp,1,79,12351,213.61,71,1755,9251,3,16
1784687654.929,real_q8_tensor_220w_mtp,2,100,12351,211.16,74,1770,9251,3,16
1784687654.929,real_q8_tensor_220w_mtp,3,70,12351,216.19,71,1755,9251,3,16
1784687655.507,real_q8_tensor_220w_mtp,0,100,12351,213.68,65,1845,9251,3,16
1784687655.507,real_q8_tensor_220w_mtp,1,100,12351,217.12,70,1710,9251,3,16
1784687655.507,real_q8_tensor_220w_mtp,2,100,12351,216.65,75,1755,9251,3,16
1784687655.507,real_q8_tensor_220w_mtp,3,93,12351,216.24,71,1770,9251,3,16
1784687656.097,real_q8_tensor_220w_mtp,0,100,12351,201.57,65,1830,9251,3,16
1784687656.097,real_q8_tensor_220w_mtp,1,100,12351,206.89,70,1725,9251,3,16
1784687656.097,real_q8_tensor_220w_mtp,2,100,12351,204.16,74,1755,9251,3,16
1784687656.097,real_q8_tensor_220w_mtp,3,93,12351,207.44,71,1755,9251,3,16
1784687656.670,real_q8_tensor_220w_mtp,0,100,12351,198.17,65,1800,9251,3,16
1784687656.670,real_q8_tensor_220w_mtp,1,77,12351,210.14,69,1710,9251,3,16
1784687656.670,real_q8_tensor_220w_mtp,2,100,12351,207.51,74,1755,9251,3,16
1784687656.670,real_q8_tensor_220w_mtp,3,70,12351,206.98,70,1770,9251,3,16
1784687657.276,real_q8_tensor_220w_mtp,0,100,12351,210.82,66,1815,9251,3,16
1784687657.276,real_q8_tensor_220w_mtp,1,77,12351,218.27,71,1725,9251,3,16
1784687657.276,real_q8_tensor_220w_mtp,2,100,12351,217.15,75,1770,9251,3,16
1784687657.276,real_q8_tensor_220w_mtp,3,70,12351,215.05,71,1755,9251,3,16
1784687657.864,real_q8_tensor_220w_mtp,0,100,12351,201.38,65,1815,9251,3,16
1784687657.864,real_q8_tensor_220w_mtp,1,100,12351,207.27,70,1725,9251,3,16
1784687657.864,real_q8_tensor_220w_mtp,2,100,12351,204.46,74,1770,9251,3,16
1784687657.864,real_q8_tensor_220w_mtp,3,100,12351,208.01,70,1755,9251,3,16
1784687658.435,real_q8_tensor_220w_mtp,0,100,12351,201.38,66,1815,9251,3,16
1784687658.435,real_q8_tensor_220w_mtp,1,100,12351,207.17,71,1740,9251,3,16
1784687658.435,real_q8_tensor_220w_mtp,2,100,12351,205.69,75,1755,9251,3,16
1784687658.435,real_q8_tensor_220w_mtp,3,100,12351,208.67,71,1755,9251,3,16
1784687659.025,real_q8_tensor_220w_mtp,0,98,12351,210.85,65,1815,9251,3,16
1784687659.025,real_q8_tensor_220w_mtp,1,69,12351,215.59,70,1695,9251,3,16
1784687659.025,real_q8_tensor_220w_mtp,2,100,12351,214.35,74,1740,9251,3,16
1784687659.025,real_q8_tensor_220w_mtp,3,88,12351,215.47,70,1740,9251,3,16
1784687659.596,real_q8_tensor_220w_mtp,0,41,12351,202.34,64,1920,9251,3,16
1784687659.596,real_q8_tensor_220w_mtp,1,69,12351,204.28,69,1905,9251,3,16
1784687659.596,real_q8_tensor_220w_mtp,2,17,12351,200.99,73,1890,9251,3,16
1784687659.596,real_q8_tensor_220w_mtp,3,88,12351,207.90,69,1920,9251,3,16
1784687660.155,real_q8_tensor_220w_mtp,0,41,12351,197.69,65,1815,9251,3,16
1784687660.155,real_q8_tensor_220w_mtp,1,67,12351,204.91,70,1725,9251,3,16
1784687660.155,real_q8_tensor_220w_mtp,2,17,12351,202.09,74,1755,9251,3,16
1784687660.155,real_q8_tensor_220w_mtp,3,92,12351,205.38,71,1740,9251,3,16
1784687660.726,real_q8_tensor_220w_mtp,0,100,12351,214.42,65,1815,9251,3,16
1784687660.726,real_q8_tensor_220w_mtp,1,67,12351,216.61,70,1710,9251,3,16
1784687660.726,real_q8_tensor_220w_mtp,2,100,12351,214.00,74,1755,9251,3,16
1784687660.726,real_q8_tensor_220w_mtp,3,92,12351,217.29,71,1740,9251,3,16
1784687661.320,real_q8_tensor_220w_mtp,0,100,12351,211.87,65,1905,9251,3,16
1784687661.320,real_q8_tensor_220w_mtp,1,100,12351,217.99,70,1860,9251,3,16
1784687661.320,real_q8_tensor_220w_mtp,2,100,12351,215.86,75,1860,9251,3,16
1784687661.320,real_q8_tensor_220w_mtp,3,71,12351,214.95,70,1905,9251,3,16
1784687661.938,real_q8_tensor_220w_mtp,0,100,12351,198.47,65,1815,9251,3,16
1784687661.938,real_q8_tensor_220w_mtp,1,100,12351,205.29,70,1725,9251,3,16
1784687661.938,real_q8_tensor_220w_mtp,2,100,12351,201.89,75,1755,9251,3,16
1784687661.938,real_q8_tensor_220w_mtp,3,71,12351,205.96,70,1740,9251,3,16
1784687662.513,real_q8_tensor_220w_mtp,0,81,12351,202.36,65,1800,9251,3,16
1784687662.513,real_q8_tensor_220w_mtp,1,100,12351,211.21,70,1710,9251,3,16
1784687662.513,real_q8_tensor_220w_mtp,2,80,12351,209.35,74,1755,9251,3,16
1784687662.513,real_q8_tensor_220w_mtp,3,100,12351,214.89,71,1740,9251,3,16
1784687663.213,real_q8_tensor_220w_mtp,0,100,12351,213.21,66,1800,9251,3,16
1784687663.213,real_q8_tensor_220w_mtp,1,100,12351,217.00,70,1710,9251,3,16
1784687663.213,real_q8_tensor_220w_mtp,2,100,12351,214.40,75,1770,9251,3,16
1784687663.213,real_q8_tensor_220w_mtp,3,100,12351,217.16,71,1755,9251,3,16
1784687663.808,real_q8_tensor_220w_mtp,0,100,12351,199.02,65,1785,9251,3,16
1784687663.808,real_q8_tensor_220w_mtp,1,100,12351,206.62,70,1710,9251,3,16
1784687663.808,real_q8_tensor_220w_mtp,2,100,12351,202.40,74,1755,9251,3,16
1784687663.808,real_q8_tensor_220w_mtp,3,100,12351,206.45,70,1740,9251,3,16
1784687664.379,real_q8_tensor_220w_mtp,0,100,12351,198.79,65,1830,9251,3,16
1784687664.379,real_q8_tensor_220w_mtp,1,100,12351,206.31,71,1710,9251,3,16
1784687664.379,real_q8_tensor_220w_mtp,2,100,12351,201.62,74,1770,9251,3,16
1784687664.379,real_q8_tensor_220w_mtp,3,100,12351,206.23,71,1770,9251,3,16
1784687664.962,real_q8_tensor_220w_mtp,0,100,12351,210.82,65,1785,9251,3,16
1784687664.962,real_q8_tensor_220w_mtp,1,65,12351,214.08,70,1695,9251,3,16
1784687664.962,real_q8_tensor_220w_mtp,2,100,12351,211.62,74,1740,9251,3,16
1784687664.962,real_q8_tensor_220w_mtp,3,73,12351,215.69,71,1725,9251,3,16
1784687665.531,real_q8_tensor_220w_mtp,0,20,12351,199.41,63,1920,9251,3,16
1784687665.531,real_q8_tensor_220w_mtp,1,56,12351,206.29,69,1905,9251,3,16
1784687665.531,real_q8_tensor_220w_mtp,2,30,12351,202.64,73,1890,9251,3,16
1784687665.531,real_q8_tensor_220w_mtp,3,39,12351,207.15,69,1920,9251,3,16
1784687666.126,real_q8_tensor_220w_mtp,0,20,12351,197.99,66,1815,9251,3,16
1784687666.126,real_q8_tensor_220w_mtp,1,100,12351,204.82,70,1740,9251,3,16
1784687666.126,real_q8_tensor_220w_mtp,2,30,12351,201.63,74,1785,9251,3,16
1784687666.126,real_q8_tensor_220w_mtp,3,100,12351,205.36,70,1740,9251,3,16
1784687666.718,real_q8_tensor_220w_mtp,0,100,12351,212.18,65,1815,9251,3,16
1784687666.718,real_q8_tensor_220w_mtp,1,100,12351,214.87,71,1710,9251,3,16
1784687666.718,real_q8_tensor_220w_mtp,2,100,12351,216.03,75,1755,9251,3,16
1784687666.718,real_q8_tensor_220w_mtp,3,100,12351,216.71,71,1770,9251,3,16
1784687667.315,real_q8_tensor_220w_mtp,0,100,12351,207.84,66,1920,9251,3,16
1784687667.315,real_q8_tensor_220w_mtp,1,82,12351,213.87,70,1890,9251,3,16
1784687667.315,real_q8_tensor_220w_mtp,2,100,12351,214.54,74,1860,9251,3,16
1784687667.315,real_q8_tensor_220w_mtp,3,46,12351,212.58,71,1905,9251,3,16
1784687667.897,real_q8_tensor_220w_mtp,0,100,12351,198.20,66,1815,9251,3,16
1784687667.897,real_q8_tensor_220w_mtp,1,82,12351,204.05,70,1725,9251,3,16
1784687667.897,real_q8_tensor_220w_mtp,2,100,12351,201.58,74,1755,9251,3,16
1784687667.897,real_q8_tensor_220w_mtp,3,46,12351,204.31,71,1725,9251,3,16
1784687668.471,real_q8_tensor_220w_mtp,0,100,12351,200.37,64,1785,9251,3,16
1784687668.471,real_q8_tensor_220w_mtp,1,62,12351,208.37,70,1695,9251,3,16
1784687668.471,real_q8_tensor_220w_mtp,2,81,12351,206.19,74,1740,9251,3,16
1784687668.471,real_q8_tensor_220w_mtp,3,62,12351,204.76,70,1710,9251,3,16
1784687669.062,real_q8_tensor_220w_mtp,0,100,12351,210.07,66,1815,9251,3,16
1784687669.062,real_q8_tensor_220w_mtp,1,100,12351,215.04,70,1695,9251,3,16
1784687669.062,real_q8_tensor_220w_mtp,2,100,12351,212.45,74,1755,9251,3,16
1784687669.062,real_q8_tensor_220w_mtp,3,62,12351,214.29,71,1740,9251,3,16
1784687669.632,real_q8_tensor_220w_mtp,0,100,12351,198.61,64,1815,9251,3,16
1784687669.632,real_q8_tensor_220w_mtp,1,100,12351,206.37,70,1740,9251,3,16
1784687669.632,real_q8_tensor_220w_mtp,2,100,12351,201.28,74,1770,9251,3,16
1784687669.632,real_q8_tensor_220w_mtp,3,83,12351,205.74,69,1755,9251,3,16
1784687670.202,real_q8_tensor_220w_mtp,0,100,12351,198.37,66,1830,9251,3,16
1784687670.202,real_q8_tensor_220w_mtp,1,100,12351,205.72,70,1710,9251,3,16
1784687670.202,real_q8_tensor_220w_mtp,2,100,12351,201.46,75,1740,9251,3,16
1784687670.202,real_q8_tensor_220w_mtp,3,83,12351,205.19,70,1770,9251,3,16
1784687670.794,real_q8_tensor_220w_mtp,0,100,12351,212.71,66,1800,9251,3,16
1784687670.794,real_q8_tensor_220w_mtp,1,100,12351,216.54,70,1695,9251,3,16
1784687670.794,real_q8_tensor_220w_mtp,2,100,12351,215.32,75,1740,9251,3,16
1784687670.794,real_q8_tensor_220w_mtp,3,100,12351,216.36,71,1710,9251,3,16
1784687671.363,real_q8_tensor_220w_mtp,0,79,12351,211.44,65,1905,9251,3,16
1784687671.363,real_q8_tensor_220w_mtp,1,100,12351,217.19,70,1890,9251,3,16
1784687671.363,real_q8_tensor_220w_mtp,2,100,12351,215.81,74,1860,9251,3,16
1784687671.363,real_q8_tensor_220w_mtp,3,100,12351,213.77,69,1905,9251,3,16
1784687671.926,real_q8_tensor_220w_mtp,0,79,12351,197.97,66,1785,9251,3,16
1784687671.926,real_q8_tensor_220w_mtp,1,100,12351,204.52,70,1710,9251,3,16
1784687671.926,real_q8_tensor_220w_mtp,2,100,12351,201.54,75,1755,9251,3,16
1784687671.926,real_q8_tensor_220w_mtp,3,100,12351,204.72,70,1725,9251,3,16
1784687672.496,real_q8_tensor_220w_mtp,0,100,12351,199.12,65,1890,9251,3,16
1784687672.496,real_q8_tensor_220w_mtp,1,63,12351,205.77,70,1860,9251,3,16
1784687672.496,real_q8_tensor_220w_mtp,2,66,12351,203.87,74,1860,9251,3,16
1784687672.496,real_q8_tensor_220w_mtp,3,100,12351,207.80,71,1860,9251,3,16
1784687673.065,real_q8_tensor_220w_mtp,0,89,12351,209.07,65,1830,9251,3,16
1784687673.065,real_q8_tensor_220w_mtp,1,63,12351,215.28,70,1695,9251,3,16
1784687673.065,real_q8_tensor_220w_mtp,2,66,12351,212.92,74,1740,9251,3,16
1784687673.065,real_q8_tensor_220w_mtp,3,100,12351,214.46,71,1740,9251,3,16
1784687673.661,real_q8_tensor_220w_mtp,0,16,12351,196.65,63,1920,9251,3,16
1784687673.661,real_q8_tensor_220w_mtp,1,25,12351,208.16,68,1665,9251,3,16
1784687673.661,real_q8_tensor_220w_mtp,2,29,12351,205.32,73,1890,9251,3,16
1784687673.661,real_q8_tensor_220w_mtp,3,100,12351,202.50,69,1680,9251,3,16
1784687674.231,real_q8_tensor_220w_mtp,0,16,12351,197.70,65,1785,9251,3,16
1784687674.231,real_q8_tensor_220w_mtp,1,25,12351,203.61,70,1710,9251,3,16
1784687674.231,real_q8_tensor_220w_mtp,2,29,12351,201.37,74,1740,9251,3,16
1784687674.231,real_q8_tensor_220w_mtp,3,100,12351,204.47,70,1710,9251,3,16
1784687674.800,real_q8_tensor_220w_mtp,0,100,12351,215.77,66,1785,9251,3,16
1784687674.800,real_q8_tensor_220w_mtp,1,100,12351,216.20,71,1710,9251,3,16
1784687674.800,real_q8_tensor_220w_mtp,2,100,12351,214.31,75,1740,9251,3,16
1784687674.800,real_q8_tensor_220w_mtp,3,100,12351,215.43,70,1710,9251,3,16
1784687675.387,real_q8_tensor_220w_mtp,0,100,12351,215.39,66,1785,9251,3,16
1784687675.387,real_q8_tensor_220w_mtp,1,100,12351,217.34,70,1680,9251,3,16
1784687675.387,real_q8_tensor_220w_mtp,2,100,12351,215.41,75,1770,9251,3,16
1784687675.387,real_q8_tensor_220w_mtp,3,100,12351,215.29,71,1710,9251,3,16
1784687675.950,real_q8_tensor_220w_mtp,0,100,12351,197.17,65,1815,9251,3,16
1784687675.950,real_q8_tensor_220w_mtp,1,100,12351,203.87,70,1740,9251,3,16
1784687675.950,real_q8_tensor_220w_mtp,2,100,12351,200.59,74,1785,9251,3,16
1784687675.950,real_q8_tensor_220w_mtp,3,100,12351,204.23,71,1755,9251,3,16
1784687676.523,real_q8_tensor_220w_mtp,0,100,12351,198.68,66,1785,9251,3,16
1784687676.523,real_q8_tensor_220w_mtp,1,100,12351,203.93,70,1665,9251,3,16
1784687676.523,real_q8_tensor_220w_mtp,2,100,12351,200.01,75,1740,9251,3,16
1784687676.523,real_q8_tensor_220w_mtp,3,100,12351,207.30,71,1695,9251,3,16
1784687677.118,real_q8_tensor_220w_mtp,0,100,12351,210.89,66,1770,9251,3,16
1784687677.118,real_q8_tensor_220w_mtp,1,61,12351,212.75,70,1665,9251,3,16
1784687677.118,real_q8_tensor_220w_mtp,2,62,12351,211.50,74,1710,9251,3,16
1784687677.118,real_q8_tensor_220w_mtp,3,100,12351,213.39,70,1695,9251,3,16
1784687677.690,real_q8_tensor_220w_mtp,0,100,12351,204.08,64,1920,9251,3,16
1784687677.690,real_q8_tensor_220w_mtp,1,61,12351,206.18,69,1905,9251,3,16
1784687677.690,real_q8_tensor_220w_mtp,2,62,12351,203.82,73,1890,9251,3,16
1784687677.690,real_q8_tensor_220w_mtp,3,36,12351,206.82,69,1860,9251,3,16
1784687678.249,real_q8_tensor_220w_mtp,0,86,12351,197.26,65,1890,9251,3,16
1784687678.249,real_q8_tensor_220w_mtp,1,100,12351,205.75,70,1860,9251,3,16
1784687678.249,real_q8_tensor_220w_mtp,2,100,12351,203.61,75,1815,9251,3,16
1784687678.249,real_q8_tensor_220w_mtp,3,36,12351,201.21,70,1875,9251,3,16
1784687678.817,real_q8_tensor_220w_mtp,0,86,12351,208.02,65,1815,9251,3,16
1784687678.817,real_q8_tensor_220w_mtp,1,100,12351,210.45,70,1695,9251,3,16
1784687678.817,real_q8_tensor_220w_mtp,2,100,12351,208.60,74,1710,9251,3,16
1784687678.817,real_q8_tensor_220w_mtp,3,100,12351,212.90,70,1755,9251,3,16
1784687679.388,real_q8_tensor_220w_mtp,0,100,12351,213.17,66,1785,9251,3,16
1784687679.388,real_q8_tensor_220w_mtp,1,100,12351,215.75,70,1680,9251,3,16
1784687679.388,real_q8_tensor_220w_mtp,2,100,12351,213.34,74,1725,9251,3,16
1784687679.388,real_q8_tensor_220w_mtp,3,100,12351,215.60,71,1695,9251,3,16
1784687679.981,real_q8_tensor_220w_mtp,0,100,12351,197.86,65,1770,9251,3,16
1784687679.981,real_q8_tensor_220w_mtp,1,100,12351,203.10,69,1680,9251,3,16
1784687679.981,real_q8_tensor_220w_mtp,2,100,12351,199.28,72,1725,9251,3,16
1784687679.981,real_q8_tensor_220w_mtp,3,62,12351,203.28,70,1710,9251,3,16
1784687680.550,real_q8_tensor_220w_mtp,0,100,12351,197.57,65,1770,9251,3,16
1784687680.550,real_q8_tensor_220w_mtp,1,100,12351,202.44,70,1725,9251,3,16
1784687680.550,real_q8_tensor_220w_mtp,2,100,12351,198.82,74,1770,9251,3,16
1784687680.550,real_q8_tensor_220w_mtp,3,100,12351,203.52,71,1710,9251,3,16
1784687681.146,real_q8_tensor_220w_mtp,0,100,12351,202.95,65,1770,9251,3,16
1784687681.146,real_q8_tensor_220w_mtp,1,100,12351,210.16,70,1665,9251,3,16
1784687681.146,real_q8_tensor_220w_mtp,2,100,12351,212.75,74,1710,9251,3,16
1784687681.146,real_q8_tensor_220w_mtp,3,100,12351,215.52,71,1695,9251,3,16
1784687681.713,real_q8_tensor_220w_mtp,0,100,12351,212.55,66,1860,9251,3,16
1784687681.713,real_q8_tensor_220w_mtp,1,100,12351,215.00,70,1845,9251,3,16
1784687681.713,real_q8_tensor_220w_mtp,2,100,12351,213.04,75,1860,9251,3,16
1784687681.713,real_q8_tensor_220w_mtp,3,100,12351,211.84,71,1875,9251,3,16
1784687682.300,real_q8_tensor_220w_mtp,0,100,12351,196.82,65,1770,9251,3,16
1784687682.300,real_q8_tensor_220w_mtp,1,100,12351,201.18,70,1665,9251,3,16
1784687682.300,real_q8_tensor_220w_mtp,2,100,12351,197.62,74,1740,9251,3,16
1784687682.300,real_q8_tensor_220w_mtp,3,100,12351,203.51,70,1695,9251,3,16
1784687682.893,real_q8_tensor_220w_mtp,0,100,12351,199.44,66,1785,9251,3,16
1784687682.893,real_q8_tensor_220w_mtp,1,100,12351,207.53,70,1680,9251,3,16
1784687682.893,real_q8_tensor_220w_mtp,2,100,12351,204.40,75,1710,9251,3,16
1784687682.893,real_q8_tensor_220w_mtp,3,100,12351,207.06,71,1680,9251,3,16
1784687683.455,real_q8_tensor_220w_mtp,0,62,12351,211.16,66,1800,9251,3,16
1784687683.455,real_q8_tensor_220w_mtp,1,70,12351,212.79,69,1650,9251,3,16
1784687683.455,real_q8_tensor_220w_mtp,2,76,12351,211.34,73,1710,9251,3,16
1784687683.455,real_q8_tensor_220w_mtp,3,62,12351,213.58,70,1710,9251,3,16
1784687684.024,real_q8_tensor_220w_mtp,0,61,12351,204.40,64,1905,9251,3,16
1784687684.024,real_q8_tensor_220w_mtp,1,40,12351,206.67,69,1815,9251,3,16
1784687684.024,real_q8_tensor_220w_mtp,2,71,12351,203.17,73,1890,9251,3,16
1784687684.024,real_q8_tensor_220w_mtp,3,33,12351,208.95,69,1845,9251,3,16
1784687684.611,real_q8_tensor_220w_mtp,0,100,12351,199.63,66,1905,9251,3,16
1784687684.611,real_q8_tensor_220w_mtp,1,72,12351,199.62,69,1890,9251,3,16
1784687684.611,real_q8_tensor_220w_mtp,2,77,12351,198.98,73,1875,9251,3,16
1784687684.611,real_q8_tensor_220w_mtp,3,100,12351,202.40,70,1890,9251,3,16
1784687685.179,real_q8_tensor_220w_mtp,0,100,12351,212.72,65,1770,9251,3,16
1784687685.179,real_q8_tensor_220w_mtp,1,72,12351,211.85,70,1665,9251,3,16
1784687685.179,real_q8_tensor_220w_mtp,2,77,12351,211.27,75,1710,9251,3,16
1784687685.179,real_q8_tensor_220w_mtp,3,100,12351,217.18,70,1680,9251,3,16
1784687685.797,real_q8_tensor_220w_mtp,0,100,12351,212.52,66,1755,9251,3,16
1784687685.797,real_q8_tensor_220w_mtp,1,100,12351,215.20,70,1665,9251,3,16
1784687685.797,real_q8_tensor_220w_mtp,2,100,12351,213.93,75,1740,9251,3,16
1784687685.797,real_q8_tensor_220w_mtp,3,100,12351,215.31,71,1695,9251,3,16
1784687686.368,real_q8_tensor_220w_mtp,0,100,12351,194.72,65,1755,9251,3,16
1784687686.368,real_q8_tensor_220w_mtp,1,100,12351,201.35,69,1665,9251,3,16
1784687686.368,real_q8_tensor_220w_mtp,2,100,12351,197.49,72,1710,9251,3,16
1784687686.368,real_q8_tensor_220w_mtp,3,100,12351,202.40,70,1680,9251,3,16
1784687686.939,real_q8_tensor_220w_mtp,0,100,12351,194.69,65,1770,9251,3,16
1784687686.939,real_q8_tensor_220w_mtp,1,100,12351,200.84,70,1665,9251,3,16
1784687686.939,real_q8_tensor_220w_mtp,2,100,12351,197.72,74,1710,9251,3,16
1784687686.939,real_q8_tensor_220w_mtp,3,100,12351,202.05,71,1680,9251,3,16
1784687687.509,real_q8_tensor_220w_mtp,0,81,12351,212.65,66,1785,9251,3,16
1784687687.509,real_q8_tensor_220w_mtp,1,84,12351,214.73,70,1725,9251,3,16
1784687687.509,real_q8_tensor_220w_mtp,2,100,12351,213.45,75,1740,9251,3,16
1784687687.509,real_q8_tensor_220w_mtp,3,100,12351,216.07,71,1680,9251,3,16
1784687688.085,real_q8_tensor_220w_mtp,0,100,12351,213.61,66,1740,9251,3,16
1784687688.085,real_q8_tensor_220w_mtp,1,100,12351,214.84,70,1650,9251,3,16
1784687688.085,real_q8_tensor_220w_mtp,2,100,12351,213.71,75,1710,9251,3,16
1784687688.085,real_q8_tensor_220w_mtp,3,100,12351,214.77,71,1665,9251,3,16
1784687688.674,real_q8_tensor_220w_mtp,0,100,12351,194.38,65,1770,9251,3,16
1784687688.674,real_q8_tensor_220w_mtp,1,100,12351,198.77,69,1665,9251,3,16
1784687688.674,real_q8_tensor_220w_mtp,2,100,12351,196.78,74,1710,9251,3,16
1784687688.674,real_q8_tensor_220w_mtp,3,100,12351,200.35,70,1680,9251,3,16
1784687689.267,real_q8_tensor_220w_mtp,0,100,12351,192.66,66,1755,9251,3,16
1784687689.267,real_q8_tensor_220w_mtp,1,100,12351,199.09,70,1665,9251,3,16
1784687689.267,real_q8_tensor_220w_mtp,2,100,12351,201.49,74,1710,9251,3,16
1784687689.267,real_q8_tensor_220w_mtp,3,100,12351,201.58,71,1680,9251,3,16
1784687689.837,real_q8_tensor_220w_mtp,0,100,12351,212.76,66,1740,9251,3,16
1784687689.837,real_q8_tensor_220w_mtp,1,100,12351,215.57,70,1665,9251,3,16
1784687689.837,real_q8_tensor_220w_mtp,2,100,12351,213.36,75,1710,9251,3,16
1784687689.837,real_q8_tensor_220w_mtp,3,100,12351,214.91,71,1695,9251,3,16
1784687690.399,real_q8_tensor_220w_mtp,0,95,12351,212.48,65,1890,9251,3,16
1784687690.399,real_q8_tensor_220w_mtp,1,38,12351,209.40,70,1815,9251,3,16
1784687690.399,real_q8_tensor_220w_mtp,2,43,12351,207.43,73,1875,9251,3,16
1784687690.399,real_q8_tensor_220w_mtp,3,82,12351,213.66,69,1905,9251,3,16
1784687690.959,real_q8_tensor_220w_mtp,0,95,12351,192.37,66,1770,9251,3,16
1784687690.959,real_q8_tensor_220w_mtp,1,38,12351,199.37,70,1710,9251,3,16
1784687690.959,real_q8_tensor_220w_mtp,2,43,12351,200.03,74,1755,9251,3,16
1784687690.959,real_q8_tensor_220w_mtp,3,82,12351,200.49,70,1680,9251,3,16
1784687691.529,real_q8_tensor_220w_mtp,0,100,12351,201.08,66,1770,9251,3,16
1784687691.529,real_q8_tensor_220w_mtp,1,100,12351,205.55,70,1665,9251,3,16
1784687691.529,real_q8_tensor_220w_mtp,2,100,12351,202.31,75,1710,9251,3,16
1784687691.529,real_q8_tensor_220w_mtp,3,100,12351,207.74,71,1665,9251,3,16
1784687692.115,real_q8_tensor_220w_mtp,0,100,12351,210.15,65,1755,9251,3,16
1784687692.115,real_q8_tensor_220w_mtp,1,100,12351,210.45,69,1650,9251,3,16
1784687692.115,real_q8_tensor_220w_mtp,2,100,12351,209.18,73,1680,9251,3,16
1784687692.115,real_q8_tensor_220w_mtp,3,100,12351,211.40,70,1680,9251,3,16
1784687692.710,real_q8_tensor_220w_mtp,0,36,12351,205.06,64,1920,9251,3,16
1784687692.710,real_q8_tensor_220w_mtp,1,38,12351,207.02,69,1890,9251,3,16
1784687692.710,real_q8_tensor_220w_mtp,2,36,12351,203.81,73,1890,9251,3,16
1784687692.710,real_q8_tensor_220w_mtp,3,37,12351,206.56,69,1905,9251,3,16
1784687693.293,real_q8_tensor_220w_mtp,0,36,12351,197.04,66,1860,9251,3,16
1784687693.293,real_q8_tensor_220w_mtp,1,38,12351,202.64,69,1770,9251,3,16
1784687693.293,real_q8_tensor_220w_mtp,2,36,12351,199.38,74,1695,9251,3,16
1784687693.293,real_q8_tensor_220w_mtp,3,37,12351,203.40,70,1815,9251,3,16
1784687693.868,real_q8_tensor_220w_mtp,0,59,12351,201.97,64,1800,9251,3,16
1784687693.868,real_q8_tensor_220w_mtp,1,89,12351,209.12,69,1695,9251,3,16
1784687693.868,real_q8_tensor_220w_mtp,2,70,12351,207.11,74,1755,9251,3,16
1784687693.868,real_q8_tensor_220w_mtp,3,59,12351,208.04,70,1725,9251,3,16
1784687694.438,real_q8_tensor_220w_mtp,0,59,12351,212.54,66,1725,9251,3,16
1784687694.438,real_q8_tensor_220w_mtp,1,89,12351,210.31,70,1650,9251,3,16
1784687694.438,real_q8_tensor_220w_mtp,2,70,12351,212.38,74,1695,9251,3,16
1784687694.438,real_q8_tensor_220w_mtp,3,59,12351,216.16,71,1680,9251,3,16
1784687695.030,real_q8_tensor_220w_mtp,0,22,12351,197.29,64,1920,9251,3,16
1784687695.030,real_q8_tensor_220w_mtp,1,36,12351,205.05,69,1875,9251,3,16
1784687695.030,real_q8_tensor_220w_mtp,2,38,12351,202.76,73,1875,9251,3,16
1784687695.030,real_q8_tensor_220w_mtp,3,20,12351,200.99,69,1905,9251,3,16
1784687695.590,real_q8_tensor_220w_mtp,0,22,12351,192.17,64,1785,9251,3,16
1784687695.590,real_q8_tensor_220w_mtp,1,36,12351,199.51,70,1665,9251,3,16
1784687695.590,real_q8_tensor_220w_mtp,2,38,12351,196.18,74,1740,9251,3,16
1784687695.590,real_q8_tensor_220w_mtp,3,20,12351,199.55,69,1725,9251,3,16
1784687696.179,real_q8_tensor_220w_mtp,0,79,12351,207.85,66,1740,9251,3,16
1784687696.179,real_q8_tensor_220w_mtp,1,100,12351,215.16,70,1650,9251,3,16
1784687696.179,real_q8_tensor_220w_mtp,2,100,12351,214.51,74,1695,9251,3,16
1784687696.179,real_q8_tensor_220w_mtp,3,93,12351,213.97,70,1665,9251,3,16
1784687696.777,real_q8_tensor_220w_mtp,0,79,12351,213.34,66,1755,9251,3,16
1784687696.777,real_q8_tensor_220w_mtp,1,100,12351,214.33,70,1665,9251,3,16
1784687696.777,real_q8_tensor_220w_mtp,2,100,12351,212.61,74,1740,9251,3,16
1784687696.777,real_q8_tensor_220w_mtp,3,93,12351,214.42,70,1680,9251,3,16
1784687697.367,real_q8_tensor_220w_mtp,0,15,12351,192.30,64,1770,9251,3,16
1784687697.367,real_q8_tensor_220w_mtp,1,70,12351,198.37,68,1710,9251,3,16
1784687697.367,real_q8_tensor_220w_mtp,2,73,12351,194.41,73,1740,9251,3,16
1784687697.367,real_q8_tensor_220w_mtp,3,27,12351,198.15,70,1710,9251,3,16
1784687697.959,real_q8_tensor_220w_mtp,0,15,12351,192.85,66,1755,9251,3,16
1784687697.959,real_q8_tensor_220w_mtp,1,70,12351,198.11,69,1620,9251,3,16
1784687697.959,real_q8_tensor_220w_mtp,2,73,12351,194.28,74,1680,9251,3,16
1784687697.959,real_q8_tensor_220w_mtp,3,27,12351,198.93,70,1665,9251,3,16
1784687698.530,real_q8_tensor_220w_mtp,0,100,12351,212.85,66,1740,9251,3,16
1784687698.530,real_q8_tensor_220w_mtp,1,100,12351,213.80,70,1710,9251,3,16
1784687698.530,real_q8_tensor_220w_mtp,2,100,12351,213.27,75,1755,9251,3,16
1784687698.530,real_q8_tensor_220w_mtp,3,100,12351,214.14,70,1710,9251,3,16
1784687699.099,real_q8_tensor_220w_mtp,0,100,12351,213.55,66,1785,9251,3,16
1784687699.099,real_q8_tensor_220w_mtp,1,100,12351,214.38,70,1635,9251,3,16
1784687699.099,real_q8_tensor_220w_mtp,2,100,12351,212.75,74,1695,9251,3,16
1784687699.099,real_q8_tensor_220w_mtp,3,100,12351,213.62,70,1680,9251,3,16
1784687699.667,real_q8_tensor_220w_mtp,0,48,12351,192.88,65,1725,9251,3,16
1784687699.667,real_q8_tensor_220w_mtp,1,14,12351,196.66,69,1665,9251,3,16
1784687699.667,real_q8_tensor_220w_mtp,2,99,12351,192.99,73,1680,9251,3,16
1784687699.667,real_q8_tensor_220w_mtp,3,60,12351,197.57,70,1680,9251,3,16
1784687700.237,real_q8_tensor_220w_mtp,0,48,12351,192.54,65,1725,9251,3,16
1784687700.237,real_q8_tensor_220w_mtp,1,14,12351,196.92,70,1635,9251,3,16
1784687700.237,real_q8_tensor_220w_mtp,2,99,12351,193.28,74,1680,9251,3,16
1784687700.237,real_q8_tensor_220w_mtp,3,60,12351,197.62,70,1665,9251,3,16
1784687700.830,real_q8_tensor_220w_mtp,0,100,12351,212.69,66,1740,9251,3,16
1784687700.830,real_q8_tensor_220w_mtp,1,100,12351,213.94,70,1650,9251,3,16
1784687700.830,real_q8_tensor_220w_mtp,2,100,12351,212.43,74,1710,9251,3,16
1784687700.830,real_q8_tensor_220w_mtp,3,100,12351,214.97,71,1665,9251,3,16
1784687701.424,real_q8_tensor_220w_mtp,0,100,12351,211.43,66,1740,9251,3,16
1784687701.424,real_q8_tensor_220w_mtp,1,100,12351,213.73,70,1695,9251,3,16
1784687701.424,real_q8_tensor_220w_mtp,2,100,12351,212.21,75,1725,9251,3,16
1784687701.424,real_q8_tensor_220w_mtp,3,100,12351,213.99,70,1665,9251,3,16
1784687701.997,real_q8_tensor_220w_mtp,0,100,12351,190.71,65,1800,9251,3,16
1784687701.997,real_q8_tensor_220w_mtp,1,100,12351,197.18,69,1650,9251,3,16
1784687701.997,real_q8_tensor_220w_mtp,2,100,12351,192.62,74,1710,9251,3,16
1784687701.997,real_q8_tensor_220w_mtp,3,100,12351,197.01,70,1740,9251,3,16
1784687702.603,real_q8_tensor_220w_mtp,0,100,12351,192.97,65,1800,9251,3,16
1784687702.603,real_q8_tensor_220w_mtp,1,100,12351,196.38,70,1665,9251,3,16
1784687702.603,real_q8_tensor_220w_mtp,2,100,12351,192.72,74,1725,9251,3,16
1784687702.603,real_q8_tensor_220w_mtp,3,100,12351,201.01,70,1725,9251,3,16
1784687703.199,real_q8_tensor_220w_mtp,0,100,12351,212.23,66,1740,9251,3,16
1784687703.199,real_q8_tensor_220w_mtp,1,100,12351,213.54,70,1665,9251,3,16
1784687703.199,real_q8_tensor_220w_mtp,2,100,12351,211.80,75,1680,9251,3,16
1784687703.199,real_q8_tensor_220w_mtp,3,100,12351,214.00,70,1665,9251,3,16
1784687703.799,real_q8_tensor_220w_mtp,0,100,12351,212.34,66,1830,9251,3,16
1784687703.799,real_q8_tensor_220w_mtp,1,100,12351,213.83,69,1785,9251,3,16
1784687703.799,real_q8_tensor_220w_mtp,2,100,12351,212.18,74,1740,9251,3,16
1784687703.799,real_q8_tensor_220w_mtp,3,100,12351,214.77,71,1785,9251,3,16
1784687704.360,real_q8_tensor_220w_mtp,0,100,12351,191.11,65,1740,9251,3,16
1784687704.360,real_q8_tensor_220w_mtp,1,100,12351,196.39,69,1665,9251,3,16
1784687704.360,real_q8_tensor_220w_mtp,2,100,12351,192.99,74,1695,9251,3,16
1784687704.360,real_q8_tensor_220w_mtp,3,100,12351,197.29,70,1680,9251,3,16
1784687704.931,real_q8_tensor_220w_mtp,0,100,12351,192.78,65,1740,9251,3,16
1784687704.931,real_q8_tensor_220w_mtp,1,100,12351,196.13,70,1665,9251,3,16
1784687704.931,real_q8_tensor_220w_mtp,2,100,12351,192.57,74,1755,9251,3,16
1784687704.931,real_q8_tensor_220w_mtp,3,100,12351,200.25,70,1665,9251,3,16
1784687705.502,real_q8_tensor_220w_mtp,0,100,12351,211.27,66,1740,9251,3,16
1784687705.502,real_q8_tensor_220w_mtp,1,100,12351,213.05,70,1725,9251,3,16
1784687705.502,real_q8_tensor_220w_mtp,2,100,12351,211.28,75,1725,9251,3,16
1784687705.502,real_q8_tensor_220w_mtp,3,100,12351,212.89,70,1710,9251,3,16
1784687706.074,real_q8_tensor_220w_mtp,0,79,12351,209.35,66,1830,9251,3,16
1784687706.074,real_q8_tensor_220w_mtp,1,100,12351,213.50,70,1800,9251,3,16
1784687706.074,real_q8_tensor_220w_mtp,2,100,12351,211.92,74,1695,9251,3,16
1784687706.074,real_q8_tensor_220w_mtp,3,100,12351,210.81,70,1800,9251,3,16
1784687706.678,real_q8_tensor_220w_mtp,0,79,12351,189.18,65,1755,9251,3,16
1784687706.678,real_q8_tensor_220w_mtp,1,100,12351,198.62,69,1695,9251,3,16
1784687706.678,real_q8_tensor_220w_mtp,2,100,12351,193.70,74,1710,9251,3,16
1784687706.678,real_q8_tensor_220w_mtp,3,100,12351,195.99,70,1680,9251,3,16
1784687707.249,real_q8_tensor_220w_mtp,0,100,12351,190.51,66,1725,9251,3,16
1784687707.249,real_q8_tensor_220w_mtp,1,100,12351,205.12,70,1635,9251,3,16
1784687707.249,real_q8_tensor_220w_mtp,2,100,12351,201.80,75,1710,9251,3,16
1784687707.249,real_q8_tensor_220w_mtp,3,100,12351,199.04,70,1650,9251,3,16
1784687707.846,real_q8_tensor_220w_mtp,0,100,12351,210.37,66,1770,9251,3,16
1784687707.846,real_q8_tensor_220w_mtp,1,100,12351,212.97,70,1620,9251,3,16
1784687707.846,real_q8_tensor_220w_mtp,2,100,12351,211.58,74,1665,9251,3,16
1784687707.846,real_q8_tensor_220w_mtp,3,100,12351,214.08,70,1740,9251,3,16
1784687708.438,real_q8_tensor_220w_mtp,0,100,12351,209.95,65,1890,9251,3,16
1784687708.438,real_q8_tensor_220w_mtp,1,100,12351,212.76,70,1845,9251,3,16
1784687708.438,real_q8_tensor_220w_mtp,2,100,12351,206.23,75,1785,9251,3,16
1784687708.438,real_q8_tensor_220w_mtp,3,100,12351,212.72,70,1860,9251,3,16
1784687709.021,real_q8_tensor_220w_mtp,0,61,12351,187.92,65,1740,9251,3,16
1784687709.021,real_q8_tensor_220w_mtp,1,100,12351,193.62,69,1635,9251,3,16
1784687709.021,real_q8_tensor_220w_mtp,2,100,12351,196.77,74,1740,9251,3,16
1784687709.021,real_q8_tensor_220w_mtp,3,100,12351,197.01,70,1665,9251,3,16
1784687709.629,real_q8_tensor_220w_mtp,0,100,12351,195.43,65,1770,9251,3,16
1784687709.629,real_q8_tensor_220w_mtp,1,100,12351,199.02,70,1635,9251,3,16
1784687709.629,real_q8_tensor_220w_mtp,2,100,12351,196.73,74,1665,9251,3,16
1784687709.629,real_q8_tensor_220w_mtp,3,100,12351,202.76,70,1665,9251,3,16
1784687710.199,real_q8_tensor_220w_mtp,0,100,12351,209.77,66,1755,9251,3,16
1784687710.199,real_q8_tensor_220w_mtp,1,100,12351,213.70,70,1695,9251,3,16
1784687710.199,real_q8_tensor_220w_mtp,2,100,12351,211.93,75,1755,9251,3,16
1784687710.199,real_q8_tensor_220w_mtp,3,100,12351,214.17,70,1695,9251,3,16
1784687710.793,real_q8_tensor_220w_mtp,0,50,12351,205.70,66,1920,9251,3,16
1784687710.793,real_q8_tensor_220w_mtp,1,100,12351,212.52,69,1875,9251,3,16
1784687710.793,real_q8_tensor_220w_mtp,2,100,12351,209.95,73,1875,9251,3,16
1784687710.793,real_q8_tensor_220w_mtp,3,100,12351,207.61,70,1905,9251,3,16
1784687711.396,real_q8_tensor_220w_mtp,0,50,12351,188.43,65,1785,9251,3,16
1784687711.396,real_q8_tensor_220w_mtp,1,100,12351,197.55,69,1710,9251,3,16
1784687711.396,real_q8_tensor_220w_mtp,2,100,12351,191.92,74,1665,9251,3,16
1784687711.396,real_q8_tensor_220w_mtp,3,100,12351,200.83,70,1725,9251,3,16
1784687711.968,real_q8_tensor_220w_mtp,0,100,12351,193.98,65,1725,9251,3,16
1784687711.968,real_q8_tensor_220w_mtp,1,100,12351,203.02,70,1620,9251,3,16
1784687711.968,real_q8_tensor_220w_mtp,2,100,12351,199.40,74,1725,9251,3,16
1784687711.968,real_q8_tensor_220w_mtp,3,100,12351,202.16,70,1665,9251,3,16
1784687712.538,real_q8_tensor_220w_mtp,0,100,12351,210.84,66,1785,9251,3,16
1784687712.538,real_q8_tensor_220w_mtp,1,100,12351,213.37,70,1665,9251,3,16
1784687712.538,real_q8_tensor_220w_mtp,2,100,12351,211.57,74,1740,9251,3,16
1784687712.538,real_q8_tensor_220w_mtp,3,100,12351,213.35,70,1725,9251,3,16
1784687713.132,real_q8_tensor_220w_mtp,0,100,12351,211.02,65,1710,9251,3,16
1784687713.132,real_q8_tensor_220w_mtp,1,100,12351,212.99,70,1710,9251,3,16
1784687713.132,real_q8_tensor_220w_mtp,2,100,12351,211.05,74,1725,9251,3,16
1784687713.132,real_q8_tensor_220w_mtp,3,100,12351,213.61,71,1680,9251,3,16
1784687713.711,real_q8_tensor_220w_mtp,0,100,12351,188.78,65,1800,9251,3,16
1784687713.711,real_q8_tensor_220w_mtp,1,100,12351,195.39,69,1635,9251,3,16
1784687713.711,real_q8_tensor_220w_mtp,2,100,12351,190.99,74,1665,9251,3,16
1784687713.711,real_q8_tensor_220w_mtp,3,100,12351,196.05,70,1710,9251,3,16
1784687714.282,real_q8_tensor_220w_mtp,0,100,12351,188.39,65,1770,9251,3,16
1784687714.282,real_q8_tensor_220w_mtp,1,100,12351,198.69,70,1695,9251,3,16
1784687714.282,real_q8_tensor_220w_mtp,2,100,12351,194.23,74,1740,9251,3,16
1784687714.282,real_q8_tensor_220w_mtp,3,100,12351,195.24,70,1710,9251,3,16
1784687714.851,real_q8_tensor_220w_mtp,0,100,12351,211.07,66,1725,9251,3,16
1784687714.851,real_q8_tensor_220w_mtp,1,100,12351,213.09,70,1620,9251,3,16
1784687714.851,real_q8_tensor_220w_mtp,2,100,12351,210.42,74,1665,9251,3,16
1784687714.851,real_q8_tensor_220w_mtp,3,100,12351,213.88,70,1650,9251,3,16
1784687715.419,real_q8_tensor_220w_mtp,0,100,12351,210.26,66,1710,9251,3,16
1784687715.419,real_q8_tensor_220w_mtp,1,100,12351,212.90,70,1650,9251,3,16
1784687715.419,real_q8_tensor_220w_mtp,2,100,12351,211.19,74,1680,9251,3,16
1784687715.419,real_q8_tensor_220w_mtp,3,100,12351,214.07,70,1665,9251,3,16
1784687716.008,real_q8_tensor_220w_mtp,0,100,12351,187.09,64,1725,9251,3,16
1784687716.008,real_q8_tensor_220w_mtp,1,70,12351,194.34,69,1620,9251,3,16
1784687716.008,real_q8_tensor_220w_mtp,2,73,12351,188.17,73,1680,9251,3,16
1784687716.008,real_q8_tensor_220w_mtp,3,100,12351,196.04,69,1695,9251,3,16
1784687716.578,real_q8_tensor_220w_mtp,0,100,12351,188.18,65,1725,9251,3,16
1784687716.578,real_q8_tensor_220w_mtp,1,70,12351,194.03,69,1620,9251,3,16
1784687716.578,real_q8_tensor_220w_mtp,2,73,12351,188.29,74,1665,9251,3,16
1784687716.578,real_q8_tensor_220w_mtp,3,100,12351,196.59,70,1635,9251,3,16
1784687717.171,real_q8_tensor_220w_mtp,0,100,12351,211.27,65,1725,9251,3,16
1784687717.171,real_q8_tensor_220w_mtp,1,100,12351,212.10,69,1680,9251,3,16
1784687717.171,real_q8_tensor_220w_mtp,2,100,12351,210.68,74,1740,9251,3,16
1784687717.171,real_q8_tensor_220w_mtp,3,100,12351,213.35,70,1665,9251,3,16
1784687717.745,real_q8_tensor_220w_mtp,0,100,12351,210.82,66,1710,9251,3,16
1784687717.745,real_q8_tensor_220w_mtp,1,100,12351,211.57,69,1665,9251,3,16
1784687717.745,real_q8_tensor_220w_mtp,2,100,12351,210.00,74,1740,9251,3,16
1784687717.745,real_q8_tensor_220w_mtp,3,92,12351,213.44,70,1665,9251,3,16
1784687718.345,real_q8_tensor_220w_mtp,0,12,12351,186.11,63,1725,9251,3,16
1784687718.345,real_q8_tensor_220w_mtp,1,67,12351,194.00,67,1620,9251,3,16
1784687718.345,real_q8_tensor_220w_mtp,2,71,12351,189.86,72,1725,9251,3,16
1784687718.345,real_q8_tensor_220w_mtp,3,25,12351,193.62,69,1635,9251,3,16
1784687718.939,real_q8_tensor_220w_mtp,0,12,12351,187.71,65,1785,9251,3,16
1784687718.939,real_q8_tensor_220w_mtp,1,67,12351,194.30,69,1605,9251,3,16
1784687718.939,real_q8_tensor_220w_mtp,2,71,12351,189.96,74,1680,9251,3,16
1784687718.939,real_q8_tensor_220w_mtp,3,25,12351,194.86,70,1695,9251,3,16
1784687719.510,real_q8_tensor_220w_mtp,0,100,12351,210.51,65,1770,9251,3,16
1784687719.510,real_q8_tensor_220w_mtp,1,100,12351,212.45,69,1695,9251,3,16
1784687719.510,real_q8_tensor_220w_mtp,2,100,12351,209.35,74,1665,9251,3,16
1784687719.510,real_q8_tensor_220w_mtp,3,100,12351,213.13,70,1725,9251,3,16
1784687720.096,real_q8_tensor_220w_mtp,0,100,12351,209.88,65,1785,9251,3,16
1784687720.096,real_q8_tensor_220w_mtp,1,100,12351,212.97,70,1620,9251,3,16
1784687720.096,real_q8_tensor_220w_mtp,2,100,12351,210.08,74,1665,9251,3,16
1784687720.096,real_q8_tensor_220w_mtp,3,100,12351,213.54,70,1695,9251,3,16
1784687720.686,real_q8_tensor_220w_mtp,0,28,12351,187.42,64,1920,9251,3,16
1784687720.686,real_q8_tensor_220w_mtp,1,22,12351,197.27,67,1905,9251,3,16
1784687720.686,real_q8_tensor_220w_mtp,2,22,12351,193.94,72,1890,9251,3,16
1784687720.686,real_q8_tensor_220w_mtp,3,10,12351,193.61,69,1905,9251,3,16
1784687721.268,real_q8_tensor_220w_mtp,0,28,12351,189.75,64,1695,9251,3,16
1784687721.268,real_q8_tensor_220w_mtp,1,22,12351,193.33,69,1680,9251,3,16
1784687721.268,real_q8_tensor_220w_mtp,2,22,12351,188.08,74,1710,9251,3,16
1784687721.268,real_q8_tensor_220w_mtp,3,10,12351,195.25,69,1680,9251,3,16
1784687721.862,real_q8_tensor_220w_mtp,0,51,12351,209.30,65,1755,9251,3,16
1784687721.862,real_q8_tensor_220w_mtp,1,100,12351,211.03,69,1695,9251,3,16
1784687721.862,real_q8_tensor_220w_mtp,2,99,12351,209.32,74,1740,9251,3,16
1784687721.862,real_q8_tensor_220w_mtp,3,62,12351,214.78,70,1635,9251,3,16
1784687722.454,real_q8_tensor_220w_mtp,0,51,12351,209.49,65,1755,9251,3,16
1784687722.454,real_q8_tensor_220w_mtp,1,100,12351,212.11,69,1695,9251,3,16
1784687722.454,real_q8_tensor_220w_mtp,2,99,12351,210.47,74,1650,9251,3,16
1784687722.454,real_q8_tensor_220w_mtp,3,62,12351,212.77,70,1695,9251,3,16
1784687723.024,real_q8_tensor_220w_mtp,0,36,12351,196.78,64,1860,9251,3,16
1784687723.024,real_q8_tensor_220w_mtp,1,31,12351,202.54,68,1815,9251,3,16
1784687723.024,real_q8_tensor_220w_mtp,2,33,12351,200.65,72,1830,9251,3,16
1784687723.024,real_q8_tensor_220w_mtp,3,25,12351,201.08,69,1830,9251,3,16
1784687723.584,real_q8_tensor_220w_mtp,0,36,12351,187.42,65,1755,9251,3,16
1784687723.584,real_q8_tensor_220w_mtp,1,31,12351,197.63,69,1605,9251,3,16
1784687723.584,real_q8_tensor_220w_mtp,2,33,12351,192.47,74,1650,9251,3,16
1784687723.584,real_q8_tensor_220w_mtp,3,25,12351,197.18,70,1695,9251,3,16
1784687724.153,real_q8_tensor_220w_mtp,0,100,12351,200.70,65,1815,9251,3,16
1784687724.153,real_q8_tensor_220w_mtp,1,87,12351,208.77,69,1755,9251,3,16
1784687724.153,real_q8_tensor_220w_mtp,2,90,12351,206.90,74,1695,9251,3,16
1784687724.153,real_q8_tensor_220w_mtp,3,100,12351,208.69,70,1785,9251,3,16
1784687724.737,real_q8_tensor_220w_mtp,0,100,12351,207.31,64,1680,9251,3,16
1784687724.737,real_q8_tensor_220w_mtp,1,87,12351,212.36,70,1575,9251,3,16
1784687724.737,real_q8_tensor_220w_mtp,2,90,12351,210.39,74,1635,9251,3,16
1784687724.737,real_q8_tensor_220w_mtp,3,100,12351,210.07,69,1605,9251,3,16
1784687725.350,real_q8_tensor_220w_mtp,0,23,12351,206.27,64,1905,9251,3,16
1784687725.350,real_q8_tensor_220w_mtp,1,40,12351,207.93,68,1860,9251,3,16
1784687725.350,real_q8_tensor_220w_mtp,2,40,12351,206.42,72,1830,9251,3,16
1784687725.350,real_q8_tensor_220w_mtp,3,23,12351,211.00,69,1830,9251,3,16
1784687725.910,real_q8_tensor_220w_mtp,0,23,12351,189.35,65,1725,9251,3,16
1784687725.910,real_q8_tensor_220w_mtp,1,40,12351,195.27,69,1680,9251,3,16
1784687725.910,real_q8_tensor_220w_mtp,2,40,12351,192.49,74,1710,9251,3,16
1784687725.910,real_q8_tensor_220w_mtp,3,23,12351,196.65,70,1650,9251,3,16
1784687726.498,real_q8_tensor_220w_mtp,0,100,12351,199.33,65,1740,9251,3,16
1784687726.498,real_q8_tensor_220w_mtp,1,100,12351,202.36,69,1695,9251,3,16
1784687726.498,real_q8_tensor_220w_mtp,2,100,12351,199.67,74,1710,9251,3,16
1784687726.498,real_q8_tensor_220w_mtp,3,100,12351,206.65,70,1695,9251,3,16
1784687727.070,real_q8_tensor_220w_mtp,0,100,12351,209.52,65,1695,9251,3,16
1784687727.070,real_q8_tensor_220w_mtp,1,100,12351,212.33,70,1590,9251,3,16
1784687727.070,real_q8_tensor_220w_mtp,2,100,12351,210.61,74,1665,9251,3,16
1784687727.070,real_q8_tensor_220w_mtp,3,100,12351,212.51,70,1620,9251,3,16
1784687727.663,real_q8_tensor_220w_mtp,0,100,12351,208.71,65,1785,9251,3,16
1784687727.663,real_q8_tensor_220w_mtp,1,100,12351,211.64,70,1650,9251,3,16
1784687727.663,real_q8_tensor_220w_mtp,2,100,12351,209.71,74,1710,9251,3,16
1784687727.663,real_q8_tensor_220w_mtp,3,100,12351,212.27,70,1710,9251,3,16
1784687728.246,real_q8_tensor_220w_mtp,0,25,12351,185.42,64,1770,9251,3,16
1784687728.246,real_q8_tensor_220w_mtp,1,45,12351,192.42,68,1680,9251,3,16
1784687728.246,real_q8_tensor_220w_mtp,2,86,12351,188.00,73,1650,9251,3,16
1784687728.246,real_q8_tensor_220w_mtp,3,63,12351,190.46,69,1710,9251,3,16
1784687728.840,real_q8_tensor_220w_mtp,0,100,12351,188.04,65,1695,9251,3,16
1784687728.840,real_q8_tensor_220w_mtp,1,100,12351,198.60,69,1605,9251,3,16
1784687728.840,real_q8_tensor_220w_mtp,2,100,12351,195.07,74,1680,9251,3,16
1784687728.840,real_q8_tensor_220w_mtp,3,100,12351,194.23,70,1620,9251,3,16
1784687729.435,real_q8_tensor_220w_mtp,0,100,12351,208.85,65,1770,9251,3,16
1784687729.435,real_q8_tensor_220w_mtp,1,100,12351,210.69,69,1695,9251,3,16
1784687729.435,real_q8_tensor_220w_mtp,2,100,12351,209.21,74,1740,9251,3,16
1784687729.435,real_q8_tensor_220w_mtp,3,100,12351,212.22,70,1710,9251,3,16
1784687730.030,real_q8_tensor_220w_mtp,0,100,12351,208.37,65,1710,9251,3,16
1784687730.030,real_q8_tensor_220w_mtp,1,100,12351,211.22,70,1605,9251,3,16
1784687730.030,real_q8_tensor_220w_mtp,2,100,12351,209.20,74,1665,9251,3,16
1784687730.030,real_q8_tensor_220w_mtp,3,100,12351,211.90,70,1620,9251,3,16
1784687730.620,real_q8_tensor_220w_mtp,0,100,12351,182.89,63,1695,9251,3,16
1784687730.620,real_q8_tensor_220w_mtp,1,100,12351,192.96,67,1650,9251,3,16
1784687730.620,real_q8_tensor_220w_mtp,2,100,12351,188.57,71,1635,9251,3,16
1784687730.620,real_q8_tensor_220w_mtp,3,100,12351,192.10,69,1695,9251,3,16
1784687731.214,real_q8_tensor_220w_mtp,0,72,12351,183.99,64,1740,9251,3,16
1784687731.214,real_q8_tensor_220w_mtp,1,51,12351,192.15,69,1665,9251,3,16
1784687731.214,real_q8_tensor_220w_mtp,2,50,12351,187.03,74,1725,9251,3,16
1784687731.214,real_q8_tensor_220w_mtp,3,85,12351,194.50,69,1695,9251,3,16
1784687731.785,real_q8_tensor_220w_mtp,0,72,12351,209.45,65,1695,9251,3,16
1784687731.785,real_q8_tensor_220w_mtp,1,51,12351,210.70,69,1590,9251,3,16
1784687731.785,real_q8_tensor_220w_mtp,2,50,12351,208.71,74,1710,9251,3,16
1784687731.785,real_q8_tensor_220w_mtp,3,85,12351,213.97,70,1605,9251,3,16
1784687732.354,real_q8_tensor_220w_mtp,0,100,12351,207.65,65,1755,9251,3,16
1784687732.354,real_q8_tensor_220w_mtp,1,100,12351,211.17,69,1695,9251,3,16
1784687732.354,real_q8_tensor_220w_mtp,2,100,12351,209.19,74,1725,9251,3,16
1784687732.354,real_q8_tensor_220w_mtp,3,100,12351,211.50,70,1710,9251,3,16
1784687732.946,real_q8_tensor_220w_mtp,0,100,12351,196.92,63,1920,9251,3,16
1784687732.946,real_q8_tensor_220w_mtp,1,100,12351,198.83,68,1860,9251,3,16
1784687732.946,real_q8_tensor_220w_mtp,2,100,12351,196.05,72,1845,9251,3,16
1784687732.946,real_q8_tensor_220w_mtp,3,100,12351,199.88,69,1875,9251,3,16
1784687733.533,real_q8_tensor_220w_mtp,0,100,12351,187.40,65,1680,9251,3,16
1784687733.533,real_q8_tensor_220w_mtp,1,100,12351,194.12,69,1635,9251,3,16
1784687733.533,real_q8_tensor_220w_mtp,2,100,12351,189.85,74,1650,9251,3,16
1784687733.533,real_q8_tensor_220w_mtp,3,100,12351,192.51,70,1635,9251,3,16
1784687734.127,real_q8_tensor_220w_mtp,0,100,12351,202.47,65,1800,9251,3,16
1784687734.127,real_q8_tensor_220w_mtp,1,100,12351,206.78,69,1740,9251,3,16
1784687734.127,real_q8_tensor_220w_mtp,2,100,12351,207.10,74,1665,9251,3,16
1784687734.127,real_q8_tensor_220w_mtp,3,100,12351,207.01,70,1770,9251,3,16
1784687734.714,real_q8_tensor_220w_mtp,0,79,12351,204.94,65,1875,9251,3,16
1784687734.714,real_q8_tensor_220w_mtp,1,100,12351,211.57,69,1830,9251,3,16
1784687734.714,real_q8_tensor_220w_mtp,2,100,12351,209.04,74,1770,9251,3,16
1784687734.714,real_q8_tensor_220w_mtp,3,65,12351,209.66,70,1860,9251,3,16
1784687735.274,real_q8_tensor_220w_mtp,0,79,12351,208.21,65,1905,9251,3,16
1784687735.274,real_q8_tensor_220w_mtp,1,100,12351,209.12,69,1875,9251,3,16
1784687735.274,real_q8_tensor_220w_mtp,2,100,12351,206.77,74,1830,9251,3,16
1784687735.274,real_q8_tensor_220w_mtp,3,65,12351,212.02,69,1890,9251,3,16
1784687735.835,real_q8_tensor_220w_mtp,0,100,12351,186.97,65,1755,9251,3,16
1784687735.835,real_q8_tensor_220w_mtp,1,100,12351,191.37,68,1590,9251,3,16
1784687735.835,real_q8_tensor_220w_mtp,2,100,12351,186.26,73,1635,9251,3,16
1784687735.835,real_q8_tensor_220w_mtp,3,100,12351,195.77,69,1635,9251,3,16
1784687736.405,real_q8_tensor_220w_mtp,0,100,12351,192.64,65,1740,9251,3,16
1784687736.405,real_q8_tensor_220w_mtp,1,100,12351,196.47,69,1680,9251,3,16
1784687736.405,real_q8_tensor_220w_mtp,2,100,12351,197.75,74,1650,9251,3,16
1784687736.405,real_q8_tensor_220w_mtp,3,100,12351,197.82,70,1680,9251,3,16
1784687737.017,real_q8_tensor_220w_mtp,0,100,12351,208.28,65,1680,9251,3,16
1784687737.017,real_q8_tensor_220w_mtp,1,100,12351,210.59,69,1605,9251,3,16
1784687737.017,real_q8_tensor_220w_mtp,2,100,12351,208.40,74,1605,9251,3,16
1784687737.017,real_q8_tensor_220w_mtp,3,100,12351,210.75,70,1605,9251,3,16
1784687737.588,real_q8_tensor_220w_mtp,0,100,12351,207.98,65,1695,9251,3,16
1784687737.588,real_q8_tensor_220w_mtp,1,100,12351,210.55,69,1590,9251,3,16
1784687737.588,real_q8_tensor_220w_mtp,2,100,12351,208.17,74,1635,9251,3,16
1784687737.588,real_q8_tensor_220w_mtp,3,100,12351,210.44,70,1605,9251,3,16
1784687738.176,real_q8_tensor_220w_mtp,0,37,12351,191.15,63,1920,9251,3,16
1784687738.176,real_q8_tensor_220w_mtp,1,22,12351,191.54,68,1905,9251,3,16
1784687738.176,real_q8_tensor_220w_mtp,2,17,12351,187.28,72,1890,9251,3,16
1784687738.176,real_q8_tensor_220w_mtp,3,25,12351,196.45,68,1920,9251,3,16
1784687738.736,real_q8_tensor_220w_mtp,0,37,12351,186.10,64,1875,9251,3,16
1784687738.736,real_q8_tensor_220w_mtp,1,22,12351,194.00,69,1830,9251,3,16
1784687738.736,real_q8_tensor_220w_mtp,2,17,12351,190.15,74,1755,9251,3,16
1784687738.736,real_q8_tensor_220w_mtp,3,25,12351,194.02,69,1845,9251,3,16
1784687739.297,real_q8_tensor_220w_mtp,0,49,12351,207.07,65,1905,9251,3,16
1784687739.297,real_q8_tensor_220w_mtp,1,77,12351,210.42,68,1890,9251,3,16
1784687739.297,real_q8_tensor_220w_mtp,2,75,12351,207.97,73,1890,9251,3,16
1784687739.297,real_q8_tensor_220w_mtp,3,47,12351,213.08,69,1575,9251,3,16
1784687739.890,real_q8_tensor_220w_mtp,0,49,12351,208.40,64,1665,9251,3,16
1784687739.890,real_q8_tensor_220w_mtp,1,77,12351,213.02,69,1545,9251,3,16
1784687739.890,real_q8_tensor_220w_mtp,2,75,12351,209.10,73,1635,9251,3,16
1784687739.890,real_q8_tensor_220w_mtp,3,47,12351,211.13,69,1590,9251,3,16
1784687740.483,real_q8_tensor_220w_mtp,0,33,12351,206.52,63,1905,9251,3,16
1784687740.483,real_q8_tensor_220w_mtp,1,27,12351,205.69,68,1785,9251,3,16
1784687740.483,real_q8_tensor_220w_mtp,2,27,12351,202.96,72,1800,9251,3,16
1784687740.483,real_q8_tensor_220w_mtp,3,9,12351,208.85,68,1815,9251,3,16
1784687741.043,real_q8_tensor_220w_mtp,0,58,12351,184.21,65,1710,9251,3,16
1784687741.043,real_q8_tensor_220w_mtp,1,85,12351,192.07,69,1575,9251,3,16
1784687741.043,real_q8_tensor_220w_mtp,2,100,12351,187.07,73,1620,9251,3,16
1784687741.043,real_q8_tensor_220w_mtp,3,100,12351,193.52,69,1605,9251,3,16
1784687741.642,real_q8_tensor_220w_mtp,0,100,12351,193.73,65,1680,9251,3,16
1784687741.642,real_q8_tensor_220w_mtp,1,100,12351,196.87,69,1575,9251,3,16
1784687741.642,real_q8_tensor_220w_mtp,2,100,12351,198.85,74,1695,9251,3,16
1784687741.642,real_q8_tensor_220w_mtp,3,100,12351,200.65,70,1575,9251,3,16
1784687742.211,real_q8_tensor_220w_mtp,0,100,12351,207.12,65,1695,9251,3,16
1784687742.211,real_q8_tensor_220w_mtp,1,100,12351,211.11,69,1590,9251,3,16
1784687742.211,real_q8_tensor_220w_mtp,2,100,12351,208.90,74,1620,9251,3,16
1784687742.211,real_q8_tensor_220w_mtp,3,100,12351,212.11,70,1590,9251,3,16
1784687742.803,real_q8_tensor_220w_mtp,0,100,12351,207.75,65,1665,9251,3,16
1784687742.803,real_q8_tensor_220w_mtp,1,100,12351,211.39,69,1590,9251,3,16
1784687742.803,real_q8_tensor_220w_mtp,2,100,12351,209.56,74,1725,9251,3,16
1784687742.803,real_q8_tensor_220w_mtp,3,100,12351,210.69,70,1620,9251,3,16
1784687743.374,real_q8_tensor_220w_mtp,0,100,12351,188.36,63,1920,9251,3,16
1784687743.374,real_q8_tensor_220w_mtp,1,100,12351,188.84,67,1905,9251,3,16
1784687743.374,real_q8_tensor_220w_mtp,2,100,12351,184.50,72,1875,9251,3,16
1784687743.374,real_q8_tensor_220w_mtp,3,100,12351,192.95,67,1920,9251,3,16
1784687743.938,real_q8_tensor_220w_mtp,0,71,12351,183.34,63,1890,9251,3,16
1784687743.938,real_q8_tensor_220w_mtp,1,95,12351,192.60,68,1875,9251,3,16
1784687743.938,real_q8_tensor_220w_mtp,2,99,12351,188.68,73,1860,9251,3,16
1784687743.938,real_q8_tensor_220w_mtp,3,58,12351,190.04,69,1890,9251,3,16
1784687744.505,real_q8_tensor_220w_mtp,0,71,12351,208.55,65,1665,9251,3,16
1784687744.505,real_q8_tensor_220w_mtp,1,100,12351,209.56,68,1545,9251,3,16
1784687744.505,real_q8_tensor_220w_mtp,2,80,12351,208.47,72,1875,9251,3,16
1784687744.505,real_q8_tensor_220w_mtp,3,98,12351,210.92,70,1575,9251,3,16
1784687745.080,real_q8_tensor_220w_mtp,0,74,12351,208.42,64,1755,9251,3,16
1784687745.080,real_q8_tensor_220w_mtp,1,51,12351,210.37,69,1665,9251,3,16
1784687745.080,real_q8_tensor_220w_mtp,2,47,12351,208.63,74,1620,9251,3,16
1784687745.080,real_q8_tensor_220w_mtp,3,88,12351,210.98,68,1695,9251,3,16
1784687745.675,real_q8_tensor_220w_mtp,0,24,12351,200.68,63,1920,9251,3,16
1784687745.675,real_q8_tensor_220w_mtp,1,51,12351,204.08,67,1875,9251,3,16
1784687745.675,real_q8_tensor_220w_mtp,2,47,12351,202.46,72,1875,9251,3,16
1784687745.675,real_q8_tensor_220w_mtp,3,88,12351,204.04,69,1905,9251,3,16
1784687746.257,real_q8_tensor_220w_mtp,0,24,12351,185.79,65,1680,9251,3,16
1784687746.257,real_q8_tensor_220w_mtp,1,100,12351,193.27,69,1560,9251,3,16
1784687746.257,real_q8_tensor_220w_mtp,2,100,12351,189.39,73,1635,9251,3,16
1784687746.257,real_q8_tensor_220w_mtp,3,100,12351,192.54,69,1695,9251,3,16
1784687746.828,real_q8_tensor_220w_mtp,0,100,12351,193.33,65,1740,9251,3,16
1784687746.828,real_q8_tensor_220w_mtp,1,100,12351,199.64,69,1680,9251,3,16
1784687746.828,real_q8_tensor_220w_mtp,2,100,12351,202.28,74,1620,9251,3,16
1784687746.828,real_q8_tensor_220w_mtp,3,100,12351,199.78,70,1680,9251,3,16
1784687747.415,real_q8_tensor_220w_mtp,0,100,12351,207.13,65,1770,9251,3,16
1784687747.415,real_q8_tensor_220w_mtp,1,100,12351,210.68,69,1605,9251,3,16
1784687747.415,real_q8_tensor_220w_mtp,2,100,12351,208.83,74,1680,9251,3,16
1784687747.415,real_q8_tensor_220w_mtp,3,100,12351,210.48,70,1650,9251,3,16
1784687747.985,real_q8_tensor_220w_mtp,0,100,12351,207.27,65,1755,9251,3,16
1784687747.985,real_q8_tensor_220w_mtp,1,100,12351,210.77,69,1680,9251,3,16
1784687747.985,real_q8_tensor_220w_mtp,2,100,12351,208.47,74,1620,9251,3,16
1784687747.985,real_q8_tensor_220w_mtp,3,100,12351,210.67,70,1710,9251,3,16
1784687748.555,real_q8_tensor_220w_mtp,0,32,12351,177.20,63,1920,9251,3,16
1784687748.555,real_q8_tensor_220w_mtp,1,18,12351,192.67,67,1905,9251,3,16
1784687748.555,real_q8_tensor_220w_mtp,2,18,12351,186.37,71,1890,9251,3,16
1784687748.555,real_q8_tensor_220w_mtp,3,28,12351,188.63,68,1920,9251,3,16
1784687749.166,real_q8_tensor_220w_mtp,0,95,12351,182.62,64,1905,9251,3,16
1784687749.166,real_q8_tensor_220w_mtp,1,18,12351,189.80,69,1890,9251,3,16
1784687749.166,real_q8_tensor_220w_mtp,2,18,12351,182.46,74,1860,9251,3,16
1784687749.166,real_q8_tensor_220w_mtp,3,71,12351,190.91,69,1905,9251,3,16
1784687749.734,real_q8_tensor_220w_mtp,0,95,12351,208.12,63,1905,9251,3,16
1784687749.734,real_q8_tensor_220w_mtp,1,84,12351,211.93,68,1875,9251,3,16
1784687749.734,real_q8_tensor_220w_mtp,2,82,12351,209.59,72,1875,9251,3,16
1784687749.734,real_q8_tensor_220w_mtp,3,71,12351,209.42,69,1905,9251,3,16
1784687750.301,real_q8_tensor_220w_mtp,0,47,12351,207.38,65,1650,9251,3,16
1784687750.301,real_q8_tensor_220w_mtp,1,84,12351,210.26,68,1545,9251,3,16
1784687750.301,real_q8_tensor_220w_mtp,2,82,12351,208.95,72,1875,9251,3,16
1784687750.301,real_q8_tensor_220w_mtp,3,58,12351,210.34,69,1590,9251,3,16
1784687750.870,real_q8_tensor_220w_mtp,0,47,12351,208.61,64,1920,9251,3,16
1784687750.870,real_q8_tensor_220w_mtp,1,19,12351,205.63,68,1905,9251,3,16
1784687750.870,real_q8_tensor_220w_mtp,2,14,12351,203.49,73,1875,9251,3,16
1784687750.870,real_q8_tensor_220w_mtp,3,58,12351,211.83,68,1920,9251,3,16
1784687751.429,real_q8_tensor_220w_mtp,0,100,12351,183.66,64,1680,9251,3,16
1784687751.429,real_q8_tensor_220w_mtp,1,19,12351,195.73,68,1575,9251,3,16
1784687751.429,real_q8_tensor_220w_mtp,2,14,12351,188.70,73,1590,9251,3,16
1784687751.429,real_q8_tensor_220w_mtp,3,100,12351,191.97,69,1590,9251,3,16
1784687752.000,real_q8_tensor_220w_mtp,0,100,12351,188.72,65,1755,9251,3,16
1784687752.000,real_q8_tensor_220w_mtp,1,100,12351,197.20,69,1620,9251,3,16
1784687752.000,real_q8_tensor_220w_mtp,2,100,12351,191.42,74,1590,9251,3,16
1784687752.000,real_q8_tensor_220w_mtp,3,100,12351,198.15,70,1680,9251,3,16
1784687752.571,real_q8_tensor_220w_mtp,0,100,12351,207.66,65,1680,9251,3,16
1784687752.571,real_q8_tensor_220w_mtp,1,100,12351,210.05,69,1560,9251,3,16
1784687752.571,real_q8_tensor_220w_mtp,2,100,12351,207.37,74,1665,9251,3,16
1784687752.571,real_q8_tensor_220w_mtp,3,100,12351,210.06,70,1590,9251,3,16
1784687753.171,real_q8_tensor_220w_mtp,0,100,12351,207.75,65,1695,9251,3,16
1784687753.171,real_q8_tensor_220w_mtp,1,100,12351,210.36,69,1575,9251,3,16
1784687753.171,real_q8_tensor_220w_mtp,2,100,12351,207.74,73,1620,9251,3,16
1784687753.171,real_q8_tensor_220w_mtp,3,100,12351,209.95,70,1605,9251,3,16
1784687753.743,real_q8_tensor_220w_mtp,0,35,12351,194.46,63,1920,9251,3,16
1784687753.743,real_q8_tensor_220w_mtp,1,100,12351,193.22,67,1800,9251,3,16
1784687753.743,real_q8_tensor_220w_mtp,2,100,12351,191.91,72,1890,9251,3,16
1784687753.743,real_q8_tensor_220w_mtp,3,28,12351,200.37,69,1920,9251,3,16
1784687754.325,real_q8_tensor_220w_mtp,0,35,12351,185.22,65,1755,9251,3,16
1784687754.325,real_q8_tensor_220w_mtp,1,100,12351,188.49,69,1665,9251,3,16
1784687754.325,real_q8_tensor_220w_mtp,2,100,12351,191.00,74,1725,9251,3,16
1784687754.325,real_q8_tensor_220w_mtp,3,28,12351,195.73,70,1695,9251,3,16
1784687754.920,real_q8_tensor_220w_mtp,0,100,12351,203.70,65,1635,9251,3,16
1784687754.920,real_q8_tensor_220w_mtp,1,100,12351,204.76,69,1545,9251,3,16
1784687754.920,real_q8_tensor_220w_mtp,2,100,12351,206.24,74,1695,9251,3,16
1784687754.920,real_q8_tensor_220w_mtp,3,100,12351,210.35,70,1575,9251,3,16
1784687755.488,real_q8_tensor_220w_mtp,0,100,12351,206.30,65,1665,9251,3,16
1784687755.488,real_q8_tensor_220w_mtp,1,100,12351,209.62,69,1560,9251,3,16
1784687755.488,real_q8_tensor_220w_mtp,2,100,12351,206.94,74,1620,9251,3,16
1784687755.488,real_q8_tensor_220w_mtp,3,100,12351,212.71,70,1575,9251,3,16
1784687756.054,real_q8_tensor_220w_mtp,0,100,12351,206.83,65,1755,9251,3,16
1784687756.054,real_q8_tensor_220w_mtp,1,100,12351,210.53,69,1575,9251,3,16
1784687756.054,real_q8_tensor_220w_mtp,2,100,12351,208.13,74,1650,9251,3,16
1784687756.054,real_q8_tensor_220w_mtp,3,100,12351,209.78,70,1650,9251,3,16
1784687756.622,real_q8_tensor_220w_mtp,0,100,12351,176.72,64,1755,9251,3,16
1784687756.622,real_q8_tensor_220w_mtp,1,86,12351,190.65,66,1635,9251,3,16
1784687756.622,real_q8_tensor_220w_mtp,2,80,12351,184.85,71,1605,9251,3,16
1784687756.622,real_q8_tensor_220w_mtp,3,46,12351,186.91,69,1695,9251,3,16
1784687757.235,real_q8_tensor_220w_mtp,0,54,12351,178.76,64,1755,9251,3,16
1784687757.235,real_q8_tensor_220w_mtp,1,86,12351,194.31,69,1575,9251,3,16
1784687757.235,real_q8_tensor_220w_mtp,2,80,12351,188.30,73,1605,9251,3,16
1784687757.235,real_q8_tensor_220w_mtp,3,46,12351,190.15,70,1635,9251,3,16
1784687757.831,real_q8_tensor_220w_mtp,0,54,12351,205.52,64,1710,9251,3,16
1784687757.831,real_q8_tensor_220w_mtp,1,100,12351,210.62,69,1560,9251,3,16
1784687757.831,real_q8_tensor_220w_mtp,2,100,12351,207.55,73,1620,9251,3,16
1784687757.831,real_q8_tensor_220w_mtp,3,100,12351,210.52,70,1590,9251,3,16
1784687758.427,real_q8_tensor_220w_mtp,0,100,12351,207.59,65,1905,9251,3,16
1784687758.427,real_q8_tensor_220w_mtp,1,100,12351,209.94,69,1620,9251,3,16
1784687758.427,real_q8_tensor_220w_mtp,2,100,12351,208.05,74,1710,9251,3,16
1784687758.427,real_q8_tensor_220w_mtp,3,100,12351,209.98,70,1575,9251,3,16
1784687759.002,real_q8_tensor_220w_mtp,0,30,12351,197.78,64,1845,9251,3,16
1784687759.002,real_q8_tensor_220w_mtp,1,100,12351,201.14,67,1755,9251,3,16
1784687759.002,real_q8_tensor_220w_mtp,2,100,12351,207.74,71,1710,9251,3,16
1784687759.002,real_q8_tensor_220w_mtp,3,100,12351,200.97,68,1590,9251,3,16
1784687759.596,real_q8_tensor_220w_mtp,0,100,12351,182.63,65,1650,9251,3,16
1784687759.596,real_q8_tensor_220w_mtp,1,100,12351,189.41,68,1560,9251,3,16
1784687759.596,real_q8_tensor_220w_mtp,2,100,12351,185.60,73,1695,9251,3,16
1784687759.596,real_q8_tensor_220w_mtp,3,100,12351,191.01,69,1575,9251,3,16
1784687760.168,real_q8_tensor_220w_mtp,0,100,12351,191.02,65,1755,9251,3,16
1784687760.168,real_q8_tensor_220w_mtp,1,100,12351,202.34,69,1590,9251,3,16
1784687760.168,real_q8_tensor_220w_mtp,2,100,12351,198.58,74,1650,9251,3,16
1784687760.168,real_q8_tensor_220w_mtp,3,100,12351,200.10,70,1635,9251,3,16
1784687760.738,real_q8_tensor_220w_mtp,0,100,12351,205.24,65,1650,9251,3,16
1784687760.738,real_q8_tensor_220w_mtp,1,100,12351,208.53,69,1545,9251,3,16
1784687760.738,real_q8_tensor_220w_mtp,2,100,12351,205.86,74,1680,9251,3,16
1784687760.738,real_q8_tensor_220w_mtp,3,100,12351,209.93,70,1575,9251,3,16
1784687761.310,real_q8_tensor_220w_mtp,0,100,12351,205.87,65,1665,9251,3,16
1784687761.310,real_q8_tensor_220w_mtp,1,100,12351,209.22,69,1620,9251,3,16
1784687761.310,real_q8_tensor_220w_mtp,2,100,12351,206.55,74,1620,9251,3,16
1784687761.310,real_q8_tensor_220w_mtp,3,100,12351,210.06,70,1590,9251,3,16
1784687761.901,real_q8_tensor_220w_mtp,0,100,12351,186.35,63,1830,9251,3,16
1784687761.901,real_q8_tensor_220w_mtp,1,34,12351,193.03,68,1860,9251,3,16
1784687761.901,real_q8_tensor_220w_mtp,2,31,12351,188.68,72,1740,9251,3,16
1784687761.901,real_q8_tensor_220w_mtp,3,26,12351,192.52,68,1785,9251,3,16
1784687762.462,real_q8_tensor_220w_mtp,0,100,12351,184.00,65,1635,9251,3,16
1784687762.462,real_q8_tensor_220w_mtp,1,100,12351,190.43,68,1545,9251,3,16
1784687762.462,real_q8_tensor_220w_mtp,2,100,12351,186.19,73,1680,9251,3,16
1784687762.462,real_q8_tensor_220w_mtp,3,100,12351,191.10,69,1560,9251,3,16
1784687763.068,real_q8_tensor_220w_mtp,0,100,12351,202.24,65,1755,9251,3,16
1784687763.068,real_q8_tensor_220w_mtp,1,100,12351,212.07,69,1665,9251,3,16
1784687763.068,real_q8_tensor_220w_mtp,2,100,12351,209.74,73,1710,9251,3,16
1784687763.068,real_q8_tensor_220w_mtp,3,100,12351,208.63,70,1680,9251,3,16
1784687763.631,real_q8_tensor_220w_mtp,0,100,12351,204.82,65,1755,9251,3,16
1784687763.631,real_q8_tensor_220w_mtp,1,100,12351,213.70,69,1725,9251,3,16
1784687763.631,real_q8_tensor_220w_mtp,2,100,12351,211.99,74,1650,9251,3,16
1784687763.631,real_q8_tensor_220w_mtp,3,100,12351,210.60,70,1725,9251,3,16
1784687764.219,real_q8_tensor_220w_mtp,0,100,12351,208.31,65,1800,9251,3,16
1784687764.219,real_q8_tensor_220w_mtp,1,100,12351,209.38,69,1725,9251,3,16
1784687764.219,real_q8_tensor_220w_mtp,2,100,12351,207.83,74,1590,9251,3,16
1784687764.219,real_q8_tensor_220w_mtp,3,100,12351,212.77,70,1755,9251,3,16
1784687764.800,real_q8_tensor_220w_mtp,0,65,12351,182.93,64,1725,9251,3,16
1784687764.800,real_q8_tensor_220w_mtp,1,100,12351,187.15,68,1560,9251,3,16
1784687764.800,real_q8_tensor_220w_mtp,2,100,12351,180.77,73,1620,9251,3,16
1784687764.800,real_q8_tensor_220w_mtp,3,100,12351,192.51,69,1620,9251,3,16
1784687765.394,real_q8_tensor_220w_mtp,0,65,12351,184.41,63,1680,9251,3,16
1784687765.394,real_q8_tensor_220w_mtp,1,60,12351,188.88,69,1530,9251,3,16
1784687765.394,real_q8_tensor_220w_mtp,2,60,12351,183.17,73,1620,9251,3,16
1784687765.394,real_q8_tensor_220w_mtp,3,100,12351,194.05,69,1590,9251,3,16
1784687765.963,real_q8_tensor_220w_mtp,0,44,12351,202.91,64,1650,9251,3,16
1784687765.963,real_q8_tensor_220w_mtp,1,60,12351,209.02,67,1635,9251,3,16
1784687765.963,real_q8_tensor_220w_mtp,2,60,12351,206.33,72,1635,9251,3,16
1784687765.963,real_q8_tensor_220w_mtp,3,100,12351,207.66,69,1620,9251,3,16
1784687766.531,real_q8_tensor_220w_mtp,0,72,12351,205.25,65,1635,9251,3,16
1784687766.531,real_q8_tensor_220w_mtp,1,97,12351,210.08,68,1515,9251,3,16
1784687766.531,real_q8_tensor_220w_mtp,2,93,12351,208.36,72,1695,9251,3,16
1784687766.531,real_q8_tensor_220w_mtp,3,59,12351,209.10,70,1560,9251,3,16
1784687767.128,real_q8_tensor_220w_mtp,0,28,12351,202.51,63,1815,9251,3,16
1784687767.128,real_q8_tensor_220w_mtp,1,97,12351,206.08,67,1800,9251,3,16
1784687767.128,real_q8_tensor_220w_mtp,2,93,12351,204.72,71,1785,9251,3,16
1784687767.128,real_q8_tensor_220w_mtp,3,59,12351,205.20,68,1785,9251,3,16
1784687767.688,real_q8_tensor_220w_mtp,0,28,12351,181.96,64,1665,9251,3,16
1784687767.688,real_q8_tensor_220w_mtp,1,100,12351,188.78,68,1620,9251,3,16
1784687767.688,real_q8_tensor_220w_mtp,2,100,12351,184.14,73,1620,9251,3,16
1784687767.688,real_q8_tensor_220w_mtp,3,100,12351,191.09,69,1575,9251,3,16
1784687768.259,real_q8_tensor_220w_mtp,0,100,12351,185.75,65,1665,9251,3,16
1784687768.259,real_q8_tensor_220w_mtp,1,100,12351,197.55,69,1620,9251,3,16
1784687768.259,real_q8_tensor_220w_mtp,2,100,12351,193.72,73,1695,9251,3,16
1784687768.259,real_q8_tensor_220w_mtp,3,100,12351,194.68,69,1575,9251,3,16
1784687768.829,real_q8_tensor_220w_mtp,0,100,12351,206.52,65,1635,9251,3,16
1784687768.829,real_q8_tensor_220w_mtp,1,100,12351,209.30,68,1530,9251,3,16
1784687768.829,real_q8_tensor_220w_mtp,2,100,12351,207.48,73,1620,9251,3,16
1784687768.829,real_q8_tensor_220w_mtp,3,100,12351,209.78,70,1575,9251,3,16
1784687769.422,real_q8_tensor_220w_mtp,0,100,12351,205.39,64,1710,9251,3,16
1784687769.422,real_q8_tensor_220w_mtp,1,76,12351,208.54,69,1560,9251,3,16
1784687769.422,real_q8_tensor_220w_mtp,2,100,12351,206.58,73,1605,9251,3,16
1784687769.422,real_q8_tensor_220w_mtp,3,94,12351,210.04,70,1605,9251,3,16
1784687770.018,real_q8_tensor_220w_mtp,0,40,12351,190.64,62,1800,9251,3,16
1784687770.018,real_q8_tensor_220w_mtp,1,29,12351,199.40,67,1890,9251,3,16
1784687770.018,real_q8_tensor_220w_mtp,2,28,12351,197.13,72,1875,9251,3,16
1784687770.018,real_q8_tensor_220w_mtp,3,36,12351,197.26,68,1920,9251,3,16
1784687770.579,real_q8_tensor_220w_mtp,0,100,12351,176.84,64,1740,9251,3,16
1784687770.579,real_q8_tensor_220w_mtp,1,29,12351,189.82,68,1665,9251,3,16
1784687770.579,real_q8_tensor_220w_mtp,2,28,12351,184.35,73,1605,9251,3,16
1784687770.579,real_q8_tensor_220w_mtp,3,36,12351,190.36,69,1665,9251,3,16
1784687771.150,real_q8_tensor_220w_mtp,0,100,12351,190.28,65,1665,9251,3,16
1784687771.150,real_q8_tensor_220w_mtp,1,100,12351,202.50,69,1530,9251,3,16
1784687771.150,real_q8_tensor_220w_mtp,2,100,12351,198.34,73,1680,9251,3,16
1784687771.150,real_q8_tensor_220w_mtp,3,100,12351,203.04,70,1560,9251,3,16
1784687771.743,real_q8_tensor_220w_mtp,0,100,12351,205.12,65,1650,9251,3,16
1784687771.743,real_q8_tensor_220w_mtp,1,100,12351,208.00,69,1560,9251,3,16
1784687771.743,real_q8_tensor_220w_mtp,2,100,12351,205.08,73,1590,9251,3,16
1784687771.743,real_q8_tensor_220w_mtp,3,100,12351,208.32,69,1560,9251,3,16
1784687772.315,real_q8_tensor_220w_mtp,0,100,12351,205.57,65,1635,9251,3,16
1784687772.315,real_q8_tensor_220w_mtp,1,100,12351,208.39,69,1590,9251,3,16
1784687772.315,real_q8_tensor_220w_mtp,2,100,12351,206.41,73,1695,9251,3,16
1784687772.315,real_q8_tensor_220w_mtp,3,100,12351,207.93,70,1560,9251,3,16
1784687772.929,real_q8_tensor_220w_mtp,0,40,12351,186.08,63,1890,9251,3,16
1784687772.929,real_q8_tensor_220w_mtp,1,100,12351,192.24,66,1755,9251,3,16
1784687772.929,real_q8_tensor_220w_mtp,2,100,12351,189.49,71,1785,9251,3,16
1784687772.929,real_q8_tensor_220w_mtp,3,100,12351,193.25,68,1800,9251,3,16
1784687773.488,real_q8_tensor_220w_mtp,0,40,12351,181.55,65,1635,9251,3,16
1784687773.488,real_q8_tensor_220w_mtp,1,100,12351,188.07,68,1545,9251,3,16
1784687773.488,real_q8_tensor_220w_mtp,2,100,12351,182.07,73,1560,9251,3,16
1784687773.488,real_q8_tensor_220w_mtp,3,100,12351,189.85,69,1680,9251,3,16
1784687774.058,real_q8_tensor_220w_mtp,0,100,12351,200.76,65,1710,9251,3,16
1784687774.058,real_q8_tensor_220w_mtp,1,100,12351,209.32,69,1545,9251,3,16
1784687774.058,real_q8_tensor_220w_mtp,2,100,12351,205.00,73,1605,9251,3,16
1784687774.058,real_q8_tensor_220w_mtp,3,100,12351,205.20,70,1605,9251,3,16
1784687774.630,real_q8_tensor_220w_mtp,0,100,12351,205.55,65,1740,9251,3,16
1784687774.630,real_q8_tensor_220w_mtp,1,100,12351,208.60,69,1665,9251,3,16
1784687774.630,real_q8_tensor_220w_mtp,2,100,12351,206.79,73,1560,9251,3,16
1784687774.630,real_q8_tensor_220w_mtp,3,100,12351,208.49,70,1680,9251,3,16
1784687775.201,real_q8_tensor_220w_mtp,0,100,12351,204.02,65,1740,9251,3,16
1784687775.201,real_q8_tensor_220w_mtp,1,100,12351,208.34,69,1605,9251,3,16
1784687775.201,real_q8_tensor_220w_mtp,2,100,12351,206.52,74,1665,9251,3,16
1784687775.201,real_q8_tensor_220w_mtp,3,100,12351,208.70,70,1680,9251,3,16
1784687775.769,real_q8_tensor_220w_mtp,0,100,12351,183.04,63,1875,9251,3,16
1784687775.769,real_q8_tensor_220w_mtp,1,23,12351,187.90,66,1875,9251,3,16
1784687775.769,real_q8_tensor_220w_mtp,2,27,12351,183.09,71,1860,9251,3,16
1784687775.769,real_q8_tensor_220w_mtp,3,100,12351,191.99,68,1845,9251,3,16
1784687776.329,real_q8_tensor_220w_mtp,0,100,12351,180.85,65,1680,9251,3,16
1784687776.329,real_q8_tensor_220w_mtp,1,23,12351,187.90,69,1545,9251,3,16
1784687776.329,real_q8_tensor_220w_mtp,2,27,12351,183.51,73,1590,9251,3,16
1784687776.329,real_q8_tensor_220w_mtp,3,100,12351,188.07,69,1665,9251,3,16
1784687776.894,real_q8_tensor_220w_mtp,0,100,12351,207.74,65,1740,9251,3,16
1784687776.894,real_q8_tensor_220w_mtp,1,100,12351,207.49,69,1650,9251,3,16
1784687776.894,real_q8_tensor_220w_mtp,2,100,12351,205.51,73,1575,9251,3,16
1784687776.894,real_q8_tensor_220w_mtp,3,100,12351,212.91,70,1680,9251,3,16
1784687777.461,real_q8_tensor_220w_mtp,0,100,12351,204.37,65,1740,9251,3,16
1784687777.461,real_q8_tensor_220w_mtp,1,100,12351,206.89,69,1650,9251,3,16
1784687777.461,real_q8_tensor_220w_mtp,2,100,12351,205.85,73,1695,9251,3,16
1784687777.461,real_q8_tensor_220w_mtp,3,100,12351,208.76,69,1680,9251,3,16
1784687778.031,real_q8_tensor_220w_mtp,0,100,12351,205.46,65,1710,9251,3,16
1784687778.031,real_q8_tensor_220w_mtp,1,100,12351,209.10,69,1650,9251,3,16
1784687778.031,real_q8_tensor_220w_mtp,2,100,12351,206.41,74,1605,9251,3,16
1784687778.031,real_q8_tensor_220w_mtp,3,100,12351,207.83,69,1650,9251,3,16
1784687778.641,real_q8_tensor_220w_mtp,0,21,12351,179.19,62,1920,9251,3,16
1784687778.641,real_q8_tensor_220w_mtp,1,100,12351,190.84,67,1905,9251,3,16
1784687778.641,real_q8_tensor_220w_mtp,2,100,12351,178.02,71,1890,9251,3,16
1784687778.641,real_q8_tensor_220w_mtp,3,19,12351,186.14,67,1920,9251,3,16
1784687779.205,real_q8_tensor_220w_mtp,0,21,12351,178.84,64,1890,9251,3,16
1784687779.205,real_q8_tensor_220w_mtp,1,100,12351,188.61,69,1860,9251,3,16
1784687779.205,real_q8_tensor_220w_mtp,2,41,12351,179.11,73,1860,9251,3,16
1784687779.205,real_q8_tensor_220w_mtp,3,19,12351,187.44,68,1905,9251,3,16
1784687779.826,real_q8_tensor_220w_mtp,0,97,12351,208.45,63,1860,9251,3,16
1784687779.826,real_q8_tensor_220w_mtp,1,100,12351,213.95,69,1815,9251,3,16
1784687779.826,real_q8_tensor_220w_mtp,2,100,12351,212.05,73,1815,9251,3,16
1784687779.826,real_q8_tensor_220w_mtp,3,70,12351,210.22,68,1830,9251,3,16
1784687780.388,real_q8_tensor_220w_mtp,0,97,12351,207.70,64,1845,9251,3,16
1784687780.388,real_q8_tensor_220w_mtp,1,100,12351,213.98,69,1755,9251,3,16
1784687780.388,real_q8_tensor_220w_mtp,2,100,12351,211.87,74,1755,9251,3,16
1784687780.388,real_q8_tensor_220w_mtp,3,70,12351,209.29,69,1740,9251,3,16
1784687780.972,real_q8_tensor_220w_mtp,0,100,12351,205.38,65,1665,9251,3,16
1784687780.972,real_q8_tensor_220w_mtp,1,100,12351,213.87,69,1680,9251,3,16
1784687780.972,real_q8_tensor_220w_mtp,2,100,12351,212.15,73,1680,9251,3,16
1784687780.972,real_q8_tensor_220w_mtp,3,100,12351,210.67,70,1635,9251,3,16
1784687781.534,real_q8_tensor_220w_mtp,0,22,12351,175.69,62,1710,9251,3,16
1784687781.534,real_q8_tensor_220w_mtp,1,22,12351,185.16,66,1470,9251,3,16
1784687781.534,real_q8_tensor_220w_mtp,2,16,12351,184.74,70,1890,9251,3,16
1784687781.534,real_q8_tensor_220w_mtp,3,30,12351,185.62,68,1560,9251,3,16
1784687782.104,real_q8_tensor_220w_mtp,0,52,12351,176.13,65,1890,9251,3,16
1784687782.104,real_q8_tensor_220w_mtp,1,22,12351,185.20,68,1875,9251,3,16
1784687782.104,real_q8_tensor_220w_mtp,2,16,12351,181.44,72,1860,9251,3,16
1784687782.104,real_q8_tensor_220w_mtp,3,38,12351,185.71,69,1890,9251,3,16
1784687782.670,real_q8_tensor_220w_mtp,0,52,12351,210.52,65,1785,9251,3,16
1784687782.670,real_q8_tensor_220w_mtp,1,82,12351,209.31,69,1785,9251,3,16
1784687782.670,real_q8_tensor_220w_mtp,2,76,12351,208.65,72,1785,9251,3,16
1784687782.670,real_q8_tensor_220w_mtp,3,38,12351,214.33,69,1770,9251,3,16
1784687783.227,real_q8_tensor_220w_mtp,0,100,12351,210.45,65,1665,9251,3,16
1784687783.227,real_q8_tensor_220w_mtp,1,82,12351,210.52,69,1605,9251,3,16
1784687783.227,real_q8_tensor_220w_mtp,2,76,12351,207.55,73,1665,9251,3,16
1784687783.227,real_q8_tensor_220w_mtp,3,100,12351,214.26,69,1680,9251,3,16
1784687783.789,real_q8_tensor_220w_mtp,0,100,12351,210.58,65,1590,9251,3,16
1784687783.789,real_q8_tensor_220w_mtp,1,100,12351,211.26,69,1485,9251,3,16
1784687783.789,real_q8_tensor_220w_mtp,2,100,12351,208.38,74,1680,9251,3,16
1784687783.789,real_q8_tensor_220w_mtp,3,100,12351,214.26,70,1545,9251,3,16
1784687784.358,real_q8_tensor_220w_mtp,0,16,12351,178.73,62,1920,9251,3,16
1784687784.358,real_q8_tensor_220w_mtp,1,100,12351,185.00,67,1905,9251,3,16
1784687784.358,real_q8_tensor_220w_mtp,2,100,12351,179.70,70,1890,9251,3,16
1784687784.358,real_q8_tensor_220w_mtp,3,29,12351,191.22,67,1920,9251,3,16
1784687784.948,real_q8_tensor_220w_mtp,0,16,12351,179.21,64,1845,9251,3,16
1784687784.948,real_q8_tensor_220w_mtp,1,100,12351,184.35,69,1815,9251,3,16
1784687784.948,real_q8_tensor_220w_mtp,2,55,12351,179.08,73,1815,9251,3,16
1784687784.948,real_q8_tensor_220w_mtp,3,29,12351,187.54,68,1830,9251,3,16
1784687785.509,real_q8_tensor_220w_mtp,0,100,12351,210.94,65,1590,9251,3,16
1784687785.509,real_q8_tensor_220w_mtp,1,100,12351,213.14,69,1515,9251,3,16
1784687785.509,real_q8_tensor_220w_mtp,2,100,12351,210.31,73,1545,9251,3,16
1784687785.509,real_q8_tensor_220w_mtp,3,89,12351,210.42,70,1725,9251,3,16
1784687786.071,real_q8_tensor_220w_mtp,0,100,12351,210.94,65,1620,9251,3,16
1784687786.071,real_q8_tensor_220w_mtp,1,100,12351,212.78,69,1485,9251,3,16
1784687786.071,real_q8_tensor_220w_mtp,2,100,12351,210.06,73,1665,9251,3,16
1784687786.071,real_q8_tensor_220w_mtp,3,89,12351,211.31,70,1530,9251,3,16
1784687786.652,real_q8_tensor_220w_mtp,0,100,12351,203.39,65,1740,9251,3,16
1784687786.652,real_q8_tensor_220w_mtp,1,100,12351,212.18,69,1575,9251,3,16
1784687786.652,real_q8_tensor_220w_mtp,2,100,12351,210.29,73,1545,9251,3,16
1784687786.652,real_q8_tensor_220w_mtp,3,100,12351,208.16,70,1650,9251,3,16
1784687787.221,real_q8_tensor_220w_mtp,0,100,12351,176.15,62,1920,9251,3,16
1784687787.221,real_q8_tensor_220w_mtp,1,26,12351,187.11,66,1905,9251,3,16
1784687787.221,real_q8_tensor_220w_mtp,2,29,12351,183.49,70,1875,9251,3,16
1784687787.221,real_q8_tensor_220w_mtp,3,100,12351,184.38,67,1920,9251,3,16
1784687787.780,real_q8_tensor_220w_mtp,0,100,12351,176.97,65,1620,9251,3,16
1784687787.780,real_q8_tensor_220w_mtp,1,26,12351,187.07,69,1560,9251,3,16
1784687787.780,real_q8_tensor_220w_mtp,2,29,12351,182.23,73,1575,9251,3,16
1784687787.780,real_q8_tensor_220w_mtp,3,100,12351,185.38,69,1530,9251,3,16
1784687788.341,real_q8_tensor_220w_mtp,0,100,12351,205.24,65,1740,9251,3,16
1784687788.341,real_q8_tensor_220w_mtp,1,100,12351,213.09,69,1575,9251,3,16
1784687788.341,real_q8_tensor_220w_mtp,2,100,12351,212.08,73,1635,9251,3,16
1784687788.341,real_q8_tensor_220w_mtp,3,100,12351,211.02,70,1650,9251,3,16
1784687788.909,real_q8_tensor_220w_mtp,0,100,12351,205.13,64,1620,9251,3,16
1784687788.909,real_q8_tensor_220w_mtp,1,100,12351,207.44,69,1470,9251,3,16
1784687788.909,real_q8_tensor_220w_mtp,2,100,12351,205.24,73,1665,9251,3,16
1784687788.909,real_q8_tensor_220w_mtp,3,100,12351,209.76,70,1515,9251,3,16
1784687789.477,real_q8_tensor_220w_mtp,0,100,12351,205.17,65,1620,9251,3,16
1784687789.477,real_q8_tensor_220w_mtp,1,100,12351,207.87,69,1530,9251,3,16
1784687789.477,real_q8_tensor_220w_mtp,2,100,12351,205.82,73,1575,9251,3,16
1784687789.477,real_q8_tensor_220w_mtp,3,100,12351,210.85,70,1605,9251,3,16
1784687790.073,real_q8_tensor_220w_mtp,0,32,12351,182.14,63,1890,9251,3,16
1784687790.073,real_q8_tensor_220w_mtp,1,34,12351,186.37,66,1890,9251,3,16
1784687790.073,real_q8_tensor_220w_mtp,2,30,12351,182.54,71,1845,9251,3,16
1784687790.073,real_q8_tensor_220w_mtp,3,35,12351,192.77,68,1890,9251,3,16
1784687790.637,real_q8_tensor_220w_mtp,0,32,12351,176.78,64,1575,9251,3,16
1784687790.637,real_q8_tensor_220w_mtp,1,100,12351,186.10,69,1500,9251,3,16
1784687790.637,real_q8_tensor_220w_mtp,2,100,12351,180.80,73,1530,9251,3,16
1784687790.637,real_q8_tensor_220w_mtp,3,35,12351,185.77,69,1545,9251,3,16
1784687791.243,real_q8_tensor_220w_mtp,0,100,12351,206.23,65,1740,9251,3,16
1784687791.243,real_q8_tensor_220w_mtp,1,100,12351,214.04,69,1575,9251,3,16
1784687791.243,real_q8_tensor_220w_mtp,2,100,12351,211.88,73,1665,9251,3,16
1784687791.243,real_q8_tensor_220w_mtp,3,100,12351,211.57,69,1545,9251,3,16
1784687791.813,real_q8_tensor_220w_mtp,0,100,12351,205.44,64,1635,9251,3,16
1784687791.813,real_q8_tensor_220w_mtp,1,100,12351,214.27,69,1620,9251,3,16
1784687791.813,real_q8_tensor_220w_mtp,2,100,12351,211.83,73,1665,9251,3,16
1784687791.813,real_q8_tensor_220w_mtp,3,100,12351,211.19,69,1620,9251,3,16
1784687792.409,real_q8_tensor_220w_mtp,0,100,12351,203.64,64,1590,9251,3,16
1784687792.409,real_q8_tensor_220w_mtp,1,100,12351,206.49,69,1500,9251,3,16
1784687792.409,real_q8_tensor_220w_mtp,2,100,12351,210.62,73,1680,9251,3,16
1784687792.409,real_q8_tensor_220w_mtp,3,100,12351,210.16,69,1545,9251,3,16
1784687793.004,real_q8_tensor_220w_mtp,0,100,12351,175.25,62,1905,9251,3,16
1784687793.004,real_q8_tensor_220w_mtp,1,29,12351,187.18,67,1905,9251,3,16
1784687793.004,real_q8_tensor_220w_mtp,2,29,12351,182.57,71,1890,9251,3,16
1784687793.004,real_q8_tensor_220w_mtp,3,25,12351,184.76,68,1905,9251,3,16
1784687793.564,real_q8_tensor_220w_mtp,0,100,12351,178.17,65,1710,9251,3,16
1784687793.564,real_q8_tensor_220w_mtp,1,29,12351,187.24,69,1620,9251,3,16
1784687793.564,real_q8_tensor_220w_mtp,2,29,12351,181.75,73,1560,9251,3,16
1784687793.564,real_q8_tensor_220w_mtp,3,100,12351,187.39,69,1665,9251,3,16
1784687794.131,real_q8_tensor_220w_mtp,0,100,12351,204.96,65,1620,9251,3,16
1784687794.131,real_q8_tensor_220w_mtp,1,100,12351,205.63,69,1470,9251,3,16
1784687794.131,real_q8_tensor_220w_mtp,2,100,12351,211.12,73,1665,9251,3,16
1784687794.131,real_q8_tensor_220w_mtp,3,100,12351,210.52,70,1500,9251,3,16
1784687794.701,real_q8_tensor_220w_mtp,0,100,12351,203.13,64,1620,9251,3,16
1784687794.701,real_q8_tensor_220w_mtp,1,100,12351,207.22,69,1605,9251,3,16
1784687794.701,real_q8_tensor_220w_mtp,2,100,12351,205.49,73,1560,9251,3,16
1784687794.701,real_q8_tensor_220w_mtp,3,100,12351,207.71,69,1650,9251,3,16
1784687795.295,real_q8_tensor_220w_mtp,0,100,12351,204.39,65,1740,9251,3,16
1784687795.295,real_q8_tensor_220w_mtp,1,100,12351,207.98,69,1605,9251,3,16
1784687795.295,real_q8_tensor_220w_mtp,2,100,12351,205.67,73,1680,9251,3,16
1784687795.295,real_q8_tensor_220w_mtp,3,100,12351,207.48,69,1560,9251,3,16
1784687795.891,real_q8_tensor_220w_mtp,0,22,12351,181.39,62,1890,9251,3,16
1784687795.891,real_q8_tensor_220w_mtp,1,100,12351,190.52,67,1815,9251,3,16
1784687795.891,real_q8_tensor_220w_mtp,2,100,12351,186.16,72,1755,9251,3,16
1784687795.891,real_q8_tensor_220w_mtp,3,29,12351,188.11,67,1845,9251,3,16
1784687796.450,real_q8_tensor_220w_mtp,0,22,12351,179.82,64,1695,9251,3,16
1784687796.450,real_q8_tensor_220w_mtp,1,100,12351,185.17,69,1515,9251,3,16
1784687796.450,real_q8_tensor_220w_mtp,2,100,12351,181.50,73,1620,9251,3,16
1784687796.450,real_q8_tensor_220w_mtp,3,29,12351,187.82,69,1590,9251,3,16
1784687797.018,real_q8_tensor_220w_mtp,0,100,12351,202.03,65,1605,9251,3,16
1784687797.018,real_q8_tensor_220w_mtp,1,100,12351,200.92,68,1575,9251,3,16
1784687797.018,real_q8_tensor_220w_mtp,2,100,12351,199.22,73,1560,9251,3,16
1784687797.018,real_q8_tensor_220w_mtp,3,100,12351,207.52,69,1560,9251,3,16
1784687797.588,real_q8_tensor_220w_mtp,0,100,12351,203.73,64,1725,9251,3,16
1784687797.588,real_q8_tensor_220w_mtp,1,100,12351,207.06,69,1545,9251,3,16
1784687797.588,real_q8_tensor_220w_mtp,2,100,12351,204.66,73,1635,9251,3,16
1784687797.588,real_q8_tensor_220w_mtp,3,100,12351,207.74,69,1635,9251,3,16
1784687798.183,real_q8_tensor_220w_mtp,0,100,12351,203.25,65,1605,9251,3,16
1784687798.183,real_q8_tensor_220w_mtp,1,100,12351,206.79,68,1575,9251,3,16
1784687798.183,real_q8_tensor_220w_mtp,2,100,12351,204.93,73,1680,9251,3,16
1784687798.183,real_q8_tensor_220w_mtp,3,100,12351,208.09,69,1560,9251,3,16
1784687798.780,real_q8_tensor_220w_mtp,0,100,12351,179.32,63,1890,9251,3,16
1784687798.780,real_q8_tensor_220w_mtp,1,34,12351,189.60,66,1890,9251,3,16
1784687798.780,real_q8_tensor_220w_mtp,2,32,12351,186.54,71,1860,9251,3,16
1784687798.780,real_q8_tensor_220w_mtp,3,100,12351,189.81,68,1875,9251,3,16
1784687799.342,real_q8_tensor_220w_mtp,0,100,12351,176.30,64,1605,9251,3,16
1784687799.342,real_q8_tensor_220w_mtp,1,34,12351,185.95,68,1575,9251,3,16
1784687799.342,real_q8_tensor_220w_mtp,2,32,12351,180.33,73,1665,9251,3,16
1784687799.342,real_q8_tensor_220w_mtp,3,100,12351,184.51,69,1545,9251,3,16
1784687799.914,real_q8_tensor_220w_mtp,0,100,12351,199.24,64,1605,9251,3,16
1784687799.914,real_q8_tensor_220w_mtp,1,100,12351,206.27,69,1575,9251,3,16
1784687799.914,real_q8_tensor_220w_mtp,2,100,12351,203.80,73,1665,9251,3,16
1784687799.914,real_q8_tensor_220w_mtp,3,100,12351,202.68,69,1545,9251,3,16
1784687800.536,real_q8_tensor_220w_mtp,0,100,12351,203.15,65,1575,9251,3,16
1784687800.536,real_q8_tensor_220w_mtp,1,100,12351,206.07,68,1590,9251,3,16
1784687800.536,real_q8_tensor_220w_mtp,2,100,12351,205.63,73,1530,9251,3,16
1784687800.536,real_q8_tensor_220w_mtp,3,100,12351,207.18,69,1665,9251,3,16
1784687801.134,real_q8_tensor_220w_mtp,0,100,12351,202.85,65,1695,9251,3,16
1784687801.134,real_q8_tensor_220w_mtp,1,100,12351,205.86,69,1515,9251,3,16
1784687801.134,real_q8_tensor_220w_mtp,2,100,12351,205.37,73,1605,9251,3,16
1784687801.134,real_q8_tensor_220w_mtp,3,100,12351,207.54,69,1590,9251,3,16
1784687801.702,real_q8_tensor_220w_mtp,0,31,12351,187.96,63,1875,9251,3,16
1784687801.702,real_q8_tensor_220w_mtp,1,100,12351,192.42,67,1770,9251,3,16
1784687801.702,real_q8_tensor_220w_mtp,2,100,12351,189.86,71,1830,9251,3,16
1784687801.702,real_q8_tensor_220w_mtp,3,32,12351,193.97,68,1845,9251,3,16
1784687802.260,real_q8_tensor_220w_mtp,0,31,12351,178.43,64,1665,9251,3,16
1784687802.260,real_q8_tensor_220w_mtp,1,100,12351,185.72,68,1635,9251,3,16
1784687802.260,real_q8_tensor_220w_mtp,2,100,12351,181.03,73,1605,9251,3,16
1784687802.260,real_q8_tensor_220w_mtp,3,32,12351,186.72,69,1635,9251,3,16
1784687802.833,real_q8_tensor_220w_mtp,0,100,12351,191.94,64,1605,9251,3,16
1784687802.833,real_q8_tensor_220w_mtp,1,100,12351,203.51,69,1500,9251,3,16
1784687802.833,real_q8_tensor_220w_mtp,2,100,12351,200.80,73,1530,9251,3,16
1784687802.833,real_q8_tensor_220w_mtp,3,100,12351,199.61,69,1515,9251,3,16
1784687803.427,real_q8_tensor_220w_mtp,0,100,12351,201.51,64,1680,9251,3,16
1784687803.427,real_q8_tensor_220w_mtp,1,100,12351,205.73,68,1485,9251,3,16
1784687803.427,real_q8_tensor_220w_mtp,2,100,12351,204.72,73,1620,9251,3,16
1784687803.427,real_q8_tensor_220w_mtp,3,100,12351,206.54,69,1575,9251,3,16
1784687803.997,real_q8_tensor_220w_mtp,0,100,12351,201.80,64,1695,9251,3,16
1784687803.997,real_q8_tensor_220w_mtp,1,100,12351,205.17,68,1530,9251,3,16
1784687803.997,real_q8_tensor_220w_mtp,2,65,12351,203.60,73,1605,9251,3,16
1784687803.997,real_q8_tensor_220w_mtp,3,100,12351,206.44,69,1590,9251,3,16
1784687804.566,real_q8_tensor_220w_mtp,0,43,12351,198.67,63,1920,9251,3,16
1784687804.566,real_q8_tensor_220w_mtp,1,24,12351,196.90,68,1635,9251,3,16
1784687804.566,real_q8_tensor_220w_mtp,2,32,12351,194.66,71,1890,9251,3,16
1784687804.566,real_q8_tensor_220w_mtp,3,100,12351,201.10,68,1830,9251,3,16
1784687805.127,real_q8_tensor_220w_mtp,0,100,12351,177.23,64,1605,9251,3,16
1784687805.127,real_q8_tensor_220w_mtp,1,100,12351,186.31,68,1575,9251,3,16
1784687805.127,real_q8_tensor_220w_mtp,2,32,12351,181.59,73,1665,9251,3,16
1784687805.127,real_q8_tensor_220w_mtp,3,100,12351,186.99,69,1545,9251,3,16
1784687805.698,real_q8_tensor_220w_mtp,0,100,12351,186.27,64,1605,9251,3,16
1784687805.698,real_q8_tensor_220w_mtp,1,100,12351,194.71,68,1605,9251,3,16
1784687805.698,real_q8_tensor_220w_mtp,2,100,12351,191.18,73,1635,9251,3,16
1784687805.698,real_q8_tensor_220w_mtp,3,100,12351,195.57,69,1560,9251,3,16
1784687806.267,real_q8_tensor_220w_mtp,0,34,12351,200.47,64,1665,9251,3,16
1784687806.267,real_q8_tensor_220w_mtp,1,81,12351,205.70,68,1455,9251,3,16
1784687806.267,real_q8_tensor_220w_mtp,2,100,12351,204.56,73,1650,9251,3,16
1784687806.267,real_q8_tensor_220w_mtp,3,43,12351,206.42,69,1545,9251,3,16
1784687806.837,real_q8_tensor_220w_mtp,0,34,12351,202.03,63,1635,9251,3,16
1784687806.837,real_q8_tensor_220w_mtp,1,81,12351,206.09,67,1425,9251,3,16
1784687806.837,real_q8_tensor_220w_mtp,2,62,12351,203.63,71,1500,9251,3,16
1784687806.837,real_q8_tensor_220w_mtp,3,43,12351,204.30,69,1500,9251,3,16
1784687807.406,real_q8_tensor_220w_mtp,0,60,12351,204.93,63,1890,9251,3,16
1784687807.406,real_q8_tensor_220w_mtp,1,93,12351,210.60,68,1860,9251,3,16
1784687807.406,real_q8_tensor_220w_mtp,2,62,12351,209.43,72,1815,9251,3,16
1784687807.406,real_q8_tensor_220w_mtp,3,46,12351,205.33,69,1875,9251,3,16
1784687807.965,real_q8_tensor_220w_mtp,0,60,12351,177.80,62,1560,9251,3,16
1784687807.965,real_q8_tensor_220w_mtp,1,93,12351,181.62,68,1380,9251,3,16
1784687807.965,real_q8_tensor_220w_mtp,2,30,12351,176.09,72,1890,9251,3,16
1784687807.965,real_q8_tensor_220w_mtp,3,46,12351,185.77,67,1485,9251,3,16
1784687808.532,real_q8_tensor_220w_mtp,0,97,12351,178.26,64,1860,9251,3,16
1784687808.532,real_q8_tensor_220w_mtp,1,100,12351,183.84,69,1845,9251,3,16
1784687808.532,real_q8_tensor_220w_mtp,2,100,12351,181.06,73,1800,9251,3,16
1784687808.532,real_q8_tensor_220w_mtp,3,82,12351,187.47,68,1860,9251,3,16
1784687809.090,real_q8_tensor_220w_mtp,0,97,12351,207.97,65,1695,9251,3,16
1784687809.090,real_q8_tensor_220w_mtp,1,100,12351,212.03,69,1620,9251,3,16
1784687809.090,real_q8_tensor_220w_mtp,2,100,12351,211.06,73,1560,9251,3,16
1784687809.090,real_q8_tensor_220w_mtp,3,82,12351,210.24,69,1650,9251,3,16
1784687809.654,real_q8_tensor_220w_mtp,0,100,12351,202.33,65,1695,9251,3,16
1784687809.654,real_q8_tensor_220w_mtp,1,100,12351,211.30,69,1635,9251,3,16
1784687809.654,real_q8_tensor_220w_mtp,2,100,12351,209.77,73,1680,9251,3,16
1784687809.654,real_q8_tensor_220w_mtp,3,100,12351,208.31,69,1635,9251,3,16
1784687810.224,real_q8_tensor_220w_mtp,0,100,12351,209.44,64,1575,9251,3,16
1784687810.224,real_q8_tensor_220w_mtp,1,100,12351,208.37,69,1470,9251,3,16
1784687810.224,real_q8_tensor_220w_mtp,2,100,12351,206.83,73,1515,9251,3,16
1784687810.224,real_q8_tensor_220w_mtp,3,100,12351,213.56,69,1500,9251,3,16
1784687810.845,real_q8_tensor_220w_mtp,0,34,12351,181.62,62,1770,9251,3,16
1784687810.845,real_q8_tensor_220w_mtp,1,32,12351,186.79,67,1830,9251,3,16
1784687810.845,real_q8_tensor_220w_mtp,2,32,12351,182.38,71,1695,9251,3,16
1784687810.845,real_q8_tensor_220w_mtp,3,29,12351,187.68,68,1755,9251,3,16
1784687811.408,real_q8_tensor_220w_mtp,0,34,12351,175.67,64,1725,9251,3,16
1784687811.408,real_q8_tensor_220w_mtp,1,32,12351,184.97,68,1605,9251,3,16
1784687811.408,real_q8_tensor_220w_mtp,2,100,12351,180.35,73,1665,9251,3,16
1784687811.408,real_q8_tensor_220w_mtp,3,29,12351,185.15,69,1650,9251,3,16
1784687812.004,real_q8_tensor_220w_mtp,0,100,12351,201.77,65,1560,9251,3,16
1784687812.004,real_q8_tensor_220w_mtp,1,100,12351,204.28,68,1455,9251,3,16
1784687812.004,real_q8_tensor_220w_mtp,2,100,12351,201.15,73,1665,9251,3,16
1784687812.004,real_q8_tensor_220w_mtp,3,100,12351,208.30,69,1500,9251,3,16
1784687812.575,real_q8_tensor_220w_mtp,0,100,12351,201.84,65,1575,9251,3,16
1784687812.575,real_q8_tensor_220w_mtp,1,100,12351,205.43,68,1485,9251,3,16
1784687812.575,real_q8_tensor_220w_mtp,2,100,12351,203.38,73,1665,9251,3,16
1784687812.575,real_q8_tensor_220w_mtp,3,100,12351,206.77,69,1500,9251,3,16
1784687813.172,real_q8_tensor_220w_mtp,0,100,12351,201.89,64,1650,9251,3,16
1784687813.172,real_q8_tensor_220w_mtp,1,100,12351,204.72,68,1455,9251,3,16
1784687813.172,real_q8_tensor_220w_mtp,2,100,12351,202.91,73,1545,9251,3,16
1784687813.172,real_q8_tensor_220w_mtp,3,100,12351,206.08,69,1545,9251,3,16
1784687813.741,real_q8_tensor_220w_mtp,0,100,12351,184.54,63,1770,9251,3,16
1784687813.741,real_q8_tensor_220w_mtp,1,100,12351,191.55,68,1680,9251,3,16
1784687813.741,real_q8_tensor_220w_mtp,2,30,12351,187.47,72,1560,9251,3,16
1784687813.741,real_q8_tensor_220w_mtp,3,100,12351,191.53,67,1725,9251,3,16
1784687814.347,real_q8_tensor_220w_mtp,0,100,12351,174.43,64,1725,9251,3,16
1784687814.347,real_q8_tensor_220w_mtp,1,100,12351,183.92,68,1605,9251,3,16
1784687814.347,real_q8_tensor_220w_mtp,2,30,12351,177.72,73,1665,9251,3,16
1784687814.347,real_q8_tensor_220w_mtp,3,100,12351,185.40,69,1650,9251,3,16
1784687814.919,real_q8_tensor_220w_mtp,0,100,12351,191.59,64,1575,9251,3,16
1784687814.919,real_q8_tensor_220w_mtp,1,100,12351,198.00,68,1440,9251,3,16
1784687814.919,real_q8_tensor_220w_mtp,2,100,12351,199.26,73,1665,9251,3,16
1784687814.919,real_q8_tensor_220w_mtp,3,100,12351,201.04,69,1515,9251,3,16
1784687815.489,real_q8_tensor_220w_mtp,0,100,12351,202.31,64,1695,9251,3,16
1784687815.489,real_q8_tensor_220w_mtp,1,100,12351,205.47,68,1545,9251,3,16
1784687815.489,real_q8_tensor_220w_mtp,2,100,12351,203.83,73,1605,9251,3,16
1784687815.489,real_q8_tensor_220w_mtp,3,100,12351,207.10,69,1590,9251,3,16
1784687816.059,real_q8_tensor_220w_mtp,0,78,12351,202.58,64,1710,9251,3,16
1784687816.059,real_q8_tensor_220w_mtp,1,66,12351,205.50,68,1560,9251,3,16
1784687816.059,real_q8_tensor_220w_mtp,2,100,12351,203.65,73,1530,9251,3,16
1784687816.059,real_q8_tensor_220w_mtp,3,100,12351,205.94,69,1635,9251,3,16
1784687816.655,real_q8_tensor_220w_mtp,0,17,12351,193.31,62,1845,9251,3,16
1784687816.655,real_q8_tensor_220w_mtp,1,34,12351,200.76,67,1815,9251,3,16
1784687816.655,real_q8_tensor_220w_mtp,2,100,12351,198.32,71,1815,9251,3,16
1784687816.655,real_q8_tensor_220w_mtp,3,100,12351,196.26,67,1830,9251,3,16
1784687817.236,real_q8_tensor_220w_mtp,0,17,12351,175.64,64,1590,9251,3,16
1784687817.236,real_q8_tensor_220w_mtp,1,34,12351,183.51,68,1560,9251,3,16
1784687817.236,real_q8_tensor_220w_mtp,2,100,12351,176.78,72,1560,9251,3,16
1784687817.236,real_q8_tensor_220w_mtp,3,100,12351,183.98,68,1590,9251,3,16
1784687817.806,real_q8_tensor_220w_mtp,0,60,12351,184.68,64,1560,9251,3,16
1784687817.806,real_q8_tensor_220w_mtp,1,42,12351,186.92,68,1470,9251,3,16
1784687817.806,real_q8_tensor_220w_mtp,2,100,12351,186.91,72,1500,9251,3,16
1784687817.806,real_q8_tensor_220w_mtp,3,100,12351,192.99,69,1500,9251,3,16
1784687818.397,real_q8_tensor_220w_mtp,0,60,12351,200.61,63,1905,9251,3,16
1784687818.397,real_q8_tensor_220w_mtp,1,42,12351,204.06,67,1560,9251,3,16
1784687818.397,real_q8_tensor_220w_mtp,2,52,12351,202.04,71,1710,9251,3,16
1784687818.397,real_q8_tensor_220w_mtp,3,49,12351,205.77,69,1485,9251,3,16
1784687818.965,real_q8_tensor_220w_mtp,0,100,12351,207.74,64,1845,9251,3,16
1784687818.965,real_q8_tensor_220w_mtp,1,81,12351,208.21,68,1845,9251,3,16
1784687818.965,real_q8_tensor_220w_mtp,2,52,12351,206.43,72,1755,9251,3,16
1784687818.965,real_q8_tensor_220w_mtp,3,49,12351,209.93,69,1830,9251,3,16
1784687819.522,real_q8_tensor_220w_mtp,0,100,12351,209.32,64,1560,9251,3,16
1784687819.522,real_q8_tensor_220w_mtp,1,100,12351,210.70,69,1425,9251,3,16
1784687819.522,real_q8_tensor_220w_mtp,2,100,12351,208.02,73,1665,9251,3,16
1784687819.522,real_q8_tensor_220w_mtp,3,100,12351,210.14,69,1470,9251,3,16
1784687820.092,real_q8_tensor_220w_mtp,0,17,12351,179.97,62,1920,9251,3,16
1784687820.092,real_q8_tensor_220w_mtp,1,33,12351,181.62,67,1905,9251,3,16
1784687820.092,real_q8_tensor_220w_mtp,2,100,12351,176.98,71,1890,9251,3,16
1784687820.092,real_q8_tensor_220w_mtp,3,100,12351,188.36,67,1920,9251,3,16
1784687820.694,real_q8_tensor_220w_mtp,0,17,12351,174.34,64,1815,9251,3,16
1784687820.694,real_q8_tensor_220w_mtp,1,33,12351,188.62,69,1785,9251,3,16
1784687820.694,real_q8_tensor_220w_mtp,2,92,12351,183.84,72,1740,9251,3,16
1784687820.694,real_q8_tensor_220w_mtp,3,100,12351,186.62,69,1815,9251,3,16
1784687821.321,real_q8_tensor_220w_mtp,0,100,12351,209.37,64,1710,9251,3,16
1784687821.321,real_q8_tensor_220w_mtp,1,100,12351,209.24,69,1590,9251,3,16
1784687821.321,real_q8_tensor_220w_mtp,2,100,12351,207.43,73,1470,9251,3,16
1784687821.321,real_q8_tensor_220w_mtp,3,100,12351,210.96,69,1650,9251,3,16
1784687821.931,real_q8_tensor_220w_mtp,0,100,12351,206.59,64,1575,9251,3,16
1784687821.931,real_q8_tensor_220w_mtp,1,100,12351,210.86,69,1575,9251,3,16
1784687821.931,real_q8_tensor_220w_mtp,2,100,12351,209.34,73,1635,9251,3,16
1784687821.931,real_q8_tensor_220w_mtp,3,100,12351,211.04,69,1545,9251,3,16
1784687822.526,real_q8_tensor_220w_mtp,0,100,12351,200.89,64,1680,9251,3,16
1784687822.526,real_q8_tensor_220w_mtp,1,100,12351,210.38,69,1500,9251,3,16
1784687822.526,real_q8_tensor_220w_mtp,2,100,12351,208.93,73,1605,9251,3,16
1784687822.526,real_q8_tensor_220w_mtp,3,100,12351,207.25,69,1590,9251,3,16
1784687823.098,real_q8_tensor_220w_mtp,0,100,12351,180.84,62,1890,9251,3,16
1784687823.098,real_q8_tensor_220w_mtp,1,100,12351,191.26,67,1875,9251,3,16
1784687823.098,real_q8_tensor_220w_mtp,2,34,12351,187.86,71,1890,9251,3,16
1784687823.098,real_q8_tensor_220w_mtp,3,34,12351,187.46,67,1890,9251,3,16
1784687823.655,real_q8_tensor_220w_mtp,0,100,12351,172.55,64,1590,9251,3,16
1784687823.655,real_q8_tensor_220w_mtp,1,100,12351,182.36,68,1560,9251,3,16
1784687823.655,real_q8_tensor_220w_mtp,2,34,12351,176.73,72,1650,9251,3,16
1784687823.655,real_q8_tensor_220w_mtp,3,34,12351,182.26,69,1515,9251,3,16
1784687824.247,real_q8_tensor_220w_mtp,0,100,12351,193.48,64,1710,9251,3,16
1784687824.247,real_q8_tensor_220w_mtp,1,100,12351,199.42,68,1560,9251,3,16
1784687824.247,real_q8_tensor_220w_mtp,2,100,12351,196.08,73,1620,9251,3,16
1784687824.247,real_q8_tensor_220w_mtp,3,100,12351,200.69,69,1620,9251,3,16
1784687824.819,real_q8_tensor_220w_mtp,0,100,12351,200.75,64,1620,9251,3,16
1784687824.819,real_q8_tensor_220w_mtp,1,100,12351,203.84,69,1605,9251,3,16
1784687824.819,real_q8_tensor_220w_mtp,2,100,12351,202.48,73,1650,9251,3,16
1784687824.819,real_q8_tensor_220w_mtp,3,100,12351,206.15,69,1605,9251,3,16
1784687825.416,real_q8_tensor_220w_mtp,0,100,12351,201.60,64,1665,9251,3,16
1784687825.416,real_q8_tensor_220w_mtp,1,100,12351,205.10,69,1605,9251,3,16
1784687825.416,real_q8_tensor_220w_mtp,2,100,12351,203.87,73,1560,9251,3,16
1784687825.416,real_q8_tensor_220w_mtp,3,100,12351,205.89,69,1635,9251,3,16
1784687825.985,real_q8_tensor_220w_mtp,0,27,12351,194.54,62,1860,9251,3,16
1784687825.985,real_q8_tensor_220w_mtp,1,33,12351,202.46,67,1785,9251,3,16
1784687825.985,real_q8_tensor_220w_mtp,2,100,12351,199.13,71,1725,9251,3,16
1784687825.985,real_q8_tensor_220w_mtp,3,100,12351,198.89,67,1830,9251,3,16
1784687826.543,real_q8_tensor_220w_mtp,0,40,12351,173.76,63,1710,9251,3,16
1784687826.543,real_q8_tensor_220w_mtp,1,72,12351,180.57,68,1440,9251,3,16
1784687826.543,real_q8_tensor_220w_mtp,2,100,12351,175.67,72,1650,9251,3,16
1784687826.543,real_q8_tensor_220w_mtp,3,84,12351,184.23,68,1635,9251,3,16
1784687827.115,real_q8_tensor_220w_mtp,0,30,12351,178.04,63,1560,9251,3,16
1784687827.115,real_q8_tensor_220w_mtp,1,76,12351,190.07,67,1515,9251,3,16
1784687827.115,real_q8_tensor_220w_mtp,2,100,12351,187.76,71,1620,9251,3,16
1784687827.115,real_q8_tensor_220w_mtp,3,84,12351,189.91,69,1500,9251,3,16
1784687827.710,real_q8_tensor_220w_mtp,0,30,12351,203.02,63,1890,9251,3,16
1784687827.710,real_q8_tensor_220w_mtp,1,76,12351,209.13,68,1875,9251,3,16
1784687827.710,real_q8_tensor_220w_mtp,2,95,12351,207.94,72,1875,9251,3,16
1784687827.710,real_q8_tensor_220w_mtp,3,46,12351,205.50,68,1890,9251,3,16
1784687828.272,real_q8_tensor_220w_mtp,0,100,12351,207.68,64,1755,9251,3,16
1784687828.272,real_q8_tensor_220w_mtp,1,100,12351,209.81,69,1665,9251,3,16
1784687828.272,real_q8_tensor_220w_mtp,2,95,12351,207.46,73,1680,9251,3,16
1784687828.272,real_q8_tensor_220w_mtp,3,46,12351,210.71,69,1710,9251,3,16
1784687828.875,real_q8_tensor_220w_mtp,0,100,12351,206.74,64,1530,9251,3,16
1784687828.875,real_q8_tensor_220w_mtp,1,100,12351,210.22,69,1470,9251,3,16
1784687828.875,real_q8_tensor_220w_mtp,2,100,12351,209.98,72,1650,9251,3,16
1784687828.875,real_q8_tensor_220w_mtp,3,100,12351,210.36,69,1500,9251,3,16
1784687829.465,real_q8_tensor_220w_mtp,0,36,12351,177.47,62,1845,9251,3,16
1784687829.465,real_q8_tensor_220w_mtp,1,33,12351,189.03,67,1830,9251,3,16
1784687829.465,real_q8_tensor_220w_mtp,2,100,12351,184.23,71,1725,9251,3,16
1784687829.465,real_q8_tensor_220w_mtp,3,100,12351,184.93,68,1815,9251,3,16
1784687830.024,real_q8_tensor_220w_mtp,0,100,12351,172.01,64,1635,9251,3,16
1784687830.024,real_q8_tensor_220w_mtp,1,100,12351,181.11,68,1410,9251,3,16
1784687830.024,real_q8_tensor_220w_mtp,2,100,12351,175.41,72,1485,9251,3,16
1784687830.024,real_q8_tensor_220w_mtp,3,100,12351,182.30,69,1530,9251,3,16
1784687830.596,real_q8_tensor_220w_mtp,0,100,12351,201.38,64,1680,9251,3,16
1784687830.596,real_q8_tensor_220w_mtp,1,100,12351,201.13,68,1500,9251,3,16
1784687830.596,real_q8_tensor_220w_mtp,2,100,12351,199.03,72,1590,9251,3,16
1784687830.596,real_q8_tensor_220w_mtp,3,100,12351,207.00,69,1590,9251,3,16
1784687831.167,real_q8_tensor_220w_mtp,0,99,12351,201.28,64,1575,9251,3,16
1784687831.167,real_q8_tensor_220w_mtp,1,100,12351,204.03,69,1500,9251,3,16
1784687831.167,real_q8_tensor_220w_mtp,2,100,12351,201.71,73,1665,9251,3,16
1784687831.167,real_q8_tensor_220w_mtp,3,100,12351,204.97,69,1500,9251,3,16
1784687831.766,real_q8_tensor_220w_mtp,0,100,12351,200.69,64,1560,9251,3,16
1784687831.766,real_q8_tensor_220w_mtp,1,100,12351,204.24,69,1470,9251,3,16
1784687831.766,real_q8_tensor_220w_mtp,2,100,12351,202.12,73,1485,9251,3,16
1784687831.766,real_q8_tensor_220w_mtp,3,100,12351,205.34,69,1485,9251,3,16
1784687832.359,real_q8_tensor_220w_mtp,0,100,12351,195.33,62,1680,9251,3,16
1784687832.359,real_q8_tensor_220w_mtp,1,100,12351,194.20,68,1395,9251,3,16
1784687832.359,real_q8_tensor_220w_mtp,2,29,12351,191.48,72,1860,9251,3,16
1784687832.359,real_q8_tensor_220w_mtp,3,35,12351,198.84,67,1545,9251,3,16
1784687832.922,real_q8_tensor_220w_mtp,0,100,12351,172.05,64,1605,9251,3,16
1784687832.922,real_q8_tensor_220w_mtp,1,100,12351,181.42,68,1605,9251,3,16
1784687832.922,real_q8_tensor_220w_mtp,2,29,12351,174.54,72,1650,9251,3,16
1784687832.922,real_q8_tensor_220w_mtp,3,35,12351,181.74,68,1605,9251,3,16
1784687833.494,real_q8_tensor_220w_mtp,0,65,12351,183.31,64,1695,9251,3,16
1784687833.494,real_q8_tensor_220w_mtp,1,89,12351,191.91,69,1545,9251,3,16
1784687833.494,real_q8_tensor_220w_mtp,2,100,12351,190.16,72,1605,9251,3,16
1784687833.494,real_q8_tensor_220w_mtp,3,100,12351,193.02,69,1605,9251,3,16
1784687834.092,real_q8_tensor_220w_mtp,0,35,12351,200.28,64,1665,9251,3,16
1784687834.092,real_q8_tensor_220w_mtp,1,35,12351,201.76,68,1530,9251,3,16
1784687834.092,real_q8_tensor_220w_mtp,2,100,12351,201.24,70,1485,9251,3,16
1784687834.092,real_q8_tensor_220w_mtp,3,100,12351,205.66,69,1590,9251,3,16
1784687834.662,real_q8_tensor_220w_mtp,0,35,12351,201.86,64,1875,9251,3,16
1784687834.662,real_q8_tensor_220w_mtp,1,35,12351,207.25,67,1860,9251,3,16
1784687834.662,real_q8_tensor_220w_mtp,2,83,12351,207.60,72,1785,9251,3,16
1784687834.662,real_q8_tensor_220w_mtp,3,45,12351,204.07,69,1875,9251,3,16
1784687835.239,real_q8_tensor_220w_mtp,0,100,12351,206.48,64,1650,9251,3,16
1784687835.239,real_q8_tensor_220w_mtp,1,100,12351,209.40,69,1410,9251,3,16
1784687835.239,real_q8_tensor_220w_mtp,2,83,12351,207.99,73,1635,9251,3,16
1784687835.239,real_q8_tensor_220w_mtp,3,45,12351,208.99,69,1545,9251,3,16
1784687835.807,real_q8_tensor_220w_mtp,0,100,12351,181.51,62,1905,9251,3,16
1784687835.807,real_q8_tensor_220w_mtp,1,100,12351,183.79,66,1770,9251,3,16
1784687835.807,real_q8_tensor_220w_mtp,2,27,12351,179.70,70,1815,9251,3,16
1784687835.807,real_q8_tensor_220w_mtp,3,35,12351,191.13,67,1875,9251,3,16
1784687836.406,real_q8_tensor_220w_mtp,0,29,12351,167.28,63,1620,9251,3,16
1784687836.406,real_q8_tensor_220w_mtp,1,18,12351,177.29,66,1560,9251,3,16
1784687836.406,real_q8_tensor_220w_mtp,2,27,12351,171.85,70,1890,9251,3,16
1784687836.406,real_q8_tensor_220w_mtp,3,35,12351,179.91,68,1650,9251,3,16
1784687837.033,real_q8_tensor_220w_mtp,0,100,12351,202.46,64,1680,9251,3,16
1784687837.033,real_q8_tensor_220w_mtp,1,100,12351,208.90,69,1515,9251,3,16
1784687837.033,real_q8_tensor_220w_mtp,2,100,12351,208.12,72,1575,9251,3,16
1784687837.033,real_q8_tensor_220w_mtp,3,100,12351,206.87,69,1590,9251,3,16
1784687837.606,real_q8_tensor_220w_mtp,0,100,12351,201.27,64,1695,9251,3,16
1784687837.606,real_q8_tensor_220w_mtp,1,100,12351,204.36,68,1590,9251,3,16
1784687837.606,real_q8_tensor_220w_mtp,2,100,12351,203.09,72,1635,9251,3,16
1784687837.606,real_q8_tensor_220w_mtp,3,100,12351,204.17,69,1455,9251,3,16
1784687838.198,real_q8_tensor_220w_mtp,0,100,12351,200.29,64,1545,9251,3,16
1784687838.198,real_q8_tensor_220w_mtp,1,100,12351,204.04,69,1485,9251,3,16
1784687838.198,real_q8_tensor_220w_mtp,2,100,12351,202.68,73,1515,9251,3,16
1784687838.198,real_q8_tensor_220w_mtp,3,100,12351,205.65,69,1485,9251,3,16
1784687838.769,real_q8_tensor_220w_mtp,0,100,12351,186.86,63,1905,9251,3,16
1784687838.769,real_q8_tensor_220w_mtp,1,100,12351,194.57,66,1875,9251,3,16
1784687838.769,real_q8_tensor_220w_mtp,2,24,12351,191.87,70,1875,9251,3,16
1784687838.769,real_q8_tensor_220w_mtp,3,34,12351,196.68,67,1905,9251,3,16
1784687839.330,real_q8_tensor_220w_mtp,0,100,12351,170.55,63,1605,9251,3,16
1784687839.330,real_q8_tensor_220w_mtp,1,75,12351,180.31,67,1440,9251,3,16
1784687839.330,real_q8_tensor_220w_mtp,2,24,12351,173.64,71,1620,9251,3,16
1784687839.330,real_q8_tensor_220w_mtp,3,34,12351,180.77,68,1575,9251,3,16
1784687839.899,real_q8_tensor_220w_mtp,0,100,12351,183.14,64,1605,9251,3,16
1784687839.899,real_q8_tensor_220w_mtp,1,75,12351,186.03,68,1410,9251,3,16
1784687839.899,real_q8_tensor_220w_mtp,2,28,12351,180.28,72,1455,9251,3,16
1784687839.899,real_q8_tensor_220w_mtp,3,74,12351,189.92,69,1485,9251,3,16
1784687840.468,real_q8_tensor_220w_mtp,0,51,12351,200.02,64,1890,9251,3,16
1784687840.468,real_q8_tensor_220w_mtp,1,78,12351,204.80,67,1875,9251,3,16
1784687840.468,real_q8_tensor_220w_mtp,2,28,12351,204.85,71,1875,9251,3,16
1784687840.468,real_q8_tensor_220w_mtp,3,74,12351,203.13,68,1905,9251,3,16
1784687841.057,real_q8_tensor_220w_mtp,0,100,12351,206.39,64,1695,9251,3,16
1784687841.057,real_q8_tensor_220w_mtp,1,100,12351,208.22,68,1575,9251,3,16
1784687841.057,real_q8_tensor_220w_mtp,2,100,12351,207.72,72,1455,9251,3,16
1784687841.057,real_q8_tensor_220w_mtp,3,100,12351,209.63,69,1635,9251,3,16
1784687841.622,real_q8_tensor_220w_mtp,0,100,12351,206.33,64,1560,9251,3,16
1784687841.622,real_q8_tensor_220w_mtp,1,100,12351,208.66,68,1500,9251,3,16
1784687841.622,real_q8_tensor_220w_mtp,2,100,12351,208.01,73,1560,9251,3,16
1784687841.622,real_q8_tensor_220w_mtp,3,100,12351,211.23,69,1605,9251,3,16
1784687842.220,real_q8_tensor_220w_mtp,0,100,12351,177.56,62,1605,9251,3,16
1784687842.220,real_q8_tensor_220w_mtp,1,100,12351,191.36,67,1350,9251,3,16
1784687842.220,real_q8_tensor_220w_mtp,2,36,12351,186.58,71,1890,9251,3,16
1784687842.220,real_q8_tensor_220w_mtp,3,33,12351,186.11,67,1455,9251,3,16
1784687842.803,real_q8_tensor_220w_mtp,0,100,12351,169.29,64,1635,9251,3,16
1784687842.803,real_q8_tensor_220w_mtp,1,100,12351,179.09,68,1395,9251,3,16
1784687842.803,real_q8_tensor_220w_mtp,2,36,12351,174.02,72,1485,9251,3,16
1784687842.803,real_q8_tensor_220w_mtp,3,33,12351,181.57,69,1635,9251,3,16
1784687843.399,real_q8_tensor_220w_mtp,0,100,12351,197.36,64,1680,9251,3,16
1784687843.399,real_q8_tensor_220w_mtp,1,100,12351,197.73,68,1590,9251,3,16
1784687843.399,real_q8_tensor_220w_mtp,2,100,12351,196.24,72,1650,9251,3,16
1784687843.399,real_q8_tensor_220w_mtp,3,100,12351,204.30,69,1620,9251,3,16
1784687843.972,real_q8_tensor_220w_mtp,0,100,12351,200.74,64,1590,9251,3,16
1784687843.972,real_q8_tensor_220w_mtp,1,100,12351,203.74,69,1410,9251,3,16
1784687843.972,real_q8_tensor_220w_mtp,2,100,12351,202.23,73,1650,9251,3,16
1784687843.972,real_q8_tensor_220w_mtp,3,100,12351,204.46,69,1470,9251,3,16
1784687844.542,real_q8_tensor_220w_mtp,0,64,12351,200.80,64,1695,9251,3,16
1784687844.542,real_q8_tensor_220w_mtp,1,74,12351,203.74,68,1575,9251,3,16
1784687844.542,real_q8_tensor_220w_mtp,2,100,12351,202.28,73,1635,9251,3,16
1784687844.542,real_q8_tensor_220w_mtp,3,100,12351,204.46,69,1440,9251,3,16
1784687845.138,real_q8_tensor_220w_mtp,0,25,12351,197.32,62,1740,9251,3,16
1784687845.138,real_q8_tensor_220w_mtp,1,35,12351,200.02,68,1725,9251,3,16
1784687845.138,real_q8_tensor_220w_mtp,2,100,12351,199.24,72,1515,9251,3,16
1784687845.138,real_q8_tensor_220w_mtp,3,100,12351,200.81,67,1680,9251,3,16
1784687845.721,real_q8_tensor_220w_mtp,0,25,12351,170.49,63,1710,9251,3,16
1784687845.721,real_q8_tensor_220w_mtp,1,35,12351,180.43,67,1560,9251,3,16
1784687845.721,real_q8_tensor_220w_mtp,2,100,12351,175.38,70,1650,9251,3,16
1784687845.721,real_q8_tensor_220w_mtp,3,74,12351,181.13,68,1635,9251,3,16
1784687846.293,real_q8_tensor_220w_mtp,0,58,12351,178.98,64,1905,9251,3,16
1784687846.293,real_q8_tensor_220w_mtp,1,78,12351,185.38,67,1875,9251,3,16
1784687846.293,real_q8_tensor_220w_mtp,2,100,12351,181.69,71,1860,9251,3,16
1784687846.293,real_q8_tensor_220w_mtp,3,74,12351,187.09,67,1905,9251,3,16
1784687846.855,real_q8_tensor_220w_mtp,0,58,12351,206.32,64,1545,9251,3,16
1784687846.855,real_q8_tensor_220w_mtp,1,78,12351,207.62,69,1575,9251,3,16
1784687846.855,real_q8_tensor_220w_mtp,2,100,12351,205.76,73,1620,9251,3,16
1784687846.855,real_q8_tensor_220w_mtp,3,100,12351,209.12,69,1530,9251,3,16
1784687847.423,real_q8_tensor_220w_mtp,0,100,12351,206.16,64,1545,9251,3,16
1784687847.423,real_q8_tensor_220w_mtp,1,100,12351,207.55,68,1515,9251,3,16
1784687847.423,real_q8_tensor_220w_mtp,2,100,12351,206.30,72,1500,9251,3,16
1784687847.423,real_q8_tensor_220w_mtp,3,100,12351,211.06,69,1485,9251,3,16
1784687847.993,real_q8_tensor_220w_mtp,0,100,12351,201.20,64,1695,9251,3,16
1784687847.993,real_q8_tensor_220w_mtp,1,100,12351,203.97,68,1590,9251,3,16
1784687847.993,real_q8_tensor_220w_mtp,2,100,12351,202.43,72,1485,9251,3,16
1784687847.993,real_q8_tensor_220w_mtp,3,100,12351,204.21,69,1620,9251,3,16
1784687848.561,real_q8_tensor_220w_mtp,0,38,12351,183.24,61,1905,9251,3,16
1784687848.561,real_q8_tensor_220w_mtp,1,34,12351,192.07,66,1890,9251,3,16
1784687848.561,real_q8_tensor_220w_mtp,2,19,12351,189.95,70,1890,9251,3,16
1784687848.561,real_q8_tensor_220w_mtp,3,20,12351,186.16,67,1770,9251,3,16
1784687849.147,real_q8_tensor_220w_mtp,0,38,12351,170.26,63,1575,9251,3,16
1784687849.147,real_q8_tensor_220w_mtp,1,34,12351,178.94,68,1590,9251,3,16
1784687849.147,real_q8_tensor_220w_mtp,2,100,12351,173.81,72,1620,9251,3,16
1784687849.147,real_q8_tensor_220w_mtp,3,100,12351,171.91,68,1560,9251,3,16
1784687849.717,real_q8_tensor_220w_mtp,0,100,12351,188.05,64,1695,9251,3,16
1784687849.717,real_q8_tensor_220w_mtp,1,100,12351,192.39,68,1575,9251,3,16
1784687849.717,real_q8_tensor_220w_mtp,2,100,12351,189.60,72,1620,9251,3,16
1784687849.717,real_q8_tensor_220w_mtp,3,100,12351,189.07,68,1635,9251,3,16
1784687850.310,real_q8_tensor_220w_mtp,0,100,12351,199.49,64,1500,9251,3,16
1784687850.310,real_q8_tensor_220w_mtp,1,100,12351,200.89,67,1440,9251,3,16
1784687850.310,real_q8_tensor_220w_mtp,2,38,12351,199.94,70,1620,9251,3,16
1784687850.310,real_q8_tensor_220w_mtp,3,60,12351,204.34,69,1440,9251,3,16
1784687850.881,real_q8_tensor_220w_mtp,0,77,12351,201.99,64,1830,9251,3,16
1784687850.881,real_q8_tensor_220w_mtp,1,94,12351,208.28,68,1830,9251,3,16
1784687850.881,real_q8_tensor_220w_mtp,2,38,12351,207.04,72,1740,9251,3,16
1784687850.881,real_q8_tensor_220w_mtp,3,60,12351,203.88,69,1830,9251,3,16
1784687851.439,real_q8_tensor_220w_mtp,0,77,12351,206.30,64,1680,9251,3,16
1784687851.439,real_q8_tensor_220w_mtp,1,94,12351,208.80,68,1560,9251,3,16
1784687851.439,real_q8_tensor_220w_mtp,2,100,12351,207.72,72,1635,9251,3,16
1784687851.439,real_q8_tensor_220w_mtp,3,100,12351,208.49,69,1470,9251,3,16
1784687852.037,real_q8_tensor_220w_mtp,0,38,12351,179.70,62,1875,9251,3,16
1784687852.037,real_q8_tensor_220w_mtp,1,36,12351,190.61,66,1695,9251,3,16
1784687852.037,real_q8_tensor_220w_mtp,2,36,12351,186.39,70,1665,9251,3,16
1784687852.037,real_q8_tensor_220w_mtp,3,19,12351,188.56,67,1770,9251,3,16
1784687852.601,real_q8_tensor_220w_mtp,0,38,12351,169.91,64,1530,9251,3,16
1784687852.601,real_q8_tensor_220w_mtp,1,36,12351,181.16,68,1410,9251,3,16
1784687852.601,real_q8_tensor_220w_mtp,2,100,12351,176.54,72,1455,9251,3,16
1784687852.601,real_q8_tensor_220w_mtp,3,100,12351,181.49,69,1620,9251,3,16
1784687853.195,real_q8_tensor_220w_mtp,0,100,12351,197.88,64,1560,9251,3,16
1784687853.195,real_q8_tensor_220w_mtp,1,100,12351,198.78,68,1575,9251,3,16
1784687853.195,real_q8_tensor_220w_mtp,2,100,12351,197.26,72,1590,9251,3,16
1784687853.195,real_q8_tensor_220w_mtp,3,100,12351,205.70,68,1545,9251,3,16
1784687853.764,real_q8_tensor_220w_mtp,0,100,12351,198.98,64,1530,9251,3,16
1784687853.764,real_q8_tensor_220w_mtp,1,100,12351,204.02,68,1410,9251,3,16
1784687853.764,real_q8_tensor_220w_mtp,2,100,12351,202.27,73,1455,9251,3,16
1784687853.764,real_q8_tensor_220w_mtp,3,100,12351,204.56,69,1395,9251,3,16
1784687854.332,real_q8_tensor_220w_mtp,0,56,12351,199.78,63,1350,9251,3,16
1784687854.332,real_q8_tensor_220w_mtp,1,100,12351,204.00,69,1335,9251,3,16
1784687854.332,real_q8_tensor_220w_mtp,2,100,12351,202.62,71,1365,9251,3,16
1784687854.332,real_q8_tensor_220w_mtp,3,100,12351,205.61,68,1350,9251,3,16
1784687854.912,real_q8_tensor_220w_mtp,0,56,12351,203.19,62,1905,9251,3,16
1784687854.912,real_q8_tensor_220w_mtp,1,100,12351,206.08,67,1845,9251,3,16
1784687854.912,real_q8_tensor_220w_mtp,2,100,12351,205.49,71,1815,9251,3,16
1784687854.912,real_q8_tensor_220w_mtp,3,56,12351,202.89,67,1890,9251,3,16
1784687855.471,real_q8_tensor_220w_mtp,0,3,12351,170.57,62,1920,9251,3,16
1784687855.471,real_q8_tensor_220w_mtp,1,10,12351,178.15,66,1905,9251,3,16
1784687855.471,real_q8_tensor_220w_mtp,2,100,12351,174.54,69,1890,9251,3,16
1784687855.471,real_q8_tensor_220w_mtp,3,56,12351,167.85,66,1710,9251,3,16
1784687856.028,real_q8_tensor_220w_mtp,0,0,12351,128.55,61,1920,9251,3,16
1784687856.028,real_q8_tensor_220w_mtp,1,2,12351,146.95,65,1905,9251,3,16
1784687856.028,real_q8_tensor_220w_mtp,2,8,12351,136.09,69,1890,9251,3,16
1784687856.028,real_q8_tensor_220w_mtp,3,8,12351,126.49,64,1710,9251,3,16
1784687856.613,real_q8_tensor_220w_mtp,0,100,12351,130.23,63,1605,9251,3,16
1784687856.613,real_q8_tensor_220w_mtp,1,100,12351,154.09,67,1605,9251,3,16
1784687856.613,real_q8_tensor_220w_mtp,2,8,12351,143.29,71,1635,9251,3,16
1784687856.613,real_q8_tensor_220w_mtp,3,8,12351,128.10,67,1590,9251,3,16
1784687857.207,real_q8_tensor_220w_mtp,0,100,12351,172.27,61,1920,9251,3,16
1784687857.207,real_q8_tensor_220w_mtp,1,100,12351,182.06,67,1845,9251,3,16
1784687857.207,real_q8_tensor_220w_mtp,2,32,12351,175.80,71,1845,9251,3,16
1784687857.207,real_q8_tensor_220w_mtp,3,35,12351,172.93,66,1875,9251,3,16
1784687857.766,real_q8_tensor_220w_mtp,0,9,12351,146.53,60,1920,9251,3,16
1784687857.766,real_q8_tensor_220w_mtp,1,8,12351,162.16,65,1905,9251,3,16
1784687857.766,real_q8_tensor_220w_mtp,2,32,12351,155.34,69,1890,9251,3,16
1784687857.766,real_q8_tensor_220w_mtp,3,35,12351,160.14,65,1920,9251,3,16
1784687858.323,real_q8_tensor_220w_mtp,0,9,12351,124.98,61,1920,9251,3,16
1784687858.323,real_q8_tensor_220w_mtp,1,8,12351,147.04,66,1905,9251,3,16
1784687858.323,real_q8_tensor_220w_mtp,2,20,12351,135.40,70,1890,9251,3,16
1784687858.323,real_q8_tensor_220w_mtp,3,25,12351,145.69,66,1920,9251,3,16
1784687858.912,real_q8_tensor_220w_mtp,0,80,12351,166.60,63,1830,9251,3,16
1784687858.912,real_q8_tensor_220w_mtp,1,77,12351,178.04,67,1680,9251,3,16
1784687858.912,real_q8_tensor_220w_mtp,2,20,12351,177.85,71,1755,9251,3,16
1784687858.912,real_q8_tensor_220w_mtp,3,25,12351,182.81,67,1755,9251,3,16
1784687859.485,real_q8_tensor_220w_mtp,0,80,12351,204.12,63,1815,9251,3,16
1784687859.485,real_q8_tensor_220w_mtp,1,77,12351,207.73,67,1725,9251,3,16
1784687859.485,real_q8_tensor_220w_mtp,2,78,12351,204.51,71,1665,9251,3,16
1784687859.485,real_q8_tensor_220w_mtp,3,74,12351,210.23,67,1725,9251,3,16
1784687860.056,real_q8_tensor_220w_mtp,0,82,12351,211.62,63,1725,9251,3,16
1784687860.056,real_q8_tensor_220w_mtp,1,76,12351,214.06,67,1605,9251,3,16
1784687860.056,real_q8_tensor_220w_mtp,2,79,12351,212.56,71,1665,9251,3,16
1784687860.056,real_q8_tensor_220w_mtp,3,78,12351,213.84,68,1740,9251,3,16
1784687860.654,real_q8_tensor_220w_mtp,0,82,12351,214.33,63,1710,9251,3,16
1784687860.654,real_q8_tensor_220w_mtp,1,76,12351,215.56,67,1725,9251,3,16
1784687860.654,real_q8_tensor_220w_mtp,2,75,12351,215.22,71,1740,9251,3,16
1784687860.654,real_q8_tensor_220w_mtp,3,72,12351,215.68,68,1680,9251,3,16
1784687861.247,real_q8_tensor_220w_mtp,0,79,12351,213.68,63,1815,9251,3,16
1784687861.247,real_q8_tensor_220w_mtp,1,72,12351,215.23,67,1650,9251,3,16
1784687861.247,real_q8_tensor_220w_mtp,2,75,12351,214.80,71,1755,9251,3,16
1784687861.247,real_q8_tensor_220w_mtp,3,72,12351,215.38,68,1710,9251,3,16
1784687861.821,real_q8_tensor_220w_mtp,0,79,12351,213.18,63,1905,9251,3,16
1784687861.821,real_q8_tensor_220w_mtp,1,72,12351,211.53,67,1875,9251,3,16
1784687861.821,real_q8_tensor_220w_mtp,2,40,12351,210.96,71,1875,9251,3,16
1784687861.821,real_q8_tensor_220w_mtp,3,74,12351,215.54,68,1905,9251,3,16
1784687862.412,real_q8_tensor_220w_mtp,0,0,12351,167.70,61,1920,9251,3,16
1784687862.412,real_q8_tensor_220w_mtp,1,0,12351,174.94,65,1905,9251,3,16
1784687862.412,real_q8_tensor_220w_mtp,2,0,12351,168.61,69,1890,9251,3,16
1784687862.412,real_q8_tensor_220w_mtp,3,0,12351,179.35,65,1920,9251,3,16
1784687862.997,real_q8_tensor_220w_mtp,0,100,12351,151.44,63,1905,9251,3,16
1784687862.997,real_q8_tensor_220w_mtp,1,100,12351,168.64,68,1815,9251,3,16
1784687862.997,real_q8_tensor_220w_mtp,2,75,12351,159.68,72,1890,9251,3,16
1784687862.997,real_q8_tensor_220w_mtp,3,98,12351,167.62,68,1845,9251,3,16
1784687863.593,real_q8_tensor_220w_mtp,0,100,12351,199.95,63,1875,9251,3,16
1784687863.593,real_q8_tensor_220w_mtp,1,100,12351,203.78,68,1785,9251,3,16
1784687863.593,real_q8_tensor_220w_mtp,2,75,12351,198.03,72,1830,9251,3,16
1784687863.593,real_q8_tensor_220w_mtp,3,98,12351,206.87,68,1815,9251,3,16
1784687864.163,real_q8_tensor_220w_mtp,0,100,12351,210.82,64,1920,9251,3,16
1784687864.163,real_q8_tensor_220w_mtp,1,100,12351,217.01,67,1905,9251,3,16
1784687864.163,real_q8_tensor_220w_mtp,2,71,12351,213.38,71,1890,9251,3,16
1784687864.163,real_q8_tensor_220w_mtp,3,47,12351,213.27,69,1920,9251,3,16
1784687864.744,real_q8_tensor_220w_mtp,0,100,12351,204.95,63,1875,9251,3,16
1784687864.744,real_q8_tensor_220w_mtp,1,100,12351,211.19,68,1800,9251,3,16
1784687864.744,real_q8_tensor_220w_mtp,2,71,12351,206.41,72,1830,9251,3,16
1784687864.744,real_q8_tensor_220w_mtp,3,47,12351,209.58,68,1800,9251,3,16
1784687865.338,real_q8_tensor_220w_mtp,0,100,12351,214.79,64,1890,9251,3,16
1784687865.338,real_q8_tensor_220w_mtp,1,100,12351,218.65,68,1845,9251,3,16
1784687865.338,real_q8_tensor_220w_mtp,2,100,12351,214.63,72,1860,9251,3,16
1784687865.338,real_q8_tensor_220w_mtp,3,100,12351,216.15,69,1860,9251,3,16
1784687865.925,real_q8_tensor_220w_mtp,0,25,12351,204.99,62,1875,9251,3,16
1784687865.925,real_q8_tensor_220w_mtp,1,71,12351,211.77,68,1800,9251,3,16
1784687865.925,real_q8_tensor_220w_mtp,2,100,12351,206.53,72,1830,9251,3,16
1784687865.925,real_q8_tensor_220w_mtp,3,100,12351,209.85,68,1815,9251,3,16
1784687866.518,real_q8_tensor_220w_mtp,0,100,12351,207.79,64,1860,9251,3,16
1784687866.518,real_q8_tensor_220w_mtp,1,100,12351,213.20,68,1785,9251,3,16
1784687866.518,real_q8_tensor_220w_mtp,2,100,12351,208.36,73,1830,9251,3,16
1784687866.518,real_q8_tensor_220w_mtp,3,100,12351,212.22,69,1815,9251,3,16
1784687867.091,real_q8_tensor_220w_mtp,0,84,12351,214.83,64,1875,9251,3,16
1784687867.091,real_q8_tensor_220w_mtp,1,78,12351,218.05,68,1785,9251,3,16
1784687867.091,real_q8_tensor_220w_mtp,2,100,12351,214.63,72,1815,9251,3,16
1784687867.091,real_q8_tensor_220w_mtp,3,100,12351,216.66,69,1815,9251,3,16
1784687867.663,real_q8_tensor_220w_mtp,0,84,12351,205.82,64,1860,9251,3,16
1784687867.663,real_q8_tensor_220w_mtp,1,78,12351,210.83,68,1785,9251,3,16
1784687867.663,real_q8_tensor_220w_mtp,2,100,12351,206.21,72,1815,9251,3,16
1784687867.663,real_q8_tensor_220w_mtp,3,100,12351,210.22,68,1815,9251,3,16
1784687868.237,real_q8_tensor_220w_mtp,0,100,12351,207.29,64,1890,9251,3,16
1784687868.237,real_q8_tensor_220w_mtp,1,89,12351,210.92,68,1845,9251,3,16
1784687868.237,real_q8_tensor_220w_mtp,2,100,12351,207.63,72,1860,9251,3,16
1784687868.237,real_q8_tensor_220w_mtp,3,100,12351,211.15,69,1860,9251,3,16
1784687868.805,real_q8_tensor_220w_mtp,0,100,12351,213.35,64,1860,9251,3,16
1784687868.805,real_q8_tensor_220w_mtp,1,89,12351,217.83,68,1785,9251,3,16
1784687868.805,real_q8_tensor_220w_mtp,2,100,12351,214.26,73,1815,9251,3,16
1784687868.805,real_q8_tensor_220w_mtp,3,100,12351,215.97,69,1800,9251,3,16
1784687869.398,real_q8_tensor_220w_mtp,0,100,12351,205.59,64,1860,9251,3,16
1784687869.398,real_q8_tensor_220w_mtp,1,100,12351,211.31,68,1785,9251,3,16
1784687869.398,real_q8_tensor_220w_mtp,2,100,12351,205.52,72,1815,9251,3,16
1784687869.398,real_q8_tensor_220w_mtp,3,100,12351,210.83,69,1800,9251,3,16
1784687869.967,real_q8_tensor_220w_mtp,0,100,12351,203.09,64,1875,9251,3,16
1784687869.967,real_q8_tensor_220w_mtp,1,100,12351,210.13,68,1785,9251,3,16
1784687869.967,real_q8_tensor_220w_mtp,2,77,12351,204.73,73,1815,9251,3,16
1784687869.967,real_q8_tensor_220w_mtp,3,79,12351,209.34,69,1800,9251,3,16
1784687870.539,real_q8_tensor_220w_mtp,0,100,12351,212.89,64,1860,9251,3,16
1784687870.539,real_q8_tensor_220w_mtp,1,100,12351,217.71,68,1785,9251,3,16
1784687870.539,real_q8_tensor_220w_mtp,2,88,12351,213.88,73,1815,9251,3,16
1784687870.539,real_q8_tensor_220w_mtp,3,88,12351,215.53,69,1800,9251,3,16
1784687871.113,real_q8_tensor_220w_mtp,0,100,12351,206.17,64,1860,9251,3,16
1784687871.113,real_q8_tensor_220w_mtp,1,100,12351,212.35,68,1770,9251,3,16
1784687871.113,real_q8_tensor_220w_mtp,2,100,12351,207.56,72,1815,9251,3,16
1784687871.113,real_q8_tensor_220w_mtp,3,100,12351,211.16,69,1800,9251,3,16
1784687871.682,real_q8_tensor_220w_mtp,0,98,12351,204.60,64,1860,9251,3,16
1784687871.682,real_q8_tensor_220w_mtp,1,76,12351,210.74,68,1770,9251,3,16
1784687871.682,real_q8_tensor_220w_mtp,2,100,12351,206.34,72,1815,9251,3,16
1784687871.682,real_q8_tensor_220w_mtp,3,100,12351,210.81,69,1785,9251,3,16
1784687872.251,real_q8_tensor_220w_mtp,0,98,12351,213.89,64,1860,9251,3,16
1784687872.251,real_q8_tensor_220w_mtp,1,76,12351,217.53,68,1770,9251,3,16
1784687872.251,real_q8_tensor_220w_mtp,2,100,12351,214.54,73,1815,9251,3,16
1784687872.251,real_q8_tensor_220w_mtp,3,100,12351,218.82,69,1800,9251,3,16
1784687872.824,real_q8_tensor_220w_mtp,0,100,12351,205.49,64,1890,9251,3,16
1784687872.824,real_q8_tensor_220w_mtp,1,100,12351,211.33,68,1845,9251,3,16
1784687872.824,real_q8_tensor_220w_mtp,2,100,12351,207.90,73,1815,9251,3,16
1784687872.824,real_q8_tensor_220w_mtp,3,100,12351,211.88,69,1860,9251,3,16
1784687873.415,real_q8_tensor_220w_mtp,0,100,12351,203.38,64,1860,9251,3,16
1784687873.415,real_q8_tensor_220w_mtp,1,100,12351,211.99,68,1785,9251,3,16
1784687873.415,real_q8_tensor_220w_mtp,2,100,12351,207.60,73,1815,9251,3,16
1784687873.415,real_q8_tensor_220w_mtp,3,100,12351,210.64,69,1800,9251,3,16
1784687873.986,real_q8_tensor_220w_mtp,0,100,12351,215.43,64,1860,9251,3,16
1784687873.986,real_q8_tensor_220w_mtp,1,100,12351,218.05,69,1770,9251,3,16
1784687873.986,real_q8_tensor_220w_mtp,2,100,12351,214.88,73,1815,9251,3,16
1784687873.986,real_q8_tensor_220w_mtp,3,100,12351,220.34,69,1800,9251,3,16
1784687874.547,real_q8_tensor_220w_mtp,0,100,12351,205.46,64,1905,9251,3,16
1784687874.547,real_q8_tensor_220w_mtp,1,99,12351,211.81,68,1845,9251,3,16
1784687874.547,real_q8_tensor_220w_mtp,2,100,12351,208.34,73,1815,9251,3,16
1784687874.547,real_q8_tensor_220w_mtp,3,100,12351,213.24,69,1860,9251,3,16
1784687875.116,real_q8_tensor_220w_mtp,0,100,12351,204.16,64,1860,9251,3,16
1784687875.116,real_q8_tensor_220w_mtp,1,89,12351,213.49,69,1770,9251,3,16
1784687875.116,real_q8_tensor_220w_mtp,2,100,12351,208.24,73,1815,9251,3,16
1784687875.116,real_q8_tensor_220w_mtp,3,100,12351,211.26,69,1785,9251,3,16
1784687875.685,real_q8_tensor_220w_mtp,0,100,12351,216.86,64,1860,9251,3,16
1784687875.685,real_q8_tensor_220w_mtp,1,89,12351,218.12,69,1785,9251,3,16
1784687875.685,real_q8_tensor_220w_mtp,2,100,12351,214.58,73,1830,9251,3,16
1784687875.685,real_q8_tensor_220w_mtp,3,100,12351,219.74,69,1785,9251,3,16
1784687876.246,real_q8_tensor_220w_mtp,0,100,12351,205.74,64,1890,9251,3,16
1784687876.246,real_q8_tensor_220w_mtp,1,100,12351,211.54,68,1845,9251,3,16
1784687876.246,real_q8_tensor_220w_mtp,2,100,12351,208.17,72,1815,9251,3,16
1784687876.246,real_q8_tensor_220w_mtp,3,100,12351,212.40,69,1860,9251,3,16
1784687876.810,real_q8_tensor_220w_mtp,0,100,12351,202.77,64,1860,9251,3,16
1784687876.810,real_q8_tensor_220w_mtp,1,100,12351,213.35,69,1785,9251,3,16
1784687876.810,real_q8_tensor_220w_mtp,2,100,12351,209.01,73,1815,9251,3,16
1784687876.810,real_q8_tensor_220w_mtp,3,100,12351,210.71,69,1785,9251,3,16
1784687877.408,real_q8_tensor_220w_mtp,0,100,12351,216.43,65,1860,9251,3,16
1784687877.408,real_q8_tensor_220w_mtp,1,100,12351,218.01,69,1755,9251,3,16
1784687877.408,real_q8_tensor_220w_mtp,2,100,12351,215.95,73,1800,9251,3,16
1784687877.408,real_q8_tensor_220w_mtp,3,100,12351,220.21,69,1785,9251,3,16
1784687877.968,real_q8_tensor_220w_mtp,0,100,12351,205.36,64,1890,9251,3,16
1784687877.968,real_q8_tensor_220w_mtp,1,100,12351,211.09,69,1845,9251,3,16
1784687877.968,real_q8_tensor_220w_mtp,2,100,12351,207.92,73,1815,9251,3,16
1784687877.968,real_q8_tensor_220w_mtp,3,80,12351,210.95,69,1845,9251,3,16
1784687878.531,real_q8_tensor_220w_mtp,0,100,12351,207.43,64,1860,9251,3,16
1784687878.531,real_q8_tensor_220w_mtp,1,100,12351,210.68,69,1770,9251,3,16
1784687878.531,real_q8_tensor_220w_mtp,2,87,12351,206.76,73,1800,9251,3,16
1784687878.531,real_q8_tensor_220w_mtp,3,100,12351,214.66,69,1785,9251,3,16
1784687879.132,real_q8_tensor_220w_mtp,0,100,12351,214.49,65,1845,9251,3,16
1784687879.132,real_q8_tensor_220w_mtp,1,100,12351,219.64,69,1755,9251,3,16
1784687879.132,real_q8_tensor_220w_mtp,2,100,12351,215.96,73,1815,9251,3,16
1784687879.132,real_q8_tensor_220w_mtp,3,100,12351,219.77,70,1770,9251,3,16
1784687879.693,real_q8_tensor_220w_mtp,0,100,12351,205.01,64,1845,9251,3,16
1784687879.693,real_q8_tensor_220w_mtp,1,100,12351,212.12,69,1770,9251,3,16
1784687879.693,real_q8_tensor_220w_mtp,2,100,12351,206.85,73,1815,9251,3,16
1784687879.693,real_q8_tensor_220w_mtp,3,100,12351,212.76,69,1800,9251,3,16
1784687880.252,real_q8_tensor_220w_mtp,0,100,12351,204.08,64,1845,9251,3,16
1784687880.252,real_q8_tensor_220w_mtp,1,100,12351,209.19,69,1770,9251,3,16
1784687880.252,real_q8_tensor_220w_mtp,2,100,12351,204.40,73,1800,9251,3,16
1784687880.252,real_q8_tensor_220w_mtp,3,100,12351,213.39,69,1770,9251,3,16
1784687880.823,real_q8_tensor_220w_mtp,0,100,12351,212.26,65,1845,9251,3,16
1784687880.823,real_q8_tensor_220w_mtp,1,100,12351,219.32,69,1770,9251,3,16
1784687880.823,real_q8_tensor_220w_mtp,2,100,12351,216.14,73,1800,9251,3,16
1784687880.823,real_q8_tensor_220w_mtp,3,100,12351,219.49,69,1785,9251,3,16
1784687881.419,real_q8_tensor_220w_mtp,0,100,12351,204.21,65,1860,9251,3,16
1784687881.419,real_q8_tensor_220w_mtp,1,100,12351,210.31,69,1770,9251,3,16
1784687881.419,real_q8_tensor_220w_mtp,2,100,12351,206.29,73,1800,9251,3,16
1784687881.419,real_q8_tensor_220w_mtp,3,100,12351,212.32,69,1800,9251,3,16
1784687882.003,real_q8_tensor_220w_mtp,0,84,12351,201.80,64,1845,9251,3,16
1784687882.003,real_q8_tensor_220w_mtp,1,73,12351,208.79,69,1755,9251,3,16
1784687882.003,real_q8_tensor_220w_mtp,2,87,12351,207.40,73,1800,9251,3,16
1784687882.003,real_q8_tensor_220w_mtp,3,87,12351,210.69,69,1770,9251,3,16
1784687882.574,real_q8_tensor_220w_mtp,0,90,12351,213.72,65,1860,9251,3,16
1784687882.574,real_q8_tensor_220w_mtp,1,100,12351,216.74,69,1740,9251,3,16
1784687882.574,real_q8_tensor_220w_mtp,2,100,12351,215.51,73,1800,9251,3,16
1784687882.574,real_q8_tensor_220w_mtp,3,100,12351,219.60,70,1770,9251,3,16
1784687883.168,real_q8_tensor_220w_mtp,0,100,12351,204.63,65,1845,9251,3,16
1784687883.168,real_q8_tensor_220w_mtp,1,100,12351,210.09,69,1755,9251,3,16
1784687883.168,real_q8_tensor_220w_mtp,2,88,12351,205.84,73,1800,9251,3,16
1784687883.168,real_q8_tensor_220w_mtp,3,100,12351,211.20,69,1770,9251,3,16
1784687883.743,real_q8_tensor_220w_mtp,0,100,12351,200.97,64,1845,9251,3,16
1784687883.743,real_q8_tensor_220w_mtp,1,74,12351,207.99,69,1755,9251,3,16
1784687883.743,real_q8_tensor_220w_mtp,2,72,12351,203.53,73,1800,9251,3,16
1784687883.743,real_q8_tensor_220w_mtp,3,72,12351,208.42,69,1800,9251,3,16
1784687884.314,real_q8_tensor_220w_mtp,0,100,12351,212.43,65,1830,9251,3,16
1784687884.314,real_q8_tensor_220w_mtp,1,74,12351,216.88,69,1740,9251,3,16
1784687884.314,real_q8_tensor_220w_mtp,2,72,12351,212.66,73,1815,9251,3,16
1784687884.314,real_q8_tensor_220w_mtp,3,72,12351,216.87,70,1770,9251,3,16
1784687884.883,real_q8_tensor_220w_mtp,0,100,12351,204.15,65,1845,9251,3,16
1784687884.883,real_q8_tensor_220w_mtp,1,100,12351,210.51,69,1770,9251,3,16
1784687884.883,real_q8_tensor_220w_mtp,2,100,12351,205.69,73,1815,9251,3,16
1784687884.883,real_q8_tensor_220w_mtp,3,100,12351,211.60,69,1770,9251,3,16
1784687885.453,real_q8_tensor_220w_mtp,0,100,12351,201.13,65,1890,9251,3,16
1784687885.453,real_q8_tensor_220w_mtp,1,100,12351,209.52,69,1875,9251,3,16
1784687885.453,real_q8_tensor_220w_mtp,2,100,12351,205.23,73,1875,9251,3,16
1784687885.453,real_q8_tensor_220w_mtp,3,100,12351,209.46,70,1875,9251,3,16
1784687886.019,real_q8_tensor_220w_mtp,0,86,12351,212.42,65,1845,9251,3,16
1784687886.019,real_q8_tensor_220w_mtp,1,100,12351,216.47,69,1755,9251,3,16
1784687886.019,real_q8_tensor_220w_mtp,2,100,12351,213.09,73,1785,9251,3,16
1784687886.019,real_q8_tensor_220w_mtp,3,100,12351,216.92,70,1785,9251,3,16
1784687886.615,real_q8_tensor_220w_mtp,0,100,12351,204.21,64,1845,9251,3,16
1784687886.615,real_q8_tensor_220w_mtp,1,100,12351,209.71,69,1740,9251,3,16
1784687886.615,real_q8_tensor_220w_mtp,2,100,12351,205.33,73,1785,9251,3,16
1784687886.615,real_q8_tensor_220w_mtp,3,100,12351,210.94,69,1755,9251,3,16
1784687887.185,real_q8_tensor_220w_mtp,0,100,12351,204.08,65,1830,9251,3,16
1784687887.185,real_q8_tensor_220w_mtp,1,100,12351,209.74,69,1740,9251,3,16
1784687887.185,real_q8_tensor_220w_mtp,2,100,12351,205.08,73,1770,9251,3,16
1784687887.185,real_q8_tensor_220w_mtp,3,100,12351,210.74,70,1755,9251,3,16
1784687887.755,real_q8_tensor_220w_mtp,0,100,12351,212.41,64,1830,9251,3,16
1784687887.755,real_q8_tensor_220w_mtp,1,100,12351,216.31,69,1740,9251,3,16
1784687887.755,real_q8_tensor_220w_mtp,2,100,12351,212.68,73,1800,9251,3,16
1784687887.755,real_q8_tensor_220w_mtp,3,100,12351,216.49,69,1755,9251,3,16
1784687888.326,real_q8_tensor_220w_mtp,0,100,12351,199.86,63,1845,9251,3,16
1784687888.326,real_q8_tensor_220w_mtp,1,79,12351,208.78,67,1740,9251,3,16
1784687888.326,real_q8_tensor_220w_mtp,2,77,12351,203.24,71,1770,9251,3,16
1784687888.326,real_q8_tensor_220w_mtp,3,31,12351,207.62,69,1770,9251,3,16
1784687888.894,real_q8_tensor_220w_mtp,0,100,12351,203.23,65,1830,9251,3,16
1784687888.894,real_q8_tensor_220w_mtp,1,79,12351,209.16,69,1725,9251,3,16
1784687888.894,real_q8_tensor_220w_mtp,2,77,12351,204.97,73,1785,9251,3,16
1784687888.894,real_q8_tensor_220w_mtp,3,31,12351,210.05,70,1755,9251,3,16
1784687889.463,real_q8_tensor_220w_mtp,0,100,12351,214.24,65,1875,9251,3,16
1784687889.463,real_q8_tensor_220w_mtp,1,100,12351,217.70,70,1845,9251,3,16
1784687889.463,real_q8_tensor_220w_mtp,2,100,12351,214.38,74,1800,9251,3,16
1784687889.463,real_q8_tensor_220w_mtp,3,81,12351,216.55,70,1830,9251,3,16
1784687890.029,real_q8_tensor_220w_mtp,0,34,12351,208.56,64,1920,9251,3,16
1784687890.029,real_q8_tensor_220w_mtp,1,76,12351,210.19,68,1905,9251,3,16
1784687890.029,real_q8_tensor_220w_mtp,2,47,12351,207.41,72,1890,9251,3,16
1784687890.029,real_q8_tensor_220w_mtp,3,62,12351,213.11,69,1920,9251,3,16
1784687890.590,real_q8_tensor_220w_mtp,0,34,12351,200.92,64,1845,9251,3,16
1784687890.590,real_q8_tensor_220w_mtp,1,72,12351,206.24,69,1740,9251,3,16
1784687890.590,real_q8_tensor_220w_mtp,2,71,12351,204.21,73,1800,9251,3,16
1784687890.590,real_q8_tensor_220w_mtp,3,84,12351,209.59,70,1785,9251,3,16
1784687891.160,real_q8_tensor_220w_mtp,0,100,12351,212.61,65,1845,9251,3,16
1784687891.160,real_q8_tensor_220w_mtp,1,72,12351,215.39,70,1755,9251,3,16
1784687891.160,real_q8_tensor_220w_mtp,2,71,12351,213.34,74,1770,9251,3,16
1784687891.160,real_q8_tensor_220w_mtp,3,84,12351,218.20,70,1785,9251,3,16
1784687891.729,real_q8_tensor_220w_mtp,0,100,12351,214.33,65,1890,9251,3,16
1784687891.729,real_q8_tensor_220w_mtp,1,79,12351,216.56,70,1830,9251,3,16
1784687891.729,real_q8_tensor_220w_mtp,2,86,12351,216.19,74,1770,9251,3,16
1784687891.729,real_q8_tensor_220w_mtp,3,100,12351,218.29,70,1845,9251,3,16
1784687892.287,real_q8_tensor_220w_mtp,0,100,12351,202.56,65,1845,9251,3,16
1784687892.287,real_q8_tensor_220w_mtp,1,79,12351,208.05,69,1740,9251,3,16
1784687892.287,real_q8_tensor_220w_mtp,2,86,12351,206.23,74,1770,9251,3,16
1784687892.287,real_q8_tensor_220w_mtp,3,100,12351,210.45,70,1770,9251,3,16
1784687892.853,real_q8_tensor_220w_mtp,0,100,12351,205.26,65,1845,9251,3,16
1784687892.853,real_q8_tensor_220w_mtp,1,100,12351,211.47,69,1770,9251,3,16
1784687892.853,real_q8_tensor_220w_mtp,2,100,12351,209.40,73,1770,9251,3,16
1784687892.853,real_q8_tensor_220w_mtp,3,100,12351,212.01,70,1785,9251,3,16
1784687893.484,real_q8_tensor_220w_mtp,0,100,12351,215.03,65,1830,9251,3,16
1784687893.484,real_q8_tensor_220w_mtp,1,85,12351,216.02,69,1755,9251,3,16
1784687893.484,real_q8_tensor_220w_mtp,2,100,12351,213.91,74,1785,9251,3,16
1784687893.484,real_q8_tensor_220w_mtp,3,96,12351,218.00,70,1755,9251,3,16
1784687894.065,real_q8_tensor_220w_mtp,0,100,12351,201.68,65,1830,9251,3,16
1784687894.065,real_q8_tensor_220w_mtp,1,100,12351,207.57,69,1725,9251,3,16
1784687894.065,real_q8_tensor_220w_mtp,2,100,12351,204.90,73,1770,9251,3,16
1784687894.065,real_q8_tensor_220w_mtp,3,91,12351,209.38,69,1755,9251,3,16
1784687894.640,real_q8_tensor_220w_mtp,0,100,12351,201.60,65,1905,9251,3,16
1784687894.640,real_q8_tensor_220w_mtp,1,100,12351,205.42,69,1875,9251,3,16
1784687894.640,real_q8_tensor_220w_mtp,2,100,12351,203.21,72,1830,9251,3,16
1784687894.640,real_q8_tensor_220w_mtp,3,100,12351,209.12,70,1875,9251,3,16
1784687895.209,real_q8_tensor_220w_mtp,0,100,12351,210.60,65,1830,9251,3,16
1784687895.209,real_q8_tensor_220w_mtp,1,100,12351,215.06,70,1725,9251,3,16
1784687895.209,real_q8_tensor_220w_mtp,2,100,12351,212.64,73,1755,9251,3,16
1784687895.209,real_q8_tensor_220w_mtp,3,100,12351,215.13,70,1770,9251,3,16
1784687895.781,real_q8_tensor_220w_mtp,0,84,12351,201.15,64,1830,9251,3,16
1784687895.781,real_q8_tensor_220w_mtp,1,100,12351,207.52,69,1725,9251,3,16
1784687895.781,real_q8_tensor_220w_mtp,2,100,12351,203.06,73,1770,9251,3,16
1784687895.781,real_q8_tensor_220w_mtp,3,96,12351,207.92,69,1755,9251,3,16
1784687896.354,real_q8_tensor_220w_mtp,0,84,12351,201.13,65,1845,9251,3,16
1784687896.354,real_q8_tensor_220w_mtp,1,100,12351,206.74,70,1710,9251,3,16
1784687896.354,real_q8_tensor_220w_mtp,2,100,12351,205.07,74,1755,9251,3,16
1784687896.354,real_q8_tensor_220w_mtp,3,96,12351,207.52,70,1785,9251,3,16
1784687896.925,real_q8_tensor_220w_mtp,0,100,12351,211.12,65,1890,9251,3,16
1784687896.925,real_q8_tensor_220w_mtp,1,100,12351,215.44,69,1860,9251,3,16
1784687896.925,real_q8_tensor_220w_mtp,2,100,12351,216.02,73,1860,9251,3,16
1784687896.925,real_q8_tensor_220w_mtp,3,100,12351,214.36,70,1875,9251,3,16
1784687897.517,real_q8_tensor_220w_mtp,0,100,12351,205.87,64,1920,9251,3,16
1784687897.517,real_q8_tensor_220w_mtp,1,34,12351,208.35,69,1905,9251,3,16
1784687897.517,real_q8_tensor_220w_mtp,2,36,12351,206.60,73,1890,9251,3,16
1784687897.517,real_q8_tensor_220w_mtp,3,83,12351,210.42,69,1920,9251,3,16
1784687898.076,real_q8_tensor_220w_mtp,0,70,12351,201.50,65,1815,9251,3,16
1784687898.076,real_q8_tensor_220w_mtp,1,34,12351,205.77,69,1725,9251,3,16
1784687898.076,real_q8_tensor_220w_mtp,2,36,12351,201.88,73,1785,9251,3,16
1784687898.076,real_q8_tensor_220w_mtp,3,75,12351,208.72,70,1740,9251,3,16
1784687898.650,real_q8_tensor_220w_mtp,0,70,12351,212.70,65,1845,9251,3,16
1784687898.650,real_q8_tensor_220w_mtp,1,100,12351,214.35,70,1725,9251,3,16
1784687898.650,real_q8_tensor_220w_mtp,2,100,12351,212.53,74,1785,9251,3,16
1784687898.650,real_q8_tensor_220w_mtp,3,75,12351,219.12,70,1755,9251,3,16
1784687899.219,real_q8_tensor_220w_mtp,0,100,12351,213.26,65,1830,9251,3,16
1784687899.219,real_q8_tensor_220w_mtp,1,100,12351,217.59,70,1725,9251,3,16
1784687899.219,real_q8_tensor_220w_mtp,2,100,12351,216.31,74,1770,9251,3,16
1784687899.219,real_q8_tensor_220w_mtp,3,100,12351,217.03,70,1770,9251,3,16
1784687899.801,real_q8_tensor_220w_mtp,0,100,12351,200.01,65,1815,9251,3,16
1784687899.801,real_q8_tensor_220w_mtp,1,100,12351,206.79,69,1740,9251,3,16
1784687899.801,real_q8_tensor_220w_mtp,2,100,12351,203.84,74,1740,9251,3,16
1784687899.801,real_q8_tensor_220w_mtp,3,100,12351,207.71,70,1740,9251,3,16
1784687900.395,real_q8_tensor_220w_mtp,0,68,12351,197.58,64,1830,9251,3,16
1784687900.395,real_q8_tensor_220w_mtp,1,100,12351,209.72,69,1695,9251,3,16
1784687900.395,real_q8_tensor_220w_mtp,2,100,12351,206.62,73,1740,9251,3,16
1784687900.395,real_q8_tensor_220w_mtp,3,69,12351,208.55,70,1725,9251,3,16
1784687900.987,real_q8_tensor_220w_mtp,0,68,12351,210.62,65,1845,9251,3,16
1784687900.987,real_q8_tensor_220w_mtp,1,100,12351,216.94,70,1710,9251,3,16
1784687900.987,real_q8_tensor_220w_mtp,2,100,12351,216.69,74,1755,9251,3,16
1784687900.987,real_q8_tensor_220w_mtp,3,95,12351,215.35,70,1740,9251,3,16
1784687901.576,real_q8_tensor_220w_mtp,0,100,12351,198.80,65,1845,9251,3,16
1784687901.576,real_q8_tensor_220w_mtp,1,100,12351,204.89,69,1710,9251,3,16
1784687901.576,real_q8_tensor_220w_mtp,2,100,12351,202.92,73,1755,9251,3,16
1784687901.576,real_q8_tensor_220w_mtp,3,100,12351,206.32,69,1740,9251,3,16
1784687902.146,real_q8_tensor_220w_mtp,0,100,12351,198.27,65,1815,9251,3,16
1784687902.146,real_q8_tensor_220w_mtp,1,100,12351,205.96,70,1710,9251,3,16
1784687902.146,real_q8_tensor_220w_mtp,2,100,12351,203.41,74,1755,9251,3,16
1784687902.146,real_q8_tensor_220w_mtp,3,100,12351,206.55,70,1725,9251,3,16
1784687902.714,real_q8_tensor_220w_mtp,0,100,12351,213.54,65,1860,9251,3,16
1784687902.714,real_q8_tensor_220w_mtp,1,100,12351,214.50,70,1740,9251,3,16
1784687902.714,real_q8_tensor_220w_mtp,2,100,12351,214.25,74,1785,9251,3,16
1784687902.714,real_q8_tensor_220w_mtp,3,100,12351,216.98,70,1755,9251,3,16
1784687903.274,real_q8_tensor_220w_mtp,0,100,12351,204.57,64,1920,9251,3,16
1784687903.274,real_q8_tensor_220w_mtp,1,27,12351,210.27,69,1905,9251,3,16
1784687903.274,real_q8_tensor_220w_mtp,2,32,12351,208.49,72,1890,9251,3,16
1784687903.274,real_q8_tensor_220w_mtp,3,100,12351,209.97,69,1920,9251,3,16
1784687903.854,real_q8_tensor_220w_mtp,0,67,12351,198.00,64,1830,9251,3,16
1784687903.854,real_q8_tensor_220w_mtp,1,100,12351,205.56,69,1695,9251,3,16
1784687903.854,real_q8_tensor_220w_mtp,2,90,12351,202.17,73,1755,9251,3,16
1784687903.854,real_q8_tensor_220w_mtp,3,65,12351,206.34,70,1725,9251,3,16
1784687904.454,real_q8_tensor_220w_mtp,0,67,12351,210.46,65,1815,9251,3,16
1784687904.454,real_q8_tensor_220w_mtp,1,100,12351,213.00,70,1740,9251,3,16
1784687904.454,real_q8_tensor_220w_mtp,2,100,12351,211.21,74,1785,9251,3,16
1784687904.454,real_q8_tensor_220w_mtp,3,65,12351,217.45,70,1740,9251,3,16
1784687905.029,real_q8_tensor_220w_mtp,0,100,12351,213.24,65,1815,9251,3,16
1784687905.029,real_q8_tensor_220w_mtp,1,100,12351,217.59,70,1710,9251,3,16
1784687905.029,real_q8_tensor_220w_mtp,2,100,12351,217.04,74,1740,9251,3,16
1784687905.029,real_q8_tensor_220w_mtp,3,100,12351,217.45,70,1740,9251,3,16
1784687905.600,real_q8_tensor_220w_mtp,0,100,12351,196.46,65,1785,9251,3,16
1784687905.600,real_q8_tensor_220w_mtp,1,100,12351,205.15,69,1710,9251,3,16
1784687905.600,real_q8_tensor_220w_mtp,2,100,12351,201.77,73,1755,9251,3,16
1784687905.600,real_q8_tensor_220w_mtp,3,100,12351,205.75,70,1725,9251,3,16
1784687906.196,real_q8_tensor_220w_mtp,0,100,12351,195.72,65,1785,9251,3,16
1784687906.196,real_q8_tensor_220w_mtp,1,100,12351,205.53,70,1710,9251,3,16
1784687906.196,real_q8_tensor_220w_mtp,2,100,12351,201.12,74,1770,9251,3,16
1784687906.196,real_q8_tensor_220w_mtp,3,100,12351,205.22,70,1740,9251,3,16
1784687906.781,real_q8_tensor_220w_mtp,0,100,12351,209.12,65,1785,9251,3,16
1784687906.781,real_q8_tensor_220w_mtp,1,66,12351,212.64,69,1710,9251,3,16
1784687906.781,real_q8_tensor_220w_mtp,2,65,12351,210.55,73,1755,9251,3,16
1784687906.781,real_q8_tensor_220w_mtp,3,100,12351,213.76,70,1725,9251,3,16
1784687907.352,real_q8_tensor_220w_mtp,0,26,12351,198.76,63,1920,9251,3,16
1784687907.352,real_q8_tensor_220w_mtp,1,66,12351,206.01,69,1905,9251,3,16
1784687907.352,real_q8_tensor_220w_mtp,2,65,12351,203.52,72,1890,9251,3,16
1784687907.352,real_q8_tensor_220w_mtp,3,16,12351,205.63,69,1920,9251,3,16
1784687907.913,real_q8_tensor_220w_mtp,0,26,12351,196.29,64,1785,9251,3,16
1784687907.913,real_q8_tensor_220w_mtp,1,83,12351,203.41,70,1695,9251,3,16
1784687907.913,real_q8_tensor_220w_mtp,2,78,12351,201.37,74,1740,9251,3,16
1784687907.913,real_q8_tensor_220w_mtp,3,16,12351,204.35,70,1725,9251,3,16
1784687908.508,real_q8_tensor_220w_mtp,0,100,12351,209.42,65,1815,9251,3,16
1784687908.508,real_q8_tensor_220w_mtp,1,100,12351,215.41,70,1710,9251,3,16
1784687908.508,real_q8_tensor_220w_mtp,2,81,12351,215.85,74,1755,9251,3,16
1784687908.508,real_q8_tensor_220w_mtp,3,100,12351,215.93,70,1740,9251,3,16
1784687909.103,real_q8_tensor_220w_mtp,0,100,12351,213.12,65,1800,9251,3,16
1784687909.103,real_q8_tensor_220w_mtp,1,100,12351,216.22,70,1710,9251,3,16
1784687909.103,real_q8_tensor_220w_mtp,2,100,12351,215.18,74,1740,9251,3,16
1784687909.103,real_q8_tensor_220w_mtp,3,100,12351,216.84,70,1725,9251,3,16
1784687909.688,real_q8_tensor_220w_mtp,0,100,12351,196.41,65,1785,9251,3,16
1784687909.688,real_q8_tensor_220w_mtp,1,100,12351,203.00,70,1710,9251,3,16
1784687909.688,real_q8_tensor_220w_mtp,2,100,12351,199.70,73,1770,9251,3,16
1784687909.688,real_q8_tensor_220w_mtp,3,100,12351,203.74,70,1725,9251,3,16
1784687910.259,real_q8_tensor_220w_mtp,0,100,12351,197.25,65,1830,9251,3,16
1784687910.259,real_q8_tensor_220w_mtp,1,100,12351,203.15,70,1710,9251,3,16
1784687910.259,real_q8_tensor_220w_mtp,2,100,12351,199.34,74,1770,9251,3,16
1784687910.259,real_q8_tensor_220w_mtp,3,100,12351,206.95,70,1770,9251,3,16
1784687910.825,real_q8_tensor_220w_mtp,0,92,12351,211.83,64,1770,9251,3,16
1784687910.825,real_q8_tensor_220w_mtp,1,100,12351,213.78,70,1665,9251,3,16
1784687910.825,real_q8_tensor_220w_mtp,2,100,12351,211.64,74,1740,9251,3,16
1784687910.825,real_q8_tensor_220w_mtp,3,77,12351,213.97,69,1710,9251,3,16
1784687911.395,real_q8_tensor_220w_mtp,0,92,12351,202.82,64,1920,9251,3,16
1784687911.395,real_q8_tensor_220w_mtp,1,34,12351,208.63,69,1875,9251,3,16
1784687911.395,real_q8_tensor_220w_mtp,2,33,12351,204.17,72,1890,9251,3,16
1784687911.395,real_q8_tensor_220w_mtp,3,77,12351,206.98,69,1890,9251,3,16
1784687911.957,real_q8_tensor_220w_mtp,0,64,12351,197.51,65,1770,9251,3,16
1784687911.957,real_q8_tensor_220w_mtp,1,34,12351,203.49,69,1680,9251,3,16
1784687911.957,real_q8_tensor_220w_mtp,2,33,12351,201.39,73,1740,9251,3,16
1784687911.957,real_q8_tensor_220w_mtp,3,64,12351,205.15,70,1695,9251,3,16
1784687912.527,real_q8_tensor_220w_mtp,0,83,12351,205.11,65,1785,9251,3,16
1784687912.527,real_q8_tensor_220w_mtp,1,100,12351,213.31,70,1710,9251,3,16
1784687912.527,real_q8_tensor_220w_mtp,2,100,12351,210.84,74,1755,9251,3,16
1784687912.527,real_q8_tensor_220w_mtp,3,87,12351,211.28,70,1725,9251,3,16
1784687913.101,real_q8_tensor_220w_mtp,0,100,12351,212.73,65,1800,9251,3,16
1784687913.101,real_q8_tensor_220w_mtp,1,100,12351,217.04,70,1755,9251,3,16
1784687913.101,real_q8_tensor_220w_mtp,2,100,12351,215.47,74,1785,9251,3,16
1784687913.101,real_q8_tensor_220w_mtp,3,100,12351,215.88,70,1725,9251,3,16
1784687913.675,real_q8_tensor_220w_mtp,0,100,12351,210.92,65,1785,9251,3,16
1784687913.675,real_q8_tensor_220w_mtp,1,33,12351,211.92,69,1860,9251,3,16
1784687913.675,real_q8_tensor_220w_mtp,2,34,12351,204.48,72,1890,9251,3,16
1784687913.675,real_q8_tensor_220w_mtp,3,38,12351,204.18,69,1710,9251,3,16
1784687914.305,real_q8_tensor_220w_mtp,0,92,12351,196.51,65,1785,9251,3,16
1784687914.305,real_q8_tensor_220w_mtp,1,100,12351,204.43,70,1695,9251,3,16
1784687914.305,real_q8_tensor_220w_mtp,2,100,12351,200.60,74,1740,9251,3,16
1784687914.305,real_q8_tensor_220w_mtp,3,77,12351,204.33,70,1725,9251,3,16
1784687914.882,real_q8_tensor_220w_mtp,0,97,12351,212.36,64,1905,9251,3,16
1784687914.882,real_q8_tensor_220w_mtp,1,100,12351,213.65,70,1890,9251,3,16
1784687914.882,real_q8_tensor_220w_mtp,2,100,12351,212.21,74,1875,9251,3,16
1784687914.882,real_q8_tensor_220w_mtp,3,80,12351,214.23,69,1890,9251,3,16
1784687915.470,real_q8_tensor_220w_mtp,0,97,12351,201.92,64,1920,9251,3,16
1784687915.470,real_q8_tensor_220w_mtp,1,33,12351,209.83,69,1860,9251,3,16
1784687915.470,real_q8_tensor_220w_mtp,2,32,12351,207.98,73,1890,9251,3,16
1784687915.470,real_q8_tensor_220w_mtp,3,80,12351,207.00,69,1920,9251,3,16
1784687916.032,real_q8_tensor_220w_mtp,0,100,12351,196.99,65,1890,9251,3,16
1784687916.032,real_q8_tensor_220w_mtp,1,100,12351,205.79,69,1860,9251,3,16
1784687916.032,real_q8_tensor_220w_mtp,2,95,12351,203.25,73,1830,9251,3,16
1784687916.032,real_q8_tensor_220w_mtp,3,100,12351,205.94,70,1875,9251,3,16
1784687916.597,real_q8_tensor_220w_mtp,0,100,12351,204.06,65,1815,9251,3,16
1784687916.597,real_q8_tensor_220w_mtp,1,64,12351,206.97,70,1695,9251,3,16
1784687916.597,real_q8_tensor_220w_mtp,2,100,12351,209.90,74,1770,9251,3,16
1784687916.597,real_q8_tensor_220w_mtp,3,100,12351,210.23,70,1740,9251,3,16
1784687917.165,real_q8_tensor_220w_mtp,0,100,12351,213.17,65,1830,9251,3,16
1784687917.165,real_q8_tensor_220w_mtp,1,64,12351,214.38,70,1695,9251,3,16
1784687917.165,real_q8_tensor_220w_mtp,2,100,12351,213.17,74,1770,9251,3,16
1784687917.165,real_q8_tensor_220w_mtp,3,100,12351,216.25,70,1725,9251,3,16
1784687917.735,real_q8_tensor_220w_mtp,0,100,12351,197.16,63,1770,9251,3,16
1784687917.735,real_q8_tensor_220w_mtp,1,53,12351,202.98,69,1710,9251,3,16
1784687917.735,real_q8_tensor_220w_mtp,2,48,12351,198.90,73,1770,9251,3,16
1784687917.735,real_q8_tensor_220w_mtp,3,100,12351,202.16,68,1725,9251,3,16
1784687918.303,real_q8_tensor_220w_mtp,0,100,12351,196.11,65,1785,9251,3,16
1784687918.303,real_q8_tensor_220w_mtp,1,53,12351,203.44,70,1710,9251,3,16
1784687918.303,real_q8_tensor_220w_mtp,2,48,12351,199.28,74,1740,9251,3,16
1784687918.303,real_q8_tensor_220w_mtp,3,100,12351,202.88,70,1710,9251,3,16
1784687918.874,real_q8_tensor_220w_mtp,0,100,12351,212.43,65,1770,9251,3,16
1784687918.874,real_q8_tensor_220w_mtp,1,100,12351,216.43,70,1680,9251,3,16
1784687918.874,real_q8_tensor_220w_mtp,2,100,12351,214.63,74,1740,9251,3,16
1784687918.874,real_q8_tensor_220w_mtp,3,100,12351,215.66,70,1695,9251,3,16
1784687919.443,real_q8_tensor_220w_mtp,0,100,12351,213.04,65,1800,9251,3,16
1784687919.443,real_q8_tensor_220w_mtp,1,100,12351,216.53,70,1665,9251,3,16
1784687919.443,real_q8_tensor_220w_mtp,2,100,12351,214.63,74,1725,9251,3,16
1784687919.443,real_q8_tensor_220w_mtp,3,96,12351,216.15,70,1695,9251,3,16
1784687920.007,real_q8_tensor_220w_mtp,0,100,12351,196.39,65,1785,9251,3,16
1784687920.007,real_q8_tensor_220w_mtp,1,100,12351,202.81,70,1725,9251,3,16
1784687920.007,real_q8_tensor_220w_mtp,2,100,12351,200.12,74,1725,9251,3,16
1784687920.007,real_q8_tensor_220w_mtp,3,100,12351,204.24,70,1755,9251,3,16
1784687920.577,real_q8_tensor_220w_mtp,0,100,12351,197.52,66,1770,9251,3,16
1784687920.577,real_q8_tensor_220w_mtp,1,100,12351,207.55,70,1680,9251,3,16
1784687920.577,real_q8_tensor_220w_mtp,2,100,12351,204.57,74,1725,9251,3,16
1784687920.577,real_q8_tensor_220w_mtp,3,100,12351,204.24,70,1710,9251,3,16
1784687921.170,real_q8_tensor_220w_mtp,0,100,12351,210.01,65,1875,9251,3,16
1784687921.170,real_q8_tensor_220w_mtp,1,90,12351,215.46,69,1665,9251,3,16
1784687921.170,real_q8_tensor_220w_mtp,2,92,12351,213.80,73,1875,9251,3,16
1784687921.170,real_q8_tensor_220w_mtp,3,100,12351,212.29,70,1695,9251,3,16
1784687921.738,real_q8_tensor_220w_mtp,0,37,12351,208.86,64,1920,9251,3,16
1784687921.738,real_q8_tensor_220w_mtp,1,90,12351,207.38,69,1875,9251,3,16
1784687921.738,real_q8_tensor_220w_mtp,2,92,12351,204.63,72,1890,9251,3,16
1784687921.738,real_q8_tensor_220w_mtp,3,22,12351,209.34,69,1905,9251,3,16
1784687922.297,real_q8_tensor_220w_mtp,0,37,12351,201.15,65,1815,9251,3,16
1784687922.297,real_q8_tensor_220w_mtp,1,100,12351,203.37,70,1680,9251,3,16
1784687922.297,real_q8_tensor_220w_mtp,2,86,12351,201.10,74,1710,9251,3,16
1784687922.297,real_q8_tensor_220w_mtp,3,22,12351,206.42,70,1695,9251,3,16
1784687922.858,real_q8_tensor_220w_mtp,0,63,12351,203.42,65,1815,9251,3,16
1784687922.858,real_q8_tensor_220w_mtp,1,100,12351,206.53,70,1665,9251,3,16
1784687922.858,real_q8_tensor_220w_mtp,2,86,12351,204.11,73,1710,9251,3,16
1784687922.858,real_q8_tensor_220w_mtp,3,65,12351,211.04,70,1725,9251,3,16
1784687923.426,real_q8_tensor_220w_mtp,0,63,12351,209.37,65,1770,9251,3,16
1784687923.426,real_q8_tensor_220w_mtp,1,100,12351,214.21,70,1665,9251,3,16
1784687923.426,real_q8_tensor_220w_mtp,2,100,12351,212.01,74,1725,9251,3,16
1784687923.426,real_q8_tensor_220w_mtp,3,65,12351,212.91,70,1695,9251,3,16
1784687923.995,real_q8_tensor_220w_mtp,0,29,12351,200.07,63,1920,9251,3,16
1784687923.995,real_q8_tensor_220w_mtp,1,100,12351,209.13,69,1905,9251,3,16
1784687923.995,real_q8_tensor_220w_mtp,2,100,12351,196.17,73,1890,9251,3,16
1784687923.995,real_q8_tensor_220w_mtp,3,18,12351,203.43,68,1920,9251,3,16
1784687924.562,real_q8_tensor_220w_mtp,0,93,12351,195.44,64,1815,9251,3,16
1784687924.562,real_q8_tensor_220w_mtp,1,81,12351,201.35,70,1665,9251,3,16
1784687924.562,real_q8_tensor_220w_mtp,2,100,12351,197.68,74,1710,9251,3,16
1784687924.562,real_q8_tensor_220w_mtp,3,90,12351,202.09,70,1740,9251,3,16
1784687925.133,real_q8_tensor_220w_mtp,0,100,12351,206.89,65,1770,9251,3,16
1784687925.133,real_q8_tensor_220w_mtp,1,100,12351,215.64,70,1680,9251,3,16
1784687925.133,real_q8_tensor_220w_mtp,2,100,12351,214.73,74,1710,9251,3,16
1784687925.133,real_q8_tensor_220w_mtp,3,90,12351,215.09,70,1710,9251,3,16
1784687925.702,real_q8_tensor_220w_mtp,0,100,12351,210.73,65,1785,9251,3,16
1784687925.702,real_q8_tensor_220w_mtp,1,100,12351,215.03,70,1725,9251,3,16
1784687925.702,real_q8_tensor_220w_mtp,2,100,12351,213.53,74,1755,9251,3,16
1784687925.702,real_q8_tensor_220w_mtp,3,100,12351,215.09,70,1680,9251,3,16
1784687926.270,real_q8_tensor_220w_mtp,0,90,12351,194.98,65,1755,9251,3,16
1784687926.270,real_q8_tensor_220w_mtp,1,64,12351,201.35,69,1665,9251,3,16
1784687926.270,real_q8_tensor_220w_mtp,2,100,12351,197.86,73,1725,9251,3,16
1784687926.270,real_q8_tensor_220w_mtp,3,100,12351,202.93,70,1680,9251,3,16
1784687926.869,real_q8_tensor_220w_mtp,0,90,12351,196.18,65,1800,9251,3,16
1784687926.869,real_q8_tensor_220w_mtp,1,64,12351,201.31,70,1665,9251,3,16
1784687926.869,real_q8_tensor_220w_mtp,2,100,12351,197.26,74,1725,9251,3,16
1784687926.869,real_q8_tensor_220w_mtp,3,100,12351,202.86,70,1695,9251,3,16
1784687927.463,real_q8_tensor_220w_mtp,0,100,12351,214.87,65,1785,9251,3,16
1784687927.463,real_q8_tensor_220w_mtp,1,100,12351,214.48,70,1650,9251,3,16
1784687927.463,real_q8_tensor_220w_mtp,2,100,12351,213.05,74,1725,9251,3,16
1784687927.463,real_q8_tensor_220w_mtp,3,100,12351,215.45,70,1680,9251,3,16
1784687928.033,real_q8_tensor_220w_mtp,0,100,12351,214.22,65,1890,9251,3,16
1784687928.033,real_q8_tensor_220w_mtp,1,100,12351,213.91,69,1845,9251,3,16
1784687928.033,real_q8_tensor_220w_mtp,2,95,12351,212.46,73,1830,9251,3,16
1784687928.033,real_q8_tensor_220w_mtp,3,100,12351,215.02,70,1875,9251,3,16
1784687928.594,real_q8_tensor_220w_mtp,0,100,12351,194.53,65,1755,9251,3,16
1784687928.594,real_q8_tensor_220w_mtp,1,100,12351,201.74,70,1650,9251,3,16
1784687928.594,real_q8_tensor_220w_mtp,2,100,12351,197.04,74,1710,9251,3,16
1784687928.594,real_q8_tensor_220w_mtp,3,100,12351,201.54,70,1680,9251,3,16
1784687929.164,real_q8_tensor_220w_mtp,0,100,12351,198.75,65,1770,9251,3,16
1784687929.164,real_q8_tensor_220w_mtp,1,100,12351,202.16,70,1665,9251,3,16
1784687929.164,real_q8_tensor_220w_mtp,2,100,12351,197.81,74,1695,9251,3,16
1784687929.164,real_q8_tensor_220w_mtp,3,100,12351,205.74,70,1665,9251,3,16
1784687929.734,real_q8_tensor_220w_mtp,0,100,12351,213.51,65,1875,9251,3,16
1784687929.734,real_q8_tensor_220w_mtp,1,90,12351,214.14,69,1845,9251,3,16
1784687929.734,real_q8_tensor_220w_mtp,2,93,12351,213.00,74,1815,9251,3,16
1784687929.734,real_q8_tensor_220w_mtp,3,100,12351,214.19,70,1860,9251,3,16
1784687930.295,real_q8_tensor_220w_mtp,0,100,12351,207.72,64,1920,9251,3,16
1784687930.295,real_q8_tensor_220w_mtp,1,90,12351,211.97,69,1860,9251,3,16
1784687930.295,real_q8_tensor_220w_mtp,2,93,12351,203.40,72,1860,9251,3,16
1784687930.295,real_q8_tensor_220w_mtp,3,25,12351,208.38,69,1875,9251,3,16
1784687930.856,real_q8_tensor_220w_mtp,0,100,12351,197.61,65,1740,9251,3,16
1784687930.856,real_q8_tensor_220w_mtp,1,100,12351,198.96,70,1650,9251,3,16
1784687930.856,real_q8_tensor_220w_mtp,2,100,12351,195.25,74,1710,9251,3,16
1784687930.856,real_q8_tensor_220w_mtp,3,25,12351,203.17,70,1680,9251,3,16
1784687931.426,real_q8_tensor_220w_mtp,0,100,12351,202.69,65,1845,9251,3,16
1784687931.426,real_q8_tensor_220w_mtp,1,100,12351,207.52,70,1785,9251,3,16
1784687931.426,real_q8_tensor_220w_mtp,2,100,12351,204.31,74,1740,9251,3,16
1784687931.426,real_q8_tensor_220w_mtp,3,76,12351,207.80,70,1815,9251,3,16
1784687932.005,real_q8_tensor_220w_mtp,0,75,12351,208.49,64,1800,9251,3,16
1784687932.005,real_q8_tensor_220w_mtp,1,59,12351,211.85,69,1635,9251,3,16
1784687932.005,real_q8_tensor_220w_mtp,2,60,12351,209.06,73,1695,9251,3,16
1784687932.005,real_q8_tensor_220w_mtp,3,80,12351,210.58,70,1725,9251,3,16
1784687932.579,real_q8_tensor_220w_mtp,0,77,12351,202.52,64,1920,9251,3,16
1784687932.579,real_q8_tensor_220w_mtp,1,59,12351,206.70,69,1890,9251,3,16
1784687932.579,real_q8_tensor_220w_mtp,2,60,12351,204.32,73,1890,9251,3,16
1784687932.579,real_q8_tensor_220w_mtp,3,37,12351,206.69,69,1920,9251,3,16
1784687933.140,real_q8_tensor_220w_mtp,0,100,12351,197.05,65,1755,9251,3,16
1784687933.140,real_q8_tensor_220w_mtp,1,100,12351,202.35,70,1680,9251,3,16
1784687933.140,real_q8_tensor_220w_mtp,2,100,12351,199.50,74,1755,9251,3,16
1784687933.140,real_q8_tensor_220w_mtp,3,37,12351,202.45,70,1695,9251,3,16
1784687933.706,real_q8_tensor_220w_mtp,0,100,12351,204.57,65,1905,9251,3,16
1784687933.706,real_q8_tensor_220w_mtp,1,100,12351,207.11,70,1875,9251,3,16
1784687933.706,real_q8_tensor_220w_mtp,2,100,12351,204.82,74,1860,9251,3,16
1784687933.706,real_q8_tensor_220w_mtp,3,86,12351,208.57,69,1890,9251,3,16
1784687934.273,real_q8_tensor_220w_mtp,0,69,12351,209.15,65,1770,9251,3,16
1784687934.273,real_q8_tensor_220w_mtp,1,58,12351,211.30,70,1635,9251,3,16
1784687934.273,real_q8_tensor_220w_mtp,2,59,12351,209.96,74,1695,9251,3,16
1784687934.273,real_q8_tensor_220w_mtp,3,86,12351,211.68,70,1665,9251,3,16
1784687934.854,real_q8_tensor_220w_mtp,0,35,12351,200.69,64,1920,9251,3,16
1784687934.854,real_q8_tensor_220w_mtp,1,60,12351,208.33,69,1860,9251,3,16
1784687934.854,real_q8_tensor_220w_mtp,2,30,12351,206.18,73,1875,9251,3,16
1784687934.854,real_q8_tensor_220w_mtp,3,37,12351,205.62,69,1905,9251,3,16
1784687935.417,real_q8_tensor_220w_mtp,0,100,12351,197.60,65,1845,9251,3,16
1784687935.417,real_q8_tensor_220w_mtp,1,86,12351,200.10,70,1785,9251,3,16
1784687935.417,real_q8_tensor_220w_mtp,2,84,12351,197.29,74,1800,9251,3,16
1784687935.417,real_q8_tensor_220w_mtp,3,37,12351,203.66,70,1800,9251,3,16
1784687935.976,real_q8_tensor_220w_mtp,0,100,12351,205.13,65,1800,9251,3,16
1784687935.976,real_q8_tensor_220w_mtp,1,86,12351,206.29,69,1665,9251,3,16
1784687935.976,real_q8_tensor_220w_mtp,2,84,12351,202.95,72,1755,9251,3,16
1784687935.976,real_q8_tensor_220w_mtp,3,58,12351,209.35,70,1725,9251,3,16
1784687936.546,real_q8_tensor_220w_mtp,0,100,12351,213.70,65,1770,9251,3,16
1784687936.546,real_q8_tensor_220w_mtp,1,100,12351,212.72,70,1635,9251,3,16
1784687936.546,real_q8_tensor_220w_mtp,2,98,12351,210.21,74,1680,9251,3,16
1784687936.546,real_q8_tensor_220w_mtp,3,80,12351,214.57,70,1665,9251,3,16
1784687937.140,real_q8_tensor_220w_mtp,0,100,12351,195.66,64,1920,9251,3,16
1784687937.140,real_q8_tensor_220w_mtp,1,100,12351,203.93,68,1890,9251,3,16
1784687937.140,real_q8_tensor_220w_mtp,2,98,12351,200.51,72,1890,9251,3,16
1784687937.140,real_q8_tensor_220w_mtp,3,39,12351,199.50,68,1920,9251,3,16
1784687937.699,real_q8_tensor_220w_mtp,0,89,12351,194.41,64,1905,9251,3,16
1784687937.699,real_q8_tensor_220w_mtp,1,100,12351,199.16,70,1875,9251,3,16
1784687937.699,real_q8_tensor_220w_mtp,2,58,12351,195.15,74,1875,9251,3,16
1784687937.699,real_q8_tensor_220w_mtp,3,39,12351,199.87,69,1650,9251,3,16
1784687938.267,real_q8_tensor_220w_mtp,0,89,12351,209.69,65,1755,9251,3,16
1784687938.267,real_q8_tensor_220w_mtp,1,100,12351,214.73,70,1665,9251,3,16
1784687938.267,real_q8_tensor_220w_mtp,2,58,12351,213.65,74,1695,9251,3,16
1784687938.267,real_q8_tensor_220w_mtp,3,96,12351,213.76,70,1680,9251,3,16
1784687938.881,real_q8_tensor_220w_mtp,0,100,12351,212.64,65,1785,9251,3,16
1784687938.881,real_q8_tensor_220w_mtp,1,100,12351,213.79,70,1710,9251,3,16
1784687938.881,real_q8_tensor_220w_mtp,2,100,12351,212.68,74,1680,9251,3,16
1784687938.881,real_q8_tensor_220w_mtp,3,96,12351,214.47,70,1740,9251,3,16
1784687939.450,real_q8_tensor_220w_mtp,0,100,12351,190.62,64,1920,9251,3,16
1784687939.450,real_q8_tensor_220w_mtp,1,100,12351,199.82,67,1905,9251,3,16
1784687939.450,real_q8_tensor_220w_mtp,2,100,12351,196.57,71,1890,9251,3,16
1784687939.450,real_q8_tensor_220w_mtp,3,24,12351,197.49,69,1920,9251,3,16
1784687940.016,real_q8_tensor_220w_mtp,0,57,12351,190.42,65,1800,9251,3,16
1784687940.016,real_q8_tensor_220w_mtp,1,79,12351,198.75,69,1650,9251,3,16
1784687940.016,real_q8_tensor_220w_mtp,2,76,12351,193.48,74,1725,9251,3,16
1784687940.016,real_q8_tensor_220w_mtp,3,79,12351,198.52,70,1695,9251,3,16
1784687940.586,real_q8_tensor_220w_mtp,0,79,12351,213.34,65,1740,9251,3,16
1784687940.586,real_q8_tensor_220w_mtp,1,79,12351,213.79,70,1695,9251,3,16
1784687940.586,real_q8_tensor_220w_mtp,2,76,12351,211.10,74,1710,9251,3,16
1784687940.586,real_q8_tensor_220w_mtp,3,100,12351,214.32,70,1665,9251,3,16
1784687941.198,real_q8_tensor_220w_mtp,0,100,12351,211.53,65,1785,9251,3,16
1784687941.198,real_q8_tensor_220w_mtp,1,100,12351,213.72,70,1710,9251,3,16
1784687941.198,real_q8_tensor_220w_mtp,2,100,12351,211.89,74,1680,9251,3,16
1784687941.198,real_q8_tensor_220w_mtp,3,100,12351,214.49,70,1740,9251,3,16
1784687941.769,real_q8_tensor_220w_mtp,0,100,12351,190.69,64,1725,9251,3,16
1784687941.769,real_q8_tensor_220w_mtp,1,100,12351,197.55,68,1620,9251,3,16
1784687941.769,real_q8_tensor_220w_mtp,2,100,12351,193.74,71,1680,9251,3,16
1784687941.769,real_q8_tensor_220w_mtp,3,53,12351,198.61,69,1650,9251,3,16
1784687942.337,real_q8_tensor_220w_mtp,0,100,12351,191.18,65,1755,9251,3,16
1784687942.337,real_q8_tensor_220w_mtp,1,100,12351,198.57,70,1695,9251,3,16
1784687942.337,real_q8_tensor_220w_mtp,2,98,12351,194.27,74,1680,9251,3,16
1784687942.337,real_q8_tensor_220w_mtp,3,53,12351,198.43,70,1665,9251,3,16
1784687942.906,real_q8_tensor_220w_mtp,0,100,12351,211.34,65,1755,9251,3,16
1784687942.906,real_q8_tensor_220w_mtp,1,100,12351,213.35,70,1710,9251,3,16
1784687942.906,real_q8_tensor_220w_mtp,2,98,12351,211.90,74,1710,9251,3,16
1784687942.906,real_q8_tensor_220w_mtp,3,100,12351,214.14,70,1710,9251,3,16
1784687943.474,real_q8_tensor_220w_mtp,0,100,12351,211.29,65,1785,9251,3,16
1784687943.474,real_q8_tensor_220w_mtp,1,100,12351,214.05,70,1650,9251,3,16
1784687943.474,real_q8_tensor_220w_mtp,2,100,12351,212.46,74,1680,9251,3,16
1784687943.474,real_q8_tensor_220w_mtp,3,100,12351,214.53,70,1665,9251,3,16
1784687944.042,real_q8_tensor_220w_mtp,0,36,12351,190.70,64,1740,9251,3,16
1784687944.042,real_q8_tensor_220w_mtp,1,36,12351,195.84,68,1680,9251,3,16
1784687944.042,real_q8_tensor_220w_mtp,2,26,12351,191.95,72,1695,9251,3,16
1784687944.042,real_q8_tensor_220w_mtp,3,65,12351,197.23,69,1680,9251,3,16
1784687944.637,real_q8_tensor_220w_mtp,0,56,12351,190.73,65,1815,9251,3,16
1784687944.637,real_q8_tensor_220w_mtp,1,100,12351,197.12,69,1680,9251,3,16
1784687944.637,real_q8_tensor_220w_mtp,2,100,12351,192.86,74,1740,9251,3,16
1784687944.637,real_q8_tensor_220w_mtp,3,65,12351,196.69,70,1665,9251,3,16
1784687945.205,real_q8_tensor_220w_mtp,0,78,12351,211.85,65,1740,9251,3,16
1784687945.205,real_q8_tensor_220w_mtp,1,78,12351,213.46,70,1695,9251,3,16
1784687945.205,real_q8_tensor_220w_mtp,2,100,12351,211.83,74,1755,9251,3,16
1784687945.205,real_q8_tensor_220w_mtp,3,100,12351,213.98,70,1680,9251,3,16
1784687945.794,real_q8_tensor_220w_mtp,0,100,12351,213.01,65,1740,9251,3,16
1784687945.794,real_q8_tensor_220w_mtp,1,100,12351,214.90,70,1650,9251,3,16
1784687945.794,real_q8_tensor_220w_mtp,2,100,12351,213.00,74,1710,9251,3,16
1784687945.794,real_q8_tensor_220w_mtp,3,100,12351,214.17,70,1665,9251,3,16
1784687946.391,real_q8_tensor_220w_mtp,0,100,12351,191.93,64,1770,9251,3,16
1784687946.391,real_q8_tensor_220w_mtp,1,100,12351,196.53,69,1635,9251,3,16
1784687946.391,real_q8_tensor_220w_mtp,2,100,12351,193.21,73,1665,9251,3,16
1784687946.391,real_q8_tensor_220w_mtp,3,59,12351,198.03,69,1665,9251,3,16
1784687946.960,real_q8_tensor_220w_mtp,0,100,12351,191.50,65,1755,9251,3,16
1784687946.960,real_q8_tensor_220w_mtp,1,100,12351,195.43,70,1710,9251,3,16
1784687946.960,real_q8_tensor_220w_mtp,2,98,12351,193.11,74,1725,9251,3,16
1784687946.960,real_q8_tensor_220w_mtp,3,59,12351,196.74,70,1695,9251,3,16
1784687947.554,real_q8_tensor_220w_mtp,0,78,12351,210.93,65,1785,9251,3,16
1784687947.554,real_q8_tensor_220w_mtp,1,100,12351,213.30,70,1710,9251,3,16
1784687947.554,real_q8_tensor_220w_mtp,2,77,12351,212.79,74,1740,9251,3,16
1784687947.554,real_q8_tensor_220w_mtp,3,100,12351,213.65,70,1665,9251,3,16
1784687948.127,real_q8_tensor_220w_mtp,0,100,12351,212.01,65,1740,9251,3,16
1784687948.127,real_q8_tensor_220w_mtp,1,100,12351,213.06,70,1620,9251,3,16
1784687948.127,real_q8_tensor_220w_mtp,2,100,12351,211.80,74,1665,9251,3,16
1784687948.127,real_q8_tensor_220w_mtp,3,100,12351,213.91,70,1665,9251,3,16
1784687948.719,real_q8_tensor_220w_mtp,0,100,12351,190.79,64,1725,9251,3,16
1784687948.719,real_q8_tensor_220w_mtp,1,100,12351,196.72,69,1620,9251,3,16
1784687948.719,real_q8_tensor_220w_mtp,2,100,12351,193.94,73,1695,9251,3,16
1784687948.719,real_q8_tensor_220w_mtp,3,100,12351,199.12,69,1650,9251,3,16
1784687949.311,real_q8_tensor_220w_mtp,0,100,12351,191.27,65,1785,9251,3,16
1784687949.311,real_q8_tensor_220w_mtp,1,100,12351,196.00,70,1710,9251,3,16
1784687949.311,real_q8_tensor_220w_mtp,2,100,12351,194.16,74,1665,9251,3,16
1784687949.311,real_q8_tensor_220w_mtp,3,100,12351,198.90,70,1710,9251,3,16
1784687949.906,real_q8_tensor_220w_mtp,0,100,12351,210.70,65,1740,9251,3,16
1784687949.906,real_q8_tensor_220w_mtp,1,100,12351,213.47,70,1650,9251,3,16
1784687949.906,real_q8_tensor_220w_mtp,2,100,12351,211.72,74,1665,9251,3,16
1784687949.906,real_q8_tensor_220w_mtp,3,100,12351,213.81,70,1665,9251,3,16
1784687950.498,real_q8_tensor_220w_mtp,0,100,12351,210.52,65,1740,9251,3,16
1784687950.498,real_q8_tensor_220w_mtp,1,100,12351,214.39,70,1620,9251,3,16
1784687950.498,real_q8_tensor_220w_mtp,2,100,12351,211.67,74,1680,9251,3,16
1784687950.498,real_q8_tensor_220w_mtp,3,100,12351,212.92,70,1650,9251,3,16
1784687951.070,real_q8_tensor_220w_mtp,0,45,12351,190.30,65,1725,9251,3,16
1784687951.070,real_q8_tensor_220w_mtp,1,31,12351,196.57,69,1635,9251,3,16
1784687951.070,real_q8_tensor_220w_mtp,2,32,12351,191.85,73,1680,9251,3,16
1784687951.070,real_q8_tensor_220w_mtp,3,100,12351,197.92,69,1650,9251,3,16
1784687951.642,real_q8_tensor_220w_mtp,0,100,12351,190.02,65,1740,9251,3,16
1784687951.642,real_q8_tensor_220w_mtp,1,100,12351,195.45,70,1620,9251,3,16
1784687951.642,real_q8_tensor_220w_mtp,2,100,12351,191.38,74,1665,9251,3,16
1784687951.642,real_q8_tensor_220w_mtp,3,100,12351,198.13,70,1650,9251,3,16
1784687952.210,real_q8_tensor_220w_mtp,0,100,12351,210.70,65,1785,9251,3,16
1784687952.210,real_q8_tensor_220w_mtp,1,100,12351,212.99,70,1620,9251,3,16
1784687952.210,real_q8_tensor_220w_mtp,2,100,12351,210.99,74,1680,9251,3,16
1784687952.210,real_q8_tensor_220w_mtp,3,100,12351,213.80,70,1680,9251,3,16
1784687952.778,real_q8_tensor_220w_mtp,0,100,12351,211.07,65,1725,9251,3,16
1784687952.778,real_q8_tensor_220w_mtp,1,100,12351,213.20,70,1620,9251,3,16
1784687952.778,real_q8_tensor_220w_mtp,2,100,12351,211.21,74,1680,9251,3,16
1784687952.778,real_q8_tensor_220w_mtp,3,100,12351,213.81,70,1650,9251,3,16
1784687953.369,real_q8_tensor_220w_mtp,0,100,12351,187.76,64,1695,9251,3,16
1784687953.369,real_q8_tensor_220w_mtp,1,100,12351,193.67,67,1590,9251,3,16
1784687953.369,real_q8_tensor_220w_mtp,2,100,12351,191.87,71,1665,9251,3,16
1784687953.369,real_q8_tensor_220w_mtp,3,100,12351,195.82,69,1620,9251,3,16
1784687953.937,real_q8_tensor_220w_mtp,0,100,12351,189.14,65,1725,9251,3,16
1784687953.937,real_q8_tensor_220w_mtp,1,68,12351,191.45,70,1680,9251,3,16
1784687953.937,real_q8_tensor_220w_mtp,2,71,12351,190.29,74,1740,9251,3,16
1784687953.937,real_q8_tensor_220w_mtp,3,100,12351,195.12,70,1665,9251,3,16
1784687954.530,real_q8_tensor_220w_mtp,0,77,12351,210.50,65,1725,9251,3,16
1784687954.530,real_q8_tensor_220w_mtp,1,83,12351,213.70,70,1620,9251,3,16
1784687954.530,real_q8_tensor_220w_mtp,2,77,12351,210.90,74,1665,9251,3,16
1784687954.530,real_q8_tensor_220w_mtp,3,100,12351,213.26,70,1650,9251,3,16
1784687955.102,real_q8_tensor_220w_mtp,0,100,12351,211.20,65,1725,9251,3,16
1784687955.102,real_q8_tensor_220w_mtp,1,100,12351,213.22,70,1620,9251,3,16
1784687955.102,real_q8_tensor_220w_mtp,2,100,12351,211.34,74,1665,9251,3,16
1784687955.102,real_q8_tensor_220w_mtp,3,100,12351,213.78,70,1725,9251,3,16
1784687955.724,real_q8_tensor_220w_mtp,0,28,12351,188.75,63,1710,9251,3,16
1784687955.724,real_q8_tensor_220w_mtp,1,23,12351,193.89,68,1560,9251,3,16
1784687955.724,real_q8_tensor_220w_mtp,2,37,12351,188.99,72,1650,9251,3,16
1784687955.724,real_q8_tensor_220w_mtp,3,39,12351,196.13,69,1635,9251,3,16
1784687956.325,real_q8_tensor_220w_mtp,0,100,12351,188.00,65,1710,9251,3,16
1784687956.325,real_q8_tensor_220w_mtp,1,86,12351,195.04,69,1635,9251,3,16
1784687956.325,real_q8_tensor_220w_mtp,2,81,12351,190.72,73,1680,9251,3,16
1784687956.325,real_q8_tensor_220w_mtp,3,100,12351,195.42,70,1650,9251,3,16
1784687956.919,real_q8_tensor_220w_mtp,0,100,12351,209.84,65,1785,9251,3,16
1784687956.919,real_q8_tensor_220w_mtp,1,86,12351,212.92,70,1665,9251,3,16
1784687956.919,real_q8_tensor_220w_mtp,2,81,12351,211.10,74,1665,9251,3,16
1784687956.919,real_q8_tensor_220w_mtp,3,100,12351,212.99,70,1725,9251,3,16
1784687957.487,real_q8_tensor_220w_mtp,0,100,12351,210.07,65,1710,9251,3,16
1784687957.487,real_q8_tensor_220w_mtp,1,100,12351,213.26,70,1635,9251,3,16
1784687957.487,real_q8_tensor_220w_mtp,2,100,12351,211.95,74,1680,9251,3,16
1784687957.487,real_q8_tensor_220w_mtp,3,100,12351,213.88,70,1650,9251,3,16
1784687958.057,real_q8_tensor_220w_mtp,0,29,12351,192.62,63,1920,9251,3,16
1784687958.057,real_q8_tensor_220w_mtp,1,27,12351,200.45,68,1905,9251,3,16
1784687958.057,real_q8_tensor_220w_mtp,2,33,12351,190.10,73,1875,9251,3,16
1784687958.057,real_q8_tensor_220w_mtp,3,33,12351,198.06,68,1920,9251,3,16
1784687958.648,real_q8_tensor_220w_mtp,0,54,12351,186.61,65,1830,9251,3,16
1784687958.648,real_q8_tensor_220w_mtp,1,65,12351,193.55,69,1605,9251,3,16
1784687958.648,real_q8_tensor_220w_mtp,2,70,12351,190.90,72,1635,9251,3,16
1784687958.648,real_q8_tensor_220w_mtp,3,53,12351,195.89,70,1650,9251,3,16
1784687959.218,real_q8_tensor_220w_mtp,0,54,12351,209.21,65,1785,9251,3,16
1784687959.218,real_q8_tensor_220w_mtp,1,65,12351,214.05,70,1605,9251,3,16
1784687959.218,real_q8_tensor_220w_mtp,2,70,12351,212.28,73,1650,9251,3,16
1784687959.218,real_q8_tensor_220w_mtp,3,53,12351,212.56,70,1680,9251,3,16
1784687959.811,real_q8_tensor_220w_mtp,0,89,12351,211.03,65,1710,9251,3,16
1784687959.811,real_q8_tensor_220w_mtp,1,100,12351,212.72,70,1605,9251,3,16
1784687959.811,real_q8_tensor_220w_mtp,2,100,12351,211.37,74,1665,9251,3,16
1784687959.811,real_q8_tensor_220w_mtp,3,100,12351,212.78,70,1635,9251,3,16
1784687960.382,real_q8_tensor_220w_mtp,0,89,12351,199.99,64,1905,9251,3,16
1784687960.382,real_q8_tensor_220w_mtp,1,100,12351,206.18,68,1860,9251,3,16
1784687960.382,real_q8_tensor_220w_mtp,2,100,12351,196.92,72,1830,9251,3,16
1784687960.382,real_q8_tensor_220w_mtp,3,100,12351,204.12,68,1890,9251,3,16
1784687960.942,real_q8_tensor_220w_mtp,0,100,12351,191.17,65,1785,9251,3,16
1784687960.942,real_q8_tensor_220w_mtp,1,100,12351,197.74,70,1620,9251,3,16
1784687960.942,real_q8_tensor_220w_mtp,2,100,12351,194.24,74,1665,9251,3,16
1784687960.942,real_q8_tensor_220w_mtp,3,100,12351,199.08,70,1680,9251,3,16
1784687961.509,real_q8_tensor_220w_mtp,0,100,12351,203.90,65,1815,9251,3,16
1784687961.509,real_q8_tensor_220w_mtp,1,96,12351,209.40,69,1800,9251,3,16
1784687961.509,real_q8_tensor_220w_mtp,2,100,12351,208.43,73,1800,9251,3,16
1784687961.509,real_q8_tensor_220w_mtp,3,77,12351,208.68,70,1800,9251,3,16
1784687962.099,real_q8_tensor_220w_mtp,0,87,12351,208.05,64,1740,9251,3,16
1784687962.099,real_q8_tensor_220w_mtp,1,53,12351,212.62,70,1575,9251,3,16
1784687962.099,real_q8_tensor_220w_mtp,2,52,12351,207.74,74,1875,9251,3,16
1784687962.099,real_q8_tensor_220w_mtp,3,68,12351,209.41,69,1620,9251,3,16
1784687962.669,real_q8_tensor_220w_mtp,0,87,12351,206.15,64,1875,9251,3,16
1784687962.669,real_q8_tensor_220w_mtp,1,53,12351,207.93,68,1815,9251,3,16
1784687962.669,real_q8_tensor_220w_mtp,2,52,12351,204.53,72,1830,9251,3,16
1784687962.669,real_q8_tensor_220w_mtp,3,68,12351,210.43,68,1830,9251,3,16
1784687963.228,real_q8_tensor_220w_mtp,0,100,12351,190.56,65,1740,9251,3,16
1784687963.228,real_q8_tensor_220w_mtp,1,100,12351,197.11,69,1695,9251,3,16
1784687963.228,real_q8_tensor_220w_mtp,2,100,12351,193.41,73,1725,9251,3,16
1784687963.228,real_q8_tensor_220w_mtp,3,100,12351,197.65,70,1635,9251,3,16
1784687963.801,real_q8_tensor_220w_mtp,0,100,12351,192.90,65,1725,9251,3,16
1784687963.801,real_q8_tensor_220w_mtp,1,100,12351,202.30,70,1695,9251,3,16
1784687963.801,real_q8_tensor_220w_mtp,2,100,12351,199.77,74,1680,9251,3,16
1784687963.801,real_q8_tensor_220w_mtp,3,100,12351,201.49,70,1695,9251,3,16
1784687964.369,real_q8_tensor_220w_mtp,0,100,12351,209.37,65,1770,9251,3,16
1784687964.369,real_q8_tensor_220w_mtp,1,100,12351,212.09,70,1650,9251,3,16
1784687964.369,real_q8_tensor_220w_mtp,2,100,12351,210.42,74,1710,9251,3,16
1784687964.369,real_q8_tensor_220w_mtp,3,100,12351,212.98,70,1665,9251,3,16
1784687964.940,real_q8_tensor_220w_mtp,0,100,12351,208.89,65,1710,9251,3,16
1784687964.940,real_q8_tensor_220w_mtp,1,100,12351,212.93,70,1620,9251,3,16
1784687964.940,real_q8_tensor_220w_mtp,2,100,12351,210.71,74,1650,9251,3,16
1784687964.940,real_q8_tensor_220w_mtp,3,100,12351,212.34,70,1650,9251,3,16
1784687965.529,real_q8_tensor_220w_mtp,0,100,12351,185.75,65,1770,9251,3,16
1784687965.529,real_q8_tensor_220w_mtp,1,100,12351,192.90,69,1695,9251,3,16
1784687965.529,real_q8_tensor_220w_mtp,2,100,12351,188.21,73,1650,9251,3,16
1784687965.529,real_q8_tensor_220w_mtp,3,100,12351,193.42,69,1725,9251,3,16
1784687966.124,real_q8_tensor_220w_mtp,0,100,12351,191.39,65,1785,9251,3,16
1784687966.124,real_q8_tensor_220w_mtp,1,100,12351,195.04,70,1605,9251,3,16
1784687966.124,real_q8_tensor_220w_mtp,2,100,12351,190.07,74,1695,9251,3,16
1784687966.124,real_q8_tensor_220w_mtp,3,100,12351,200.35,70,1680,9251,3,16
1784687966.701,real_q8_tensor_220w_mtp,0,100,12351,208.93,65,1770,9251,3,16
1784687966.701,real_q8_tensor_220w_mtp,1,100,12351,212.02,70,1710,9251,3,16
1784687966.701,real_q8_tensor_220w_mtp,2,100,12351,209.79,74,1740,9251,3,16
1784687966.701,real_q8_tensor_220w_mtp,3,100,12351,213.47,70,1725,9251,3,16
1784687967.274,real_q8_tensor_220w_mtp,0,100,12351,209.83,65,1695,9251,3,16
1784687967.274,real_q8_tensor_220w_mtp,1,100,12351,211.09,70,1650,9251,3,16
1784687967.274,real_q8_tensor_220w_mtp,2,100,12351,210.29,74,1725,9251,3,16
1784687967.274,real_q8_tensor_220w_mtp,3,100,12351,212.19,70,1635,9251,3,16
1784687967.842,real_q8_tensor_220w_mtp,0,23,12351,187.05,63,1920,9251,3,16
1784687967.842,real_q8_tensor_220w_mtp,1,24,12351,195.38,68,1905,9251,3,16
1784687967.842,real_q8_tensor_220w_mtp,2,23,12351,193.34,72,1890,9251,3,16
1784687967.842,real_q8_tensor_220w_mtp,3,14,12351,193.38,68,1920,9251,3,16
1784687968.425,real_q8_tensor_220w_mtp,0,23,12351,184.63,65,1680,9251,3,16
1784687968.425,real_q8_tensor_220w_mtp,1,24,12351,189.79,69,1575,9251,3,16
1784687968.425,real_q8_tensor_220w_mtp,2,23,12351,187.07,72,1620,9251,3,16
1784687968.425,real_q8_tensor_220w_mtp,3,14,12351,194.39,70,1620,9251,3,16
1784687969.019,real_q8_tensor_220w_mtp,0,50,12351,205.15,63,1710,9251,3,16
1784687969.019,real_q8_tensor_220w_mtp,1,69,12351,211.68,70,1575,9251,3,16
1784687969.019,real_q8_tensor_220w_mtp,2,73,12351,210.76,74,1650,9251,3,16
1784687969.019,real_q8_tensor_220w_mtp,3,51,12351,212.45,69,1620,9251,3,16
1784687969.590,real_q8_tensor_220w_mtp,0,90,12351,208.75,65,1710,9251,3,16
1784687969.590,real_q8_tensor_220w_mtp,1,69,12351,211.91,70,1620,9251,3,16
1784687969.590,real_q8_tensor_220w_mtp,2,73,12351,209.57,74,1740,9251,3,16
1784687969.590,real_q8_tensor_220w_mtp,3,51,12351,212.26,70,1650,9251,3,16
1784687970.182,real_q8_tensor_220w_mtp,0,35,12351,199.73,63,1890,9251,3,16
1784687970.182,real_q8_tensor_220w_mtp,1,30,12351,202.04,69,1800,9251,3,16
1784687970.182,real_q8_tensor_220w_mtp,2,37,12351,198.71,72,1740,9251,3,16
1784687970.182,real_q8_tensor_220w_mtp,3,25,12351,203.10,69,1845,9251,3,16
1784687970.764,real_q8_tensor_220w_mtp,0,35,12351,187.88,65,1680,9251,3,16
1784687970.764,real_q8_tensor_220w_mtp,1,30,12351,196.26,70,1650,9251,3,16
1784687970.764,real_q8_tensor_220w_mtp,2,37,12351,191.32,74,1665,9251,3,16
1784687970.764,real_q8_tensor_220w_mtp,3,25,12351,195.71,70,1620,9251,3,16
1784687971.333,real_q8_tensor_220w_mtp,0,100,12351,204.16,65,1740,9251,3,16
1784687971.333,real_q8_tensor_220w_mtp,1,100,12351,205.74,70,1590,9251,3,16
1784687971.333,real_q8_tensor_220w_mtp,2,100,12351,202.21,74,1620,9251,3,16
1784687971.333,real_q8_tensor_220w_mtp,3,100,12351,207.98,70,1635,9251,3,16
1784687971.902,real_q8_tensor_220w_mtp,0,100,12351,205.26,65,1800,9251,3,16
1784687971.902,real_q8_tensor_220w_mtp,1,100,12351,211.86,69,1755,9251,3,16
1784687971.902,real_q8_tensor_220w_mtp,2,100,12351,209.62,73,1785,9251,3,16
1784687971.902,real_q8_tensor_220w_mtp,3,100,12351,208.74,70,1770,9251,3,16
1784687972.486,real_q8_tensor_220w_mtp,0,100,12351,209.07,65,1905,9251,3,16
1784687972.486,real_q8_tensor_220w_mtp,1,41,12351,208.78,70,1875,9251,3,16
1784687972.486,real_q8_tensor_220w_mtp,2,46,12351,206.59,72,1860,9251,3,16
1784687972.486,real_q8_tensor_220w_mtp,3,91,12351,211.33,69,1890,9251,3,16
1784687973.069,real_q8_tensor_220w_mtp,0,78,12351,187.06,65,1770,9251,3,16
1784687973.069,real_q8_tensor_220w_mtp,1,29,12351,191.67,69,1605,9251,3,16
1784687973.069,real_q8_tensor_220w_mtp,2,100,12351,187.51,73,1635,9251,3,16
1784687973.069,real_q8_tensor_220w_mtp,3,91,12351,196.51,69,1665,9251,3,16
1784687973.640,real_q8_tensor_220w_mtp,0,100,12351,192.51,65,1770,9251,3,16
1784687973.640,real_q8_tensor_220w_mtp,1,100,12351,197.17,70,1680,9251,3,16
1784687973.640,real_q8_tensor_220w_mtp,2,100,12351,188.50,73,1725,9251,3,16
1784687973.640,real_q8_tensor_220w_mtp,3,100,12351,198.23,70,1710,9251,3,16
1784687974.208,real_q8_tensor_220w_mtp,0,100,12351,208.10,65,1770,9251,3,16
1784687974.208,real_q8_tensor_220w_mtp,1,100,12351,212.02,70,1620,9251,3,16
1784687974.208,real_q8_tensor_220w_mtp,2,100,12351,208.84,73,1635,9251,3,16
1784687974.208,real_q8_tensor_220w_mtp,3,100,12351,211.23,70,1695,9251,3,16
1784687974.801,real_q8_tensor_220w_mtp,0,100,12351,207.93,65,1680,9251,3,16
1784687974.801,real_q8_tensor_220w_mtp,1,100,12351,212.33,70,1575,9251,3,16
1784687974.801,real_q8_tensor_220w_mtp,2,100,12351,209.45,74,1650,9251,3,16
1784687974.801,real_q8_tensor_220w_mtp,3,100,12351,212.03,70,1590,9251,3,16
1784687975.387,real_q8_tensor_220w_mtp,0,100,12351,183.03,62,1920,9251,3,16
1784687975.387,real_q8_tensor_220w_mtp,1,100,12351,190.79,68,1860,9251,3,16
1784687975.387,real_q8_tensor_220w_mtp,2,11,12351,185.71,71,1890,9251,3,16
1784687975.387,real_q8_tensor_220w_mtp,3,100,12351,192.86,67,1920,9251,3,16
1784687975.994,real_q8_tensor_220w_mtp,0,56,12351,182.99,64,1680,9251,3,16
1784687975.994,real_q8_tensor_220w_mtp,1,62,12351,192.62,69,1560,9251,3,16
1784687975.994,real_q8_tensor_220w_mtp,2,11,12351,186.91,72,1620,9251,3,16
1784687975.994,real_q8_tensor_220w_mtp,3,49,12351,189.79,69,1590,9251,3,16
1784687976.566,real_q8_tensor_220w_mtp,0,98,12351,208.50,65,1710,9251,3,16
1784687976.566,real_q8_tensor_220w_mtp,1,100,12351,211.23,70,1590,9251,3,16
1784687976.566,real_q8_tensor_220w_mtp,2,74,12351,209.39,73,1665,9251,3,16
1784687976.566,real_q8_tensor_220w_mtp,3,77,12351,211.42,70,1620,9251,3,16
1784687977.161,real_q8_tensor_220w_mtp,0,100,12351,207.76,65,1740,9251,3,16
1784687977.161,real_q8_tensor_220w_mtp,1,100,12351,210.24,70,1695,9251,3,16
1784687977.161,real_q8_tensor_220w_mtp,2,73,12351,208.84,74,1725,9251,3,16
1784687977.161,real_q8_tensor_220w_mtp,3,77,12351,211.32,70,1695,9251,3,16
1784687977.731,real_q8_tensor_220w_mtp,0,100,12351,196.53,63,1920,9251,3,16
1784687977.731,real_q8_tensor_220w_mtp,1,34,12351,204.07,68,1860,9251,3,16
1784687977.731,real_q8_tensor_220w_mtp,2,73,12351,200.87,72,1890,9251,3,16
1784687977.731,real_q8_tensor_220w_mtp,3,40,12351,201.34,69,1920,9251,3,16
1784687978.290,real_q8_tensor_220w_mtp,0,100,12351,187.42,65,1785,9251,3,16
1784687978.290,real_q8_tensor_220w_mtp,1,34,12351,194.25,70,1605,9251,3,16
1784687978.290,real_q8_tensor_220w_mtp,2,100,12351,189.48,73,1635,9251,3,16
1784687978.290,real_q8_tensor_220w_mtp,3,40,12351,195.86,70,1680,9251,3,16
1784687978.859,real_q8_tensor_220w_mtp,0,100,12351,198.01,65,1695,9251,3,16
1784687978.859,real_q8_tensor_220w_mtp,1,100,12351,201.94,70,1620,9251,3,16
1784687978.859,real_q8_tensor_220w_mtp,2,100,12351,198.07,74,1635,9251,3,16
1784687978.859,real_q8_tensor_220w_mtp,3,100,12351,205.69,70,1635,9251,3,16
1784687979.427,real_q8_tensor_220w_mtp,0,100,12351,207.59,65,1740,9251,3,16
1784687979.427,real_q8_tensor_220w_mtp,1,100,12351,211.72,70,1695,9251,3,16
1784687979.427,real_q8_tensor_220w_mtp,2,100,12351,209.28,74,1650,9251,3,16
1784687979.427,real_q8_tensor_220w_mtp,3,100,12351,211.26,70,1680,9251,3,16
1784687979.997,real_q8_tensor_220w_mtp,0,100,12351,209.21,65,1665,9251,3,16
1784687979.997,real_q8_tensor_220w_mtp,1,100,12351,211.54,70,1590,9251,3,16
1784687979.997,real_q8_tensor_220w_mtp,2,100,12351,209.03,74,1620,9251,3,16
1784687979.997,real_q8_tensor_220w_mtp,3,100,12351,211.18,70,1605,9251,3,16
1784687980.566,real_q8_tensor_220w_mtp,0,37,12351,181.99,64,1695,9251,3,16
1784687980.566,real_q8_tensor_220w_mtp,1,25,12351,191.72,68,1575,9251,3,16
1784687980.566,real_q8_tensor_220w_mtp,2,86,12351,185.62,71,1650,9251,3,16
1784687980.566,real_q8_tensor_220w_mtp,3,37,12351,191.84,69,1605,9251,3,16
1784687981.160,real_q8_tensor_220w_mtp,0,37,12351,181.84,65,1695,9251,3,16
1784687981.160,real_q8_tensor_220w_mtp,1,55,12351,190.15,70,1665,9251,3,16
1784687981.160,real_q8_tensor_220w_mtp,2,86,12351,184.47,73,1695,9251,3,16
1784687981.160,real_q8_tensor_220w_mtp,3,92,12351,191.17,69,1665,9251,3,16
1784687981.730,real_q8_tensor_220w_mtp,0,100,12351,207.65,65,1695,9251,3,16
1784687981.730,real_q8_tensor_220w_mtp,1,55,12351,210.47,70,1665,9251,3,16
1784687981.730,real_q8_tensor_220w_mtp,2,91,12351,208.20,73,1650,9251,3,16
1784687981.730,real_q8_tensor_220w_mtp,3,92,12351,210.90,70,1665,9251,3,16
1784687982.297,real_q8_tensor_220w_mtp,0,100,12351,207.23,65,1755,9251,3,16
1784687982.297,real_q8_tensor_220w_mtp,1,100,12351,211.60,70,1575,9251,3,16
1784687982.297,real_q8_tensor_220w_mtp,2,91,12351,208.34,73,1635,9251,3,16
1784687982.297,real_q8_tensor_220w_mtp,3,96,12351,210.13,70,1635,9251,3,16
1784687982.865,real_q8_tensor_220w_mtp,0,37,12351,198.63,63,1920,9251,3,16
1784687982.865,real_q8_tensor_220w_mtp,1,100,12351,204.22,69,1860,9251,3,16
1784687982.865,real_q8_tensor_220w_mtp,2,34,12351,201.37,72,1875,9251,3,16
1784687982.865,real_q8_tensor_220w_mtp,3,96,12351,202.35,68,1905,9251,3,16
1784687983.425,real_q8_tensor_220w_mtp,0,37,12351,186.09,65,1770,9251,3,16
1784687983.425,real_q8_tensor_220w_mtp,1,100,12351,193.28,70,1590,9251,3,16
1784687983.425,real_q8_tensor_220w_mtp,2,34,12351,190.77,73,1665,9251,3,16
1784687983.425,real_q8_tensor_220w_mtp,3,100,12351,194.03,69,1665,9251,3,16
1784687983.994,real_q8_tensor_220w_mtp,0,100,12351,194.82,65,1770,9251,3,16
1784687983.994,real_q8_tensor_220w_mtp,1,100,12351,202.70,70,1605,9251,3,16
1784687983.994,real_q8_tensor_220w_mtp,2,100,12351,200.48,73,1695,9251,3,16
1784687983.994,real_q8_tensor_220w_mtp,3,100,12351,202.01,70,1680,9251,3,16
1784687984.563,real_q8_tensor_220w_mtp,0,100,12351,207.31,65,1770,9251,3,16
1784687984.563,real_q8_tensor_220w_mtp,1,100,12351,211.02,70,1635,9251,3,16
1784687984.563,real_q8_tensor_220w_mtp,2,100,12351,209.32,74,1620,9251,3,16
1784687984.563,real_q8_tensor_220w_mtp,3,100,12351,210.63,70,1695,9251,3,16
1784687985.135,real_q8_tensor_220w_mtp,0,100,12351,206.84,65,1680,9251,3,16
1784687985.135,real_q8_tensor_220w_mtp,1,100,12351,210.50,70,1545,9251,3,16
1784687985.135,real_q8_tensor_220w_mtp,2,100,12351,209.15,73,1620,9251,3,16
1784687985.135,real_q8_tensor_220w_mtp,3,100,12351,210.73,70,1590,9251,3,16
1784687985.703,real_q8_tensor_220w_mtp,0,100,12351,186.40,63,1920,9251,3,16
1784687985.703,real_q8_tensor_220w_mtp,1,17,12351,187.19,68,1905,9251,3,16
1784687985.703,real_q8_tensor_220w_mtp,2,100,12351,182.83,71,1890,9251,3,16
1784687985.703,real_q8_tensor_220w_mtp,3,25,12351,192.31,67,1800,9251,3,16
1784687986.271,real_q8_tensor_220w_mtp,0,62,12351,182.88,63,1680,9251,3,16
1784687986.271,real_q8_tensor_220w_mtp,1,17,12351,191.60,69,1515,9251,3,16
1784687986.271,real_q8_tensor_220w_mtp,2,57,12351,183.96,73,1875,9251,3,16
1784687986.271,real_q8_tensor_220w_mtp,3,25,12351,188.54,68,1575,9251,3,16
1784687986.842,real_q8_tensor_220w_mtp,0,74,12351,207.45,64,1635,9251,3,16
1784687986.842,real_q8_tensor_220w_mtp,1,49,12351,210.46,69,1545,9251,3,16
1784687986.842,real_q8_tensor_220w_mtp,2,77,12351,209.18,72,1590,9251,3,16
1784687986.842,real_q8_tensor_220w_mtp,3,57,12351,210.09,70,1590,9251,3,16
1784687987.413,real_q8_tensor_220w_mtp,0,70,12351,206.99,63,1650,9251,3,16
1784687987.413,real_q8_tensor_220w_mtp,1,49,12351,210.59,70,1560,9251,3,16
1784687987.413,real_q8_tensor_220w_mtp,2,49,12351,208.56,73,1620,9251,3,16
1784687987.413,real_q8_tensor_220w_mtp,3,57,12351,211.35,69,1575,9251,3,16
1784687987.981,real_q8_tensor_220w_mtp,0,70,12351,203.01,64,1905,9251,3,16
1784687987.981,real_q8_tensor_220w_mtp,1,48,12351,204.37,69,1770,9251,3,16
1784687987.981,real_q8_tensor_220w_mtp,2,49,12351,201.97,72,1815,9251,3,16
1784687987.981,real_q8_tensor_220w_mtp,3,16,12351,205.99,69,1830,9251,3,16
1784687988.540,real_q8_tensor_220w_mtp,0,100,12351,186.29,64,1680,9251,3,16
1784687988.540,real_q8_tensor_220w_mtp,1,93,12351,191.90,70,1650,9251,3,16
1784687988.540,real_q8_tensor_220w_mtp,2,100,12351,188.28,73,1680,9251,3,16
1784687988.540,real_q8_tensor_220w_mtp,3,100,12351,191.72,69,1605,9251,3,16
1784687989.112,real_q8_tensor_220w_mtp,0,100,12351,189.33,65,1680,9251,3,16
1784687989.112,real_q8_tensor_220w_mtp,1,100,12351,197.53,70,1575,9251,3,16
1784687989.112,real_q8_tensor_220w_mtp,2,100,12351,193.06,74,1710,9251,3,16
1784687989.112,real_q8_tensor_220w_mtp,3,100,12351,197.03,70,1605,9251,3,16
1784687989.682,real_q8_tensor_220w_mtp,0,100,12351,206.81,65,1665,9251,3,16
1784687989.682,real_q8_tensor_220w_mtp,1,100,12351,211.09,70,1575,9251,3,16
1784687989.682,real_q8_tensor_220w_mtp,2,100,12351,207.41,73,1620,9251,3,16
1784687989.682,real_q8_tensor_220w_mtp,3,100,12351,210.81,69,1635,9251,3,16
1784687990.251,real_q8_tensor_220w_mtp,0,100,12351,207.43,65,1710,9251,3,16
1784687990.251,real_q8_tensor_220w_mtp,1,100,12351,211.15,70,1575,9251,3,16
1784687990.251,real_q8_tensor_220w_mtp,2,100,12351,208.93,74,1635,9251,3,16
1784687990.251,real_q8_tensor_220w_mtp,3,100,12351,210.24,70,1605,9251,3,16
1784687990.820,real_q8_tensor_220w_mtp,0,35,12351,200.34,63,1830,9251,3,16
1784687990.820,real_q8_tensor_220w_mtp,1,100,12351,195.49,68,1770,9251,3,16
1784687990.820,real_q8_tensor_220w_mtp,2,26,12351,192.06,71,1875,9251,3,16
1784687990.820,real_q8_tensor_220w_mtp,3,100,12351,194.43,68,1665,9251,3,16
1784687991.386,real_q8_tensor_220w_mtp,0,35,12351,178.75,62,1650,9251,3,16
1784687991.386,real_q8_tensor_220w_mtp,1,56,12351,187.93,69,1560,9251,3,16
1784687991.386,real_q8_tensor_220w_mtp,2,26,12351,185.06,71,1845,9251,3,16
1784687991.386,real_q8_tensor_220w_mtp,3,13,12351,186.21,68,1845,9251,3,16
1784687991.965,real_q8_tensor_220w_mtp,0,100,12351,200.71,65,1695,9251,3,16
1784687991.965,real_q8_tensor_220w_mtp,1,100,12351,204.63,70,1560,9251,3,16
1784687991.965,real_q8_tensor_220w_mtp,2,100,12351,209.17,73,1620,9251,3,16
1784687991.965,real_q8_tensor_220w_mtp,3,100,12351,207.49,70,1605,9251,3,16
1784687992.535,real_q8_tensor_220w_mtp,0,100,12351,207.40,65,1710,9251,3,16
1784687992.535,real_q8_tensor_220w_mtp,1,100,12351,209.58,70,1560,9251,3,16
1784687992.535,real_q8_tensor_220w_mtp,2,100,12351,208.04,74,1605,9251,3,16
1784687992.535,real_q8_tensor_220w_mtp,3,100,12351,210.48,70,1605,9251,3,16
1784687993.104,real_q8_tensor_220w_mtp,0,100,12351,207.63,65,1725,9251,3,16
1784687993.104,real_q8_tensor_220w_mtp,1,100,12351,210.78,71,1665,9251,3,16
1784687993.104,real_q8_tensor_220w_mtp,2,100,12351,208.53,74,1620,9251,3,16
1784687993.104,real_q8_tensor_220w_mtp,3,100,12351,210.75,70,1680,9251,3,16
1784687993.669,real_q8_tensor_220w_mtp,0,100,12351,178.14,63,1680,9251,3,16
1784687993.669,real_q8_tensor_220w_mtp,1,13,12351,189.25,68,1575,9251,3,16
1784687993.669,real_q8_tensor_220w_mtp,2,100,12351,184.25,71,1710,9251,3,16
1784687993.669,real_q8_tensor_220w_mtp,3,49,12351,188.14,69,1590,9251,3,16
1784687994.239,real_q8_tensor_220w_mtp,0,54,12351,178.01,64,1650,9251,3,16
1784687994.239,real_q8_tensor_220w_mtp,1,13,12351,187.46,70,1545,9251,3,16
1784687994.239,real_q8_tensor_220w_mtp,2,41,12351,187.54,73,1695,9251,3,16
1784687994.239,real_q8_tensor_220w_mtp,3,49,12351,188.59,70,1575,9251,3,16
1784687994.834,real_q8_tensor_220w_mtp,0,54,12351,205.94,63,1650,9251,3,16
1784687994.834,real_q8_tensor_220w_mtp,1,60,12351,210.16,70,1545,9251,3,16
1784687994.834,real_q8_tensor_220w_mtp,2,41,12351,207.56,73,1605,9251,3,16
1784687994.834,real_q8_tensor_220w_mtp,3,100,12351,210.05,68,1590,9251,3,16
1784687995.404,real_q8_tensor_220w_mtp,0,42,12351,205.01,65,1680,9251,3,16
1784687995.404,real_q8_tensor_220w_mtp,1,60,12351,210.02,70,1650,9251,3,16
1784687995.404,real_q8_tensor_220w_mtp,2,82,12351,207.47,73,1635,9251,3,16
1784687995.404,real_q8_tensor_220w_mtp,3,100,12351,210.04,69,1650,9251,3,16
1784687995.973,real_q8_tensor_220w_mtp,0,42,12351,202.35,63,1905,9251,3,16
1784687995.973,real_q8_tensor_220w_mtp,1,34,12351,202.23,69,1905,9251,3,16
1784687995.973,real_q8_tensor_220w_mtp,2,82,12351,198.81,71,1890,9251,3,16
1784687995.973,real_q8_tensor_220w_mtp,3,28,12351,205.52,68,1905,9251,3,16
1784687996.556,real_q8_tensor_220w_mtp,0,100,12351,182.49,65,1650,9251,3,16
1784687996.556,real_q8_tensor_220w_mtp,1,100,12351,192.12,70,1605,9251,3,16
1784687996.556,real_q8_tensor_220w_mtp,2,100,12351,186.41,73,1605,9251,3,16
1784687996.556,real_q8_tensor_220w_mtp,3,100,12351,191.06,69,1695,9251,3,16
1784687997.153,real_q8_tensor_220w_mtp,0,100,12351,194.06,65,1725,9251,3,16
1784687997.153,real_q8_tensor_220w_mtp,1,100,12351,199.17,70,1665,9251,3,16
1784687997.153,real_q8_tensor_220w_mtp,2,100,12351,195.06,73,1710,9251,3,16
1784687997.153,real_q8_tensor_220w_mtp,3,100,12351,201.14,70,1680,9251,3,16
1784687997.723,real_q8_tensor_220w_mtp,0,100,12351,206.67,65,1695,9251,3,16
1784687997.723,real_q8_tensor_220w_mtp,1,100,12351,209.61,70,1560,9251,3,16
1784687997.723,real_q8_tensor_220w_mtp,2,100,12351,207.74,73,1620,9251,3,16
1784687997.723,real_q8_tensor_220w_mtp,3,100,12351,210.23,69,1590,9251,3,16
1784687998.293,real_q8_tensor_220w_mtp,0,100,12351,206.09,65,1755,9251,3,16
1784687998.293,real_q8_tensor_220w_mtp,1,100,12351,209.43,70,1635,9251,3,16
1784687998.293,real_q8_tensor_220w_mtp,2,100,12351,208.16,73,1695,9251,3,16
1784687998.293,real_q8_tensor_220w_mtp,3,100,12351,210.16,70,1695,9251,3,16
1784687998.861,real_q8_tensor_220w_mtp,0,27,12351,188.72,63,1920,9251,3,16
1784687998.861,real_q8_tensor_220w_mtp,1,100,12351,197.49,68,1680,9251,3,16
1784687998.861,real_q8_tensor_220w_mtp,2,28,12351,193.98,71,1830,9251,3,16
1784687998.861,real_q8_tensor_220w_mtp,3,100,12351,193.55,68,1875,9251,3,16
1784687999.420,real_q8_tensor_220w_mtp,0,27,12351,184.33,65,1650,9251,3,16
1784687999.420,real_q8_tensor_220w_mtp,1,100,12351,190.82,70,1545,9251,3,16
1784687999.420,real_q8_tensor_220w_mtp,2,28,12351,186.34,73,1695,9251,3,16
1784687999.420,real_q8_tensor_220w_mtp,3,100,12351,191.75,69,1560,9251,3,16
1784688000.013,real_q8_tensor_220w_mtp,0,100,12351,208.46,65,1650,9251,3,16
1784688000.013,real_q8_tensor_220w_mtp,1,100,12351,208.73,70,1650,9251,3,16
1784688000.013,real_q8_tensor_220w_mtp,2,100,12351,205.64,73,1680,9251,3,16
1784688000.013,real_q8_tensor_220w_mtp,3,100,12351,212.56,70,1650,9251,3,16
1784688000.599,real_q8_tensor_220w_mtp,0,100,12351,206.78,65,1740,9251,3,16
1784688000.599,real_q8_tensor_220w_mtp,1,100,12351,210.59,70,1605,9251,3,16
1784688000.599,real_q8_tensor_220w_mtp,2,100,12351,207.80,74,1590,9251,3,16
1784688000.599,real_q8_tensor_220w_mtp,3,100,12351,209.39,70,1680,9251,3,16
1784688001.165,real_q8_tensor_220w_mtp,0,100,12351,206.68,65,1650,9251,3,16
1784688001.165,real_q8_tensor_220w_mtp,1,100,12351,209.15,70,1620,9251,3,16
1784688001.165,real_q8_tensor_220w_mtp,2,100,12351,211.34,73,1695,9251,3,16
1784688001.165,real_q8_tensor_220w_mtp,3,100,12351,209.84,70,1590,9251,3,16
1784688001.730,real_q8_tensor_220w_mtp,0,100,12351,175.79,63,1650,9251,3,16
1784688001.730,real_q8_tensor_220w_mtp,1,13,12351,184.46,68,1635,9251,3,16
1784688001.730,real_q8_tensor_220w_mtp,2,100,12351,180.11,71,1680,9251,3,16
1784688001.730,real_q8_tensor_220w_mtp,3,47,12351,181.70,68,1680,9251,3,16
1784688002.322,real_q8_tensor_220w_mtp,0,42,12351,179.07,64,1665,9251,3,16
1784688002.322,real_q8_tensor_220w_mtp,1,13,12351,193.35,70,1650,9251,3,16
1784688002.322,real_q8_tensor_220w_mtp,2,100,12351,187.98,73,1665,9251,3,16
1784688002.322,real_q8_tensor_220w_mtp,3,47,12351,183.63,69,1650,9251,3,16
1784688002.960,real_q8_tensor_220w_mtp,0,42,12351,204.51,64,1725,9251,3,16
1784688002.960,real_q8_tensor_220w_mtp,1,46,12351,208.81,70,1650,9251,3,16
1784688002.960,real_q8_tensor_220w_mtp,2,100,12351,206.26,73,1605,9251,3,16
1784688002.960,real_q8_tensor_220w_mtp,3,84,12351,208.51,69,1680,9251,3,16
1784688003.534,real_q8_tensor_220w_mtp,0,93,12351,206.18,63,1635,9251,3,16
1784688003.534,real_q8_tensor_220w_mtp,1,71,12351,210.41,70,1530,9251,3,16
1784688003.534,real_q8_tensor_220w_mtp,2,65,12351,207.12,73,1590,9251,3,16
1784688003.534,real_q8_tensor_220w_mtp,3,71,12351,208.89,68,1560,9251,3,16
1784688004.105,real_q8_tensor_220w_mtp,0,93,12351,196.35,63,1905,9251,3,16
1784688004.105,real_q8_tensor_220w_mtp,1,28,12351,204.73,68,1905,9251,3,16
1784688004.105,real_q8_tensor_220w_mtp,2,65,12351,201.67,71,1890,9251,3,16
1784688004.105,real_q8_tensor_220w_mtp,3,41,12351,202.19,68,1905,9251,3,16
1784688004.690,real_q8_tensor_220w_mtp,0,100,12351,182.16,64,1725,9251,3,16
1784688004.690,real_q8_tensor_220w_mtp,1,28,12351,190.60,70,1665,9251,3,16
1784688004.690,real_q8_tensor_220w_mtp,2,100,12351,185.31,73,1710,9251,3,16
1784688004.690,real_q8_tensor_220w_mtp,3,41,12351,190.97,69,1680,9251,3,16
1784688005.281,real_q8_tensor_220w_mtp,0,100,12351,190.73,65,1755,9251,3,16
1784688005.281,real_q8_tensor_220w_mtp,1,100,12351,200.32,70,1620,9251,3,16
1784688005.281,real_q8_tensor_220w_mtp,2,100,12351,196.07,73,1575,9251,3,16
1784688005.281,real_q8_tensor_220w_mtp,3,100,12351,197.56,69,1695,9251,3,16
1784688005.849,real_q8_tensor_220w_mtp,0,100,12351,204.83,65,1635,9251,3,16
1784688005.849,real_q8_tensor_220w_mtp,1,100,12351,209.55,70,1545,9251,3,16
1784688005.849,real_q8_tensor_220w_mtp,2,100,12351,207.23,73,1590,9251,3,16
1784688005.849,real_q8_tensor_220w_mtp,3,100,12351,209.59,70,1560,9251,3,16
1784688006.418,real_q8_tensor_220w_mtp,0,100,12351,205.66,64,1725,9251,3,16
1784688006.418,real_q8_tensor_220w_mtp,1,100,12351,210.18,70,1530,9251,3,16
1784688006.418,real_q8_tensor_220w_mtp,2,100,12351,207.39,73,1695,9251,3,16
1784688006.418,real_q8_tensor_220w_mtp,3,100,12351,209.90,70,1560,9251,3,16
1784688006.986,real_q8_tensor_220w_mtp,0,39,12351,193.27,62,1845,9251,3,16
1784688006.986,real_q8_tensor_220w_mtp,1,100,12351,196.94,69,1800,9251,3,16
1784688006.986,real_q8_tensor_220w_mtp,2,30,12351,193.21,72,1845,9251,3,16
1784688006.986,real_q8_tensor_220w_mtp,3,100,12351,198.07,67,1890,9251,3,16
1784688007.551,real_q8_tensor_220w_mtp,0,100,12351,180.91,64,1680,9251,3,16
1784688007.551,real_q8_tensor_220w_mtp,1,100,12351,189.01,70,1620,9251,3,16
1784688007.551,real_q8_tensor_220w_mtp,2,98,12351,184.35,73,1650,9251,3,16
1784688007.551,real_q8_tensor_220w_mtp,3,100,12351,190.41,69,1575,9251,3,16
1784688008.124,real_q8_tensor_220w_mtp,0,100,12351,200.29,65,1665,9251,3,16
1784688008.124,real_q8_tensor_220w_mtp,1,100,12351,202.19,70,1530,9251,3,16
1784688008.124,real_q8_tensor_220w_mtp,2,100,12351,198.77,73,1590,9251,3,16
1784688008.124,real_q8_tensor_220w_mtp,3,100,12351,205.96,69,1575,9251,3,16
1784688008.718,real_q8_tensor_220w_mtp,0,100,12351,206.13,64,1740,9251,3,16
1784688008.718,real_q8_tensor_220w_mtp,1,100,12351,208.97,70,1650,9251,3,16
1784688008.718,real_q8_tensor_220w_mtp,2,100,12351,206.70,73,1605,9251,3,16
1784688008.718,real_q8_tensor_220w_mtp,3,100,12351,209.37,70,1680,9251,3,16
1784688009.312,real_q8_tensor_220w_mtp,0,100,12351,205.56,65,1710,9251,3,16
1784688009.312,real_q8_tensor_220w_mtp,1,100,12351,208.72,70,1545,9251,3,16
1784688009.312,real_q8_tensor_220w_mtp,2,100,12351,206.73,73,1620,9251,3,16
1784688009.312,real_q8_tensor_220w_mtp,3,100,12351,209.12,69,1605,9251,3,16
1784688009.881,real_q8_tensor_220w_mtp,0,100,12351,186.97,63,1905,9251,3,16
1784688009.881,real_q8_tensor_220w_mtp,1,15,12351,188.64,68,1875,9251,3,16
1784688009.881,real_q8_tensor_220w_mtp,2,100,12351,184.11,71,1830,9251,3,16
1784688009.881,real_q8_tensor_220w_mtp,3,28,12351,192.62,68,1845,9251,3,16
1784688010.440,real_q8_tensor_220w_mtp,0,100,12351,181.35,65,1695,9251,3,16
1784688010.440,real_q8_tensor_220w_mtp,1,15,12351,189.55,70,1650,9251,3,16
1784688010.440,real_q8_tensor_220w_mtp,2,100,12351,183.55,73,1620,9251,3,16
1784688010.440,real_q8_tensor_220w_mtp,3,28,12351,189.79,69,1650,9251,3,16
1784688011.005,real_q8_tensor_220w_mtp,0,100,12351,199.81,64,1740,9251,3,16
1784688011.005,real_q8_tensor_220w_mtp,1,100,12351,210.39,70,1575,9251,3,16
1784688011.005,real_q8_tensor_220w_mtp,2,100,12351,206.66,73,1650,9251,3,16
1784688011.005,real_q8_tensor_220w_mtp,3,100,12351,214.02,70,1665,9251,3,16
1784688011.576,real_q8_tensor_220w_mtp,0,100,12351,204.97,65,1665,9251,3,16
1784688011.576,real_q8_tensor_220w_mtp,1,100,12351,210.00,70,1665,9251,3,16
1784688011.576,real_q8_tensor_220w_mtp,2,100,12351,207.06,73,1575,9251,3,16
1784688011.576,real_q8_tensor_220w_mtp,3,100,12351,208.50,69,1680,9251,3,16
1784688012.146,real_q8_tensor_220w_mtp,0,100,12351,205.50,65,1635,9251,3,16
1784688012.146,real_q8_tensor_220w_mtp,1,100,12351,208.25,70,1635,9251,3,16
1784688012.146,real_q8_tensor_220w_mtp,2,100,12351,209.75,73,1665,9251,3,16
1784688012.146,real_q8_tensor_220w_mtp,3,100,12351,208.52,69,1620,9251,3,16
1784688012.739,real_q8_tensor_220w_mtp,0,14,12351,176.54,62,1710,9251,3,16
1784688012.739,real_q8_tensor_220w_mtp,1,100,12351,186.70,68,1485,9251,3,16
1784688012.739,real_q8_tensor_220w_mtp,2,16,12351,183.97,71,1890,9251,3,16
1784688012.739,real_q8_tensor_220w_mtp,3,100,12351,183.97,67,1560,9251,3,16
1784688013.329,real_q8_tensor_220w_mtp,0,14,12351,174.80,65,1905,9251,3,16
1784688013.329,real_q8_tensor_220w_mtp,1,77,12351,185.07,69,1890,9251,3,16
1784688013.329,real_q8_tensor_220w_mtp,2,16,12351,181.31,72,1875,9251,3,16
1784688013.329,real_q8_tensor_220w_mtp,3,41,12351,184.93,69,1905,9251,3,16
1784688013.895,real_q8_tensor_220w_mtp,0,100,12351,210.27,64,1860,9251,3,16
1784688013.895,real_q8_tensor_220w_mtp,1,77,12351,208.27,70,1845,9251,3,16
1784688013.895,real_q8_tensor_220w_mtp,2,70,12351,207.41,71,1845,9251,3,16
1784688013.895,real_q8_tensor_220w_mtp,3,41,12351,215.26,69,1845,9251,3,16
1784688014.456,real_q8_tensor_220w_mtp,0,100,12351,211.66,64,1800,9251,3,16
1784688014.456,real_q8_tensor_220w_mtp,1,100,12351,212.07,70,1710,9251,3,16
1784688014.456,real_q8_tensor_220w_mtp,2,70,12351,208.88,73,1725,9251,3,16
1784688014.456,real_q8_tensor_220w_mtp,3,92,12351,214.62,69,1740,9251,3,16
1784688015.015,real_q8_tensor_220w_mtp,0,94,12351,212.04,65,1755,9251,3,16
1784688015.015,real_q8_tensor_220w_mtp,1,100,12351,212.98,70,1590,9251,3,16
1784688015.015,real_q8_tensor_220w_mtp,2,100,12351,210.28,73,1665,9251,3,16
1784688015.015,real_q8_tensor_220w_mtp,3,100,12351,211.65,69,1680,9251,3,16
1784688015.578,real_q8_tensor_220w_mtp,0,35,12351,175.84,62,1680,9251,3,16
1784688015.578,real_q8_tensor_220w_mtp,1,55,12351,189.81,69,1515,9251,3,16
1784688015.578,real_q8_tensor_220w_mtp,2,100,12351,184.51,73,1560,9251,3,16
1784688015.578,real_q8_tensor_220w_mtp,3,14,12351,184.15,67,1575,9251,3,16
1784688016.168,real_q8_tensor_220w_mtp,0,56,12351,175.03,63,1725,9251,3,16
1784688016.168,real_q8_tensor_220w_mtp,1,55,12351,190.16,69,1590,9251,3,16
1784688016.168,real_q8_tensor_220w_mtp,2,59,12351,185.64,73,1680,9251,3,16
1784688016.168,real_q8_tensor_220w_mtp,3,14,12351,185.45,68,1545,9251,3,16
1784688016.762,real_q8_tensor_220w_mtp,0,56,12351,204.02,63,1710,9251,3,16
1784688016.762,real_q8_tensor_220w_mtp,1,59,12351,209.07,68,1515,9251,3,16
1784688016.762,real_q8_tensor_220w_mtp,2,59,12351,206.49,72,1590,9251,3,16
1784688016.762,real_q8_tensor_220w_mtp,3,41,12351,205.37,68,1590,9251,3,16
1784688017.353,real_q8_tensor_220w_mtp,0,40,12351,203.63,63,1620,9251,3,16
1784688017.353,real_q8_tensor_220w_mtp,1,59,12351,209.33,68,1620,9251,3,16
1784688017.353,real_q8_tensor_220w_mtp,2,69,12351,208.48,72,1665,9251,3,16
1784688017.353,real_q8_tensor_220w_mtp,3,41,12351,206.14,68,1605,9251,3,16
1784688017.923,real_q8_tensor_220w_mtp,0,100,12351,202.05,65,1905,9251,3,16
1784688017.923,real_q8_tensor_220w_mtp,1,51,12351,208.11,68,1890,9251,3,16
1784688017.923,real_q8_tensor_220w_mtp,2,100,12351,207.41,72,1860,9251,3,16
1784688017.923,real_q8_tensor_220w_mtp,3,6,12351,204.02,69,1905,9251,3,16
1784688018.486,real_q8_tensor_220w_mtp,0,47,12351,181.41,64,1710,9251,3,16
1784688018.486,real_q8_tensor_220w_mtp,1,51,12351,188.72,68,1665,9251,3,16
1784688018.486,real_q8_tensor_220w_mtp,2,100,12351,181.70,71,1695,9251,3,16
1784688018.486,real_q8_tensor_220w_mtp,3,6,12351,190.68,68,1665,9251,3,16
1784688019.055,real_q8_tensor_220w_mtp,0,69,12351,181.47,64,1665,9251,3,16
1784688019.055,real_q8_tensor_220w_mtp,1,36,12351,186.82,70,1515,9251,3,16
1784688019.055,real_q8_tensor_220w_mtp,2,69,12351,186.17,72,1650,9251,3,16
1784688019.055,real_q8_tensor_220w_mtp,3,77,12351,192.83,69,1560,9251,3,16
1784688019.625,real_q8_tensor_220w_mtp,0,55,12351,204.96,64,1605,9251,3,16
1784688019.625,real_q8_tensor_220w_mtp,1,36,12351,208.53,70,1485,9251,3,16
1784688019.625,real_q8_tensor_220w_mtp,2,100,12351,205.95,73,1575,9251,3,16
1784688019.625,real_q8_tensor_220w_mtp,3,77,12351,208.92,69,1530,9251,3,16
1784688020.240,real_q8_tensor_220w_mtp,0,55,12351,206.17,64,1620,9251,3,16
1784688020.240,real_q8_tensor_220w_mtp,1,40,12351,207.65,70,1575,9251,3,16
1784688020.240,real_q8_tensor_220w_mtp,2,100,12351,206.13,73,1575,9251,3,16
1784688020.240,real_q8_tensor_220w_mtp,3,84,12351,208.99,69,1575,9251,3,16
1784688020.835,real_q8_tensor_220w_mtp,0,29,12351,201.19,63,1890,9251,3,16
1784688020.835,real_q8_tensor_220w_mtp,1,40,12351,203.84,68,1800,9251,3,16
1784688020.835,real_q8_tensor_220w_mtp,2,15,12351,201.95,71,1860,9251,3,16
1784688020.835,real_q8_tensor_220w_mtp,3,84,12351,203.57,68,1875,9251,3,16
1784688021.395,real_q8_tensor_220w_mtp,0,29,12351,179.95,64,1740,9251,3,16
1784688021.395,real_q8_tensor_220w_mtp,1,100,12351,188.18,69,1575,9251,3,16
1784688021.395,real_q8_tensor_220w_mtp,2,15,12351,183.11,72,1575,9251,3,16
1784688021.395,real_q8_tensor_220w_mtp,3,100,12351,188.59,69,1665,9251,3,16
1784688021.964,real_q8_tensor_220w_mtp,0,100,12351,184.25,64,1740,9251,3,16
1784688021.964,real_q8_tensor_220w_mtp,1,100,12351,192.71,70,1635,9251,3,16
1784688021.964,real_q8_tensor_220w_mtp,2,100,12351,191.96,73,1680,9251,3,16
1784688021.964,real_q8_tensor_220w_mtp,3,100,12351,192.63,69,1680,9251,3,16
1784688022.533,real_q8_tensor_220w_mtp,0,70,12351,204.05,64,1695,9251,3,16
1784688022.533,real_q8_tensor_220w_mtp,1,100,12351,208.50,70,1530,9251,3,16
1784688022.533,real_q8_tensor_220w_mtp,2,85,12351,205.66,73,1575,9251,3,16
1784688022.533,real_q8_tensor_220w_mtp,3,100,12351,207.82,69,1590,9251,3,16
1784688023.166,real_q8_tensor_220w_mtp,0,100,12351,203.94,64,1725,9251,3,16
1784688023.166,real_q8_tensor_220w_mtp,1,100,12351,208.78,70,1650,9251,3,16
1784688023.166,real_q8_tensor_220w_mtp,2,100,12351,205.63,73,1695,9251,3,16
1784688023.166,real_q8_tensor_220w_mtp,3,100,12351,207.38,69,1665,9251,3,16
1784688023.737,real_q8_tensor_220w_mtp,0,100,12351,196.30,62,1920,9251,3,16
1784688023.737,real_q8_tensor_220w_mtp,1,30,12351,204.24,68,1815,9251,3,16
1784688023.737,real_q8_tensor_220w_mtp,2,100,12351,201.03,71,1890,9251,3,16
1784688023.737,real_q8_tensor_220w_mtp,3,31,12351,199.63,68,1920,9251,3,16
1784688024.297,real_q8_tensor_220w_mtp,0,100,12351,179.91,64,1725,9251,3,16
1784688024.297,real_q8_tensor_220w_mtp,1,30,12351,184.27,70,1545,9251,3,16
1784688024.297,real_q8_tensor_220w_mtp,2,100,12351,182.26,73,1560,9251,3,16
1784688024.297,real_q8_tensor_220w_mtp,3,31,12351,188.60,69,1635,9251,3,16
1784688024.866,real_q8_tensor_220w_mtp,0,100,12351,187.67,64,1635,9251,3,16
1784688024.866,real_q8_tensor_220w_mtp,1,100,12351,193.45,70,1515,9251,3,16
1784688024.866,real_q8_tensor_220w_mtp,2,100,12351,192.44,73,1545,9251,3,16
1784688024.866,real_q8_tensor_220w_mtp,3,100,12351,196.79,69,1560,9251,3,16
1784688025.458,real_q8_tensor_220w_mtp,0,100,12351,204.76,64,1710,9251,3,16
1784688025.458,real_q8_tensor_220w_mtp,1,100,12351,207.65,70,1650,9251,3,16
1784688025.458,real_q8_tensor_220w_mtp,2,95,12351,206.45,73,1590,9251,3,16
1784688025.458,real_q8_tensor_220w_mtp,3,100,12351,208.95,69,1665,9251,3,16
1784688026.028,real_q8_tensor_220w_mtp,0,71,12351,204.11,64,1605,9251,3,16
1784688026.028,real_q8_tensor_220w_mtp,1,99,12351,208.19,70,1485,9251,3,16
1784688026.028,real_q8_tensor_220w_mtp,2,69,12351,206.33,73,1560,9251,3,16
1784688026.028,real_q8_tensor_220w_mtp,3,100,12351,208.92,69,1620,9251,3,16
1784688026.599,real_q8_tensor_220w_mtp,0,15,12351,199.27,63,1905,9251,3,16
1784688026.599,real_q8_tensor_220w_mtp,1,99,12351,201.26,68,1875,9251,3,16
1784688026.599,real_q8_tensor_220w_mtp,2,30,12351,199.86,71,1875,9251,3,16
1784688026.599,real_q8_tensor_220w_mtp,3,100,12351,203.48,69,1905,9251,3,16
1784688027.167,real_q8_tensor_220w_mtp,0,15,12351,178.06,64,1710,9251,3,16
1784688027.167,real_q8_tensor_220w_mtp,1,100,12351,184.67,69,1530,9251,3,16
1784688027.167,real_q8_tensor_220w_mtp,2,30,12351,179.95,73,1605,9251,3,16
1784688027.167,real_q8_tensor_220w_mtp,3,100,12351,186.40,69,1605,9251,3,16
1784688027.758,real_q8_tensor_220w_mtp,0,100,12351,187.19,64,1650,9251,3,16
1784688027.758,real_q8_tensor_220w_mtp,1,67,12351,190.24,70,1515,9251,3,16
1784688027.758,real_q8_tensor_220w_mtp,2,100,12351,190.33,73,1635,9251,3,16
1784688027.758,real_q8_tensor_220w_mtp,3,73,12351,195.22,69,1560,9251,3,16
1784688028.329,real_q8_tensor_220w_mtp,0,100,12351,202.90,64,1725,9251,3,16
1784688028.329,real_q8_tensor_220w_mtp,1,77,12351,207.04,70,1545,9251,3,16
1784688028.329,real_q8_tensor_220w_mtp,2,100,12351,204.68,73,1560,9251,3,16
1784688028.329,real_q8_tensor_220w_mtp,3,100,12351,207.74,69,1635,9251,3,16
1784688028.926,real_q8_tensor_220w_mtp,0,100,12351,204.14,63,1635,9251,3,16
1784688028.926,real_q8_tensor_220w_mtp,1,77,12351,208.07,70,1605,9251,3,16
1784688028.926,real_q8_tensor_220w_mtp,2,69,12351,205.51,73,1620,9251,3,16
1784688028.926,real_q8_tensor_220w_mtp,3,100,12351,207.25,69,1590,9251,3,16
1784688029.495,real_q8_tensor_220w_mtp,0,100,12351,197.04,63,1875,9251,3,16
1784688029.495,real_q8_tensor_220w_mtp,1,31,12351,204.44,69,1815,9251,3,16
1784688029.495,real_q8_tensor_220w_mtp,2,83,12351,201.20,72,1755,9251,3,16
1784688029.495,real_q8_tensor_220w_mtp,3,31,12351,199.35,67,1845,9251,3,16
1784688030.081,real_q8_tensor_220w_mtp,0,100,12351,177.34,64,1635,9251,3,16
1784688030.081,real_q8_tensor_220w_mtp,1,31,12351,186.18,69,1620,9251,3,16
1784688030.081,real_q8_tensor_220w_mtp,2,100,12351,180.18,72,1665,9251,3,16
1784688030.081,real_q8_tensor_220w_mtp,3,31,12351,187.69,68,1620,9251,3,16
1784688030.651,real_q8_tensor_220w_mtp,0,100,12351,184.69,64,1695,9251,3,16
1784688030.651,real_q8_tensor_220w_mtp,1,70,12351,189.36,70,1620,9251,3,16
1784688030.651,real_q8_tensor_220w_mtp,2,100,12351,184.03,73,1575,9251,3,16
1784688030.651,real_q8_tensor_220w_mtp,3,100,12351,193.96,69,1650,9251,3,16
1784688031.221,real_q8_tensor_220w_mtp,0,94,12351,204.96,63,1605,9251,3,16
1784688031.221,real_q8_tensor_220w_mtp,1,70,12351,207.75,70,1500,9251,3,16
1784688031.221,real_q8_tensor_220w_mtp,2,70,12351,205.83,73,1530,9251,3,16
1784688031.221,real_q8_tensor_220w_mtp,3,100,12351,206.94,68,1545,9251,3,16
1784688031.789,real_q8_tensor_220w_mtp,0,94,12351,203.84,62,1695,9251,3,16
1784688031.789,real_q8_tensor_220w_mtp,1,54,12351,207.49,69,1590,9251,3,16
1784688031.789,real_q8_tensor_220w_mtp,2,70,12351,205.17,73,1665,9251,3,16
1784688031.789,real_q8_tensor_220w_mtp,3,38,12351,205.86,68,1530,9251,3,16
1784688032.357,real_q8_tensor_220w_mtp,0,47,12351,203.88,63,1920,9251,3,16
1784688032.357,real_q8_tensor_220w_mtp,1,54,12351,209.87,69,1905,9251,3,16
1784688032.357,real_q8_tensor_220w_mtp,2,86,12351,208.58,72,1875,9251,3,16
1784688032.357,real_q8_tensor_220w_mtp,3,38,12351,206.48,68,1920,9251,3,16
1784688032.917,real_q8_tensor_220w_mtp,0,47,12351,178.67,62,1605,9251,3,16
1784688032.917,real_q8_tensor_220w_mtp,1,62,12351,187.63,69,1500,9251,3,16
1784688032.917,real_q8_tensor_220w_mtp,2,86,12351,182.41,72,1665,9251,3,16
1784688032.917,real_q8_tensor_220w_mtp,3,100,12351,187.96,68,1560,9251,3,16
1784688033.486,real_q8_tensor_220w_mtp,0,53,12351,182.74,62,1635,9251,3,16
1784688033.486,real_q8_tensor_220w_mtp,1,62,12351,192.03,70,1515,9251,3,16
1784688033.486,real_q8_tensor_220w_mtp,2,59,12351,186.43,72,1560,9251,3,16
1784688033.486,real_q8_tensor_220w_mtp,3,69,12351,193.74,68,1545,9251,3,16
1784688034.076,real_q8_tensor_220w_mtp,0,83,12351,204.30,63,1590,9251,3,16
1784688034.076,real_q8_tensor_220w_mtp,1,53,12351,207.02,69,1425,9251,3,16
1784688034.076,real_q8_tensor_220w_mtp,2,95,12351,204.65,72,1890,9251,3,16
1784688034.076,real_q8_tensor_220w_mtp,3,51,12351,206.20,68,1500,9251,3,16
1784688034.646,real_q8_tensor_220w_mtp,0,78,12351,206.43,63,1890,9251,3,16
1784688034.646,real_q8_tensor_220w_mtp,1,53,12351,211.54,70,1860,9251,3,16
1784688034.646,real_q8_tensor_220w_mtp,2,100,12351,210.56,73,1845,9251,3,16
1784688034.646,real_q8_tensor_220w_mtp,3,51,12351,207.39,68,1875,9251,3,16
1784688035.208,real_q8_tensor_220w_mtp,0,78,12351,207.80,64,1605,9251,3,16
1784688035.208,real_q8_tensor_220w_mtp,1,100,12351,210.45,70,1620,9251,3,16
1784688035.208,real_q8_tensor_220w_mtp,2,100,12351,209.48,73,1635,9251,3,16
1784688035.208,real_q8_tensor_220w_mtp,3,100,12351,208.93,69,1590,9251,3,16
1784688035.767,real_q8_tensor_220w_mtp,0,18,12351,179.06,62,1920,9251,3,16
1784688035.767,real_q8_tensor_220w_mtp,1,100,12351,185.86,68,1905,9251,3,16
1784688035.767,real_q8_tensor_220w_mtp,2,37,12351,181.36,70,1890,9251,3,16
1784688035.767,real_q8_tensor_220w_mtp,3,100,12351,187.26,67,1920,9251,3,16
1784688036.332,real_q8_tensor_220w_mtp,0,18,12351,179.38,64,1845,9251,3,16
1784688036.332,real_q8_tensor_220w_mtp,1,100,12351,185.35,70,1770,9251,3,16
1784688036.332,real_q8_tensor_220w_mtp,2,37,12351,181.54,72,1770,9251,3,16
1784688036.332,real_q8_tensor_220w_mtp,3,64,12351,187.72,69,1755,9251,3,16
1784688036.890,real_q8_tensor_220w_mtp,0,100,12351,206.98,64,1725,9251,3,16
1784688036.890,real_q8_tensor_220w_mtp,1,100,12351,211.41,70,1545,9251,3,16
1784688036.890,real_q8_tensor_220w_mtp,2,100,12351,211.43,73,1545,9251,3,16
1784688036.890,real_q8_tensor_220w_mtp,3,64,12351,211.81,69,1620,9251,3,16
1784688037.454,real_q8_tensor_220w_mtp,0,100,12351,204.21,64,1620,9251,3,16
1784688037.454,real_q8_tensor_220w_mtp,1,100,12351,206.70,70,1470,9251,3,16
1784688037.454,real_q8_tensor_220w_mtp,2,100,12351,211.25,73,1680,9251,3,16
1784688037.454,real_q8_tensor_220w_mtp,3,100,12351,210.33,69,1545,9251,3,16
1784688038.022,real_q8_tensor_220w_mtp,0,100,12351,203.44,64,1635,9251,3,16
1784688038.022,real_q8_tensor_220w_mtp,1,100,12351,207.22,70,1605,9251,3,16
1784688038.022,real_q8_tensor_220w_mtp,2,100,12351,204.83,73,1635,9251,3,16
1784688038.022,real_q8_tensor_220w_mtp,3,100,12351,208.79,69,1605,9251,3,16
1784688038.594,real_q8_tensor_220w_mtp,0,32,12351,185.01,62,1785,9251,3,16
1784688038.594,real_q8_tensor_220w_mtp,1,32,12351,190.18,69,1710,9251,3,16
1784688038.594,real_q8_tensor_220w_mtp,2,100,12351,184.91,71,1575,9251,3,16
1784688038.594,real_q8_tensor_220w_mtp,3,31,12351,190.33,67,1740,9251,3,16
1784688039.152,real_q8_tensor_220w_mtp,0,32,12351,177.35,64,1680,9251,3,16
1784688039.152,real_q8_tensor_220w_mtp,1,32,12351,184.55,70,1470,9251,3,16
1784688039.152,real_q8_tensor_220w_mtp,2,100,12351,178.37,73,1560,9251,3,16
1784688039.152,real_q8_tensor_220w_mtp,3,31,12351,185.59,69,1575,9251,3,16
1784688039.751,real_q8_tensor_220w_mtp,0,100,12351,201.29,64,1725,9251,3,16
1784688039.751,real_q8_tensor_220w_mtp,1,100,12351,201.64,70,1575,9251,3,16
1784688039.751,real_q8_tensor_220w_mtp,2,100,12351,207.49,73,1545,9251,3,16
1784688039.751,real_q8_tensor_220w_mtp,3,100,12351,207.18,69,1650,9251,3,16
1784688040.321,real_q8_tensor_220w_mtp,0,100,12351,202.72,64,1665,9251,3,16
1784688040.321,real_q8_tensor_220w_mtp,1,100,12351,206.02,70,1485,9251,3,16
1784688040.321,real_q8_tensor_220w_mtp,2,100,12351,203.57,73,1545,9251,3,16
1784688040.321,real_q8_tensor_220w_mtp,3,100,12351,206.82,69,1560,9251,3,16
1784688040.894,real_q8_tensor_220w_mtp,0,100,12351,203.10,64,1725,9251,3,16
1784688040.894,real_q8_tensor_220w_mtp,1,100,12351,206.38,70,1575,9251,3,16
1784688040.894,real_q8_tensor_220w_mtp,2,100,12351,204.72,73,1650,9251,3,16
1784688040.894,real_q8_tensor_220w_mtp,3,100,12351,206.41,69,1650,9251,3,16
1784688041.467,real_q8_tensor_220w_mtp,0,100,12351,186.84,62,1635,9251,3,16
1784688041.467,real_q8_tensor_220w_mtp,1,100,12351,193.16,68,1770,9251,3,16
1784688041.467,real_q8_tensor_220w_mtp,2,32,12351,188.46,71,1695,9251,3,16
1784688041.467,real_q8_tensor_220w_mtp,3,100,12351,192.34,67,1620,9251,3,16
1784688042.028,real_q8_tensor_220w_mtp,0,100,12351,174.66,64,1635,9251,3,16
1784688042.028,real_q8_tensor_220w_mtp,1,100,12351,187.26,70,1620,9251,3,16
1784688042.028,real_q8_tensor_220w_mtp,2,100,12351,179.54,72,1620,9251,3,16
1784688042.028,real_q8_tensor_220w_mtp,3,100,12351,185.63,69,1620,9251,3,16
1784688042.598,real_q8_tensor_220w_mtp,0,100,12351,196.78,64,1605,9251,3,16
1784688042.598,real_q8_tensor_220w_mtp,1,100,12351,201.74,70,1485,9251,3,16
1784688042.598,real_q8_tensor_220w_mtp,2,100,12351,196.74,73,1545,9251,3,16
1784688042.598,real_q8_tensor_220w_mtp,3,100,12351,204.26,69,1635,9251,3,16
1784688043.195,real_q8_tensor_220w_mtp,0,100,12351,202.73,64,1680,9251,3,16
1784688043.195,real_q8_tensor_220w_mtp,1,100,12351,207.06,70,1455,9251,3,16
1784688043.195,real_q8_tensor_220w_mtp,2,100,12351,204.12,73,1575,9251,3,16
1784688043.195,real_q8_tensor_220w_mtp,3,100,12351,206.82,69,1575,9251,3,16
1784688043.766,real_q8_tensor_220w_mtp,0,100,12351,202.45,64,1725,9251,3,16
1784688043.766,real_q8_tensor_220w_mtp,1,100,12351,205.96,70,1605,9251,3,16
1784688043.766,real_q8_tensor_220w_mtp,2,100,12351,203.18,73,1545,9251,3,16
1784688043.766,real_q8_tensor_220w_mtp,3,100,12351,207.28,69,1650,9251,3,16
1784688044.338,real_q8_tensor_220w_mtp,0,33,12351,192.55,63,1815,9251,3,16
1784688044.338,real_q8_tensor_220w_mtp,1,33,12351,199.95,68,1695,9251,3,16
1784688044.338,real_q8_tensor_220w_mtp,2,100,12351,190.98,71,1575,9251,3,16
1784688044.338,real_q8_tensor_220w_mtp,3,31,12351,197.43,68,1755,9251,3,16
1784688044.921,real_q8_tensor_220w_mtp,0,33,12351,177.21,64,1620,9251,3,16
1784688044.921,real_q8_tensor_220w_mtp,1,33,12351,184.07,69,1440,9251,3,16
1784688044.921,real_q8_tensor_220w_mtp,2,100,12351,178.97,72,1530,9251,3,16
1784688044.921,real_q8_tensor_220w_mtp,3,31,12351,185.14,69,1515,9251,3,16
1784688045.490,real_q8_tensor_220w_mtp,0,100,12351,193.10,64,1620,9251,3,16
1784688045.490,real_q8_tensor_220w_mtp,1,100,12351,195.05,70,1500,9251,3,16
1784688045.490,real_q8_tensor_220w_mtp,2,67,12351,192.02,73,1680,9251,3,16
1784688045.490,real_q8_tensor_220w_mtp,3,100,12351,199.18,69,1545,9251,3,16
1784688046.082,real_q8_tensor_220w_mtp,0,68,12351,203.01,64,1590,9251,3,16
1784688046.082,real_q8_tensor_220w_mtp,1,100,12351,205.01,70,1545,9251,3,16
1784688046.082,real_q8_tensor_220w_mtp,2,100,12351,204.42,73,1560,9251,3,16
1784688046.082,real_q8_tensor_220w_mtp,3,100,12351,206.74,69,1545,9251,3,16
1784688046.652,real_q8_tensor_220w_mtp,0,50,12351,202.37,64,1710,9251,3,16
1784688046.652,real_q8_tensor_220w_mtp,1,100,12351,203.05,70,1515,9251,3,16
1784688046.652,real_q8_tensor_220w_mtp,2,100,12351,203.48,73,1575,9251,3,16
1784688046.652,real_q8_tensor_220w_mtp,3,79,12351,207.95,69,1590,9251,3,16
1784688047.222,real_q8_tensor_220w_mtp,0,50,12351,198.42,64,1920,9251,3,16
1784688047.222,real_q8_tensor_220w_mtp,1,32,12351,204.91,68,1905,9251,3,16
1784688047.222,real_q8_tensor_220w_mtp,2,38,12351,202.99,71,1890,9251,3,16
1784688047.222,real_q8_tensor_220w_mtp,3,79,12351,202.24,69,1920,9251,3,16
1784688047.782,real_q8_tensor_220w_mtp,0,33,12351,173.06,63,1680,9251,3,16
1784688047.782,real_q8_tensor_220w_mtp,1,32,12351,184.82,68,1620,9251,3,16
1784688047.782,real_q8_tensor_220w_mtp,2,38,12351,177.97,72,1680,9251,3,16
1784688047.782,real_q8_tensor_220w_mtp,3,47,12351,183.46,68,1515,9251,3,16
1784688048.352,real_q8_tensor_220w_mtp,0,100,12351,178.09,62,1695,9251,3,16
1784688048.352,real_q8_tensor_220w_mtp,1,54,12351,190.53,68,1530,9251,3,16
1784688048.352,real_q8_tensor_220w_mtp,2,64,12351,183.40,73,1650,9251,3,16
1784688048.352,real_q8_tensor_220w_mtp,3,67,12351,186.26,67,1620,9251,3,16
1784688048.949,real_q8_tensor_220w_mtp,0,78,12351,204.65,63,1575,9251,3,16
1784688048.949,real_q8_tensor_220w_mtp,1,54,12351,205.06,70,1500,9251,3,16
1784688048.949,real_q8_tensor_220w_mtp,2,64,12351,202.19,73,1830,9251,3,16
1784688048.949,real_q8_tensor_220w_mtp,3,50,12351,206.18,68,1485,9251,3,16
1784688049.562,real_q8_tensor_220w_mtp,0,100,12351,208.51,64,1875,9251,3,16
1784688049.562,real_q8_tensor_220w_mtp,1,100,12351,203.88,70,1860,9251,3,16
1784688049.562,real_q8_tensor_220w_mtp,2,47,12351,202.74,73,1860,9251,3,16
1784688049.562,real_q8_tensor_220w_mtp,3,89,12351,209.28,68,1875,9251,3,16
1784688050.124,real_q8_tensor_220w_mtp,0,100,12351,208.08,64,1590,9251,3,16
1784688050.124,real_q8_tensor_220w_mtp,1,100,12351,210.93,70,1620,9251,3,16
1784688050.124,real_q8_tensor_220w_mtp,2,47,12351,210.94,73,1680,9251,3,16
1784688050.124,real_q8_tensor_220w_mtp,3,100,12351,210.30,69,1635,9251,3,16
1784688050.689,real_q8_tensor_220w_mtp,0,100,12351,179.76,62,1920,9251,3,16
1784688050.689,real_q8_tensor_220w_mtp,1,22,12351,187.54,69,1905,9251,3,16
1784688050.689,real_q8_tensor_220w_mtp,2,13,12351,182.54,70,1890,9251,3,16
1784688050.689,real_q8_tensor_220w_mtp,3,100,12351,187.95,67,1920,9251,3,16
1784688051.247,real_q8_tensor_220w_mtp,0,100,12351,176.36,64,1665,9251,3,16
1784688051.247,real_q8_tensor_220w_mtp,1,22,12351,185.00,70,1620,9251,3,16
1784688051.247,real_q8_tensor_220w_mtp,2,13,12351,182.27,73,1590,9251,3,16
1784688051.247,real_q8_tensor_220w_mtp,3,100,12351,185.51,69,1635,9251,3,16
1784688051.814,real_q8_tensor_220w_mtp,0,100,12351,208.50,64,1665,9251,3,16
1784688051.814,real_q8_tensor_220w_mtp,1,100,12351,209.29,70,1590,9251,3,16
1784688051.814,real_q8_tensor_220w_mtp,2,100,12351,206.56,73,1560,9251,3,16
1784688051.814,real_q8_tensor_220w_mtp,3,100,12351,213.60,69,1575,9251,3,16
1784688052.402,real_q8_tensor_220w_mtp,0,100,12351,205.20,64,1725,9251,3,16
1784688052.402,real_q8_tensor_220w_mtp,1,100,12351,205.50,70,1560,9251,3,16
1784688052.402,real_q8_tensor_220w_mtp,2,100,12351,203.48,73,1635,9251,3,16
1784688052.402,real_q8_tensor_220w_mtp,3,100,12351,210.16,69,1590,9251,3,16
1784688052.970,real_q8_tensor_220w_mtp,0,100,12351,201.63,64,1710,9251,3,16
1784688052.970,real_q8_tensor_220w_mtp,1,100,12351,205.12,70,1575,9251,3,16
1784688052.970,real_q8_tensor_220w_mtp,2,100,12351,203.25,73,1530,9251,3,16
1784688052.970,real_q8_tensor_220w_mtp,3,100,12351,205.52,69,1635,9251,3,16
1784688053.559,real_q8_tensor_220w_mtp,0,30,12351,184.29,62,1770,9251,3,16
1784688053.559,real_q8_tensor_220w_mtp,1,30,12351,189.43,68,1725,9251,3,16
1784688053.559,real_q8_tensor_220w_mtp,2,33,12351,185.32,70,1725,9251,3,16
1784688053.559,real_q8_tensor_220w_mtp,3,29,12351,194.20,68,1725,9251,3,16
1784688054.122,real_q8_tensor_220w_mtp,0,30,12351,174.19,64,1650,9251,3,16
1784688054.122,real_q8_tensor_220w_mtp,1,100,12351,183.69,70,1440,9251,3,16
1784688054.122,real_q8_tensor_220w_mtp,2,100,12351,178.51,72,1665,9251,3,16
1784688054.122,real_q8_tensor_220w_mtp,3,29,12351,185.79,69,1545,9251,3,16
1784688054.715,real_q8_tensor_220w_mtp,0,100,12351,198.00,64,1725,9251,3,16
1784688054.715,real_q8_tensor_220w_mtp,1,100,12351,199.26,70,1560,9251,3,16
1784688054.715,real_q8_tensor_220w_mtp,2,100,12351,196.46,73,1635,9251,3,16
1784688054.715,real_q8_tensor_220w_mtp,3,100,12351,203.56,69,1635,9251,3,16
1784688055.286,real_q8_tensor_220w_mtp,0,100,12351,202.51,64,1575,9251,3,16
1784688055.286,real_q8_tensor_220w_mtp,1,100,12351,205.48,70,1470,9251,3,16
1784688055.286,real_q8_tensor_220w_mtp,2,100,12351,203.46,73,1665,9251,3,16
1784688055.286,real_q8_tensor_220w_mtp,3,100,12351,205.73,69,1515,9251,3,16
1784688055.854,real_q8_tensor_220w_mtp,0,100,12351,201.96,64,1695,9251,3,16
1784688055.854,real_q8_tensor_220w_mtp,1,100,12351,205.76,69,1500,9251,3,16
1784688055.854,real_q8_tensor_220w_mtp,2,100,12351,203.31,72,1605,9251,3,16
1784688055.854,real_q8_tensor_220w_mtp,3,100,12351,205.81,69,1590,9251,3,16
1784688056.423,real_q8_tensor_220w_mtp,0,100,12351,197.17,62,1905,9251,3,16
1784688056.423,real_q8_tensor_220w_mtp,1,23,12351,195.85,69,1875,9251,3,16
1784688056.423,real_q8_tensor_220w_mtp,2,32,12351,192.61,71,1860,9251,3,16
1784688056.423,real_q8_tensor_220w_mtp,3,100,12351,199.50,67,1905,9251,3,16
1784688057.029,real_q8_tensor_220w_mtp,0,100,12351,174.55,64,1680,9251,3,16
1784688057.029,real_q8_tensor_220w_mtp,1,30,12351,183.77,69,1620,9251,3,16
1784688057.029,real_q8_tensor_220w_mtp,2,69,12351,177.36,72,1590,9251,3,16
1784688057.029,real_q8_tensor_220w_mtp,3,100,12351,183.96,68,1635,9251,3,16
1784688057.601,real_q8_tensor_220w_mtp,0,100,12351,184.88,64,1560,9251,3,16
1784688057.601,real_q8_tensor_220w_mtp,1,88,12351,192.87,69,1470,9251,3,16
1784688057.601,real_q8_tensor_220w_mtp,2,82,12351,188.50,72,1545,9251,3,16
1784688057.601,real_q8_tensor_220w_mtp,3,100,12351,194.80,68,1635,9251,3,16
1784688058.169,real_q8_tensor_220w_mtp,0,52,12351,201.77,62,1575,9251,3,16
1784688058.169,real_q8_tensor_220w_mtp,1,88,12351,205.74,68,1560,9251,3,16
1784688058.169,real_q8_tensor_220w_mtp,2,82,12351,203.42,71,1665,9251,3,16
1784688058.169,real_q8_tensor_220w_mtp,3,38,12351,203.68,67,1560,9251,3,16
1784688058.738,real_q8_tensor_220w_mtp,0,100,12351,207.13,63,1845,9251,3,16
1784688058.738,real_q8_tensor_220w_mtp,1,100,12351,210.11,70,1845,9251,3,16
1784688058.738,real_q8_tensor_220w_mtp,2,100,12351,208.19,73,1830,9251,3,16
1784688058.738,real_q8_tensor_220w_mtp,3,82,12351,206.70,68,1845,9251,3,16
1784688059.302,real_q8_tensor_220w_mtp,0,100,12351,208.07,64,1710,9251,3,16
1784688059.302,real_q8_tensor_220w_mtp,1,100,12351,209.20,70,1440,9251,3,16
1784688059.302,real_q8_tensor_220w_mtp,2,100,12351,207.97,73,1500,9251,3,16
1784688059.302,real_q8_tensor_220w_mtp,3,100,12351,210.64,69,1635,9251,3,16
1784688059.867,real_q8_tensor_220w_mtp,0,100,12351,179.68,62,1920,9251,3,16
1784688059.867,real_q8_tensor_220w_mtp,1,18,12351,186.47,69,1875,9251,3,16
1784688059.867,real_q8_tensor_220w_mtp,2,18,12351,182.45,71,1860,9251,3,16
1784688059.867,real_q8_tensor_220w_mtp,3,100,12351,188.47,67,1905,9251,3,16
1784688060.426,real_q8_tensor_220w_mtp,0,100,12351,173.50,64,1590,9251,3,16
1784688060.426,real_q8_tensor_220w_mtp,1,18,12351,181.99,70,1500,9251,3,16
1784688060.426,real_q8_tensor_220w_mtp,2,18,12351,176.98,73,1650,9251,3,16
1784688060.426,real_q8_tensor_220w_mtp,3,100,12351,183.42,69,1515,9251,3,16
1784688060.997,real_q8_tensor_220w_mtp,0,100,12351,206.59,64,1575,9251,3,16
1784688060.997,real_q8_tensor_220w_mtp,1,100,12351,207.11,70,1590,9251,3,16
1784688060.997,real_q8_tensor_220w_mtp,2,100,12351,204.69,72,1635,9251,3,16
1784688060.997,real_q8_tensor_220w_mtp,3,100,12351,211.57,69,1575,9251,3,16
1784688061.592,real_q8_tensor_220w_mtp,0,100,12351,202.64,64,1605,9251,3,16
1784688061.592,real_q8_tensor_220w_mtp,1,100,12351,205.22,70,1440,9251,3,16
1784688061.592,real_q8_tensor_220w_mtp,2,100,12351,201.93,72,1500,9251,3,16
1784688061.592,real_q8_tensor_220w_mtp,3,100,12351,207.70,69,1500,9251,3,16
1784688062.186,real_q8_tensor_220w_mtp,0,100,12351,201.21,64,1560,9251,3,16
1784688062.186,real_q8_tensor_220w_mtp,1,100,12351,204.17,70,1455,9251,3,16
1784688062.186,real_q8_tensor_220w_mtp,2,100,12351,201.95,73,1665,9251,3,16
1784688062.186,real_q8_tensor_220w_mtp,3,100,12351,206.67,69,1485,9251,3,16
1784688062.753,real_q8_tensor_220w_mtp,0,35,12351,189.72,63,1920,9251,3,16
1784688062.753,real_q8_tensor_220w_mtp,1,100,12351,193.97,68,1860,9251,3,16
1784688062.753,real_q8_tensor_220w_mtp,2,100,12351,185.94,70,1830,9251,3,16
1784688062.753,real_q8_tensor_220w_mtp,3,33,12351,195.64,67,1890,9251,3,16
1784688063.312,real_q8_tensor_220w_mtp,0,35,12351,173.32,64,1575,9251,3,16
1784688063.312,real_q8_tensor_220w_mtp,1,100,12351,182.66,69,1575,9251,3,16
1784688063.312,real_q8_tensor_220w_mtp,2,100,12351,172.07,72,1620,9251,3,16
1784688063.312,real_q8_tensor_220w_mtp,3,33,12351,182.40,68,1560,9251,3,16
1784688063.882,real_q8_tensor_220w_mtp,0,100,12351,184.91,63,1605,9251,3,16
1784688063.882,real_q8_tensor_220w_mtp,1,100,12351,196.87,70,1605,9251,3,16
1784688063.882,real_q8_tensor_220w_mtp,2,100,12351,188.92,72,1620,9251,3,16
1784688063.882,real_q8_tensor_220w_mtp,3,100,12351,192.96,69,1605,9251,3,16
1784688064.450,real_q8_tensor_220w_mtp,0,100,12351,200.96,64,1725,9251,3,16
1784688064.450,real_q8_tensor_220w_mtp,1,32,12351,201.80,70,1560,9251,3,16
1784688064.450,real_q8_tensor_220w_mtp,2,100,12351,202.21,72,1635,9251,3,16
1784688064.450,real_q8_tensor_220w_mtp,3,100,12351,205.62,69,1620,9251,3,16
1784688065.020,real_q8_tensor_220w_mtp,0,32,12351,199.28,64,1905,9251,3,16
1784688065.020,real_q8_tensor_220w_mtp,1,100,12351,204.86,68,1905,9251,3,16
1784688065.020,real_q8_tensor_220w_mtp,2,82,12351,204.16,71,1890,9251,3,16
1784688065.020,real_q8_tensor_220w_mtp,3,30,12351,202.99,69,1800,9251,3,16
1784688065.590,real_q8_tensor_220w_mtp,0,100,12351,207.43,64,1755,9251,3,16
1784688065.590,real_q8_tensor_220w_mtp,1,100,12351,209.37,70,1665,9251,3,16
1784688065.590,real_q8_tensor_220w_mtp,2,100,12351,208.67,72,1455,9251,3,16
1784688065.590,real_q8_tensor_220w_mtp,3,30,12351,208.73,69,1695,9251,3,16
1784688066.150,real_q8_tensor_220w_mtp,0,18,12351,181.29,62,1920,9251,3,16
1784688066.150,real_q8_tensor_220w_mtp,1,100,12351,189.07,68,1905,9251,3,16
1784688066.150,real_q8_tensor_220w_mtp,2,100,12351,175.84,70,1875,9251,3,16
1784688066.150,real_q8_tensor_220w_mtp,3,22,12351,184.95,66,1845,9251,3,16
1784688066.709,real_q8_tensor_220w_mtp,0,18,12351,177.05,64,1710,9251,3,16
1784688066.709,real_q8_tensor_220w_mtp,1,100,12351,182.17,70,1545,9251,3,16
1784688066.709,real_q8_tensor_220w_mtp,2,100,12351,175.18,72,1605,9251,3,16
1784688066.709,real_q8_tensor_220w_mtp,3,22,12351,183.14,68,1605,9251,3,16
1784688067.279,real_q8_tensor_220w_mtp,0,100,12351,201.94,64,1575,9251,3,16
1784688067.279,real_q8_tensor_220w_mtp,1,100,12351,210.03,70,1500,9251,3,16
1784688067.279,real_q8_tensor_220w_mtp,2,100,12351,208.36,73,1515,9251,3,16
1784688067.279,real_q8_tensor_220w_mtp,3,100,12351,206.18,69,1605,9251,3,16
1784688067.849,real_q8_tensor_220w_mtp,0,100,12351,202.13,64,1710,9251,3,16
1784688067.849,real_q8_tensor_220w_mtp,1,100,12351,205.22,70,1575,9251,3,16
1784688067.849,real_q8_tensor_220w_mtp,2,100,12351,202.65,73,1545,9251,3,16
1784688067.849,real_q8_tensor_220w_mtp,3,100,12351,205.71,69,1635,9251,3,16
1784688068.440,real_q8_tensor_220w_mtp,0,100,12351,206.45,64,1560,9251,3,16
1784688068.440,real_q8_tensor_220w_mtp,1,100,12351,208.54,69,1875,9251,3,16
1784688068.440,real_q8_tensor_220w_mtp,2,100,12351,200.57,72,1545,9251,3,16
1784688068.440,real_q8_tensor_220w_mtp,3,100,12351,205.91,69,1470,9251,3,16
1784688069.041,real_q8_tensor_220w_mtp,0,25,12351,188.47,62,1920,9251,3,16
1784688069.041,real_q8_tensor_220w_mtp,1,27,12351,189.14,69,1905,9251,3,16
1784688069.041,real_q8_tensor_220w_mtp,2,29,12351,184.29,71,1890,9251,3,16
1784688069.041,real_q8_tensor_220w_mtp,3,35,12351,193.57,67,1920,9251,3,16
1784688069.631,real_q8_tensor_220w_mtp,0,25,12351,171.92,64,1710,9251,3,16
1784688069.631,real_q8_tensor_220w_mtp,1,100,12351,180.97,69,1575,9251,3,16
1784688069.631,real_q8_tensor_220w_mtp,2,100,12351,175.86,72,1650,9251,3,16
1784688069.631,real_q8_tensor_220w_mtp,3,35,12351,182.95,69,1635,9251,3,16
1784688070.225,real_q8_tensor_220w_mtp,0,100,12351,190.20,64,1695,9251,3,16
1784688070.225,real_q8_tensor_220w_mtp,1,100,12351,197.22,70,1575,9251,3,16
1784688070.225,real_q8_tensor_220w_mtp,2,100,12351,193.45,73,1500,9251,3,16
1784688070.225,real_q8_tensor_220w_mtp,3,100,12351,198.47,69,1650,9251,3,16
1784688070.795,real_q8_tensor_220w_mtp,0,100,12351,200.40,64,1695,9251,3,16
1784688070.795,real_q8_tensor_220w_mtp,1,100,12351,204.39,69,1500,9251,3,16
1784688070.795,real_q8_tensor_220w_mtp,2,100,12351,202.81,72,1605,9251,3,16
1784688070.795,real_q8_tensor_220w_mtp,3,100,12351,205.72,68,1620,9251,3,16
1784688071.365,real_q8_tensor_220w_mtp,0,38,12351,199.94,63,1590,9251,3,16
1784688071.365,real_q8_tensor_220w_mtp,1,100,12351,205.39,70,1545,9251,3,16
1784688071.365,real_q8_tensor_220w_mtp,2,100,12351,202.73,72,1605,9251,3,16
1784688071.365,real_q8_tensor_220w_mtp,3,30,12351,203.09,69,1560,9251,3,16
1784688071.957,real_q8_tensor_220w_mtp,0,38,12351,205.26,63,1890,9251,3,16
1784688071.957,real_q8_tensor_220w_mtp,1,100,12351,201.98,70,1875,9251,3,16
1784688071.957,real_q8_tensor_220w_mtp,2,19,12351,200.11,73,1860,9251,3,16
1784688071.957,real_q8_tensor_220w_mtp,3,30,12351,207.51,67,1875,9251,3,16
1784688072.515,real_q8_tensor_220w_mtp,0,18,12351,171.12,62,1920,9251,3,16
1784688072.515,real_q8_tensor_220w_mtp,1,26,12351,182.75,67,1905,9251,3,16
1784688072.515,real_q8_tensor_220w_mtp,2,35,12351,177.43,70,1890,9251,3,16
1784688072.515,real_q8_tensor_220w_mtp,3,21,12351,178.64,66,1920,9251,3,16
1784688073.084,real_q8_tensor_220w_mtp,0,100,12351,173.43,64,1545,9251,3,16
1784688073.084,real_q8_tensor_220w_mtp,1,100,12351,189.03,70,1515,9251,3,16
1784688073.084,real_q8_tensor_220w_mtp,2,100,12351,183.25,72,1635,9251,3,16
1784688073.084,real_q8_tensor_220w_mtp,3,21,12351,185.38,69,1485,9251,3,16
1784688073.647,real_q8_tensor_220w_mtp,0,100,12351,207.64,64,1635,9251,3,16
1784688073.647,real_q8_tensor_220w_mtp,1,100,12351,208.61,70,1605,9251,3,16
1784688073.647,real_q8_tensor_220w_mtp,2,100,12351,208.80,73,1590,9251,3,16
1784688073.647,real_q8_tensor_220w_mtp,3,100,12351,212.87,69,1620,9251,3,16
1784688074.215,real_q8_tensor_220w_mtp,0,100,12351,201.77,64,1695,9251,3,16
1784688074.215,real_q8_tensor_220w_mtp,1,100,12351,204.15,70,1500,9251,3,16
1784688074.215,real_q8_tensor_220w_mtp,2,100,12351,202.73,72,1665,9251,3,16
1784688074.215,real_q8_tensor_220w_mtp,3,100,12351,209.07,69,1515,9251,3,16
1784688074.786,real_q8_tensor_220w_mtp,0,100,12351,201.22,64,1620,9251,3,16
1784688074.786,real_q8_tensor_220w_mtp,1,100,12351,203.92,70,1590,9251,3,16
1784688074.786,real_q8_tensor_220w_mtp,2,100,12351,201.91,72,1620,9251,3,16
1784688074.786,real_q8_tensor_220w_mtp,3,100,12351,205.90,69,1605,9251,3,16
1784688075.354,real_q8_tensor_220w_mtp,0,100,12351,189.21,63,1860,9251,3,16
1784688075.354,real_q8_tensor_220w_mtp,1,24,12351,192.94,68,1785,9251,3,16
1784688075.354,real_q8_tensor_220w_mtp,2,35,12351,189.76,70,1800,9251,3,16
1784688075.354,real_q8_tensor_220w_mtp,3,100,12351,195.82,68,1815,9251,3,16
1784688075.935,real_q8_tensor_220w_mtp,0,100,12351,170.37,64,1605,9251,3,16
1784688075.935,real_q8_tensor_220w_mtp,1,24,12351,180.22,69,1425,9251,3,16
1784688075.935,real_q8_tensor_220w_mtp,2,35,12351,175.34,72,1635,9251,3,16
1784688075.935,real_q8_tensor_220w_mtp,3,100,12351,181.78,68,1545,9251,3,16
1784688076.505,real_q8_tensor_220w_mtp,0,100,12351,189.33,64,1545,9251,3,16
1784688076.505,real_q8_tensor_220w_mtp,1,100,12351,192.90,70,1455,9251,3,16
1784688076.505,real_q8_tensor_220w_mtp,2,99,12351,188.65,72,1635,9251,3,16
1784688076.505,real_q8_tensor_220w_mtp,3,100,12351,197.09,68,1485,9251,3,16
1784688077.073,real_q8_tensor_220w_mtp,0,54,12351,201.76,62,1530,9251,3,16
1784688077.073,real_q8_tensor_220w_mtp,1,65,12351,204.49,68,1395,9251,3,16
1784688077.073,real_q8_tensor_220w_mtp,2,88,12351,202.46,72,1440,9251,3,16
1784688077.073,real_q8_tensor_220w_mtp,3,100,12351,202.98,67,1545,9251,3,16
1784688077.644,real_q8_tensor_220w_mtp,0,54,12351,207.07,63,1830,9251,3,16
1784688077.644,real_q8_tensor_220w_mtp,1,100,12351,207.79,69,1830,9251,3,16
1784688077.644,real_q8_tensor_220w_mtp,2,100,12351,202.12,72,1725,9251,3,16
1784688077.644,real_q8_tensor_220w_mtp,3,86,12351,209.34,68,1815,9251,3,16
1784688078.203,real_q8_tensor_220w_mtp,0,100,12351,206.71,64,1650,9251,3,16
1784688078.203,real_q8_tensor_220w_mtp,1,100,12351,207.69,70,1590,9251,3,16
1784688078.203,real_q8_tensor_220w_mtp,2,100,12351,206.98,72,1575,9251,3,16
1784688078.203,real_q8_tensor_220w_mtp,3,86,12351,210.28,69,1620,9251,3,16
1784688078.774,real_q8_tensor_220w_mtp,0,100,12351,177.84,61,1620,9251,3,16
1784688078.774,real_q8_tensor_220w_mtp,1,35,12351,190.37,68,1770,9251,3,16
1784688078.774,real_q8_tensor_220w_mtp,2,35,12351,185.71,71,1755,9251,3,16
1784688078.774,real_q8_tensor_220w_mtp,3,27,12351,186.68,66,1665,9251,3,16
1784688079.332,real_q8_tensor_220w_mtp,0,100,12351,171.89,64,1695,9251,3,16
1784688079.332,real_q8_tensor_220w_mtp,1,35,12351,181.76,69,1575,9251,3,16
1784688079.332,real_q8_tensor_220w_mtp,2,35,12351,176.60,72,1635,9251,3,16
1784688079.332,real_q8_tensor_220w_mtp,3,27,12351,182.35,69,1470,9251,3,16
1784688079.902,real_q8_tensor_220w_mtp,0,100,12351,198.25,64,1575,9251,3,16
1784688079.902,real_q8_tensor_220w_mtp,1,100,12351,200.33,70,1560,9251,3,16
1784688079.902,real_q8_tensor_220w_mtp,2,100,12351,197.95,72,1635,9251,3,16
1784688079.902,real_q8_tensor_220w_mtp,3,100,12351,204.64,69,1530,9251,3,16
1784688080.471,real_q8_tensor_220w_mtp,0,100,12351,198.91,64,1560,9251,3,16
1784688080.471,real_q8_tensor_220w_mtp,1,100,12351,203.67,69,1590,9251,3,16
1784688080.471,real_q8_tensor_220w_mtp,2,100,12351,202.11,72,1620,9251,3,16
1784688080.471,real_q8_tensor_220w_mtp,3,100,12351,204.52,69,1575,9251,3,16
1784688081.044,real_q8_tensor_220w_mtp,0,64,12351,199.47,64,1665,9251,3,16
1784688081.044,real_q8_tensor_220w_mtp,1,59,12351,203.75,70,1440,9251,3,16
1784688081.044,real_q8_tensor_220w_mtp,2,100,12351,202.24,72,1560,9251,3,16
1784688081.044,real_q8_tensor_220w_mtp,3,100,12351,205.27,69,1575,9251,3,16
1784688081.614,real_q8_tensor_220w_mtp,0,18,12351,196.28,63,1920,9251,3,16
1784688081.614,real_q8_tensor_220w_mtp,1,59,12351,202.40,68,1905,9251,3,16
1784688081.614,real_q8_tensor_220w_mtp,2,100,12351,201.48,70,1890,9251,3,16
1784688081.614,real_q8_tensor_220w_mtp,3,100,12351,200.10,67,1920,9251,3,16
1784688082.175,real_q8_tensor_220w_mtp,0,18,12351,171.75,61,1665,9251,3,16
1784688082.175,real_q8_tensor_220w_mtp,1,48,12351,181.95,69,1455,9251,3,16
1784688082.175,real_q8_tensor_220w_mtp,2,46,12351,174.27,72,1620,9251,3,16
1784688082.175,real_q8_tensor_220w_mtp,3,84,12351,180.80,66,1485,9251,3,16
1784688082.763,real_q8_tensor_220w_mtp,0,100,12351,180.32,64,1875,9251,3,16
1784688082.763,real_q8_tensor_220w_mtp,1,48,12351,186.40,70,1845,9251,3,16
1784688082.763,real_q8_tensor_220w_mtp,2,46,12351,181.10,72,1815,9251,3,16
1784688082.763,real_q8_tensor_220w_mtp,3,84,12351,190.82,68,1875,9251,3,16
1784688083.322,real_q8_tensor_220w_mtp,0,100,12351,205.37,64,1515,9251,3,16
1784688083.322,real_q8_tensor_220w_mtp,1,100,12351,208.69,69,1410,9251,3,16
1784688083.322,real_q8_tensor_220w_mtp,2,100,12351,207.79,72,1635,9251,3,16
1784688083.322,real_q8_tensor_220w_mtp,3,100,12351,209.53,69,1470,9251,3,16
1784688083.911,real_q8_tensor_220w_mtp,0,100,12351,208.41,64,1560,9251,3,16
1784688083.911,real_q8_tensor_220w_mtp,1,100,12351,208.99,69,1395,9251,3,16
1784688083.911,real_q8_tensor_220w_mtp,2,100,12351,205.70,72,1470,9251,3,16
1784688083.911,real_q8_tensor_220w_mtp,3,100,12351,211.91,69,1425,9251,3,16
1784688084.481,real_q8_tensor_220w_mtp,0,100,12351,199.56,64,1695,9251,3,16
1784688084.481,real_q8_tensor_220w_mtp,1,100,12351,204.59,69,1560,9251,3,16
1784688084.481,real_q8_tensor_220w_mtp,2,100,12351,202.10,72,1485,9251,3,16
1784688084.481,real_q8_tensor_220w_mtp,3,100,12351,203.71,69,1620,9251,3,16
1784688085.050,real_q8_tensor_220w_mtp,0,35,12351,188.77,62,1890,9251,3,16
1784688085.050,real_q8_tensor_220w_mtp,1,42,12351,192.06,68,1770,9251,3,16
1784688085.050,real_q8_tensor_220w_mtp,2,27,12351,186.00,70,1875,9251,3,16
1784688085.050,real_q8_tensor_220w_mtp,3,23,12351,194.19,67,1890,9251,3,16
1784688085.611,real_q8_tensor_220w_mtp,0,35,12351,170.11,64,1620,9251,3,16
1784688085.611,real_q8_tensor_220w_mtp,1,100,12351,172.38,69,1605,9251,3,16
1784688085.611,real_q8_tensor_220w_mtp,2,100,12351,173.01,72,1665,9251,3,16
1784688085.611,real_q8_tensor_220w_mtp,3,100,12351,180.55,68,1515,9251,3,16
1784688086.182,real_q8_tensor_220w_mtp,0,52,12351,181.27,64,1665,9251,3,16
1784688086.182,real_q8_tensor_220w_mtp,1,100,12351,189.19,69,1485,9251,3,16
1784688086.182,real_q8_tensor_220w_mtp,2,100,12351,189.55,72,1605,9251,3,16
1784688086.182,real_q8_tensor_220w_mtp,3,100,12351,194.04,68,1590,9251,3,16
1784688086.754,real_q8_tensor_220w_mtp,0,52,12351,199.06,62,1515,9251,3,16
1784688086.754,real_q8_tensor_220w_mtp,1,47,12351,203.27,68,1410,9251,3,16
1784688086.754,real_q8_tensor_220w_mtp,2,55,12351,201.63,71,1845,9251,3,16
1784688086.754,real_q8_tensor_220w_mtp,3,36,12351,203.04,67,1410,9251,3,16
1784688087.321,real_q8_tensor_220w_mtp,0,100,12351,206.52,63,1830,9251,3,16
1784688087.321,real_q8_tensor_220w_mtp,1,47,12351,208.65,70,1785,9251,3,16
1784688087.321,real_q8_tensor_220w_mtp,2,55,12351,207.57,72,1665,9251,3,16
1784688087.321,real_q8_tensor_220w_mtp,3,36,12351,209.65,68,1800,9251,3,16
1784688087.898,real_q8_tensor_220w_mtp,0,100,12351,206.32,64,1590,9251,3,16
1784688087.898,real_q8_tensor_220w_mtp,1,100,12351,208.54,70,1395,9251,3,16
1784688087.898,real_q8_tensor_220w_mtp,2,100,12351,207.14,73,1650,9251,3,16
1784688087.898,real_q8_tensor_220w_mtp,3,100,12351,209.55,69,1455,9251,3,16
1784688088.468,real_q8_tensor_220w_mtp,0,22,12351,183.64,62,1740,9251,3,16
1784688088.468,real_q8_tensor_220w_mtp,1,100,12351,187.21,68,1425,9251,3,16
1784688088.468,real_q8_tensor_220w_mtp,2,100,12351,182.87,71,1545,9251,3,16
1784688088.468,real_q8_tensor_220w_mtp,3,100,12351,183.18,66,1575,9251,3,16
1784688089.053,real_q8_tensor_220w_mtp,0,100,12351,171.11,64,1695,9251,3,16
1784688089.053,real_q8_tensor_220w_mtp,1,100,12351,180.26,69,1560,9251,3,16
1784688089.053,real_q8_tensor_220w_mtp,2,100,12351,173.57,72,1500,9251,3,16
1784688089.053,real_q8_tensor_220w_mtp,3,100,12351,171.01,68,1620,9251,3,16
1784688089.625,real_q8_tensor_220w_mtp,0,100,12351,195.93,64,1710,9251,3,16
1784688089.625,real_q8_tensor_220w_mtp,1,75,12351,201.58,69,1575,9251,3,16
1784688089.625,real_q8_tensor_220w_mtp,2,100,12351,197.23,72,1635,9251,3,16
1784688089.625,real_q8_tensor_220w_mtp,3,99,12351,199.07,69,1470,9251,3,16
1784688090.199,real_q8_tensor_220w_mtp,0,100,12351,199.32,63,1665,9251,3,16
1784688090.199,real_q8_tensor_220w_mtp,1,100,12351,203.64,69,1455,9251,3,16
1784688090.199,real_q8_tensor_220w_mtp,2,100,12351,200.57,72,1575,9251,3,16
1784688090.199,real_q8_tensor_220w_mtp,3,100,12351,203.41,68,1590,9251,3,16
1784688090.771,real_q8_tensor_220w_mtp,0,29,12351,198.23,64,1695,9251,3,16
1784688090.771,real_q8_tensor_220w_mtp,1,100,12351,202.93,68,1575,9251,3,16
1784688090.771,real_q8_tensor_220w_mtp,2,100,12351,201.05,72,1665,9251,3,16
1784688090.771,real_q8_tensor_220w_mtp,3,100,12351,203.73,68,1485,9251,3,16
1784688091.340,real_q8_tensor_220w_mtp,0,29,12351,201.76,62,1905,9251,3,16
1784688091.340,real_q8_tensor_220w_mtp,1,93,12351,207.56,69,1890,9251,3,16
1784688091.340,real_q8_tensor_220w_mtp,2,100,12351,198.55,72,1845,9251,3,16
1784688091.340,real_q8_tensor_220w_mtp,3,46,12351,203.53,67,1905,9251,3,16
1784688091.901,real_q8_tensor_220w_mtp,0,19,12351,165.08,61,1815,9251,3,16
1784688091.901,real_q8_tensor_220w_mtp,1,93,12351,183.02,67,1905,9251,3,16
1784688091.901,real_q8_tensor_220w_mtp,2,100,12351,178.21,70,1890,9251,3,16
1784688091.901,real_q8_tensor_220w_mtp,3,46,12351,178.33,66,1920,9251,3,16
1784688092.462,real_q8_tensor_220w_mtp,0,19,12351,167.21,63,1695,9251,3,16
1784688092.462,real_q8_tensor_220w_mtp,1,100,12351,188.57,69,1560,9251,3,16
1784688092.462,real_q8_tensor_220w_mtp,2,100,12351,183.45,72,1620,9251,3,16
1784688092.462,real_q8_tensor_220w_mtp,3,100,12351,185.52,68,1605,9251,3,16
1784688093.031,real_q8_tensor_220w_mtp,0,100,12351,203.55,64,1575,9251,3,16
1784688093.031,real_q8_tensor_220w_mtp,1,100,12351,206.48,70,1410,9251,3,16
1784688093.031,real_q8_tensor_220w_mtp,2,100,12351,207.54,72,1650,9251,3,16
1784688093.031,real_q8_tensor_220w_mtp,3,100,12351,211.39,69,1440,9251,3,16
1784688093.605,real_q8_tensor_220w_mtp,0,100,12351,199.45,64,1695,9251,3,16
1784688093.605,real_q8_tensor_220w_mtp,1,100,12351,204.04,70,1560,9251,3,16
1784688093.605,real_q8_tensor_220w_mtp,2,100,12351,202.81,72,1620,9251,3,16
1784688093.605,real_q8_tensor_220w_mtp,3,100,12351,204.45,69,1620,9251,3,16
1784688094.174,real_q8_tensor_220w_mtp,0,100,12351,197.70,63,1665,9251,3,16
1784688094.174,real_q8_tensor_220w_mtp,1,100,12351,202.76,68,1050,9251,3,16
1784688094.174,real_q8_tensor_220w_mtp,2,100,12351,200.93,71,1545,9251,3,16
1784688094.174,real_q8_tensor_220w_mtp,3,100,12351,202.27,67,1395,9251,3,16
1784688094.769,real_q8_tensor_220w_mtp,0,100,12351,199.80,62,1890,9251,3,16
1784688094.769,real_q8_tensor_220w_mtp,1,34,12351,192.47,67,1470,9251,3,16
1784688094.769,real_q8_tensor_220w_mtp,2,29,12351,191.96,71,1665,9251,3,16
1784688094.769,real_q8_tensor_220w_mtp,3,2,12351,196.55,66,1680,9251,3,16
1784688095.330,real_q8_tensor_220w_mtp,0,4,12351,169.98,61,1920,9251,3,16
1784688095.330,real_q8_tensor_220w_mtp,1,34,12351,171.21,67,1905,9251,3,16
1784688095.330,real_q8_tensor_220w_mtp,2,29,12351,168.65,69,1890,9251,3,16
1784688095.330,real_q8_tensor_220w_mtp,3,2,12351,172.32,66,1920,9251,3,16
1784688095.886,real_q8_tensor_220w_mtp,0,4,12351,125.76,60,1920,9251,3,16
1784688095.886,real_q8_tensor_220w_mtp,1,7,12351,144.07,66,1905,9251,3,16
1784688095.886,real_q8_tensor_220w_mtp,2,0,12351,133.99,68,1890,9251,3,16
1784688095.886,real_q8_tensor_220w_mtp,3,8,12351,147.60,65,1920,9251,3,16
1784688096.444,real_q8_tensor_220w_mtp,0,100,12351,136.72,63,1695,9251,3,16
1784688096.444,real_q8_tensor_220w_mtp,1,7,12351,159.88,68,1590,9251,3,16
1784688096.444,real_q8_tensor_220w_mtp,2,0,12351,149.77,71,1635,9251,3,16
1784688096.444,real_q8_tensor_220w_mtp,3,8,12351,156.61,68,1620,9251,3,16
1784688097.014,real_q8_tensor_220w_mtp,0,19,12351,171.88,61,1920,9251,3,16
1784688097.014,real_q8_tensor_220w_mtp,1,18,12351,181.87,67,1905,9251,3,16
1784688097.014,real_q8_tensor_220w_mtp,2,22,12351,176.46,69,1890,9251,3,16
1784688097.014,real_q8_tensor_220w_mtp,3,2,12351,181.43,65,1755,9251,3,16
1784688097.596,real_q8_tensor_220w_mtp,0,2,12351,139.63,60,1920,9251,3,16
1784688097.596,real_q8_tensor_220w_mtp,1,18,12351,157.99,66,1905,9251,3,16
1784688097.596,real_q8_tensor_220w_mtp,2,22,12351,148.96,68,1890,9251,3,16
1784688097.596,real_q8_tensor_220w_mtp,3,2,12351,141.74,64,1755,9251,3,16
1784688098.155,real_q8_tensor_220w_mtp,0,2,12351,126.62,62,1920,9251,3,16
1784688098.155,real_q8_tensor_220w_mtp,1,39,12351,151.36,67,1905,9251,3,16
1784688098.155,real_q8_tensor_220w_mtp,2,37,12351,138.04,70,1890,9251,3,16
1784688098.155,real_q8_tensor_220w_mtp,3,33,12351,123.31,65,1755,9251,3,16
1784688098.726,real_q8_tensor_220w_mtp,0,71,12351,171.88,63,1815,9251,3,16
1784688098.726,real_q8_tensor_220w_mtp,1,39,12351,183.80,68,1605,9251,3,16
1784688098.726,real_q8_tensor_220w_mtp,2,37,12351,174.50,71,1695,9251,3,16
1784688098.726,real_q8_tensor_220w_mtp,3,33,12351,171.47,67,1755,9251,3,16
1784688099.298,real_q8_tensor_220w_mtp,0,71,12351,205.07,63,1815,9251,3,16
1784688099.298,real_q8_tensor_220w_mtp,1,76,12351,211.82,69,1740,9251,3,16
1784688099.298,real_q8_tensor_220w_mtp,2,71,12351,209.11,71,1770,9251,3,16
1784688099.298,real_q8_tensor_220w_mtp,3,78,12351,210.67,67,1755,9251,3,16
1784688099.869,real_q8_tensor_220w_mtp,0,76,12351,213.75,63,1815,9251,3,16
1784688099.869,real_q8_tensor_220w_mtp,1,76,12351,215.86,69,1725,9251,3,16
1784688099.869,real_q8_tensor_220w_mtp,2,71,12351,214.79,71,1710,9251,3,16
1784688099.869,real_q8_tensor_220w_mtp,3,78,12351,215.99,68,1755,9251,3,16
1784688100.466,real_q8_tensor_220w_mtp,0,76,12351,213.34,63,1815,9251,3,16
1784688100.466,real_q8_tensor_220w_mtp,1,79,12351,216.30,69,1740,9251,3,16
1784688100.466,real_q8_tensor_220w_mtp,2,77,12351,215.06,72,1725,9251,3,16
1784688100.466,real_q8_tensor_220w_mtp,3,79,12351,216.07,68,1770,9251,3,16
1784688101.060,real_q8_tensor_220w_mtp,0,72,12351,213.20,63,1830,9251,3,16
1784688101.060,real_q8_tensor_220w_mtp,1,75,12351,215.07,69,1710,9251,3,16
1784688101.060,real_q8_tensor_220w_mtp,2,75,12351,214.35,72,1785,9251,3,16
1784688101.060,real_q8_tensor_220w_mtp,3,76,12351,214.89,68,1755,9251,3,16
1784688101.635,real_q8_tensor_220w_mtp,0,72,12351,194.27,61,1920,9251,3,16
1784688101.635,real_q8_tensor_220w_mtp,1,0,12351,193.55,67,1905,9251,3,16
1784688101.635,real_q8_tensor_220w_mtp,2,0,12351,191.09,69,1890,9251,3,16
1784688101.635,real_q8_tensor_220w_mtp,3,0,12351,197.61,65,1920,9251,3,16
1784688102.216,real_q8_tensor_220w_mtp,0,56,12351,145.05,62,1875,9251,3,16
1784688102.216,real_q8_tensor_220w_mtp,1,0,12351,160.46,67,1785,9251,3,16
1784688102.216,real_q8_tensor_220w_mtp,2,0,12351,151.72,71,1830,9251,3,16
1784688102.216,real_q8_tensor_220w_mtp,3,0,12351,160.78,67,1815,9251,3,16
1784688102.831,real_q8_tensor_220w_mtp,0,56,12351,174.57,63,1875,9251,3,16
1784688102.831,real_q8_tensor_220w_mtp,1,100,12351,183.70,69,1800,9251,3,16
1784688102.831,real_q8_tensor_220w_mtp,2,100,12351,184.14,72,1845,9251,3,16
1784688102.831,real_q8_tensor_220w_mtp,3,100,12351,186.26,68,1815,9251,3,16
1784688103.399,real_q8_tensor_220w_mtp,0,100,12351,213.17,63,1860,9251,3,16
1784688103.399,real_q8_tensor_220w_mtp,1,100,12351,218.05,70,1770,9251,3,16
1784688103.399,real_q8_tensor_220w_mtp,2,100,12351,214.00,72,1830,9251,3,16
1784688103.399,real_q8_tensor_220w_mtp,3,100,12351,215.59,68,1815,9251,3,16
1784688103.970,real_q8_tensor_220w_mtp,0,100,12351,205.44,63,1875,9251,3,16
1784688103.970,real_q8_tensor_220w_mtp,1,100,12351,209.86,69,1785,9251,3,16
1784688103.970,real_q8_tensor_220w_mtp,2,100,12351,204.93,72,1830,9251,3,16
1784688103.970,real_q8_tensor_220w_mtp,3,100,12351,210.26,68,1830,9251,3,16
1784688104.563,real_q8_tensor_220w_mtp,0,100,12351,204.43,63,1860,9251,3,16
1784688104.563,real_q8_tensor_220w_mtp,1,100,12351,210.52,70,1785,9251,3,16
1784688104.563,real_q8_tensor_220w_mtp,2,89,12351,204.44,72,1830,9251,3,16
1784688104.563,real_q8_tensor_220w_mtp,3,93,12351,208.47,68,1815,9251,3,16
1784688105.157,real_q8_tensor_220w_mtp,0,100,12351,214.51,64,1860,9251,3,16
1784688105.157,real_q8_tensor_220w_mtp,1,100,12351,217.76,70,1785,9251,3,16
1784688105.157,real_q8_tensor_220w_mtp,2,100,12351,214.19,72,1830,9251,3,16
1784688105.157,real_q8_tensor_220w_mtp,3,100,12351,216.50,69,1800,9251,3,16
1784688105.750,real_q8_tensor_220w_mtp,0,100,12351,206.59,64,1905,9251,3,16
1784688105.750,real_q8_tensor_220w_mtp,1,100,12351,209.93,70,1785,9251,3,16
1784688105.750,real_q8_tensor_220w_mtp,2,100,12351,207.08,72,1830,9251,3,16
1784688105.750,real_q8_tensor_220w_mtp,3,100,12351,211.16,69,1875,9251,3,16
1784688106.316,real_q8_tensor_220w_mtp,0,100,12351,204.78,64,1860,9251,3,16
1784688106.316,real_q8_tensor_220w_mtp,1,100,12351,210.79,70,1785,9251,3,16
1784688106.316,real_q8_tensor_220w_mtp,2,100,12351,206.23,72,1830,9251,3,16
1784688106.316,real_q8_tensor_220w_mtp,3,100,12351,209.63,69,1800,9251,3,16
1784688106.886,real_q8_tensor_220w_mtp,0,100,12351,213.20,64,1890,9251,3,16
1784688106.886,real_q8_tensor_220w_mtp,1,100,12351,219.63,70,1845,9251,3,16
1784688106.886,real_q8_tensor_220w_mtp,2,100,12351,215.57,73,1860,9251,3,16
1784688106.886,real_q8_tensor_220w_mtp,3,100,12351,214.27,69,1860,9251,3,16
1784688107.446,real_q8_tensor_220w_mtp,0,100,12351,205.29,63,1860,9251,3,16
1784688107.446,real_q8_tensor_220w_mtp,1,100,12351,210.88,69,1785,9251,3,16
1784688107.446,real_q8_tensor_220w_mtp,2,77,12351,206.81,72,1845,9251,3,16
1784688107.446,real_q8_tensor_220w_mtp,3,77,12351,209.88,69,1800,9251,3,16
1784688108.016,real_q8_tensor_220w_mtp,0,100,12351,207.61,64,1860,9251,3,16
1784688108.016,real_q8_tensor_220w_mtp,1,89,12351,210.86,70,1770,9251,3,16
1784688108.016,real_q8_tensor_220w_mtp,2,91,12351,211.87,72,1830,9251,3,16
1784688108.016,real_q8_tensor_220w_mtp,3,89,12351,214.77,69,1800,9251,3,16
1784688108.608,real_q8_tensor_220w_mtp,0,100,12351,209.81,62,1920,9251,3,16
1784688108.608,real_q8_tensor_220w_mtp,1,57,12351,215.80,69,1905,9251,3,16
1784688108.608,real_q8_tensor_220w_mtp,2,60,12351,212.79,71,1890,9251,3,16
1784688108.608,real_q8_tensor_220w_mtp,3,35,12351,214.91,68,1920,9251,3,16
1784688109.193,real_q8_tensor_220w_mtp,0,100,12351,203.41,64,1860,9251,3,16
1784688109.193,real_q8_tensor_220w_mtp,1,57,12351,210.64,70,1785,9251,3,16
1784688109.193,real_q8_tensor_220w_mtp,2,60,12351,206.27,73,1815,9251,3,16
1784688109.193,real_q8_tensor_220w_mtp,3,35,12351,211.57,69,1815,9251,3,16
1784688109.787,real_q8_tensor_220w_mtp,0,100,12351,213.29,64,1890,9251,3,16
1784688109.787,real_q8_tensor_220w_mtp,1,100,12351,219.39,70,1770,9251,3,16
1784688109.787,real_q8_tensor_220w_mtp,2,100,12351,215.35,73,1815,9251,3,16
1784688109.787,real_q8_tensor_220w_mtp,3,77,12351,216.50,69,1875,9251,3,16
1784688110.353,real_q8_tensor_220w_mtp,0,36,12351,206.45,62,1875,9251,3,16
1784688110.353,real_q8_tensor_220w_mtp,1,69,12351,210.16,69,1770,9251,3,16
1784688110.353,real_q8_tensor_220w_mtp,2,33,12351,204.24,72,1815,9251,3,16
1784688110.353,real_q8_tensor_220w_mtp,3,44,12351,210.51,67,1815,9251,3,16
1784688110.950,real_q8_tensor_220w_mtp,0,36,12351,204.96,64,1860,9251,3,16
1784688110.950,real_q8_tensor_220w_mtp,1,100,12351,211.74,70,1770,9251,3,16
1784688110.950,real_q8_tensor_220w_mtp,2,100,12351,206.91,72,1815,9251,3,16
1784688110.950,real_q8_tensor_220w_mtp,3,100,12351,212.66,69,1800,9251,3,16
1784688111.543,real_q8_tensor_220w_mtp,0,77,12351,213.72,64,1860,9251,3,16
1784688111.543,real_q8_tensor_220w_mtp,1,98,12351,218.06,69,1770,9251,3,16
1784688111.543,real_q8_tensor_220w_mtp,2,88,12351,214.65,73,1815,9251,3,16
1784688111.543,real_q8_tensor_220w_mtp,3,88,12351,217.19,69,1815,9251,3,16
1784688112.118,real_q8_tensor_220w_mtp,0,77,12351,204.18,64,1860,9251,3,16
1784688112.118,real_q8_tensor_220w_mtp,1,58,12351,210.73,69,1755,9251,3,16
1784688112.118,real_q8_tensor_220w_mtp,2,52,12351,206.31,72,1815,9251,3,16
1784688112.118,real_q8_tensor_220w_mtp,3,100,12351,211.14,69,1800,9251,3,16
1784688112.690,real_q8_tensor_220w_mtp,0,100,12351,206.04,64,1860,9251,3,16
1784688112.690,real_q8_tensor_220w_mtp,1,58,12351,212.27,70,1755,9251,3,16
1784688112.690,real_q8_tensor_220w_mtp,2,52,12351,208.10,73,1815,9251,3,16
1784688112.690,real_q8_tensor_220w_mtp,3,100,12351,212.71,69,1800,9251,3,16
1784688113.277,real_q8_tensor_220w_mtp,0,100,12351,213.65,64,1845,9251,3,16
1784688113.277,real_q8_tensor_220w_mtp,1,100,12351,218.03,70,1755,9251,3,16
1784688113.277,real_q8_tensor_220w_mtp,2,96,12351,214.62,73,1800,9251,3,16
1784688113.277,real_q8_tensor_220w_mtp,3,76,12351,217.57,69,1800,9251,3,16
1784688113.847,real_q8_tensor_220w_mtp,0,98,12351,203.22,64,1860,9251,3,16
1784688113.847,real_q8_tensor_220w_mtp,1,100,12351,210.84,70,1770,9251,3,16
1784688113.847,real_q8_tensor_220w_mtp,2,96,12351,205.75,72,1815,9251,3,16
1784688113.847,real_q8_tensor_220w_mtp,3,76,12351,210.08,69,1800,9251,3,16
1784688114.417,real_q8_tensor_220w_mtp,0,98,12351,204.88,64,1860,9251,3,16
1784688114.417,real_q8_tensor_220w_mtp,1,100,12351,210.96,70,1785,9251,3,16
1784688114.417,real_q8_tensor_220w_mtp,2,92,12351,206.74,73,1815,9251,3,16
1784688114.417,real_q8_tensor_220w_mtp,3,100,12351,211.77,69,1785,9251,3,16
1784688115.002,real_q8_tensor_220w_mtp,0,100,12351,212.61,64,1860,9251,3,16
1784688115.002,real_q8_tensor_220w_mtp,1,88,12351,218.06,70,1770,9251,3,16
1784688115.002,real_q8_tensor_220w_mtp,2,88,12351,215.07,73,1815,9251,3,16
1784688115.002,real_q8_tensor_220w_mtp,3,88,12351,217.52,69,1800,9251,3,16
1784688115.601,real_q8_tensor_220w_mtp,0,97,12351,205.28,64,1860,9251,3,16
1784688115.601,real_q8_tensor_220w_mtp,1,100,12351,210.79,70,1785,9251,3,16
1784688115.601,real_q8_tensor_220w_mtp,2,100,12351,206.90,73,1815,9251,3,16
1784688115.601,real_q8_tensor_220w_mtp,3,100,12351,212.25,69,1800,9251,3,16
1784688116.187,real_q8_tensor_220w_mtp,0,76,12351,203.52,64,1845,9251,3,16
1784688116.187,real_q8_tensor_220w_mtp,1,100,12351,211.00,70,1770,9251,3,16
1784688116.187,real_q8_tensor_220w_mtp,2,100,12351,208.24,73,1875,9251,3,16
1784688116.187,real_q8_tensor_220w_mtp,3,100,12351,210.48,69,1785,9251,3,16
1784688116.783,real_q8_tensor_220w_mtp,0,76,12351,213.48,64,1860,9251,3,16
1784688116.783,real_q8_tensor_220w_mtp,1,100,12351,217.23,70,1770,9251,3,16
1784688116.783,real_q8_tensor_220w_mtp,2,100,12351,215.34,73,1815,9251,3,16
1784688116.783,real_q8_tensor_220w_mtp,3,100,12351,218.12,70,1785,9251,3,16
1784688117.374,real_q8_tensor_220w_mtp,0,100,12351,205.57,64,1845,9251,3,16
1784688117.374,real_q8_tensor_220w_mtp,1,100,12351,211.09,70,1755,9251,3,16
1784688117.374,real_q8_tensor_220w_mtp,2,100,12351,208.21,73,1815,9251,3,16
1784688117.374,real_q8_tensor_220w_mtp,3,100,12351,213.37,69,1785,9251,3,16
1784688117.946,real_q8_tensor_220w_mtp,0,100,12351,204.70,64,1845,9251,3,16
1784688117.946,real_q8_tensor_220w_mtp,1,74,12351,208.86,70,1755,9251,3,16
1784688117.946,real_q8_tensor_220w_mtp,2,75,12351,205.42,73,1800,9251,3,16
1784688117.946,real_q8_tensor_220w_mtp,3,77,12351,212.07,69,1770,9251,3,16
1784688118.517,real_q8_tensor_220w_mtp,0,100,12351,213.73,64,1845,9251,3,16
1784688118.517,real_q8_tensor_220w_mtp,1,74,12351,216.78,70,1755,9251,3,16
1784688118.517,real_q8_tensor_220w_mtp,2,87,12351,213.63,73,1800,9251,3,16
1784688118.517,real_q8_tensor_220w_mtp,3,100,12351,217.90,69,1785,9251,3,16
1784688119.089,real_q8_tensor_220w_mtp,0,68,12351,204.85,64,1845,9251,3,16
1784688119.089,real_q8_tensor_220w_mtp,1,100,12351,211.18,70,1755,9251,3,16
1784688119.089,real_q8_tensor_220w_mtp,2,100,12351,206.69,73,1800,9251,3,16
1784688119.089,real_q8_tensor_220w_mtp,3,100,12351,210.88,69,1785,9251,3,16
1784688119.684,real_q8_tensor_220w_mtp,0,74,12351,202.22,64,1845,9251,3,16
1784688119.684,real_q8_tensor_220w_mtp,1,100,12351,208.18,70,1770,9251,3,16
1784688119.684,real_q8_tensor_220w_mtp,2,100,12351,204.61,73,1800,9251,3,16
1784688119.684,real_q8_tensor_220w_mtp,3,100,12351,209.89,69,1770,9251,3,16
1784688120.280,real_q8_tensor_220w_mtp,0,74,12351,213.40,64,1845,9251,3,16
1784688120.280,real_q8_tensor_220w_mtp,1,100,12351,217.64,70,1755,9251,3,16
1784688120.280,real_q8_tensor_220w_mtp,2,100,12351,213.50,73,1800,9251,3,16
1784688120.280,real_q8_tensor_220w_mtp,3,100,12351,217.58,69,1770,9251,3,16
1784688120.885,real_q8_tensor_220w_mtp,0,100,12351,205.08,64,1845,9251,3,16
1784688120.885,real_q8_tensor_220w_mtp,1,100,12351,211.07,70,1755,9251,3,16
1784688120.885,real_q8_tensor_220w_mtp,2,70,12351,206.30,73,1800,9251,3,16
1784688120.885,real_q8_tensor_220w_mtp,3,100,12351,211.67,69,1785,9251,3,16
1784688121.459,real_q8_tensor_220w_mtp,0,100,12351,202.19,64,1845,9251,3,16
1784688121.459,real_q8_tensor_220w_mtp,1,74,12351,208.65,70,1755,9251,3,16
1784688121.459,real_q8_tensor_220w_mtp,2,73,12351,203.95,73,1800,9251,3,16
1784688121.459,real_q8_tensor_220w_mtp,3,88,12351,209.76,69,1755,9251,3,16
1784688122.056,real_q8_tensor_220w_mtp,0,100,12351,212.65,64,1845,9251,3,16
1784688122.056,real_q8_tensor_220w_mtp,1,100,12351,217.30,70,1740,9251,3,16
1784688122.056,real_q8_tensor_220w_mtp,2,86,12351,213.55,73,1785,9251,3,16
1784688122.056,real_q8_tensor_220w_mtp,3,86,12351,217.20,69,1785,9251,3,16
1784688122.630,real_q8_tensor_220w_mtp,0,100,12351,204.04,64,1845,9251,3,16
1784688122.630,real_q8_tensor_220w_mtp,1,100,12351,210.81,70,1755,9251,3,16
1784688122.630,real_q8_tensor_220w_mtp,2,100,12351,205.65,73,1800,9251,3,16
1784688122.630,real_q8_tensor_220w_mtp,3,100,12351,211.07,69,1785,9251,3,16
1784688123.202,real_q8_tensor_220w_mtp,0,75,12351,201.85,64,1905,9251,3,16
1784688123.202,real_q8_tensor_220w_mtp,1,100,12351,209.65,70,1740,9251,3,16
1784688123.202,real_q8_tensor_220w_mtp,2,100,12351,205.28,73,1800,9251,3,16
1784688123.202,real_q8_tensor_220w_mtp,3,100,12351,208.77,69,1830,9251,3,16
1784688123.788,real_q8_tensor_220w_mtp,0,75,12351,213.30,64,1845,9251,3,16
1784688123.788,real_q8_tensor_220w_mtp,1,100,12351,215.99,70,1755,9251,3,16
1784688123.788,real_q8_tensor_220w_mtp,2,100,12351,212.69,73,1785,9251,3,16
1784688123.788,real_q8_tensor_220w_mtp,3,100,12351,217.45,69,1785,9251,3,16
1784688124.358,real_q8_tensor_220w_mtp,0,100,12351,204.74,64,1830,9251,3,16
1784688124.358,real_q8_tensor_220w_mtp,1,100,12351,209.35,70,1770,9251,3,16
1784688124.358,real_q8_tensor_220w_mtp,2,100,12351,205.31,73,1815,9251,3,16
1784688124.358,real_q8_tensor_220w_mtp,3,100,12351,211.68,69,1770,9251,3,16
1784688124.929,real_q8_tensor_220w_mtp,0,100,12351,203.81,65,1860,9251,3,16
1784688124.929,real_q8_tensor_220w_mtp,1,98,12351,209.84,71,1740,9251,3,16
1784688124.929,real_q8_tensor_220w_mtp,2,100,12351,205.77,73,1785,9251,3,16
1784688124.929,real_q8_tensor_220w_mtp,3,100,12351,210.82,70,1770,9251,3,16
1784688125.509,real_q8_tensor_220w_mtp,0,97,12351,212.29,65,1830,9251,3,16
1784688125.509,real_q8_tensor_220w_mtp,1,98,12351,217.09,70,1740,9251,3,16
1784688125.509,real_q8_tensor_220w_mtp,2,100,12351,213.50,73,1785,9251,3,16
1784688125.509,real_q8_tensor_220w_mtp,3,100,12351,216.49,70,1770,9251,3,16
1784688126.080,real_q8_tensor_220w_mtp,0,26,12351,202.81,62,1845,9251,3,16
1784688126.080,real_q8_tensor_220w_mtp,1,67,12351,206.71,70,1740,9251,3,16
1784688126.080,real_q8_tensor_220w_mtp,2,33,12351,201.56,73,1800,9251,3,16
1784688126.080,real_q8_tensor_220w_mtp,3,100,12351,210.25,69,1755,9251,3,16
1784688126.654,real_q8_tensor_220w_mtp,0,100,12351,201.72,65,1830,9251,3,16
1784688126.654,real_q8_tensor_220w_mtp,1,67,12351,207.74,71,1770,9251,3,16
1784688126.654,real_q8_tensor_220w_mtp,2,100,12351,203.81,73,1815,9251,3,16
1784688126.654,real_q8_tensor_220w_mtp,3,100,12351,209.38,70,1770,9251,3,16
1784688127.227,real_q8_tensor_220w_mtp,0,100,12351,214.35,65,1905,9251,3,16
1784688127.227,real_q8_tensor_220w_mtp,1,100,12351,216.96,71,1875,9251,3,16
1784688127.227,real_q8_tensor_220w_mtp,2,100,12351,213.17,73,1845,9251,3,16
1784688127.227,real_q8_tensor_220w_mtp,3,100,12351,216.65,69,1890,9251,3,16
1784688127.793,real_q8_tensor_220w_mtp,0,27,12351,201.85,63,1920,9251,3,16
1784688127.793,real_q8_tensor_220w_mtp,1,100,12351,210.80,69,1905,9251,3,16
1784688127.793,real_q8_tensor_220w_mtp,2,44,12351,207.82,72,1890,9251,3,16
1784688127.793,real_q8_tensor_220w_mtp,3,23,12351,207.05,69,1920,9251,3,16
1784688128.354,real_q8_tensor_220w_mtp,0,27,12351,202.45,64,1830,9251,3,16
1784688128.354,real_q8_tensor_220w_mtp,1,100,12351,209.18,70,1770,9251,3,16
1784688128.354,real_q8_tensor_220w_mtp,2,44,12351,205.56,73,1800,9251,3,16
1784688128.354,real_q8_tensor_220w_mtp,3,23,12351,210.36,70,1755,9251,3,16
1784688128.954,real_q8_tensor_220w_mtp,0,100,12351,212.44,65,1830,9251,3,16
1784688128.954,real_q8_tensor_220w_mtp,1,100,12351,216.93,71,1755,9251,3,16
1784688128.954,real_q8_tensor_220w_mtp,2,100,12351,216.28,74,1800,9251,3,16
1784688128.954,real_q8_tensor_220w_mtp,3,100,12351,217.81,70,1785,9251,3,16
1784688129.530,real_q8_tensor_220w_mtp,0,100,12351,209.93,63,1920,9251,3,16
1784688129.530,real_q8_tensor_220w_mtp,1,31,12351,211.57,70,1905,9251,3,16
1784688129.530,real_q8_tensor_220w_mtp,2,62,12351,209.65,72,1890,9251,3,16
1784688129.530,real_q8_tensor_220w_mtp,3,77,12351,212.87,69,1920,9251,3,16
1784688130.120,real_q8_tensor_220w_mtp,0,97,12351,198.11,64,1815,9251,3,16
1784688130.120,real_q8_tensor_220w_mtp,1,31,12351,206.56,70,1755,9251,3,16
1784688130.120,real_q8_tensor_220w_mtp,2,69,12351,202.58,73,1890,9251,3,16
1784688130.120,real_q8_tensor_220w_mtp,3,83,12351,205.09,69,1770,9251,3,16
1784688130.713,real_q8_tensor_220w_mtp,0,97,12351,205.36,65,1815,9251,3,16
1784688130.713,real_q8_tensor_220w_mtp,1,100,12351,215.36,71,1740,9251,3,16
1784688130.713,real_q8_tensor_220w_mtp,2,69,12351,214.19,73,1785,9251,3,16
1784688130.713,real_q8_tensor_220w_mtp,3,83,12351,212.91,70,1755,9251,3,16
1784688131.308,real_q8_tensor_220w_mtp,0,100,12351,214.27,65,1845,9251,3,16
1784688131.308,real_q8_tensor_220w_mtp,1,100,12351,217.73,71,1740,9251,3,16
1784688131.308,real_q8_tensor_220w_mtp,2,100,12351,215.91,74,1770,9251,3,16
1784688131.308,real_q8_tensor_220w_mtp,3,100,12351,219.21,70,1770,9251,3,16
1784688131.890,real_q8_tensor_220w_mtp,0,100,12351,201.21,65,1815,9251,3,16
1784688131.890,real_q8_tensor_220w_mtp,1,100,12351,207.67,70,1740,9251,3,16
1784688131.890,real_q8_tensor_220w_mtp,2,100,12351,204.62,73,1755,9251,3,16
1784688131.890,real_q8_tensor_220w_mtp,3,100,12351,209.14,70,1755,9251,3,16
1784688132.469,real_q8_tensor_220w_mtp,0,88,12351,199.46,64,1815,9251,3,16
1784688132.469,real_q8_tensor_220w_mtp,1,100,12351,206.76,70,1755,9251,3,16
1784688132.469,real_q8_tensor_220w_mtp,2,68,12351,202.33,73,1770,9251,3,16
1784688132.469,real_q8_tensor_220w_mtp,3,74,12351,210.02,69,1770,9251,3,16
1784688133.040,real_q8_tensor_220w_mtp,0,84,12351,210.56,65,1830,9251,3,16
1784688133.040,real_q8_tensor_220w_mtp,1,100,12351,214.51,70,1725,9251,3,16
1784688133.040,real_q8_tensor_220w_mtp,2,84,12351,212.78,74,1785,9251,3,16
1784688133.040,real_q8_tensor_220w_mtp,3,84,12351,214.69,70,1755,9251,3,16
1784688133.637,real_q8_tensor_220w_mtp,0,100,12351,199.06,64,1830,9251,3,16
1784688133.637,real_q8_tensor_220w_mtp,1,100,12351,206.26,70,1755,9251,3,16
1784688133.637,real_q8_tensor_220w_mtp,2,100,12351,202.56,73,1800,9251,3,16
1784688133.637,real_q8_tensor_220w_mtp,3,100,12351,206.26,69,1770,9251,3,16
1784688134.212,real_q8_tensor_220w_mtp,0,100,12351,199.70,65,1815,9251,3,16
1784688134.212,real_q8_tensor_220w_mtp,1,100,12351,205.93,71,1725,9251,3,16
1784688134.212,real_q8_tensor_220w_mtp,2,100,12351,202.30,73,1755,9251,3,16
1784688134.212,real_q8_tensor_220w_mtp,3,100,12351,206.42,70,1755,9251,3,16
1784688134.788,real_q8_tensor_220w_mtp,0,69,12351,211.20,64,1815,9251,3,16
1784688134.788,real_q8_tensor_220w_mtp,1,100,12351,213.98,70,1710,9251,3,16
1784688134.788,real_q8_tensor_220w_mtp,2,67,12351,212.72,73,1755,9251,3,16
1784688134.788,real_q8_tensor_220w_mtp,3,69,12351,215.37,70,1755,9251,3,16
1784688135.383,real_q8_tensor_220w_mtp,0,69,12351,196.87,63,1920,9251,3,16
1784688135.383,real_q8_tensor_220w_mtp,1,19,12351,205.60,68,1860,9251,3,16
1784688135.383,real_q8_tensor_220w_mtp,2,67,12351,202.68,71,1890,9251,3,16
1784688135.383,real_q8_tensor_220w_mtp,3,69,12351,207.25,69,1920,9251,3,16
1784688135.952,real_q8_tensor_220w_mtp,0,87,12351,198.94,64,1830,9251,3,16
1784688135.952,real_q8_tensor_220w_mtp,1,19,12351,207.44,70,1725,9251,3,16
1784688135.952,real_q8_tensor_220w_mtp,2,100,12351,204.17,74,1770,9251,3,16
1784688135.952,real_q8_tensor_220w_mtp,3,100,12351,207.45,70,1755,9251,3,16
1784688136.522,real_q8_tensor_220w_mtp,0,87,12351,213.99,65,1830,9251,3,16
1784688136.522,real_q8_tensor_220w_mtp,1,100,12351,216.84,71,1725,9251,3,16
1784688136.522,real_q8_tensor_220w_mtp,2,84,12351,216.16,74,1800,9251,3,16
1784688136.522,real_q8_tensor_220w_mtp,3,100,12351,217.38,70,1770,9251,3,16
1784688137.092,real_q8_tensor_220w_mtp,0,60,12351,209.79,63,1920,9251,3,16
1784688137.092,real_q8_tensor_220w_mtp,1,100,12351,216.31,70,1890,9251,3,16
1784688137.092,real_q8_tensor_220w_mtp,2,94,12351,216.26,74,1875,9251,3,16
1784688137.092,real_q8_tensor_220w_mtp,3,51,12351,213.09,69,1905,9251,3,16
1784688137.669,real_q8_tensor_220w_mtp,0,60,12351,200.65,65,1845,9251,3,16
1784688137.669,real_q8_tensor_220w_mtp,1,100,12351,207.16,71,1710,9251,3,16
1784688137.669,real_q8_tensor_220w_mtp,2,94,12351,204.92,74,1755,9251,3,16
1784688137.669,real_q8_tensor_220w_mtp,3,51,12351,208.20,70,1770,9251,3,16
1784688138.229,real_q8_tensor_220w_mtp,0,69,12351,201.78,64,1830,9251,3,16
1784688138.229,real_q8_tensor_220w_mtp,1,100,12351,210.62,70,1710,9251,3,16
1784688138.229,real_q8_tensor_220w_mtp,2,100,12351,207.65,73,1800,9251,3,16
1784688138.229,real_q8_tensor_220w_mtp,3,68,12351,209.95,70,1785,9251,3,16
1784688138.800,real_q8_tensor_220w_mtp,0,69,12351,211.86,65,1830,9251,3,16
1784688138.800,real_q8_tensor_220w_mtp,1,100,12351,214.81,71,1725,9251,3,16
1784688138.800,real_q8_tensor_220w_mtp,2,100,12351,212.49,74,1755,9251,3,16
1784688138.800,real_q8_tensor_220w_mtp,3,68,12351,216.84,70,1740,9251,3,16
1784688139.369,real_q8_tensor_220w_mtp,0,81,12351,200.09,64,1830,9251,3,16
1784688139.369,real_q8_tensor_220w_mtp,1,100,12351,207.46,70,1755,9251,3,16
1784688139.369,real_q8_tensor_220w_mtp,2,100,12351,204.00,73,1785,9251,3,16
1784688139.369,real_q8_tensor_220w_mtp,3,95,12351,207.22,69,1770,9251,3,16
1784688139.936,real_q8_tensor_220w_mtp,0,81,12351,200.12,65,1845,9251,3,16
1784688139.936,real_q8_tensor_220w_mtp,1,100,12351,207.46,71,1710,9251,3,16
1784688139.936,real_q8_tensor_220w_mtp,2,100,12351,204.23,74,1755,9251,3,16
1784688139.936,real_q8_tensor_220w_mtp,3,95,12351,207.48,70,1770,9251,3,16
1784688140.505,real_q8_tensor_220w_mtp,0,81,12351,211.52,64,1905,9251,3,16
1784688140.505,real_q8_tensor_220w_mtp,1,100,12351,216.93,71,1890,9251,3,16
1784688140.505,real_q8_tensor_220w_mtp,2,100,12351,215.64,74,1860,9251,3,16
1784688140.505,real_q8_tensor_220w_mtp,3,67,12351,213.77,70,1905,9251,3,16
1784688141.073,real_q8_tensor_220w_mtp,0,65,12351,201.81,64,1920,9251,3,16
1784688141.073,real_q8_tensor_220w_mtp,1,39,12351,208.90,70,1905,9251,3,16
1784688141.073,real_q8_tensor_220w_mtp,2,76,12351,206.43,72,1890,9251,3,16
1784688141.073,real_q8_tensor_220w_mtp,3,28,12351,207.31,69,1920,9251,3,16
1784688141.659,real_q8_tensor_220w_mtp,0,100,12351,200.10,64,1785,9251,3,16
1784688141.659,real_q8_tensor_220w_mtp,1,39,12351,207.02,71,1740,9251,3,16
1784688141.659,real_q8_tensor_220w_mtp,2,73,12351,203.54,73,1785,9251,3,16
1784688141.659,real_q8_tensor_220w_mtp,3,100,12351,207.37,69,1740,9251,3,16
1784688142.251,real_q8_tensor_220w_mtp,0,100,12351,209.03,65,1815,9251,3,16
1784688142.251,real_q8_tensor_220w_mtp,1,100,12351,218.47,71,1740,9251,3,16
1784688142.251,real_q8_tensor_220w_mtp,2,73,12351,217.67,74,1770,9251,3,16
1784688142.251,real_q8_tensor_220w_mtp,3,100,12351,215.41,70,1740,9251,3,16
1784688142.821,real_q8_tensor_220w_mtp,0,100,12351,212.71,65,1800,9251,3,16
1784688142.821,real_q8_tensor_220w_mtp,1,100,12351,216.68,71,1725,9251,3,16
1784688142.821,real_q8_tensor_220w_mtp,2,100,12351,215.40,74,1785,9251,3,16
1784688142.821,real_q8_tensor_220w_mtp,3,100,12351,216.65,70,1740,9251,3,16
1784688143.384,real_q8_tensor_220w_mtp,0,100,12351,198.63,65,1815,9251,3,16
1784688143.384,real_q8_tensor_220w_mtp,1,100,12351,206.63,71,1755,9251,3,16
1784688143.384,real_q8_tensor_220w_mtp,2,100,12351,202.78,74,1755,9251,3,16
1784688143.384,real_q8_tensor_220w_mtp,3,100,12351,206.55,70,1755,9251,3,16
1784688143.958,real_q8_tensor_220w_mtp,0,100,12351,199.32,65,1860,9251,3,16
1784688143.958,real_q8_tensor_220w_mtp,1,100,12351,205.95,71,1815,9251,3,16
1784688143.958,real_q8_tensor_220w_mtp,2,90,12351,202.64,73,1845,9251,3,16
1784688143.958,real_q8_tensor_220w_mtp,3,100,12351,206.87,70,1890,9251,3,16
1784688144.522,real_q8_tensor_220w_mtp,0,100,12351,210.53,65,1815,9251,3,16
1784688144.522,real_q8_tensor_220w_mtp,1,67,12351,215.09,71,1710,9251,3,16
1784688144.522,real_q8_tensor_220w_mtp,2,83,12351,213.03,74,1755,9251,3,16
1784688144.522,real_q8_tensor_220w_mtp,3,83,12351,215.68,70,1770,9251,3,16
1784688145.093,real_q8_tensor_220w_mtp,0,21,12351,199.32,64,1920,9251,3,16
1784688145.093,real_q8_tensor_220w_mtp,1,67,12351,205.73,69,1860,9251,3,16
1784688145.093,real_q8_tensor_220w_mtp,2,22,12351,201.47,71,1890,9251,3,16
1784688145.093,real_q8_tensor_220w_mtp,3,32,12351,207.67,69,1740,9251,3,16
1784688145.662,real_q8_tensor_220w_mtp,0,21,12351,199.76,65,1815,9251,3,16
1784688145.662,real_q8_tensor_220w_mtp,1,100,12351,205.61,70,1710,9251,3,16
1784688145.662,real_q8_tensor_220w_mtp,2,22,12351,202.29,74,1875,9251,3,16
1784688145.662,real_q8_tensor_220w_mtp,3,32,12351,207.63,70,1755,9251,3,16
1784688146.270,real_q8_tensor_220w_mtp,0,67,12351,213.79,65,1815,9251,3,16
1784688146.270,real_q8_tensor_220w_mtp,1,100,12351,215.97,71,1710,9251,3,16
1784688146.270,real_q8_tensor_220w_mtp,2,74,12351,215.45,74,1755,9251,3,16
1784688146.270,real_q8_tensor_220w_mtp,3,65,12351,217.64,70,1725,9251,3,16
1784688146.862,real_q8_tensor_220w_mtp,0,100,12351,213.74,65,1920,9251,3,16
1784688146.862,real_q8_tensor_220w_mtp,1,100,12351,212.74,70,1875,9251,3,16
1784688146.862,real_q8_tensor_220w_mtp,2,52,12351,211.49,73,1890,9251,3,16
1784688146.862,real_q8_tensor_220w_mtp,3,97,12351,217.87,69,1890,9251,3,16
1784688147.420,real_q8_tensor_220w_mtp,0,100,12351,199.40,65,1815,9251,3,16
1784688147.420,real_q8_tensor_220w_mtp,1,100,12351,206.53,71,1710,9251,3,16
1784688147.420,real_q8_tensor_220w_mtp,2,52,12351,202.90,74,1785,9251,3,16
1784688147.420,real_q8_tensor_220w_mtp,3,97,12351,206.00,70,1740,9251,3,16
1784688147.991,real_q8_tensor_220w_mtp,0,67,12351,202.78,65,1770,9251,3,16
1784688147.991,real_q8_tensor_220w_mtp,1,100,12351,206.90,70,1710,9251,3,16
1784688147.991,real_q8_tensor_220w_mtp,2,69,12351,203.91,73,1755,9251,3,16
1784688147.991,real_q8_tensor_220w_mtp,3,66,12351,209.42,70,1725,9251,3,16
1784688148.583,real_q8_tensor_220w_mtp,0,96,12351,212.11,65,1830,9251,3,16
1784688148.583,real_q8_tensor_220w_mtp,1,100,12351,214.33,71,1695,9251,3,16
1784688148.583,real_q8_tensor_220w_mtp,2,100,12351,213.14,74,1770,9251,3,16
1784688148.583,real_q8_tensor_220w_mtp,3,66,12351,217.16,70,1755,9251,3,16
1784688149.154,real_q8_tensor_220w_mtp,0,100,12351,198.99,64,1800,9251,3,16
1784688149.154,real_q8_tensor_220w_mtp,1,100,12351,205.50,70,1695,9251,3,16
1784688149.154,real_q8_tensor_220w_mtp,2,100,12351,202.97,73,1740,9251,3,16
1784688149.154,real_q8_tensor_220w_mtp,3,100,12351,205.28,69,1770,9251,3,16
1784688149.743,real_q8_tensor_220w_mtp,0,100,12351,198.89,65,1815,9251,3,16
1784688149.743,real_q8_tensor_220w_mtp,1,100,12351,205.21,71,1695,9251,3,16
1784688149.743,real_q8_tensor_220w_mtp,2,100,12351,201.94,74,1740,9251,3,16
1784688149.743,real_q8_tensor_220w_mtp,3,100,12351,205.82,70,1725,9251,3,16
1784688150.330,real_q8_tensor_220w_mtp,0,100,12351,213.06,65,1785,9251,3,16
1784688150.330,real_q8_tensor_220w_mtp,1,100,12351,217.36,71,1710,9251,3,16
1784688150.330,real_q8_tensor_220w_mtp,2,100,12351,215.05,74,1755,9251,3,16
1784688150.330,real_q8_tensor_220w_mtp,3,100,12351,216.71,70,1725,9251,3,16
1784688150.898,real_q8_tensor_220w_mtp,0,100,12351,207.89,64,1920,9251,3,16
1784688150.898,real_q8_tensor_220w_mtp,1,63,12351,213.63,70,1890,9251,3,16
1784688150.898,real_q8_tensor_220w_mtp,2,68,12351,212.82,73,1875,9251,3,16
1784688150.898,real_q8_tensor_220w_mtp,3,100,12351,210.80,69,1905,9251,3,16
1784688151.461,real_q8_tensor_220w_mtp,0,100,12351,197.88,65,1830,9251,3,16
1784688151.461,real_q8_tensor_220w_mtp,1,63,12351,204.72,71,1695,9251,3,16
1784688151.461,real_q8_tensor_220w_mtp,2,68,12351,202.71,74,1740,9251,3,16
1784688151.461,real_q8_tensor_220w_mtp,3,100,12351,205.40,70,1770,9251,3,16
1784688152.029,real_q8_tensor_220w_mtp,0,85,12351,199.21,64,1785,9251,3,16
1784688152.029,real_q8_tensor_220w_mtp,1,98,12351,210.42,71,1740,9251,3,16
1784688152.029,real_q8_tensor_220w_mtp,2,65,12351,207.78,74,1725,9251,3,16
1784688152.029,real_q8_tensor_220w_mtp,3,100,12351,207.09,69,1710,9251,3,16
1784688152.602,real_q8_tensor_220w_mtp,0,100,12351,210.01,65,1785,9251,3,16
1784688152.602,real_q8_tensor_220w_mtp,1,98,12351,214.74,71,1695,9251,3,16
1784688152.602,real_q8_tensor_220w_mtp,2,65,12351,212.09,74,1770,9251,3,16
1784688152.602,real_q8_tensor_220w_mtp,3,100,12351,213.66,70,1755,9251,3,16
1784688153.174,real_q8_tensor_220w_mtp,0,100,12351,198.68,63,1785,9251,3,16
1784688153.174,real_q8_tensor_220w_mtp,1,23,12351,203.74,70,1680,9251,3,16
1784688153.174,real_q8_tensor_220w_mtp,2,19,12351,199.09,73,1725,9251,3,16
1784688153.174,real_q8_tensor_220w_mtp,3,100,12351,204.89,68,1695,9251,3,16
1784688153.743,real_q8_tensor_220w_mtp,0,100,12351,197.85,65,1785,9251,3,16
1784688153.743,real_q8_tensor_220w_mtp,1,23,12351,204.05,71,1695,9251,3,16
1784688153.743,real_q8_tensor_220w_mtp,2,19,12351,200.20,74,1740,9251,3,16
1784688153.743,real_q8_tensor_220w_mtp,3,100,12351,204.23,70,1710,9251,3,16
1784688154.313,real_q8_tensor_220w_mtp,0,100,12351,213.09,65,1785,9251,3,16
1784688154.313,real_q8_tensor_220w_mtp,1,100,12351,217.73,71,1680,9251,3,16
1784688154.313,real_q8_tensor_220w_mtp,2,100,12351,214.34,74,1740,9251,3,16
1784688154.313,real_q8_tensor_220w_mtp,3,100,12351,215.65,70,1710,9251,3,16
1784688154.884,real_q8_tensor_220w_mtp,0,100,12351,214.34,65,1785,9251,3,16
1784688154.884,real_q8_tensor_220w_mtp,1,100,12351,216.18,71,1680,9251,3,16
1784688154.884,real_q8_tensor_220w_mtp,2,100,12351,214.61,74,1740,9251,3,16
1784688154.884,real_q8_tensor_220w_mtp,3,100,12351,214.95,70,1710,9251,3,16
1784688155.447,real_q8_tensor_220w_mtp,0,100,12351,197.79,65,1785,9251,3,16
1784688155.447,real_q8_tensor_220w_mtp,1,100,12351,202.74,70,1695,9251,3,16
1784688155.447,real_q8_tensor_220w_mtp,2,100,12351,200.28,74,1755,9251,3,16
1784688155.447,real_q8_tensor_220w_mtp,3,100,12351,202.78,70,1725,9251,3,16
1784688156.017,real_q8_tensor_220w_mtp,0,100,12351,197.73,65,1770,9251,3,16
1784688156.017,real_q8_tensor_220w_mtp,1,100,12351,203.83,71,1695,9251,3,16
1784688156.017,real_q8_tensor_220w_mtp,2,100,12351,203.86,74,1755,9251,3,16
1784688156.017,real_q8_tensor_220w_mtp,3,100,12351,203.90,70,1710,9251,3,16
1784688156.587,real_q8_tensor_220w_mtp,0,82,12351,209.72,65,1905,9251,3,16
1784688156.587,real_q8_tensor_220w_mtp,1,100,12351,214.78,70,1785,9251,3,16
1784688156.587,real_q8_tensor_220w_mtp,2,85,12351,213.79,73,1860,9251,3,16
1784688156.587,real_q8_tensor_220w_mtp,3,100,12351,212.98,70,1695,9251,3,16
1784688157.159,real_q8_tensor_220w_mtp,0,38,12351,200.45,64,1920,9251,3,16
1784688157.159,real_q8_tensor_220w_mtp,1,39,12351,208.05,70,1875,9251,3,16
1784688157.159,real_q8_tensor_220w_mtp,2,85,12351,205.57,73,1890,9251,3,16
1784688157.159,real_q8_tensor_220w_mtp,3,36,12351,207.85,69,1920,9251,3,16
1784688157.744,real_q8_tensor_220w_mtp,0,38,12351,200.30,65,1905,9251,3,16
1784688157.744,real_q8_tensor_220w_mtp,1,39,12351,202.36,71,1890,9251,3,16
1784688157.744,real_q8_tensor_220w_mtp,2,63,12351,198.88,73,1875,9251,3,16
1784688157.744,real_q8_tensor_220w_mtp,3,36,12351,206.58,69,1905,9251,3,16
1784688158.314,real_q8_tensor_220w_mtp,0,90,12351,206.50,65,1770,9251,3,16
1784688158.314,real_q8_tensor_220w_mtp,1,63,12351,209.46,71,1680,9251,3,16
1784688158.314,real_q8_tensor_220w_mtp,2,63,12351,212.38,74,1740,9251,3,16
1784688158.314,real_q8_tensor_220w_mtp,3,100,12351,211.85,70,1710,9251,3,16
1784688158.883,real_q8_tensor_220w_mtp,0,90,12351,213.24,65,1815,9251,3,16
1784688158.883,real_q8_tensor_220w_mtp,1,63,12351,217.25,71,1695,9251,3,16
1784688158.883,real_q8_tensor_220w_mtp,2,100,12351,215.44,74,1785,9251,3,16
1784688158.883,real_q8_tensor_220w_mtp,3,100,12351,215.71,70,1755,9251,3,16
1784688159.471,real_q8_tensor_220w_mtp,0,100,12351,196.98,65,1770,9251,3,16
1784688159.471,real_q8_tensor_220w_mtp,1,76,12351,202.62,70,1680,9251,3,16
1784688159.471,real_q8_tensor_220w_mtp,2,100,12351,199.91,73,1725,9251,3,16
1784688159.471,real_q8_tensor_220w_mtp,3,100,12351,203.48,70,1710,9251,3,16
1784688160.066,real_q8_tensor_220w_mtp,0,82,12351,195.85,65,1815,9251,3,16
1784688160.066,real_q8_tensor_220w_mtp,1,100,12351,202.50,71,1665,9251,3,16
1784688160.066,real_q8_tensor_220w_mtp,2,100,12351,199.49,74,1725,9251,3,16
1784688160.066,real_q8_tensor_220w_mtp,3,100,12351,204.09,70,1755,9251,3,16
1784688160.639,real_q8_tensor_220w_mtp,0,100,12351,211.82,65,1770,9251,3,16
1784688160.639,real_q8_tensor_220w_mtp,1,100,12351,215.49,71,1665,9251,3,16
1784688160.639,real_q8_tensor_220w_mtp,2,100,12351,214.04,74,1740,9251,3,16
1784688160.639,real_q8_tensor_220w_mtp,3,100,12351,216.44,70,1695,9251,3,16
1784688161.230,real_q8_tensor_220w_mtp,0,100,12351,212.00,65,1905,9251,3,16
1784688161.230,real_q8_tensor_220w_mtp,1,100,12351,209.94,71,1890,9251,3,16
1784688161.230,real_q8_tensor_220w_mtp,2,41,12351,207.85,74,1875,9251,3,16
1784688161.230,real_q8_tensor_220w_mtp,3,100,12351,214.50,69,1890,9251,3,16
1784688161.793,real_q8_tensor_220w_mtp,0,100,12351,195.60,65,1770,9251,3,16
1784688161.793,real_q8_tensor_220w_mtp,1,100,12351,202.79,71,1665,9251,3,16
1784688161.793,real_q8_tensor_220w_mtp,2,41,12351,198.56,74,1740,9251,3,16
1784688161.793,real_q8_tensor_220w_mtp,3,100,12351,202.71,70,1695,9251,3,16
1784688162.366,real_q8_tensor_220w_mtp,0,97,12351,203.81,65,1815,9251,3,16
1784688162.366,real_q8_tensor_220w_mtp,1,100,12351,207.83,71,1680,9251,3,16
1784688162.366,real_q8_tensor_220w_mtp,2,100,12351,204.40,74,1710,9251,3,16
1784688162.366,real_q8_tensor_220w_mtp,3,100,12351,206.91,70,1695,9251,3,16
1784688162.931,real_q8_tensor_220w_mtp,0,62,12351,209.39,64,1770,9251,3,16
1784688162.931,real_q8_tensor_220w_mtp,1,71,12351,212.81,70,1725,9251,3,16
1784688162.931,real_q8_tensor_220w_mtp,2,100,12351,210.72,73,1755,9251,3,16
1784688162.931,real_q8_tensor_220w_mtp,3,62,12351,211.80,70,1710,9251,3,16
1784688163.503,real_q8_tensor_220w_mtp,0,62,12351,202.22,64,1920,9251,3,16
1784688163.503,real_q8_tensor_220w_mtp,1,45,12351,206.00,70,1890,9251,3,16
1784688163.503,real_q8_tensor_220w_mtp,2,35,12351,203.43,73,1890,9251,3,16
1784688163.503,real_q8_tensor_220w_mtp,3,29,12351,207.78,68,1905,9251,3,16
1784688164.088,real_q8_tensor_220w_mtp,0,71,12351,194.87,65,1890,9251,3,16
1784688164.088,real_q8_tensor_220w_mtp,1,96,12351,203.90,71,1860,9251,3,16
1784688164.088,real_q8_tensor_220w_mtp,2,35,12351,201.18,74,1845,9251,3,16
1784688164.088,real_q8_tensor_220w_mtp,3,61,12351,199.92,70,1875,9251,3,16
1784688164.656,real_q8_tensor_220w_mtp,0,71,12351,202.76,65,1755,9251,3,16
1784688164.656,real_q8_tensor_220w_mtp,1,96,12351,210.86,71,1665,9251,3,16
1784688164.656,real_q8_tensor_220w_mtp,2,84,12351,208.31,74,1725,9251,3,16
1784688164.656,real_q8_tensor_220w_mtp,3,61,12351,215.27,70,1740,9251,3,16
1784688165.241,real_q8_tensor_220w_mtp,0,100,12351,212.97,65,1770,9251,3,16
1784688165.241,real_q8_tensor_220w_mtp,1,100,12351,215.20,71,1650,9251,3,16
1784688165.241,real_q8_tensor_220w_mtp,2,84,12351,214.07,74,1710,9251,3,16
1784688165.241,real_q8_tensor_220w_mtp,3,100,12351,217.24,70,1695,9251,3,16
1784688165.812,real_q8_tensor_220w_mtp,0,100,12351,194.27,64,1815,9251,3,16
1784688165.812,real_q8_tensor_220w_mtp,1,100,12351,200.96,69,1665,9251,3,16
1784688165.812,real_q8_tensor_220w_mtp,2,77,12351,197.60,71,1725,9251,3,16
1784688165.812,real_q8_tensor_220w_mtp,3,100,12351,201.85,69,1740,9251,3,16
1784688166.407,real_q8_tensor_220w_mtp,0,100,12351,194.60,65,1815,9251,3,16
1784688166.407,real_q8_tensor_220w_mtp,1,100,12351,200.63,71,1650,9251,3,16
1784688166.407,real_q8_tensor_220w_mtp,2,77,12351,197.04,74,1710,9251,3,16
1784688166.407,real_q8_tensor_220w_mtp,3,100,12351,202.40,70,1725,9251,3,16
1784688166.977,real_q8_tensor_220w_mtp,0,100,12351,211.20,65,1755,9251,3,16
1784688166.977,real_q8_tensor_220w_mtp,1,100,12351,213.89,71,1680,9251,3,16
1784688166.977,real_q8_tensor_220w_mtp,2,100,12351,212.64,74,1710,9251,3,16
1784688166.977,real_q8_tensor_220w_mtp,3,100,12351,215.60,70,1695,9251,3,16
1784688167.550,real_q8_tensor_220w_mtp,0,100,12351,211.06,65,1770,9251,3,16
1784688167.550,real_q8_tensor_220w_mtp,1,100,12351,215.15,71,1725,9251,3,16
1784688167.550,real_q8_tensor_220w_mtp,2,100,12351,213.01,74,1755,9251,3,16
1784688167.550,real_q8_tensor_220w_mtp,3,100,12351,215.16,70,1710,9251,3,16
1784688168.172,real_q8_tensor_220w_mtp,0,100,12351,194.55,65,1770,9251,3,16
1784688168.172,real_q8_tensor_220w_mtp,1,100,12351,201.19,71,1665,9251,3,16
1784688168.172,real_q8_tensor_220w_mtp,2,100,12351,197.47,74,1710,9251,3,16
1784688168.172,real_q8_tensor_220w_mtp,3,100,12351,201.35,70,1695,9251,3,16
1784688168.744,real_q8_tensor_220w_mtp,0,100,12351,194.57,65,1740,9251,3,16
1784688168.744,real_q8_tensor_220w_mtp,1,100,12351,202.83,71,1665,9251,3,16
1784688168.744,real_q8_tensor_220w_mtp,2,100,12351,199.82,74,1725,9251,3,16
1784688168.744,real_q8_tensor_220w_mtp,3,100,12351,202.21,70,1680,9251,3,16
1784688169.315,real_q8_tensor_220w_mtp,0,100,12351,212.02,65,1755,9251,3,16
1784688169.315,real_q8_tensor_220w_mtp,1,100,12351,214.66,71,1740,9251,3,16
1784688169.315,real_q8_tensor_220w_mtp,2,100,12351,211.68,74,1725,9251,3,16
1784688169.315,real_q8_tensor_220w_mtp,3,100,12351,215.72,70,1710,9251,3,16
1784688169.877,real_q8_tensor_220w_mtp,0,32,12351,207.04,65,1890,9251,3,16
1784688169.877,real_q8_tensor_220w_mtp,1,52,12351,211.12,70,1815,9251,3,16
1784688169.877,real_q8_tensor_220w_mtp,2,100,12351,209.17,72,1890,9251,3,16
1784688169.877,real_q8_tensor_220w_mtp,3,20,12351,208.08,70,1845,9251,3,16
1784688170.441,real_q8_tensor_220w_mtp,0,32,12351,194.45,65,1815,9251,3,16
1784688170.441,real_q8_tensor_220w_mtp,1,52,12351,203.42,71,1650,9251,3,16
1784688170.441,real_q8_tensor_220w_mtp,2,100,12351,199.10,74,1710,9251,3,16
1784688170.441,real_q8_tensor_220w_mtp,3,20,12351,200.28,70,1695,9251,3,16
1784688171.014,real_q8_tensor_220w_mtp,0,100,12351,200.59,65,1830,9251,3,16
1784688171.014,real_q8_tensor_220w_mtp,1,89,12351,207.34,71,1785,9251,3,16
1784688171.014,real_q8_tensor_220w_mtp,2,100,12351,205.77,74,1770,9251,3,16
1784688171.014,real_q8_tensor_220w_mtp,3,100,12351,206.34,70,1800,9251,3,16
1784688171.597,real_q8_tensor_220w_mtp,0,100,12351,208.13,65,1755,9251,3,16
1784688171.597,real_q8_tensor_220w_mtp,1,89,12351,211.85,70,1695,9251,3,16
1784688171.597,real_q8_tensor_220w_mtp,2,82,12351,210.43,73,1725,9251,3,16
1784688171.597,real_q8_tensor_220w_mtp,3,100,12351,211.79,70,1710,9251,3,16
1784688172.193,real_q8_tensor_220w_mtp,0,38,12351,205.53,64,1905,9251,3,16
1784688172.193,real_q8_tensor_220w_mtp,1,33,12351,207.12,69,1860,9251,3,16
1784688172.193,real_q8_tensor_220w_mtp,2,44,12351,204.63,72,1845,9251,3,16
1784688172.193,real_q8_tensor_220w_mtp,3,37,12351,208.16,69,1875,9251,3,16
1784688172.758,real_q8_tensor_220w_mtp,0,38,12351,198.37,65,1755,9251,3,16
1784688172.758,real_q8_tensor_220w_mtp,1,33,12351,203.03,71,1680,9251,3,16
1784688172.758,real_q8_tensor_220w_mtp,2,100,12351,199.36,74,1710,9251,3,16
1784688172.758,real_q8_tensor_220w_mtp,3,37,12351,202.60,70,1680,9251,3,16
1784688173.320,real_q8_tensor_220w_mtp,0,75,12351,201.07,64,1740,9251,3,16
1784688173.320,real_q8_tensor_220w_mtp,1,98,12351,209.70,70,1620,9251,3,16
1784688173.320,real_q8_tensor_220w_mtp,2,100,12351,205.16,73,1680,9251,3,16
1784688173.320,real_q8_tensor_220w_mtp,3,59,12351,205.85,70,1665,9251,3,16
1784688173.890,real_q8_tensor_220w_mtp,0,75,12351,209.24,65,1785,9251,3,16
1784688173.890,real_q8_tensor_220w_mtp,1,98,12351,211.48,71,1695,9251,3,16
1784688173.890,real_q8_tensor_220w_mtp,2,71,12351,207.87,74,1695,9251,3,16
1784688173.890,real_q8_tensor_220w_mtp,3,59,12351,214.52,70,1740,9251,3,16
1784688174.464,real_q8_tensor_220w_mtp,0,31,12351,198.51,63,1890,9251,3,16
1784688174.464,real_q8_tensor_220w_mtp,1,32,12351,204.17,70,1800,9251,3,16
1784688174.464,real_q8_tensor_220w_mtp,2,71,12351,201.74,73,1845,9251,3,16
1784688174.464,real_q8_tensor_220w_mtp,3,31,12351,202.89,69,1815,9251,3,16
1784688175.023,real_q8_tensor_220w_mtp,0,31,12351,195.64,65,1890,9251,3,16
1784688175.023,real_q8_tensor_220w_mtp,1,79,12351,197.99,71,1875,9251,3,16
1784688175.023,real_q8_tensor_220w_mtp,2,58,12351,194.21,74,1845,9251,3,16
1784688175.023,real_q8_tensor_220w_mtp,3,100,12351,202.15,70,1890,9251,3,16
1784688175.596,real_q8_tensor_220w_mtp,0,63,12351,205.59,65,1755,9251,3,16
1784688175.596,real_q8_tensor_220w_mtp,1,58,12351,209.11,71,1650,9251,3,16
1784688175.596,real_q8_tensor_220w_mtp,2,58,12351,205.72,73,1680,9251,3,16
1784688175.596,real_q8_tensor_220w_mtp,3,82,12351,210.93,70,1680,9251,3,16
1784688176.166,real_q8_tensor_220w_mtp,0,63,12351,212.25,65,1740,9251,3,16
1784688176.166,real_q8_tensor_220w_mtp,1,58,12351,215.35,71,1635,9251,3,16
1784688176.166,real_q8_tensor_220w_mtp,2,100,12351,214.32,74,1695,9251,3,16
1784688176.166,real_q8_tensor_220w_mtp,3,82,12351,214.04,70,1725,9251,3,16
1784688176.735,real_q8_tensor_220w_mtp,0,30,12351,191.79,64,1920,9251,3,16
1784688176.735,real_q8_tensor_220w_mtp,1,19,12351,200.65,69,1905,9251,3,16
1784688176.735,real_q8_tensor_220w_mtp,2,100,12351,197.57,72,1890,9251,3,16
1784688176.735,real_q8_tensor_220w_mtp,3,37,12351,204.65,69,1920,9251,3,16
1784688177.324,real_q8_tensor_220w_mtp,0,30,12351,190.61,65,1740,9251,3,16
1784688177.324,real_q8_tensor_220w_mtp,1,19,12351,198.34,71,1665,9251,3,16
1784688177.324,real_q8_tensor_220w_mtp,2,72,12351,194.37,73,1710,9251,3,16
1784688177.324,real_q8_tensor_220w_mtp,3,37,12351,198.13,70,1680,9251,3,16
1784688177.918,real_q8_tensor_220w_mtp,0,100,12351,212.70,65,1815,9251,3,16
1784688177.918,real_q8_tensor_220w_mtp,1,82,12351,212.28,71,1635,9251,3,16
1784688177.918,real_q8_tensor_220w_mtp,2,72,12351,211.78,74,1695,9251,3,16
1784688177.918,real_q8_tensor_220w_mtp,3,100,12351,216.14,70,1695,9251,3,16
1784688178.485,real_q8_tensor_220w_mtp,0,100,12351,212.82,65,1740,9251,3,16
1784688178.485,real_q8_tensor_220w_mtp,1,82,12351,214.35,71,1650,9251,3,16
1784688178.485,real_q8_tensor_220w_mtp,2,100,12351,213.50,74,1740,9251,3,16
1784688178.485,real_q8_tensor_220w_mtp,3,100,12351,214.97,70,1680,9251,3,16
1784688179.054,real_q8_tensor_220w_mtp,0,28,12351,196.49,63,1920,9251,3,16
1784688179.054,real_q8_tensor_220w_mtp,1,14,12351,197.51,69,1635,9251,3,16
1784688179.054,real_q8_tensor_220w_mtp,2,37,12351,194.06,72,1785,9251,3,16
1784688179.054,real_q8_tensor_220w_mtp,3,20,12351,201.15,68,1815,9251,3,16
1784688179.623,real_q8_tensor_220w_mtp,0,28,12351,191.56,65,1740,9251,3,16
1784688179.623,real_q8_tensor_220w_mtp,1,14,12351,199.95,71,1665,9251,3,16
1784688179.623,real_q8_tensor_220w_mtp,2,100,12351,195.16,74,1710,9251,3,16
1784688179.623,real_q8_tensor_220w_mtp,3,20,12351,198.32,70,1665,9251,3,16
1784688180.194,real_q8_tensor_220w_mtp,0,100,12351,211.03,65,1740,9251,3,16
1784688180.194,real_q8_tensor_220w_mtp,1,100,12351,216.10,71,1635,9251,3,16
1784688180.194,real_q8_tensor_220w_mtp,2,100,12351,212.98,74,1710,9251,3,16
1784688180.194,real_q8_tensor_220w_mtp,3,100,12351,213.05,70,1665,9251,3,16
1784688180.785,real_q8_tensor_220w_mtp,0,100,12351,211.69,65,1755,9251,3,16
1784688180.785,real_q8_tensor_220w_mtp,1,100,12351,214.48,71,1650,9251,3,16
1784688180.785,real_q8_tensor_220w_mtp,2,100,12351,212.95,74,1695,9251,3,16
1784688180.785,real_q8_tensor_220w_mtp,3,100,12351,213.54,70,1665,9251,3,16
1784688181.398,real_q8_tensor_220w_mtp,0,64,12351,192.40,64,1725,9251,3,16
1784688181.398,real_q8_tensor_220w_mtp,1,39,12351,197.97,70,1650,9251,3,16
1784688181.398,real_q8_tensor_220w_mtp,2,100,12351,192.77,73,1695,9251,3,16
1784688181.398,real_q8_tensor_220w_mtp,3,84,12351,197.89,69,1680,9251,3,16
1784688181.967,real_q8_tensor_220w_mtp,0,64,12351,190.90,65,1755,9251,3,16
1784688181.967,real_q8_tensor_220w_mtp,1,39,12351,197.93,71,1635,9251,3,16
1784688181.967,real_q8_tensor_220w_mtp,2,100,12351,192.90,74,1740,9251,3,16
1784688181.967,real_q8_tensor_220w_mtp,3,84,12351,197.74,70,1665,9251,3,16
1784688182.536,real_q8_tensor_220w_mtp,0,100,12351,210.90,65,1740,9251,3,16
1784688182.536,real_q8_tensor_220w_mtp,1,100,12351,213.83,71,1680,9251,3,16
1784688182.536,real_q8_tensor_220w_mtp,2,100,12351,211.77,74,1680,9251,3,16
1784688182.536,real_q8_tensor_220w_mtp,3,100,12351,214.15,70,1665,9251,3,16
1784688183.135,real_q8_tensor_220w_mtp,0,100,12351,211.93,65,1740,9251,3,16
1784688183.135,real_q8_tensor_220w_mtp,1,100,12351,213.32,71,1710,9251,3,16
1784688183.135,real_q8_tensor_220w_mtp,2,100,12351,211.44,74,1725,9251,3,16
1784688183.135,real_q8_tensor_220w_mtp,3,100,12351,213.68,70,1695,9251,3,16
1784688183.706,real_q8_tensor_220w_mtp,0,75,12351,191.22,64,1740,9251,3,16
1784688183.706,real_q8_tensor_220w_mtp,1,50,12351,198.19,70,1665,9251,3,16
1784688183.706,real_q8_tensor_220w_mtp,2,100,12351,194.38,73,1740,9251,3,16
1784688183.706,real_q8_tensor_220w_mtp,3,89,12351,199.72,69,1680,9251,3,16
1784688184.275,real_q8_tensor_220w_mtp,0,75,12351,191.73,65,1740,9251,3,16
1784688184.275,real_q8_tensor_220w_mtp,1,50,12351,198.55,71,1710,9251,3,16
1784688184.275,real_q8_tensor_220w_mtp,2,100,12351,194.89,74,1755,9251,3,16
1784688184.275,real_q8_tensor_220w_mtp,3,89,12351,200.04,70,1725,9251,3,16
1784688184.847,real_q8_tensor_220w_mtp,0,100,12351,212.26,65,1740,9251,3,16
1784688184.847,real_q8_tensor_220w_mtp,1,100,12351,213.95,71,1665,9251,3,16
1784688184.847,real_q8_tensor_220w_mtp,2,100,12351,210.70,74,1755,9251,3,16
1784688184.847,real_q8_tensor_220w_mtp,3,100,12351,213.06,70,1665,9251,3,16
1784688185.439,real_q8_tensor_220w_mtp,0,100,12351,211.87,65,1740,9251,3,16
1784688185.439,real_q8_tensor_220w_mtp,1,100,12351,213.37,71,1710,9251,3,16
1784688185.439,real_q8_tensor_220w_mtp,2,100,12351,211.20,74,1725,9251,3,16
1784688185.439,real_q8_tensor_220w_mtp,3,100,12351,212.59,70,1695,9251,3,16
1784688186.009,real_q8_tensor_220w_mtp,0,69,12351,189.66,64,1725,9251,3,16
1784688186.009,real_q8_tensor_220w_mtp,1,45,12351,199.28,70,1650,9251,3,16
1784688186.009,real_q8_tensor_220w_mtp,2,100,12351,193.47,73,1695,9251,3,16
1784688186.009,real_q8_tensor_220w_mtp,3,84,12351,198.44,69,1665,9251,3,16
1784688186.578,real_q8_tensor_220w_mtp,0,85,12351,189.97,65,1725,9251,3,16
1784688186.578,real_q8_tensor_220w_mtp,1,78,12351,200.29,71,1635,9251,3,16
1784688186.578,real_q8_tensor_220w_mtp,2,100,12351,193.71,73,1680,9251,3,16
1784688186.578,real_q8_tensor_220w_mtp,3,78,12351,198.90,70,1650,9251,3,16
1784688187.150,real_q8_tensor_220w_mtp,0,100,12351,210.44,65,1800,9251,3,16
1784688187.150,real_q8_tensor_220w_mtp,1,100,12351,214.68,71,1650,9251,3,16
1784688187.150,real_q8_tensor_220w_mtp,2,100,12351,211.26,74,1680,9251,3,16
1784688187.150,real_q8_tensor_220w_mtp,3,100,12351,214.99,70,1710,9251,3,16
1784688187.736,real_q8_tensor_220w_mtp,0,100,12351,210.54,65,1800,9251,3,16
1784688187.736,real_q8_tensor_220w_mtp,1,100,12351,214.91,71,1620,9251,3,16
1784688187.736,real_q8_tensor_220w_mtp,2,100,12351,211.17,74,1695,9251,3,16
1784688187.736,real_q8_tensor_220w_mtp,3,100,12351,214.33,70,1680,9251,3,16
1784688188.305,real_q8_tensor_220w_mtp,0,51,12351,189.16,64,1785,9251,3,16
1784688188.305,real_q8_tensor_220w_mtp,1,100,12351,198.90,70,1650,9251,3,16
1784688188.305,real_q8_tensor_220w_mtp,2,100,12351,191.29,72,1680,9251,3,16
1784688188.305,real_q8_tensor_220w_mtp,3,64,12351,196.25,69,1740,9251,3,16
1784688188.897,real_q8_tensor_220w_mtp,0,51,12351,188.23,65,1770,9251,3,16
1784688188.897,real_q8_tensor_220w_mtp,1,100,12351,197.81,71,1695,9251,3,16
1784688188.897,real_q8_tensor_220w_mtp,2,96,12351,191.51,74,1755,9251,3,16
1784688188.897,real_q8_tensor_220w_mtp,3,64,12351,196.46,70,1665,9251,3,16
1784688189.468,real_q8_tensor_220w_mtp,0,100,12351,210.10,65,1740,9251,3,16
1784688189.468,real_q8_tensor_220w_mtp,1,100,12351,213.41,71,1650,9251,3,16
1784688189.468,real_q8_tensor_220w_mtp,2,96,12351,212.12,74,1740,9251,3,16
1784688189.468,real_q8_tensor_220w_mtp,3,100,12351,214.18,70,1665,9251,3,16
1784688190.039,real_q8_tensor_220w_mtp,0,100,12351,210.79,65,1740,9251,3,16
1784688190.039,real_q8_tensor_220w_mtp,1,100,12351,213.93,71,1635,9251,3,16
1784688190.039,real_q8_tensor_220w_mtp,2,100,12351,211.32,74,1680,9251,3,16
1784688190.039,real_q8_tensor_220w_mtp,3,77,12351,214.02,70,1650,9251,3,16
1784688190.612,real_q8_tensor_220w_mtp,0,10,12351,188.16,63,1725,9251,3,16
1784688190.612,real_q8_tensor_220w_mtp,1,20,12351,197.70,68,1635,9251,3,16
1784688190.612,real_q8_tensor_220w_mtp,2,100,12351,191.94,71,1635,9251,3,16
1784688190.612,real_q8_tensor_220w_mtp,3,19,12351,194.65,68,1635,9251,3,16
1784688191.182,real_q8_tensor_220w_mtp,0,10,12351,189.61,65,1800,9251,3,16
1784688191.182,real_q8_tensor_220w_mtp,1,20,12351,196.49,71,1650,9251,3,16
1784688191.182,real_q8_tensor_220w_mtp,2,58,12351,191.68,74,1665,9251,3,16
1784688191.182,real_q8_tensor_220w_mtp,3,19,12351,196.25,70,1725,9251,3,16
1784688191.772,real_q8_tensor_220w_mtp,0,100,12351,210.64,65,1770,9251,3,16
1784688191.772,real_q8_tensor_220w_mtp,1,100,12351,212.96,71,1695,9251,3,16
1784688191.772,real_q8_tensor_220w_mtp,2,58,12351,210.71,74,1740,9251,3,16
1784688191.772,real_q8_tensor_220w_mtp,3,100,12351,213.60,70,1740,9251,3,16
1784688192.341,real_q8_tensor_220w_mtp,0,100,12351,210.91,65,1725,9251,3,16
1784688192.341,real_q8_tensor_220w_mtp,1,100,12351,213.17,71,1605,9251,3,16
1784688192.341,real_q8_tensor_220w_mtp,2,100,12351,210.70,74,1695,9251,3,16
1784688192.341,real_q8_tensor_220w_mtp,3,100,12351,213.69,70,1650,9251,3,16
1784688192.910,real_q8_tensor_220w_mtp,0,22,12351,193.56,63,1920,9251,3,16
1784688192.910,real_q8_tensor_220w_mtp,1,35,12351,202.84,69,1905,9251,3,16
1784688192.910,real_q8_tensor_220w_mtp,2,100,12351,189.96,72,1890,9251,3,16
1784688192.910,real_q8_tensor_220w_mtp,3,21,12351,197.79,68,1920,9251,3,16
1784688193.477,real_q8_tensor_220w_mtp,0,100,12351,188.91,65,1725,9251,3,16
1784688193.477,real_q8_tensor_220w_mtp,1,80,12351,195.60,70,1575,9251,3,16
1784688193.477,real_q8_tensor_220w_mtp,2,66,12351,190.67,72,1635,9251,3,16
1784688193.477,real_q8_tensor_220w_mtp,3,77,12351,195.98,70,1665,9251,3,16
1784688194.049,real_q8_tensor_220w_mtp,0,100,12351,210.29,64,1725,9251,3,16
1784688194.049,real_q8_tensor_220w_mtp,1,83,12351,215.29,70,1620,9251,3,16
1784688194.049,real_q8_tensor_220w_mtp,2,88,12351,212.64,74,1665,9251,3,16
1784688194.049,real_q8_tensor_220w_mtp,3,100,12351,212.70,70,1650,9251,3,16
1784688194.643,real_q8_tensor_220w_mtp,0,100,12351,209.85,65,1785,9251,3,16
1784688194.643,real_q8_tensor_220w_mtp,1,83,12351,213.69,71,1650,9251,3,16
1784688194.643,real_q8_tensor_220w_mtp,2,100,12351,211.60,74,1665,9251,3,16
1784688194.643,real_q8_tensor_220w_mtp,3,100,12351,213.12,70,1725,9251,3,16
1784688195.214,real_q8_tensor_220w_mtp,0,40,12351,198.56,63,1830,9251,3,16
1784688195.214,real_q8_tensor_220w_mtp,1,38,12351,204.03,70,1725,9251,3,16
1784688195.214,real_q8_tensor_220w_mtp,2,100,12351,197.04,72,1890,9251,3,16
1784688195.214,real_q8_tensor_220w_mtp,3,24,12351,202.79,68,1755,9251,3,16
1784688195.773,real_q8_tensor_220w_mtp,0,40,12351,193.35,65,1710,9251,3,16
1784688195.773,real_q8_tensor_220w_mtp,1,38,12351,198.96,71,1695,9251,3,16
1784688195.773,real_q8_tensor_220w_mtp,2,100,12351,194.39,74,1725,9251,3,16
1784688195.773,real_q8_tensor_220w_mtp,3,24,12351,198.45,70,1680,9251,3,16
1784688196.334,real_q8_tensor_220w_mtp,0,100,12351,204.51,65,1905,9251,3,16
1784688196.334,real_q8_tensor_220w_mtp,1,54,12351,207.34,71,1875,9251,3,16
1784688196.334,real_q8_tensor_220w_mtp,2,100,12351,204.67,72,1875,9251,3,16
1784688196.334,real_q8_tensor_220w_mtp,3,96,12351,209.76,69,1890,9251,3,16
1784688196.900,real_q8_tensor_220w_mtp,0,100,12351,204.81,65,1695,9251,3,16
1784688196.900,real_q8_tensor_220w_mtp,1,54,12351,209.73,69,1620,9251,3,16
1784688196.900,real_q8_tensor_220w_mtp,2,73,12351,212.92,72,1725,9251,3,16
1784688196.900,real_q8_tensor_220w_mtp,3,96,12351,211.40,70,1650,9251,3,16
1784688197.471,real_q8_tensor_220w_mtp,0,35,12351,203.78,63,1860,9251,3,16
1784688197.471,real_q8_tensor_220w_mtp,1,30,12351,210.02,69,1710,9251,3,16
1784688197.471,real_q8_tensor_220w_mtp,2,73,12351,207.51,72,1875,9251,3,16
1784688197.471,real_q8_tensor_220w_mtp,3,42,12351,206.70,69,1740,9251,3,16
1784688198.031,real_q8_tensor_220w_mtp,0,35,12351,193.26,65,1710,9251,3,16
1784688198.031,real_q8_tensor_220w_mtp,1,100,12351,197.70,70,1665,9251,3,16
1784688198.031,real_q8_tensor_220w_mtp,2,100,12351,193.81,74,1680,9251,3,16
1784688198.031,real_q8_tensor_220w_mtp,3,92,12351,198.26,70,1665,9251,3,16
1784688198.601,real_q8_tensor_220w_mtp,0,100,12351,198.60,65,1710,9251,3,16
1784688198.601,real_q8_tensor_220w_mtp,1,100,12351,206.01,71,1620,9251,3,16
1784688198.601,real_q8_tensor_220w_mtp,2,100,12351,203.87,74,1740,9251,3,16
1784688198.601,real_q8_tensor_220w_mtp,3,100,12351,204.80,70,1635,9251,3,16
1784688199.192,real_q8_tensor_220w_mtp,0,100,12351,210.30,65,1770,9251,3,16
1784688199.192,real_q8_tensor_220w_mtp,1,100,12351,213.12,71,1605,9251,3,16
1784688199.192,real_q8_tensor_220w_mtp,2,100,12351,210.99,74,1695,9251,3,16
1784688199.192,real_q8_tensor_220w_mtp,3,100,12351,213.34,70,1695,9251,3,16
1784688199.754,real_q8_tensor_220w_mtp,0,100,12351,204.91,65,1875,9251,3,16
1784688199.754,real_q8_tensor_220w_mtp,1,82,12351,212.56,70,1830,9251,3,16
1784688199.754,real_q8_tensor_220w_mtp,2,100,12351,210.80,73,1770,9251,3,16
1784688199.754,real_q8_tensor_220w_mtp,3,100,12351,214.07,70,1860,9251,3,16
1784688200.312,real_q8_tensor_220w_mtp,0,100,12351,186.87,65,1740,9251,3,16
1784688200.312,real_q8_tensor_220w_mtp,1,82,12351,197.64,70,1680,9251,3,16
1784688200.312,real_q8_tensor_220w_mtp,2,100,12351,192.27,73,1725,9251,3,16
1784688200.312,real_q8_tensor_220w_mtp,3,100,12351,194.73,69,1665,9251,3,16
1784688200.882,real_q8_tensor_220w_mtp,0,100,12351,191.43,65,1710,9251,3,16
1784688200.882,real_q8_tensor_220w_mtp,1,100,12351,195.34,71,1605,9251,3,16
1784688200.882,real_q8_tensor_220w_mtp,2,100,12351,196.91,74,1755,9251,3,16
1784688200.882,real_q8_tensor_220w_mtp,3,100,12351,199.63,70,1635,9251,3,16
1784688201.476,real_q8_tensor_220w_mtp,0,100,12351,209.21,65,1725,9251,3,16
1784688201.476,real_q8_tensor_220w_mtp,1,100,12351,212.72,71,1620,9251,3,16
1784688201.476,real_q8_tensor_220w_mtp,2,100,12351,210.81,74,1740,9251,3,16
1784688201.476,real_q8_tensor_220w_mtp,3,100,12351,212.04,70,1650,9251,3,16
1784688202.047,real_q8_tensor_220w_mtp,0,100,12351,209.01,65,1770,9251,3,16
1784688202.047,real_q8_tensor_220w_mtp,1,100,12351,213.29,71,1665,9251,3,16
1784688202.047,real_q8_tensor_220w_mtp,2,100,12351,210.13,74,1740,9251,3,16
1784688202.047,real_q8_tensor_220w_mtp,3,100,12351,212.30,70,1725,9251,3,16
1784688202.617,real_q8_tensor_220w_mtp,0,100,12351,185.72,64,1740,9251,3,16
1784688202.617,real_q8_tensor_220w_mtp,1,100,12351,195.35,70,1590,9251,3,16
1784688202.617,real_q8_tensor_220w_mtp,2,75,12351,188.76,73,1650,9251,3,16
1784688202.617,real_q8_tensor_220w_mtp,3,100,12351,194.53,69,1635,9251,3,16
1784688203.228,real_q8_tensor_220w_mtp,0,100,12351,188.18,65,1770,9251,3,16
1784688203.228,real_q8_tensor_220w_mtp,1,100,12351,194.76,71,1695,9251,3,16
1784688203.228,real_q8_tensor_220w_mtp,2,76,12351,189.77,74,1725,9251,3,16
1784688203.228,real_q8_tensor_220w_mtp,3,100,12351,197.44,70,1725,9251,3,16
1784688203.842,real_q8_tensor_220w_mtp,0,100,12351,208.87,65,1740,9251,3,16
1784688203.842,real_q8_tensor_220w_mtp,1,100,12351,212.85,71,1695,9251,3,16
1784688203.842,real_q8_tensor_220w_mtp,2,100,12351,210.38,74,1665,9251,3,16
1784688203.842,real_q8_tensor_220w_mtp,3,100,12351,212.52,70,1710,9251,3,16
1784688204.413,real_q8_tensor_220w_mtp,0,100,12351,207.51,65,1695,9251,3,16
1784688204.413,real_q8_tensor_220w_mtp,1,100,12351,212.00,71,1590,9251,3,16
1784688204.413,real_q8_tensor_220w_mtp,2,100,12351,210.42,74,1650,9251,3,16
1784688204.413,real_q8_tensor_220w_mtp,3,100,12351,212.23,70,1665,9251,3,16
1784688205.026,real_q8_tensor_220w_mtp,0,100,12351,188.07,62,1905,9251,3,16
1784688205.026,real_q8_tensor_220w_mtp,1,30,12351,194.20,69,1905,9251,3,16
1784688205.026,real_q8_tensor_220w_mtp,2,31,12351,188.04,73,1695,9251,3,16
1784688205.026,real_q8_tensor_220w_mtp,3,33,12351,193.11,68,1680,9251,3,16
1784688205.599,real_q8_tensor_220w_mtp,0,53,12351,187.35,65,1770,9251,3,16
1784688205.599,real_q8_tensor_220w_mtp,1,50,12351,192.29,70,1620,9251,3,16
1784688205.599,real_q8_tensor_220w_mtp,2,31,12351,189.06,72,1635,9251,3,16
1784688205.599,real_q8_tensor_220w_mtp,3,58,12351,193.76,70,1725,9251,3,16
1784688206.167,real_q8_tensor_220w_mtp,0,53,12351,208.64,65,1710,9251,3,16
1784688206.167,real_q8_tensor_220w_mtp,1,50,12351,211.85,71,1680,9251,3,16
1784688206.167,real_q8_tensor_220w_mtp,2,74,12351,211.61,74,1710,9251,3,16
1784688206.167,real_q8_tensor_220w_mtp,3,58,12351,212.85,70,1710,9251,3,16
1784688206.757,real_q8_tensor_220w_mtp,0,100,12351,209.81,65,1695,9251,3,16
1784688206.757,real_q8_tensor_220w_mtp,1,100,12351,212.49,71,1605,9251,3,16
1784688206.757,real_q8_tensor_220w_mtp,2,74,12351,210.15,74,1725,9251,3,16
1784688206.757,real_q8_tensor_220w_mtp,3,100,12351,211.85,70,1620,9251,3,16
1784688207.326,real_q8_tensor_220w_mtp,0,100,12351,199.26,63,1890,9251,3,16
1784688207.326,real_q8_tensor_220w_mtp,1,100,12351,200.22,69,1875,9251,3,16
1784688207.326,real_q8_tensor_220w_mtp,2,25,12351,197.53,72,1890,9251,3,16
1784688207.326,real_q8_tensor_220w_mtp,3,100,12351,202.28,69,1920,9251,3,16
1784688207.885,real_q8_tensor_220w_mtp,0,100,12351,189.14,65,1695,9251,3,16
1784688207.885,real_q8_tensor_220w_mtp,1,100,12351,196.43,71,1590,9251,3,16
1784688207.885,real_q8_tensor_220w_mtp,2,25,12351,192.65,73,1665,9251,3,16
1784688207.885,real_q8_tensor_220w_mtp,3,100,12351,197.56,70,1635,9251,3,16
1784688208.453,real_q8_tensor_220w_mtp,0,100,12351,203.69,65,1695,9251,3,16
1784688208.453,real_q8_tensor_220w_mtp,1,100,12351,207.35,71,1575,9251,3,16
1784688208.453,real_q8_tensor_220w_mtp,2,100,12351,204.30,74,1635,9251,3,16
1784688208.453,real_q8_tensor_220w_mtp,3,100,12351,209.95,70,1605,9251,3,16
1784688209.017,real_q8_tensor_220w_mtp,0,100,12351,208.32,65,1680,9251,3,16
1784688209.017,real_q8_tensor_220w_mtp,1,100,12351,210.59,71,1605,9251,3,16
1784688209.017,real_q8_tensor_220w_mtp,2,100,12351,208.53,74,1620,9251,3,16
1784688209.017,real_q8_tensor_220w_mtp,3,100,12351,212.66,70,1620,9251,3,16
1784688209.577,real_q8_tensor_220w_mtp,0,87,12351,207.25,65,1845,9251,3,16
1784688209.577,real_q8_tensor_220w_mtp,1,100,12351,211.96,71,1830,9251,3,16
1784688209.577,real_q8_tensor_220w_mtp,2,100,12351,210.14,74,1830,9251,3,16
1784688209.577,real_q8_tensor_220w_mtp,3,100,12351,208.18,70,1830,9251,3,16
1784688210.137,real_q8_tensor_220w_mtp,0,100,12351,185.66,64,1680,9251,3,16
1784688210.137,real_q8_tensor_220w_mtp,1,100,12351,193.12,70,1605,9251,3,16
1784688210.137,real_q8_tensor_220w_mtp,2,100,12351,189.22,73,1725,9251,3,16
1784688210.137,real_q8_tensor_220w_mtp,3,100,12351,191.03,69,1620,9251,3,16
1784688210.707,real_q8_tensor_220w_mtp,0,100,12351,187.45,65,1695,9251,3,16
1784688210.707,real_q8_tensor_220w_mtp,1,100,12351,200.16,71,1605,9251,3,16
1784688210.707,real_q8_tensor_220w_mtp,2,100,12351,195.57,74,1635,9251,3,16
1784688210.707,real_q8_tensor_220w_mtp,3,100,12351,194.82,70,1635,9251,3,16
1784688211.278,real_q8_tensor_220w_mtp,0,100,12351,209.54,65,1710,9251,3,16
1784688211.278,real_q8_tensor_220w_mtp,1,100,12351,212.58,71,1680,9251,3,16
1784688211.278,real_q8_tensor_220w_mtp,2,100,12351,209.77,74,1695,9251,3,16
1784688211.278,real_q8_tensor_220w_mtp,3,100,12351,211.99,70,1665,9251,3,16
1784688211.867,real_q8_tensor_220w_mtp,0,100,12351,208.49,65,1740,9251,3,16
1784688211.867,real_q8_tensor_220w_mtp,1,100,12351,211.60,71,1590,9251,3,16
1784688211.867,real_q8_tensor_220w_mtp,2,100,12351,209.47,74,1635,9251,3,16
1784688211.867,real_q8_tensor_220w_mtp,3,100,12351,211.65,70,1620,9251,3,16
1784688212.457,real_q8_tensor_220w_mtp,0,11,12351,183.54,64,1920,9251,3,16
1784688212.457,real_q8_tensor_220w_mtp,1,16,12351,193.99,68,1905,9251,3,16
1784688212.457,real_q8_tensor_220w_mtp,2,100,12351,188.84,71,1890,9251,3,16
1784688212.457,real_q8_tensor_220w_mtp,3,13,12351,189.34,68,1920,9251,3,16
1784688213.020,real_q8_tensor_220w_mtp,0,11,12351,187.12,64,1920,9251,3,16
1784688213.020,real_q8_tensor_220w_mtp,1,16,12351,190.47,71,1875,9251,3,16
1784688213.020,real_q8_tensor_220w_mtp,2,48,12351,184.21,74,1860,9251,3,16
1784688213.020,real_q8_tensor_220w_mtp,3,100,12351,193.20,68,1905,9251,3,16
1784688213.589,real_q8_tensor_220w_mtp,0,51,12351,207.39,64,1770,9251,3,16
1784688213.589,real_q8_tensor_220w_mtp,1,69,12351,210.53,69,1635,9251,3,16
1784688213.589,real_q8_tensor_220w_mtp,2,87,12351,208.82,72,1635,9251,3,16
1784688213.589,real_q8_tensor_220w_mtp,3,49,12351,213.97,70,1710,9251,3,16
1784688214.184,real_q8_tensor_220w_mtp,0,51,12351,208.58,65,1680,9251,3,16
1784688214.184,real_q8_tensor_220w_mtp,1,69,12351,213.13,71,1590,9251,3,16
1784688214.184,real_q8_tensor_220w_mtp,2,100,12351,209.31,74,1635,9251,3,16
1784688214.184,real_q8_tensor_220w_mtp,3,49,12351,211.44,70,1635,9251,3,16
1784688214.775,real_q8_tensor_220w_mtp,0,35,12351,198.93,64,1860,9251,3,16
1784688214.775,real_q8_tensor_220w_mtp,1,31,12351,203.92,70,1815,9251,3,16
1784688214.775,real_q8_tensor_220w_mtp,2,100,12351,202.09,72,1815,9251,3,16
1784688214.775,real_q8_tensor_220w_mtp,3,26,12351,202.69,69,1815,9251,3,16
1784688215.334,real_q8_tensor_220w_mtp,0,35,12351,187.75,65,1740,9251,3,16
1784688215.334,real_q8_tensor_220w_mtp,1,31,12351,193.42,70,1590,9251,3,16
1784688215.334,real_q8_tensor_220w_mtp,2,100,12351,190.65,73,1650,9251,3,16
1784688215.334,real_q8_tensor_220w_mtp,3,26,12351,195.47,69,1695,9251,3,16
1784688215.902,real_q8_tensor_220w_mtp,0,100,12351,196.87,65,1695,9251,3,16
1784688215.902,real_q8_tensor_220w_mtp,1,100,12351,200.69,71,1590,9251,3,16
1784688215.902,real_q8_tensor_220w_mtp,2,100,12351,202.36,74,1725,9251,3,16
1784688215.902,real_q8_tensor_220w_mtp,3,100,12351,203.92,70,1635,9251,3,16
1784688216.472,real_q8_tensor_220w_mtp,0,100,12351,208.59,65,1755,9251,3,16
1784688216.472,real_q8_tensor_220w_mtp,1,100,12351,211.18,71,1560,9251,3,16
1784688216.472,real_q8_tensor_220w_mtp,2,100,12351,209.83,74,1635,9251,3,16
1784688216.472,real_q8_tensor_220w_mtp,3,100,12351,211.04,70,1695,9251,3,16
1784688217.041,real_q8_tensor_220w_mtp,0,100,12351,208.96,65,1695,9251,3,16
1784688217.041,real_q8_tensor_220w_mtp,1,100,12351,210.10,71,1560,9251,3,16
1784688217.041,real_q8_tensor_220w_mtp,2,100,12351,209.16,74,1710,9251,3,16
1784688217.041,real_q8_tensor_220w_mtp,3,100,12351,211.04,70,1605,9251,3,16
1784688217.611,real_q8_tensor_220w_mtp,0,100,12351,181.73,64,1770,9251,3,16
1784688217.611,real_q8_tensor_220w_mtp,1,100,12351,189.68,68,1560,9251,3,16
1784688217.611,real_q8_tensor_220w_mtp,2,75,12351,186.23,71,1635,9251,3,16
1784688217.611,real_q8_tensor_220w_mtp,3,100,12351,191.62,69,1710,9251,3,16
1784688218.181,real_q8_tensor_220w_mtp,0,71,12351,184.10,65,1695,9251,3,16
1784688218.181,real_q8_tensor_220w_mtp,1,49,12351,191.01,71,1590,9251,3,16
1784688218.181,real_q8_tensor_220w_mtp,2,75,12351,186.14,73,1725,9251,3,16
1784688218.181,real_q8_tensor_220w_mtp,3,86,12351,192.44,70,1635,9251,3,16
1784688218.750,real_q8_tensor_220w_mtp,0,71,12351,208.00,64,1770,9251,3,16
1784688218.750,real_q8_tensor_220w_mtp,1,49,12351,211.81,71,1635,9251,3,16
1784688218.750,real_q8_tensor_220w_mtp,2,87,12351,209.00,73,1710,9251,3,16
1784688218.750,real_q8_tensor_220w_mtp,3,86,12351,211.33,69,1710,9251,3,16
1784688219.318,real_q8_tensor_220w_mtp,0,81,12351,207.55,65,1755,9251,3,16
1784688219.318,real_q8_tensor_220w_mtp,1,100,12351,213.10,71,1575,9251,3,16
1784688219.318,real_q8_tensor_220w_mtp,2,87,12351,208.87,73,1635,9251,3,16
1784688219.318,real_q8_tensor_220w_mtp,3,95,12351,210.81,70,1635,9251,3,16
1784688219.890,real_q8_tensor_220w_mtp,0,81,12351,199.15,63,1920,9251,3,16
1784688219.890,real_q8_tensor_220w_mtp,1,100,12351,204.29,70,1845,9251,3,16
1784688219.890,real_q8_tensor_220w_mtp,2,35,12351,201.33,72,1860,9251,3,16
1784688219.890,real_q8_tensor_220w_mtp,3,95,12351,203.23,68,1890,9251,3,16
1784688220.449,real_q8_tensor_220w_mtp,0,100,12351,186.13,65,1650,9251,3,16
1784688220.449,real_q8_tensor_220w_mtp,1,100,12351,193.93,71,1590,9251,3,16
1784688220.449,real_q8_tensor_220w_mtp,2,35,12351,190.37,74,1650,9251,3,16
1784688220.449,real_q8_tensor_220w_mtp,3,100,12351,194.98,70,1605,9251,3,16
1784688221.017,real_q8_tensor_220w_mtp,0,100,12351,195.63,65,1650,9251,3,16
1784688221.017,real_q8_tensor_220w_mtp,1,100,12351,204.84,71,1590,9251,3,16
1784688221.017,real_q8_tensor_220w_mtp,2,100,12351,201.28,74,1710,9251,3,16
1784688221.017,real_q8_tensor_220w_mtp,3,100,12351,202.03,70,1590,9251,3,16
1784688221.588,real_q8_tensor_220w_mtp,0,100,12351,208.24,65,1755,9251,3,16
1784688221.588,real_q8_tensor_220w_mtp,1,100,12351,211.16,71,1665,9251,3,16
1784688221.588,real_q8_tensor_220w_mtp,2,100,12351,209.08,74,1725,9251,3,16
1784688221.588,real_q8_tensor_220w_mtp,3,100,12351,210.37,70,1605,9251,3,16
1784688222.158,real_q8_tensor_220w_mtp,0,100,12351,207.82,65,1710,9251,3,16
1784688222.158,real_q8_tensor_220w_mtp,1,100,12351,211.46,71,1575,9251,3,16
1784688222.158,real_q8_tensor_220w_mtp,2,100,12351,208.44,74,1620,9251,3,16
1784688222.158,real_q8_tensor_220w_mtp,3,100,12351,210.91,70,1605,9251,3,16
1784688222.768,real_q8_tensor_220w_mtp,0,14,12351,184.70,62,1920,9251,3,16
1784688222.768,real_q8_tensor_220w_mtp,1,13,12351,186.55,68,1560,9251,3,16
1784688222.768,real_q8_tensor_220w_mtp,2,100,12351,182.40,71,1620,9251,3,16
1784688222.768,real_q8_tensor_220w_mtp,3,60,12351,190.79,69,1710,9251,3,16
1784688223.363,real_q8_tensor_220w_mtp,0,14,12351,185.27,64,1695,9251,3,16
1784688223.363,real_q8_tensor_220w_mtp,1,13,12351,191.86,70,1680,9251,3,16
1784688223.363,real_q8_tensor_220w_mtp,2,100,12351,188.44,73,1710,9251,3,16
1784688223.363,real_q8_tensor_220w_mtp,3,60,12351,193.90,70,1665,9251,3,16
1784688223.936,real_q8_tensor_220w_mtp,0,100,12351,207.69,65,1695,9251,3,16
1784688223.936,real_q8_tensor_220w_mtp,1,94,12351,210.27,71,1575,9251,3,16
1784688223.936,real_q8_tensor_220w_mtp,2,100,12351,207.72,73,1665,9251,3,16
1784688223.936,real_q8_tensor_220w_mtp,3,100,12351,209.75,70,1650,9251,3,16
1784688224.634,real_q8_tensor_220w_mtp,0,100,12351,207.13,65,1680,9251,3,16
1784688224.634,real_q8_tensor_220w_mtp,1,100,12351,210.31,71,1575,9251,3,16
1784688224.634,real_q8_tensor_220w_mtp,2,73,12351,206.89,73,1635,9251,3,16
1784688224.634,real_q8_tensor_220w_mtp,3,100,12351,210.21,70,1605,9251,3,16
1784688225.234,real_q8_tensor_220w_mtp,0,100,12351,193.67,63,1755,9251,3,16
1784688225.234,real_q8_tensor_220w_mtp,1,100,12351,194.93,68,1785,9251,3,16
1784688225.234,real_q8_tensor_220w_mtp,2,36,12351,189.92,71,1875,9251,3,16
1784688225.234,real_q8_tensor_220w_mtp,3,100,12351,198.24,68,1680,9251,3,16
1784688225.794,real_q8_tensor_220w_mtp,0,100,12351,183.62,65,1755,9251,3,16
1784688225.794,real_q8_tensor_220w_mtp,1,100,12351,191.71,70,1665,9251,3,16
1784688225.794,real_q8_tensor_220w_mtp,2,36,12351,185.33,73,1620,9251,3,16
1784688225.794,real_q8_tensor_220w_mtp,3,100,12351,190.63,70,1695,9251,3,16
1784688226.363,real_q8_tensor_220w_mtp,0,100,12351,203.67,65,1770,9251,3,16
1784688226.363,real_q8_tensor_220w_mtp,1,100,12351,207.15,71,1590,9251,3,16
1784688226.363,real_q8_tensor_220w_mtp,2,100,12351,203.39,73,1665,9251,3,16
1784688226.363,real_q8_tensor_220w_mtp,3,100,12351,209.55,70,1665,9251,3,16
1784688226.932,real_q8_tensor_220w_mtp,0,100,12351,208.04,65,1680,9251,3,16
1784688226.932,real_q8_tensor_220w_mtp,1,100,12351,210.07,71,1575,9251,3,16
1784688226.932,real_q8_tensor_220w_mtp,2,100,12351,207.18,74,1665,9251,3,16
1784688226.932,real_q8_tensor_220w_mtp,3,90,12351,211.60,70,1605,9251,3,16
1784688227.522,real_q8_tensor_220w_mtp,0,100,12351,208.88,65,1800,9251,3,16
1784688227.522,real_q8_tensor_220w_mtp,1,100,12351,212.85,71,1740,9251,3,16
1784688227.522,real_q8_tensor_220w_mtp,2,100,12351,210.17,73,1755,9251,3,16
1784688227.522,real_q8_tensor_220w_mtp,3,100,12351,211.09,70,1845,9251,3,16
1784688228.115,real_q8_tensor_220w_mtp,0,100,12351,183.44,64,1680,9251,3,16
1784688228.115,real_q8_tensor_220w_mtp,1,100,12351,191.72,70,1590,9251,3,16
1784688228.115,real_q8_tensor_220w_mtp,2,100,12351,187.16,73,1635,9251,3,16
1784688228.115,real_q8_tensor_220w_mtp,3,100,12351,191.85,69,1605,9251,3,16
1784688228.752,real_q8_tensor_220w_mtp,0,100,12351,187.96,65,1710,9251,3,16
1784688228.752,real_q8_tensor_220w_mtp,1,100,12351,193.99,71,1680,9251,3,16
1784688228.752,real_q8_tensor_220w_mtp,2,100,12351,189.51,73,1695,9251,3,16
1784688228.752,real_q8_tensor_220w_mtp,3,100,12351,197.76,69,1680,9251,3,16
1784688229.352,real_q8_tensor_220w_mtp,0,100,12351,207.39,65,1665,9251,3,16
1784688229.352,real_q8_tensor_220w_mtp,1,100,12351,210.95,71,1560,9251,3,16
1784688229.352,real_q8_tensor_220w_mtp,2,100,12351,208.01,73,1695,9251,3,16
1784688229.352,real_q8_tensor_220w_mtp,3,100,12351,210.16,70,1575,9251,3,16
1784688229.922,real_q8_tensor_220w_mtp,0,100,12351,207.21,65,1680,9251,3,16
1784688229.922,real_q8_tensor_220w_mtp,1,100,12351,210.08,70,1560,9251,3,16
1784688229.922,real_q8_tensor_220w_mtp,2,100,12351,208.50,73,1605,9251,3,16
1784688229.922,real_q8_tensor_220w_mtp,3,100,12351,210.17,70,1590,9251,3,16
1784688230.491,real_q8_tensor_220w_mtp,0,39,12351,192.41,62,1920,9251,3,16
1784688230.491,real_q8_tensor_220w_mtp,1,28,12351,196.21,68,1845,9251,3,16
1784688230.491,real_q8_tensor_220w_mtp,2,33,12351,191.24,71,1815,9251,3,16
1784688230.491,real_q8_tensor_220w_mtp,3,26,12351,197.36,68,1875,9251,3,16
1784688231.099,real_q8_tensor_220w_mtp,0,100,12351,175.48,64,1665,9251,3,16
1784688231.099,real_q8_tensor_220w_mtp,1,28,12351,184.57,70,1545,9251,3,16
1784688231.099,real_q8_tensor_220w_mtp,2,100,12351,178.46,73,1680,9251,3,16
1784688231.099,real_q8_tensor_220w_mtp,3,26,12351,184.69,69,1575,9251,3,16
1784688231.748,real_q8_tensor_220w_mtp,0,100,12351,201.61,65,1755,9251,3,16
1784688231.748,real_q8_tensor_220w_mtp,1,100,12351,203.55,70,1635,9251,3,16
1784688231.748,real_q8_tensor_220w_mtp,2,100,12351,200.63,73,1620,9251,3,16
1784688231.748,real_q8_tensor_220w_mtp,3,100,12351,208.29,69,1710,9251,3,16
1784688232.319,real_q8_tensor_220w_mtp,0,100,12351,206.61,65,1755,9251,3,16
1784688232.319,real_q8_tensor_220w_mtp,1,100,12351,210.16,71,1680,9251,3,16
1784688232.319,real_q8_tensor_220w_mtp,2,100,12351,207.59,74,1710,9251,3,16
1784688232.319,real_q8_tensor_220w_mtp,3,100,12351,210.46,70,1710,9251,3,16
1784688232.891,real_q8_tensor_220w_mtp,0,100,12351,206.46,65,1650,9251,3,16
1784688232.891,real_q8_tensor_220w_mtp,1,100,12351,210.24,71,1545,9251,3,16
1784688232.891,real_q8_tensor_220w_mtp,2,100,12351,207.74,74,1680,9251,3,16
1784688232.891,real_q8_tensor_220w_mtp,3,100,12351,209.58,70,1680,9251,3,16
1784688233.477,real_q8_tensor_220w_mtp,0,19,12351,177.57,63,1665,9251,3,16
1784688233.477,real_q8_tensor_220w_mtp,1,100,12351,187.78,68,1515,9251,3,16
1784688233.477,real_q8_tensor_220w_mtp,2,16,12351,183.37,71,1890,9251,3,16
1784688233.477,real_q8_tensor_220w_mtp,3,100,12351,186.67,69,1590,9251,3,16
1784688234.045,real_q8_tensor_220w_mtp,0,98,12351,179.03,64,1815,9251,3,16
1784688234.045,real_q8_tensor_220w_mtp,1,45,12351,185.14,70,1485,9251,3,16
1784688234.045,real_q8_tensor_220w_mtp,2,100,12351,180.36,73,1620,9251,3,16
1784688234.045,real_q8_tensor_220w_mtp,3,68,12351,188.78,69,1650,9251,3,16
1784688234.617,real_q8_tensor_220w_mtp,0,72,12351,208.74,63,1725,9251,3,16
1784688234.617,real_q8_tensor_220w_mtp,1,45,12351,209.27,71,1545,9251,3,16
1784688234.617,real_q8_tensor_220w_mtp,2,45,12351,207.26,73,1620,9251,3,16
1784688234.617,real_q8_tensor_220w_mtp,3,68,12351,209.15,68,1605,9251,3,16
1784688235.209,real_q8_tensor_220w_mtp,0,73,12351,203.64,63,1680,9251,3,16
1784688235.209,real_q8_tensor_220w_mtp,1,72,12351,210.16,71,1545,9251,3,16
1784688235.209,real_q8_tensor_220w_mtp,2,86,12351,207.81,73,1620,9251,3,16
1784688235.209,real_q8_tensor_220w_mtp,3,44,12351,208.15,69,1590,9251,3,16
1784688235.798,real_q8_tensor_220w_mtp,0,21,12351,201.89,64,1920,9251,3,16
1784688235.798,real_q8_tensor_220w_mtp,1,72,12351,202.79,69,1890,9251,3,16
1784688235.798,real_q8_tensor_220w_mtp,2,36,12351,200.45,71,1875,9251,3,16
1784688235.798,real_q8_tensor_220w_mtp,3,44,12351,206.85,69,1920,9251,3,16
1784688236.378,real_q8_tensor_220w_mtp,0,21,12351,184.78,64,1740,9251,3,16
1784688236.378,real_q8_tensor_220w_mtp,1,100,12351,193.12,70,1665,9251,3,16
1784688236.378,real_q8_tensor_220w_mtp,2,36,12351,189.43,73,1710,9251,3,16
1784688236.378,real_q8_tensor_220w_mtp,3,100,12351,193.14,69,1695,9251,3,16
1784688236.970,real_q8_tensor_220w_mtp,0,100,12351,192.13,64,1665,9251,3,16
1784688236.970,real_q8_tensor_220w_mtp,1,100,12351,200.43,70,1635,9251,3,16
1784688236.970,real_q8_tensor_220w_mtp,2,100,12351,197.12,73,1680,9251,3,16
1784688236.970,real_q8_tensor_220w_mtp,3,100,12351,201.40,70,1590,9251,3,16
1784688237.541,real_q8_tensor_220w_mtp,0,73,12351,206.15,65,1740,9251,3,16
1784688237.541,real_q8_tensor_220w_mtp,1,100,12351,210.19,71,1575,9251,3,16
1784688237.541,real_q8_tensor_220w_mtp,2,100,12351,207.96,74,1650,9251,3,16
1784688237.541,real_q8_tensor_220w_mtp,3,100,12351,210.07,70,1635,9251,3,16
1784688238.112,real_q8_tensor_220w_mtp,0,100,12351,206.26,65,1650,9251,3,16
1784688238.112,real_q8_tensor_220w_mtp,1,100,12351,210.06,71,1545,9251,3,16
1784688238.112,real_q8_tensor_220w_mtp,2,100,12351,207.72,73,1710,9251,3,16
1784688238.112,real_q8_tensor_220w_mtp,3,100,12351,209.65,70,1575,9251,3,16
1784688238.680,real_q8_tensor_220w_mtp,0,100,12351,189.65,62,1905,9251,3,16
1784688238.680,real_q8_tensor_220w_mtp,1,38,12351,198.68,69,1875,9251,3,16
1784688238.680,real_q8_tensor_220w_mtp,2,100,12351,194.83,72,1875,9251,3,16
1784688238.680,real_q8_tensor_220w_mtp,3,27,12351,194.05,67,1890,9251,3,16
1784688239.240,real_q8_tensor_220w_mtp,0,100,12351,182.72,64,1650,9251,3,16
1784688239.240,real_q8_tensor_220w_mtp,1,38,12351,190.40,71,1605,9251,3,16
1784688239.240,real_q8_tensor_220w_mtp,2,100,12351,185.83,73,1620,9251,3,16
1784688239.240,real_q8_tensor_220w_mtp,3,27,12351,190.87,69,1590,9251,3,16
1784688239.809,real_q8_tensor_220w_mtp,0,100,12351,199.84,64,1740,9251,3,16
1784688239.809,real_q8_tensor_220w_mtp,1,100,12351,206.40,71,1665,9251,3,16
1784688239.809,real_q8_tensor_220w_mtp,2,100,12351,204.40,73,1590,9251,3,16
1784688239.809,real_q8_tensor_220w_mtp,3,100,12351,206.63,70,1695,9251,3,16
1784688240.379,real_q8_tensor_220w_mtp,0,100,12351,206.72,64,1635,9251,3,16
1784688240.379,real_q8_tensor_220w_mtp,1,100,12351,209.60,71,1560,9251,3,16
1784688240.379,real_q8_tensor_220w_mtp,2,100,12351,207.70,74,1605,9251,3,16
1784688240.379,real_q8_tensor_220w_mtp,3,100,12351,210.13,70,1575,9251,3,16
1784688240.949,real_q8_tensor_220w_mtp,0,100,12351,206.53,64,1695,9251,3,16
1784688240.949,real_q8_tensor_220w_mtp,1,100,12351,210.40,71,1665,9251,3,16
1784688240.949,real_q8_tensor_220w_mtp,2,100,12351,208.18,74,1620,9251,3,16
1784688240.949,real_q8_tensor_220w_mtp,3,100,12351,209.56,70,1665,9251,3,16
1784688241.518,real_q8_tensor_220w_mtp,0,19,12351,184.57,62,1920,9251,3,16
1784688241.518,real_q8_tensor_220w_mtp,1,35,12351,186.88,68,1905,9251,3,16
1784688241.518,real_q8_tensor_220w_mtp,2,13,12351,182.39,71,1890,9251,3,16
1784688241.518,real_q8_tensor_220w_mtp,3,27,12351,190.14,67,1920,9251,3,16
1784688242.103,real_q8_tensor_220w_mtp,0,100,12351,182.44,64,1890,9251,3,16
1784688242.103,real_q8_tensor_220w_mtp,1,42,12351,185.20,70,1860,9251,3,16
1784688242.103,real_q8_tensor_220w_mtp,2,13,12351,180.24,73,1860,9251,3,16
1784688242.103,real_q8_tensor_220w_mtp,3,70,12351,188.53,68,1875,9251,3,16
1784688242.671,real_q8_tensor_220w_mtp,0,73,12351,208.89,63,1890,9251,3,16
1784688242.671,real_q8_tensor_220w_mtp,1,42,12351,214.09,70,1875,9251,3,16
1784688242.671,real_q8_tensor_220w_mtp,2,98,12351,212.10,73,1830,9251,3,16
1784688242.671,real_q8_tensor_220w_mtp,3,70,12351,207.70,68,1890,9251,3,16
1784688243.234,real_q8_tensor_220w_mtp,0,73,12351,207.03,64,1875,9251,3,16
1784688243.234,real_q8_tensor_220w_mtp,1,80,12351,213.16,70,1860,9251,3,16
1784688243.234,real_q8_tensor_220w_mtp,2,98,12351,210.77,72,1815,9251,3,16
1784688243.234,real_q8_tensor_220w_mtp,3,100,12351,211.79,70,1875,9251,3,16
1784688243.794,real_q8_tensor_220w_mtp,0,100,12351,209.52,64,1860,9251,3,16
1784688243.794,real_q8_tensor_220w_mtp,1,80,12351,209.70,71,1815,9251,3,16
1784688243.794,real_q8_tensor_220w_mtp,2,100,12351,207.47,74,1755,9251,3,16
1784688243.794,real_q8_tensor_220w_mtp,3,100,12351,214.35,69,1845,9251,3,16
1784688244.352,real_q8_tensor_220w_mtp,0,100,12351,184.47,62,1680,9251,3,16
1784688244.352,real_q8_tensor_220w_mtp,1,58,12351,190.62,70,1530,9251,3,16
1784688244.352,real_q8_tensor_220w_mtp,2,100,12351,184.68,72,1665,9251,3,16
1784688244.352,real_q8_tensor_220w_mtp,3,100,12351,193.09,69,1590,9251,3,16
1784688244.921,real_q8_tensor_220w_mtp,0,42,12351,176.48,63,1680,9251,3,16
1784688244.921,real_q8_tensor_220w_mtp,1,58,12351,191.95,69,1635,9251,3,16
1784688244.921,real_q8_tensor_220w_mtp,2,72,12351,186.66,73,1680,9251,3,16
1784688244.921,real_q8_tensor_220w_mtp,3,100,12351,187.07,69,1575,9251,3,16
1784688245.490,real_q8_tensor_220w_mtp,0,42,12351,205.51,64,1755,9251,3,16
1784688245.490,real_q8_tensor_220w_mtp,1,100,12351,209.46,70,1575,9251,3,16
1784688245.490,real_q8_tensor_220w_mtp,2,71,12351,207.72,73,1665,9251,3,16
1784688245.490,real_q8_tensor_220w_mtp,3,61,12351,209.02,69,1665,9251,3,16
1784688246.104,real_q8_tensor_220w_mtp,0,95,12351,205.45,64,1755,9251,3,16
1784688246.104,real_q8_tensor_220w_mtp,1,100,12351,209.30,71,1575,9251,3,16
1784688246.104,real_q8_tensor_220w_mtp,2,100,12351,206.94,73,1590,9251,3,16
1784688246.104,real_q8_tensor_220w_mtp,3,61,12351,208.95,69,1650,9251,3,16
1784688246.677,real_q8_tensor_220w_mtp,0,31,12351,199.90,63,1875,9251,3,16
1784688246.677,real_q8_tensor_220w_mtp,1,18,12351,203.93,70,1830,9251,3,16
1784688246.677,real_q8_tensor_220w_mtp,2,100,12351,201.84,72,1785,9251,3,16
1784688246.677,real_q8_tensor_220w_mtp,3,28,12351,203.29,68,1860,9251,3,16
1784688247.236,real_q8_tensor_220w_mtp,0,31,12351,180.36,64,1695,9251,3,16
1784688247.236,real_q8_tensor_220w_mtp,1,18,12351,189.66,70,1530,9251,3,16
1784688247.236,real_q8_tensor_220w_mtp,2,100,12351,186.51,73,1605,9251,3,16
1784688247.236,real_q8_tensor_220w_mtp,3,28,12351,190.68,69,1590,9251,3,16
1784688247.805,real_q8_tensor_220w_mtp,0,100,12351,186.82,64,1725,9251,3,16
1784688247.805,real_q8_tensor_220w_mtp,1,100,12351,196.77,70,1545,9251,3,16
1784688247.805,real_q8_tensor_220w_mtp,2,100,12351,193.83,73,1590,9251,3,16
1784688247.805,real_q8_tensor_220w_mtp,3,100,12351,196.73,69,1605,9251,3,16
1784688248.375,real_q8_tensor_220w_mtp,0,100,12351,206.15,65,1755,9251,3,16
1784688248.375,real_q8_tensor_220w_mtp,1,100,12351,208.56,70,1560,9251,3,16
1784688248.375,real_q8_tensor_220w_mtp,2,100,12351,206.65,73,1650,9251,3,16
1784688248.375,real_q8_tensor_220w_mtp,3,100,12351,209.24,69,1650,9251,3,16
1784688248.966,real_q8_tensor_220w_mtp,0,100,12351,205.74,64,1650,9251,3,16
1784688248.966,real_q8_tensor_220w_mtp,1,100,12351,208.56,70,1620,9251,3,16
1784688248.966,real_q8_tensor_220w_mtp,2,100,12351,206.63,73,1680,9251,3,16
1784688248.966,real_q8_tensor_220w_mtp,3,100,12351,208.69,69,1605,9251,3,16
1784688249.556,real_q8_tensor_220w_mtp,0,29,12351,191.39,63,1755,9251,3,16
1784688249.556,real_q8_tensor_220w_mtp,1,43,12351,199.33,68,1575,9251,3,16
1784688249.556,real_q8_tensor_220w_mtp,2,30,12351,196.73,71,1650,9251,3,16
1784688249.556,real_q8_tensor_220w_mtp,3,24,12351,196.80,69,1620,9251,3,16
1784688250.138,real_q8_tensor_220w_mtp,0,100,12351,181.39,64,1725,9251,3,16
1784688250.138,real_q8_tensor_220w_mtp,1,100,12351,186.64,70,1545,9251,3,16
1784688250.138,real_q8_tensor_220w_mtp,2,30,12351,184.45,73,1620,9251,3,16
1784688250.138,real_q8_tensor_220w_mtp,3,100,12351,190.90,69,1605,9251,3,16
1784688250.705,real_q8_tensor_220w_mtp,0,100,12351,196.36,64,1740,9251,3,16
1784688250.705,real_q8_tensor_220w_mtp,1,100,12351,202.88,70,1575,9251,3,16
1784688250.705,real_q8_tensor_220w_mtp,2,100,12351,199.62,73,1590,9251,3,16
1784688250.705,real_q8_tensor_220w_mtp,3,100,12351,202.45,69,1650,9251,3,16
1784688251.275,real_q8_tensor_220w_mtp,0,100,12351,206.23,65,1725,9251,3,16
1784688251.275,real_q8_tensor_220w_mtp,1,100,12351,209.59,70,1650,9251,3,16
1784688251.275,real_q8_tensor_220w_mtp,2,100,12351,206.53,73,1710,9251,3,16
1784688251.275,real_q8_tensor_220w_mtp,3,100,12351,208.77,69,1680,9251,3,16
1784688251.864,real_q8_tensor_220w_mtp,0,100,12351,205.00,64,1665,9251,3,16
1784688251.864,real_q8_tensor_220w_mtp,1,100,12351,208.45,70,1515,9251,3,16
1784688251.864,real_q8_tensor_220w_mtp,2,100,12351,206.13,73,1665,9251,3,16
1784688251.864,real_q8_tensor_220w_mtp,3,100,12351,209.15,69,1575,9251,3,16
1784688252.459,real_q8_tensor_220w_mtp,0,37,12351,186.02,63,1830,9251,3,16
1784688252.459,real_q8_tensor_220w_mtp,1,33,12351,192.51,68,1740,9251,3,16
1784688252.459,real_q8_tensor_220w_mtp,2,100,12351,189.54,71,1770,9251,3,16
1784688252.459,real_q8_tensor_220w_mtp,3,29,12351,193.87,68,1770,9251,3,16
1784688253.040,real_q8_tensor_220w_mtp,0,100,12351,180.66,64,1740,9251,3,16
1784688253.040,real_q8_tensor_220w_mtp,1,100,12351,189.20,70,1575,9251,3,16
1784688253.040,real_q8_tensor_220w_mtp,2,100,12351,184.93,73,1575,9251,3,16
1784688253.040,real_q8_tensor_220w_mtp,3,100,12351,190.59,69,1650,9251,3,16
1784688253.613,real_q8_tensor_220w_mtp,0,100,12351,209.57,65,1665,9251,3,16
1784688253.613,real_q8_tensor_220w_mtp,1,100,12351,210.00,70,1650,9251,3,16
1784688253.613,real_q8_tensor_220w_mtp,2,100,12351,206.34,73,1695,9251,3,16
1784688253.613,real_q8_tensor_220w_mtp,3,100,12351,213.31,69,1635,9251,3,16
1784688254.206,real_q8_tensor_220w_mtp,0,100,12351,205.63,65,1620,9251,3,16
1784688254.206,real_q8_tensor_220w_mtp,1,100,12351,210.76,71,1515,9251,3,16
1784688254.206,real_q8_tensor_220w_mtp,2,100,12351,207.29,73,1695,9251,3,16
1784688254.206,real_q8_tensor_220w_mtp,3,100,12351,207.93,69,1545,9251,3,16
1784688254.775,real_q8_tensor_220w_mtp,0,100,12351,204.40,64,1635,9251,3,16
1784688254.775,real_q8_tensor_220w_mtp,1,100,12351,208.60,71,1605,9251,3,16
1784688254.775,real_q8_tensor_220w_mtp,2,100,12351,206.18,73,1620,9251,3,16
1784688254.775,real_q8_tensor_220w_mtp,3,100,12351,208.78,70,1560,9251,3,16
1784688255.346,real_q8_tensor_220w_mtp,0,100,12351,178.04,63,1920,9251,3,16
1784688255.346,real_q8_tensor_220w_mtp,1,100,12351,187.74,68,1905,9251,3,16
1784688255.346,real_q8_tensor_220w_mtp,2,27,12351,182.72,71,1890,9251,3,16
1784688255.346,real_q8_tensor_220w_mtp,3,100,12351,183.79,68,1920,9251,3,16
1784688255.905,real_q8_tensor_220w_mtp,0,100,12351,181.27,65,1680,9251,3,16
1784688255.905,real_q8_tensor_220w_mtp,1,89,12351,188.36,70,1680,9251,3,16
1784688255.905,real_q8_tensor_220w_mtp,2,27,12351,182.95,73,1665,9251,3,16
1784688255.905,real_q8_tensor_220w_mtp,3,100,12351,188.06,69,1680,9251,3,16
1784688256.468,real_q8_tensor_220w_mtp,0,100,12351,207.63,65,1635,9251,3,16
1784688256.468,real_q8_tensor_220w_mtp,1,100,12351,209.02,70,1575,9251,3,16
1784688256.468,real_q8_tensor_220w_mtp,2,100,12351,205.73,73,1695,9251,3,16
1784688256.468,real_q8_tensor_220w_mtp,3,100,12351,213.01,69,1560,9251,3,16
1784688257.035,real_q8_tensor_220w_mtp,0,100,12351,208.79,64,1620,9251,3,16
1784688257.035,real_q8_tensor_220w_mtp,1,100,12351,208.70,71,1590,9251,3,16
1784688257.035,real_q8_tensor_220w_mtp,2,100,12351,205.83,73,1605,9251,3,16
1784688257.035,real_q8_tensor_220w_mtp,3,100,12351,213.16,69,1560,9251,3,16
1784688257.604,real_q8_tensor_220w_mtp,0,100,12351,205.99,65,1695,9251,3,16
1784688257.604,real_q8_tensor_220w_mtp,1,100,12351,209.93,70,1500,9251,3,16
1784688257.604,real_q8_tensor_220w_mtp,2,100,12351,207.34,73,1605,9251,3,16
1784688257.604,real_q8_tensor_220w_mtp,3,100,12351,207.82,70,1590,9251,3,16
1784688258.173,real_q8_tensor_220w_mtp,0,100,12351,179.99,62,1920,9251,3,16
1784688258.173,real_q8_tensor_220w_mtp,1,30,12351,190.81,68,1890,9251,3,16
1784688258.173,real_q8_tensor_220w_mtp,2,100,12351,187.25,71,1860,9251,3,16
1784688258.173,real_q8_tensor_220w_mtp,3,27,12351,186.68,67,1905,9251,3,16
1784688258.731,real_q8_tensor_220w_mtp,0,100,12351,179.44,64,1740,9251,3,16
1784688258.731,real_q8_tensor_220w_mtp,1,30,12351,187.38,70,1575,9251,3,16
1784688258.731,real_q8_tensor_220w_mtp,2,100,12351,183.21,73,1575,9251,3,16
1784688258.731,real_q8_tensor_220w_mtp,3,27,12351,188.99,69,1650,9251,3,16
1784688259.293,real_q8_tensor_220w_mtp,0,100,12351,205.36,64,1740,9251,3,16
1784688259.293,real_q8_tensor_220w_mtp,1,100,12351,213.90,71,1605,9251,3,16
1784688259.293,real_q8_tensor_220w_mtp,2,100,12351,212.04,73,1695,9251,3,16
1784688259.293,real_q8_tensor_220w_mtp,3,100,12351,210.87,69,1680,9251,3,16
1784688259.862,real_q8_tensor_220w_mtp,0,100,12351,204.89,64,1605,9251,3,16
1784688259.862,real_q8_tensor_220w_mtp,1,100,12351,207.71,71,1545,9251,3,16
1784688259.862,real_q8_tensor_220w_mtp,2,100,12351,205.91,73,1695,9251,3,16
1784688259.862,real_q8_tensor_220w_mtp,3,100,12351,210.45,69,1545,9251,3,16
1784688260.431,real_q8_tensor_220w_mtp,0,100,12351,204.99,65,1650,9251,3,16
1784688260.431,real_q8_tensor_220w_mtp,1,100,12351,207.30,71,1500,9251,3,16
1784688260.431,real_q8_tensor_220w_mtp,2,100,12351,205.34,73,1575,9251,3,16
1784688260.431,real_q8_tensor_220w_mtp,3,100,12351,210.15,69,1545,9251,3,16
1784688260.999,real_q8_tensor_220w_mtp,0,29,12351,184.18,62,1920,9251,3,16
1784688260.999,real_q8_tensor_220w_mtp,1,100,12351,185.74,68,1875,9251,3,16
1784688260.999,real_q8_tensor_220w_mtp,2,16,12351,181.01,71,1875,9251,3,16
1784688260.999,real_q8_tensor_220w_mtp,3,100,12351,189.81,67,1890,9251,3,16
1784688261.560,real_q8_tensor_220w_mtp,0,100,12351,180.13,64,1680,9251,3,16
1784688261.560,real_q8_tensor_220w_mtp,1,100,12351,187.56,70,1650,9251,3,16
1784688261.560,real_q8_tensor_220w_mtp,2,100,12351,182.85,73,1605,9251,3,16
1784688261.560,real_q8_tensor_220w_mtp,3,100,12351,188.30,69,1650,9251,3,16
1784688262.127,real_q8_tensor_220w_mtp,0,100,12351,200.50,64,1620,9251,3,16
1784688262.127,real_q8_tensor_220w_mtp,1,100,12351,209.59,70,1605,9251,3,16
1784688262.127,real_q8_tensor_220w_mtp,2,100,12351,206.67,73,1665,9251,3,16
1784688262.127,real_q8_tensor_220w_mtp,3,100,12351,206.35,69,1575,9251,3,16
1784688262.697,real_q8_tensor_220w_mtp,0,100,12351,204.80,64,1605,9251,3,16
1784688262.697,real_q8_tensor_220w_mtp,1,100,12351,209.10,70,1485,9251,3,16
1784688262.697,real_q8_tensor_220w_mtp,2,100,12351,205.52,73,1560,9251,3,16
1784688262.697,real_q8_tensor_220w_mtp,3,100,12351,207.55,70,1665,9251,3,16
1784688263.266,real_q8_tensor_220w_mtp,0,100,12351,204.37,64,1710,9251,3,16
1784688263.266,real_q8_tensor_220w_mtp,1,100,12351,207.65,70,1665,9251,3,16
1784688263.266,real_q8_tensor_220w_mtp,2,100,12351,204.39,73,1605,9251,3,16
1784688263.266,real_q8_tensor_220w_mtp,3,100,12351,207.24,69,1665,9251,3,16
1784688263.836,real_q8_tensor_220w_mtp,0,100,12351,180.23,62,1905,9251,3,16
1784688263.836,real_q8_tensor_220w_mtp,1,29,12351,190.98,68,1845,9251,3,16
1784688263.836,real_q8_tensor_220w_mtp,2,100,12351,185.73,71,1860,9251,3,16
1784688263.836,real_q8_tensor_220w_mtp,3,30,12351,186.34,67,1890,9251,3,16
1784688264.394,real_q8_tensor_220w_mtp,0,100,12351,180.38,64,1620,9251,3,16
1784688264.394,real_q8_tensor_220w_mtp,1,29,12351,187.75,70,1545,9251,3,16
1784688264.394,real_q8_tensor_220w_mtp,2,100,12351,181.92,73,1575,9251,3,16
1784688264.394,real_q8_tensor_220w_mtp,3,30,12351,188.31,69,1560,9251,3,16
1784688264.963,real_q8_tensor_220w_mtp,0,100,12351,204.28,64,1710,9251,3,16
1784688264.963,real_q8_tensor_220w_mtp,1,100,12351,204.38,70,1650,9251,3,16
1784688264.963,real_q8_tensor_220w_mtp,2,100,12351,201.39,73,1605,9251,3,16
1784688264.963,real_q8_tensor_220w_mtp,3,100,12351,209.18,69,1665,9251,3,16
1784688265.537,real_q8_tensor_220w_mtp,0,100,12351,203.63,64,1725,9251,3,16
1784688265.537,real_q8_tensor_220w_mtp,1,100,12351,207.11,70,1545,9251,3,16
1784688265.537,real_q8_tensor_220w_mtp,2,100,12351,206.20,73,1590,9251,3,16
1784688265.537,real_q8_tensor_220w_mtp,3,100,12351,207.86,69,1605,9251,3,16
1784688266.108,real_q8_tensor_220w_mtp,0,100,12351,204.33,65,1710,9251,3,16
1784688266.108,real_q8_tensor_220w_mtp,1,100,12351,207.39,70,1635,9251,3,16
1784688266.108,real_q8_tensor_220w_mtp,2,100,12351,206.31,73,1680,9251,3,16
1784688266.108,real_q8_tensor_220w_mtp,3,100,12351,208.49,69,1515,9251,3,16
1784688266.688,real_q8_tensor_220w_mtp,0,100,12351,183.54,63,1920,9251,3,16
1784688266.688,real_q8_tensor_220w_mtp,1,100,12351,188.96,68,1830,9251,3,16
1784688266.688,real_q8_tensor_220w_mtp,2,28,12351,184.28,71,1845,9251,3,16
1784688266.688,real_q8_tensor_220w_mtp,3,100,12351,189.67,68,1875,9251,3,16
1784688267.272,real_q8_tensor_220w_mtp,0,100,12351,179.74,64,1590,9251,3,16
1784688267.272,real_q8_tensor_220w_mtp,1,100,12351,187.64,70,1500,9251,3,16
1784688267.272,real_q8_tensor_220w_mtp,2,28,12351,182.21,73,1560,9251,3,16
1784688267.272,real_q8_tensor_220w_mtp,3,100,12351,187.42,69,1515,9251,3,16
1784688267.843,real_q8_tensor_220w_mtp,0,100,12351,206.39,64,1635,9251,3,16
1784688267.843,real_q8_tensor_220w_mtp,1,100,12351,206.45,70,1620,9251,3,16
1784688267.843,real_q8_tensor_220w_mtp,2,100,12351,203.77,73,1665,9251,3,16
1784688267.843,real_q8_tensor_220w_mtp,3,100,12351,210.59,69,1590,9251,3,16
1784688268.414,real_q8_tensor_220w_mtp,0,100,12351,204.61,64,1605,9251,3,16
1784688268.414,real_q8_tensor_220w_mtp,1,100,12351,207.75,70,1455,9251,3,16
1784688268.414,real_q8_tensor_220w_mtp,2,100,12351,204.92,73,1695,9251,3,16
1784688268.414,real_q8_tensor_220w_mtp,3,100,12351,209.65,69,1515,9251,3,16
1784688269.007,real_q8_tensor_220w_mtp,0,100,12351,202.75,64,1725,9251,3,16
1784688269.007,real_q8_tensor_220w_mtp,1,100,12351,206.39,70,1635,9251,3,16
1784688269.007,real_q8_tensor_220w_mtp,2,100,12351,204.35,73,1680,9251,3,16
1784688269.007,real_q8_tensor_220w_mtp,3,100,12351,207.71,69,1680,9251,3,16
1784688269.578,real_q8_tensor_220w_mtp,0,30,12351,182.65,62,1755,9251,3,16
1784688269.578,real_q8_tensor_220w_mtp,1,31,12351,191.44,68,1695,9251,3,16
1784688269.578,real_q8_tensor_220w_mtp,2,32,12351,187.61,70,1815,9251,3,16
1784688269.578,real_q8_tensor_220w_mtp,3,34,12351,188.82,68,1890,9251,3,16
1784688270.138,real_q8_tensor_220w_mtp,0,30,12351,178.59,64,1605,9251,3,16
1784688270.138,real_q8_tensor_220w_mtp,1,31,12351,187.02,70,1560,9251,3,16
1784688270.138,real_q8_tensor_220w_mtp,2,100,12351,177.46,73,1695,9251,3,16
1784688270.138,real_q8_tensor_220w_mtp,3,34,12351,187.00,69,1560,9251,3,16
1784688270.707,real_q8_tensor_220w_mtp,0,100,12351,198.89,64,1740,9251,3,16
1784688270.707,real_q8_tensor_220w_mtp,1,100,12351,206.05,70,1545,9251,3,16
1784688270.707,real_q8_tensor_220w_mtp,2,100,12351,200.12,73,1635,9251,3,16
1784688270.707,real_q8_tensor_220w_mtp,3,100,12351,205.99,69,1635,9251,3,16
1784688271.277,real_q8_tensor_220w_mtp,0,100,12351,203.38,64,1695,9251,3,16
1784688271.277,real_q8_tensor_220w_mtp,1,100,12351,206.23,70,1500,9251,3,16
1784688271.277,real_q8_tensor_220w_mtp,2,100,12351,204.74,73,1605,9251,3,16
1784688271.277,real_q8_tensor_220w_mtp,3,100,12351,207.85,69,1590,9251,3,16
1784688271.847,real_q8_tensor_220w_mtp,0,100,12351,203.34,64,1650,9251,3,16
1784688271.847,real_q8_tensor_220w_mtp,1,100,12351,206.65,70,1620,9251,3,16
1784688271.847,real_q8_tensor_220w_mtp,2,100,12351,206.28,73,1650,9251,3,16
1784688271.847,real_q8_tensor_220w_mtp,3,100,12351,206.92,69,1620,9251,3,16
1784688272.416,real_q8_tensor_220w_mtp,0,100,12351,190.60,62,1815,9251,3,16
1784688272.416,real_q8_tensor_220w_mtp,1,100,12351,195.18,69,1815,9251,3,16
1784688272.416,real_q8_tensor_220w_mtp,2,31,12351,190.55,72,1860,9251,3,16
1784688272.416,real_q8_tensor_220w_mtp,3,100,12351,194.85,67,1800,9251,3,16
1784688272.975,real_q8_tensor_220w_mtp,0,100,12351,177.58,64,1725,9251,3,16
1784688272.975,real_q8_tensor_220w_mtp,1,100,12351,186.85,70,1560,9251,3,16
1784688272.975,real_q8_tensor_220w_mtp,2,31,12351,180.78,73,1590,9251,3,16
1784688272.975,real_q8_tensor_220w_mtp,3,100,12351,188.32,69,1635,9251,3,16
1784688273.547,real_q8_tensor_220w_mtp,0,100,12351,197.54,64,1635,9251,3,16
1784688273.547,real_q8_tensor_220w_mtp,1,84,12351,199.86,70,1575,9251,3,16
1784688273.547,real_q8_tensor_220w_mtp,2,100,12351,196.08,73,1560,9251,3,16
1784688273.547,real_q8_tensor_220w_mtp,3,100,12351,203.89,69,1560,9251,3,16
1784688274.117,real_q8_tensor_220w_mtp,0,100,12351,204.28,64,1620,9251,3,16
1784688274.117,real_q8_tensor_220w_mtp,1,100,12351,207.75,70,1575,9251,3,16
1784688274.117,real_q8_tensor_220w_mtp,2,100,12351,204.71,73,1665,9251,3,16
1784688274.117,real_q8_tensor_220w_mtp,3,100,12351,207.12,69,1560,9251,3,16
1784688274.685,real_q8_tensor_220w_mtp,0,100,12351,203.85,64,1740,9251,3,16
1784688274.685,real_q8_tensor_220w_mtp,1,100,12351,207.06,70,1590,9251,3,16
1784688274.685,real_q8_tensor_220w_mtp,2,100,12351,204.19,73,1680,9251,3,16
1784688274.685,real_q8_tensor_220w_mtp,3,100,12351,207.90,69,1665,9251,3,16
1784688275.255,real_q8_tensor_220w_mtp,0,32,12351,194.25,63,1860,9251,3,16
1784688275.255,real_q8_tensor_220w_mtp,1,30,12351,198.58,69,1755,9251,3,16
1784688275.255,real_q8_tensor_220w_mtp,2,100,12351,195.73,72,1830,9251,3,16
1784688275.255,real_q8_tensor_220w_mtp,3,32,12351,198.48,68,1845,9251,3,16
1784688275.814,real_q8_tensor_220w_mtp,0,32,12351,178.85,64,1605,9251,3,16
1784688275.814,real_q8_tensor_220w_mtp,1,30,12351,186.09,69,1590,9251,3,16
1784688275.814,real_q8_tensor_220w_mtp,2,100,12351,181.76,73,1605,9251,3,16
1784688275.814,real_q8_tensor_220w_mtp,3,32,12351,187.54,69,1575,9251,3,16
1784688276.384,real_q8_tensor_220w_mtp,0,100,12351,188.96,64,1710,9251,3,16
1784688276.384,real_q8_tensor_220w_mtp,1,100,12351,199.43,70,1515,9251,3,16
1784688276.384,real_q8_tensor_220w_mtp,2,100,12351,195.02,72,1605,9251,3,16
1784688276.384,real_q8_tensor_220w_mtp,3,100,12351,195.85,69,1605,9251,3,16
1784688276.980,real_q8_tensor_220w_mtp,0,73,12351,203.47,64,1635,9251,3,16
1784688276.980,real_q8_tensor_220w_mtp,1,100,12351,206.57,70,1605,9251,3,16
1784688276.980,real_q8_tensor_220w_mtp,2,100,12351,203.90,73,1620,9251,3,16
1784688276.980,real_q8_tensor_220w_mtp,3,68,12351,207.95,69,1590,9251,3,16
1784688277.577,real_q8_tensor_220w_mtp,0,100,12351,202.94,64,1590,9251,3,16
1784688277.577,real_q8_tensor_220w_mtp,1,96,12351,206.93,70,1545,9251,3,16
1784688277.577,real_q8_tensor_220w_mtp,2,68,12351,204.72,73,1680,9251,3,16
1784688277.577,real_q8_tensor_220w_mtp,3,100,12351,207.89,69,1545,9251,3,16
1784688278.146,real_q8_tensor_220w_mtp,0,100,12351,194.51,62,1920,9251,3,16
1784688278.146,real_q8_tensor_220w_mtp,1,96,12351,202.96,69,1890,9251,3,16
1784688278.146,real_q8_tensor_220w_mtp,2,31,12351,200.65,71,1785,9251,3,16
1784688278.146,real_q8_tensor_220w_mtp,3,100,12351,198.39,67,1905,9251,3,16
1784688278.727,real_q8_tensor_220w_mtp,0,100,12351,176.72,64,1575,9251,3,16
1784688278.727,real_q8_tensor_220w_mtp,1,100,12351,183.07,69,1485,9251,3,16
1784688278.727,real_q8_tensor_220w_mtp,2,31,12351,175.31,72,1545,9251,3,16
1784688278.727,real_q8_tensor_220w_mtp,3,100,12351,185.34,68,1500,9251,3,16
1784688279.298,real_q8_tensor_220w_mtp,0,100,12351,186.34,64,1650,9251,3,16
1784688279.298,real_q8_tensor_220w_mtp,1,100,12351,193.65,70,1485,9251,3,16
1784688279.298,real_q8_tensor_220w_mtp,2,100,12351,185.61,72,1650,9251,3,16
1784688279.298,real_q8_tensor_220w_mtp,3,100,12351,193.01,69,1560,9251,3,16
1784688279.865,real_q8_tensor_220w_mtp,0,78,12351,203.88,64,1575,9251,3,16
1784688279.865,real_q8_tensor_220w_mtp,1,53,12351,206.86,70,1485,9251,3,16
1784688279.865,real_q8_tensor_220w_mtp,2,100,12351,203.60,73,1545,9251,3,16
1784688279.865,real_q8_tensor_220w_mtp,3,92,12351,206.16,69,1515,9251,3,16
1784688280.434,real_q8_tensor_220w_mtp,0,78,12351,203.76,64,1695,9251,3,16
1784688280.434,real_q8_tensor_220w_mtp,1,53,12351,204.54,70,1620,9251,3,16
1784688280.434,real_q8_tensor_220w_mtp,2,36,12351,201.52,72,1560,9251,3,16
1784688280.434,real_q8_tensor_220w_mtp,3,92,12351,206.76,69,1650,9251,3,16
1784688281.027,real_q8_tensor_220w_mtp,0,83,12351,199.00,64,1920,9251,3,16
1784688281.027,real_q8_tensor_220w_mtp,1,27,12351,203.74,68,1905,9251,3,16
1784688281.027,real_q8_tensor_220w_mtp,2,100,12351,202.32,71,1890,9251,3,16
1784688281.027,real_q8_tensor_220w_mtp,3,68,12351,204.04,68,1920,9251,3,16
1784688281.590,real_q8_tensor_220w_mtp,0,36,12351,175.79,63,1605,9251,3,16
1784688281.590,real_q8_tensor_220w_mtp,1,24,12351,185.10,70,1545,9251,3,16
1784688281.590,real_q8_tensor_220w_mtp,2,100,12351,179.87,70,1680,9251,3,16
1784688281.590,real_q8_tensor_220w_mtp,3,68,12351,184.87,68,1545,9251,3,16
1784688282.161,real_q8_tensor_220w_mtp,0,37,12351,178.52,63,1560,9251,3,16
1784688282.161,real_q8_tensor_220w_mtp,1,24,12351,186.14,68,1590,9251,3,16
1784688282.161,real_q8_tensor_220w_mtp,2,100,12351,180.37,71,1725,9251,3,16
1784688282.161,real_q8_tensor_220w_mtp,3,48,12351,187.58,69,1545,9251,3,16
1784688282.730,real_q8_tensor_220w_mtp,0,37,12351,201.18,64,1890,9251,3,16
1784688282.730,real_q8_tensor_220w_mtp,1,72,12351,206.78,68,1860,9251,3,16
1784688282.730,real_q8_tensor_220w_mtp,2,66,12351,206.17,71,1845,9251,3,16
1784688282.730,real_q8_tensor_220w_mtp,3,48,12351,204.30,69,1875,9251,3,16
1784688283.293,real_q8_tensor_220w_mtp,0,100,12351,209.92,64,1770,9251,3,16
1784688283.293,real_q8_tensor_220w_mtp,1,72,12351,209.28,70,1455,9251,3,16
1784688283.293,real_q8_tensor_220w_mtp,2,66,12351,209.61,73,1530,9251,3,16
1784688283.293,real_q8_tensor_220w_mtp,3,100,12351,211.11,69,1545,9251,3,16
1784688283.854,real_q8_tensor_220w_mtp,0,100,12351,210.54,64,1725,9251,3,16
1784688283.854,real_q8_tensor_220w_mtp,1,100,12351,209.81,70,1575,9251,3,16
1784688283.854,real_q8_tensor_220w_mtp,2,100,12351,207.59,73,1530,9251,3,16
1784688283.854,real_q8_tensor_220w_mtp,3,100,12351,214.42,69,1665,9251,3,16
1784688284.422,real_q8_tensor_220w_mtp,0,33,12351,180.39,63,1890,9251,3,16
1784688284.422,real_q8_tensor_220w_mtp,1,100,12351,186.93,68,1905,9251,3,16
1784688284.422,real_q8_tensor_220w_mtp,2,100,12351,183.53,71,1875,9251,3,16
1784688284.422,real_q8_tensor_220w_mtp,3,32,12351,191.65,68,1905,9251,3,16
1784688284.980,real_q8_tensor_220w_mtp,0,33,12351,175.81,64,1680,9251,3,16
1784688284.980,real_q8_tensor_220w_mtp,1,100,12351,186.20,70,1620,9251,3,16
1784688284.980,real_q8_tensor_220w_mtp,2,100,12351,182.70,72,1590,9251,3,16
1784688284.980,real_q8_tensor_220w_mtp,3,32,12351,186.47,69,1635,9251,3,16
1784688285.550,real_q8_tensor_220w_mtp,0,100,12351,204.63,64,1590,9251,3,16
1784688285.550,real_q8_tensor_220w_mtp,1,100,12351,206.52,70,1590,9251,3,16
1784688285.550,real_q8_tensor_220w_mtp,2,100,12351,203.51,73,1530,9251,3,16
1784688285.550,real_q8_tensor_220w_mtp,3,100,12351,209.73,69,1650,9251,3,16
1784688286.142,real_q8_tensor_220w_mtp,0,100,12351,202.19,64,1725,9251,3,16
1784688286.142,real_q8_tensor_220w_mtp,1,100,12351,205.24,70,1590,9251,3,16
1784688286.142,real_q8_tensor_220w_mtp,2,100,12351,203.97,73,1665,9251,3,16
1784688286.142,real_q8_tensor_220w_mtp,3,100,12351,207.50,69,1650,9251,3,16
1784688286.712,real_q8_tensor_220w_mtp,0,100,12351,202.18,64,1710,9251,3,16
1784688286.712,real_q8_tensor_220w_mtp,1,100,12351,205.39,70,1530,9251,3,16
1784688286.712,real_q8_tensor_220w_mtp,2,100,12351,203.60,73,1605,9251,3,16
1784688286.712,real_q8_tensor_220w_mtp,3,100,12351,207.26,69,1605,9251,3,16
1784688287.311,real_q8_tensor_220w_mtp,0,33,12351,180.43,62,1905,9251,3,16
1784688287.311,real_q8_tensor_220w_mtp,1,30,12351,189.53,68,1860,9251,3,16
1784688287.311,real_q8_tensor_220w_mtp,2,32,12351,185.73,70,1860,9251,3,16
1784688287.311,real_q8_tensor_220w_mtp,3,30,12351,186.21,67,1890,9251,3,16
1784688287.896,real_q8_tensor_220w_mtp,0,100,12351,176.24,64,1725,9251,3,16
1784688287.896,real_q8_tensor_220w_mtp,1,30,12351,183.81,69,1620,9251,3,16
1784688287.896,real_q8_tensor_220w_mtp,2,32,12351,178.79,72,1500,9251,3,16
1784688287.896,real_q8_tensor_220w_mtp,3,100,12351,184.42,69,1665,9251,3,16
1784688288.466,real_q8_tensor_220w_mtp,0,100,12351,198.32,64,1695,9251,3,16
1784688288.466,real_q8_tensor_220w_mtp,1,100,12351,200.22,70,1620,9251,3,16
1784688288.466,real_q8_tensor_220w_mtp,2,100,12351,196.87,73,1680,9251,3,16
1784688288.466,real_q8_tensor_220w_mtp,3,100,12351,204.74,69,1650,9251,3,16
1784688289.035,real_q8_tensor_220w_mtp,0,100,12351,202.76,64,1605,9251,3,16
1784688289.035,real_q8_tensor_220w_mtp,1,100,12351,207.37,70,1470,9251,3,16
1784688289.035,real_q8_tensor_220w_mtp,2,73,12351,204.16,73,1665,9251,3,16
1784688289.035,real_q8_tensor_220w_mtp,3,100,12351,206.50,69,1515,9251,3,16
1784688289.606,real_q8_tensor_220w_mtp,0,69,12351,202.78,64,1650,9251,3,16
1784688289.606,real_q8_tensor_220w_mtp,1,100,12351,207.07,70,1455,9251,3,16
1784688289.606,real_q8_tensor_220w_mtp,2,100,12351,204.03,73,1500,9251,3,16
1784688289.606,real_q8_tensor_220w_mtp,3,100,12351,206.27,69,1515,9251,3,16
1784688290.175,real_q8_tensor_220w_mtp,0,32,12351,194.37,62,1635,9251,3,16
1784688290.175,real_q8_tensor_220w_mtp,1,100,12351,197.25,69,1815,9251,3,16
1784688290.175,real_q8_tensor_220w_mtp,2,100,12351,193.92,71,1830,9251,3,16
1784688290.175,real_q8_tensor_220w_mtp,3,32,12351,198.41,67,1710,9251,3,16
1784688290.754,real_q8_tensor_220w_mtp,0,32,12351,174.71,64,1710,9251,3,16
1784688290.754,real_q8_tensor_220w_mtp,1,100,12351,184.28,69,1605,9251,3,16
1784688290.754,real_q8_tensor_220w_mtp,2,100,12351,173.95,72,1560,9251,3,16
1784688290.754,real_q8_tensor_220w_mtp,3,32,12351,185.76,68,1650,9251,3,16
1784688291.323,real_q8_tensor_220w_mtp,0,59,12351,187.87,64,1575,9251,3,16
1784688291.323,real_q8_tensor_220w_mtp,1,100,12351,192.42,70,1575,9251,3,16
1784688291.323,real_q8_tensor_220w_mtp,2,100,12351,183.57,73,1575,9251,3,16
1784688291.323,real_q8_tensor_220w_mtp,3,81,12351,196.65,69,1560,9251,3,16
1784688291.893,real_q8_tensor_220w_mtp,0,59,12351,200.68,64,1740,9251,3,16
1784688291.893,real_q8_tensor_220w_mtp,1,92,12351,205.55,69,1605,9251,3,16
1784688291.893,real_q8_tensor_220w_mtp,2,85,12351,203.12,71,1530,9251,3,16
1784688291.893,real_q8_tensor_220w_mtp,3,81,12351,205.75,69,1665,9251,3,16
1784688292.462,real_q8_tensor_220w_mtp,0,44,12351,201.07,63,1560,9251,3,16
1784688292.462,real_q8_tensor_220w_mtp,1,92,12351,206.74,69,1350,9251,3,16
1784688292.462,real_q8_tensor_220w_mtp,2,85,12351,203.95,71,1485,9251,3,16
1784688292.462,real_q8_tensor_220w_mtp,3,33,12351,203.92,69,1470,9251,3,16
1784688293.050,real_q8_tensor_220w_mtp,0,100,12351,204.65,63,1905,9251,3,16
1784688293.050,real_q8_tensor_220w_mtp,1,95,12351,211.15,69,1890,9251,3,16
1784688293.050,real_q8_tensor_220w_mtp,2,100,12351,210.37,72,1845,9251,3,16
1784688293.050,real_q8_tensor_220w_mtp,3,74,12351,206.84,67,1905,9251,3,16
1784688293.635,real_q8_tensor_220w_mtp,0,36,12351,175.21,61,1590,9251,3,16
1784688293.635,real_q8_tensor_220w_mtp,1,95,12351,181.16,68,1455,9251,3,16
1784688293.635,real_q8_tensor_220w_mtp,2,100,12351,176.52,71,1890,9251,3,16
1784688293.635,real_q8_tensor_220w_mtp,3,65,12351,184.52,66,1440,9251,3,16
1784688294.205,real_q8_tensor_220w_mtp,0,36,12351,177.73,64,1845,9251,3,16
1784688294.205,real_q8_tensor_220w_mtp,1,67,12351,187.29,70,1845,9251,3,16
1784688294.205,real_q8_tensor_220w_mtp,2,64,12351,183.01,72,1830,9251,3,16
1784688294.205,real_q8_tensor_220w_mtp,3,65,12351,189.00,69,1830,9251,3,16
1784688294.762,real_q8_tensor_220w_mtp,0,100,12351,207.23,64,1560,9251,3,16
1784688294.762,real_q8_tensor_220w_mtp,1,67,12351,211.73,70,1500,9251,3,16
1784688294.762,real_q8_tensor_220w_mtp,2,64,12351,210.54,72,1545,9251,3,16
1784688294.762,real_q8_tensor_220w_mtp,3,100,12351,210.42,69,1515,9251,3,16
1784688295.328,real_q8_tensor_220w_mtp,0,100,12351,209.54,64,1695,9251,3,16
1784688295.328,real_q8_tensor_220w_mtp,1,100,12351,208.87,70,1605,9251,3,16
1784688295.328,real_q8_tensor_220w_mtp,2,100,12351,207.04,72,1560,9251,3,16
1784688295.328,real_q8_tensor_220w_mtp,3,100,12351,213.02,69,1650,9251,3,16
1784688295.897,real_q8_tensor_220w_mtp,0,100,12351,201.71,64,1590,9251,3,16
1784688295.897,real_q8_tensor_220w_mtp,1,100,12351,205.33,70,1500,9251,3,16
1784688295.897,real_q8_tensor_220w_mtp,2,100,12351,203.65,72,1530,9251,3,16
1784688295.897,real_q8_tensor_220w_mtp,3,100,12351,205.43,69,1530,9251,3,16
1784688296.467,real_q8_tensor_220w_mtp,0,100,12351,184.49,62,1905,9251,3,16
1784688296.467,real_q8_tensor_220w_mtp,1,31,12351,191.24,68,1815,9251,3,16
1784688296.467,real_q8_tensor_220w_mtp,2,33,12351,187.02,70,1830,9251,3,16
1784688296.467,real_q8_tensor_220w_mtp,3,100,12351,189.93,67,1860,9251,3,16
1784688297.024,real_q8_tensor_220w_mtp,0,100,12351,173.38,64,1590,9251,3,16
1784688297.024,real_q8_tensor_220w_mtp,1,100,12351,183.52,70,1545,9251,3,16
1784688297.024,real_q8_tensor_220w_mtp,2,100,12351,177.35,73,1665,9251,3,16
1784688297.024,real_q8_tensor_220w_mtp,3,100,12351,185.14,69,1515,9251,3,16
1784688297.621,real_q8_tensor_220w_mtp,0,100,12351,195.91,64,1680,9251,3,16
1784688297.621,real_q8_tensor_220w_mtp,1,100,12351,201.95,69,1620,9251,3,16
1784688297.621,real_q8_tensor_220w_mtp,2,100,12351,199.38,72,1665,9251,3,16
1784688297.621,real_q8_tensor_220w_mtp,3,100,12351,202.62,69,1500,9251,3,16
1784688298.217,real_q8_tensor_220w_mtp,0,100,12351,202.33,64,1725,9251,3,16
1784688298.217,real_q8_tensor_220w_mtp,1,100,12351,205.15,70,1575,9251,3,16
1784688298.217,real_q8_tensor_220w_mtp,2,100,12351,203.30,73,1650,9251,3,16
1784688298.217,real_q8_tensor_220w_mtp,3,100,12351,204.28,69,1635,9251,3,16
1784688298.787,real_q8_tensor_220w_mtp,0,100,12351,202.55,64,1665,9251,3,16
1784688298.787,real_q8_tensor_220w_mtp,1,100,12351,205.18,69,1425,9251,3,16
1784688298.787,real_q8_tensor_220w_mtp,2,100,12351,202.14,72,1620,9251,3,16
1784688298.787,real_q8_tensor_220w_mtp,3,100,12351,205.62,69,1545,9251,3,16
1784688299.358,real_q8_tensor_220w_mtp,0,29,12351,194.85,62,1905,9251,3,16
1784688299.358,real_q8_tensor_220w_mtp,1,100,12351,201.60,68,1860,9251,3,16
1784688299.358,real_q8_tensor_220w_mtp,2,100,12351,198.48,71,1815,9251,3,16
1784688299.358,real_q8_tensor_220w_mtp,3,33,12351,199.02,67,1890,9251,3,16
1784688299.916,real_q8_tensor_220w_mtp,0,29,12351,174.13,63,1695,9251,3,16
1784688299.916,real_q8_tensor_220w_mtp,1,100,12351,182.73,69,1590,9251,3,16
1784688299.916,real_q8_tensor_220w_mtp,2,100,12351,176.88,72,1665,9251,3,16
1784688299.916,real_q8_tensor_220w_mtp,3,33,12351,184.57,68,1650,9251,3,16
1784688300.486,real_q8_tensor_220w_mtp,0,100,12351,174.04,64,1665,9251,3,16
1784688300.486,real_q8_tensor_220w_mtp,1,100,12351,190.60,70,1500,9251,3,16
1784688300.486,real_q8_tensor_220w_mtp,2,84,12351,187.92,72,1530,9251,3,16
1784688300.486,real_q8_tensor_220w_mtp,3,54,12351,196.43,69,1530,9251,3,16
1784688301.104,real_q8_tensor_220w_mtp,0,76,12351,201.24,62,1665,9251,3,16
1784688301.104,real_q8_tensor_220w_mtp,1,48,12351,204.46,70,1620,9251,3,16
1784688301.104,real_q8_tensor_220w_mtp,2,53,12351,203.76,72,1545,9251,3,16
1784688301.104,real_q8_tensor_220w_mtp,3,100,12351,205.61,67,1620,9251,3,16
1784688301.700,real_q8_tensor_220w_mtp,0,76,12351,206.37,63,1905,9251,3,16
1784688301.700,real_q8_tensor_220w_mtp,1,48,12351,202.23,70,1890,9251,3,16
1784688301.700,real_q8_tensor_220w_mtp,2,53,12351,201.83,71,1875,9251,3,16
1784688301.700,real_q8_tensor_220w_mtp,3,70,12351,207.62,68,1905,9251,3,16
1784688302.266,real_q8_tensor_220w_mtp,0,100,12351,206.76,64,1815,9251,3,16
1784688302.266,real_q8_tensor_220w_mtp,1,65,12351,206.69,70,1800,9251,3,16
1784688302.266,real_q8_tensor_220w_mtp,2,71,12351,205.69,71,1815,9251,3,16
1784688302.266,real_q8_tensor_220w_mtp,3,70,12351,210.81,69,1815,9251,3,16
1784688302.868,real_q8_tensor_220w_mtp,0,100,12351,175.10,61,1920,9251,3,16
1784688302.868,real_q8_tensor_220w_mtp,1,65,12351,187.85,67,1860,9251,3,16
1784688302.868,real_q8_tensor_220w_mtp,2,71,12351,183.76,70,1890,9251,3,16
1784688302.868,real_q8_tensor_220w_mtp,3,1,12351,182.90,66,1920,9251,3,16
1784688303.431,real_q8_tensor_220w_mtp,0,100,12351,178.50,64,1560,9251,3,16
1784688303.431,real_q8_tensor_220w_mtp,1,100,12351,182.99,70,1560,9251,3,16
1784688303.431,real_q8_tensor_220w_mtp,2,100,12351,178.49,72,1530,9251,3,16
1784688303.431,real_q8_tensor_220w_mtp,3,1,12351,189.47,69,1515,9251,3,16
1784688304.023,real_q8_tensor_220w_mtp,0,100,12351,207.49,64,1710,9251,3,16
1784688304.023,real_q8_tensor_220w_mtp,1,100,12351,212.11,70,1545,9251,3,16
1784688304.023,real_q8_tensor_220w_mtp,2,100,12351,211.14,73,1530,9251,3,16
1784688304.023,real_q8_tensor_220w_mtp,3,100,12351,210.18,69,1605,9251,3,16
1784688304.625,real_q8_tensor_220w_mtp,0,100,12351,207.85,64,1605,9251,3,16
1784688304.625,real_q8_tensor_220w_mtp,1,100,12351,208.40,70,1605,9251,3,16
1784688304.625,real_q8_tensor_220w_mtp,2,100,12351,205.97,73,1605,9251,3,16
1784688304.625,real_q8_tensor_220w_mtp,3,100,12351,213.80,69,1605,9251,3,16
1784688305.218,real_q8_tensor_220w_mtp,0,100,12351,203.78,64,1710,9251,3,16
1784688305.218,real_q8_tensor_220w_mtp,1,100,12351,203.52,70,1500,9251,3,16
1784688305.218,real_q8_tensor_220w_mtp,2,100,12351,202.91,73,1605,9251,3,16
1784688305.218,real_q8_tensor_220w_mtp,3,100,12351,209.15,69,1590,9251,3,16
1784688305.786,real_q8_tensor_220w_mtp,0,34,12351,184.76,62,1725,9251,3,16
1784688305.786,real_q8_tensor_220w_mtp,1,25,12351,188.85,68,1755,9251,3,16
1784688305.786,real_q8_tensor_220w_mtp,2,34,12351,185.41,70,1845,9251,3,16
1784688305.786,real_q8_tensor_220w_mtp,3,100,12351,190.05,68,1800,9251,3,16
1784688306.344,real_q8_tensor_220w_mtp,0,34,12351,171.68,64,1710,9251,3,16
1784688306.344,real_q8_tensor_220w_mtp,1,25,12351,180.80,69,1545,9251,3,16
1784688306.344,real_q8_tensor_220w_mtp,2,34,12351,174.75,72,1545,9251,3,16
1784688306.344,real_q8_tensor_220w_mtp,3,100,12351,182.97,68,1605,9251,3,16
1784688306.938,real_q8_tensor_220w_mtp,0,100,12351,194.73,64,1710,9251,3,16
1784688306.938,real_q8_tensor_220w_mtp,1,100,12351,196.96,69,1545,9251,3,16
1784688306.938,real_q8_tensor_220w_mtp,2,100,12351,193.78,72,1605,9251,3,16
1784688306.938,real_q8_tensor_220w_mtp,3,100,12351,201.62,69,1605,9251,3,16
1784688307.530,real_q8_tensor_220w_mtp,0,100,12351,201.14,64,1710,9251,3,16
1784688307.530,real_q8_tensor_220w_mtp,1,65,12351,204.42,70,1560,9251,3,16
1784688307.530,real_q8_tensor_220w_mtp,2,84,12351,202.80,72,1620,9251,3,16
1784688307.530,real_q8_tensor_220w_mtp,3,100,12351,205.91,69,1620,9251,3,16
1784688308.103,real_q8_tensor_220w_mtp,0,94,12351,201.49,64,1710,9251,3,16
1784688308.103,real_q8_tensor_220w_mtp,1,100,12351,204.08,69,1560,9251,3,16
1784688308.103,real_q8_tensor_220w_mtp,2,100,12351,202.83,72,1545,9251,3,16
1784688308.103,real_q8_tensor_220w_mtp,3,100,12351,206.06,68,1635,9251,3,16
1784688308.676,real_q8_tensor_220w_mtp,0,34,12351,200.35,62,1920,9251,3,16
1784688308.676,real_q8_tensor_220w_mtp,1,100,12351,201.05,68,1650,9251,3,16
1784688308.676,real_q8_tensor_220w_mtp,2,100,12351,197.39,72,1830,9251,3,16
1784688308.676,real_q8_tensor_220w_mtp,3,11,12351,203.02,67,1860,9251,3,16
1784688309.262,real_q8_tensor_220w_mtp,0,34,12351,171.80,63,1560,9251,3,16
1784688309.262,real_q8_tensor_220w_mtp,1,30,12351,178.72,69,1470,9251,3,16
1784688309.262,real_q8_tensor_220w_mtp,2,23,12351,171.96,71,1530,9251,3,16
1784688309.262,real_q8_tensor_220w_mtp,3,11,12351,183.75,68,1635,9251,3,16
1784688309.830,real_q8_tensor_220w_mtp,0,40,12351,177.19,64,1905,9251,3,16
1784688309.830,real_q8_tensor_220w_mtp,1,30,12351,185.79,68,1890,9251,3,16
1784688309.830,real_q8_tensor_220w_mtp,2,23,12351,181.74,71,1845,9251,3,16
1784688309.830,real_q8_tensor_220w_mtp,3,30,12351,186.63,69,1905,9251,3,16
1784688310.394,real_q8_tensor_220w_mtp,0,40,12351,207.21,64,1710,9251,3,16
1784688310.394,real_q8_tensor_220w_mtp,1,100,12351,208.69,70,1560,9251,3,16
1784688310.394,real_q8_tensor_220w_mtp,2,100,12351,207.76,73,1485,9251,3,16
1784688310.394,real_q8_tensor_220w_mtp,3,30,12351,209.90,69,1620,9251,3,16
1784688310.957,real_q8_tensor_220w_mtp,0,100,12351,207.97,64,1710,9251,3,16
1784688310.957,real_q8_tensor_220w_mtp,1,100,12351,208.75,69,1590,9251,3,16
1784688310.957,real_q8_tensor_220w_mtp,2,100,12351,209.00,72,1650,9251,3,16
1784688310.957,real_q8_tensor_220w_mtp,3,100,12351,212.78,69,1455,9251,3,16
1784688311.551,real_q8_tensor_220w_mtp,0,100,12351,202.09,64,1605,9251,3,16
1784688311.551,real_q8_tensor_220w_mtp,1,100,12351,203.76,69,1605,9251,3,16
1784688311.551,real_q8_tensor_220w_mtp,2,100,12351,202.70,72,1635,9251,3,16
1784688311.551,real_q8_tensor_220w_mtp,3,100,12351,208.79,69,1605,9251,3,16
1784688312.124,real_q8_tensor_220w_mtp,0,29,12351,180.35,62,1860,9251,3,16
1784688312.124,real_q8_tensor_220w_mtp,1,100,12351,190.72,69,1650,9251,3,16
1784688312.124,real_q8_tensor_220w_mtp,2,100,12351,186.41,71,1695,9251,3,16
1784688312.124,real_q8_tensor_220w_mtp,3,35,12351,186.95,67,1710,9251,3,16
1784688312.685,real_q8_tensor_220w_mtp,0,29,12351,172.77,63,1545,9251,3,16
1784688312.685,real_q8_tensor_220w_mtp,1,100,12351,181.37,69,1560,9251,3,16
1784688312.685,real_q8_tensor_220w_mtp,2,100,12351,175.26,72,1650,9251,3,16
1784688312.685,real_q8_tensor_220w_mtp,3,35,12351,181.24,69,1515,9251,3,16
1784688313.282,real_q8_tensor_220w_mtp,0,100,12351,192.04,64,1650,9251,3,16
1784688313.282,real_q8_tensor_220w_mtp,1,100,12351,200.60,69,1410,9251,3,16
1784688313.282,real_q8_tensor_220w_mtp,2,100,12351,199.43,72,1635,9251,3,16
1784688313.282,real_q8_tensor_220w_mtp,3,100,12351,198.77,69,1530,9251,3,16
1784688313.854,real_q8_tensor_220w_mtp,0,100,12351,200.99,64,1530,9251,3,16
1784688313.854,real_q8_tensor_220w_mtp,1,100,12351,203.51,69,1455,9251,3,16
1784688313.854,real_q8_tensor_220w_mtp,2,100,12351,202.35,72,1515,9251,3,16
1784688313.854,real_q8_tensor_220w_mtp,3,100,12351,205.20,68,1470,9251,3,16
1784688314.423,real_q8_tensor_220w_mtp,0,95,12351,200.34,64,1665,9251,3,16
1784688314.423,real_q8_tensor_220w_mtp,1,100,12351,203.30,69,1590,9251,3,16
1784688314.423,real_q8_tensor_220w_mtp,2,100,12351,202.24,72,1575,9251,3,16
1784688314.423,real_q8_tensor_220w_mtp,3,100,12351,205.53,69,1650,9251,3,16
1784688315.018,real_q8_tensor_220w_mtp,0,95,12351,195.61,63,1920,9251,3,16
1784688315.018,real_q8_tensor_220w_mtp,1,20,12351,201.68,68,1905,9251,3,16
1784688315.018,real_q8_tensor_220w_mtp,2,20,12351,200.78,70,1890,9251,3,16
1784688315.018,real_q8_tensor_220w_mtp,3,100,12351,200.00,68,1920,9251,3,16
1784688315.581,real_q8_tensor_220w_mtp,0,18,12351,171.94,61,1590,9251,3,16
1784688315.581,real_q8_tensor_220w_mtp,1,33,12351,181.00,67,1515,9251,3,16
1784688315.581,real_q8_tensor_220w_mtp,2,18,12351,175.41,70,1590,9251,3,16
1784688315.581,real_q8_tensor_220w_mtp,3,18,12351,175.75,66,1605,9251,3,16
1784688316.152,real_q8_tensor_220w_mtp,0,18,12351,182.51,63,1815,9251,3,16
1784688316.152,real_q8_tensor_220w_mtp,1,100,12351,186.84,69,1785,9251,3,16
1784688316.152,real_q8_tensor_220w_mtp,2,100,12351,182.97,72,1725,9251,3,16
1784688316.152,real_q8_tensor_220w_mtp,3,18,12351,185.82,68,1815,9251,3,16
1784688316.712,real_q8_tensor_220w_mtp,0,100,12351,206.73,64,1695,9251,3,16
1784688316.712,real_q8_tensor_220w_mtp,1,100,12351,207.62,69,1560,9251,3,16
1784688316.712,real_q8_tensor_220w_mtp,2,100,12351,207.86,72,1560,9251,3,16
1784688316.712,real_q8_tensor_220w_mtp,3,100,12351,209.39,69,1500,9251,3,16
1784688317.321,real_q8_tensor_220w_mtp,0,100,12351,208.35,64,1680,9251,3,16
1784688317.321,real_q8_tensor_220w_mtp,1,100,12351,209.63,69,1470,9251,3,16
1784688317.321,real_q8_tensor_220w_mtp,2,100,12351,208.24,72,1575,9251,3,16
1784688317.321,real_q8_tensor_220w_mtp,3,100,12351,208.63,68,1575,9251,3,16
1784688317.893,real_q8_tensor_220w_mtp,0,100,12351,204.84,64,1545,9251,3,16
1784688317.893,real_q8_tensor_220w_mtp,1,100,12351,205.65,69,1455,9251,3,16
1784688317.893,real_q8_tensor_220w_mtp,2,100,12351,202.51,73,1500,9251,3,16
1784688317.893,real_q8_tensor_220w_mtp,3,100,12351,209.88,69,1470,9251,3,16
1784688318.505,real_q8_tensor_220w_mtp,0,27,12351,180.96,62,1785,9251,3,16
1784688318.505,real_q8_tensor_220w_mtp,1,29,12351,189.65,68,1845,9251,3,16
1784688318.505,real_q8_tensor_220w_mtp,2,23,12351,182.56,70,1800,9251,3,16
1784688318.505,real_q8_tensor_220w_mtp,3,34,12351,187.12,66,1830,9251,3,16
1784688319.091,real_q8_tensor_220w_mtp,0,100,12351,169.65,63,1695,9251,3,16
1784688319.091,real_q8_tensor_220w_mtp,1,100,12351,179.68,69,1500,9251,3,16
1784688319.091,real_q8_tensor_220w_mtp,2,23,12351,173.06,72,1605,9251,3,16
1784688319.091,real_q8_tensor_220w_mtp,3,100,12351,180.53,68,1590,9251,3,16
1784688319.661,real_q8_tensor_220w_mtp,0,100,12351,189.38,64,1650,9251,3,16
1784688319.661,real_q8_tensor_220w_mtp,1,100,12351,194.16,69,1590,9251,3,16
1784688319.661,real_q8_tensor_220w_mtp,2,100,12351,192.38,72,1545,9251,3,16
1784688319.661,real_q8_tensor_220w_mtp,3,100,12351,197.50,69,1620,9251,3,16
1784688320.230,real_q8_tensor_220w_mtp,0,100,12351,200.20,64,1545,9251,3,16
1784688320.230,real_q8_tensor_220w_mtp,1,84,12351,203.76,69,1455,9251,3,16
1784688320.230,real_q8_tensor_220w_mtp,2,100,12351,202.21,72,1500,9251,3,16
1784688320.230,real_q8_tensor_220w_mtp,3,100,12351,204.47,69,1485,9251,3,16
1784688320.826,real_q8_tensor_220w_mtp,0,100,12351,199.51,62,1680,9251,3,16
1784688320.826,real_q8_tensor_220w_mtp,1,84,12351,201.36,69,1515,9251,3,16
1784688320.826,real_q8_tensor_220w_mtp,2,29,12351,199.03,72,1620,9251,3,16
1784688320.826,real_q8_tensor_220w_mtp,3,100,12351,205.19,67,1590,9251,3,16
1784688321.399,real_q8_tensor_220w_mtp,0,30,12351,199.16,64,1905,9251,3,16
1784688321.399,real_q8_tensor_220w_mtp,1,60,12351,205.54,68,1875,9251,3,16
1784688321.399,real_q8_tensor_220w_mtp,2,29,12351,204.81,71,1845,9251,3,16
1784688321.399,real_q8_tensor_220w_mtp,3,15,12351,202.96,68,1890,9251,3,16
1784688321.986,real_q8_tensor_220w_mtp,0,30,12351,175.43,61,1920,9251,3,16
1784688321.986,real_q8_tensor_220w_mtp,1,60,12351,178.80,67,1905,9251,3,16
1784688321.986,real_q8_tensor_220w_mtp,2,18,12351,170.15,69,1830,9251,3,16
1784688321.986,real_q8_tensor_220w_mtp,3,15,12351,182.78,66,1920,9251,3,16
1784688322.572,real_q8_tensor_220w_mtp,0,100,12351,176.81,64,1695,9251,3,16
1784688322.572,real_q8_tensor_220w_mtp,1,100,12351,182.90,69,1545,9251,3,16
1784688322.572,real_q8_tensor_220w_mtp,2,100,12351,181.28,72,1620,9251,3,16
1784688322.572,real_q8_tensor_220w_mtp,3,100,12351,188.58,68,1605,9251,3,16
1784688323.136,real_q8_tensor_220w_mtp,0,100,12351,207.08,64,1695,9251,3,16
1784688323.136,real_q8_tensor_220w_mtp,1,100,12351,209.64,69,1560,9251,3,16
1784688323.136,real_q8_tensor_220w_mtp,2,100,12351,206.96,72,1635,9251,3,16
1784688323.136,real_q8_tensor_220w_mtp,3,100,12351,209.06,69,1530,9251,3,16
1784688323.705,real_q8_tensor_220w_mtp,0,100,12351,200.56,64,1545,9251,3,16
1784688323.705,real_q8_tensor_220w_mtp,1,100,12351,203.83,69,1545,9251,3,16
1784688323.705,real_q8_tensor_220w_mtp,2,100,12351,200.77,72,1650,9251,3,16
1784688323.705,real_q8_tensor_220w_mtp,3,100,12351,204.62,68,1500,9251,3,16
1784688324.274,real_q8_tensor_220w_mtp,0,100,12351,200.28,64,1560,9251,3,16
1784688324.274,real_q8_tensor_220w_mtp,1,100,12351,203.90,69,1500,9251,3,16
1784688324.274,real_q8_tensor_220w_mtp,2,100,12351,200.88,73,1500,9251,3,16
1784688324.274,real_q8_tensor_220w_mtp,3,100,12351,204.90,69,1500,9251,3,16
1784688324.842,real_q8_tensor_220w_mtp,0,37,12351,189.21,61,1560,9251,3,16
1784688324.842,real_q8_tensor_220w_mtp,1,23,12351,198.05,67,1770,9251,3,16
1784688324.842,real_q8_tensor_220w_mtp,2,100,12351,190.31,70,1890,9251,3,16
1784688324.842,real_q8_tensor_220w_mtp,3,22,12351,194.06,66,1635,9251,3,16
1784688325.430,real_q8_tensor_220w_mtp,0,37,12351,171.91,63,1530,9251,3,16
1784688325.430,real_q8_tensor_220w_mtp,1,23,12351,180.88,69,1485,9251,3,16
1784688325.430,real_q8_tensor_220w_mtp,2,100,12351,175.73,72,1515,9251,3,16
1784688325.430,real_q8_tensor_220w_mtp,3,22,12351,180.26,68,1485,9251,3,16
1784688325.999,real_q8_tensor_220w_mtp,0,100,12351,187.93,63,1515,9251,3,16
1784688325.999,real_q8_tensor_220w_mtp,1,73,12351,191.20,69,1455,9251,3,16
1784688325.999,real_q8_tensor_220w_mtp,2,80,12351,186.65,72,1650,9251,3,16
1784688325.999,real_q8_tensor_220w_mtp,3,100,12351,195.21,69,1485,9251,3,16
1784688326.592,real_q8_tensor_220w_mtp,0,98,12351,200.35,62,1500,9251,3,16
1784688326.592,real_q8_tensor_220w_mtp,1,65,12351,200.64,68,1320,9251,3,16
1784688326.592,real_q8_tensor_220w_mtp,2,34,12351,200.22,70,1890,9251,3,16
1784688326.592,real_q8_tensor_220w_mtp,3,100,12351,204.38,67,1425,9251,3,16
1784688327.187,real_q8_tensor_220w_mtp,0,100,12351,204.57,64,1725,9251,3,16
1784688327.187,real_q8_tensor_220w_mtp,1,83,12351,207.95,69,1620,9251,3,16
1784688327.187,real_q8_tensor_220w_mtp,2,34,12351,207.98,72,1515,9251,3,16
1784688327.187,real_q8_tensor_220w_mtp,3,100,12351,210.02,69,1710,9251,3,16
1784688327.748,real_q8_tensor_220w_mtp,0,100,12351,205.41,64,1590,9251,3,16
1784688327.748,real_q8_tensor_220w_mtp,1,83,12351,211.35,69,1590,9251,3,16
1784688327.748,real_q8_tensor_220w_mtp,2,100,12351,208.71,72,1635,9251,3,16
1784688327.748,real_q8_tensor_220w_mtp,3,100,12351,209.67,69,1605,9251,3,16
1784688328.317,real_q8_tensor_220w_mtp,0,29,12351,178.84,62,1815,9251,3,16
1784688328.317,real_q8_tensor_220w_mtp,1,29,12351,182.58,66,1455,9251,3,16
1784688328.317,real_q8_tensor_220w_mtp,2,28,12351,180.99,70,1590,9251,3,16
1784688328.317,real_q8_tensor_220w_mtp,3,24,12351,188.79,68,1575,9251,3,16
1784688328.921,real_q8_tensor_220w_mtp,0,29,12351,170.42,64,1695,9251,3,16
1784688328.921,real_q8_tensor_220w_mtp,1,29,12351,170.77,69,1575,9251,3,16
1784688328.921,real_q8_tensor_220w_mtp,2,100,12351,173.45,72,1470,9251,3,16
1784688328.921,real_q8_tensor_220w_mtp,3,24,12351,181.32,69,1635,9251,3,16
1784688329.490,real_q8_tensor_220w_mtp,0,100,12351,195.61,63,1650,9251,3,16
1784688329.490,real_q8_tensor_220w_mtp,1,100,12351,198.29,69,1575,9251,3,16
1784688329.490,real_q8_tensor_220w_mtp,2,100,12351,198.28,72,1635,9251,3,16
1784688329.490,real_q8_tensor_220w_mtp,3,100,12351,201.55,68,1635,9251,3,16
1784688330.060,real_q8_tensor_220w_mtp,0,64,12351,199.13,63,1695,9251,3,16
1784688330.060,real_q8_tensor_220w_mtp,1,73,12351,202.31,69,1560,9251,3,16
1784688330.060,real_q8_tensor_220w_mtp,2,100,12351,200.79,72,1515,9251,3,16
1784688330.060,real_q8_tensor_220w_mtp,3,92,12351,203.42,68,1605,9251,3,16
1784688330.636,real_q8_tensor_220w_mtp,0,85,12351,198.62,62,1530,9251,3,16
1784688330.636,real_q8_tensor_220w_mtp,1,51,12351,202.71,69,1425,9251,3,16
1784688330.636,real_q8_tensor_220w_mtp,2,100,12351,201.14,72,1650,9251,3,16
1784688330.636,real_q8_tensor_220w_mtp,3,99,12351,203.33,68,1455,9251,3,16
1784688331.206,real_q8_tensor_220w_mtp,0,85,12351,206.34,64,1905,9251,3,16
1784688331.206,real_q8_tensor_220w_mtp,1,51,12351,202.41,67,1875,9251,3,16
1784688331.206,real_q8_tensor_220w_mtp,2,42,12351,201.77,70,1845,9251,3,16
1784688331.206,real_q8_tensor_220w_mtp,3,99,12351,207.61,68,1890,9251,3,16
1784688331.765,real_q8_tensor_220w_mtp,0,29,12351,173.71,61,1920,9251,3,16
1784688331.765,real_q8_tensor_220w_mtp,1,18,12351,184.69,67,1905,9251,3,16
1784688331.765,real_q8_tensor_220w_mtp,2,42,12351,172.13,70,1890,9251,3,16
1784688331.765,real_q8_tensor_220w_mtp,3,1,12351,178.89,66,1860,9251,3,16
1784688332.323,real_q8_tensor_220w_mtp,0,29,12351,177.90,63,1680,9251,3,16
1784688332.323,real_q8_tensor_220w_mtp,1,18,12351,185.61,69,1560,9251,3,16
1784688332.323,real_q8_tensor_220w_mtp,2,100,12351,179.28,72,1485,9251,3,16
1784688332.323,real_q8_tensor_220w_mtp,3,1,12351,186.27,68,1620,9251,3,16
1784688332.893,real_q8_tensor_220w_mtp,0,100,12351,201.03,63,1665,9251,3,16
1784688332.893,real_q8_tensor_220w_mtp,1,100,12351,210.88,69,1575,9251,3,16
1784688332.893,real_q8_tensor_220w_mtp,2,100,12351,209.09,72,1650,9251,3,16
1784688332.893,real_q8_tensor_220w_mtp,3,100,12351,207.61,68,1620,9251,3,16
1784688333.461,real_q8_tensor_220w_mtp,0,100,12351,198.79,64,1680,9251,3,16
1784688333.461,real_q8_tensor_220w_mtp,1,100,12351,204.20,69,1575,9251,3,16
1784688333.461,real_q8_tensor_220w_mtp,2,100,12351,201.51,72,1485,9251,3,16
1784688333.461,real_q8_tensor_220w_mtp,3,100,12351,204.28,68,1620,9251,3,16
1784688334.030,real_q8_tensor_220w_mtp,0,100,12351,198.37,63,1590,9251,3,16
1784688334.030,real_q8_tensor_220w_mtp,1,100,12351,203.89,69,1590,9251,3,16
1784688334.030,real_q8_tensor_220w_mtp,2,63,12351,201.11,72,1620,9251,3,16
1784688334.030,real_q8_tensor_220w_mtp,3,100,12351,203.34,68,1605,9251,3,16
1784688334.601,real_q8_tensor_220w_mtp,0,61,12351,196.16,62,1725,9251,3,16
1784688334.601,real_q8_tensor_220w_mtp,1,100,12351,200.04,68,1770,9251,3,16
1784688334.601,real_q8_tensor_220w_mtp,2,37,12351,196.98,71,1545,9251,3,16
1784688334.601,real_q8_tensor_220w_mtp,3,100,12351,199.36,67,1710,9251,3,16
1784688335.161,real_q8_tensor_220w_mtp,0,31,12351,168.46,63,1530,9251,3,16
1784688335.161,real_q8_tensor_220w_mtp,1,19,12351,178.59,67,1470,9251,3,16
1784688335.161,real_q8_tensor_220w_mtp,2,37,12351,172.25,70,1605,9251,3,16
1784688335.161,real_q8_tensor_220w_mtp,3,62,12351,181.55,68,1485,9251,3,16
1784688335.729,real_q8_tensor_220w_mtp,0,31,12351,178.74,64,1830,9251,3,16
1784688335.729,real_q8_tensor_220w_mtp,1,19,12351,189.31,68,1815,9251,3,16
1784688335.729,real_q8_tensor_220w_mtp,2,100,12351,183.07,71,1695,9251,3,16
1784688335.729,real_q8_tensor_220w_mtp,3,62,12351,189.04,69,1800,9251,3,16
1784688336.287,real_q8_tensor_220w_mtp,0,100,12351,204.66,63,1665,9251,3,16
1784688336.287,real_q8_tensor_220w_mtp,1,100,12351,207.84,69,1470,9251,3,16
1784688336.287,real_q8_tensor_220w_mtp,2,100,12351,205.89,72,1590,9251,3,16
1784688336.287,real_q8_tensor_220w_mtp,3,100,12351,207.56,68,1575,9251,3,16
1784688336.855,real_q8_tensor_220w_mtp,0,100,12351,204.89,64,1680,9251,3,16
1784688336.855,real_q8_tensor_220w_mtp,1,100,12351,208.96,69,1575,9251,3,16
1784688336.855,real_q8_tensor_220w_mtp,2,100,12351,208.12,72,1455,9251,3,16
1784688336.855,real_q8_tensor_220w_mtp,3,100,12351,208.23,68,1620,9251,3,16
1784688337.485,real_q8_tensor_220w_mtp,0,100,12351,199.05,64,1545,9251,3,16
1784688337.485,real_q8_tensor_220w_mtp,1,100,12351,203.96,69,1560,9251,3,16
1784688337.485,real_q8_tensor_220w_mtp,2,100,12351,201.38,72,1530,9251,3,16
1784688337.485,real_q8_tensor_220w_mtp,3,100,12351,203.82,69,1500,9251,3,16
1784688338.055,real_q8_tensor_220w_mtp,0,29,12351,187.63,62,1830,9251,3,16
1784688338.055,real_q8_tensor_220w_mtp,1,28,12351,193.74,67,1800,9251,3,16
1784688338.055,real_q8_tensor_220w_mtp,2,35,12351,189.73,70,1755,9251,3,16
1784688338.055,real_q8_tensor_220w_mtp,3,36,12351,194.14,67,1740,9251,3,16
1784688338.617,real_q8_tensor_220w_mtp,0,100,12351,166.21,63,1680,9251,3,16
1784688338.617,real_q8_tensor_220w_mtp,1,100,12351,179.69,68,1575,9251,3,16
1784688338.617,real_q8_tensor_220w_mtp,2,42,12351,171.17,71,1500,9251,3,16
1784688338.617,real_q8_tensor_220w_mtp,3,100,12351,179.53,68,1605,9251,3,16
1784688339.188,real_q8_tensor_220w_mtp,0,100,12351,175.85,64,1575,9251,3,16
1784688339.188,real_q8_tensor_220w_mtp,1,100,12351,193.33,67,1560,9251,3,16
1784688339.188,real_q8_tensor_220w_mtp,2,76,12351,188.58,72,1575,9251,3,16
1784688339.188,real_q8_tensor_220w_mtp,3,100,12351,189.01,68,1545,9251,3,16
1784688339.758,real_q8_tensor_220w_mtp,0,97,12351,204.22,62,1875,9251,3,16
1784688339.758,real_q8_tensor_220w_mtp,1,100,12351,207.49,69,1830,9251,3,16
1784688339.758,real_q8_tensor_220w_mtp,2,76,12351,206.71,72,1815,9251,3,16
1784688339.758,real_q8_tensor_220w_mtp,3,65,12351,205.70,67,1830,9251,3,16
1784688340.314,real_q8_tensor_220w_mtp,0,97,12351,204.61,64,1650,9251,3,16
1784688340.314,real_q8_tensor_220w_mtp,1,100,12351,207.29,69,1395,9251,3,16
1784688340.314,real_q8_tensor_220w_mtp,2,100,12351,205.47,72,1620,9251,3,16
1784688340.314,real_q8_tensor_220w_mtp,3,65,12351,208.00,69,1545,9251,3,16
1784688340.905,real_q8_tensor_220w_mtp,0,100,12351,206.08,63,1695,9251,3,16
1784688340.905,real_q8_tensor_220w_mtp,1,100,12351,210.19,69,1545,9251,3,16
1784688340.905,real_q8_tensor_220w_mtp,2,100,12351,207.26,72,1620,9251,3,16
1784688340.905,real_q8_tensor_220w_mtp,3,100,12351,208.32,69,1605,9251,3,16
1784688341.518,real_q8_tensor_220w_mtp,0,100,12351,180.09,61,1875,9251,3,16
1784688341.518,real_q8_tensor_220w_mtp,1,28,12351,187.71,68,1845,9251,3,16
1784688341.518,real_q8_tensor_220w_mtp,2,37,12351,182.61,70,1785,9251,3,16
1784688341.518,real_q8_tensor_220w_mtp,3,22,12351,187.64,66,1860,9251,3,16
1784688342.101,real_q8_tensor_220w_mtp,0,100,12351,167.98,63,1545,9251,3,16
1784688342.101,real_q8_tensor_220w_mtp,1,100,12351,177.82,69,1590,9251,3,16
1784688342.101,real_q8_tensor_220w_mtp,2,37,12351,169.71,72,1605,9251,3,16
1784688342.101,real_q8_tensor_220w_mtp,3,100,12351,176.55,68,1545,9251,3,16
1784688342.673,real_q8_tensor_220w_mtp,0,100,12351,188.20,63,1530,9251,3,16
1784688342.673,real_q8_tensor_220w_mtp,1,100,12351,199.30,69,1560,9251,3,16
1784688342.673,real_q8_tensor_220w_mtp,2,100,12351,195.81,72,1620,9251,3,16
1784688342.673,real_q8_tensor_220w_mtp,3,100,12351,196.02,68,1530,9251,3,16
1784688343.242,real_q8_tensor_220w_mtp,0,74,12351,198.55,63,1710,9251,3,16
1784688343.242,real_q8_tensor_220w_mtp,1,48,12351,202.64,69,1560,9251,3,16
1784688343.242,real_q8_tensor_220w_mtp,2,100,12351,200.96,72,1650,9251,3,16
1784688343.242,real_q8_tensor_220w_mtp,3,88,12351,203.04,68,1635,9251,3,16
1784688343.814,real_q8_tensor_220w_mtp,0,74,12351,198.04,64,1920,9251,3,16
1784688343.814,real_q8_tensor_220w_mtp,1,48,12351,204.16,67,1890,9251,3,16
1784688343.814,real_q8_tensor_220w_mtp,2,64,12351,203.54,71,1875,9251,3,16
1784688343.814,real_q8_tensor_220w_mtp,3,88,12351,202.31,69,1905,9251,3,16
1784688344.399,real_q8_tensor_220w_mtp,0,100,12351,205.21,63,1515,9251,3,16
1784688344.399,real_q8_tensor_220w_mtp,1,100,12351,206.24,69,1515,9251,3,16
1784688344.399,real_q8_tensor_220w_mtp,2,64,12351,205.22,72,1620,9251,3,16
1784688344.399,real_q8_tensor_220w_mtp,3,100,12351,208.77,68,1455,9251,3,16
1784688344.968,real_q8_tensor_220w_mtp,0,100,12351,179.35,61,1620,9251,3,16
1784688344.968,real_q8_tensor_220w_mtp,1,100,12351,186.31,67,1290,9251,3,16
1784688344.968,real_q8_tensor_220w_mtp,2,36,12351,180.26,70,1455,9251,3,16
1784688344.968,real_q8_tensor_220w_mtp,3,100,12351,187.58,66,1470,9251,3,16
1784688345.529,real_q8_tensor_220w_mtp,0,100,12351,167.19,63,1695,9251,3,16
1784688345.529,real_q8_tensor_220w_mtp,1,100,12351,177.53,69,1560,9251,3,16
1784688345.529,real_q8_tensor_220w_mtp,2,100,12351,170.88,72,1605,9251,3,16
1784688345.529,real_q8_tensor_220w_mtp,3,100,12351,177.30,68,1560,9251,3,16
1784688346.098,real_q8_tensor_220w_mtp,0,100,12351,198.79,63,1530,9251,3,16
1784688346.098,real_q8_tensor_220w_mtp,1,100,12351,197.78,69,1575,9251,3,16
1784688346.098,real_q8_tensor_220w_mtp,2,100,12351,196.21,72,1620,9251,3,16
1784688346.098,real_q8_tensor_220w_mtp,3,100,12351,203.17,68,1545,9251,3,16
1784688346.691,real_q8_tensor_220w_mtp,0,100,12351,199.46,63,1485,9251,3,16
1784688346.691,real_q8_tensor_220w_mtp,1,100,12351,201.04,69,1440,9251,3,16
1784688346.691,real_q8_tensor_220w_mtp,2,100,12351,199.21,72,1650,9251,3,16
1784688346.691,real_q8_tensor_220w_mtp,3,100,12351,201.98,68,1440,9251,3,16
1784688347.261,real_q8_tensor_220w_mtp,0,100,12351,194.50,63,1650,9251,3,16
1784688347.261,real_q8_tensor_220w_mtp,1,100,12351,200.93,67,1500,9251,3,16
1784688347.261,real_q8_tensor_220w_mtp,2,66,12351,199.78,70,1455,9251,3,16
1784688347.261,real_q8_tensor_220w_mtp,3,100,12351,200.35,68,1560,9251,3,16
1784688347.829,real_q8_tensor_220w_mtp,0,100,12351,204.49,63,1500,9251,3,16
1784688347.829,real_q8_tensor_220w_mtp,1,100,12351,206.43,69,1605,9251,3,16
1784688347.829,real_q8_tensor_220w_mtp,2,66,12351,206.00,72,1590,9251,3,16
1784688347.829,real_q8_tensor_220w_mtp,3,83,12351,205.66,69,1545,9251,3,16
1784688348.388,real_q8_tensor_220w_mtp,0,100,12351,179.79,61,1785,9251,3,16
1784688348.388,real_q8_tensor_220w_mtp,1,100,12351,182.69,67,1815,9251,3,16
1784688348.388,real_q8_tensor_220w_mtp,2,37,12351,178.43,70,1845,9251,3,16
1784688348.388,real_q8_tensor_220w_mtp,3,83,12351,185.78,66,1830,9251,3,16
1784688348.946,real_q8_tensor_220w_mtp,0,100,12351,165.92,63,1665,9251,3,16
1784688348.946,real_q8_tensor_220w_mtp,1,100,12351,176.75,69,1575,9251,3,16
1784688348.946,real_q8_tensor_220w_mtp,2,100,12351,168.64,72,1635,9251,3,16
1784688348.946,real_q8_tensor_220w_mtp,3,100,12351,178.47,68,1620,9251,3,16
1784688349.516,real_q8_tensor_220w_mtp,0,100,12351,197.99,64,1515,9251,3,16
1784688349.516,real_q8_tensor_220w_mtp,1,100,12351,198.12,69,1515,9251,3,16
1784688349.516,real_q8_tensor_220w_mtp,2,100,12351,195.81,72,1620,9251,3,16
1784688349.516,real_q8_tensor_220w_mtp,3,100,12351,203.48,68,1470,9251,3,16
1784688350.084,real_q8_tensor_220w_mtp,0,100,12351,198.03,63,1695,9251,3,16
1784688350.084,real_q8_tensor_220w_mtp,1,100,12351,199.78,69,1530,9251,3,16
1784688350.084,real_q8_tensor_220w_mtp,2,83,12351,198.70,72,1605,9251,3,16
1784688350.084,real_q8_tensor_220w_mtp,3,100,12351,202.12,68,1590,9251,3,16
1784688350.654,real_q8_tensor_220w_mtp,0,100,12351,195.58,62,1485,9251,3,16
1784688350.654,real_q8_tensor_220w_mtp,1,100,12351,200.42,67,1515,9251,3,16
1784688350.654,real_q8_tensor_220w_mtp,2,58,12351,199.47,70,1695,9251,3,16
1784688350.654,real_q8_tensor_220w_mtp,3,100,12351,200.39,68,1485,9251,3,16
1784688351.225,real_q8_tensor_220w_mtp,0,100,12351,206.05,64,1440,9251,3,16
1784688351.225,real_q8_tensor_220w_mtp,1,100,12351,206.95,69,1425,9251,3,16
1784688351.225,real_q8_tensor_220w_mtp,2,58,12351,205.73,72,1470,9251,3,16
1784688351.225,real_q8_tensor_220w_mtp,3,89,12351,206.75,68,1440,9251,3,16
1784688351.785,real_q8_tensor_220w_mtp,0,100,12351,180.97,61,1830,9251,3,16
1784688351.785,real_q8_tensor_220w_mtp,1,100,12351,184.61,67,1620,9251,3,16
1784688351.785,real_q8_tensor_220w_mtp,2,37,12351,179.89,69,1725,9251,3,16
1784688351.785,real_q8_tensor_220w_mtp,3,89,12351,187.01,67,1740,9251,3,16
1784688352.344,real_q8_tensor_220w_mtp,0,100,12351,164.90,63,1680,9251,3,16
1784688352.344,real_q8_tensor_220w_mtp,1,100,12351,182.56,69,1575,9251,3,16
1784688352.344,real_q8_tensor_220w_mtp,2,37,12351,174.76,72,1620,9251,3,16
1784688352.344,real_q8_tensor_220w_mtp,3,100,12351,177.78,68,1440,9251,3,16
1784688352.938,real_q8_tensor_220w_mtp,0,100,12351,195.59,63,1605,9251,3,16
1784688352.938,real_q8_tensor_220w_mtp,1,100,12351,199.40,69,1560,9251,3,16
1784688352.938,real_q8_tensor_220w_mtp,2,100,12351,194.69,72,1635,9251,3,16
1784688352.938,real_q8_tensor_220w_mtp,3,100,12351,203.84,68,1605,9251,3,16
1784688353.509,real_q8_tensor_220w_mtp,0,100,12351,196.81,63,1500,9251,3,16
1784688353.509,real_q8_tensor_220w_mtp,1,100,12351,202.29,68,1380,9251,3,16
1784688353.509,real_q8_tensor_220w_mtp,2,100,12351,199.32,71,1635,9251,3,16
1784688353.509,real_q8_tensor_220w_mtp,3,100,12351,202.02,68,1395,9251,3,16
1784688354.080,real_q8_tensor_220w_mtp,0,100,12351,197.60,62,1515,9251,3,16
1784688354.080,real_q8_tensor_220w_mtp,1,89,12351,200.32,67,1335,9251,3,16
1784688354.080,real_q8_tensor_220w_mtp,2,55,12351,198.27,72,1395,9251,3,16
1784688354.080,real_q8_tensor_220w_mtp,3,65,12351,199.31,67,1365,9251,3,16
1784688354.650,real_q8_tensor_220w_mtp,0,100,12351,203.37,63,1710,9251,3,16
1784688354.650,real_q8_tensor_220w_mtp,1,100,12351,205.07,69,1350,9251,3,16
1784688354.650,real_q8_tensor_220w_mtp,2,55,12351,204.14,72,1455,9251,3,16
1784688354.650,real_q8_tensor_220w_mtp,3,100,12351,207.17,69,1485,9251,3,16
1784688355.211,real_q8_tensor_220w_mtp,0,100,12351,175.49,61,1710,9251,3,16
1784688355.211,real_q8_tensor_220w_mtp,1,100,12351,180.02,67,1710,9251,3,16
1784688355.211,real_q8_tensor_220w_mtp,2,28,12351,179.59,70,1785,9251,3,16
1784688355.211,real_q8_tensor_220w_mtp,3,100,12351,184.62,66,1770,9251,3,16
1784688355.768,real_q8_tensor_220w_mtp,0,100,12351,164.73,63,1590,9251,3,16
1784688355.768,real_q8_tensor_220w_mtp,1,100,12351,169.93,69,1575,9251,3,16
1784688355.768,real_q8_tensor_220w_mtp,2,28,12351,172.60,72,1605,9251,3,16
1784688355.768,real_q8_tensor_220w_mtp,3,100,12351,178.43,68,1605,9251,3,16
1784688356.337,real_q8_tensor_220w_mtp,0,100,12351,194.69,63,1515,9251,3,16
1784688356.337,real_q8_tensor_220w_mtp,1,100,12351,193.49,69,1365,9251,3,16
1784688356.337,real_q8_tensor_220w_mtp,2,100,12351,201.34,72,1425,9251,3,16
1784688356.337,real_q8_tensor_220w_mtp,3,100,12351,202.29,68,1410,9251,3,16
1784688356.928,real_q8_tensor_220w_mtp,0,100,12351,198.40,63,1500,9251,3,16
1784688356.928,real_q8_tensor_220w_mtp,1,100,12351,201.22,69,1575,9251,3,16
1784688356.928,real_q8_tensor_220w_mtp,2,100,12351,198.48,72,1620,9251,3,16
1784688356.928,real_q8_tensor_220w_mtp,3,100,12351,203.57,68,1515,9251,3,16
1784688357.523,real_q8_tensor_220w_mtp,0,100,12351,197.05,62,1560,9251,3,16
1784688357.523,real_q8_tensor_220w_mtp,1,100,12351,199.80,68,1485,9251,3,16
1784688357.523,real_q8_tensor_220w_mtp,2,24,12351,197.27,70,1590,9251,3,16
1784688357.523,real_q8_tensor_220w_mtp,3,72,12351,202.85,67,1560,9251,3,16
1784688358.093,real_q8_tensor_220w_mtp,0,100,12351,202.35,64,1740,9251,3,16
1784688358.093,real_q8_tensor_220w_mtp,1,100,12351,206.18,69,1605,9251,3,16
1784688358.093,real_q8_tensor_220w_mtp,2,100,12351,205.78,72,1380,9251,3,16
1784688358.093,real_q8_tensor_220w_mtp,3,100,12351,207.35,68,1650,9251,3,16
1784688358.655,real_q8_tensor_220w_mtp,0,100,12351,176.05,62,1815,9251,3,16
1784688358.655,real_q8_tensor_220w_mtp,1,100,12351,187.87,66,1800,9251,3,16
1784688358.655,real_q8_tensor_220w_mtp,2,100,12351,176.64,69,1785,9251,3,16
1784688358.655,real_q8_tensor_220w_mtp,3,100,12351,186.76,67,1845,9251,3,16
1784688359.214,real_q8_tensor_220w_mtp,0,100,12351,168.89,63,1500,9251,3,16
1784688359.214,real_q8_tensor_220w_mtp,1,100,12351,175.23,69,1575,9251,3,16
1784688359.214,real_q8_tensor_220w_mtp,2,100,12351,169.43,72,1620,9251,3,16
1784688359.214,real_q8_tensor_220w_mtp,3,100,12351,180.20,68,1515,9251,3,16
1784688359.785,real_q8_tensor_220w_mtp,0,100,12351,193.19,64,1650,9251,3,16
1784688359.785,real_q8_tensor_220w_mtp,1,100,12351,200.89,69,1560,9251,3,16
1784688359.785,real_q8_tensor_220w_mtp,2,100,12351,198.71,72,1635,9251,3,16
1784688359.785,real_q8_tensor_220w_mtp,3,100,12351,198.55,68,1425,9251,3,16
1784688360.356,real_q8_tensor_220w_mtp,0,100,12351,197.53,63,1680,9251,3,16
1784688360.356,real_q8_tensor_220w_mtp,1,100,12351,199.77,69,1545,9251,3,16
1784688360.356,real_q8_tensor_220w_mtp,2,100,12351,199.60,72,1620,9251,3,16
1784688360.356,real_q8_tensor_220w_mtp,3,100,12351,203.25,68,1605,9251,3,16
1784688360.948,real_q8_tensor_220w_mtp,0,100,12351,195.87,61,1515,9251,3,16
1784688360.948,real_q8_tensor_220w_mtp,1,100,12351,200.57,68,1200,9251,3,16
1784688360.948,real_q8_tensor_220w_mtp,2,100,12351,197.90,70,1890,9251,3,16
1784688360.948,real_q8_tensor_220w_mtp,3,100,12351,198.34,67,1365,9251,3,16
1784688361.518,real_q8_tensor_220w_mtp,0,100,12351,203.24,63,1455,9251,3,16
1784688361.518,real_q8_tensor_220w_mtp,1,100,12351,206.58,69,1365,9251,3,16
1784688361.518,real_q8_tensor_220w_mtp,2,100,12351,205.33,72,1425,9251,3,16
1784688361.518,real_q8_tensor_220w_mtp,3,100,12351,207.36,69,1380,9251,3,16
1784688362.102,real_q8_tensor_220w_mtp,0,30,12351,176.29,61,1650,9251,3,16
1784688362.102,real_q8_tensor_220w_mtp,1,100,12351,184.96,68,1695,9251,3,16
1784688362.102,real_q8_tensor_220w_mtp,2,100,12351,174.15,70,1770,9251,3,16
1784688362.102,real_q8_tensor_220w_mtp,3,100,12351,183.11,66,1725,9251,3,16
1784688362.666,real_q8_tensor_220w_mtp,0,100,12351,165.71,63,1470,9251,3,16
1784688362.666,real_q8_tensor_220w_mtp,1,100,12351,178.42,69,1425,9251,3,16
1784688362.666,real_q8_tensor_220w_mtp,2,100,12351,164.82,71,1650,9251,3,16
1784688362.666,real_q8_tensor_220w_mtp,3,100,12351,176.68,68,1410,9251,3,16
1784688363.237,real_q8_tensor_220w_mtp,0,100,12351,192.63,63,1455,9251,3,16
1784688363.237,real_q8_tensor_220w_mtp,1,100,12351,195.70,69,1410,9251,3,16
1784688363.237,real_q8_tensor_220w_mtp,2,100,12351,191.65,72,1470,9251,3,16
1784688363.237,real_q8_tensor_220w_mtp,3,100,12351,200.09,68,1425,9251,3,16
1784688363.809,real_q8_tensor_220w_mtp,0,100,12351,195.78,64,1665,9251,3,16
1784688363.809,real_q8_tensor_220w_mtp,1,97,12351,201.46,69,1560,9251,3,16
1784688363.809,real_q8_tensor_220w_mtp,2,92,12351,198.15,72,1440,9251,3,16
1784688363.809,real_q8_tensor_220w_mtp,3,100,12351,202.83,68,1605,9251,3,16
1784688364.378,real_q8_tensor_220w_mtp,0,100,12351,194.35,63,1905,9251,3,16
1784688364.378,real_q8_tensor_220w_mtp,1,97,12351,200.50,67,1890,9251,3,16
1784688364.378,real_q8_tensor_220w_mtp,2,92,12351,197.99,70,1890,9251,3,16
1784688364.378,real_q8_tensor_220w_mtp,3,100,12351,202.78,67,1905,9251,3,16
1784688364.967,real_q8_tensor_220w_mtp,0,100,12351,204.58,63,1455,9251,3,16
1784688364.967,real_q8_tensor_220w_mtp,1,100,12351,205.36,69,1575,9251,3,16
1784688364.967,real_q8_tensor_220w_mtp,2,100,12351,205.06,72,1635,9251,3,16
1784688364.967,real_q8_tensor_220w_mtp,3,100,12351,207.11,68,1410,9251,3,16
1784688365.537,real_q8_tensor_220w_mtp,0,100,12351,181.23,61,1920,9251,3,16
1784688365.537,real_q8_tensor_220w_mtp,1,30,12351,189.38,67,1890,9251,3,16
1784688365.537,real_q8_tensor_220w_mtp,2,30,12351,184.77,69,1875,9251,3,16
1784688365.537,real_q8_tensor_220w_mtp,3,32,12351,185.01,66,1920,9251,3,16
1784688366.099,real_q8_tensor_220w_mtp,0,100,12351,165.71,63,1500,9251,3,16
1784688366.099,real_q8_tensor_220w_mtp,1,100,12351,176.22,68,1410,9251,3,16
1784688366.099,real_q8_tensor_220w_mtp,2,100,12351,169.56,71,1410,9251,3,16
1784688366.099,real_q8_tensor_220w_mtp,3,100,12351,177.94,68,1395,9251,3,16
1784688366.685,real_q8_tensor_220w_mtp,0,100,12351,190.54,63,1680,9251,3,16
1784688366.685,real_q8_tensor_220w_mtp,1,100,12351,195.98,68,1335,9251,3,16
1784688366.685,real_q8_tensor_220w_mtp,2,100,12351,193.46,71,1455,9251,3,16
1784688366.685,real_q8_tensor_220w_mtp,3,100,12351,198.09,68,1590,9251,3,16
1784688367.252,real_q8_tensor_220w_mtp,0,39,12351,197.35,63,1665,9251,3,16
1784688367.252,real_q8_tensor_220w_mtp,1,100,12351,199.60,67,1425,9251,3,16
1784688367.252,real_q8_tensor_220w_mtp,2,99,12351,196.80,70,1605,9251,3,16
1784688367.252,real_q8_tensor_220w_mtp,3,73,12351,199.65,68,1575,9251,3,16
1784688367.839,real_q8_tensor_220w_mtp,0,39,12351,202.20,62,1875,9251,3,16
1784688367.839,real_q8_tensor_220w_mtp,1,100,12351,197.34,69,1875,9251,3,16
1784688367.839,real_q8_tensor_220w_mtp,2,99,12351,195.83,72,1845,9251,3,16
1784688367.839,real_q8_tensor_220w_mtp,3,73,12351,202.36,67,1860,9251,3,16
1784688368.422,real_q8_tensor_220w_mtp,0,100,12351,204.24,63,1650,9251,3,16
1784688368.422,real_q8_tensor_220w_mtp,1,100,12351,202.69,69,1560,9251,3,16
1784688368.422,real_q8_tensor_220w_mtp,2,100,12351,203.43,71,1635,9251,3,16
1784688368.422,real_q8_tensor_220w_mtp,3,100,12351,205.58,68,1425,9251,3,16
1784688368.992,real_q8_tensor_220w_mtp,0,100,12351,178.42,62,1905,9251,3,16
1784688368.992,real_q8_tensor_220w_mtp,1,100,12351,188.78,67,1830,9251,3,16
1784688368.992,real_q8_tensor_220w_mtp,2,100,12351,184.27,70,1815,9251,3,16
1784688368.992,real_q8_tensor_220w_mtp,3,100,12351,182.78,67,1830,9251,3,16
1784688369.550,real_q8_tensor_220w_mtp,0,100,12351,164.64,63,1680,9251,3,16
1784688369.550,real_q8_tensor_220w_mtp,1,100,12351,175.74,68,1560,9251,3,16
1784688369.550,real_q8_tensor_220w_mtp,2,100,12351,166.61,71,1530,9251,3,16
1784688369.550,real_q8_tensor_220w_mtp,3,100,12351,168.18,68,1605,9251,3,16
1784688370.141,real_q8_tensor_220w_mtp,0,100,12351,190.13,63,1665,9251,3,16
1784688370.141,real_q8_tensor_220w_mtp,1,100,12351,194.05,68,1575,9251,3,16
1784688370.141,real_q8_tensor_220w_mtp,2,100,12351,189.43,71,1635,9251,3,16
1784688370.141,real_q8_tensor_220w_mtp,3,100,12351,195.17,68,1425,9251,3,16
1784688370.711,real_q8_tensor_220w_mtp,0,32,12351,198.77,62,1470,9251,3,16
1784688370.711,real_q8_tensor_220w_mtp,1,21,12351,198.96,67,1275,9251,3,16
1784688370.711,real_q8_tensor_220w_mtp,2,28,12351,198.03,70,1890,9251,3,16
1784688370.711,real_q8_tensor_220w_mtp,3,66,12351,203.20,67,1365,9251,3,16
1784688371.279,real_q8_tensor_220w_mtp,0,32,12351,203.22,64,1680,9251,3,16
1784688371.279,real_q8_tensor_220w_mtp,1,21,12351,207.57,69,1530,9251,3,16
1784688371.279,real_q8_tensor_220w_mtp,2,28,12351,205.87,72,1605,9251,3,16
1784688371.279,real_q8_tensor_220w_mtp,3,66,12351,208.50,68,1575,9251,3,16
1784688371.843,real_q8_tensor_220w_mtp,0,100,12351,201.96,63,1665,9251,3,16
1784688371.843,real_q8_tensor_220w_mtp,1,100,12351,208.24,69,1560,9251,3,16
1784688371.843,real_q8_tensor_220w_mtp,2,100,12351,205.14,72,1455,9251,3,16
1784688371.843,real_q8_tensor_220w_mtp,3,100,12351,206.43,68,1590,9251,3,16
1784688372.413,real_q8_tensor_220w_mtp,0,100,12351,176.73,63,1890,9251,3,16
1784688372.413,real_q8_tensor_220w_mtp,1,100,12351,188.41,67,1890,9251,3,16
1784688372.413,real_q8_tensor_220w_mtp,2,100,12351,183.02,69,1845,9251,3,16
1784688372.413,real_q8_tensor_220w_mtp,3,100,12351,185.84,68,1890,9251,3,16
1784688372.971,real_q8_tensor_220w_mtp,0,100,12351,164.11,63,1440,9251,3,16
1784688372.971,real_q8_tensor_220w_mtp,1,100,12351,175.74,68,1395,9251,3,16
1784688372.971,real_q8_tensor_220w_mtp,2,100,12351,167.88,71,1470,9251,3,16
1784688372.971,real_q8_tensor_220w_mtp,3,100,12351,175.90,67,1425,9251,3,16
1784688373.561,real_q8_tensor_220w_mtp,0,60,12351,180.55,63,1695,9251,3,16
1784688373.561,real_q8_tensor_220w_mtp,1,60,12351,191.52,67,1515,9251,3,16
1784688373.561,real_q8_tensor_220w_mtp,2,66,12351,187.32,70,1395,9251,3,16
1784688373.561,real_q8_tensor_220w_mtp,3,79,12351,193.52,68,1575,9251,3,16
1784688374.135,real_q8_tensor_220w_mtp,0,100,12351,203.42,63,1680,9251,3,16
1784688374.135,real_q8_tensor_220w_mtp,1,100,12351,205.23,69,1650,9251,3,16
1784688374.135,real_q8_tensor_220w_mtp,2,100,12351,204.25,72,1440,9251,3,16
1784688374.135,real_q8_tensor_220w_mtp,3,90,12351,205.04,67,1665,9251,3,16
1784688374.696,real_q8_tensor_220w_mtp,0,100,12351,203.68,64,1680,9251,3,16
1784688374.696,real_q8_tensor_220w_mtp,1,100,12351,205.24,69,1530,9251,3,16
1784688374.696,real_q8_tensor_220w_mtp,2,100,12351,203.93,72,1605,9251,3,16
1784688374.696,real_q8_tensor_220w_mtp,3,90,12351,206.65,68,1575,9251,3,16
1784688375.266,real_q8_tensor_220w_mtp,0,100,12351,196.90,63,1650,9251,3,16
1784688375.266,real_q8_tensor_220w_mtp,1,100,12351,204.72,69,1545,9251,3,16
1784688375.266,real_q8_tensor_220w_mtp,2,100,12351,202.33,71,1410,9251,3,16
1784688375.266,real_q8_tensor_220w_mtp,3,100,12351,202.09,68,1590,9251,3,16
1784688375.835,real_q8_tensor_220w_mtp,0,100,12351,184.20,61,1830,9251,3,16
1784688375.835,real_q8_tensor_220w_mtp,1,100,12351,191.35,67,1905,9251,3,16
1784688375.835,real_q8_tensor_220w_mtp,2,100,12351,189.21,70,1875,9251,3,16
1784688375.835,real_q8_tensor_220w_mtp,3,100,12351,189.50,66,1905,9251,3,16
1784688376.394,real_q8_tensor_220w_mtp,0,21,12351,156.48,60,1575,9251,3,16
1784688376.394,real_q8_tensor_220w_mtp,1,66,12351,174.94,68,1560,9251,3,16
1784688376.394,real_q8_tensor_220w_mtp,2,63,12351,167.43,71,1590,9251,3,16
1784688376.394,real_q8_tensor_220w_mtp,3,34,12351,174.98,66,1545,9251,3,16
1784688376.963,real_q8_tensor_220w_mtp,0,21,12351,177.19,63,1695,9251,3,16
1784688376.963,real_q8_tensor_220w_mtp,1,66,12351,183.96,69,1620,9251,3,16
1784688376.963,real_q8_tensor_220w_mtp,2,63,12351,181.98,71,1635,9251,3,16
1784688376.963,real_q8_tensor_220w_mtp,3,34,12351,190.46,68,1650,9251,3,16
1784688377.522,real_q8_tensor_220w_mtp,0,100,12351,205.57,63,1650,9251,3,16
1784688377.522,real_q8_tensor_220w_mtp,1,100,12351,200.96,69,1545,9251,3,16
1784688377.522,real_q8_tensor_220w_mtp,2,100,12351,201.00,72,1620,9251,3,16
1784688377.522,real_q8_tensor_220w_mtp,3,100,12351,205.05,68,1590,9251,3,16
1784688378.147,real_q8_tensor_220w_mtp,0,100,12351,194.86,63,1500,9251,3,16
1784688378.147,real_q8_tensor_220w_mtp,1,100,12351,200.96,69,1545,9251,3,16
1784688378.147,real_q8_tensor_220w_mtp,2,100,12351,200.98,71,1830,9251,3,16
1784688378.147,real_q8_tensor_220w_mtp,3,100,12351,199.42,68,1365,9251,3,16
1784688378.718,real_q8_tensor_220w_mtp,0,95,12351,194.54,63,1650,9251,3,16
1784688378.718,real_q8_tensor_220w_mtp,1,100,12351,197.67,69,1350,9251,3,16
1784688378.718,real_q8_tensor_220w_mtp,2,100,12351,195.25,72,1395,9251,3,16
1784688378.718,real_q8_tensor_220w_mtp,3,100,12351,198.54,68,1365,9251,3,16
1784688379.287,real_q8_tensor_220w_mtp,0,46,12351,196.10,61,1920,9251,3,16
1784688379.287,real_q8_tensor_220w_mtp,1,100,12351,191.57,68,1905,9251,3,16
1784688379.287,real_q8_tensor_220w_mtp,2,100,12351,190.18,69,1785,9251,3,16
1784688379.287,real_q8_tensor_220w_mtp,3,100,12351,197.52,66,1920,9251,3,16
1784688379.851,real_q8_tensor_220w_mtp,0,25,12351,167.31,61,1920,9251,3,16
1784688379.851,real_q8_tensor_220w_mtp,1,20,12351,177.92,67,1905,9251,3,16
1784688379.851,real_q8_tensor_220w_mtp,2,38,12351,159.02,69,1785,9251,3,16
1784688379.851,real_q8_tensor_220w_mtp,3,5,12351,175.23,65,1920,9251,3,16
1784688380.412,real_q8_tensor_220w_mtp,0,100,12351,176.81,63,1440,9251,3,16
1784688380.412,real_q8_tensor_220w_mtp,1,20,12351,182.55,69,1350,9251,3,16
1784688380.412,real_q8_tensor_220w_mtp,2,38,12351,168.00,71,1410,9251,3,16
1784688380.412,real_q8_tensor_220w_mtp,3,5,12351,182.43,68,1365,9251,3,16
1784688380.981,real_q8_tensor_220w_mtp,0,100,12351,195.88,63,1515,9251,3,16
1784688380.981,real_q8_tensor_220w_mtp,1,100,12351,201.83,68,1335,9251,3,16
1784688380.981,real_q8_tensor_220w_mtp,2,100,12351,198.82,71,1605,9251,3,16
1784688380.981,real_q8_tensor_220w_mtp,3,100,12351,201.37,68,1365,9251,3,16
1784688381.551,real_q8_tensor_220w_mtp,0,100,12351,194.62,63,1665,9251,3,16
1784688381.551,real_q8_tensor_220w_mtp,1,62,12351,196.39,69,1530,9251,3,16
1784688381.551,real_q8_tensor_220w_mtp,2,59,12351,195.03,71,1590,9251,3,16
1784688381.551,real_q8_tensor_220w_mtp,3,59,12351,197.57,68,1575,9251,3,16
1784688382.125,real_q8_tensor_220w_mtp,0,100,12351,196.68,62,1920,9251,3,16
1784688382.125,real_q8_tensor_220w_mtp,1,64,12351,195.61,67,1905,9251,3,16
1784688382.125,real_q8_tensor_220w_mtp,2,55,12351,196.30,70,1875,9251,3,16
1784688382.125,real_q8_tensor_220w_mtp,3,22,12351,195.19,68,1920,9251,3,16
1784688382.691,real_q8_tensor_220w_mtp,0,100,12351,208.19,63,1665,9251,3,16
1784688382.691,real_q8_tensor_220w_mtp,1,64,12351,200.25,69,1515,9251,3,16
1784688382.691,real_q8_tensor_220w_mtp,2,55,12351,201.46,71,1575,9251,3,16
1784688382.691,real_q8_tensor_220w_mtp,3,22,12351,204.24,68,1560,9251,3,16
1784688383.262,real_q8_tensor_220w_mtp,0,100,12351,188.49,62,1875,9251,3,16
1784688383.262,real_q8_tensor_220w_mtp,1,21,12351,181.01,68,1845,9251,3,16
1784688383.262,real_q8_tensor_220w_mtp,2,22,12351,175.53,69,1785,9251,3,16
1784688383.262,real_q8_tensor_220w_mtp,3,40,12351,191.30,67,1830,9251,3,16
1784688383.820,real_q8_tensor_220w_mtp,0,100,12351,164.85,63,1680,9251,3,16
1784688383.820,real_q8_tensor_220w_mtp,1,21,12351,173.28,68,1515,9251,3,16
1784688383.820,real_q8_tensor_220w_mtp,2,22,12351,160.38,71,1455,9251,3,16
1784688383.820,real_q8_tensor_220w_mtp,3,40,12351,172.32,68,1575,9251,3,16
1784688384.389,real_q8_tensor_220w_mtp,0,100,12351,196.50,63,1665,9251,3,16
1784688384.389,real_q8_tensor_220w_mtp,1,100,12351,192.68,68,1515,9251,3,16
1784688384.389,real_q8_tensor_220w_mtp,2,100,12351,186.87,71,1590,9251,3,16
1784688384.389,real_q8_tensor_220w_mtp,3,100,12351,194.82,67,1590,9251,3,16
1784688384.987,real_q8_tensor_220w_mtp,0,92,12351,206.38,62,1920,9251,3,16
1784688384.987,real_q8_tensor_220w_mtp,1,100,12351,194.22,67,1905,9251,3,16
1784688384.987,real_q8_tensor_220w_mtp,2,100,12351,193.93,69,1875,9251,3,16
1784688384.987,real_q8_tensor_220w_mtp,3,100,12351,200.58,66,1920,9251,3,16
1784688385.554,real_q8_tensor_220w_mtp,0,100,12351,208.97,64,1665,9251,3,16
1784688385.554,real_q8_tensor_220w_mtp,1,100,12351,201.49,68,1530,9251,3,16
1784688385.554,real_q8_tensor_220w_mtp,2,100,12351,202.62,71,1575,9251,3,16
1784688385.554,real_q8_tensor_220w_mtp,3,100,12351,204.73,68,1560,9251,3,16
1784688386.124,real_q8_tensor_220w_mtp,0,100,12351,210.41,64,1665,9251,3,16
1784688386.124,real_q8_tensor_220w_mtp,1,100,12351,204.26,69,1515,9251,3,16
1784688386.124,real_q8_tensor_220w_mtp,2,100,12351,204.44,71,1440,9251,3,16
1784688386.124,real_q8_tensor_220w_mtp,3,100,12351,204.45,68,1575,9251,3,16
1784688386.692,real_q8_tensor_220w_mtp,0,100,12351,185.68,61,1695,9251,3,16
1784688386.692,real_q8_tensor_220w_mtp,1,41,12351,187.23,68,1695,9251,3,16
1784688386.692,real_q8_tensor_220w_mtp,2,39,12351,185.04,70,1650,9251,3,16
1784688386.692,real_q8_tensor_220w_mtp,3,12,12351,189.63,66,1635,9251,3,16
1784688387.253,real_q8_tensor_220w_mtp,0,96,12351,164.65,62,1665,9251,3,16
1784688387.253,real_q8_tensor_220w_mtp,1,41,12351,173.57,68,1560,9251,3,16
1784688387.253,real_q8_tensor_220w_mtp,2,39,12351,161.33,70,1620,9251,3,16
1784688387.253,real_q8_tensor_220w_mtp,3,12,12351,170.34,67,1605,9251,3,16
1784688387.822,real_q8_tensor_220w_mtp,0,96,12351,177.57,63,1890,9251,3,16
1784688387.822,real_q8_tensor_220w_mtp,1,76,12351,186.79,67,1860,9251,3,16
1784688387.822,real_q8_tensor_220w_mtp,2,82,12351,176.46,70,1845,9251,3,16
1784688387.822,real_q8_tensor_220w_mtp,3,33,12351,182.77,68,1860,9251,3,16
1784688388.377,real_q8_tensor_220w_mtp,0,100,12351,199.49,63,1650,9251,3,16
1784688388.377,real_q8_tensor_220w_mtp,1,76,12351,202.89,68,1515,9251,3,16
1784688388.377,real_q8_tensor_220w_mtp,2,82,12351,201.45,71,1365,9251,3,16
1784688388.377,real_q8_tensor_220w_mtp,3,33,12351,203.99,68,1560,9251,3,16
1784688388.989,real_q8_tensor_220w_mtp,0,100,12351,205.33,64,1665,9251,3,16
1784688388.989,real_q8_tensor_220w_mtp,1,100,12351,202.70,69,1335,9251,3,16
1784688388.989,real_q8_tensor_220w_mtp,2,100,12351,204.27,72,1440,9251,3,16
1784688388.989,real_q8_tensor_220w_mtp,3,100,12351,203.34,68,1425,9251,3,16
1784688389.558,real_q8_tensor_220w_mtp,0,100,12351,202.22,63,1665,9251,3,16
1784688389.558,real_q8_tensor_220w_mtp,1,100,12351,197.79,68,1320,9251,3,16
1784688389.558,real_q8_tensor_220w_mtp,2,72,12351,196.98,71,1590,9251,3,16
1784688389.558,real_q8_tensor_220w_mtp,3,58,12351,200.32,68,1485,9251,3,16
1784688390.130,real_q8_tensor_220w_mtp,0,48,12351,199.89,61,1800,9251,3,16
1784688390.130,real_q8_tensor_220w_mtp,1,39,12351,192.81,67,1215,9251,3,16
1784688390.130,real_q8_tensor_220w_mtp,2,40,12351,192.38,70,1695,9251,3,16
1784688390.130,real_q8_tensor_220w_mtp,3,9,12351,196.47,66,1695,9251,3,16
1784688390.735,real_q8_tensor_220w_mtp,0,22,12351,166.82,60,1920,9251,3,16
1784688390.735,real_q8_tensor_220w_mtp,1,39,12351,173.33,66,1905,9251,3,16
1784688390.735,real_q8_tensor_220w_mtp,2,40,12351,168.78,69,1890,9251,3,16
1784688390.735,real_q8_tensor_220w_mtp,3,9,12351,172.22,65,1920,9251,3,16
1784688391.301,real_q8_tensor_220w_mtp,0,22,12351,180.28,63,1665,9251,3,16
1784688391.301,real_q8_tensor_220w_mtp,1,100,12351,181.41,68,1515,9251,3,16
1784688391.301,real_q8_tensor_220w_mtp,2,100,12351,176.13,71,1425,9251,3,16
1784688391.301,real_q8_tensor_220w_mtp,3,100,12351,187.28,68,1560,9251,3,16
1784688391.868,real_q8_tensor_220w_mtp,0,100,12351,208.91,64,1680,9251,3,16
1784688391.868,real_q8_tensor_220w_mtp,1,100,12351,201.78,69,1515,9251,3,16
1784688391.868,real_q8_tensor_220w_mtp,2,100,12351,203.69,72,1590,9251,3,16
1784688391.868,real_q8_tensor_220w_mtp,3,100,12351,206.43,68,1575,9251,3,16
1784688392.464,real_q8_tensor_220w_mtp,0,100,12351,202.98,63,1665,9251,3,16
1784688392.464,real_q8_tensor_220w_mtp,1,100,12351,197.22,68,1335,9251,3,16
1784688392.464,real_q8_tensor_220w_mtp,2,100,12351,198.38,71,1470,9251,3,16
1784688392.464,real_q8_tensor_220w_mtp,3,100,12351,206.51,68,1500,9251,3,16
1784688393.058,real_q8_tensor_220w_mtp,0,100,12351,203.19,63,1665,9251,3,16
1784688393.058,real_q8_tensor_220w_mtp,1,58,12351,198.09,69,1395,9251,3,16
1784688393.058,real_q8_tensor_220w_mtp,2,62,12351,197.20,71,1605,9251,3,16
1784688393.058,real_q8_tensor_220w_mtp,3,58,12351,204.07,68,1560,9251,3,16
1784688393.676,real_q8_tensor_220w_mtp,0,100,12351,212.03,63,1905,9251,3,16
1784688393.676,real_q8_tensor_220w_mtp,1,27,12351,196.66,68,1875,9251,3,16
1784688393.676,real_q8_tensor_220w_mtp,2,32,12351,198.96,70,1860,9251,3,16
1784688393.676,real_q8_tensor_220w_mtp,3,78,12351,208.47,67,1890,9251,3,16
1784688394.236,real_q8_tensor_220w_mtp,0,27,12351,179.86,62,1860,9251,3,16
1784688394.236,real_q8_tensor_220w_mtp,1,27,12351,178.99,67,1740,9251,3,16
1784688394.236,real_q8_tensor_220w_mtp,2,32,12351,177.31,70,1800,9251,3,16
1784688394.236,real_q8_tensor_220w_mtp,3,78,12351,184.25,66,1800,9251,3,16
1784688394.796,real_q8_tensor_220w_mtp,0,27,12351,171.09,63,1440,9251,3,16
1784688394.796,real_q8_tensor_220w_mtp,1,100,12351,178.61,68,1380,9251,3,16
1784688394.796,real_q8_tensor_220w_mtp,2,100,12351,171.43,71,1620,9251,3,16
1784688394.796,real_q8_tensor_220w_mtp,3,100,12351,182.77,67,1395,9251,3,16
1784688395.365,real_q8_tensor_220w_mtp,0,100,12351,189.13,64,1635,9251,3,16
1784688395.365,real_q8_tensor_220w_mtp,1,100,12351,198.85,68,1500,9251,3,16
1784688395.365,real_q8_tensor_220w_mtp,2,100,12351,196.88,71,1515,9251,3,16
1784688395.365,real_q8_tensor_220w_mtp,3,100,12351,196.87,68,1590,9251,3,16
1784688395.933,real_q8_tensor_220w_mtp,0,100,12351,201.26,64,1680,9251,3,16
1784688395.933,real_q8_tensor_220w_mtp,1,100,12351,197.34,69,1560,9251,3,16
1784688395.933,real_q8_tensor_220w_mtp,2,100,12351,197.13,71,1620,9251,3,16
1784688395.933,real_q8_tensor_220w_mtp,3,75,12351,201.21,68,1545,9251,3,16
1784688396.545,real_q8_tensor_220w_mtp,0,20,12351,199.33,63,1920,9251,3,16
1784688396.545,real_q8_tensor_220w_mtp,1,75,12351,199.15,67,1905,9251,3,16
1784688396.545,real_q8_tensor_220w_mtp,2,100,12351,201.09,70,1890,9251,3,16
1784688396.545,real_q8_tensor_220w_mtp,3,57,12351,201.21,67,1920,9251,3,16
1784688397.176,real_q8_tensor_220w_mtp,0,20,12351,204.48,63,1650,9251,3,16
1784688397.176,real_q8_tensor_220w_mtp,1,100,12351,209.38,69,1485,9251,3,16
1784688397.176,real_q8_tensor_220w_mtp,2,100,12351,207.82,72,1575,9251,3,16
1784688397.176,real_q8_tensor_220w_mtp,3,100,12351,209.77,68,1590,9251,3,16
1784688397.746,real_q8_tensor_220w_mtp,0,30,12351,184.21,62,1890,9251,3,16
1784688397.746,real_q8_tensor_220w_mtp,1,100,12351,191.93,68,1830,9251,3,16
1784688397.746,real_q8_tensor_220w_mtp,2,100,12351,182.18,71,1815,9251,3,16
1784688397.746,real_q8_tensor_220w_mtp,3,100,12351,193.19,66,1860,9251,3,16
1784688398.304,real_q8_tensor_220w_mtp,0,30,12351,161.19,63,1590,9251,3,16
1784688398.304,real_q8_tensor_220w_mtp,1,100,12351,172.36,68,1320,9251,3,16
1784688398.304,real_q8_tensor_220w_mtp,2,100,12351,165.80,71,1590,9251,3,16
1784688398.304,real_q8_tensor_220w_mtp,3,100,12351,173.97,67,1380,9251,3,16
1784688398.891,real_q8_tensor_220w_mtp,0,40,12351,193.60,63,1470,9251,3,16
1784688398.891,real_q8_tensor_220w_mtp,1,100,12351,191.87,68,1560,9251,3,16
1784688398.891,real_q8_tensor_220w_mtp,2,100,12351,188.27,71,1575,9251,3,16
1784688398.891,real_q8_tensor_220w_mtp,3,100,12351,198.69,68,1560,9251,3,16
1784688399.461,real_q8_tensor_220w_mtp,0,40,12351,208.62,63,1890,9251,3,16
1784688399.461,real_q8_tensor_220w_mtp,1,50,12351,199.73,68,1875,9251,3,16
1784688399.461,real_q8_tensor_220w_mtp,2,52,12351,200.97,71,1830,9251,3,16
1784688399.461,real_q8_tensor_220w_mtp,3,80,12351,208.81,67,1890,9251,3,16
1784688400.018,real_q8_tensor_220w_mtp,0,100,12351,205.45,63,1665,9251,3,16
1784688400.018,real_q8_tensor_220w_mtp,1,50,12351,204.01,68,1305,9251,3,16
1784688400.018,real_q8_tensor_220w_mtp,2,52,12351,206.99,71,1590,9251,3,16
1784688400.018,real_q8_tensor_220w_mtp,3,80,12351,207.52,68,1425,9251,3,16
1784688400.592,real_q8_tensor_220w_mtp,0,100,12351,206.50,63,1515,9251,3,16
1784688400.592,real_q8_tensor_220w_mtp,1,100,12351,204.53,69,1545,9251,3,16
1784688400.592,real_q8_tensor_220w_mtp,2,100,12351,202.55,72,1605,9251,3,16
1784688400.592,real_q8_tensor_220w_mtp,3,100,12351,209.89,68,1575,9251,3,16
1784688401.164,real_q8_tensor_220w_mtp,0,100,12351,193.28,61,1905,9251,3,16
1784688401.164,real_q8_tensor_220w_mtp,1,30,12351,190.94,68,1890,9251,3,16
1784688401.164,real_q8_tensor_220w_mtp,2,25,12351,189.34,71,1875,9251,3,16
1784688401.164,real_q8_tensor_220w_mtp,3,43,12351,196.51,66,1740,9251,3,16
1784688401.722,real_q8_tensor_220w_mtp,0,31,12351,164.26,62,1470,9251,3,16
1784688401.722,real_q8_tensor_220w_mtp,1,30,12351,171.24,66,1350,9251,3,16
1784688401.722,real_q8_tensor_220w_mtp,2,25,12351,167.68,69,1380,9251,3,16
1784688401.722,real_q8_tensor_220w_mtp,3,43,12351,168.13,67,1365,9251,3,16
1784688402.313,real_q8_tensor_220w_mtp,0,31,12351,188.67,63,1635,9251,3,16
1784688402.313,real_q8_tensor_220w_mtp,1,100,12351,188.59,69,1350,9251,3,16
1784688402.313,real_q8_tensor_220w_mtp,2,100,12351,184.67,71,1515,9251,3,16
1784688402.313,real_q8_tensor_220w_mtp,3,99,12351,187.03,68,1515,9251,3,16
1784688402.874,real_q8_tensor_220w_mtp,0,100,12351,207.63,63,1665,9251,3,16
1784688402.874,real_q8_tensor_220w_mtp,1,100,12351,206.62,69,1530,9251,3,16
1784688402.874,real_q8_tensor_220w_mtp,2,100,12351,205.13,71,1485,9251,3,16
1784688402.874,real_q8_tensor_220w_mtp,3,99,12351,207.88,68,1590,9251,3,16
1784688403.442,real_q8_tensor_220w_mtp,0,100,12351,195.92,64,1635,9251,3,16
1784688403.442,real_q8_tensor_220w_mtp,1,100,12351,206.98,68,1515,9251,3,16
1784688403.442,real_q8_tensor_220w_mtp,2,100,12351,201.55,71,1530,9251,3,16
1784688403.442,real_q8_tensor_220w_mtp,3,100,12351,200.68,68,1590,9251,3,16
1784688404.030,real_q8_tensor_220w_mtp,0,78,12351,199.94,63,1410,9251,3,16
1784688404.030,real_q8_tensor_220w_mtp,1,57,12351,200.74,68,1425,9251,3,16
1784688404.030,real_q8_tensor_220w_mtp,2,78,12351,199.00,72,1650,9251,3,16
1784688404.030,real_q8_tensor_220w_mtp,3,57,12351,203.58,68,1380,9251,3,16
1784688404.604,real_q8_tensor_220w_mtp,0,100,12351,204.26,64,1800,9251,3,16
1784688404.604,real_q8_tensor_220w_mtp,1,100,12351,203.50,68,1740,9251,3,16
1784688404.604,real_q8_tensor_220w_mtp,2,100,12351,204.26,71,1635,9251,3,16
1784688404.604,real_q8_tensor_220w_mtp,3,59,12351,204.48,68,1785,9251,3,16
1784688405.164,real_q8_tensor_220w_mtp,0,43,12351,176.34,61,1920,9251,3,16
1784688405.164,real_q8_tensor_220w_mtp,1,100,12351,180.03,67,1815,9251,3,16
1784688405.164,real_q8_tensor_220w_mtp,2,100,12351,174.19,70,1890,9251,3,16
1784688405.164,real_q8_tensor_220w_mtp,3,59,12351,183.43,66,1920,9251,3,16
1784688405.725,real_q8_tensor_220w_mtp,0,43,12351,162.52,63,1560,9251,3,16
1784688405.725,real_q8_tensor_220w_mtp,1,100,12351,173.60,69,1530,9251,3,16
1784688405.725,real_q8_tensor_220w_mtp,2,100,12351,167.66,72,1605,9251,3,16
1784688405.725,real_q8_tensor_220w_mtp,3,100,12351,180.79,68,1590,9251,3,16
1784688406.294,real_q8_tensor_220w_mtp,0,100,12351,191.92,63,1620,9251,3,16
1784688406.294,real_q8_tensor_220w_mtp,1,100,12351,197.30,68,1335,9251,3,16
1784688406.294,real_q8_tensor_220w_mtp,2,100,12351,202.54,71,1560,9251,3,16
1784688406.294,real_q8_tensor_220w_mtp,3,100,12351,203.73,68,1425,9251,3,16
1784688406.905,real_q8_tensor_220w_mtp,0,100,12351,198.85,62,1440,9251,3,16
1784688406.905,real_q8_tensor_220w_mtp,1,22,12351,195.08,67,1080,9251,3,16
1784688406.905,real_q8_tensor_220w_mtp,2,22,12351,197.80,69,1335,9251,3,16
1784688406.905,real_q8_tensor_220w_mtp,3,68,12351,205.41,67,1230,9251,3,16
1784688407.472,real_q8_tensor_220w_mtp,0,100,12351,208.80,64,1545,9251,3,16
1784688407.472,real_q8_tensor_220w_mtp,1,22,12351,204.24,69,1395,9251,3,16
1784688407.472,real_q8_tensor_220w_mtp,2,22,12351,206.61,72,1560,9251,3,16
1784688407.472,real_q8_tensor_220w_mtp,3,68,12351,209.39,69,1575,9251,3,16
1784688408.039,real_q8_tensor_220w_mtp,0,100,12351,205.93,64,1665,9251,3,16
1784688408.039,real_q8_tensor_220w_mtp,1,100,12351,205.21,69,1500,9251,3,16
1784688408.039,real_q8_tensor_220w_mtp,2,100,12351,204.99,71,1470,9251,3,16
1784688408.039,real_q8_tensor_220w_mtp,3,100,12351,207.05,68,1575,9251,3,16
1784688408.606,real_q8_tensor_220w_mtp,0,36,12351,186.13,62,1665,9251,3,16
1784688408.606,real_q8_tensor_220w_mtp,1,100,12351,185.86,67,1695,9251,3,16
1784688408.606,real_q8_tensor_220w_mtp,2,100,12351,185.44,69,1635,9251,3,16
1784688408.606,real_q8_tensor_220w_mtp,3,100,12351,191.08,66,1605,9251,3,16
1784688409.192,real_q8_tensor_220w_mtp,0,36,12351,161.09,63,1425,9251,3,16
1784688409.192,real_q8_tensor_220w_mtp,1,100,12351,171.51,68,1350,9251,3,16
1784688409.192,real_q8_tensor_220w_mtp,2,97,12351,165.26,71,1605,9251,3,16
1784688409.192,real_q8_tensor_220w_mtp,3,100,12351,172.15,67,1365,9251,3,16
1784688409.785,real_q8_tensor_220w_mtp,0,100,12351,180.83,64,1890,9251,3,16
1784688409.785,real_q8_tensor_220w_mtp,1,100,12351,186.42,67,1875,9251,3,16
1784688409.785,real_q8_tensor_220w_mtp,2,97,12351,183.08,70,1830,9251,3,16
1784688409.785,real_q8_tensor_220w_mtp,3,100,12351,187.20,68,1890,9251,3,16
1784688410.342,real_q8_tensor_220w_mtp,0,100,12351,207.15,64,1680,9251,3,16
1784688410.342,real_q8_tensor_220w_mtp,1,100,12351,201.37,69,1365,9251,3,16
1784688410.342,real_q8_tensor_220w_mtp,2,100,12351,202.59,72,1545,9251,3,16
1784688410.342,real_q8_tensor_220w_mtp,3,100,12351,206.97,68,1560,9251,3,16
1784688410.959,real_q8_tensor_220w_mtp,0,100,12351,205.59,64,1680,9251,3,16
1784688410.959,real_q8_tensor_220w_mtp,1,100,12351,201.74,69,1440,9251,3,16
1784688410.959,real_q8_tensor_220w_mtp,2,100,12351,203.90,72,1575,9251,3,16
1784688410.959,real_q8_tensor_220w_mtp,3,100,12351,208.21,68,1575,9251,3,16
1784688411.554,real_q8_tensor_220w_mtp,0,76,12351,196.52,63,1650,9251,3,16
1784688411.554,real_q8_tensor_220w_mtp,1,100,12351,198.12,68,1500,9251,3,16
1784688411.554,real_q8_tensor_220w_mtp,2,100,12351,200.76,72,1440,9251,3,16
1784688411.554,real_q8_tensor_220w_mtp,3,100,12351,205.43,68,1530,9251,3,16
1784688412.125,real_q8_tensor_220w_mtp,0,15,12351,195.70,61,1920,9251,3,16
1784688412.125,real_q8_tensor_220w_mtp,1,100,12351,200.72,67,1905,9251,3,16
1784688412.125,real_q8_tensor_220w_mtp,2,100,12351,204.30,70,1890,9251,3,16
1784688412.125,real_q8_tensor_220w_mtp,3,100,12351,202.95,66,1920,9251,3,16
1784688412.684,real_q8_tensor_220w_mtp,0,15,12351,167.27,63,1890,9251,3,16
1784688412.684,real_q8_tensor_220w_mtp,1,21,12351,179.95,66,1875,9251,3,16
1784688412.684,real_q8_tensor_220w_mtp,2,39,12351,176.91,69,1860,9251,3,16
1784688412.684,real_q8_tensor_220w_mtp,3,8,12351,179.23,67,1875,9251,3,16
1784688413.269,real_q8_tensor_220w_mtp,0,100,12351,171.40,63,1455,9251,3,16
1784688413.269,real_q8_tensor_220w_mtp,1,21,12351,185.07,69,1545,9251,3,16
1784688413.269,real_q8_tensor_220w_mtp,2,39,12351,179.49,72,1605,9251,3,16
1784688413.269,real_q8_tensor_220w_mtp,3,8,12351,185.50,68,1545,9251,3,16
1784688413.862,real_q8_tensor_220w_mtp,0,100,12351,194.63,63,1590,9251,3,16
1784688413.862,real_q8_tensor_220w_mtp,1,100,12351,207.91,68,1530,9251,3,16
1784688413.862,real_q8_tensor_220w_mtp,2,100,12351,207.05,71,1605,9251,3,16
1784688413.862,real_q8_tensor_220w_mtp,3,100,12351,206.89,68,1590,9251,3,16
1784688414.432,real_q8_tensor_220w_mtp,0,73,12351,196.09,63,1590,9251,3,16
1784688414.432,real_q8_tensor_220w_mtp,1,100,12351,204.15,69,1305,9251,3,16
1784688414.432,real_q8_tensor_220w_mtp,2,100,12351,201.71,72,1620,9251,3,16
1784688414.432,real_q8_tensor_220w_mtp,3,100,12351,206.02,68,1395,9251,3,16
1784688415.002,real_q8_tensor_220w_mtp,0,73,12351,202.60,63,1695,9251,3,16
1784688415.002,real_q8_tensor_220w_mtp,1,100,12351,208.77,69,1755,9251,3,16
1784688415.002,real_q8_tensor_220w_mtp,2,100,12351,209.68,72,1605,9251,3,16
1784688415.002,real_q8_tensor_220w_mtp,3,64,12351,210.32,69,1755,9251,3,16
1784688415.561,real_q8_tensor_220w_mtp,0,100,12351,204.69,63,1650,9251,3,16
1784688415.561,real_q8_tensor_220w_mtp,1,100,12351,207.57,69,1515,9251,3,16
1784688415.561,real_q8_tensor_220w_mtp,2,100,12351,209.28,72,1620,9251,3,16
1784688415.561,real_q8_tensor_220w_mtp,3,100,12351,210.84,69,1590,9251,3,16
1784688416.133,real_q8_tensor_220w_mtp,0,100,12351,182.07,62,1905,9251,3,16
1784688416.133,real_q8_tensor_220w_mtp,1,38,12351,191.44,68,1830,9251,3,16
1784688416.133,real_q8_tensor_220w_mtp,2,33,12351,184.22,69,1710,9251,3,16
1784688416.133,real_q8_tensor_220w_mtp,3,45,12351,192.84,66,1860,9251,3,16
1784688416.692,real_q8_tensor_220w_mtp,0,100,12351,159.55,63,1620,9251,3,16
1784688416.692,real_q8_tensor_220w_mtp,1,38,12351,173.62,68,1545,9251,3,16
1784688416.692,real_q8_tensor_220w_mtp,2,33,12351,153.60,70,1365,9251,3,16
1784688416.692,real_q8_tensor_220w_mtp,3,45,12351,171.85,68,1590,9251,3,16
1784688417.286,real_q8_tensor_220w_mtp,0,100,12351,182.49,63,1890,9251,3,16
1784688417.286,real_q8_tensor_220w_mtp,1,55,12351,189.18,67,1890,9251,3,16
1784688417.286,real_q8_tensor_220w_mtp,2,51,12351,178.82,69,1890,9251,3,16
1784688417.286,real_q8_tensor_220w_mtp,3,27,12351,187.02,68,1920,9251,3,16
1784688417.865,real_q8_tensor_220w_mtp,0,100,12351,204.47,63,1650,9251,3,16
1784688417.865,real_q8_tensor_220w_mtp,1,55,12351,208.16,69,1545,9251,3,16
1784688417.865,real_q8_tensor_220w_mtp,2,51,12351,208.94,72,1620,9251,3,16
1784688417.865,real_q8_tensor_220w_mtp,3,27,12351,210.49,68,1440,9251,3,16
1784688418.435,real_q8_tensor_220w_mtp,0,100,12351,204.63,63,1440,9251,3,16
1784688418.435,real_q8_tensor_220w_mtp,1,100,12351,209.21,69,1560,9251,3,16
1784688418.435,real_q8_tensor_220w_mtp,2,100,12351,208.62,72,1620,9251,3,16
1784688418.435,real_q8_tensor_220w_mtp,3,100,12351,213.43,68,1500,9251,3,16
1784688419.002,real_q8_tensor_220w_mtp,0,100,12351,194.38,63,1455,9251,3,16
1784688419.002,real_q8_tensor_220w_mtp,1,100,12351,204.19,68,1545,9251,3,16
1784688419.002,real_q8_tensor_220w_mtp,2,100,12351,200.20,71,1590,9251,3,16
1784688419.002,real_q8_tensor_220w_mtp,3,100,12351,202.41,68,1560,9251,3,16
1784688419.570,real_q8_tensor_220w_mtp,0,97,12351,198.70,62,1905,9251,3,16
1784688419.570,real_q8_tensor_220w_mtp,1,27,12351,202.70,68,1875,9251,3,16
1784688419.570,real_q8_tensor_220w_mtp,2,31,12351,199.03,70,1875,9251,3,16
1784688419.570,real_q8_tensor_220w_mtp,3,77,12351,205.70,67,1890,9251,3,16
1784688420.130,real_q8_tensor_220w_mtp,0,31,12351,168.81,62,1860,9251,3,16
1784688420.130,real_q8_tensor_220w_mtp,1,27,12351,179.08,66,1755,9251,3,16
1784688420.130,real_q8_tensor_220w_mtp,2,31,12351,172.96,69,1815,9251,3,16
1784688420.130,real_q8_tensor_220w_mtp,3,77,12351,183.14,67,1800,9251,3,16
1784688420.711,real_q8_tensor_220w_mtp,0,31,12351,169.66,63,1410,9251,3,16
1784688420.711,real_q8_tensor_220w_mtp,1,100,12351,179.54,69,1410,9251,3,16
1784688420.711,real_q8_tensor_220w_mtp,2,100,12351,179.60,71,1410,9251,3,16
1784688420.711,real_q8_tensor_220w_mtp,3,100,12351,183.24,68,1380,9251,3,16
1784688421.306,real_q8_tensor_220w_mtp,0,100,12351,195.43,63,1665,9251,3,16
1784688421.306,real_q8_tensor_220w_mtp,1,62,12351,199.36,68,1305,9251,3,16
1784688421.306,real_q8_tensor_220w_mtp,2,98,12351,204.00,71,1575,9251,3,16
1784688421.306,real_q8_tensor_220w_mtp,3,87,12351,203.84,68,1500,9251,3,16
1784688421.905,real_q8_tensor_220w_mtp,0,100,12351,195.86,61,1605,9251,3,16
1784688421.905,real_q8_tensor_220w_mtp,1,37,12351,200.51,69,1335,9251,3,16
1784688421.905,real_q8_tensor_220w_mtp,2,51,12351,197.70,72,1410,9251,3,16
1784688421.905,real_q8_tensor_220w_mtp,3,84,12351,201.80,66,1575,9251,3,16
1784688422.473,real_q8_tensor_220w_mtp,0,100,12351,202.60,63,1665,9251,3,16
1784688422.473,real_q8_tensor_220w_mtp,1,37,12351,208.37,69,1305,9251,3,16
1784688422.473,real_q8_tensor_220w_mtp,2,51,12351,206.02,71,1560,9251,3,16
1784688422.473,real_q8_tensor_220w_mtp,3,84,12351,208.31,68,1470,9251,3,16
1784688423.036,real_q8_tensor_220w_mtp,0,100,12351,202.12,63,1650,9251,3,16
1784688423.036,real_q8_tensor_220w_mtp,1,100,12351,203.79,69,1545,9251,3,16
1784688423.036,real_q8_tensor_220w_mtp,2,100,12351,205.76,72,1620,9251,3,16
1784688423.036,real_q8_tensor_220w_mtp,3,100,12351,207.50,68,1590,9251,3,16
1784688423.609,real_q8_tensor_220w_mtp,0,31,12351,182.80,61,1665,9251,3,16
1784688423.609,real_q8_tensor_220w_mtp,1,100,12351,188.11,68,1620,9251,3,16
1784688423.609,real_q8_tensor_220w_mtp,2,100,12351,185.26,70,1590,9251,3,16
1784688423.609,real_q8_tensor_220w_mtp,3,100,12351,192.69,66,1515,9251,3,16
1784688424.169,real_q8_tensor_220w_mtp,0,31,12351,158.73,63,1545,9251,3,16
1784688424.169,real_q8_tensor_220w_mtp,1,93,12351,172.35,68,1530,9251,3,16
1784688424.169,real_q8_tensor_220w_mtp,2,87,12351,164.13,71,1605,9251,3,16
1784688424.169,real_q8_tensor_220w_mtp,3,100,12351,172.15,67,1590,9251,3,16
1784688424.762,real_q8_tensor_220w_mtp,0,100,12351,178.56,63,1860,9251,3,16
1784688424.762,real_q8_tensor_220w_mtp,1,93,12351,191.02,67,1815,9251,3,16
1784688424.762,real_q8_tensor_220w_mtp,2,87,12351,186.54,70,1770,9251,3,16
1784688424.762,real_q8_tensor_220w_mtp,3,100,12351,188.18,68,1845,9251,3,16
1784688425.337,real_q8_tensor_220w_mtp,0,100,12351,202.73,63,1650,9251,3,16
1784688425.337,real_q8_tensor_220w_mtp,1,100,12351,207.01,69,1575,9251,3,16
1784688425.337,real_q8_tensor_220w_mtp,2,100,12351,205.60,72,1620,9251,3,16
1784688425.337,real_q8_tensor_220w_mtp,3,100,12351,208.03,68,1590,9251,3,16
1784688425.929,real_q8_tensor_220w_mtp,0,100,12351,199.50,63,1665,9251,3,16
1784688425.929,real_q8_tensor_220w_mtp,1,100,12351,202.14,69,1305,9251,3,16
1784688425.929,real_q8_tensor_220w_mtp,2,100,12351,206.40,71,1575,9251,3,16
1784688425.929,real_q8_tensor_220w_mtp,3,100,12351,206.88,68,1500,9251,3,16
1784688426.497,real_q8_tensor_220w_mtp,0,100,12351,194.28,63,1710,9251,3,16
1784688426.497,real_q8_tensor_220w_mtp,1,73,12351,200.78,69,1440,9251,3,16
1784688426.497,real_q8_tensor_220w_mtp,2,66,12351,197.93,71,1575,9251,3,16
1784688426.497,real_q8_tensor_220w_mtp,3,100,12351,200.66,68,1575,9251,3,16
1784688427.066,real_q8_tensor_220w_mtp,0,100,12351,202.73,64,1485,9251,3,16
1784688427.066,real_q8_tensor_220w_mtp,1,100,12351,207.26,69,1575,9251,3,16
1784688427.066,real_q8_tensor_220w_mtp,2,99,12351,206.69,71,1620,9251,3,16
1784688427.066,real_q8_tensor_220w_mtp,3,100,12351,208.17,68,1590,9251,3,16
1784688427.627,real_q8_tensor_220w_mtp,0,100,12351,176.69,61,1890,9251,3,16
1784688427.627,real_q8_tensor_220w_mtp,1,29,12351,186.00,67,1890,9251,3,16
1784688427.627,real_q8_tensor_220w_mtp,2,43,12351,183.41,69,1875,9251,3,16
1784688427.627,real_q8_tensor_220w_mtp,3,26,12351,183.26,66,1890,9251,3,16
1784688428.185,real_q8_tensor_220w_mtp,0,100,12351,162.71,62,1620,9251,3,16
1784688428.185,real_q8_tensor_220w_mtp,1,29,12351,172.22,68,1575,9251,3,16
1784688428.185,real_q8_tensor_220w_mtp,2,43,12351,164.71,71,1395,9251,3,16
1784688428.185,real_q8_tensor_220w_mtp,3,26,12351,177.16,68,1575,9251,3,16
1784688428.779,real_q8_tensor_220w_mtp,0,100,12351,188.82,63,1695,9251,3,16
1784688428.779,real_q8_tensor_220w_mtp,1,100,12351,197.83,68,1515,9251,3,16
1784688428.779,real_q8_tensor_220w_mtp,2,100,12351,193.72,71,1620,9251,3,16
1784688428.779,real_q8_tensor_220w_mtp,3,100,12351,198.62,68,1605,9251,3,16
1784688429.370,real_q8_tensor_220w_mtp,0,100,12351,202.03,63,1875,9251,3,16
1784688429.370,real_q8_tensor_220w_mtp,1,100,12351,201.77,68,1830,9251,3,16
1784688429.370,real_q8_tensor_220w_mtp,2,100,12351,200.93,70,1845,9251,3,16
1784688429.370,real_q8_tensor_220w_mtp,3,100,12351,206.91,67,1845,9251,3,16
1784688429.928,real_q8_tensor_220w_mtp,0,100,12351,202.33,63,1650,9251,3,16
1784688429.928,real_q8_tensor_220w_mtp,1,100,12351,205.74,69,1485,9251,3,16
1784688429.928,real_q8_tensor_220w_mtp,2,100,12351,203.00,71,1425,9251,3,16
1784688429.928,real_q8_tensor_220w_mtp,3,100,12351,204.94,68,1530,9251,3,16
1784688430.495,real_q8_tensor_220w_mtp,0,100,12351,203.27,63,1410,9251,3,16
1784688430.495,real_q8_tensor_220w_mtp,1,100,12351,204.43,69,1410,9251,3,16
1784688430.495,real_q8_tensor_220w_mtp,2,100,12351,202.60,72,1410,9251,3,16
1784688430.495,real_q8_tensor_220w_mtp,3,100,12351,208.85,68,1395,9251,3,16
1784688431.064,real_q8_tensor_220w_mtp,0,23,12351,188.91,61,1695,9251,3,16
1784688431.064,real_q8_tensor_220w_mtp,1,35,12351,194.95,68,1770,9251,3,16
1784688431.064,real_q8_tensor_220w_mtp,2,30,12351,191.98,71,1650,9251,3,16
1784688431.064,real_q8_tensor_220w_mtp,3,45,12351,194.24,66,1755,9251,3,16
1784688431.651,real_q8_tensor_220w_mtp,0,23,12351,164.30,60,1920,9251,3,16
1784688431.651,real_q8_tensor_220w_mtp,1,35,12351,170.97,66,1905,9251,3,16
1784688431.651,real_q8_tensor_220w_mtp,2,30,12351,164.25,69,1905,9251,3,16
1784688431.651,real_q8_tensor_220w_mtp,3,45,12351,174.10,65,1920,9251,3,16
1784688432.233,real_q8_tensor_220w_mtp,0,23,12351,172.65,63,1605,9251,3,16
1784688432.233,real_q8_tensor_220w_mtp,1,100,12351,187.33,69,1515,9251,3,16
1784688432.233,real_q8_tensor_220w_mtp,2,100,12351,181.72,71,1590,9251,3,16
1784688432.233,real_q8_tensor_220w_mtp,3,100,12351,183.97,67,1545,9251,3,16
1784688432.826,real_q8_tensor_220w_mtp,0,100,12351,203.70,63,1395,9251,3,16
1784688432.826,real_q8_tensor_220w_mtp,1,100,12351,205.41,69,1410,9251,3,16
1784688432.826,real_q8_tensor_220w_mtp,2,100,12351,204.63,72,1620,9251,3,16
1784688432.826,real_q8_tensor_220w_mtp,3,100,12351,210.03,68,1365,9251,3,16
1784688433.418,real_q8_tensor_220w_mtp,0,100,12351,195.41,63,1680,9251,3,16
1784688433.418,real_q8_tensor_220w_mtp,1,94,12351,198.76,68,1545,9251,3,16
1784688433.418,real_q8_tensor_220w_mtp,2,88,12351,197.32,71,1650,9251,3,16
1784688433.418,real_q8_tensor_220w_mtp,3,100,12351,200.95,68,1620,9251,3,16
1784688433.987,real_q8_tensor_220w_mtp,0,66,12351,196.87,63,1860,9251,3,16
1784688433.987,real_q8_tensor_220w_mtp,1,94,12351,203.10,68,1860,9251,3,16
1784688433.987,real_q8_tensor_220w_mtp,2,88,12351,202.46,70,1800,9251,3,16
1784688433.987,real_q8_tensor_220w_mtp,3,100,12351,200.70,68,1860,9251,3,16
1784688434.547,real_q8_tensor_220w_mtp,0,100,12351,200.49,63,1560,9251,3,16
1784688434.547,real_q8_tensor_220w_mtp,1,100,12351,205.83,68,1485,9251,3,16
1784688434.547,real_q8_tensor_220w_mtp,2,100,12351,205.52,71,1560,9251,3,16
1784688434.547,real_q8_tensor_220w_mtp,3,100,12351,207.16,68,1560,9251,3,16
1784688435.117,real_q8_tensor_220w_mtp,0,24,12351,182.98,61,1860,9251,3,16
1784688435.117,real_q8_tensor_220w_mtp,1,100,12351,192.61,68,1845,9251,3,16
1784688435.117,real_q8_tensor_220w_mtp,2,100,12351,188.26,70,1755,9251,3,16
1784688435.117,real_q8_tensor_220w_mtp,3,100,12351,192.48,66,1815,9251,3,16
1784688435.674,real_q8_tensor_220w_mtp,0,24,12351,159.16,62,1635,9251,3,16
1784688435.674,real_q8_tensor_220w_mtp,1,100,12351,172.40,67,1485,9251,3,16
1784688435.674,real_q8_tensor_220w_mtp,2,100,12351,163.57,71,1545,9251,3,16
1784688435.674,real_q8_tensor_220w_mtp,3,84,12351,171.62,67,1545,9251,3,16
1784688436.242,real_q8_tensor_220w_mtp,0,100,12351,181.39,63,1815,9251,3,16
1784688436.242,real_q8_tensor_220w_mtp,1,100,12351,191.49,68,1830,9251,3,16
1784688436.242,real_q8_tensor_220w_mtp,2,100,12351,187.21,69,1845,9251,3,16
1784688436.242,real_q8_tensor_220w_mtp,3,84,12351,191.57,68,1845,9251,3,16
1784688436.824,real_q8_tensor_220w_mtp,0,100,12351,202.87,63,1680,9251,3,16
1784688436.824,real_q8_tensor_220w_mtp,1,100,12351,205.95,69,1515,9251,3,16
1784688436.824,real_q8_tensor_220w_mtp,2,100,12351,203.71,71,1590,9251,3,16
1784688436.824,real_q8_tensor_220w_mtp,3,100,12351,205.61,68,1605,9251,3,16
1784688437.419,real_q8_tensor_220w_mtp,0,100,12351,200.95,63,1620,9251,3,16
1784688437.419,real_q8_tensor_220w_mtp,1,100,12351,204.60,68,1500,9251,3,16
1784688437.419,real_q8_tensor_220w_mtp,2,100,12351,200.81,71,1575,9251,3,16
1784688437.419,real_q8_tensor_220w_mtp,3,100,12351,207.98,68,1410,9251,3,16
1784688437.990,real_q8_tensor_220w_mtp,0,100,12351,193.25,62,1635,9251,3,16
1784688437.990,real_q8_tensor_220w_mtp,1,65,12351,200.68,68,1590,9251,3,16
1784688437.990,real_q8_tensor_220w_mtp,2,60,12351,197.31,71,1470,9251,3,16
1784688437.990,real_q8_tensor_220w_mtp,3,100,12351,199.16,67,1605,9251,3,16
1784688438.558,real_q8_tensor_220w_mtp,0,100,12351,201.23,63,1665,9251,3,16
1784688438.558,real_q8_tensor_220w_mtp,1,100,12351,205.91,68,1290,9251,3,16
1784688438.558,real_q8_tensor_220w_mtp,2,100,12351,204.33,71,1440,9251,3,16
1784688438.558,real_q8_tensor_220w_mtp,3,100,12351,205.71,68,1470,9251,3,16
1784688439.121,real_q8_tensor_220w_mtp,0,100,12351,176.63,61,1875,9251,3,16
1784688439.121,real_q8_tensor_220w_mtp,1,44,12351,187.40,68,1785,9251,3,16
1784688439.121,real_q8_tensor_220w_mtp,2,38,12351,183.34,71,1845,9251,3,16
1784688439.121,real_q8_tensor_220w_mtp,3,46,12351,184.84,66,1845,9251,3,16
1784688439.678,real_q8_tensor_220w_mtp,0,100,12351,159.79,63,1665,9251,3,16
1784688439.678,real_q8_tensor_220w_mtp,1,44,12351,167.42,67,1530,9251,3,16
1784688439.678,real_q8_tensor_220w_mtp,2,38,12351,163.02,71,1635,9251,3,16
1784688439.678,real_q8_tensor_220w_mtp,3,46,12351,174.76,67,1605,9251,3,16
1784688440.246,real_q8_tensor_220w_mtp,0,100,12351,179.33,63,1620,9251,3,16
1784688440.246,real_q8_tensor_220w_mtp,1,73,12351,194.60,68,1500,9251,3,16
1784688440.246,real_q8_tensor_220w_mtp,2,66,12351,191.78,71,1470,9251,3,16
1784688440.246,real_q8_tensor_220w_mtp,3,44,12351,190.23,68,1575,9251,3,16
1784688440.836,real_q8_tensor_220w_mtp,0,100,12351,201.02,63,1620,9251,3,16
1784688440.836,real_q8_tensor_220w_mtp,1,73,12351,205.88,69,1530,9251,3,16
1784688440.836,real_q8_tensor_220w_mtp,2,66,12351,205.01,72,1575,9251,3,16
1784688440.836,real_q8_tensor_220w_mtp,3,44,12351,206.69,68,1545,9251,3,16
1784688441.404,real_q8_tensor_220w_mtp,0,100,12351,203.40,63,1395,9251,3,16
1784688441.404,real_q8_tensor_220w_mtp,1,100,12351,204.15,68,1365,9251,3,16
1784688441.404,real_q8_tensor_220w_mtp,2,100,12351,203.43,71,1620,9251,3,16
1784688441.404,real_q8_tensor_220w_mtp,3,100,12351,205.09,68,1335,9251,3,16
1784688441.997,real_q8_tensor_220w_mtp,0,100,12351,196.72,63,1620,9251,3,16
1784688441.997,real_q8_tensor_220w_mtp,1,96,12351,197.50,68,1530,9251,3,16
1784688441.997,real_q8_tensor_220w_mtp,2,56,12351,196.28,72,1335,9251,3,16
1784688441.997,real_q8_tensor_220w_mtp,3,100,12351,203.24,68,1560,9251,3,16
1784688442.594,real_q8_tensor_220w_mtp,0,75,12351,188.53,61,1920,9251,3,16
1784688442.594,real_q8_tensor_220w_mtp,1,17,12351,195.98,66,1905,9251,3,16
1784688442.594,real_q8_tensor_220w_mtp,2,2,12351,194.26,69,1905,9251,3,16
1784688442.594,real_q8_tensor_220w_mtp,3,19,12351,193.00,68,1920,9251,3,16
1784688443.175,real_q8_tensor_220w_mtp,0,32,12351,162.14,62,1890,9251,3,16
1784688443.175,real_q8_tensor_220w_mtp,1,17,12351,174.73,66,1890,9251,3,16
1784688443.175,real_q8_tensor_220w_mtp,2,2,12351,169.29,69,1875,9251,3,16
1784688443.175,real_q8_tensor_220w_mtp,3,19,12351,180.46,67,1890,9251,3,16
1784688443.736,real_q8_tensor_220w_mtp,0,32,12351,177.14,63,1845,9251,3,16
1784688443.736,real_q8_tensor_220w_mtp,1,100,12351,183.73,68,1800,9251,3,16
1784688443.736,real_q8_tensor_220w_mtp,2,43,12351,174.30,71,1800,9251,3,16
1784688443.736,real_q8_tensor_220w_mtp,3,88,12351,187.74,67,1815,9251,3,16
1784688444.295,real_q8_tensor_220w_mtp,0,0,12351,162.24,60,1920,9251,3,16
1784688444.295,real_q8_tensor_220w_mtp,1,100,12351,173.40,65,1905,9251,3,16
1784688444.295,real_q8_tensor_220w_mtp,2,43,12351,165.86,68,1905,9251,3,16
1784688444.295,real_q8_tensor_220w_mtp,3,88,12351,174.63,65,1920,9251,3,16
1784688444.879,real_q8_tensor_220w_mtp,0,0,12351,116.96,60,1920,9251,3,16
1784688444.879,real_q8_tensor_220w_mtp,1,2,12351,137.86,65,1905,9251,3,16
1784688444.879,real_q8_tensor_220w_mtp,2,9,12351,125.57,68,1905,9251,3,16
1784688444.879,real_q8_tensor_220w_mtp,3,0,12351,138.23,64,1920,9251,3,16
1784688445.438,real_q8_tensor_220w_mtp,0,100,12351,138.07,62,1410,9251,3,16
1784688445.438,real_q8_tensor_220w_mtp,1,2,12351,159.83,67,1260,9251,3,16
1784688445.438,real_q8_tensor_220w_mtp,2,9,12351,150.07,70,1365,9251,3,16
1784688445.438,real_q8_tensor_220w_mtp,3,0,12351,157.16,67,1350,9251,3,16
1784688446.003,real_q8_tensor_220w_mtp,0,100,12351,175.81,62,1605,9251,3,16
1784688446.003,real_q8_tensor_220w_mtp,1,24,12351,184.24,66,1620,9251,3,16
1784688446.003,real_q8_tensor_220w_mtp,2,17,12351,179.56,69,1710,9251,3,16
1784688446.003,real_q8_tensor_220w_mtp,3,45,12351,189.50,66,1635,9251,3,16
1784688446.565,real_q8_tensor_220w_mtp,0,0,12351,146.37,60,1920,9251,3,16
1784688446.565,real_q8_tensor_220w_mtp,1,0,12351,153.48,64,1770,9251,3,16
1784688446.565,real_q8_tensor_220w_mtp,2,0,12351,156.52,68,1905,9251,3,16
1784688446.565,real_q8_tensor_220w_mtp,3,0,12351,160.55,64,1920,9251,3,16
1784688447.148,real_q8_tensor_220w_mtp,0,0,12351,116.36,59,1920,9251,3,16
1784688447.148,real_q8_tensor_220w_mtp,1,0,12351,115.28,63,1770,9251,3,16
1784688447.148,real_q8_tensor_220w_mtp,2,0,12351,122.20,67,1905,9251,3,16
1784688447.148,real_q8_tensor_220w_mtp,3,6,12351,133.79,64,1920,9251,3,16
1784688447.707,real_q8_tensor_220w_mtp,0,75,12351,147.68,62,1815,9251,3,16
1784688447.707,real_q8_tensor_220w_mtp,1,0,12351,141.79,66,1785,9251,3,16
1784688447.707,real_q8_tensor_220w_mtp,2,0,12351,151.67,70,1710,9251,3,16
1784688447.707,real_q8_tensor_220w_mtp,3,6,12351,166.68,67,1785,9251,3,16
1784688448.276,real_q8_tensor_220w_mtp,0,75,12351,201.16,62,1845,9251,3,16
1784688448.276,real_q8_tensor_220w_mtp,1,73,12351,196.15,67,1680,9251,3,16
1784688448.276,real_q8_tensor_220w_mtp,2,71,12351,201.34,70,1755,9251,3,16
1784688448.276,real_q8_tensor_220w_mtp,3,72,12351,207.52,67,1725,9251,3,16
1784688448.847,real_q8_tensor_220w_mtp,0,75,12351,211.38,62,1830,9251,3,16
1784688448.847,real_q8_tensor_220w_mtp,1,73,12351,214.05,67,1680,9251,3,16
1784688448.847,real_q8_tensor_220w_mtp,2,71,12351,213.28,70,1755,9251,3,16
1784688448.847,real_q8_tensor_220w_mtp,3,72,12351,214.38,67,1725,9251,3,16
1784688449.440,real_q8_tensor_220w_mtp,0,75,12351,211.23,62,1800,9251,3,16
1784688449.440,real_q8_tensor_220w_mtp,1,73,12351,213.70,67,1725,9251,3,16
1784688449.440,real_q8_tensor_220w_mtp,2,71,12351,212.98,71,1665,9251,3,16
1784688449.440,real_q8_tensor_220w_mtp,3,71,12351,214.76,67,1725,9251,3,16
1784688450.014,real_q8_tensor_220w_mtp,0,79,12351,204.08,62,1695,9251,3,16
1784688450.014,real_q8_tensor_220w_mtp,1,73,12351,209.40,67,1710,9251,3,16
1784688450.014,real_q8_tensor_220w_mtp,2,71,12351,206.47,70,1695,9251,3,16
1784688450.014,real_q8_tensor_220w_mtp,3,71,12351,210.27,67,1755,9251,3,16
1784688450.585,real_q8_tensor_220w_mtp,0,73,12351,203.75,62,1830,9251,3,16
1784688450.585,real_q8_tensor_220w_mtp,1,77,12351,209.91,67,1680,9251,3,16
1784688450.585,real_q8_tensor_220w_mtp,2,76,12351,206.68,71,1755,9251,3,16
1784688450.585,real_q8_tensor_220w_mtp,3,77,12351,210.12,67,1710,9251,3,16
1784688451.155,real_q8_tensor_220w_mtp,0,0,12351,176.96,60,1920,9251,3,16
1784688451.155,real_q8_tensor_220w_mtp,1,77,12351,189.00,65,1920,9251,3,16
1784688451.155,real_q8_tensor_220w_mtp,2,76,12351,184.21,68,1905,9251,3,16
1784688451.155,real_q8_tensor_220w_mtp,3,77,12351,185.17,65,1920,9251,3,16
1784688451.756,real_q8_tensor_220w_mtp,0,0,12351,149.45,62,1860,9251,3,16
1784688451.756,real_q8_tensor_220w_mtp,1,100,12351,165.17,67,1815,9251,3,16
1784688451.756,real_q8_tensor_220w_mtp,2,100,12351,155.77,71,1845,9251,3,16
1784688451.756,real_q8_tensor_220w_mtp,3,100,12351,164.72,67,1830,9251,3,16
1784688452.353,real_q8_tensor_220w_mtp,0,100,12351,192.79,63,1875,9251,3,16
1784688452.353,real_q8_tensor_220w_mtp,1,89,12351,198.97,68,1785,9251,3,16
1784688452.353,real_q8_tensor_220w_mtp,2,97,12351,192.78,71,1845,9251,3,16
1784688452.353,real_q8_tensor_220w_mtp,3,89,12351,201.25,68,1815,9251,3,16
1784688452.952,real_q8_tensor_220w_mtp,0,100,12351,212.99,63,1875,9251,3,16
1784688452.952,real_q8_tensor_220w_mtp,1,100,12351,218.23,68,1785,9251,3,16
1784688452.952,real_q8_tensor_220w_mtp,2,100,12351,213.92,72,1830,9251,3,16
1784688452.952,real_q8_tensor_220w_mtp,3,100,12351,216.18,68,1815,9251,3,16
1784688453.519,real_q8_tensor_220w_mtp,0,100,12351,204.18,63,1875,9251,3,16
1784688453.519,real_q8_tensor_220w_mtp,1,100,12351,211.01,68,1830,9251,3,16
1784688453.519,real_q8_tensor_220w_mtp,2,100,12351,206.05,71,1845,9251,3,16
1784688453.519,real_q8_tensor_220w_mtp,3,100,12351,209.43,68,1875,9251,3,16
1784688454.086,real_q8_tensor_220w_mtp,0,93,12351,203.40,63,1875,9251,3,16
1784688454.086,real_q8_tensor_220w_mtp,1,100,12351,210.02,68,1800,9251,3,16
1784688454.086,real_q8_tensor_220w_mtp,2,100,12351,204.95,72,1845,9251,3,16
1784688454.086,real_q8_tensor_220w_mtp,3,100,12351,209.47,68,1815,9251,3,16
1784688454.658,real_q8_tensor_220w_mtp,0,100,12351,214.67,63,1905,9251,3,16
1784688454.658,real_q8_tensor_220w_mtp,1,100,12351,217.00,68,1890,9251,3,16
1784688454.658,real_q8_tensor_220w_mtp,2,100,12351,214.66,71,1890,9251,3,16
1784688454.658,real_q8_tensor_220w_mtp,3,100,12351,216.13,68,1905,9251,3,16
1784688455.220,real_q8_tensor_220w_mtp,0,100,12351,205.54,62,1860,9251,3,16
1784688455.220,real_q8_tensor_220w_mtp,1,100,12351,210.79,68,1785,9251,3,16
1784688455.220,real_q8_tensor_220w_mtp,2,100,12351,208.70,72,1830,9251,3,16
1784688455.220,real_q8_tensor_220w_mtp,3,100,12351,210.17,68,1845,9251,3,16
1784688455.808,real_q8_tensor_220w_mtp,0,100,12351,209.38,63,1860,9251,3,16
1784688455.808,real_q8_tensor_220w_mtp,1,100,12351,213.57,68,1800,9251,3,16
1784688455.808,real_q8_tensor_220w_mtp,2,100,12351,214.81,72,1845,9251,3,16
1784688455.808,real_q8_tensor_220w_mtp,3,100,12351,214.38,68,1815,9251,3,16
1784688456.398,real_q8_tensor_220w_mtp,0,32,12351,206.48,62,1905,9251,3,16
1784688456.398,real_q8_tensor_220w_mtp,1,100,12351,214.76,67,1815,9251,3,16
1784688456.398,real_q8_tensor_220w_mtp,2,100,12351,206.97,70,1905,9251,3,16
1784688456.398,real_q8_tensor_220w_mtp,3,100,12351,209.02,67,1815,9251,3,16
1784688456.988,real_q8_tensor_220w_mtp,0,32,12351,206.05,63,1860,9251,3,16
1784688456.988,real_q8_tensor_220w_mtp,1,100,12351,211.07,68,1800,9251,3,16
1784688456.988,real_q8_tensor_220w_mtp,2,100,12351,207.16,72,1845,9251,3,16
1784688456.988,real_q8_tensor_220w_mtp,3,100,12351,211.71,68,1815,9251,3,16
1784688457.558,real_q8_tensor_220w_mtp,0,100,12351,214.31,64,1875,9251,3,16
1784688457.558,real_q8_tensor_220w_mtp,1,89,12351,217.26,68,1785,9251,3,16
1784688457.558,real_q8_tensor_220w_mtp,2,100,12351,214.62,72,1890,9251,3,16
1784688457.558,real_q8_tensor_220w_mtp,3,100,12351,218.31,68,1815,9251,3,16
1784688458.129,real_q8_tensor_220w_mtp,0,100,12351,204.63,63,1860,9251,3,16
1784688458.129,real_q8_tensor_220w_mtp,1,24,12351,210.81,67,1785,9251,3,16
1784688458.129,real_q8_tensor_220w_mtp,2,100,12351,206.42,70,1830,9251,3,16
1784688458.129,real_q8_tensor_220w_mtp,3,56,12351,209.54,68,1815,9251,3,16
1784688458.700,real_q8_tensor_220w_mtp,0,100,12351,206.44,64,1860,9251,3,16
1784688458.700,real_q8_tensor_220w_mtp,1,24,12351,213.18,68,1800,9251,3,16
1784688458.700,real_q8_tensor_220w_mtp,2,100,12351,208.34,72,1830,9251,3,16
1784688458.700,real_q8_tensor_220w_mtp,3,56,12351,211.20,69,1815,9251,3,16
1784688459.270,real_q8_tensor_220w_mtp,0,100,12351,213.34,63,1860,9251,3,16
1784688459.270,real_q8_tensor_220w_mtp,1,77,12351,218.16,68,1800,9251,3,16
1784688459.270,real_q8_tensor_220w_mtp,2,77,12351,214.67,72,1830,9251,3,16
1784688459.270,real_q8_tensor_220w_mtp,3,77,12351,217.90,68,1815,9251,3,16
1784688459.839,real_q8_tensor_220w_mtp,0,84,12351,204.02,63,1860,9251,3,16
1784688459.839,real_q8_tensor_220w_mtp,1,77,12351,210.74,68,1785,9251,3,16
1784688459.839,real_q8_tensor_220w_mtp,2,77,12351,206.91,72,1830,9251,3,16
1784688459.839,real_q8_tensor_220w_mtp,3,77,12351,211.46,68,1800,9251,3,16
1784688460.434,real_q8_tensor_220w_mtp,0,84,12351,203.66,64,1875,9251,3,16
1784688460.434,real_q8_tensor_220w_mtp,1,91,12351,211.65,68,1815,9251,3,16
1784688460.434,real_q8_tensor_220w_mtp,2,96,12351,208.14,72,1890,9251,3,16
1784688460.434,real_q8_tensor_220w_mtp,3,73,12351,210.58,68,1815,9251,3,16
1784688461.066,real_q8_tensor_220w_mtp,0,100,12351,212.93,64,1860,9251,3,16
1784688461.066,real_q8_tensor_220w_mtp,1,87,12351,218.04,68,1785,9251,3,16
1784688461.066,real_q8_tensor_220w_mtp,2,94,12351,214.25,72,1815,9251,3,16
1784688461.066,real_q8_tensor_220w_mtp,3,87,12351,217.46,69,1800,9251,3,16
1784688461.666,real_q8_tensor_220w_mtp,0,100,12351,205.13,63,1860,9251,3,16
1784688461.666,real_q8_tensor_220w_mtp,1,100,12351,211.54,68,1785,9251,3,16
1784688461.666,real_q8_tensor_220w_mtp,2,100,12351,207.58,72,1830,9251,3,16
1784688461.666,real_q8_tensor_220w_mtp,3,100,12351,212.10,68,1800,9251,3,16
1784688462.250,real_q8_tensor_220w_mtp,0,72,12351,202.87,63,1860,9251,3,16
1784688462.250,real_q8_tensor_220w_mtp,1,100,12351,209.25,68,1800,9251,3,16
1784688462.250,real_q8_tensor_220w_mtp,2,100,12351,205.76,72,1830,9251,3,16
1784688462.250,real_q8_tensor_220w_mtp,3,86,12351,210.41,68,1815,9251,3,16
1784688462.848,real_q8_tensor_220w_mtp,0,72,12351,215.35,64,1860,9251,3,16
1784688462.848,real_q8_tensor_220w_mtp,1,100,12351,217.46,68,1785,9251,3,16
1784688462.848,real_q8_tensor_220w_mtp,2,100,12351,214.31,72,1815,9251,3,16
1784688462.848,real_q8_tensor_220w_mtp,3,100,12351,219.98,69,1800,9251,3,16
1784688463.442,real_q8_tensor_220w_mtp,0,100,12351,204.31,64,1860,9251,3,16
1784688463.442,real_q8_tensor_220w_mtp,1,100,12351,211.14,68,1785,9251,3,16
1784688463.442,real_q8_tensor_220w_mtp,2,100,12351,206.71,72,1830,9251,3,16
1784688463.442,real_q8_tensor_220w_mtp,3,100,12351,211.93,69,1800,9251,3,16
1784688464.005,real_q8_tensor_220w_mtp,0,100,12351,202.03,64,1860,9251,3,16
1784688464.005,real_q8_tensor_220w_mtp,1,74,12351,209.16,68,1785,9251,3,16
1784688464.005,real_q8_tensor_220w_mtp,2,74,12351,204.33,72,1815,9251,3,16
1784688464.005,real_q8_tensor_220w_mtp,3,100,12351,209.39,69,1800,9251,3,16
1784688464.575,real_q8_tensor_220w_mtp,0,100,12351,215.04,64,1860,9251,3,16
1784688464.575,real_q8_tensor_220w_mtp,1,100,12351,217.36,69,1785,9251,3,16
1784688464.575,real_q8_tensor_220w_mtp,2,88,12351,214.03,72,1830,9251,3,16
1784688464.575,real_q8_tensor_220w_mtp,3,100,12351,220.11,69,1800,9251,3,16
1784688465.147,real_q8_tensor_220w_mtp,0,100,12351,205.15,64,1860,9251,3,16
1784688465.147,real_q8_tensor_220w_mtp,1,100,12351,211.63,68,1785,9251,3,16
1784688465.147,real_q8_tensor_220w_mtp,2,100,12351,206.25,72,1815,9251,3,16
1784688465.147,real_q8_tensor_220w_mtp,3,100,12351,212.31,69,1800,9251,3,16
1784688465.715,real_q8_tensor_220w_mtp,0,79,12351,202.82,64,1845,9251,3,16
1784688465.715,real_q8_tensor_220w_mtp,1,100,12351,209.96,68,1770,9251,3,16
1784688465.715,real_q8_tensor_220w_mtp,2,100,12351,204.09,72,1815,9251,3,16
1784688465.715,real_q8_tensor_220w_mtp,3,100,12351,210.10,69,1785,9251,3,16
1784688466.283,real_q8_tensor_220w_mtp,0,79,12351,212.94,64,1860,9251,3,16
1784688466.283,real_q8_tensor_220w_mtp,1,100,12351,217.55,68,1815,9251,3,16
1784688466.283,real_q8_tensor_220w_mtp,2,100,12351,213.96,72,1830,9251,3,16
1784688466.283,real_q8_tensor_220w_mtp,3,100,12351,218.36,69,1800,9251,3,16
1784688466.860,real_q8_tensor_220w_mtp,0,100,12351,204.23,64,1860,9251,3,16
1784688466.860,real_q8_tensor_220w_mtp,1,100,12351,210.11,68,1770,9251,3,16
1784688466.860,real_q8_tensor_220w_mtp,2,100,12351,205.87,72,1815,9251,3,16
1784688466.860,real_q8_tensor_220w_mtp,3,100,12351,210.82,69,1785,9251,3,16
1784688467.446,real_q8_tensor_220w_mtp,0,100,12351,199.89,63,1845,9251,3,16
1784688467.446,real_q8_tensor_220w_mtp,1,72,12351,205.39,69,1785,9251,3,16
1784688467.446,real_q8_tensor_220w_mtp,2,73,12351,200.66,72,1815,9251,3,16
1784688467.446,real_q8_tensor_220w_mtp,3,100,12351,209.62,69,1785,9251,3,16
1784688468.038,real_q8_tensor_220w_mtp,0,100,12351,210.00,64,1845,9251,3,16
1784688468.038,real_q8_tensor_220w_mtp,1,86,12351,216.18,69,1770,9251,3,16
1784688468.038,real_q8_tensor_220w_mtp,2,100,12351,212.52,72,1815,9251,3,16
1784688468.038,real_q8_tensor_220w_mtp,3,100,12351,220.61,69,1785,9251,3,16
1784688468.632,real_q8_tensor_220w_mtp,0,100,12351,203.65,64,1860,9251,3,16
1784688468.632,real_q8_tensor_220w_mtp,1,100,12351,209.55,68,1770,9251,3,16
1784688468.632,real_q8_tensor_220w_mtp,2,100,12351,205.42,72,1800,9251,3,16
1784688468.632,real_q8_tensor_220w_mtp,3,100,12351,211.01,69,1800,9251,3,16
1784688469.202,real_q8_tensor_220w_mtp,0,74,12351,200.61,64,1845,9251,3,16
1784688469.202,real_q8_tensor_220w_mtp,1,100,12351,207.30,68,1770,9251,3,16
1784688469.202,real_q8_tensor_220w_mtp,2,100,12351,203.22,72,1800,9251,3,16
1784688469.202,real_q8_tensor_220w_mtp,3,100,12351,209.07,69,1755,9251,3,16
1784688469.774,real_q8_tensor_220w_mtp,0,74,12351,212.44,64,1845,9251,3,16
1784688469.774,real_q8_tensor_220w_mtp,1,100,12351,217.67,69,1770,9251,3,16
1784688469.774,real_q8_tensor_220w_mtp,2,100,12351,214.07,73,1800,9251,3,16
1784688469.774,real_q8_tensor_220w_mtp,3,100,12351,217.15,69,1785,9251,3,16
1784688470.343,real_q8_tensor_220w_mtp,0,100,12351,204.15,64,1845,9251,3,16
1784688470.343,real_q8_tensor_220w_mtp,1,100,12351,210.59,68,1770,9251,3,16
1784688470.343,real_q8_tensor_220w_mtp,2,100,12351,206.20,72,1800,9251,3,16
1784688470.343,real_q8_tensor_220w_mtp,3,100,12351,211.02,69,1785,9251,3,16
1784688470.914,real_q8_tensor_220w_mtp,0,100,12351,203.89,63,1920,9251,3,16
1784688470.914,real_q8_tensor_220w_mtp,1,100,12351,209.87,69,1770,9251,3,16
1784688470.914,real_q8_tensor_220w_mtp,2,100,12351,204.10,73,1875,9251,3,16
1784688470.914,real_q8_tensor_220w_mtp,3,82,12351,209.62,68,1860,9251,3,16
1784688471.483,real_q8_tensor_220w_mtp,0,100,12351,212.69,64,1845,9251,3,16
1784688471.483,real_q8_tensor_220w_mtp,1,100,12351,215.86,69,1770,9251,3,16
1784688471.483,real_q8_tensor_220w_mtp,2,100,12351,214.20,73,1815,9251,3,16
1784688471.483,real_q8_tensor_220w_mtp,3,82,12351,217.08,69,1785,9251,3,16
1784688472.055,real_q8_tensor_220w_mtp,0,28,12351,201.84,64,1845,9251,3,16
1784688472.055,real_q8_tensor_220w_mtp,1,100,12351,209.37,68,1770,9251,3,16
1784688472.055,real_q8_tensor_220w_mtp,2,100,12351,205.88,72,1800,9251,3,16
1784688472.055,real_q8_tensor_220w_mtp,3,100,12351,211.12,69,1770,9251,3,16
1784688472.625,real_q8_tensor_220w_mtp,0,100,12351,203.81,64,1845,9251,3,16
1784688472.625,real_q8_tensor_220w_mtp,1,100,12351,209.67,69,1755,9251,3,16
1784688472.625,real_q8_tensor_220w_mtp,2,100,12351,204.57,73,1785,9251,3,16
1784688472.625,real_q8_tensor_220w_mtp,3,100,12351,211.25,69,1770,9251,3,16
1784688473.192,real_q8_tensor_220w_mtp,0,100,12351,213.03,64,1845,9251,3,16
1784688473.192,real_q8_tensor_220w_mtp,1,73,12351,216.09,69,1755,9251,3,16
1784688473.192,real_q8_tensor_220w_mtp,2,72,12351,213.19,73,1785,9251,3,16
1784688473.192,real_q8_tensor_220w_mtp,3,100,12351,217.28,69,1770,9251,3,16
1784688473.762,real_q8_tensor_220w_mtp,0,100,12351,204.91,64,1845,9251,3,16
1784688473.762,real_q8_tensor_220w_mtp,1,73,12351,207.94,68,1770,9251,3,16
1784688473.762,real_q8_tensor_220w_mtp,2,72,12351,203.24,72,1785,9251,3,16
1784688473.762,real_q8_tensor_220w_mtp,3,100,12351,211.40,69,1785,9251,3,16
1784688474.368,real_q8_tensor_220w_mtp,0,100,12351,204.06,64,1845,9251,3,16
1784688474.368,real_q8_tensor_220w_mtp,1,100,12351,209.92,69,1785,9251,3,16
1784688474.368,real_q8_tensor_220w_mtp,2,100,12351,205.12,73,1800,9251,3,16
1784688474.368,real_q8_tensor_220w_mtp,3,100,12351,210.66,69,1770,9251,3,16
1784688474.937,real_q8_tensor_220w_mtp,0,73,12351,212.19,64,1830,9251,3,16
1784688474.937,real_q8_tensor_220w_mtp,1,100,12351,216.22,69,1770,9251,3,16
1784688474.937,real_q8_tensor_220w_mtp,2,100,12351,212.49,72,1785,9251,3,16
1784688474.937,real_q8_tensor_220w_mtp,3,100,12351,215.79,69,1785,9251,3,16
1784688475.524,real_q8_tensor_220w_mtp,0,73,12351,200.34,63,1830,9251,3,16
1784688475.524,real_q8_tensor_220w_mtp,1,26,12351,207.76,67,1755,9251,3,16
1784688475.524,real_q8_tensor_220w_mtp,2,78,12351,202.39,70,1770,9251,3,16
1784688475.524,real_q8_tensor_220w_mtp,3,33,12351,207.84,69,1755,9251,3,16
1784688476.095,real_q8_tensor_220w_mtp,0,100,12351,202.71,64,1830,9251,3,16
1784688476.095,real_q8_tensor_220w_mtp,1,85,12351,209.70,69,1770,9251,3,16
1784688476.095,real_q8_tensor_220w_mtp,2,85,12351,205.17,73,1800,9251,3,16
1784688476.095,real_q8_tensor_220w_mtp,3,100,12351,209.87,69,1755,9251,3,16
1784688476.694,real_q8_tensor_220w_mtp,0,100,12351,213.02,63,1830,9251,3,16
1784688476.694,real_q8_tensor_220w_mtp,1,100,12351,217.64,69,1725,9251,3,16
1784688476.694,real_q8_tensor_220w_mtp,2,71,12351,212.67,73,1875,9251,3,16
1784688476.694,real_q8_tensor_220w_mtp,3,100,12351,215.19,68,1770,9251,3,16
1784688477.288,real_q8_tensor_220w_mtp,0,21,12351,200.09,62,1830,9251,3,16
1784688477.288,real_q8_tensor_220w_mtp,1,100,12351,209.01,67,1755,9251,3,16
1784688477.288,real_q8_tensor_220w_mtp,2,71,12351,203.66,71,1890,9251,3,16
1784688477.288,real_q8_tensor_220w_mtp,3,22,12351,207.30,68,1770,9251,3,16
1784688477.883,real_q8_tensor_220w_mtp,0,21,12351,202.60,64,1845,9251,3,16
1784688477.883,real_q8_tensor_220w_mtp,1,100,12351,208.70,69,1740,9251,3,16
1784688477.883,real_q8_tensor_220w_mtp,2,100,12351,206.53,73,1800,9251,3,16
1784688477.883,real_q8_tensor_220w_mtp,3,22,12351,210.07,69,1785,9251,3,16
1784688478.456,real_q8_tensor_220w_mtp,0,100,12351,214.18,64,1845,9251,3,16
1784688478.456,real_q8_tensor_220w_mtp,1,100,12351,217.55,69,1740,9251,3,16
1784688478.456,real_q8_tensor_220w_mtp,2,100,12351,216.68,73,1770,9251,3,16
1784688478.456,real_q8_tensor_220w_mtp,3,100,12351,219.70,69,1785,9251,3,16
1784688479.023,real_q8_tensor_220w_mtp,0,100,12351,208.02,63,1920,9251,3,16
1784688479.023,real_q8_tensor_220w_mtp,1,61,12351,211.73,68,1905,9251,3,16
1784688479.023,real_q8_tensor_220w_mtp,2,44,12351,208.77,72,1890,9251,3,16
1784688479.023,real_q8_tensor_220w_mtp,3,100,12351,213.72,69,1920,9251,3,16
1784688479.585,real_q8_tensor_220w_mtp,0,70,12351,199.31,64,1845,9251,3,16
1784688479.585,real_q8_tensor_220w_mtp,1,85,12351,205.04,69,1740,9251,3,16
1784688479.585,real_q8_tensor_220w_mtp,2,100,12351,202.49,72,1785,9251,3,16
1784688479.585,real_q8_tensor_220w_mtp,3,70,12351,207.55,69,1800,9251,3,16
1784688480.156,real_q8_tensor_220w_mtp,0,70,12351,210.34,64,1815,9251,3,16
1784688480.156,real_q8_tensor_220w_mtp,1,100,12351,212.37,69,1770,9251,3,16
1784688480.156,real_q8_tensor_220w_mtp,2,100,12351,210.84,73,1800,9251,3,16
1784688480.156,real_q8_tensor_220w_mtp,3,70,12351,217.11,69,1785,9251,3,16
1784688480.751,real_q8_tensor_220w_mtp,0,72,12351,211.01,64,1890,9251,3,16
1784688480.751,real_q8_tensor_220w_mtp,1,100,12351,217.38,69,1875,9251,3,16
1784688480.751,real_q8_tensor_220w_mtp,2,100,12351,215.96,73,1845,9251,3,16
1784688480.751,real_q8_tensor_220w_mtp,3,58,12351,214.87,70,1890,9251,3,16
1784688481.338,real_q8_tensor_220w_mtp,0,72,12351,200.63,64,1845,9251,3,16
1784688481.338,real_q8_tensor_220w_mtp,1,100,12351,206.93,69,1740,9251,3,16
1784688481.338,real_q8_tensor_220w_mtp,2,100,12351,204.53,73,1785,9251,3,16
1784688481.338,real_q8_tensor_220w_mtp,3,58,12351,208.90,69,1785,9251,3,16
1784688481.922,real_q8_tensor_220w_mtp,0,71,12351,201.37,64,1815,9251,3,16
1784688481.922,real_q8_tensor_220w_mtp,1,100,12351,209.65,69,1740,9251,3,16
1784688481.922,real_q8_tensor_220w_mtp,2,100,12351,207.28,72,1770,9251,3,16
1784688481.922,real_q8_tensor_220w_mtp,3,78,12351,210.16,69,1740,9251,3,16
1784688482.492,real_q8_tensor_220w_mtp,0,71,12351,212.49,64,1860,9251,3,16
1784688482.492,real_q8_tensor_220w_mtp,1,100,12351,214.76,69,1740,9251,3,16
1784688482.492,real_q8_tensor_220w_mtp,2,100,12351,213.10,73,1785,9251,3,16
1784688482.492,real_q8_tensor_220w_mtp,3,78,12351,217.35,70,1755,9251,3,16
1784688483.061,real_q8_tensor_220w_mtp,0,100,12351,201.17,64,1815,9251,3,16
1784688483.061,real_q8_tensor_220w_mtp,1,54,12351,207.68,69,1770,9251,3,16
1784688483.061,real_q8_tensor_220w_mtp,2,93,12351,204.07,73,1800,9251,3,16
1784688483.061,real_q8_tensor_220w_mtp,3,100,12351,207.42,69,1770,9251,3,16
1784688483.634,real_q8_tensor_220w_mtp,0,100,12351,200.61,65,1830,9251,3,16
1784688483.634,real_q8_tensor_220w_mtp,1,100,12351,208.18,69,1740,9251,3,16
1784688483.634,real_q8_tensor_220w_mtp,2,100,12351,204.21,73,1770,9251,3,16
1784688483.634,real_q8_tensor_220w_mtp,3,100,12351,207.26,70,1755,9251,3,16
1784688484.215,real_q8_tensor_220w_mtp,0,69,12351,210.87,64,1815,9251,3,16
1784688484.215,real_q8_tensor_220w_mtp,1,100,12351,214.44,69,1740,9251,3,16
1784688484.215,real_q8_tensor_220w_mtp,2,100,12351,212.41,72,1770,9251,3,16
1784688484.215,real_q8_tensor_220w_mtp,3,77,12351,214.60,69,1770,9251,3,16
1784688484.786,real_q8_tensor_220w_mtp,0,69,12351,200.02,64,1830,9251,3,16
1784688484.786,real_q8_tensor_220w_mtp,1,19,12351,203.15,68,1740,9251,3,16
1784688484.786,real_q8_tensor_220w_mtp,2,16,12351,200.07,71,1755,9251,3,16
1784688484.786,real_q8_tensor_220w_mtp,3,77,12351,208.78,69,1740,9251,3,16
1784688485.378,real_q8_tensor_220w_mtp,0,100,12351,201.56,64,1815,9251,3,16
1784688485.378,real_q8_tensor_220w_mtp,1,19,12351,207.48,69,1725,9251,3,16
1784688485.378,real_q8_tensor_220w_mtp,2,16,12351,204.69,73,1800,9251,3,16
1784688485.378,real_q8_tensor_220w_mtp,3,100,12351,208.52,70,1770,9251,3,16
1784688485.947,real_q8_tensor_220w_mtp,0,100,12351,213.29,65,1815,9251,3,16
1784688485.947,real_q8_tensor_220w_mtp,1,100,12351,217.06,70,1710,9251,3,16
1784688485.947,real_q8_tensor_220w_mtp,2,100,12351,215.97,73,1770,9251,3,16
1784688485.947,real_q8_tensor_220w_mtp,3,100,12351,217.56,70,1755,9251,3,16
1784688486.515,real_q8_tensor_220w_mtp,0,47,12351,208.20,63,1920,9251,3,16
1784688486.515,real_q8_tensor_220w_mtp,1,54,12351,209.93,68,1905,9251,3,16
1784688486.515,real_q8_tensor_220w_mtp,2,85,12351,207.54,72,1890,9251,3,16
1784688486.515,real_q8_tensor_220w_mtp,3,33,12351,211.76,68,1920,9251,3,16
1784688487.104,real_q8_tensor_220w_mtp,0,85,12351,197.49,63,1905,9251,3,16
1784688487.104,real_q8_tensor_220w_mtp,1,98,12351,206.83,68,1695,9251,3,16
1784688487.104,real_q8_tensor_220w_mtp,2,100,12351,202.52,72,1755,9251,3,16
1784688487.104,real_q8_tensor_220w_mtp,3,33,12351,204.91,69,1770,9251,3,16
1784688487.675,real_q8_tensor_220w_mtp,0,100,12351,207.56,64,1830,9251,3,16
1784688487.675,real_q8_tensor_220w_mtp,1,98,12351,210.93,69,1710,9251,3,16
1784688487.675,real_q8_tensor_220w_mtp,2,100,12351,207.88,73,1770,9251,3,16
1784688487.675,real_q8_tensor_220w_mtp,3,100,12351,214.40,69,1755,9251,3,16
1784688488.244,real_q8_tensor_220w_mtp,0,100,12351,213.66,65,1815,9251,3,16
1784688488.244,real_q8_tensor_220w_mtp,1,100,12351,217.79,69,1710,9251,3,16
1784688488.244,real_q8_tensor_220w_mtp,2,100,12351,215.36,73,1740,9251,3,16
1784688488.244,real_q8_tensor_220w_mtp,3,100,12351,217.98,70,1740,9251,3,16
1784688488.814,real_q8_tensor_220w_mtp,0,100,12351,199.67,64,1815,9251,3,16
1784688488.814,real_q8_tensor_220w_mtp,1,100,12351,206.89,69,1725,9251,3,16
1784688488.814,real_q8_tensor_220w_mtp,2,100,12351,202.55,73,1800,9251,3,16
1784688488.814,real_q8_tensor_220w_mtp,3,100,12351,206.36,69,1770,9251,3,16
1784688489.407,real_q8_tensor_220w_mtp,0,100,12351,199.48,65,1830,9251,3,16
1784688489.407,real_q8_tensor_220w_mtp,1,100,12351,206.01,69,1725,9251,3,16
1784688489.407,real_q8_tensor_220w_mtp,2,100,12351,203.32,73,1755,9251,3,16
1784688489.407,real_q8_tensor_220w_mtp,3,100,12351,207.17,70,1740,9251,3,16
1784688489.965,real_q8_tensor_220w_mtp,0,100,12351,210.08,65,1815,9251,3,16
1784688489.965,real_q8_tensor_220w_mtp,1,100,12351,214.69,69,1725,9251,3,16
1784688489.965,real_q8_tensor_220w_mtp,2,100,12351,213.23,73,1755,9251,3,16
1784688489.965,real_q8_tensor_220w_mtp,3,100,12351,215.04,70,1740,9251,3,16
1784688490.559,real_q8_tensor_220w_mtp,0,29,12351,199.86,62,1800,9251,3,16
1784688490.559,real_q8_tensor_220w_mtp,1,31,12351,207.33,68,1710,9251,3,16
1784688490.559,real_q8_tensor_220w_mtp,2,24,12351,203.32,72,1785,9251,3,16
1784688490.559,real_q8_tensor_220w_mtp,3,50,12351,206.90,69,1755,9251,3,16
1784688491.157,real_q8_tensor_220w_mtp,0,100,12351,199.48,65,1800,9251,3,16
1784688491.157,real_q8_tensor_220w_mtp,1,31,12351,205.23,69,1710,9251,3,16
1784688491.157,real_q8_tensor_220w_mtp,2,24,12351,204.25,73,1755,9251,3,16
1784688491.157,real_q8_tensor_220w_mtp,3,100,12351,206.90,70,1755,9251,3,16
1784688491.727,real_q8_tensor_220w_mtp,0,100,12351,212.58,65,1800,9251,3,16
1784688491.727,real_q8_tensor_220w_mtp,1,100,12351,216.92,69,1740,9251,3,16
1784688491.727,real_q8_tensor_220w_mtp,2,100,12351,216.40,73,1770,9251,3,16
1784688491.727,real_q8_tensor_220w_mtp,3,100,12351,217.29,70,1740,9251,3,16
1784688492.299,real_q8_tensor_220w_mtp,0,50,12351,207.99,63,1920,9251,3,16
1784688492.299,real_q8_tensor_220w_mtp,1,100,12351,215.37,68,1905,9251,3,16
1784688492.299,real_q8_tensor_220w_mtp,2,100,12351,213.92,72,1890,9251,3,16
1784688492.299,real_q8_tensor_220w_mtp,3,41,12351,212.41,68,1920,9251,3,16
1784688492.860,real_q8_tensor_220w_mtp,0,50,12351,199.80,65,1785,9251,3,16
1784688492.860,real_q8_tensor_220w_mtp,1,100,12351,205.47,69,1785,9251,3,16
1784688492.860,real_q8_tensor_220w_mtp,2,100,12351,202.11,73,1785,9251,3,16
1784688492.860,real_q8_tensor_220w_mtp,3,41,12351,204.94,70,1755,9251,3,16
1784688493.444,real_q8_tensor_220w_mtp,0,66,12351,201.30,64,1800,9251,3,16
1784688493.444,real_q8_tensor_220w_mtp,1,88,12351,210.53,69,1710,9251,3,16
1784688493.444,real_q8_tensor_220w_mtp,2,83,12351,206.21,73,1770,9251,3,16
1784688493.444,real_q8_tensor_220w_mtp,3,66,12351,207.71,69,1755,9251,3,16
1784688494.016,real_q8_tensor_220w_mtp,0,66,12351,209.16,65,1785,9251,3,16
1784688494.016,real_q8_tensor_220w_mtp,1,100,12351,215.17,70,1710,9251,3,16
1784688494.016,real_q8_tensor_220w_mtp,2,100,12351,215.43,73,1755,9251,3,16
1784688494.016,real_q8_tensor_220w_mtp,3,66,12351,215.38,70,1740,9251,3,16
1784688494.586,real_q8_tensor_220w_mtp,0,100,12351,197.97,64,1800,9251,3,16
1784688494.586,real_q8_tensor_220w_mtp,1,53,12351,205.85,69,1710,9251,3,16
1784688494.586,real_q8_tensor_220w_mtp,2,91,12351,202.21,73,1785,9251,3,16
1784688494.586,real_q8_tensor_220w_mtp,3,100,12351,206.50,69,1755,9251,3,16
1784688495.199,real_q8_tensor_220w_mtp,0,100,12351,197.80,65,1800,9251,3,16
1784688495.199,real_q8_tensor_220w_mtp,1,100,12351,206.07,69,1725,9251,3,16
1784688495.199,real_q8_tensor_220w_mtp,2,100,12351,201.82,74,1770,9251,3,16
1784688495.199,real_q8_tensor_220w_mtp,3,100,12351,207.13,70,1740,9251,3,16
1784688495.770,real_q8_tensor_220w_mtp,0,66,12351,207.99,64,1785,9251,3,16
1784688495.770,real_q8_tensor_220w_mtp,1,100,12351,216.83,69,1680,9251,3,16
1784688495.770,real_q8_tensor_220w_mtp,2,100,12351,215.67,74,1875,9251,3,16
1784688495.770,real_q8_tensor_220w_mtp,3,66,12351,214.16,69,1740,9251,3,16
1784688496.359,real_q8_tensor_220w_mtp,0,66,12351,200.08,63,1920,9251,3,16
1784688496.359,real_q8_tensor_220w_mtp,1,36,12351,208.57,68,1875,9251,3,16
1784688496.359,real_q8_tensor_220w_mtp,2,37,12351,205.56,72,1890,9251,3,16
1784688496.359,real_q8_tensor_220w_mtp,3,66,12351,210.61,69,1920,9251,3,16
1784688496.917,real_q8_tensor_220w_mtp,0,77,12351,199.22,63,1770,9251,3,16
1784688496.917,real_q8_tensor_220w_mtp,1,36,12351,206.35,69,1710,9251,3,16
1784688496.917,real_q8_tensor_220w_mtp,2,37,12351,202.70,74,1755,9251,3,16
1784688496.917,real_q8_tensor_220w_mtp,3,65,12351,207.17,69,1740,9251,3,16
1784688497.490,real_q8_tensor_220w_mtp,0,77,12351,206.53,65,1800,9251,3,16
1784688497.490,real_q8_tensor_220w_mtp,1,100,12351,212.70,70,1710,9251,3,16
1784688497.490,real_q8_tensor_220w_mtp,2,100,12351,209.67,73,1755,9251,3,16
1784688497.490,real_q8_tensor_220w_mtp,3,65,12351,215.43,70,1770,9251,3,16
1784688498.059,real_q8_tensor_220w_mtp,0,100,12351,212.70,65,1815,9251,3,16
1784688498.059,real_q8_tensor_220w_mtp,1,87,12351,216.81,70,1710,9251,3,16
1784688498.059,real_q8_tensor_220w_mtp,2,100,12351,215.49,74,1740,9251,3,16
1784688498.059,real_q8_tensor_220w_mtp,3,100,12351,216.65,70,1710,9251,3,16
1784688498.629,real_q8_tensor_220w_mtp,0,100,12351,197.60,65,1785,9251,3,16
1784688498.629,real_q8_tensor_220w_mtp,1,100,12351,204.46,69,1710,9251,3,16
1784688498.629,real_q8_tensor_220w_mtp,2,100,12351,201.17,73,1755,9251,3,16
1784688498.629,real_q8_tensor_220w_mtp,3,100,12351,205.04,69,1725,9251,3,16
1784688499.201,real_q8_tensor_220w_mtp,0,100,12351,197.79,65,1830,9251,3,16
1784688499.201,real_q8_tensor_220w_mtp,1,100,12351,203.67,70,1695,9251,3,16
1784688499.201,real_q8_tensor_220w_mtp,2,100,12351,201.29,74,1785,9251,3,16
1784688499.201,real_q8_tensor_220w_mtp,3,100,12351,205.43,70,1740,9251,3,16
1784688499.770,real_q8_tensor_220w_mtp,0,100,12351,211.60,64,1890,9251,3,16
1784688499.770,real_q8_tensor_220w_mtp,1,100,12351,215.92,70,1890,9251,3,16
1784688499.770,real_q8_tensor_220w_mtp,2,100,12351,215.86,73,1845,9251,3,16
1784688499.770,real_q8_tensor_220w_mtp,3,100,12351,213.72,69,1890,9251,3,16
1784688500.358,real_q8_tensor_220w_mtp,0,41,12351,201.64,63,1920,9251,3,16
1784688500.358,real_q8_tensor_220w_mtp,1,100,12351,209.29,69,1875,9251,3,16
1784688500.358,real_q8_tensor_220w_mtp,2,100,12351,206.62,72,1890,9251,3,16
1784688500.358,real_q8_tensor_220w_mtp,3,25,12351,210.70,68,1890,9251,3,16
1784688500.918,real_q8_tensor_220w_mtp,0,41,12351,198.57,65,1860,9251,3,16
1784688500.918,real_q8_tensor_220w_mtp,1,100,12351,204.90,70,1830,9251,3,16
1784688500.918,real_q8_tensor_220w_mtp,2,64,12351,199.55,74,1830,9251,3,16
1784688500.918,real_q8_tensor_220w_mtp,3,25,12351,207.97,70,1830,9251,3,16
1784688501.481,real_q8_tensor_220w_mtp,0,91,12351,205.12,64,1800,9251,3,16
1784688501.481,real_q8_tensor_220w_mtp,1,100,12351,209.80,70,1695,9251,3,16
1784688501.481,real_q8_tensor_220w_mtp,2,64,12351,206.39,73,1785,9251,3,16
1784688501.481,real_q8_tensor_220w_mtp,3,100,12351,211.24,70,1725,9251,3,16
1784688502.051,real_q8_tensor_220w_mtp,0,82,12351,212.97,65,1830,9251,3,16
1784688502.051,real_q8_tensor_220w_mtp,1,100,12351,217.82,70,1695,9251,3,16
1784688502.051,real_q8_tensor_220w_mtp,2,100,12351,215.78,74,1755,9251,3,16
1784688502.051,real_q8_tensor_220w_mtp,3,82,12351,216.01,70,1740,9251,3,16
1784688502.624,real_q8_tensor_220w_mtp,0,53,12351,197.24,64,1785,9251,3,16
1784688502.624,real_q8_tensor_220w_mtp,1,100,12351,203.99,69,1710,9251,3,16
1784688502.624,real_q8_tensor_220w_mtp,2,100,12351,200.37,72,1755,9251,3,16
1784688502.624,real_q8_tensor_220w_mtp,3,68,12351,204.38,69,1725,9251,3,16
1784688503.193,real_q8_tensor_220w_mtp,0,53,12351,197.31,65,1785,9251,3,16
1784688503.193,real_q8_tensor_220w_mtp,1,100,12351,203.10,70,1755,9251,3,16
1784688503.193,real_q8_tensor_220w_mtp,2,100,12351,200.79,73,1770,9251,3,16
1784688503.193,real_q8_tensor_220w_mtp,3,68,12351,204.99,70,1740,9251,3,16
1784688503.763,real_q8_tensor_220w_mtp,0,100,12351,212.84,65,1785,9251,3,16
1784688503.763,real_q8_tensor_220w_mtp,1,100,12351,216.27,70,1695,9251,3,16
1784688503.763,real_q8_tensor_220w_mtp,2,100,12351,215.20,73,1740,9251,3,16
1784688503.763,real_q8_tensor_220w_mtp,3,100,12351,216.37,70,1710,9251,3,16
1784688504.361,real_q8_tensor_220w_mtp,0,100,12351,207.19,65,1920,9251,3,16
1784688504.361,real_q8_tensor_220w_mtp,1,54,12351,212.70,68,1875,9251,3,16
1784688504.361,real_q8_tensor_220w_mtp,2,60,12351,211.33,72,1875,9251,3,16
1784688504.361,real_q8_tensor_220w_mtp,3,100,12351,209.84,69,1905,9251,3,16
1784688504.946,real_q8_tensor_220w_mtp,0,100,12351,196.70,65,1785,9251,3,16
1784688504.946,real_q8_tensor_220w_mtp,1,54,12351,203.17,70,1680,9251,3,16
1784688504.946,real_q8_tensor_220w_mtp,2,60,12351,200.62,74,1740,9251,3,16
1784688504.946,real_q8_tensor_220w_mtp,3,100,12351,203.04,70,1710,9251,3,16
1784688505.515,real_q8_tensor_220w_mtp,0,100,12351,201.28,64,1905,9251,3,16
1784688505.515,real_q8_tensor_220w_mtp,1,100,12351,209.12,70,1740,9251,3,16
1784688505.515,real_q8_tensor_220w_mtp,2,63,12351,205.99,74,1875,9251,3,16
1784688505.515,real_q8_tensor_220w_mtp,3,100,12351,207.11,69,1860,9251,3,16
1784688506.085,real_q8_tensor_220w_mtp,0,100,12351,210.79,65,1785,9251,3,16
1784688506.085,real_q8_tensor_220w_mtp,1,92,12351,216.40,70,1695,9251,3,16
1784688506.085,real_q8_tensor_220w_mtp,2,81,12351,215.00,73,1725,9251,3,16
1784688506.085,real_q8_tensor_220w_mtp,3,100,12351,213.73,70,1710,9251,3,16
1784688506.701,real_q8_tensor_220w_mtp,0,100,12351,196.39,63,1800,9251,3,16
1784688506.701,real_q8_tensor_220w_mtp,1,23,12351,203.76,67,1665,9251,3,16
1784688506.701,real_q8_tensor_220w_mtp,2,18,12351,199.65,71,1710,9251,3,16
1784688506.701,real_q8_tensor_220w_mtp,3,100,12351,203.00,69,1710,9251,3,16
1784688507.271,real_q8_tensor_220w_mtp,0,100,12351,196.51,65,1815,9251,3,16
1784688507.271,real_q8_tensor_220w_mtp,1,23,12351,203.14,70,1680,9251,3,16
1784688507.271,real_q8_tensor_220w_mtp,2,18,12351,199.80,74,1725,9251,3,16
1784688507.271,real_q8_tensor_220w_mtp,3,100,12351,204.18,70,1710,9251,3,16
1784688507.841,real_q8_tensor_220w_mtp,0,100,12351,213.57,65,1785,9251,3,16
1784688507.841,real_q8_tensor_220w_mtp,1,100,12351,214.98,70,1710,9251,3,16
1784688507.841,real_q8_tensor_220w_mtp,2,100,12351,214.36,74,1785,9251,3,16
1784688507.841,real_q8_tensor_220w_mtp,3,100,12351,216.61,70,1710,9251,3,16
1784688508.411,real_q8_tensor_220w_mtp,0,100,12351,213.53,65,1785,9251,3,16
1784688508.411,real_q8_tensor_220w_mtp,1,100,12351,215.93,70,1680,9251,3,16
1784688508.411,real_q8_tensor_220w_mtp,2,100,12351,214.42,74,1725,9251,3,16
1784688508.411,real_q8_tensor_220w_mtp,3,100,12351,216.04,70,1680,9251,3,16
1784688508.996,real_q8_tensor_220w_mtp,0,100,12351,196.89,65,1815,9251,3,16
1784688508.996,real_q8_tensor_220w_mtp,1,100,12351,202.20,69,1680,9251,3,16
1784688508.996,real_q8_tensor_220w_mtp,2,100,12351,199.07,73,1740,9251,3,16
1784688508.996,real_q8_tensor_220w_mtp,3,100,12351,203.62,69,1725,9251,3,16
1784688509.566,real_q8_tensor_220w_mtp,0,100,12351,197.91,65,1785,9251,3,16
1784688509.566,real_q8_tensor_220w_mtp,1,100,12351,202.28,70,1680,9251,3,16
1784688509.566,real_q8_tensor_220w_mtp,2,100,12351,198.50,74,1770,9251,3,16
1784688509.566,real_q8_tensor_220w_mtp,3,100,12351,206.22,70,1710,9251,3,16
1784688510.136,real_q8_tensor_220w_mtp,0,100,12351,214.22,65,1860,9251,3,16
1784688510.136,real_q8_tensor_220w_mtp,1,74,12351,213.36,70,1860,9251,3,16
1784688510.136,real_q8_tensor_220w_mtp,2,81,12351,211.33,73,1845,9251,3,16
1784688510.136,real_q8_tensor_220w_mtp,3,100,12351,216.59,70,1845,9251,3,16
1784688510.701,real_q8_tensor_220w_mtp,0,25,12351,206.79,64,1920,9251,3,16
1784688510.701,real_q8_tensor_220w_mtp,1,74,12351,209.57,69,1830,9251,3,16
1784688510.701,real_q8_tensor_220w_mtp,2,81,12351,207.78,72,1875,9251,3,16
1784688510.701,real_q8_tensor_220w_mtp,3,28,12351,207.63,69,1860,9251,3,16
1784688511.261,real_q8_tensor_220w_mtp,0,25,12351,201.26,65,1770,9251,3,16
1784688511.261,real_q8_tensor_220w_mtp,1,100,12351,203.44,70,1680,9251,3,16
1784688511.261,real_q8_tensor_220w_mtp,2,100,12351,200.96,74,1740,9251,3,16
1784688511.261,real_q8_tensor_220w_mtp,3,28,12351,205.47,70,1680,9251,3,16
1784688511.827,real_q8_tensor_220w_mtp,0,97,12351,203.08,65,1755,9251,3,16
1784688511.827,real_q8_tensor_220w_mtp,1,100,12351,206.93,70,1650,9251,3,16
1784688511.827,real_q8_tensor_220w_mtp,2,100,12351,206.65,74,1710,9251,3,16
1784688511.827,real_q8_tensor_220w_mtp,3,78,12351,208.68,69,1680,9251,3,16
1784688512.397,real_q8_tensor_220w_mtp,0,97,12351,208.84,65,1770,9251,3,16
1784688512.397,real_q8_tensor_220w_mtp,1,71,12351,212.41,70,1725,9251,3,16
1784688512.397,real_q8_tensor_220w_mtp,2,65,12351,210.77,73,1770,9251,3,16
1784688512.397,real_q8_tensor_220w_mtp,3,78,12351,212.79,70,1710,9251,3,16
1784688512.966,real_q8_tensor_220w_mtp,0,26,12351,198.47,64,1920,9251,3,16
1784688512.966,real_q8_tensor_220w_mtp,1,71,12351,205.90,68,1890,9251,3,16
1784688512.966,real_q8_tensor_220w_mtp,2,65,12351,203.08,72,1875,9251,3,16
1784688512.966,real_q8_tensor_220w_mtp,3,18,12351,202.03,69,1905,9251,3,16
1784688513.523,real_q8_tensor_220w_mtp,0,26,12351,195.63,64,1770,9251,3,16
1784688513.523,real_q8_tensor_220w_mtp,1,62,12351,201.43,70,1725,9251,3,16
1784688513.523,real_q8_tensor_220w_mtp,2,61,12351,196.46,73,1755,9251,3,16
1784688513.523,real_q8_tensor_220w_mtp,3,100,12351,200.82,69,1710,9251,3,16
1784688514.112,real_q8_tensor_220w_mtp,0,100,12351,208.75,65,1800,9251,3,16
1784688514.112,real_q8_tensor_220w_mtp,1,90,12351,216.18,70,1725,9251,3,16
1784688514.112,real_q8_tensor_220w_mtp,2,80,12351,215.03,74,1770,9251,3,16
1784688514.112,real_q8_tensor_220w_mtp,3,100,12351,215.27,70,1695,9251,3,16
1784688514.710,real_q8_tensor_220w_mtp,0,100,12351,212.52,65,1770,9251,3,16
1784688514.710,real_q8_tensor_220w_mtp,1,100,12351,214.66,70,1725,9251,3,16
1784688514.710,real_q8_tensor_220w_mtp,2,100,12351,213.76,74,1770,9251,3,16
1784688514.710,real_q8_tensor_220w_mtp,3,100,12351,215.01,70,1740,9251,3,16
1784688515.281,real_q8_tensor_220w_mtp,0,75,12351,192.92,64,1770,9251,3,16
1784688515.281,real_q8_tensor_220w_mtp,1,100,12351,198.86,69,1725,9251,3,16
1784688515.281,real_q8_tensor_220w_mtp,2,100,12351,195.78,73,1755,9251,3,16
1784688515.281,real_q8_tensor_220w_mtp,3,91,12351,200.63,69,1725,9251,3,16
1784688515.871,real_q8_tensor_220w_mtp,0,75,12351,192.65,65,1770,9251,3,16
1784688515.871,real_q8_tensor_220w_mtp,1,100,12351,198.67,70,1725,9251,3,16
1784688515.871,real_q8_tensor_220w_mtp,2,100,12351,195.67,73,1770,9251,3,16
1784688515.871,real_q8_tensor_220w_mtp,3,91,12351,200.97,70,1710,9251,3,16
1784688516.467,real_q8_tensor_220w_mtp,0,100,12351,212.21,65,1770,9251,3,16
1784688516.467,real_q8_tensor_220w_mtp,1,100,12351,215.46,70,1725,9251,3,16
1784688516.467,real_q8_tensor_220w_mtp,2,100,12351,213.58,74,1710,9251,3,16
1784688516.467,real_q8_tensor_220w_mtp,3,100,12351,215.36,70,1680,9251,3,16
1784688517.063,real_q8_tensor_220w_mtp,0,83,12351,210.13,65,1890,9251,3,16
1784688517.063,real_q8_tensor_220w_mtp,1,97,12351,215.16,70,1845,9251,3,16
1784688517.063,real_q8_tensor_220w_mtp,2,100,12351,213.47,74,1800,9251,3,16
1784688517.063,real_q8_tensor_220w_mtp,3,100,12351,210.44,70,1875,9251,3,16
1784688517.626,real_q8_tensor_220w_mtp,0,100,12351,195.24,65,1740,9251,3,16
1784688517.626,real_q8_tensor_220w_mtp,1,97,12351,199.09,70,1710,9251,3,16
1784688517.626,real_q8_tensor_220w_mtp,2,100,12351,197.47,74,1740,9251,3,16
1784688517.626,real_q8_tensor_220w_mtp,3,100,12351,201.45,70,1695,9251,3,16
1784688518.195,real_q8_tensor_220w_mtp,0,100,12351,197.90,65,1785,9251,3,16
1784688518.195,real_q8_tensor_220w_mtp,1,100,12351,199.29,70,1710,9251,3,16
1784688518.195,real_q8_tensor_220w_mtp,2,100,12351,197.68,74,1710,9251,3,16
1784688518.195,real_q8_tensor_220w_mtp,3,100,12351,206.32,70,1695,9251,3,16
1784688518.764,real_q8_tensor_220w_mtp,0,76,12351,211.26,65,1890,9251,3,16
1784688518.764,real_q8_tensor_220w_mtp,1,100,12351,215.15,70,1845,9251,3,16
1784688518.764,real_q8_tensor_220w_mtp,2,100,12351,213.22,73,1800,9251,3,16
1784688518.764,real_q8_tensor_220w_mtp,3,59,12351,210.65,70,1875,9251,3,16
1784688519.328,real_q8_tensor_220w_mtp,0,76,12351,207.89,63,1890,9251,3,16
1784688519.328,real_q8_tensor_220w_mtp,1,28,12351,206.20,69,1815,9251,3,16
1784688519.328,real_q8_tensor_220w_mtp,2,27,12351,204.15,73,1890,9251,3,16
1784688519.328,real_q8_tensor_220w_mtp,3,59,12351,207.92,69,1830,9251,3,16
1784688519.904,real_q8_tensor_220w_mtp,0,100,12351,196.76,65,1770,9251,3,16
1784688519.904,real_q8_tensor_220w_mtp,1,28,12351,198.13,70,1710,9251,3,16
1784688519.904,real_q8_tensor_220w_mtp,2,27,12351,199.85,74,1740,9251,3,16
1784688519.904,real_q8_tensor_220w_mtp,3,100,12351,204.62,70,1725,9251,3,16
1784688520.474,real_q8_tensor_220w_mtp,0,100,12351,203.43,65,1845,9251,3,16
1784688520.474,real_q8_tensor_220w_mtp,1,100,12351,207.50,70,1785,9251,3,16
1784688520.474,real_q8_tensor_220w_mtp,2,100,12351,204.85,74,1800,9251,3,16
1784688520.474,real_q8_tensor_220w_mtp,3,100,12351,208.21,70,1815,9251,3,16
1784688521.031,real_q8_tensor_220w_mtp,0,86,12351,208.85,64,1770,9251,3,16
1784688521.031,real_q8_tensor_220w_mtp,1,99,12351,212.27,70,1665,9251,3,16
1784688521.031,real_q8_tensor_220w_mtp,2,80,12351,209.09,73,1755,9251,3,16
1784688521.031,real_q8_tensor_220w_mtp,3,100,12351,211.50,69,1680,9251,3,16
1784688521.629,real_q8_tensor_220w_mtp,0,86,12351,202.66,63,1905,9251,3,16
1784688521.629,real_q8_tensor_220w_mtp,1,39,12351,205.70,68,1905,9251,3,16
1784688521.629,real_q8_tensor_220w_mtp,2,33,12351,202.65,72,1845,9251,3,16
1784688521.629,real_q8_tensor_220w_mtp,3,100,12351,207.09,68,1875,9251,3,16
1784688522.188,real_q8_tensor_220w_mtp,0,100,12351,197.15,65,1815,9251,3,16
1784688522.188,real_q8_tensor_220w_mtp,1,39,12351,202.53,70,1785,9251,3,16
1784688522.188,real_q8_tensor_220w_mtp,2,33,12351,199.17,74,1755,9251,3,16
1784688522.188,real_q8_tensor_220w_mtp,3,96,12351,203.03,69,1800,9251,3,16
1784688522.746,real_q8_tensor_220w_mtp,0,100,12351,206.07,64,1740,9251,3,16
1784688522.746,real_q8_tensor_220w_mtp,1,59,12351,208.45,70,1665,9251,3,16
1784688522.746,real_q8_tensor_220w_mtp,2,58,12351,205.17,73,1680,9251,3,16
1784688522.746,real_q8_tensor_220w_mtp,3,96,12351,210.55,69,1665,9251,3,16
1784688523.334,real_q8_tensor_220w_mtp,0,77,12351,209.32,65,1770,9251,3,16
1784688523.334,real_q8_tensor_220w_mtp,1,59,12351,215.83,70,1635,9251,3,16
1784688523.334,real_q8_tensor_220w_mtp,2,58,12351,214.15,73,1695,9251,3,16
1784688523.334,real_q8_tensor_220w_mtp,3,92,12351,211.16,70,1665,9251,3,16
1784688523.904,real_q8_tensor_220w_mtp,0,77,12351,201.22,63,1920,9251,3,16
1784688523.904,real_q8_tensor_220w_mtp,1,25,12351,200.98,69,1905,9251,3,16
1784688523.904,real_q8_tensor_220w_mtp,2,19,12351,196.84,71,1890,9251,3,16
1784688523.904,real_q8_tensor_220w_mtp,3,92,12351,203.30,68,1830,9251,3,16
1784688524.507,real_q8_tensor_220w_mtp,0,60,12351,193.57,65,1740,9251,3,16
1784688524.507,real_q8_tensor_220w_mtp,1,25,12351,199.19,69,1635,9251,3,16
1784688524.507,real_q8_tensor_220w_mtp,2,90,12351,195.25,74,1680,9251,3,16
1784688524.507,real_q8_tensor_220w_mtp,3,58,12351,196.49,70,1725,9251,3,16
1784688525.105,real_q8_tensor_220w_mtp,0,80,12351,215.46,65,1755,9251,3,16
1784688525.105,real_q8_tensor_220w_mtp,1,100,12351,213.86,70,1650,9251,3,16
1784688525.105,real_q8_tensor_220w_mtp,2,100,12351,212.96,74,1680,9251,3,16
1784688525.105,real_q8_tensor_220w_mtp,3,58,12351,215.51,70,1680,9251,3,16
1784688525.701,real_q8_tensor_220w_mtp,0,100,12351,213.71,65,1800,9251,3,16
1784688525.701,real_q8_tensor_220w_mtp,1,100,12351,214.39,70,1635,9251,3,16
1784688525.701,real_q8_tensor_220w_mtp,2,100,12351,213.03,74,1725,9251,3,16
1784688525.701,real_q8_tensor_220w_mtp,3,100,12351,215.16,70,1710,9251,3,16
1784688526.277,real_q8_tensor_220w_mtp,0,100,12351,193.99,64,1755,9251,3,16
1784688526.277,real_q8_tensor_220w_mtp,1,100,12351,199.46,70,1665,9251,3,16
1784688526.277,real_q8_tensor_220w_mtp,2,36,12351,195.09,73,1755,9251,3,16
1784688526.277,real_q8_tensor_220w_mtp,3,100,12351,200.30,69,1680,9251,3,16
1784688526.849,real_q8_tensor_220w_mtp,0,81,12351,192.05,65,1740,9251,3,16
1784688526.849,real_q8_tensor_220w_mtp,1,100,12351,198.57,70,1650,9251,3,16
1784688526.849,real_q8_tensor_220w_mtp,2,36,12351,194.87,74,1680,9251,3,16
1784688526.849,real_q8_tensor_220w_mtp,3,100,12351,200.08,70,1650,9251,3,16
1784688527.419,real_q8_tensor_220w_mtp,0,81,12351,210.90,65,1770,9251,3,16
1784688527.419,real_q8_tensor_220w_mtp,1,100,12351,213.41,70,1665,9251,3,16
1784688527.419,real_q8_tensor_220w_mtp,2,100,12351,212.57,74,1755,9251,3,16
1784688527.419,real_q8_tensor_220w_mtp,3,100,12351,214.55,70,1665,9251,3,16
1784688527.989,real_q8_tensor_220w_mtp,0,100,12351,211.19,65,1755,9251,3,16
1784688527.989,real_q8_tensor_220w_mtp,1,100,12351,213.99,70,1665,9251,3,16
1784688527.989,real_q8_tensor_220w_mtp,2,100,12351,212.04,74,1695,9251,3,16
1784688527.989,real_q8_tensor_220w_mtp,3,100,12351,213.93,70,1665,9251,3,16
1784688528.558,real_q8_tensor_220w_mtp,0,25,12351,191.71,65,1785,9251,3,16
1784688528.558,real_q8_tensor_220w_mtp,1,48,12351,198.52,69,1635,9251,3,16
1784688528.558,real_q8_tensor_220w_mtp,2,75,12351,194.30,73,1680,9251,3,16
1784688528.558,real_q8_tensor_220w_mtp,3,67,12351,198.73,69,1650,9251,3,16
1784688529.154,real_q8_tensor_220w_mtp,0,100,12351,193.16,65,1740,9251,3,16
1784688529.154,real_q8_tensor_220w_mtp,1,100,12351,198.16,70,1650,9251,3,16
1784688529.154,real_q8_tensor_220w_mtp,2,75,12351,194.64,73,1725,9251,3,16
1784688529.154,real_q8_tensor_220w_mtp,3,100,12351,198.79,70,1680,9251,3,16
1784688529.726,real_q8_tensor_220w_mtp,0,100,12351,212.82,65,1800,9251,3,16
1784688529.726,real_q8_tensor_220w_mtp,1,100,12351,213.84,70,1665,9251,3,16
1784688529.726,real_q8_tensor_220w_mtp,2,100,12351,212.35,74,1755,9251,3,16
1784688529.726,real_q8_tensor_220w_mtp,3,100,12351,214.67,70,1740,9251,3,16
1784688530.296,real_q8_tensor_220w_mtp,0,100,12351,211.51,65,1785,9251,3,16
1784688530.296,real_q8_tensor_220w_mtp,1,100,12351,213.79,70,1635,9251,3,16
1784688530.296,real_q8_tensor_220w_mtp,2,100,12351,212.54,74,1680,9251,3,16
1784688530.296,real_q8_tensor_220w_mtp,3,100,12351,214.48,70,1650,9251,3,16
1784688530.866,real_q8_tensor_220w_mtp,0,100,12351,191.47,65,1755,9251,3,16
1784688530.866,real_q8_tensor_220w_mtp,1,100,12351,197.48,69,1665,9251,3,16
1784688530.866,real_q8_tensor_220w_mtp,2,100,12351,194.05,73,1695,9251,3,16
1784688530.866,real_q8_tensor_220w_mtp,3,100,12351,197.81,69,1665,9251,3,16
1784688531.459,real_q8_tensor_220w_mtp,0,100,12351,190.95,65,1725,9251,3,16
1784688531.459,real_q8_tensor_220w_mtp,1,100,12351,197.35,70,1650,9251,3,16
1784688531.459,real_q8_tensor_220w_mtp,2,100,12351,193.99,74,1695,9251,3,16
1784688531.459,real_q8_tensor_220w_mtp,3,100,12351,198.73,70,1665,9251,3,16
1784688532.031,real_q8_tensor_220w_mtp,0,100,12351,210.66,65,1740,9251,3,16
1784688532.031,real_q8_tensor_220w_mtp,1,100,12351,213.96,70,1650,9251,3,16
1784688532.031,real_q8_tensor_220w_mtp,2,100,12351,212.28,74,1695,9251,3,16
1784688532.031,real_q8_tensor_220w_mtp,3,100,12351,213.95,70,1665,9251,3,16
1784688532.607,real_q8_tensor_220w_mtp,0,59,12351,211.60,65,1740,9251,3,16
1784688532.607,real_q8_tensor_220w_mtp,1,100,12351,213.62,70,1695,9251,3,16
1784688532.607,real_q8_tensor_220w_mtp,2,100,12351,212.21,74,1740,9251,3,16
1784688532.607,real_q8_tensor_220w_mtp,3,100,12351,214.06,70,1665,9251,3,16
1784688533.169,real_q8_tensor_220w_mtp,0,22,12351,191.59,65,1740,9251,3,16
1784688533.169,real_q8_tensor_220w_mtp,1,15,12351,195.53,69,1725,9251,3,16
1784688533.169,real_q8_tensor_220w_mtp,2,9,12351,191.54,73,1695,9251,3,16
1784688533.169,real_q8_tensor_220w_mtp,3,100,12351,196.71,69,1725,9251,3,16
1784688533.769,real_q8_tensor_220w_mtp,0,100,12351,191.09,65,1800,9251,3,16
1784688533.769,real_q8_tensor_220w_mtp,1,100,12351,194.84,70,1635,9251,3,16
1784688533.769,real_q8_tensor_220w_mtp,2,100,12351,191.21,74,1695,9251,3,16
1784688533.769,real_q8_tensor_220w_mtp,3,100,12351,198.68,70,1725,9251,3,16
1784688534.340,real_q8_tensor_220w_mtp,0,100,12351,211.63,65,1755,9251,3,16
1784688534.340,real_q8_tensor_220w_mtp,1,100,12351,213.10,70,1695,9251,3,16
1784688534.340,real_q8_tensor_220w_mtp,2,100,12351,211.67,74,1725,9251,3,16
1784688534.340,real_q8_tensor_220w_mtp,3,100,12351,213.73,70,1650,9251,3,16
1784688534.940,real_q8_tensor_220w_mtp,0,100,12351,211.28,65,1740,9251,3,16
1784688534.940,real_q8_tensor_220w_mtp,1,100,12351,213.57,70,1710,9251,3,16
1784688534.940,real_q8_tensor_220w_mtp,2,100,12351,211.19,74,1680,9251,3,16
1784688534.940,real_q8_tensor_220w_mtp,3,92,12351,212.17,70,1680,9251,3,16
1784688535.526,real_q8_tensor_220w_mtp,0,100,12351,189.81,65,1755,9251,3,16
1784688535.526,real_q8_tensor_220w_mtp,1,100,12351,198.51,69,1650,9251,3,16
1784688535.526,real_q8_tensor_220w_mtp,2,100,12351,195.26,73,1695,9251,3,16
1784688535.526,real_q8_tensor_220w_mtp,3,100,12351,199.65,69,1665,9251,3,16
1784688536.095,real_q8_tensor_220w_mtp,0,100,12351,190.10,65,1800,9251,3,16
1784688536.095,real_q8_tensor_220w_mtp,1,100,12351,198.69,70,1635,9251,3,16
1784688536.095,real_q8_tensor_220w_mtp,2,100,12351,200.03,74,1665,9251,3,16
1784688536.095,real_q8_tensor_220w_mtp,3,78,12351,201.07,70,1680,9251,3,16
1784688536.667,real_q8_tensor_220w_mtp,0,100,12351,211.52,65,1725,9251,3,16
1784688536.667,real_q8_tensor_220w_mtp,1,100,12351,214.44,70,1680,9251,3,16
1784688536.667,real_q8_tensor_220w_mtp,2,100,12351,212.02,74,1740,9251,3,16
1784688536.667,real_q8_tensor_220w_mtp,3,100,12351,213.89,70,1665,9251,3,16
1784688537.264,real_q8_tensor_220w_mtp,0,100,12351,211.31,65,1725,9251,3,16
1784688537.264,real_q8_tensor_220w_mtp,1,100,12351,214.96,70,1695,9251,3,16
1784688537.264,real_q8_tensor_220w_mtp,2,100,12351,211.85,74,1695,9251,3,16
1784688537.264,real_q8_tensor_220w_mtp,3,100,12351,214.46,70,1665,9251,3,16
1784688537.850,real_q8_tensor_220w_mtp,0,100,12351,189.12,64,1740,9251,3,16
1784688537.850,real_q8_tensor_220w_mtp,1,100,12351,197.59,70,1665,9251,3,16
1784688537.850,real_q8_tensor_220w_mtp,2,100,12351,190.94,73,1740,9251,3,16
1784688537.850,real_q8_tensor_220w_mtp,3,100,12351,196.10,69,1665,9251,3,16
1784688538.422,real_q8_tensor_220w_mtp,0,100,12351,189.40,65,1725,9251,3,16
1784688538.422,real_q8_tensor_220w_mtp,1,100,12351,200.90,70,1695,9251,3,16
1784688538.422,real_q8_tensor_220w_mtp,2,100,12351,194.83,74,1695,9251,3,16
1784688538.422,real_q8_tensor_220w_mtp,3,100,12351,196.02,70,1680,9251,3,16
1784688538.991,real_q8_tensor_220w_mtp,0,100,12351,211.37,65,1710,9251,3,16
1784688538.991,real_q8_tensor_220w_mtp,1,100,12351,213.61,70,1635,9251,3,16
1784688538.991,real_q8_tensor_220w_mtp,2,100,12351,211.45,74,1695,9251,3,16
1784688538.991,real_q8_tensor_220w_mtp,3,100,12351,214.02,70,1665,9251,3,16
1784688539.561,real_q8_tensor_220w_mtp,0,100,12351,211.83,65,1725,9251,3,16
1784688539.561,real_q8_tensor_220w_mtp,1,100,12351,214.21,70,1620,9251,3,16
1784688539.561,real_q8_tensor_220w_mtp,2,100,12351,211.29,74,1665,9251,3,16
1784688539.561,real_q8_tensor_220w_mtp,3,100,12351,213.88,70,1665,9251,3,16
1784688540.132,real_q8_tensor_220w_mtp,0,100,12351,188.66,64,1800,9251,3,16
1784688540.132,real_q8_tensor_220w_mtp,1,100,12351,197.01,70,1620,9251,3,16
1784688540.132,real_q8_tensor_220w_mtp,2,100,12351,190.72,73,1665,9251,3,16
1784688540.132,real_q8_tensor_220w_mtp,3,100,12351,196.42,69,1680,9251,3,16
1784688540.727,real_q8_tensor_220w_mtp,0,100,12351,193.59,65,1725,9251,3,16
1784688540.727,real_q8_tensor_220w_mtp,1,100,12351,196.48,70,1620,9251,3,16
1784688540.727,real_q8_tensor_220w_mtp,2,100,12351,190.19,74,1680,9251,3,16
1784688540.727,real_q8_tensor_220w_mtp,3,100,12351,201.33,70,1650,9251,3,16
1784688541.323,real_q8_tensor_220w_mtp,0,100,12351,210.81,65,1785,9251,3,16
1784688541.323,real_q8_tensor_220w_mtp,1,100,12351,213.36,70,1695,9251,3,16
1784688541.323,real_q8_tensor_220w_mtp,2,100,12351,211.16,74,1740,9251,3,16
1784688541.323,real_q8_tensor_220w_mtp,3,100,12351,214.28,70,1725,9251,3,16
1784688541.914,real_q8_tensor_220w_mtp,0,100,12351,210.35,65,1725,9251,3,16
1784688541.914,real_q8_tensor_220w_mtp,1,100,12351,213.32,70,1620,9251,3,16
1784688541.914,real_q8_tensor_220w_mtp,2,100,12351,210.90,74,1695,9251,3,16
1784688541.914,real_q8_tensor_220w_mtp,3,100,12351,213.80,70,1650,9251,3,16
1784688542.485,real_q8_tensor_220w_mtp,0,100,12351,188.37,64,1710,9251,3,16
1784688542.485,real_q8_tensor_220w_mtp,1,100,12351,196.22,69,1620,9251,3,16
1784688542.485,real_q8_tensor_220w_mtp,2,100,12351,191.71,73,1665,9251,3,16
1784688542.485,real_q8_tensor_220w_mtp,3,100,12351,196.72,69,1650,9251,3,16
1784688543.054,real_q8_tensor_220w_mtp,0,100,12351,188.43,65,1740,9251,3,16
1784688543.054,real_q8_tensor_220w_mtp,1,100,12351,195.62,70,1710,9251,3,16
1784688543.054,real_q8_tensor_220w_mtp,2,100,12351,190.79,74,1740,9251,3,16
1784688543.054,real_q8_tensor_220w_mtp,3,77,12351,195.69,69,1710,9251,3,16
1784688543.628,real_q8_tensor_220w_mtp,0,100,12351,210.92,65,1725,9251,3,16
1784688543.628,real_q8_tensor_220w_mtp,1,100,12351,212.71,70,1620,9251,3,16
1784688543.628,real_q8_tensor_220w_mtp,2,100,12351,211.17,74,1665,9251,3,16
1784688543.628,real_q8_tensor_220w_mtp,3,100,12351,213.60,70,1650,9251,3,16
1784688544.198,real_q8_tensor_220w_mtp,0,100,12351,211.48,65,1725,9251,3,16
1784688544.198,real_q8_tensor_220w_mtp,1,100,12351,212.55,70,1680,9251,3,16
1784688544.198,real_q8_tensor_220w_mtp,2,100,12351,210.96,74,1695,9251,3,16
1784688544.198,real_q8_tensor_220w_mtp,3,100,12351,213.32,70,1665,9251,3,16
1784688544.790,real_q8_tensor_220w_mtp,0,100,12351,187.37,64,1785,9251,3,16
1784688544.790,real_q8_tensor_220w_mtp,1,100,12351,195.54,68,1650,9251,3,16
1784688544.790,real_q8_tensor_220w_mtp,2,100,12351,190.80,71,1650,9251,3,16
1784688544.790,real_q8_tensor_220w_mtp,3,37,12351,195.46,69,1725,9251,3,16
1784688545.383,real_q8_tensor_220w_mtp,0,100,12351,188.11,65,1725,9251,3,16
1784688545.383,real_q8_tensor_220w_mtp,1,67,12351,195.42,70,1665,9251,3,16
1784688545.383,real_q8_tensor_220w_mtp,2,69,12351,191.43,73,1680,9251,3,16
1784688545.383,real_q8_tensor_220w_mtp,3,77,12351,196.43,70,1650,9251,3,16
1784688545.955,real_q8_tensor_220w_mtp,0,100,12351,209.54,65,1785,9251,3,16
1784688545.955,real_q8_tensor_220w_mtp,1,67,12351,212.42,70,1650,9251,3,16
1784688545.955,real_q8_tensor_220w_mtp,2,69,12351,211.88,74,1665,9251,3,16
1784688545.955,real_q8_tensor_220w_mtp,3,100,12351,213.72,70,1725,9251,3,16
1784688546.524,real_q8_tensor_220w_mtp,0,100,12351,210.78,65,1710,9251,3,16
1784688546.524,real_q8_tensor_220w_mtp,1,100,12351,212.77,70,1635,9251,3,16
1784688546.524,real_q8_tensor_220w_mtp,2,100,12351,212.32,74,1665,9251,3,16
1784688546.524,real_q8_tensor_220w_mtp,3,100,12351,213.71,70,1650,9251,3,16
1784688547.095,real_q8_tensor_220w_mtp,0,34,12351,194.70,63,1920,9251,3,16
1784688547.095,real_q8_tensor_220w_mtp,1,32,12351,200.57,69,1890,9251,3,16
1784688547.095,real_q8_tensor_220w_mtp,2,36,12351,191.44,72,1875,9251,3,16
1784688547.095,real_q8_tensor_220w_mtp,3,26,12351,199.57,68,1905,9251,3,16
1784688547.658,real_q8_tensor_220w_mtp,0,61,12351,186.64,64,1920,9251,3,16
1784688547.658,real_q8_tensor_220w_mtp,1,87,12351,196.51,69,1845,9251,3,16
1784688547.658,real_q8_tensor_220w_mtp,2,90,12351,192.71,73,1890,9251,3,16
1784688547.658,real_q8_tensor_220w_mtp,3,26,12351,193.31,70,1890,9251,3,16
1784688548.247,real_q8_tensor_220w_mtp,0,61,12351,211.48,65,1725,9251,3,16
1784688548.247,real_q8_tensor_220w_mtp,1,87,12351,211.93,70,1695,9251,3,16
1784688548.247,real_q8_tensor_220w_mtp,2,90,12351,210.28,74,1695,9251,3,16
1784688548.247,real_q8_tensor_220w_mtp,3,89,12351,214.73,70,1680,9251,3,16
1784688548.840,real_q8_tensor_220w_mtp,0,100,12351,210.05,65,1770,9251,3,16
1784688548.840,real_q8_tensor_220w_mtp,1,100,12351,211.38,70,1695,9251,3,16
1784688548.840,real_q8_tensor_220w_mtp,2,100,12351,210.29,74,1740,9251,3,16
1784688548.840,real_q8_tensor_220w_mtp,3,89,12351,213.44,70,1725,9251,3,16
1784688549.435,real_q8_tensor_220w_mtp,0,100,12351,201.37,63,1905,9251,3,16
1784688549.435,real_q8_tensor_220w_mtp,1,100,12351,200.06,68,1800,9251,3,16
1784688549.435,real_q8_tensor_220w_mtp,2,100,12351,199.18,72,1845,9251,3,16
1784688549.435,real_q8_tensor_220w_mtp,3,28,12351,203.40,69,1890,9251,3,16
1784688549.998,real_q8_tensor_220w_mtp,0,100,12351,191.12,65,1785,9251,3,16
1784688549.998,real_q8_tensor_220w_mtp,1,100,12351,194.71,70,1605,9251,3,16
1784688549.998,real_q8_tensor_220w_mtp,2,100,12351,193.85,74,1695,9251,3,16
1784688549.998,real_q8_tensor_220w_mtp,3,28,12351,198.46,70,1665,9251,3,16
1784688550.583,real_q8_tensor_220w_mtp,0,100,12351,204.25,65,1860,9251,3,16
1784688550.583,real_q8_tensor_220w_mtp,1,100,12351,206.03,70,1830,9251,3,16
1784688550.583,real_q8_tensor_220w_mtp,2,100,12351,205.95,74,1845,9251,3,16
1784688550.583,real_q8_tensor_220w_mtp,3,78,12351,209.46,69,1845,9251,3,16
1784688551.149,real_q8_tensor_220w_mtp,0,52,12351,207.90,65,1695,9251,3,16
1784688551.149,real_q8_tensor_220w_mtp,1,57,12351,207.66,69,1560,9251,3,16
1784688551.149,real_q8_tensor_220w_mtp,2,64,12351,207.51,72,1875,9251,3,16
1784688551.149,real_q8_tensor_220w_mtp,3,78,12351,214.17,70,1605,9251,3,16
1784688551.717,real_q8_tensor_220w_mtp,0,52,12351,203.80,63,1875,9251,3,16
1784688551.717,real_q8_tensor_220w_mtp,1,57,12351,209.81,69,1860,9251,3,16
1784688551.717,real_q8_tensor_220w_mtp,2,64,12351,207.91,73,1770,9251,3,16
1784688551.717,real_q8_tensor_220w_mtp,3,24,12351,208.40,68,1845,9251,3,16
1784688552.276,real_q8_tensor_220w_mtp,0,100,12351,189.45,65,1725,9251,3,16
1784688552.276,real_q8_tensor_220w_mtp,1,100,12351,196.92,70,1620,9251,3,16
1784688552.276,real_q8_tensor_220w_mtp,2,100,12351,192.56,73,1650,9251,3,16
1784688552.276,real_q8_tensor_220w_mtp,3,24,12351,198.02,69,1620,9251,3,16
1784688552.870,real_q8_tensor_220w_mtp,0,100,12351,196.49,65,1755,9251,3,16
1784688552.870,real_q8_tensor_220w_mtp,1,100,12351,201.73,70,1620,9251,3,16
1784688552.870,real_q8_tensor_220w_mtp,2,100,12351,204.07,74,1650,9251,3,16
1784688552.870,real_q8_tensor_220w_mtp,3,100,12351,205.01,70,1635,9251,3,16
1784688553.461,real_q8_tensor_220w_mtp,0,100,12351,208.89,65,1695,9251,3,16
1784688553.461,real_q8_tensor_220w_mtp,1,100,12351,212.57,70,1590,9251,3,16
1784688553.461,real_q8_tensor_220w_mtp,2,100,12351,210.66,74,1635,9251,3,16
1784688553.461,real_q8_tensor_220w_mtp,3,100,12351,213.13,70,1635,9251,3,16
1784688554.031,real_q8_tensor_220w_mtp,0,100,12351,209.20,65,1725,9251,3,16
1784688554.031,real_q8_tensor_220w_mtp,1,100,12351,212.73,70,1590,9251,3,16
1784688554.031,real_q8_tensor_220w_mtp,2,100,12351,210.15,74,1665,9251,3,16
1784688554.031,real_q8_tensor_220w_mtp,3,100,12351,211.80,70,1620,9251,3,16
1784688554.592,real_q8_tensor_220w_mtp,0,98,12351,185.71,64,1740,9251,3,16
1784688554.592,real_q8_tensor_220w_mtp,1,100,12351,193.60,69,1695,9251,3,16
1784688554.592,real_q8_tensor_220w_mtp,2,100,12351,187.52,73,1740,9251,3,16
1784688554.592,real_q8_tensor_220w_mtp,3,61,12351,193.44,69,1710,9251,3,16
1784688555.187,real_q8_tensor_220w_mtp,0,75,12351,187.12,65,1710,9251,3,16
1784688555.187,real_q8_tensor_220w_mtp,1,75,12351,200.41,70,1605,9251,3,16
1784688555.187,real_q8_tensor_220w_mtp,2,100,12351,195.40,73,1650,9251,3,16
1784688555.187,real_q8_tensor_220w_mtp,3,100,12351,195.76,70,1635,9251,3,16
1784688555.787,real_q8_tensor_220w_mtp,0,100,12351,209.01,65,1695,9251,3,16
1784688555.787,real_q8_tensor_220w_mtp,1,100,12351,212.34,70,1605,9251,3,16
1784688555.787,real_q8_tensor_220w_mtp,2,100,12351,209.10,74,1725,9251,3,16
1784688555.787,real_q8_tensor_220w_mtp,3,100,12351,212.89,70,1620,9251,3,16
1784688556.399,real_q8_tensor_220w_mtp,0,100,12351,208.63,65,1725,9251,3,16
1784688556.399,real_q8_tensor_220w_mtp,1,100,12351,212.73,70,1605,9251,3,16
1784688556.399,real_q8_tensor_220w_mtp,2,100,12351,210.07,74,1635,9251,3,16
1784688556.399,real_q8_tensor_220w_mtp,3,100,12351,212.05,70,1620,9251,3,16
1784688556.970,real_q8_tensor_220w_mtp,0,35,12351,186.23,64,1680,9251,3,16
1784688556.970,real_q8_tensor_220w_mtp,1,11,12351,192.04,68,1665,9251,3,16
1784688556.970,real_q8_tensor_220w_mtp,2,13,12351,188.14,71,1710,9251,3,16
1784688556.970,real_q8_tensor_220w_mtp,3,100,12351,193.02,69,1650,9251,3,16
1784688557.562,real_q8_tensor_220w_mtp,0,79,12351,185.48,65,1785,9251,3,16
1784688557.562,real_q8_tensor_220w_mtp,1,75,12351,192.78,70,1620,9251,3,16
1784688557.562,real_q8_tensor_220w_mtp,2,93,12351,188.26,73,1635,9251,3,16
1784688557.562,real_q8_tensor_220w_mtp,3,100,12351,193.11,70,1695,9251,3,16
1784688558.155,real_q8_tensor_220w_mtp,0,100,12351,208.52,65,1785,9251,3,16
1784688558.155,real_q8_tensor_220w_mtp,1,100,12351,210.93,70,1605,9251,3,16
1784688558.155,real_q8_tensor_220w_mtp,2,100,12351,209.55,74,1695,9251,3,16
1784688558.155,real_q8_tensor_220w_mtp,3,100,12351,211.85,70,1680,9251,3,16
1784688558.727,real_q8_tensor_220w_mtp,0,100,12351,208.70,65,1740,9251,3,16
1784688558.727,real_q8_tensor_220w_mtp,1,100,12351,211.72,70,1680,9251,3,16
1784688558.727,real_q8_tensor_220w_mtp,2,100,12351,210.19,74,1695,9251,3,16
1784688558.727,real_q8_tensor_220w_mtp,3,100,12351,212.48,70,1665,9251,3,16
1784688559.298,real_q8_tensor_220w_mtp,0,37,12351,197.01,63,1920,9251,3,16
1784688559.298,real_q8_tensor_220w_mtp,1,34,12351,201.14,69,1860,9251,3,16
1784688559.298,real_q8_tensor_220w_mtp,2,37,12351,196.85,72,1860,9251,3,16
1784688559.298,real_q8_tensor_220w_mtp,3,100,12351,201.27,68,1905,9251,3,16
1784688559.856,real_q8_tensor_220w_mtp,0,37,12351,188.60,65,1740,9251,3,16
1784688559.856,real_q8_tensor_220w_mtp,1,34,12351,194.99,70,1590,9251,3,16
1784688559.856,real_q8_tensor_220w_mtp,2,37,12351,192.43,73,1635,9251,3,16
1784688559.856,real_q8_tensor_220w_mtp,3,100,12351,197.36,70,1620,9251,3,16
1784688560.423,real_q8_tensor_220w_mtp,0,100,12351,201.18,65,1770,9251,3,16
1784688560.423,real_q8_tensor_220w_mtp,1,100,12351,209.66,70,1575,9251,3,16
1784688560.423,real_q8_tensor_220w_mtp,2,100,12351,206.32,74,1650,9251,3,16
1784688560.423,real_q8_tensor_220w_mtp,3,100,12351,208.29,70,1635,9251,3,16
1784688560.984,real_q8_tensor_220w_mtp,0,100,12351,209.36,65,1815,9251,3,16
1784688560.984,real_q8_tensor_220w_mtp,1,100,12351,212.26,70,1605,9251,3,16
1784688560.984,real_q8_tensor_220w_mtp,2,100,12351,209.16,74,1755,9251,3,16
1784688560.984,real_q8_tensor_220w_mtp,3,89,12351,211.41,69,1770,9251,3,16
1784688561.542,real_q8_tensor_220w_mtp,0,49,12351,205.52,65,1875,9251,3,16
1784688561.542,real_q8_tensor_220w_mtp,1,69,12351,208.68,69,1860,9251,3,16
1784688561.542,real_q8_tensor_220w_mtp,2,76,12351,207.77,73,1845,9251,3,16
1784688561.542,real_q8_tensor_220w_mtp,3,100,12351,209.92,70,1860,9251,3,16
1784688562.102,real_q8_tensor_220w_mtp,0,70,12351,183.67,64,1710,9251,3,16
1784688562.102,real_q8_tensor_220w_mtp,1,100,12351,197.16,70,1590,9251,3,16
1784688562.102,real_q8_tensor_220w_mtp,2,76,12351,191.90,73,1725,9251,3,16
1784688562.102,real_q8_tensor_220w_mtp,3,100,12351,194.20,69,1605,9251,3,16
1784688562.694,real_q8_tensor_220w_mtp,0,100,12351,189.90,65,1680,9251,3,16
1784688562.694,real_q8_tensor_220w_mtp,1,100,12351,194.37,70,1575,9251,3,16
1784688562.694,real_q8_tensor_220w_mtp,2,100,12351,194.72,74,1620,9251,3,16
1784688562.694,real_q8_tensor_220w_mtp,3,100,12351,199.42,70,1590,9251,3,16
1784688563.264,real_q8_tensor_220w_mtp,0,100,12351,208.18,65,1740,9251,3,16
1784688563.264,real_q8_tensor_220w_mtp,1,100,12351,210.72,70,1680,9251,3,16
1784688563.264,real_q8_tensor_220w_mtp,2,100,12351,209.29,74,1650,9251,3,16
1784688563.264,real_q8_tensor_220w_mtp,3,100,12351,211.89,70,1680,9251,3,16
1784688563.835,real_q8_tensor_220w_mtp,0,100,12351,208.57,65,1695,9251,3,16
1784688563.835,real_q8_tensor_220w_mtp,1,100,12351,210.47,70,1605,9251,3,16
1784688563.835,real_q8_tensor_220w_mtp,2,100,12351,208.84,74,1635,9251,3,16
1784688563.835,real_q8_tensor_220w_mtp,3,100,12351,211.06,70,1605,9251,3,16
1784688564.406,real_q8_tensor_220w_mtp,0,100,12351,192.59,63,1920,9251,3,16
1784688564.406,real_q8_tensor_220w_mtp,1,23,12351,191.32,69,1890,9251,3,16
1784688564.406,real_q8_tensor_220w_mtp,2,100,12351,186.59,71,1875,9251,3,16
1784688564.406,real_q8_tensor_220w_mtp,3,24,12351,195.45,68,1920,9251,3,16
1784688564.966,real_q8_tensor_220w_mtp,0,85,12351,186.32,64,1890,9251,3,16
1784688564.966,real_q8_tensor_220w_mtp,1,23,12351,195.04,69,1830,9251,3,16
1784688564.966,real_q8_tensor_220w_mtp,2,100,12351,189.51,74,1830,9251,3,16
1784688564.966,real_q8_tensor_220w_mtp,3,24,12351,191.68,70,1890,9251,3,16
1784688565.529,real_q8_tensor_220w_mtp,0,85,12351,205.15,65,1905,9251,3,16
1784688565.529,real_q8_tensor_220w_mtp,1,57,12351,210.23,69,1890,9251,3,16
1784688565.529,real_q8_tensor_220w_mtp,2,100,12351,207.92,72,1860,9251,3,16
1784688565.529,real_q8_tensor_220w_mtp,3,98,12351,210.93,69,1905,9251,3,16
1784688566.098,real_q8_tensor_220w_mtp,0,66,12351,206.84,63,1815,9251,3,16
1784688566.098,real_q8_tensor_220w_mtp,1,89,12351,212.29,70,1545,9251,3,16
1784688566.098,real_q8_tensor_220w_mtp,2,97,12351,208.89,73,1635,9251,3,16
1784688566.098,real_q8_tensor_220w_mtp,3,51,12351,209.63,69,1590,9251,3,16
1784688566.667,real_q8_tensor_220w_mtp,0,66,12351,206.43,64,1905,9251,3,16
1784688566.667,real_q8_tensor_220w_mtp,1,89,12351,210.92,69,1785,9251,3,16
1784688566.667,real_q8_tensor_220w_mtp,2,37,12351,207.13,72,1725,9251,3,16
1784688566.667,real_q8_tensor_220w_mtp,3,51,12351,207.18,68,1815,9251,3,16
1784688567.229,real_q8_tensor_220w_mtp,0,100,12351,188.22,65,1695,9251,3,16
1784688567.229,real_q8_tensor_220w_mtp,1,100,12351,193.64,70,1560,9251,3,16
1784688567.229,real_q8_tensor_220w_mtp,2,37,12351,190.15,73,1710,9251,3,16
1784688567.229,real_q8_tensor_220w_mtp,3,100,12351,196.49,69,1590,9251,3,16
1784688567.797,real_q8_tensor_220w_mtp,0,100,12351,191.04,65,1770,9251,3,16
1784688567.797,real_q8_tensor_220w_mtp,1,100,12351,200.44,70,1620,9251,3,16
1784688567.797,real_q8_tensor_220w_mtp,2,100,12351,198.24,74,1710,9251,3,16
1784688567.797,real_q8_tensor_220w_mtp,3,100,12351,198.36,70,1695,9251,3,16
1784688568.367,real_q8_tensor_220w_mtp,0,100,12351,208.38,65,1740,9251,3,16
1784688568.367,real_q8_tensor_220w_mtp,1,100,12351,210.59,70,1680,9251,3,16
1784688568.367,real_q8_tensor_220w_mtp,2,100,12351,209.97,73,1740,9251,3,16
1784688568.367,real_q8_tensor_220w_mtp,3,100,12351,211.52,70,1695,9251,3,16
1784688568.963,real_q8_tensor_220w_mtp,0,100,12351,208.69,65,1755,9251,3,16
1784688568.963,real_q8_tensor_220w_mtp,1,100,12351,210.82,70,1590,9251,3,16
1784688568.963,real_q8_tensor_220w_mtp,2,100,12351,209.02,74,1650,9251,3,16
1784688568.963,real_q8_tensor_220w_mtp,3,100,12351,211.73,70,1680,9251,3,16
1784688569.534,real_q8_tensor_220w_mtp,0,12,12351,181.42,63,1920,9251,3,16
1784688569.534,real_q8_tensor_220w_mtp,1,24,12351,191.11,68,1905,9251,3,16
1784688569.534,real_q8_tensor_220w_mtp,2,31,12351,188.06,71,1890,9251,3,16
1784688569.534,real_q8_tensor_220w_mtp,3,24,12351,190.24,68,1920,9251,3,16
1784688570.122,real_q8_tensor_220w_mtp,0,12,12351,185.45,64,1650,9251,3,16
1784688570.122,real_q8_tensor_220w_mtp,1,24,12351,188.09,70,1560,9251,3,16
1784688570.122,real_q8_tensor_220w_mtp,2,47,12351,183.82,73,1875,9251,3,16
1784688570.122,real_q8_tensor_220w_mtp,3,24,12351,192.87,69,1590,9251,3,16
1784688570.691,real_q8_tensor_220w_mtp,0,49,12351,207.19,64,1680,9251,3,16
1784688570.691,real_q8_tensor_220w_mtp,1,70,12351,210.27,69,1620,9251,3,16
1784688570.691,real_q8_tensor_220w_mtp,2,47,12351,208.70,74,1635,9251,3,16
1784688570.691,real_q8_tensor_220w_mtp,3,47,12351,211.07,69,1605,9251,3,16
1784688571.287,real_q8_tensor_220w_mtp,0,49,12351,208.90,65,1680,9251,3,16
1784688571.287,real_q8_tensor_220w_mtp,1,70,12351,210.44,70,1575,9251,3,16
1784688571.287,real_q8_tensor_220w_mtp,2,100,12351,209.50,73,1650,9251,3,16
1784688571.287,real_q8_tensor_220w_mtp,3,47,12351,210.99,69,1620,9251,3,16
1784688571.879,real_q8_tensor_220w_mtp,0,26,12351,199.84,64,1770,9251,3,16
1784688571.879,real_q8_tensor_220w_mtp,1,28,12351,206.08,69,1875,9251,3,16
1784688571.879,real_q8_tensor_220w_mtp,2,100,12351,203.81,72,1785,9251,3,16
1784688571.879,real_q8_tensor_220w_mtp,3,46,12351,205.14,69,1725,9251,3,16
1784688572.439,real_q8_tensor_220w_mtp,0,26,12351,185.60,65,1695,9251,3,16
1784688572.439,real_q8_tensor_220w_mtp,1,28,12351,193.65,70,1575,9251,3,16
1784688572.439,real_q8_tensor_220w_mtp,2,100,12351,188.93,74,1665,9251,3,16
1784688572.439,real_q8_tensor_220w_mtp,3,46,12351,194.79,70,1620,9251,3,16
1784688573.034,real_q8_tensor_220w_mtp,0,100,12351,198.28,65,1680,9251,3,16
1784688573.034,real_q8_tensor_220w_mtp,1,100,12351,203.59,70,1650,9251,3,16
1784688573.034,real_q8_tensor_220w_mtp,2,100,12351,200.16,74,1665,9251,3,16
1784688573.034,real_q8_tensor_220w_mtp,3,100,12351,206.11,69,1620,9251,3,16
1784688573.605,real_q8_tensor_220w_mtp,0,100,12351,207.49,65,1695,9251,3,16
1784688573.605,real_q8_tensor_220w_mtp,1,100,12351,210.87,70,1635,9251,3,16
1784688573.605,real_q8_tensor_220w_mtp,2,100,12351,209.04,74,1710,9251,3,16
1784688573.605,real_q8_tensor_220w_mtp,3,100,12351,210.85,70,1590,9251,3,16
1784688574.176,real_q8_tensor_220w_mtp,0,100,12351,207.33,65,1740,9251,3,16
1784688574.176,real_q8_tensor_220w_mtp,1,100,12351,210.11,70,1665,9251,3,16
1784688574.176,real_q8_tensor_220w_mtp,2,100,12351,208.82,74,1725,9251,3,16
1784688574.176,real_q8_tensor_220w_mtp,3,100,12351,210.64,70,1590,9251,3,16
1784688574.746,real_q8_tensor_220w_mtp,0,100,12351,180.00,63,1920,9251,3,16
1784688574.746,real_q8_tensor_220w_mtp,1,100,12351,190.08,68,1860,9251,3,16
1784688574.746,real_q8_tensor_220w_mtp,2,20,12351,184.77,71,1890,9251,3,16
1784688574.746,real_q8_tensor_220w_mtp,3,100,12351,189.66,67,1920,9251,3,16
1784688575.313,real_q8_tensor_220w_mtp,0,88,12351,183.80,64,1905,9251,3,16
1784688575.313,real_q8_tensor_220w_mtp,1,48,12351,189.28,70,1890,9251,3,16
1784688575.313,real_q8_tensor_220w_mtp,2,20,12351,183.15,73,1740,9251,3,16
1784688575.313,real_q8_tensor_220w_mtp,3,62,12351,191.36,68,1740,9251,3,16
1784688575.881,real_q8_tensor_220w_mtp,0,73,12351,207.57,63,1665,9251,3,16
1784688575.881,real_q8_tensor_220w_mtp,1,73,12351,210.52,69,1620,9251,3,16
1784688575.881,real_q8_tensor_220w_mtp,2,72,12351,208.71,72,1695,9251,3,16
1784688575.881,real_q8_tensor_220w_mtp,3,100,12351,209.95,69,1620,9251,3,16
1784688576.479,real_q8_tensor_220w_mtp,0,51,12351,207.03,65,1755,9251,3,16
1784688576.479,real_q8_tensor_220w_mtp,1,100,12351,210.78,71,1590,9251,3,16
1784688576.479,real_q8_tensor_220w_mtp,2,72,12351,207.76,73,1620,9251,3,16
1784688576.479,real_q8_tensor_220w_mtp,3,76,12351,210.95,70,1665,9251,3,16
1784688577.075,real_q8_tensor_220w_mtp,0,40,12351,200.49,63,1815,9251,3,16
1784688577.075,real_q8_tensor_220w_mtp,1,29,12351,202.41,69,1875,9251,3,16
1784688577.075,real_q8_tensor_220w_mtp,2,28,12351,199.28,72,1890,9251,3,16
1784688577.075,real_q8_tensor_220w_mtp,3,64,12351,202.50,69,1890,9251,3,16
1784688577.684,real_q8_tensor_220w_mtp,0,100,12351,180.33,64,1695,9251,3,16
1784688577.684,real_q8_tensor_220w_mtp,1,100,12351,193.43,70,1575,9251,3,16
1784688577.684,real_q8_tensor_220w_mtp,2,28,12351,189.72,73,1620,9251,3,16
1784688577.684,real_q8_tensor_220w_mtp,3,100,12351,195.67,70,1590,9251,3,16
1784688578.256,real_q8_tensor_220w_mtp,0,100,12351,195.63,65,1770,9251,3,16
1784688578.256,real_q8_tensor_220w_mtp,1,100,12351,201.98,70,1575,9251,3,16
1784688578.256,real_q8_tensor_220w_mtp,2,100,12351,199.32,73,1620,9251,3,16
1784688578.256,real_q8_tensor_220w_mtp,3,100,12351,205.21,70,1680,9251,3,16
1784688578.827,real_q8_tensor_220w_mtp,0,100,12351,207.37,65,1755,9251,3,16
1784688578.827,real_q8_tensor_220w_mtp,1,100,12351,210.84,70,1560,9251,3,16
1784688578.827,real_q8_tensor_220w_mtp,2,100,12351,208.71,74,1635,9251,3,16
1784688578.827,real_q8_tensor_220w_mtp,3,100,12351,210.79,70,1635,9251,3,16
1784688579.397,real_q8_tensor_220w_mtp,0,100,12351,207.34,65,1740,9251,3,16
1784688579.397,real_q8_tensor_220w_mtp,1,100,12351,210.38,70,1560,9251,3,16
1784688579.397,real_q8_tensor_220w_mtp,2,100,12351,207.35,74,1620,9251,3,16
1784688579.397,real_q8_tensor_220w_mtp,3,100,12351,210.84,70,1695,9251,3,16
1784688579.966,real_q8_tensor_220w_mtp,0,27,12351,184.38,62,1920,9251,3,16
1784688579.966,real_q8_tensor_220w_mtp,1,24,12351,191.90,68,1905,9251,3,16
1784688579.966,real_q8_tensor_220w_mtp,2,100,12351,188.05,71,1890,9251,3,16
1784688579.966,real_q8_tensor_220w_mtp,3,8,12351,188.98,67,1920,9251,3,16
1784688580.528,real_q8_tensor_220w_mtp,0,27,12351,180.35,65,1890,9251,3,16
1784688580.528,real_q8_tensor_220w_mtp,1,91,12351,189.10,69,1890,9251,3,16
1784688580.528,real_q8_tensor_220w_mtp,2,77,12351,185.07,72,1875,9251,3,16
1784688580.528,real_q8_tensor_220w_mtp,3,73,12351,187.22,70,1890,9251,3,16
1784688581.123,real_q8_tensor_220w_mtp,0,99,12351,209.43,64,1905,9251,3,16
1784688581.123,real_q8_tensor_220w_mtp,1,46,12351,208.84,69,1620,9251,3,16
1784688581.123,real_q8_tensor_220w_mtp,2,77,12351,208.82,72,1875,9251,3,16
1784688581.123,real_q8_tensor_220w_mtp,3,82,12351,212.94,69,1815,9251,3,16
1784688581.694,real_q8_tensor_220w_mtp,0,70,12351,208.74,63,1905,9251,3,16
1784688581.694,real_q8_tensor_220w_mtp,1,46,12351,209.81,69,1665,9251,3,16
1784688581.694,real_q8_tensor_220w_mtp,2,48,12351,208.14,73,1860,9251,3,16
1784688581.694,real_q8_tensor_220w_mtp,3,82,12351,211.62,68,1860,9251,3,16
1784688582.263,real_q8_tensor_220w_mtp,0,70,12351,204.33,63,1920,9251,3,16
1784688582.263,real_q8_tensor_220w_mtp,1,51,12351,211.33,69,1890,9251,3,16
1784688582.263,real_q8_tensor_220w_mtp,2,48,12351,209.57,72,1875,9251,3,16
1784688582.263,real_q8_tensor_220w_mtp,3,13,12351,206.52,69,1920,9251,3,16
1784688582.822,real_q8_tensor_220w_mtp,0,100,12351,184.12,64,1770,9251,3,16
1784688582.822,real_q8_tensor_220w_mtp,1,51,12351,187.85,70,1605,9251,3,16
1784688582.822,real_q8_tensor_220w_mtp,2,100,12351,185.58,73,1605,9251,3,16
1784688582.822,real_q8_tensor_220w_mtp,3,13,12351,192.02,69,1680,9251,3,16
1784688583.414,real_q8_tensor_220w_mtp,0,100,12351,186.57,64,1740,9251,3,16
1784688583.414,real_q8_tensor_220w_mtp,1,100,12351,192.46,70,1665,9251,3,16
1784688583.414,real_q8_tensor_220w_mtp,2,100,12351,191.26,74,1725,9251,3,16
1784688583.414,real_q8_tensor_220w_mtp,3,100,12351,195.90,69,1575,9251,3,16
1784688583.983,real_q8_tensor_220w_mtp,0,100,12351,207.18,65,1665,9251,3,16
1784688583.983,real_q8_tensor_220w_mtp,1,100,12351,209.63,70,1650,9251,3,16
1784688583.983,real_q8_tensor_220w_mtp,2,100,12351,207.90,73,1680,9251,3,16
1784688583.983,real_q8_tensor_220w_mtp,3,100,12351,209.93,70,1650,9251,3,16
1784688584.598,real_q8_tensor_220w_mtp,0,73,12351,206.91,65,1755,9251,3,16
1784688584.598,real_q8_tensor_220w_mtp,1,100,12351,210.09,70,1560,9251,3,16
1784688584.598,real_q8_tensor_220w_mtp,2,100,12351,207.41,73,1620,9251,3,16
1784688584.598,real_q8_tensor_220w_mtp,3,100,12351,209.95,70,1605,9251,3,16
1784688585.172,real_q8_tensor_220w_mtp,0,39,12351,191.61,63,1920,9251,3,16
1784688585.172,real_q8_tensor_220w_mtp,1,100,12351,199.33,68,1875,9251,3,16
1784688585.172,real_q8_tensor_220w_mtp,2,35,12351,194.75,72,1890,9251,3,16
1784688585.172,real_q8_tensor_220w_mtp,3,100,12351,195.12,68,1905,9251,3,16
1784688585.734,real_q8_tensor_220w_mtp,0,39,12351,184.79,65,1650,9251,3,16
1784688585.734,real_q8_tensor_220w_mtp,1,100,12351,190.63,70,1575,9251,3,16
1784688585.734,real_q8_tensor_220w_mtp,2,35,12351,187.28,73,1620,9251,3,16
1784688585.734,real_q8_tensor_220w_mtp,3,100,12351,192.81,69,1590,9251,3,16
1784688586.303,real_q8_tensor_220w_mtp,0,100,12351,206.00,65,1650,9251,3,16
1784688586.303,real_q8_tensor_220w_mtp,1,100,12351,207.10,70,1620,9251,3,16
1784688586.303,real_q8_tensor_220w_mtp,2,100,12351,204.36,73,1620,9251,3,16
1784688586.303,real_q8_tensor_220w_mtp,3,100,12351,212.11,70,1575,9251,3,16
1784688586.903,real_q8_tensor_220w_mtp,0,100,12351,208.57,65,1710,9251,3,16
1784688586.903,real_q8_tensor_220w_mtp,1,100,12351,209.67,70,1530,9251,3,16
1784688586.903,real_q8_tensor_220w_mtp,2,100,12351,207.78,73,1590,9251,3,16
1784688586.903,real_q8_tensor_220w_mtp,3,92,12351,213.92,70,1575,9251,3,16
1784688587.510,real_q8_tensor_220w_mtp,0,100,12351,210.53,65,1680,9251,3,16
1784688587.510,real_q8_tensor_220w_mtp,1,100,12351,212.38,70,1695,9251,3,16
1784688587.510,real_q8_tensor_220w_mtp,2,100,12351,208.95,74,1710,9251,3,16
1784688587.510,real_q8_tensor_220w_mtp,3,92,12351,212.83,70,1680,9251,3,16
1784688588.092,real_q8_tensor_220w_mtp,0,25,12351,176.20,64,1755,9251,3,16
1784688588.092,real_q8_tensor_220w_mtp,1,90,12351,193.31,68,1560,9251,3,16
1784688588.092,real_q8_tensor_220w_mtp,2,20,12351,185.07,70,1605,9251,3,16
1784688588.092,real_q8_tensor_220w_mtp,3,51,12351,187.51,68,1620,9251,3,16
1784688588.666,real_q8_tensor_220w_mtp,0,52,12351,178.43,64,1650,9251,3,16
1784688588.666,real_q8_tensor_220w_mtp,1,90,12351,195.03,70,1545,9251,3,16
1784688588.666,real_q8_tensor_220w_mtp,2,100,12351,187.36,73,1590,9251,3,16
1784688588.666,real_q8_tensor_220w_mtp,3,51,12351,190.65,69,1575,9251,3,16
1784688589.259,real_q8_tensor_220w_mtp,0,52,12351,205.27,65,1680,9251,3,16
1784688589.259,real_q8_tensor_220w_mtp,1,59,12351,208.82,70,1665,9251,3,16
1784688589.259,real_q8_tensor_220w_mtp,2,100,12351,206.58,73,1650,9251,3,16
1784688589.259,real_q8_tensor_220w_mtp,3,97,12351,210.03,69,1650,9251,3,16
1784688589.830,real_q8_tensor_220w_mtp,0,100,12351,205.51,64,1755,9251,3,16
1784688589.830,real_q8_tensor_220w_mtp,1,59,12351,209.37,70,1590,9251,3,16
1784688589.830,real_q8_tensor_220w_mtp,2,72,12351,207.15,73,1680,9251,3,16
1784688589.830,real_q8_tensor_220w_mtp,3,97,12351,209.42,69,1605,9251,3,16
1784688590.424,real_q8_tensor_220w_mtp,0,100,12351,201.32,63,1905,9251,3,16
1784688590.424,real_q8_tensor_220w_mtp,1,32,12351,202.39,68,1890,9251,3,16
1784688590.424,real_q8_tensor_220w_mtp,2,72,12351,200.70,71,1890,9251,3,16
1784688590.424,real_q8_tensor_220w_mtp,3,27,12351,206.36,68,1920,9251,3,16
1784688590.986,real_q8_tensor_220w_mtp,0,100,12351,182.35,64,1650,9251,3,16
1784688590.986,real_q8_tensor_220w_mtp,1,32,12351,190.65,70,1545,9251,3,16
1784688590.986,real_q8_tensor_220w_mtp,2,100,12351,185.60,73,1590,9251,3,16
1784688590.986,real_q8_tensor_220w_mtp,3,27,12351,191.49,69,1560,9251,3,16
1784688591.555,real_q8_tensor_220w_mtp,0,73,12351,190.53,65,1650,9251,3,16
1784688591.555,real_q8_tensor_220w_mtp,1,100,12351,198.33,70,1635,9251,3,16
1784688591.555,real_q8_tensor_220w_mtp,2,72,12351,192.44,73,1710,9251,3,16
1784688591.555,real_q8_tensor_220w_mtp,3,100,12351,198.71,70,1605,9251,3,16
1784688592.129,real_q8_tensor_220w_mtp,0,100,12351,205.95,65,1755,9251,3,16
1784688592.129,real_q8_tensor_220w_mtp,1,100,12351,209.86,70,1560,9251,3,16
1784688592.129,real_q8_tensor_220w_mtp,2,100,12351,207.39,73,1635,9251,3,16
1784688592.129,real_q8_tensor_220w_mtp,3,100,12351,208.79,69,1620,9251,3,16
1784688592.697,real_q8_tensor_220w_mtp,0,100,12351,206.18,65,1725,9251,3,16
1784688592.697,real_q8_tensor_220w_mtp,1,100,12351,209.56,70,1650,9251,3,16
1784688592.697,real_q8_tensor_220w_mtp,2,100,12351,206.39,73,1620,9251,3,16
1784688592.697,real_q8_tensor_220w_mtp,3,100,12351,208.37,69,1665,9251,3,16
1784688593.291,real_q8_tensor_220w_mtp,0,30,12351,190.79,64,1905,9251,3,16
1784688593.291,real_q8_tensor_220w_mtp,1,100,12351,192.68,68,1815,9251,3,16
1784688593.291,real_q8_tensor_220w_mtp,2,28,12351,189.36,71,1875,9251,3,16
1784688593.291,real_q8_tensor_220w_mtp,3,100,12351,197.56,69,1905,9251,3,16
1784688593.879,real_q8_tensor_220w_mtp,0,30,12351,181.01,65,1650,9251,3,16
1784688593.879,real_q8_tensor_220w_mtp,1,100,12351,185.87,70,1545,9251,3,16
1784688593.879,real_q8_tensor_220w_mtp,2,28,12351,183.74,73,1695,9251,3,16
1784688593.879,real_q8_tensor_220w_mtp,3,100,12351,190.17,69,1560,9251,3,16
1784688594.450,real_q8_tensor_220w_mtp,0,100,12351,199.91,65,1740,9251,3,16
1784688594.450,real_q8_tensor_220w_mtp,1,100,12351,202.72,70,1650,9251,3,16
1784688594.450,real_q8_tensor_220w_mtp,2,100,12351,201.82,73,1710,9251,3,16
1784688594.450,real_q8_tensor_220w_mtp,3,100,12351,206.18,70,1575,9251,3,16
1784688595.019,real_q8_tensor_220w_mtp,0,100,12351,205.29,65,1650,9251,3,16
1784688595.019,real_q8_tensor_220w_mtp,1,100,12351,209.19,70,1620,9251,3,16
1784688595.019,real_q8_tensor_220w_mtp,2,100,12351,208.57,74,1605,9251,3,16
1784688595.019,real_q8_tensor_220w_mtp,3,100,12351,208.80,70,1575,9251,3,16
1784688595.619,real_q8_tensor_220w_mtp,0,100,12351,205.31,65,1635,9251,3,16
1784688595.619,real_q8_tensor_220w_mtp,1,100,12351,209.49,70,1620,9251,3,16
1784688595.619,real_q8_tensor_220w_mtp,2,100,12351,207.85,74,1695,9251,3,16
1784688595.619,real_q8_tensor_220w_mtp,3,100,12351,208.88,69,1605,9251,3,16
1784688596.191,real_q8_tensor_220w_mtp,0,100,12351,182.54,62,1920,9251,3,16
1784688596.191,real_q8_tensor_220w_mtp,1,14,12351,185.54,68,1905,9251,3,16
1784688596.191,real_q8_tensor_220w_mtp,2,100,12351,181.38,71,1890,9251,3,16
1784688596.191,real_q8_tensor_220w_mtp,3,26,12351,190.10,67,1920,9251,3,16
1784688596.776,real_q8_tensor_220w_mtp,0,97,12351,181.40,64,1905,9251,3,16
1784688596.776,real_q8_tensor_220w_mtp,1,100,12351,183.16,70,1890,9251,3,16
1784688596.776,real_q8_tensor_220w_mtp,2,45,12351,180.06,73,1860,9251,3,16
1784688596.776,real_q8_tensor_220w_mtp,3,89,12351,189.04,68,1905,9251,3,16
1784688597.370,real_q8_tensor_220w_mtp,0,97,12351,210.14,63,1920,9251,3,16
1784688597.370,real_q8_tensor_220w_mtp,1,41,12351,207.24,70,1890,9251,3,16
1784688597.370,real_q8_tensor_220w_mtp,2,45,12351,205.35,74,1875,9251,3,16
1784688597.370,real_q8_tensor_220w_mtp,3,59,12351,209.58,68,1875,9251,3,16
1784688597.961,real_q8_tensor_220w_mtp,0,70,12351,206.54,63,1890,9251,3,16
1784688597.961,real_q8_tensor_220w_mtp,1,41,12351,213.93,69,1890,9251,3,16
1784688597.961,real_q8_tensor_220w_mtp,2,95,12351,212.91,73,1875,9251,3,16
1784688597.961,real_q8_tensor_220w_mtp,3,59,12351,208.13,68,1890,9251,3,16
1784688598.530,real_q8_tensor_220w_mtp,0,100,12351,204.76,63,1905,9251,3,16
1784688598.530,real_q8_tensor_220w_mtp,1,69,12351,211.56,69,1905,9251,3,16
1784688598.530,real_q8_tensor_220w_mtp,2,100,12351,211.01,72,1890,9251,3,16
1784688598.530,real_q8_tensor_220w_mtp,3,24,12351,206.52,68,1905,9251,3,16
1784688599.135,real_q8_tensor_220w_mtp,0,100,12351,176.56,63,1710,9251,3,16
1784688599.135,real_q8_tensor_220w_mtp,1,69,12351,189.44,69,1515,9251,3,16
1784688599.135,real_q8_tensor_220w_mtp,2,100,12351,183.62,73,1605,9251,3,16
1784688599.135,real_q8_tensor_220w_mtp,3,24,12351,189.90,69,1575,9251,3,16
1784688599.706,real_q8_tensor_220w_mtp,0,100,12351,177.11,64,1650,9251,3,16
1784688599.706,real_q8_tensor_220w_mtp,1,100,12351,192.40,69,1530,9251,3,16
1784688599.706,real_q8_tensor_220w_mtp,2,100,12351,186.70,73,1590,9251,3,16
1784688599.706,real_q8_tensor_220w_mtp,3,80,12351,192.19,69,1560,9251,3,16
1784688600.275,real_q8_tensor_220w_mtp,0,77,12351,204.92,64,1710,9251,3,16
1784688600.275,real_q8_tensor_220w_mtp,1,100,12351,208.20,70,1515,9251,3,16
1784688600.275,real_q8_tensor_220w_mtp,2,100,12351,205.35,73,1590,9251,3,16
1784688600.275,real_q8_tensor_220w_mtp,3,80,12351,208.87,69,1590,9251,3,16
1784688600.846,real_q8_tensor_220w_mtp,0,77,12351,206.16,65,1755,9251,3,16
1784688600.846,real_q8_tensor_220w_mtp,1,61,12351,208.98,69,1590,9251,3,16
1784688600.846,real_q8_tensor_220w_mtp,2,100,12351,205.76,73,1680,9251,3,16
1784688600.846,real_q8_tensor_220w_mtp,3,100,12351,209.41,69,1590,9251,3,16
1784688601.440,real_q8_tensor_220w_mtp,0,29,12351,198.18,63,1920,9251,3,16
1784688601.440,real_q8_tensor_220w_mtp,1,61,12351,204.33,68,1890,9251,3,16
1784688601.440,real_q8_tensor_220w_mtp,2,29,12351,202.14,71,1890,9251,3,16
1784688601.440,real_q8_tensor_220w_mtp,3,100,12351,200.15,69,1920,9251,3,16
1784688602.025,real_q8_tensor_220w_mtp,0,29,12351,179.20,64,1680,9251,3,16
1784688602.025,real_q8_tensor_220w_mtp,1,100,12351,186.99,69,1575,9251,3,16
1784688602.025,real_q8_tensor_220w_mtp,2,100,12351,181.66,73,1665,9251,3,16
1784688602.025,real_q8_tensor_220w_mtp,3,100,12351,188.02,69,1620,9251,3,16
1784688602.620,real_q8_tensor_220w_mtp,0,100,12351,193.63,64,1665,9251,3,16
1784688602.620,real_q8_tensor_220w_mtp,1,100,12351,196.54,69,1515,9251,3,16
1784688602.620,real_q8_tensor_220w_mtp,2,100,12351,191.71,73,1575,9251,3,16
1784688602.620,real_q8_tensor_220w_mtp,3,100,12351,201.98,69,1560,9251,3,16
1784688603.215,real_q8_tensor_220w_mtp,0,100,12351,205.34,64,1740,9251,3,16
1784688603.215,real_q8_tensor_220w_mtp,1,100,12351,207.63,69,1620,9251,3,16
1784688603.215,real_q8_tensor_220w_mtp,2,100,12351,206.03,73,1560,9251,3,16
1784688603.215,real_q8_tensor_220w_mtp,3,100,12351,209.06,69,1680,9251,3,16
1784688603.784,real_q8_tensor_220w_mtp,0,100,12351,204.56,65,1635,9251,3,16
1784688603.784,real_q8_tensor_220w_mtp,1,100,12351,207.32,69,1605,9251,3,16
1784688603.784,real_q8_tensor_220w_mtp,2,100,12351,205.45,73,1635,9251,3,16
1784688603.784,real_q8_tensor_220w_mtp,3,100,12351,208.89,70,1560,9251,3,16
1784688604.380,real_q8_tensor_220w_mtp,0,100,12351,192.36,63,1755,9251,3,16
1784688604.380,real_q8_tensor_220w_mtp,1,33,12351,196.40,69,1560,9251,3,16
1784688604.380,real_q8_tensor_220w_mtp,2,100,12351,191.98,72,1635,9251,3,16
1784688604.380,real_q8_tensor_220w_mtp,3,29,12351,197.64,68,1605,9251,3,16
1784688604.966,real_q8_tensor_220w_mtp,0,100,12351,177.56,65,1635,9251,3,16
1784688604.966,real_q8_tensor_220w_mtp,1,33,12351,187.11,69,1590,9251,3,16
1784688604.966,real_q8_tensor_220w_mtp,2,100,12351,182.42,73,1575,9251,3,16
1784688604.966,real_q8_tensor_220w_mtp,3,29,12351,187.95,69,1560,9251,3,16
1784688605.536,real_q8_tensor_220w_mtp,0,100,12351,196.02,64,1710,9251,3,16
1784688605.536,real_q8_tensor_220w_mtp,1,100,12351,198.73,70,1515,9251,3,16
1784688605.536,real_q8_tensor_220w_mtp,2,87,12351,196.23,73,1605,9251,3,16
1784688605.536,real_q8_tensor_220w_mtp,3,100,12351,204.29,69,1575,9251,3,16
1784688606.106,real_q8_tensor_220w_mtp,0,100,12351,205.35,64,1710,9251,3,16
1784688606.106,real_q8_tensor_220w_mtp,1,100,12351,208.68,69,1500,9251,3,16
1784688606.106,real_q8_tensor_220w_mtp,2,100,12351,206.85,73,1605,9251,3,16
1784688606.106,real_q8_tensor_220w_mtp,3,100,12351,208.01,70,1665,9251,3,16
1784688606.676,real_q8_tensor_220w_mtp,0,100,12351,204.93,65,1635,9251,3,16
1784688606.676,real_q8_tensor_220w_mtp,1,100,12351,208.86,70,1545,9251,3,16
1784688606.676,real_q8_tensor_220w_mtp,2,95,12351,206.93,73,1575,9251,3,16
1784688606.676,real_q8_tensor_220w_mtp,3,100,12351,208.15,70,1560,9251,3,16
1784688607.273,real_q8_tensor_220w_mtp,0,38,12351,190.02,63,1905,9251,3,16
1784688607.273,real_q8_tensor_220w_mtp,1,100,12351,191.42,67,1875,9251,3,16
1784688607.273,real_q8_tensor_220w_mtp,2,38,12351,186.62,71,1830,9251,3,16
1784688607.273,real_q8_tensor_220w_mtp,3,100,12351,196.89,68,1890,9251,3,16
1784688607.860,real_q8_tensor_220w_mtp,0,38,12351,179.45,64,1650,9251,3,16
1784688607.860,real_q8_tensor_220w_mtp,1,100,12351,187.38,69,1650,9251,3,16
1784688607.860,real_q8_tensor_220w_mtp,2,38,12351,182.21,73,1665,9251,3,16
1784688607.860,real_q8_tensor_220w_mtp,3,100,12351,190.27,69,1635,9251,3,16
1784688608.430,real_q8_tensor_220w_mtp,0,100,12351,199.90,65,1680,9251,3,16
1784688608.430,real_q8_tensor_220w_mtp,1,100,12351,205.10,69,1485,9251,3,16
1784688608.430,real_q8_tensor_220w_mtp,2,100,12351,201.38,73,1650,9251,3,16
1784688608.430,real_q8_tensor_220w_mtp,3,100,12351,206.59,70,1560,9251,3,16
1784688609.000,real_q8_tensor_220w_mtp,0,100,12351,205.11,65,1710,9251,3,16
1784688609.000,real_q8_tensor_220w_mtp,1,100,12351,209.56,69,1500,9251,3,16
1784688609.000,real_q8_tensor_220w_mtp,2,100,12351,206.18,73,1605,9251,3,16
1784688609.000,real_q8_tensor_220w_mtp,3,100,12351,208.07,69,1575,9251,3,16
1784688609.570,real_q8_tensor_220w_mtp,0,100,12351,205.08,65,1680,9251,3,16
1784688609.570,real_q8_tensor_220w_mtp,1,100,12351,208.91,69,1515,9251,3,16
1784688609.570,real_q8_tensor_220w_mtp,2,100,12351,206.85,73,1650,9251,3,16
1784688609.570,real_q8_tensor_220w_mtp,3,100,12351,208.44,69,1560,9251,3,16
1784688610.167,real_q8_tensor_220w_mtp,0,100,12351,210.78,65,1620,9251,3,16
1784688610.167,real_q8_tensor_220w_mtp,1,63,12351,209.35,68,1890,9251,3,16
1784688610.167,real_q8_tensor_220w_mtp,2,100,12351,203.29,72,1755,9251,3,16
1784688610.167,real_q8_tensor_220w_mtp,3,29,12351,196.22,67,1875,9251,3,16
1784688610.759,real_q8_tensor_220w_mtp,0,100,12351,179.12,65,1740,9251,3,16
1784688610.759,real_q8_tensor_220w_mtp,1,100,12351,187.93,69,1575,9251,3,16
1784688610.759,real_q8_tensor_220w_mtp,2,100,12351,181.20,73,1665,9251,3,16
1784688610.759,real_q8_tensor_220w_mtp,3,100,12351,187.78,69,1650,9251,3,16
1784688611.330,real_q8_tensor_220w_mtp,0,100,12351,205.03,64,1635,9251,3,16
1784688611.330,real_q8_tensor_220w_mtp,1,100,12351,205.83,69,1500,9251,3,16
1784688611.330,real_q8_tensor_220w_mtp,2,100,12351,201.70,73,1710,9251,3,16
1784688611.330,real_q8_tensor_220w_mtp,3,100,12351,209.01,69,1530,9251,3,16
1784688611.900,real_q8_tensor_220w_mtp,0,100,12351,204.54,64,1665,9251,3,16
1784688611.900,real_q8_tensor_220w_mtp,1,100,12351,208.06,69,1500,9251,3,16
1784688611.900,real_q8_tensor_220w_mtp,2,100,12351,205.64,73,1575,9251,3,16
1784688611.900,real_q8_tensor_220w_mtp,3,100,12351,207.10,69,1560,9251,3,16
1784688612.470,real_q8_tensor_220w_mtp,0,100,12351,203.85,65,1650,9251,3,16
1784688612.470,real_q8_tensor_220w_mtp,1,100,12351,208.04,70,1620,9251,3,16
1784688612.470,real_q8_tensor_220w_mtp,2,100,12351,205.03,73,1665,9251,3,16
1784688612.470,real_q8_tensor_220w_mtp,3,100,12351,208.20,69,1605,9251,3,16
1784688613.040,real_q8_tensor_220w_mtp,0,100,12351,183.29,63,1905,9251,3,16
1784688613.040,real_q8_tensor_220w_mtp,1,33,12351,191.48,67,1590,9251,3,16
1784688613.040,real_q8_tensor_220w_mtp,2,30,12351,187.29,71,1710,9251,3,16
1784688613.040,real_q8_tensor_220w_mtp,3,30,12351,192.52,68,1695,9251,3,16
1784688613.602,real_q8_tensor_220w_mtp,0,100,12351,180.65,64,1680,9251,3,16
1784688613.602,real_q8_tensor_220w_mtp,1,100,12351,187.41,69,1515,9251,3,16
1784688613.602,real_q8_tensor_220w_mtp,2,100,12351,181.85,73,1575,9251,3,16
1784688613.602,real_q8_tensor_220w_mtp,3,30,12351,189.25,69,1560,9251,3,16
1784688614.171,real_q8_tensor_220w_mtp,0,100,12351,201.54,65,1605,9251,3,16
1784688614.171,real_q8_tensor_220w_mtp,1,100,12351,203.56,69,1620,9251,3,16
1784688614.171,real_q8_tensor_220w_mtp,2,100,12351,205.16,73,1680,9251,3,16
1784688614.171,real_q8_tensor_220w_mtp,3,100,12351,205.16,70,1590,9251,3,16
1784688614.740,real_q8_tensor_220w_mtp,0,100,12351,204.47,65,1650,9251,3,16
1784688614.740,real_q8_tensor_220w_mtp,1,100,12351,207.01,69,1530,9251,3,16
1784688614.740,real_q8_tensor_220w_mtp,2,100,12351,204.79,73,1575,9251,3,16
1784688614.740,real_q8_tensor_220w_mtp,3,100,12351,208.75,69,1545,9251,3,16
1784688615.309,real_q8_tensor_220w_mtp,0,100,12351,204.10,65,1620,9251,3,16
1784688615.309,real_q8_tensor_220w_mtp,1,100,12351,206.43,69,1620,9251,3,16
1784688615.309,real_q8_tensor_220w_mtp,2,100,12351,204.58,73,1680,9251,3,16
1784688615.309,real_q8_tensor_220w_mtp,3,100,12351,208.58,69,1575,9251,3,16
1784688615.879,real_q8_tensor_220w_mtp,0,30,12351,189.45,63,1875,9251,3,16
1784688615.879,real_q8_tensor_220w_mtp,1,100,12351,194.14,68,1890,9251,3,16
1784688615.879,real_q8_tensor_220w_mtp,2,32,12351,185.91,71,1875,9251,3,16
1784688615.879,real_q8_tensor_220w_mtp,3,100,12351,194.75,68,1905,9251,3,16
1784688616.440,real_q8_tensor_220w_mtp,0,30,12351,179.12,64,1755,9251,3,16
1784688616.440,real_q8_tensor_220w_mtp,1,100,12351,186.80,69,1590,9251,3,16
1784688616.440,real_q8_tensor_220w_mtp,2,32,12351,181.83,73,1680,9251,3,16
1784688616.440,real_q8_tensor_220w_mtp,3,100,12351,188.46,69,1665,9251,3,16
1784688617.009,real_q8_tensor_220w_mtp,0,100,12351,194.24,65,1695,9251,3,16
1784688617.009,real_q8_tensor_220w_mtp,1,100,12351,203.88,69,1485,9251,3,16
1784688617.009,real_q8_tensor_220w_mtp,2,100,12351,201.09,73,1605,9251,3,16
1784688617.009,real_q8_tensor_220w_mtp,3,100,12351,201.38,69,1575,9251,3,16
1784688617.581,real_q8_tensor_220w_mtp,0,83,12351,204.76,64,1695,9251,3,16
1784688617.581,real_q8_tensor_220w_mtp,1,100,12351,207.56,69,1650,9251,3,16
1784688617.581,real_q8_tensor_220w_mtp,2,100,12351,205.57,73,1695,9251,3,16
1784688617.581,real_q8_tensor_220w_mtp,3,100,12351,207.42,69,1515,9251,3,16
1784688618.153,real_q8_tensor_220w_mtp,0,100,12351,204.90,65,1740,9251,3,16
1784688618.153,real_q8_tensor_220w_mtp,1,100,12351,207.76,69,1590,9251,3,16
1784688618.153,real_q8_tensor_220w_mtp,2,100,12351,204.41,73,1530,9251,3,16
1784688618.153,real_q8_tensor_220w_mtp,3,100,12351,207.73,69,1665,9251,3,16
1784688618.723,real_q8_tensor_220w_mtp,0,100,12351,189.49,63,1920,9251,3,16
1784688618.723,real_q8_tensor_220w_mtp,1,30,12351,193.07,67,1890,9251,3,16
1784688618.723,real_q8_tensor_220w_mtp,2,100,12351,189.50,71,1875,9251,3,16
1784688618.723,real_q8_tensor_220w_mtp,3,31,12351,193.74,67,1875,9251,3,16
1784688619.286,real_q8_tensor_220w_mtp,0,100,12351,177.78,64,1620,9251,3,16
1784688619.286,real_q8_tensor_220w_mtp,1,30,12351,185.70,69,1560,9251,3,16
1784688619.286,real_q8_tensor_220w_mtp,2,100,12351,181.19,73,1680,9251,3,16
1784688619.286,real_q8_tensor_220w_mtp,3,31,12351,184.39,69,1560,9251,3,16
1784688619.854,real_q8_tensor_220w_mtp,0,100,12351,193.23,65,1740,9251,3,16
1784688619.854,real_q8_tensor_220w_mtp,1,100,12351,199.98,69,1560,9251,3,16
1784688619.854,real_q8_tensor_220w_mtp,2,100,12351,195.26,73,1650,9251,3,16
1784688619.854,real_q8_tensor_220w_mtp,3,100,12351,198.40,69,1635,9251,3,16
1784688620.424,real_q8_tensor_220w_mtp,0,100,12351,203.95,65,1725,9251,3,16
1784688620.424,real_q8_tensor_220w_mtp,1,100,12351,206.63,69,1515,9251,3,16
1784688620.424,real_q8_tensor_220w_mtp,2,100,12351,204.08,73,1575,9251,3,16
1784688620.424,real_q8_tensor_220w_mtp,3,100,12351,207.95,69,1590,9251,3,16
1784688620.995,real_q8_tensor_220w_mtp,0,100,12351,203.35,64,1635,9251,3,16
1784688620.995,real_q8_tensor_220w_mtp,1,100,12351,205.93,69,1605,9251,3,16
1784688620.995,real_q8_tensor_220w_mtp,2,100,12351,204.52,73,1635,9251,3,16
1784688620.995,real_q8_tensor_220w_mtp,3,100,12351,208.32,69,1605,9251,3,16
1784688621.566,real_q8_tensor_220w_mtp,0,32,12351,192.93,63,1785,9251,3,16
1784688621.566,real_q8_tensor_220w_mtp,1,30,12351,200.18,67,1710,9251,3,16
1784688621.566,real_q8_tensor_220w_mtp,2,31,12351,198.48,71,1605,9251,3,16
1784688621.566,real_q8_tensor_220w_mtp,3,30,12351,199.87,69,1575,9251,3,16
1784688622.127,real_q8_tensor_220w_mtp,0,32,12351,177.30,64,1725,9251,3,16
1784688622.127,real_q8_tensor_220w_mtp,1,100,12351,186.23,69,1590,9251,3,16
1784688622.127,real_q8_tensor_220w_mtp,2,31,12351,181.30,73,1575,9251,3,16
1784688622.127,real_q8_tensor_220w_mtp,3,100,12351,187.44,69,1650,9251,3,16
1784688622.698,real_q8_tensor_220w_mtp,0,100,12351,188.34,64,1605,9251,3,16
1784688622.698,real_q8_tensor_220w_mtp,1,100,12351,198.32,69,1560,9251,3,16
1784688622.698,real_q8_tensor_220w_mtp,2,100,12351,194.08,73,1575,9251,3,16
1784688622.698,real_q8_tensor_220w_mtp,3,100,12351,194.65,69,1560,9251,3,16
1784688623.267,real_q8_tensor_220w_mtp,0,100,12351,204.10,64,1590,9251,3,16
1784688623.267,real_q8_tensor_220w_mtp,1,96,12351,208.12,69,1575,9251,3,16
1784688623.267,real_q8_tensor_220w_mtp,2,100,12351,204.23,73,1680,9251,3,16
1784688623.267,real_q8_tensor_220w_mtp,3,100,12351,206.74,69,1560,9251,3,16
1784688623.838,real_q8_tensor_220w_mtp,0,100,12351,202.92,64,1740,9251,3,16
1784688623.838,real_q8_tensor_220w_mtp,1,96,12351,207.12,69,1605,9251,3,16
1784688623.838,real_q8_tensor_220w_mtp,2,75,12351,204.75,73,1695,9251,3,16
1784688623.838,real_q8_tensor_220w_mtp,3,100,12351,208.10,69,1680,9251,3,16
1784688624.406,real_q8_tensor_220w_mtp,0,100,12351,195.82,63,1860,9251,3,16
1784688624.406,real_q8_tensor_220w_mtp,1,32,12351,203.36,68,1875,9251,3,16
1784688624.406,real_q8_tensor_220w_mtp,2,75,12351,201.92,72,1800,9251,3,16
1784688624.406,real_q8_tensor_220w_mtp,3,31,12351,199.83,68,1800,9251,3,16
1784688624.985,real_q8_tensor_220w_mtp,0,100,12351,177.89,64,1650,9251,3,16
1784688624.985,real_q8_tensor_220w_mtp,1,32,12351,186.67,68,1635,9251,3,16
1784688624.985,real_q8_tensor_220w_mtp,2,100,12351,181.56,73,1605,9251,3,16
1784688624.985,real_q8_tensor_220w_mtp,3,31,12351,187.99,69,1635,9251,3,16
1784688625.554,real_q8_tensor_220w_mtp,0,69,12351,186.09,64,1620,9251,3,16
1784688625.554,real_q8_tensor_220w_mtp,1,67,12351,190.88,68,1635,9251,3,16
1784688625.554,real_q8_tensor_220w_mtp,2,85,12351,191.12,73,1650,9251,3,16
1784688625.554,real_q8_tensor_220w_mtp,3,100,12351,195.23,69,1620,9251,3,16
1784688626.146,real_q8_tensor_220w_mtp,0,84,12351,203.49,64,1605,9251,3,16
1784688626.146,real_q8_tensor_220w_mtp,1,67,12351,206.99,69,1620,9251,3,16
1784688626.146,real_q8_tensor_220w_mtp,2,59,12351,204.66,73,1665,9251,3,16
1784688626.146,real_q8_tensor_220w_mtp,3,100,12351,206.83,69,1575,9251,3,16
1784688626.714,real_q8_tensor_220w_mtp,0,84,12351,202.97,63,1605,9251,3,16
1784688626.714,real_q8_tensor_220w_mtp,1,48,12351,206.60,69,1530,9251,3,16
1784688626.714,real_q8_tensor_220w_mtp,2,59,12351,203.65,73,1575,9251,3,16
1784688626.714,real_q8_tensor_220w_mtp,3,84,12351,207.07,68,1560,9251,3,16
1784688627.303,real_q8_tensor_220w_mtp,0,73,12351,206.57,63,1920,9251,3,16
1784688627.303,real_q8_tensor_220w_mtp,1,48,12351,203.51,69,1905,9251,3,16
1784688627.303,real_q8_tensor_220w_mtp,2,14,12351,202.04,71,1890,9251,3,16
1784688627.303,real_q8_tensor_220w_mtp,3,84,12351,207.67,68,1920,9251,3,16
1784688627.867,real_q8_tensor_220w_mtp,0,38,12351,178.14,64,1560,9251,3,16
1784688627.867,real_q8_tensor_220w_mtp,1,40,12351,182.99,68,1515,9251,3,16
1784688627.867,real_q8_tensor_220w_mtp,2,31,12351,179.51,71,1680,9251,3,16
1784688627.867,real_q8_tensor_220w_mtp,3,84,12351,185.96,68,1545,9251,3,16
1784688628.437,real_q8_tensor_220w_mtp,0,40,12351,182.45,63,1590,9251,3,16
1784688628.437,real_q8_tensor_220w_mtp,1,40,12351,185.24,68,1590,9251,3,16
1784688628.437,real_q8_tensor_220w_mtp,2,36,12351,180.33,71,1605,9251,3,16
1784688628.437,real_q8_tensor_220w_mtp,3,84,12351,188.35,68,1560,9251,3,16
1784688629.008,real_q8_tensor_220w_mtp,0,40,12351,208.71,64,1905,9251,3,16
1784688629.008,real_q8_tensor_220w_mtp,1,49,12351,205.37,68,1890,9251,3,16
1784688629.008,real_q8_tensor_220w_mtp,2,36,12351,204.12,71,1860,9251,3,16
1784688629.008,real_q8_tensor_220w_mtp,3,86,12351,209.84,68,1905,9251,3,16
1784688629.576,real_q8_tensor_220w_mtp,0,100,12351,208.30,65,1755,9251,3,16
1784688629.576,real_q8_tensor_220w_mtp,1,100,12351,212.89,69,1755,9251,3,16
1784688629.576,real_q8_tensor_220w_mtp,2,67,12351,205.90,73,1725,9251,3,16
1784688629.576,real_q8_tensor_220w_mtp,3,100,12351,211.28,69,1725,9251,3,16
1784688630.138,real_q8_tensor_220w_mtp,0,100,12351,210.61,65,1650,9251,3,16
1784688630.138,real_q8_tensor_220w_mtp,1,100,12351,212.13,69,1455,9251,3,16
1784688630.138,real_q8_tensor_220w_mtp,2,67,12351,210.14,73,1515,9251,3,16
1784688630.138,real_q8_tensor_220w_mtp,3,100,12351,210.88,69,1515,9251,3,16
1784688630.704,real_q8_tensor_220w_mtp,0,31,12351,179.42,62,1920,9251,3,16
1784688630.704,real_q8_tensor_220w_mtp,1,100,12351,187.93,68,1905,9251,3,16
1784688630.704,real_q8_tensor_220w_mtp,2,16,12351,180.30,70,1875,9251,3,16
1784688630.704,real_q8_tensor_220w_mtp,3,100,12351,185.65,67,1905,9251,3,16
1784688631.263,real_q8_tensor_220w_mtp,0,31,12351,174.92,64,1725,9251,3,16
1784688631.263,real_q8_tensor_220w_mtp,1,100,12351,186.40,69,1605,9251,3,16
1784688631.263,real_q8_tensor_220w_mtp,2,16,12351,179.27,73,1530,9251,3,16
1784688631.263,real_q8_tensor_220w_mtp,3,100,12351,184.90,69,1650,9251,3,16
1784688631.828,real_q8_tensor_220w_mtp,0,100,12351,208.76,64,1725,9251,3,16
1784688631.828,real_q8_tensor_220w_mtp,1,100,12351,208.53,69,1560,9251,3,16
1784688631.828,real_q8_tensor_220w_mtp,2,100,12351,206.46,73,1560,9251,3,16
1784688631.828,real_q8_tensor_220w_mtp,3,100,12351,213.96,69,1620,9251,3,16
1784688632.398,real_q8_tensor_220w_mtp,0,100,12351,203.47,64,1680,9251,3,16
1784688632.398,real_q8_tensor_220w_mtp,1,100,12351,206.72,69,1455,9251,3,16
1784688632.398,real_q8_tensor_220w_mtp,2,100,12351,203.80,73,1575,9251,3,16
1784688632.398,real_q8_tensor_220w_mtp,3,100,12351,206.70,69,1560,9251,3,16
1784688632.968,real_q8_tensor_220w_mtp,0,100,12351,202.78,64,1725,9251,3,16
1784688632.968,real_q8_tensor_220w_mtp,1,100,12351,206.20,69,1620,9251,3,16
1784688632.968,real_q8_tensor_220w_mtp,2,100,12351,204.76,73,1545,9251,3,16
1784688632.968,real_q8_tensor_220w_mtp,3,100,12351,206.19,69,1650,9251,3,16
1784688633.539,real_q8_tensor_220w_mtp,0,29,12351,185.53,62,1890,9251,3,16
1784688633.539,real_q8_tensor_220w_mtp,1,29,12351,191.74,68,1890,9251,3,16
1784688633.539,real_q8_tensor_220w_mtp,2,28,12351,187.92,72,1875,9251,3,16
1784688633.539,real_q8_tensor_220w_mtp,3,32,12351,191.57,67,1905,9251,3,16
1784688634.127,real_q8_tensor_220w_mtp,0,100,12351,175.96,64,1650,9251,3,16
1784688634.127,real_q8_tensor_220w_mtp,1,29,12351,183.91,69,1635,9251,3,16
1784688634.127,real_q8_tensor_220w_mtp,2,100,12351,179.40,73,1605,9251,3,16
1784688634.127,real_q8_tensor_220w_mtp,3,32,12351,186.13,69,1635,9251,3,16
1784688634.699,real_q8_tensor_220w_mtp,0,100,12351,193.02,64,1590,9251,3,16
1784688634.699,real_q8_tensor_220w_mtp,1,100,12351,202.45,69,1485,9251,3,16
1784688634.699,real_q8_tensor_220w_mtp,2,100,12351,200.53,73,1680,9251,3,16
1784688634.699,real_q8_tensor_220w_mtp,3,100,12351,201.21,69,1500,9251,3,16
1784688635.270,real_q8_tensor_220w_mtp,0,100,12351,202.93,64,1575,9251,3,16
1784688635.270,real_q8_tensor_220w_mtp,1,100,12351,206.33,69,1500,9251,3,16
1784688635.270,real_q8_tensor_220w_mtp,2,100,12351,203.13,73,1530,9251,3,16
1784688635.270,real_q8_tensor_220w_mtp,3,100,12351,207.35,69,1515,9251,3,16
1784688635.839,real_q8_tensor_220w_mtp,0,100,12351,203.34,64,1725,9251,3,16
1784688635.839,real_q8_tensor_220w_mtp,1,100,12351,206.63,69,1500,9251,3,16
1784688635.839,real_q8_tensor_220w_mtp,2,100,12351,204.63,73,1545,9251,3,16
1784688635.839,real_q8_tensor_220w_mtp,3,100,12351,206.09,69,1635,9251,3,16
1784688636.407,real_q8_tensor_220w_mtp,0,33,12351,197.96,63,1920,9251,3,16
1784688636.407,real_q8_tensor_220w_mtp,1,100,12351,196.17,67,1785,9251,3,16
1784688636.407,real_q8_tensor_220w_mtp,2,31,12351,194.97,71,1890,9251,3,16
1784688636.407,real_q8_tensor_220w_mtp,3,100,12351,200.56,67,1920,9251,3,16
1784688636.967,real_q8_tensor_220w_mtp,0,33,12351,173.78,64,1605,9251,3,16
1784688636.967,real_q8_tensor_220w_mtp,1,100,12351,184.56,68,1470,9251,3,16
1784688636.967,real_q8_tensor_220w_mtp,2,31,12351,179.18,72,1680,9251,3,16
1784688636.967,real_q8_tensor_220w_mtp,3,100,12351,184.73,69,1515,9251,3,16
1784688637.536,real_q8_tensor_220w_mtp,0,100,12351,185.16,64,1725,9251,3,16
1784688637.536,real_q8_tensor_220w_mtp,1,67,12351,198.70,68,1560,9251,3,16
1784688637.536,real_q8_tensor_220w_mtp,2,100,12351,193.02,72,1545,9251,3,16
1784688637.536,real_q8_tensor_220w_mtp,3,80,12351,194.57,69,1620,9251,3,16
1784688638.152,real_q8_tensor_220w_mtp,0,100,12351,203.93,64,1710,9251,3,16
1784688638.152,real_q8_tensor_220w_mtp,1,67,12351,206.68,68,1560,9251,3,16
1784688638.152,real_q8_tensor_220w_mtp,2,100,12351,204.74,73,1635,9251,3,16
1784688638.152,real_q8_tensor_220w_mtp,3,100,12351,207.03,69,1635,9251,3,16
1784688638.723,real_q8_tensor_220w_mtp,0,67,12351,203.29,63,1590,9251,3,16
1784688638.723,real_q8_tensor_220w_mtp,1,67,12351,206.36,69,1530,9251,3,16
1784688638.723,real_q8_tensor_220w_mtp,2,43,12351,204.40,73,1635,9251,3,16
1784688638.723,real_q8_tensor_220w_mtp,3,100,12351,206.49,68,1545,9251,3,16
1784688639.293,real_q8_tensor_220w_mtp,0,67,12351,196.84,64,1920,9251,3,16
1784688639.293,real_q8_tensor_220w_mtp,1,25,12351,202.38,67,1905,9251,3,16
1784688639.293,real_q8_tensor_220w_mtp,2,43,12351,201.63,71,1890,9251,3,16
1784688639.293,real_q8_tensor_220w_mtp,3,69,12351,203.02,68,1920,9251,3,16
1784688639.879,real_q8_tensor_220w_mtp,0,37,12351,174.42,63,1725,9251,3,16
1784688639.879,real_q8_tensor_220w_mtp,1,25,12351,181.80,66,1605,9251,3,16
1784688639.879,real_q8_tensor_220w_mtp,2,84,12351,178.45,70,1560,9251,3,16
1784688639.879,real_q8_tensor_220w_mtp,3,69,12351,185.92,68,1665,9251,3,16
1784688640.450,real_q8_tensor_220w_mtp,0,37,12351,179.68,62,1920,9251,3,16
1784688640.450,real_q8_tensor_220w_mtp,1,76,12351,186.47,68,1860,9251,3,16
1784688640.450,real_q8_tensor_220w_mtp,2,84,12351,183.01,71,1890,9251,3,16
1784688640.450,real_q8_tensor_220w_mtp,3,33,12351,186.67,68,1920,9251,3,16
1784688641.020,real_q8_tensor_220w_mtp,0,77,12351,204.81,63,1890,9251,3,16
1784688641.020,real_q8_tensor_220w_mtp,1,76,12351,210.39,69,1830,9251,3,16
1784688641.020,real_q8_tensor_220w_mtp,2,99,12351,210.23,73,1815,9251,3,16
1784688641.020,real_q8_tensor_220w_mtp,3,33,12351,206.70,69,1875,9251,3,16
1784688641.605,real_q8_tensor_220w_mtp,0,100,12351,208.32,65,1725,9251,3,16
1784688641.605,real_q8_tensor_220w_mtp,1,100,12351,209.93,69,1545,9251,3,16
1784688641.605,real_q8_tensor_220w_mtp,2,99,12351,209.20,73,1530,9251,3,16
1784688641.605,real_q8_tensor_220w_mtp,3,49,12351,213.89,69,1590,9251,3,16
1784688642.171,real_q8_tensor_220w_mtp,0,100,12351,205.39,64,1575,9251,3,16
1784688642.171,real_q8_tensor_220w_mtp,1,100,12351,211.01,69,1485,9251,3,16
1784688642.171,real_q8_tensor_220w_mtp,2,100,12351,210.74,73,1530,9251,3,16
1784688642.171,real_q8_tensor_220w_mtp,3,100,12351,210.60,69,1515,9251,3,16
1784688642.763,real_q8_tensor_220w_mtp,0,100,12351,178.60,62,1920,9251,3,16
1784688642.763,real_q8_tensor_220w_mtp,1,19,12351,187.33,68,1890,9251,3,16
1784688642.763,real_q8_tensor_220w_mtp,2,100,12351,182.96,72,1860,9251,3,16
1784688642.763,real_q8_tensor_220w_mtp,3,100,12351,188.34,67,1905,9251,3,16
1784688643.351,real_q8_tensor_220w_mtp,0,100,12351,174.38,64,1605,9251,3,16
1784688643.351,real_q8_tensor_220w_mtp,1,19,12351,186.27,69,1455,9251,3,16
1784688643.351,real_q8_tensor_220w_mtp,2,100,12351,181.27,73,1500,9251,3,16
1784688643.351,real_q8_tensor_220w_mtp,3,100,12351,186.30,69,1635,9251,3,16
1784688643.942,real_q8_tensor_220w_mtp,0,100,12351,206.96,64,1650,9251,3,16
1784688643.942,real_q8_tensor_220w_mtp,1,100,12351,207.16,69,1455,9251,3,16
1784688643.942,real_q8_tensor_220w_mtp,2,100,12351,208.37,73,1650,9251,3,16
1784688643.942,real_q8_tensor_220w_mtp,3,100,12351,212.88,69,1500,9251,3,16
1784688644.534,real_q8_tensor_220w_mtp,0,100,12351,203.01,64,1605,9251,3,16
1784688644.534,real_q8_tensor_220w_mtp,1,100,12351,205.18,69,1605,9251,3,16
1784688644.534,real_q8_tensor_220w_mtp,2,100,12351,203.10,73,1605,9251,3,16
1784688644.534,real_q8_tensor_220w_mtp,3,100,12351,208.79,69,1575,9251,3,16
1784688645.127,real_q8_tensor_220w_mtp,0,100,12351,202.60,64,1695,9251,3,16
1784688645.127,real_q8_tensor_220w_mtp,1,100,12351,204.57,69,1620,9251,3,16
1784688645.127,real_q8_tensor_220w_mtp,2,100,12351,202.45,73,1665,9251,3,16
1784688645.127,real_q8_tensor_220w_mtp,3,100,12351,205.18,69,1650,9251,3,16
1784688645.699,real_q8_tensor_220w_mtp,0,33,12351,188.07,62,1845,9251,3,16
1784688645.699,real_q8_tensor_220w_mtp,1,100,12351,190.47,67,1830,9251,3,16
1784688645.699,real_q8_tensor_220w_mtp,2,33,12351,186.08,71,1845,9251,3,16
1784688645.699,real_q8_tensor_220w_mtp,3,30,12351,191.64,67,1815,9251,3,16
1784688646.259,real_q8_tensor_220w_mtp,0,33,12351,174.20,64,1575,9251,3,16
1784688646.259,real_q8_tensor_220w_mtp,1,100,12351,183.00,69,1500,9251,3,16
1784688646.259,real_q8_tensor_220w_mtp,2,33,12351,176.25,73,1665,9251,3,16
1784688646.259,real_q8_tensor_220w_mtp,3,30,12351,184.27,69,1500,9251,3,16
1784688646.872,real_q8_tensor_220w_mtp,0,100,12351,194.07,64,1620,9251,3,16
1784688646.872,real_q8_tensor_220w_mtp,1,100,12351,201.15,68,1500,9251,3,16
1784688646.872,real_q8_tensor_220w_mtp,2,100,12351,197.13,73,1605,9251,3,16
1784688646.872,real_q8_tensor_220w_mtp,3,100,12351,202.63,69,1590,9251,3,16
1784688647.443,real_q8_tensor_220w_mtp,0,100,12351,202.23,64,1710,9251,3,16
1784688647.443,real_q8_tensor_220w_mtp,1,100,12351,205.51,69,1590,9251,3,16
1784688647.443,real_q8_tensor_220w_mtp,2,100,12351,202.99,73,1665,9251,3,16
1784688647.443,real_q8_tensor_220w_mtp,3,100,12351,205.55,69,1650,9251,3,16
1784688648.039,real_q8_tensor_220w_mtp,0,100,12351,202.08,64,1710,9251,3,16
1784688648.039,real_q8_tensor_220w_mtp,1,100,12351,206.36,69,1605,9251,3,16
1784688648.039,real_q8_tensor_220w_mtp,2,100,12351,202.75,73,1665,9251,3,16
1784688648.039,real_q8_tensor_220w_mtp,3,100,12351,205.78,69,1650,9251,3,16
1784688648.684,real_q8_tensor_220w_mtp,0,100,12351,192.17,62,1845,9251,3,16
1784688648.684,real_q8_tensor_220w_mtp,1,33,12351,194.51,67,1875,9251,3,16
1784688648.684,real_q8_tensor_220w_mtp,2,100,12351,190.57,71,1830,9251,3,16
1784688648.684,real_q8_tensor_220w_mtp,3,100,12351,195.25,67,1845,9251,3,16
1784688649.272,real_q8_tensor_220w_mtp,0,100,12351,173.33,64,1710,9251,3,16
1784688649.272,real_q8_tensor_220w_mtp,1,33,12351,181.00,68,1560,9251,3,16
1784688649.272,real_q8_tensor_220w_mtp,2,100,12351,176.95,73,1650,9251,3,16
1784688649.272,real_q8_tensor_220w_mtp,3,100,12351,180.29,69,1635,9251,3,16
1784688649.904,real_q8_tensor_220w_mtp,0,100,12351,194.48,64,1635,9251,3,16
1784688649.904,real_q8_tensor_220w_mtp,1,100,12351,201.06,68,1455,9251,3,16
1784688649.904,real_q8_tensor_220w_mtp,2,100,12351,198.66,73,1500,9251,3,16
1784688649.904,real_q8_tensor_220w_mtp,3,100,12351,204.75,69,1665,9251,3,16
1784688650.593,real_q8_tensor_220w_mtp,0,100,12351,200.91,64,1710,9251,3,16
1784688650.593,real_q8_tensor_220w_mtp,1,84,12351,204.00,68,1530,9251,3,16
1784688650.593,real_q8_tensor_220w_mtp,2,100,12351,202.16,73,1560,9251,3,16
1784688650.593,real_q8_tensor_220w_mtp,3,100,12351,205.77,69,1590,9251,3,16
1784688651.189,real_q8_tensor_220w_mtp,0,100,12351,200.64,64,1575,9251,3,16
1784688651.189,real_q8_tensor_220w_mtp,1,100,12351,202.88,68,1605,9251,3,16
1784688651.189,real_q8_tensor_220w_mtp,2,100,12351,203.27,73,1620,9251,3,16
1784688651.189,real_q8_tensor_220w_mtp,3,100,12351,206.09,69,1590,9251,3,16
1784688651.759,real_q8_tensor_220w_mtp,0,32,12351,194.00,62,1845,9251,3,16
1784688651.759,real_q8_tensor_220w_mtp,1,100,12351,196.21,67,1440,9251,3,16
1784688651.759,real_q8_tensor_220w_mtp,2,29,12351,192.69,71,1875,9251,3,16
1784688651.759,real_q8_tensor_220w_mtp,3,34,12351,197.68,67,1590,9251,3,16
1784688652.340,real_q8_tensor_220w_mtp,0,32,12351,172.41,64,1665,9251,3,16
1784688652.340,real_q8_tensor_220w_mtp,1,100,12351,181.28,68,1440,9251,3,16
1784688652.340,real_q8_tensor_220w_mtp,2,29,12351,174.40,72,1560,9251,3,16
1784688652.340,real_q8_tensor_220w_mtp,3,34,12351,182.20,68,1545,9251,3,16
1784688652.934,real_q8_tensor_220w_mtp,0,100,12351,185.72,64,1695,9251,3,16
1784688652.934,real_q8_tensor_220w_mtp,1,100,12351,189.19,68,1575,9251,3,16
1784688652.934,real_q8_tensor_220w_mtp,2,72,12351,193.86,73,1500,9251,3,16
1784688652.934,real_q8_tensor_220w_mtp,3,100,12351,194.65,69,1635,9251,3,16
1784688653.526,real_q8_tensor_220w_mtp,0,100,12351,200.51,64,1650,9251,3,16
1784688653.526,real_q8_tensor_220w_mtp,1,40,12351,202.98,69,1605,9251,3,16
1784688653.526,real_q8_tensor_220w_mtp,2,98,12351,200.57,73,1635,9251,3,16
1784688653.526,real_q8_tensor_220w_mtp,3,65,12351,205.47,69,1500,9251,3,16
1784688654.125,real_q8_tensor_220w_mtp,0,27,12351,198.44,64,1920,9251,3,16
1784688654.125,real_q8_tensor_220w_mtp,1,40,12351,203.69,67,1890,9251,3,16
1784688654.125,real_q8_tensor_220w_mtp,2,62,12351,202.79,71,1890,9251,3,16
1784688654.125,real_q8_tensor_220w_mtp,3,35,12351,203.15,69,1920,9251,3,16
1784688654.695,real_q8_tensor_220w_mtp,0,27,12351,207.01,64,1725,9251,3,16
1784688654.695,real_q8_tensor_220w_mtp,1,93,12351,209.44,69,1545,9251,3,16
1784688654.695,real_q8_tensor_220w_mtp,2,62,12351,208.30,72,1530,9251,3,16
1784688654.695,real_q8_tensor_220w_mtp,3,35,12351,209.72,69,1500,9251,3,16
1784688655.256,real_q8_tensor_220w_mtp,0,17,12351,181.00,62,1920,9251,3,16
1784688655.256,real_q8_tensor_220w_mtp,1,93,12351,180.94,66,1905,9251,3,16
1784688655.256,real_q8_tensor_220w_mtp,2,17,12351,174.93,71,1890,9251,3,16
1784688655.256,real_q8_tensor_220w_mtp,3,22,12351,187.51,67,1920,9251,3,16
1784688655.840,real_q8_tensor_220w_mtp,0,17,12351,175.81,64,1770,9251,3,16
1784688655.840,real_q8_tensor_220w_mtp,1,87,12351,188.92,67,1800,9251,3,16
1784688655.840,real_q8_tensor_220w_mtp,2,17,12351,184.39,72,1680,9251,3,16
1784688655.840,real_q8_tensor_220w_mtp,3,22,12351,187.96,69,1785,9251,3,16
1784688656.463,real_q8_tensor_220w_mtp,0,100,12351,209.94,64,1575,9251,3,16
1784688656.463,real_q8_tensor_220w_mtp,1,87,12351,209.13,68,1545,9251,3,16
1784688656.463,real_q8_tensor_220w_mtp,2,100,12351,207.04,73,1500,9251,3,16
1784688656.463,real_q8_tensor_220w_mtp,3,100,12351,209.92,69,1485,9251,3,16
1784688657.035,real_q8_tensor_220w_mtp,0,100,12351,205.03,64,1710,9251,3,16
1784688657.035,real_q8_tensor_220w_mtp,1,100,12351,204.64,68,1560,9251,3,16
1784688657.035,real_q8_tensor_220w_mtp,2,100,12351,210.40,73,1635,9251,3,16
1784688657.035,real_q8_tensor_220w_mtp,3,100,12351,210.18,69,1620,9251,3,16
1784688657.634,real_q8_tensor_220w_mtp,0,100,12351,202.08,64,1725,9251,3,16
1784688657.634,real_q8_tensor_220w_mtp,1,100,12351,205.12,69,1485,9251,3,16
1784688657.634,real_q8_tensor_220w_mtp,2,100,12351,203.75,73,1500,9251,3,16
1784688657.634,real_q8_tensor_220w_mtp,3,100,12351,205.28,69,1620,9251,3,16
1784688658.204,real_q8_tensor_220w_mtp,0,100,12351,183.51,62,1635,9251,3,16
1784688658.204,real_q8_tensor_220w_mtp,1,23,12351,188.93,67,1410,9251,3,16
1784688658.204,real_q8_tensor_220w_mtp,2,100,12351,185.52,70,1515,9251,3,16
1784688658.204,real_q8_tensor_220w_mtp,3,100,12351,193.51,67,1485,9251,3,16
1784688658.768,real_q8_tensor_220w_mtp,0,100,12351,172.15,64,1710,9251,3,16
1784688658.768,real_q8_tensor_220w_mtp,1,100,12351,180.69,68,1590,9251,3,16
1784688658.768,real_q8_tensor_220w_mtp,2,100,12351,176.71,72,1665,9251,3,16
1784688658.768,real_q8_tensor_220w_mtp,3,100,12351,183.21,69,1485,9251,3,16
1784688659.339,real_q8_tensor_220w_mtp,0,100,12351,190.13,64,1695,9251,3,16
1784688659.339,real_q8_tensor_220w_mtp,1,100,12351,196.85,68,1590,9251,3,16
1784688659.339,real_q8_tensor_220w_mtp,2,100,12351,192.55,73,1485,9251,3,16
1784688659.339,real_q8_tensor_220w_mtp,3,100,12351,199.07,69,1620,9251,3,16
1784688659.910,real_q8_tensor_220w_mtp,0,100,12351,200.29,64,1620,9251,3,16
1784688659.910,real_q8_tensor_220w_mtp,1,100,12351,204.42,68,1605,9251,3,16
1784688659.910,real_q8_tensor_220w_mtp,2,100,12351,201.77,72,1590,9251,3,16
1784688659.910,real_q8_tensor_220w_mtp,3,100,12351,205.74,69,1635,9251,3,16
1784688660.482,real_q8_tensor_220w_mtp,0,100,12351,200.27,62,1575,9251,3,16
1784688660.482,real_q8_tensor_220w_mtp,1,60,12351,205.33,68,1560,9251,3,16
1784688660.482,real_q8_tensor_220w_mtp,2,100,12351,202.35,73,1605,9251,3,16
1784688660.482,real_q8_tensor_220w_mtp,3,100,12351,205.68,69,1575,9251,3,16
1784688661.073,real_q8_tensor_220w_mtp,0,78,12351,204.96,63,1905,9251,3,16
1784688661.073,real_q8_tensor_220w_mtp,1,60,12351,201.32,68,1890,9251,3,16
1784688661.073,real_q8_tensor_220w_mtp,2,19,12351,200.18,73,1860,9251,3,16
1784688661.073,real_q8_tensor_220w_mtp,3,62,12351,207.39,67,1905,9251,3,16
1784688661.637,real_q8_tensor_220w_mtp,0,78,12351,171.43,61,1920,9251,3,16
1784688661.637,real_q8_tensor_220w_mtp,1,18,12351,181.57,66,1860,9251,3,16
1784688661.637,real_q8_tensor_220w_mtp,2,19,12351,177.38,70,1890,9251,3,16
1784688661.637,real_q8_tensor_220w_mtp,3,62,12351,177.37,68,1875,9251,3,16
1784688662.203,real_q8_tensor_220w_mtp,0,100,12351,181.45,64,1560,9251,3,16
1784688662.203,real_q8_tensor_220w_mtp,1,18,12351,188.38,68,1620,9251,3,16
1784688662.203,real_q8_tensor_220w_mtp,2,100,12351,183.06,72,1575,9251,3,16
1784688662.203,real_q8_tensor_220w_mtp,3,100,12351,183.19,69,1560,9251,3,16
1784688662.765,real_q8_tensor_220w_mtp,0,100,12351,208.03,64,1635,9251,3,16
1784688662.765,real_q8_tensor_220w_mtp,1,100,12351,208.75,68,1590,9251,3,16
1784688662.765,real_q8_tensor_220w_mtp,2,100,12351,208.85,73,1650,9251,3,16
1784688662.765,real_q8_tensor_220w_mtp,3,100,12351,212.31,69,1620,9251,3,16
1784688663.334,real_q8_tensor_220w_mtp,0,100,12351,201.84,64,1560,9251,3,16
1784688663.334,real_q8_tensor_220w_mtp,1,100,12351,204.09,68,1515,9251,3,16
1784688663.334,real_q8_tensor_220w_mtp,2,100,12351,202.80,72,1665,9251,3,16
1784688663.334,real_q8_tensor_220w_mtp,3,100,12351,209.28,69,1485,9251,3,16
1784688663.903,real_q8_tensor_220w_mtp,0,100,12351,199.66,64,1605,9251,3,16
1784688663.903,real_q8_tensor_220w_mtp,1,100,12351,203.65,69,1620,9251,3,16
1784688663.903,real_q8_tensor_220w_mtp,2,100,12351,202.09,73,1635,9251,3,16
1784688663.903,real_q8_tensor_220w_mtp,3,100,12351,205.99,69,1620,9251,3,16
1784688664.474,real_q8_tensor_220w_mtp,0,27,12351,189.32,63,1860,9251,3,16
1784688664.474,real_q8_tensor_220w_mtp,1,100,12351,192.10,66,1680,9251,3,16
1784688664.474,real_q8_tensor_220w_mtp,2,35,12351,190.00,71,1695,9251,3,16
1784688664.474,real_q8_tensor_220w_mtp,3,29,12351,196.45,68,1695,9251,3,16
1784688665.033,real_q8_tensor_220w_mtp,0,27,12351,171.58,64,1635,9251,3,16
1784688665.033,real_q8_tensor_220w_mtp,1,100,12351,179.59,68,1605,9251,3,16
1784688665.033,real_q8_tensor_220w_mtp,2,35,12351,175.32,72,1590,9251,3,16
1784688665.033,real_q8_tensor_220w_mtp,3,29,12351,182.30,68,1635,9251,3,16
1784688665.602,real_q8_tensor_220w_mtp,0,40,12351,184.21,64,1710,9251,3,16
1784688665.602,real_q8_tensor_220w_mtp,1,64,12351,192.39,68,1590,9251,3,16
1784688665.602,real_q8_tensor_220w_mtp,2,100,12351,188.65,72,1635,9251,3,16
1784688665.602,real_q8_tensor_220w_mtp,3,72,12351,198.18,68,1620,9251,3,16
1784688666.171,real_q8_tensor_220w_mtp,0,40,12351,201.19,62,1515,9251,3,16
1784688666.171,real_q8_tensor_220w_mtp,1,49,12351,204.14,67,1530,9251,3,16
1784688666.171,real_q8_tensor_220w_mtp,2,100,12351,202.10,71,1800,9251,3,16
1784688666.171,real_q8_tensor_220w_mtp,3,72,12351,203.11,68,1470,9251,3,16
1784688666.740,real_q8_tensor_220w_mtp,0,100,12351,206.03,64,1740,9251,3,16
1784688666.740,real_q8_tensor_220w_mtp,1,49,12351,207.79,68,1785,9251,3,16
1784688666.740,real_q8_tensor_220w_mtp,2,100,12351,206.72,73,1635,9251,3,16
1784688666.740,real_q8_tensor_220w_mtp,3,83,12351,208.40,68,1770,9251,3,16
1784688667.300,real_q8_tensor_220w_mtp,0,100,12351,205.89,64,1650,9251,3,16
1784688667.300,real_q8_tensor_220w_mtp,1,100,12351,208.07,69,1365,9251,3,16
1784688667.300,real_q8_tensor_220w_mtp,2,100,12351,206.74,73,1485,9251,3,16
1784688667.300,real_q8_tensor_220w_mtp,3,83,12351,210.24,69,1470,9251,3,16
1784688667.869,real_q8_tensor_220w_mtp,0,36,12351,177.93,62,1920,9251,3,16
1784688667.869,real_q8_tensor_220w_mtp,1,100,12351,189.53,67,1860,9251,3,16
1784688667.869,real_q8_tensor_220w_mtp,2,36,12351,185.74,71,1890,9251,3,16
1784688667.869,real_q8_tensor_220w_mtp,3,29,12351,182.80,66,1770,9251,3,16
1784688668.430,real_q8_tensor_220w_mtp,0,36,12351,171.64,64,1530,9251,3,16
1784688668.430,real_q8_tensor_220w_mtp,1,100,12351,180.63,68,1500,9251,3,16
1784688668.430,real_q8_tensor_220w_mtp,2,36,12351,174.53,73,1650,9251,3,16
1784688668.430,real_q8_tensor_220w_mtp,3,29,12351,173.11,68,1485,9251,3,16
1784688669.026,real_q8_tensor_220w_mtp,0,100,12351,198.52,64,1560,9251,3,16
1784688669.026,real_q8_tensor_220w_mtp,1,96,12351,199.69,68,1620,9251,3,16
1784688669.026,real_q8_tensor_220w_mtp,2,100,12351,205.88,73,1620,9251,3,16
1784688669.026,real_q8_tensor_220w_mtp,3,100,12351,201.39,69,1605,9251,3,16
1784688669.626,real_q8_tensor_220w_mtp,0,100,12351,200.79,64,1680,9251,3,16
1784688669.626,real_q8_tensor_220w_mtp,1,100,12351,203.23,68,1575,9251,3,16
1784688669.626,real_q8_tensor_220w_mtp,2,100,12351,201.80,72,1515,9251,3,16
1784688669.626,real_q8_tensor_220w_mtp,3,100,12351,203.32,69,1620,9251,3,16
1784688670.219,real_q8_tensor_220w_mtp,0,100,12351,199.28,64,1695,9251,3,16
1784688670.219,real_q8_tensor_220w_mtp,1,100,12351,203.23,68,1575,9251,3,16
1784688670.219,real_q8_tensor_220w_mtp,2,100,12351,201.75,72,1635,9251,3,16
1784688670.219,real_q8_tensor_220w_mtp,3,100,12351,204.56,69,1620,9251,3,16
1784688670.790,real_q8_tensor_220w_mtp,0,100,12351,195.48,62,1740,9251,3,16
1784688670.790,real_q8_tensor_220w_mtp,1,37,12351,198.60,66,1800,9251,3,16
1784688670.790,real_q8_tensor_220w_mtp,2,100,12351,196.29,71,1725,9251,3,16
1784688670.790,real_q8_tensor_220w_mtp,3,100,12351,200.10,68,1725,9251,3,16
1784688671.349,real_q8_tensor_220w_mtp,0,67,12351,171.47,63,1530,9251,3,16
1784688671.349,real_q8_tensor_220w_mtp,1,37,12351,181.37,68,1515,9251,3,16
1784688671.349,real_q8_tensor_220w_mtp,2,45,12351,173.36,72,1650,9251,3,16
1784688671.349,real_q8_tensor_220w_mtp,3,84,12351,174.78,68,1500,9251,3,16
1784688671.919,real_q8_tensor_220w_mtp,0,67,12351,177.95,64,1905,9251,3,16
1784688671.919,real_q8_tensor_220w_mtp,1,63,12351,185.95,67,1890,9251,3,16
1784688671.919,real_q8_tensor_220w_mtp,2,45,12351,180.47,71,1875,9251,3,16
1784688671.919,real_q8_tensor_220w_mtp,3,84,12351,182.77,68,1920,9251,3,16
1784688672.485,real_q8_tensor_220w_mtp,0,97,12351,205.76,64,1485,9251,3,16
1784688672.485,real_q8_tensor_220w_mtp,1,63,12351,208.07,68,1530,9251,3,16
1784688672.485,real_q8_tensor_220w_mtp,2,100,12351,207.61,73,1500,9251,3,16
1784688672.485,real_q8_tensor_220w_mtp,3,68,12351,206.06,69,1470,9251,3,16
1784688673.072,real_q8_tensor_220w_mtp,0,100,12351,208.42,64,1695,9251,3,16
1784688673.072,real_q8_tensor_220w_mtp,1,100,12351,207.14,68,1575,9251,3,16
1784688673.072,real_q8_tensor_220w_mtp,2,100,12351,206.92,73,1485,9251,3,16
1784688673.072,real_q8_tensor_220w_mtp,3,100,12351,211.11,69,1620,9251,3,16
1784688673.645,real_q8_tensor_220w_mtp,0,100,12351,201.48,64,1710,9251,3,16
1784688673.645,real_q8_tensor_220w_mtp,1,100,12351,204.20,68,1575,9251,3,16
1784688673.645,real_q8_tensor_220w_mtp,2,100,12351,202.00,73,1635,9251,3,16
1784688673.645,real_q8_tensor_220w_mtp,3,100,12351,207.69,69,1470,9251,3,16
1784688674.215,real_q8_tensor_220w_mtp,0,100,12351,181.91,63,1905,9251,3,16
1784688674.215,real_q8_tensor_220w_mtp,1,37,12351,189.15,66,1440,9251,3,16
1784688674.215,real_q8_tensor_220w_mtp,2,100,12351,184.31,70,1785,9251,3,16
1784688674.215,real_q8_tensor_220w_mtp,3,100,12351,191.10,67,1635,9251,3,16
1784688674.776,real_q8_tensor_220w_mtp,0,100,12351,171.51,63,1695,9251,3,16
1784688674.776,real_q8_tensor_220w_mtp,1,37,12351,180.37,68,1560,9251,3,16
1784688674.776,real_q8_tensor_220w_mtp,2,100,12351,167.88,72,1635,9251,3,16
1784688674.776,real_q8_tensor_220w_mtp,3,100,12351,181.24,68,1620,9251,3,16
1784688675.370,real_q8_tensor_220w_mtp,0,100,12351,188.57,63,1650,9251,3,16
1784688675.370,real_q8_tensor_220w_mtp,1,100,12351,198.46,68,1365,9251,3,16
1784688675.370,real_q8_tensor_220w_mtp,2,100,12351,191.04,72,1650,9251,3,16
1784688675.370,real_q8_tensor_220w_mtp,3,100,12351,194.88,69,1455,9251,3,16
1784688675.943,real_q8_tensor_220w_mtp,0,75,12351,198.92,63,1680,9251,3,16
1784688675.943,real_q8_tensor_220w_mtp,1,100,12351,203.26,68,1425,9251,3,16
1784688675.943,real_q8_tensor_220w_mtp,2,53,12351,201.54,73,1590,9251,3,16
1784688675.943,real_q8_tensor_220w_mtp,3,90,12351,204.71,69,1560,9251,3,16
1784688676.513,real_q8_tensor_220w_mtp,0,75,12351,197.09,63,1920,9251,3,16
1784688676.513,real_q8_tensor_220w_mtp,1,58,12351,202.48,67,1890,9251,3,16
1784688676.513,real_q8_tensor_220w_mtp,2,53,12351,202.55,71,1875,9251,3,16
1784688676.513,real_q8_tensor_220w_mtp,3,90,12351,202.21,68,1905,9251,3,16
1784688677.078,real_q8_tensor_220w_mtp,0,100,12351,205.58,64,1695,9251,3,16
1784688677.078,real_q8_tensor_220w_mtp,1,100,12351,206.29,68,1575,9251,3,16
1784688677.078,real_q8_tensor_220w_mtp,2,100,12351,206.29,72,1635,9251,3,16
1784688677.078,real_q8_tensor_220w_mtp,3,100,12351,209.15,69,1620,9251,3,16
1784688677.645,real_q8_tensor_220w_mtp,0,100,12351,183.61,62,1905,9251,3,16
1784688677.645,real_q8_tensor_220w_mtp,1,20,12351,186.43,67,1785,9251,3,16
1784688677.645,real_q8_tensor_220w_mtp,2,100,12351,182.04,71,1830,9251,3,16
1784688677.645,real_q8_tensor_220w_mtp,3,100,12351,189.86,67,1845,9251,3,16
1784688678.204,real_q8_tensor_220w_mtp,0,100,12351,171.63,64,1530,9251,3,16
1784688678.204,real_q8_tensor_220w_mtp,1,20,12351,179.44,68,1515,9251,3,16
1784688678.204,real_q8_tensor_220w_mtp,2,100,12351,173.78,72,1500,9251,3,16
1784688678.204,real_q8_tensor_220w_mtp,3,100,12351,183.50,69,1605,9251,3,16
1784688678.774,real_q8_tensor_220w_mtp,0,100,12351,204.15,64,1695,9251,3,16
1784688678.774,real_q8_tensor_220w_mtp,1,100,12351,203.86,68,1575,9251,3,16
1784688678.774,real_q8_tensor_220w_mtp,2,100,12351,201.50,73,1650,9251,3,16
1784688678.774,real_q8_tensor_220w_mtp,3,100,12351,209.59,69,1485,9251,3,16
1784688679.397,real_q8_tensor_220w_mtp,0,100,12351,198.99,64,1680,9251,3,16
1784688679.397,real_q8_tensor_220w_mtp,1,85,12351,201.99,68,1560,9251,3,16
1784688679.397,real_q8_tensor_220w_mtp,2,100,12351,200.26,73,1635,9251,3,16
1784688679.397,real_q8_tensor_220w_mtp,3,100,12351,203.52,69,1425,9251,3,16
1784688679.994,real_q8_tensor_220w_mtp,0,100,12351,199.08,64,1545,9251,3,16
1784688679.994,real_q8_tensor_220w_mtp,1,100,12351,201.49,68,1590,9251,3,16
1784688679.994,real_q8_tensor_220w_mtp,2,100,12351,200.54,72,1575,9251,3,16
1784688679.994,real_q8_tensor_220w_mtp,3,100,12351,203.11,69,1545,9251,3,16
1784688680.587,real_q8_tensor_220w_mtp,0,19,12351,193.27,62,1890,9251,3,16
1784688680.587,real_q8_tensor_220w_mtp,1,58,12351,194.98,66,1815,9251,3,16
1784688680.587,real_q8_tensor_220w_mtp,2,36,12351,192.79,70,1785,9251,3,16
1784688680.587,real_q8_tensor_220w_mtp,3,32,12351,199.82,68,1740,9251,3,16
1784688681.149,real_q8_tensor_220w_mtp,0,19,12351,167.56,63,1650,9251,3,16
1784688681.149,real_q8_tensor_220w_mtp,1,44,12351,178.32,67,1365,9251,3,16
1784688681.149,real_q8_tensor_220w_mtp,2,36,12351,172.25,71,1620,9251,3,16
1784688681.149,real_q8_tensor_220w_mtp,3,32,12351,169.71,67,1500,9251,3,16
1784688681.720,real_q8_tensor_220w_mtp,0,48,12351,178.68,64,1905,9251,3,16
1784688681.720,real_q8_tensor_220w_mtp,1,44,12351,187.93,66,1875,9251,3,16
1784688681.720,real_q8_tensor_220w_mtp,2,69,12351,183.01,71,1875,9251,3,16
1784688681.720,real_q8_tensor_220w_mtp,3,32,12351,178.67,69,1890,9251,3,16
1784688682.284,real_q8_tensor_220w_mtp,0,48,12351,205.95,64,1635,9251,3,16
1784688682.284,real_q8_tensor_220w_mtp,1,100,12351,208.40,68,1575,9251,3,16
1784688682.284,real_q8_tensor_220w_mtp,2,69,12351,206.33,73,1560,9251,3,16
1784688682.284,real_q8_tensor_220w_mtp,3,32,12351,207.95,69,1620,9251,3,16
1784688682.853,real_q8_tensor_220w_mtp,0,100,12351,206.27,64,1530,9251,3,16
1784688682.853,real_q8_tensor_220w_mtp,1,100,12351,205.91,68,1425,9251,3,16
1784688682.853,real_q8_tensor_220w_mtp,2,100,12351,205.95,73,1470,9251,3,16
1784688682.853,real_q8_tensor_220w_mtp,3,100,12351,210.50,68,1440,9251,3,16
1784688683.421,real_q8_tensor_220w_mtp,0,100,12351,198.74,64,1695,9251,3,16
1784688683.421,real_q8_tensor_220w_mtp,1,100,12351,201.35,68,1530,9251,3,16
1784688683.421,real_q8_tensor_220w_mtp,2,100,12351,201.54,73,1605,9251,3,16
1784688683.421,real_q8_tensor_220w_mtp,3,100,12351,203.84,69,1575,9251,3,16
1784688683.991,real_q8_tensor_220w_mtp,0,39,12351,188.54,62,1800,9251,3,16
1784688683.991,real_q8_tensor_220w_mtp,1,100,12351,193.81,67,1815,9251,3,16
1784688683.991,real_q8_tensor_220w_mtp,2,36,12351,191.52,71,1815,9251,3,16
1784688683.991,real_q8_tensor_220w_mtp,3,18,12351,194.02,67,1845,9251,3,16
1784688684.551,real_q8_tensor_220w_mtp,0,39,12351,168.76,63,1545,9251,3,16
1784688684.551,real_q8_tensor_220w_mtp,1,100,12351,179.32,67,1575,9251,3,16
1784688684.551,real_q8_tensor_220w_mtp,2,100,12351,173.34,71,1620,9251,3,16
1784688684.551,real_q8_tensor_220w_mtp,3,90,12351,180.19,68,1530,9251,3,16
1784688685.122,real_q8_tensor_220w_mtp,0,62,12351,182.94,62,1620,9251,3,16
1784688685.122,real_q8_tensor_220w_mtp,1,100,12351,187.84,68,1395,9251,3,16
1784688685.122,real_q8_tensor_220w_mtp,2,41,12351,182.69,72,1500,9251,3,16
1784688685.122,real_q8_tensor_220w_mtp,3,84,12351,194.21,67,1470,9251,3,16
1784688685.690,real_q8_tensor_220w_mtp,0,62,12351,204.41,64,1890,9251,3,16
1784688685.690,real_q8_tensor_220w_mtp,1,78,12351,204.04,68,1845,9251,3,16
1784688685.690,real_q8_tensor_220w_mtp,2,41,12351,203.99,71,1785,9251,3,16
1784688685.690,real_q8_tensor_220w_mtp,3,84,12351,208.80,69,1860,9251,3,16
1784688686.248,real_q8_tensor_220w_mtp,0,100,12351,206.10,64,1530,9251,3,16
1784688686.248,real_q8_tensor_220w_mtp,1,78,12351,207.91,68,1575,9251,3,16
1784688686.248,real_q8_tensor_220w_mtp,2,100,12351,205.64,73,1620,9251,3,16
1784688686.248,real_q8_tensor_220w_mtp,3,100,12351,207.71,68,1515,9251,3,16
1784688686.822,real_q8_tensor_220w_mtp,0,100,12351,205.25,64,1635,9251,3,16
1784688686.822,real_q8_tensor_220w_mtp,1,100,12351,205.93,68,1410,9251,3,16
1784688686.822,real_q8_tensor_220w_mtp,2,100,12351,203.35,73,1560,9251,3,16
1784688686.822,real_q8_tensor_220w_mtp,3,100,12351,210.78,69,1620,9251,3,16
1784688687.392,real_q8_tensor_220w_mtp,0,99,12351,196.62,63,1905,9251,3,16
1784688687.392,real_q8_tensor_220w_mtp,1,100,12351,198.91,67,1695,9251,3,16
1784688687.392,real_q8_tensor_220w_mtp,2,19,12351,188.12,71,1890,9251,3,16
1784688687.392,real_q8_tensor_220w_mtp,3,37,12351,189.04,66,1785,9251,3,16
1784688687.995,real_q8_tensor_220w_mtp,0,100,12351,167.38,64,1545,9251,3,16
1784688687.995,real_q8_tensor_220w_mtp,1,83,12351,174.57,68,1605,9251,3,16
1784688687.995,real_q8_tensor_220w_mtp,2,100,12351,168.45,72,1605,9251,3,16
1784688687.995,real_q8_tensor_220w_mtp,3,100,12351,167.03,68,1590,9251,3,16
1784688688.630,real_q8_tensor_220w_mtp,0,100,12351,192.72,64,1545,9251,3,16
1784688688.630,real_q8_tensor_220w_mtp,1,100,12351,192.76,67,1575,9251,3,16
1784688688.630,real_q8_tensor_220w_mtp,2,100,12351,190.39,72,1635,9251,3,16
1784688688.630,real_q8_tensor_220w_mtp,3,100,12351,194.79,69,1485,9251,3,16
1784688689.199,real_q8_tensor_220w_mtp,0,100,12351,198.14,64,1635,9251,3,16
1784688689.199,real_q8_tensor_220w_mtp,1,100,12351,200.72,67,1590,9251,3,16
1784688689.199,real_q8_tensor_220w_mtp,2,75,12351,200.38,72,1545,9251,3,16
1784688689.199,real_q8_tensor_220w_mtp,3,100,12351,202.22,69,1620,9251,3,16
1784688689.814,real_q8_tensor_220w_mtp,0,63,12351,197.31,64,1635,9251,3,16
1784688689.814,real_q8_tensor_220w_mtp,1,31,12351,200.41,66,1515,9251,3,16
1784688689.814,real_q8_tensor_220w_mtp,2,69,12351,199.88,70,1605,9251,3,16
1784688689.814,real_q8_tensor_220w_mtp,3,83,12351,204.70,69,1410,9251,3,16
1784688690.411,real_q8_tensor_220w_mtp,0,70,12351,201.17,64,1830,9251,3,16
1784688690.411,real_q8_tensor_220w_mtp,1,31,12351,207.08,68,1755,9251,3,16
1784688690.411,real_q8_tensor_220w_mtp,2,100,12351,205.88,73,1680,9251,3,16
1784688690.411,real_q8_tensor_220w_mtp,3,55,12351,204.71,69,1815,9251,3,16
1784688690.969,real_q8_tensor_220w_mtp,0,70,12351,181.35,62,1890,9251,3,16
1784688690.969,real_q8_tensor_220w_mtp,1,20,12351,181.73,65,1890,9251,3,16
1784688690.969,real_q8_tensor_220w_mtp,2,100,12351,179.18,70,1875,9251,3,16
1784688690.969,real_q8_tensor_220w_mtp,3,55,12351,188.07,67,1905,9251,3,16
1784688691.528,real_q8_tensor_220w_mtp,0,100,12351,170.75,63,1680,9251,3,16
1784688691.528,real_q8_tensor_220w_mtp,1,20,12351,177.40,68,1560,9251,3,16
1784688691.528,real_q8_tensor_220w_mtp,2,100,12351,173.74,72,1500,9251,3,16
1784688691.528,real_q8_tensor_220w_mtp,3,100,12351,183.45,68,1605,9251,3,16
1784688692.099,real_q8_tensor_220w_mtp,0,100,12351,201.04,64,1530,9251,3,16
1784688692.099,real_q8_tensor_220w_mtp,1,100,12351,202.79,68,1575,9251,3,16
1784688692.099,real_q8_tensor_220w_mtp,2,100,12351,200.80,72,1620,9251,3,16
1784688692.099,real_q8_tensor_220w_mtp,3,100,12351,208.51,68,1530,9251,3,16
1784688692.697,real_q8_tensor_220w_mtp,0,100,12351,198.88,64,1530,9251,3,16
1784688692.697,real_q8_tensor_220w_mtp,1,100,12351,200.31,67,1560,9251,3,16
1784688692.697,real_q8_tensor_220w_mtp,2,100,12351,200.55,72,1620,9251,3,16
1784688692.697,real_q8_tensor_220w_mtp,3,100,12351,202.31,69,1530,9251,3,16
1784688693.312,real_q8_tensor_220w_mtp,0,100,12351,197.48,64,1680,9251,3,16
1784688693.312,real_q8_tensor_220w_mtp,1,100,12351,201.42,68,1560,9251,3,16
1784688693.312,real_q8_tensor_220w_mtp,2,100,12351,198.86,72,1620,9251,3,16
1784688693.312,real_q8_tensor_220w_mtp,3,100,12351,202.97,69,1605,9251,3,16
1784688693.884,real_q8_tensor_220w_mtp,0,30,12351,197.47,62,1920,9251,3,16
1784688693.884,real_q8_tensor_220w_mtp,1,100,12351,196.89,66,1710,9251,3,16
1784688693.884,real_q8_tensor_220w_mtp,2,16,12351,195.24,70,1890,9251,3,16
1784688693.884,real_q8_tensor_220w_mtp,3,15,12351,201.88,67,1920,9251,3,16
1784688694.447,real_q8_tensor_220w_mtp,0,30,12351,167.02,61,1920,9251,3,16
1784688694.447,real_q8_tensor_220w_mtp,1,1,12351,169.81,64,1710,9251,3,16
1784688694.447,real_q8_tensor_220w_mtp,2,16,12351,167.50,69,1890,9251,3,16
1784688694.447,real_q8_tensor_220w_mtp,3,15,12351,175.66,66,1920,9251,3,16
1784688695.014,real_q8_tensor_220w_mtp,0,100,12351,176.57,64,1515,9251,3,16
1784688695.014,real_q8_tensor_220w_mtp,1,1,12351,173.52,68,1560,9251,3,16
1784688695.014,real_q8_tensor_220w_mtp,2,100,12351,180.34,72,1500,9251,3,16
1784688695.014,real_q8_tensor_220w_mtp,3,100,12351,185.93,69,1470,9251,3,16
1784688695.581,real_q8_tensor_220w_mtp,0,100,12351,203.32,64,1485,9251,3,16
1784688695.581,real_q8_tensor_220w_mtp,1,100,12351,206.50,68,1470,9251,3,16
1784688695.581,real_q8_tensor_220w_mtp,2,100,12351,206.36,72,1635,9251,3,16
1784688695.581,real_q8_tensor_220w_mtp,3,100,12351,209.20,68,1425,9251,3,16
1784688696.154,real_q8_tensor_220w_mtp,0,100,12351,196.80,64,1485,9251,3,16
1784688696.154,real_q8_tensor_220w_mtp,1,100,12351,205.24,67,1440,9251,3,16
1784688696.154,real_q8_tensor_220w_mtp,2,100,12351,202.51,72,1470,9251,3,16
1784688696.154,real_q8_tensor_220w_mtp,3,100,12351,203.87,69,1455,9251,3,16
1784688696.747,real_q8_tensor_220w_mtp,0,100,12351,198.75,64,1665,9251,3,16
1784688696.747,real_q8_tensor_220w_mtp,1,100,12351,201.76,68,1590,9251,3,16
1784688696.747,real_q8_tensor_220w_mtp,2,100,12351,200.12,72,1410,9251,3,16
1784688696.747,real_q8_tensor_220w_mtp,3,100,12351,204.23,68,1605,9251,3,16
1784688697.338,real_q8_tensor_220w_mtp,0,34,12351,192.99,62,1890,9251,3,16
1784688697.338,real_q8_tensor_220w_mtp,1,100,12351,195.30,66,1785,9251,3,16
1784688697.338,real_q8_tensor_220w_mtp,2,20,12351,193.09,70,1815,9251,3,16
1784688697.338,real_q8_tensor_220w_mtp,3,36,12351,197.58,67,1830,9251,3,16
1784688697.896,real_q8_tensor_220w_mtp,0,34,12351,167.80,61,1605,9251,3,16
1784688697.896,real_q8_tensor_220w_mtp,1,49,12351,177.87,67,1410,9251,3,16
1784688697.896,real_q8_tensor_220w_mtp,2,20,12351,172.01,71,1545,9251,3,16
1784688697.896,real_q8_tensor_220w_mtp,3,36,12351,178.55,67,1515,9251,3,16
1784688698.464,real_q8_tensor_220w_mtp,0,100,12351,178.86,64,1875,9251,3,16
1784688698.464,real_q8_tensor_220w_mtp,1,49,12351,187.48,66,1860,9251,3,16
1784688698.464,real_q8_tensor_220w_mtp,2,62,12351,184.07,71,1785,9251,3,16
1784688698.464,real_q8_tensor_220w_mtp,3,100,12351,189.52,68,1860,9251,3,16
1784688699.047,real_q8_tensor_220w_mtp,0,100,12351,204.71,64,1500,9251,3,16
1784688699.047,real_q8_tensor_220w_mtp,1,100,12351,205.52,68,1380,9251,3,16
1784688699.047,real_q8_tensor_220w_mtp,2,100,12351,204.33,72,1410,9251,3,16
1784688699.047,real_q8_tensor_220w_mtp,3,100,12351,207.57,68,1395,9251,3,16
1784688699.620,real_q8_tensor_220w_mtp,0,100,12351,205.22,64,1575,9251,3,16
1784688699.620,real_q8_tensor_220w_mtp,1,100,12351,203.18,67,1575,9251,3,16
1784688699.620,real_q8_tensor_220w_mtp,2,100,12351,204.47,72,1605,9251,3,16
1784688699.620,real_q8_tensor_220w_mtp,3,100,12351,208.89,69,1605,9251,3,16
1784688700.215,real_q8_tensor_220w_mtp,0,100,12351,198.74,64,1680,9251,3,16
1784688700.215,real_q8_tensor_220w_mtp,1,100,12351,199.53,67,1575,9251,3,16
1784688700.215,real_q8_tensor_220w_mtp,2,100,12351,201.49,72,1455,9251,3,16
1784688700.215,real_q8_tensor_220w_mtp,3,100,12351,201.54,68,1605,9251,3,16
1784688700.812,real_q8_tensor_220w_mtp,0,28,12351,185.96,63,1830,9251,3,16
1784688700.812,real_q8_tensor_220w_mtp,1,100,12351,189.73,65,1800,9251,3,16
1784688700.812,real_q8_tensor_220w_mtp,2,33,12351,184.39,70,1845,9251,3,16
1784688700.812,real_q8_tensor_220w_mtp,3,38,12351,192.70,67,1845,9251,3,16
1784688701.415,real_q8_tensor_220w_mtp,0,28,12351,167.69,63,1575,9251,3,16
1784688701.415,real_q8_tensor_220w_mtp,1,100,12351,177.04,67,1395,9251,3,16
1784688701.415,real_q8_tensor_220w_mtp,2,33,12351,170.90,72,1620,9251,3,16
1784688701.415,real_q8_tensor_220w_mtp,3,38,12351,179.38,68,1380,9251,3,16
1784688702.014,real_q8_tensor_220w_mtp,0,75,12351,187.08,62,1515,9251,3,16
1784688702.014,real_q8_tensor_220w_mtp,1,100,12351,189.81,67,1560,9251,3,16
1784688702.014,real_q8_tensor_220w_mtp,2,55,12351,185.94,72,1560,9251,3,16
1784688702.014,real_q8_tensor_220w_mtp,3,91,12351,194.92,67,1545,9251,3,16
1784688702.583,real_q8_tensor_220w_mtp,0,100,12351,204.36,64,1875,9251,3,16
1784688702.583,real_q8_tensor_220w_mtp,1,77,12351,203.68,66,1845,9251,3,16
1784688702.583,real_q8_tensor_220w_mtp,2,84,12351,203.26,71,1785,9251,3,16
1784688702.583,real_q8_tensor_220w_mtp,3,100,12351,207.66,68,1860,9251,3,16
1784688703.146,real_q8_tensor_220w_mtp,0,100,12351,203.67,64,1680,9251,3,16
1784688703.146,real_q8_tensor_220w_mtp,1,77,12351,205.66,68,1455,9251,3,16
1784688703.146,real_q8_tensor_220w_mtp,2,100,12351,206.47,72,1605,9251,3,16
1784688703.146,real_q8_tensor_220w_mtp,3,100,12351,208.89,69,1575,9251,3,16
1784688703.718,real_q8_tensor_220w_mtp,0,100,12351,205.27,64,1680,9251,3,16
1784688703.718,real_q8_tensor_220w_mtp,1,100,12351,205.26,67,1575,9251,3,16
1784688703.718,real_q8_tensor_220w_mtp,2,100,12351,204.17,72,1425,9251,3,16
1784688703.718,real_q8_tensor_220w_mtp,3,100,12351,211.00,69,1590,9251,3,16
1784688704.289,real_q8_tensor_220w_mtp,0,20,12351,179.15,63,1875,9251,3,16
1784688704.289,real_q8_tensor_220w_mtp,1,100,12351,188.36,65,1815,9251,3,16
1784688704.289,real_q8_tensor_220w_mtp,2,39,12351,187.03,70,1770,9251,3,16
1784688704.289,real_q8_tensor_220w_mtp,3,32,12351,194.15,68,1860,9251,3,16
1784688704.850,real_q8_tensor_220w_mtp,0,20,12351,165.35,63,1680,9251,3,16
1784688704.850,real_q8_tensor_220w_mtp,1,100,12351,171.56,66,1575,9251,3,16
1784688704.850,real_q8_tensor_220w_mtp,2,39,12351,171.29,71,1620,9251,3,16
1784688704.850,real_q8_tensor_220w_mtp,3,32,12351,178.22,68,1590,9251,3,16
1784688705.421,real_q8_tensor_220w_mtp,0,57,12351,185.19,64,1575,9251,3,16
1784688705.421,real_q8_tensor_220w_mtp,1,100,12351,183.17,68,1590,9251,3,16
1784688705.421,real_q8_tensor_220w_mtp,2,38,12351,181.35,72,1545,9251,3,16
1784688705.421,real_q8_tensor_220w_mtp,3,83,12351,194.01,68,1560,9251,3,16
1784688705.993,real_q8_tensor_220w_mtp,0,57,12351,200.18,64,1830,9251,3,16
1784688705.993,real_q8_tensor_220w_mtp,1,83,12351,205.40,67,1755,9251,3,16
1784688705.993,real_q8_tensor_220w_mtp,2,38,12351,204.20,71,1785,9251,3,16
1784688705.993,real_q8_tensor_220w_mtp,3,83,12351,202.49,69,1800,9251,3,16
1784688706.556,real_q8_tensor_220w_mtp,0,100,12351,205.68,64,1680,9251,3,16
1784688706.556,real_q8_tensor_220w_mtp,1,100,12351,206.49,67,1575,9251,3,16
1784688706.556,real_q8_tensor_220w_mtp,2,100,12351,205.32,72,1455,9251,3,16
1784688706.556,real_q8_tensor_220w_mtp,3,100,12351,208.28,69,1590,9251,3,16
1784688707.128,real_q8_tensor_220w_mtp,0,100,12351,201.17,64,1695,9251,3,16
1784688707.128,real_q8_tensor_220w_mtp,1,100,12351,202.16,67,1530,9251,3,16
1784688707.128,real_q8_tensor_220w_mtp,2,100,12351,199.34,72,1605,9251,3,16
1784688707.128,real_q8_tensor_220w_mtp,3,100,12351,207.34,69,1590,9251,3,16
1784688707.699,real_q8_tensor_220w_mtp,0,100,12351,182.42,62,1815,9251,3,16
1784688707.699,real_q8_tensor_220w_mtp,1,100,12351,191.79,66,1815,9251,3,16
1784688707.699,real_q8_tensor_220w_mtp,2,38,12351,188.57,71,1740,9251,3,16
1784688707.699,real_q8_tensor_220w_mtp,3,39,12351,188.58,66,1740,9251,3,16
1784688708.259,real_q8_tensor_220w_mtp,0,100,12351,166.67,63,1485,9251,3,16
1784688708.259,real_q8_tensor_220w_mtp,1,100,12351,175.06,67,1410,9251,3,16
1784688708.259,real_q8_tensor_220w_mtp,2,38,12351,170.34,71,1620,9251,3,16
1784688708.259,real_q8_tensor_220w_mtp,3,39,12351,178.48,68,1410,9251,3,16
1784688708.829,real_q8_tensor_220w_mtp,0,100,12351,178.82,63,1650,9251,3,16
1784688708.829,real_q8_tensor_220w_mtp,1,100,12351,192.66,66,1485,9251,3,16
1784688708.829,real_q8_tensor_220w_mtp,2,76,12351,188.85,70,1560,9251,3,16
1784688708.829,real_q8_tensor_220w_mtp,3,50,12351,190.84,68,1530,9251,3,16
1784688709.423,real_q8_tensor_220w_mtp,0,97,12351,203.68,63,1830,9251,3,16
1784688709.423,real_q8_tensor_220w_mtp,1,100,12351,205.60,68,1845,9251,3,16
1784688709.423,real_q8_tensor_220w_mtp,2,76,12351,200.39,72,1770,9251,3,16
1784688709.423,real_q8_tensor_220w_mtp,3,50,12351,205.84,68,1845,9251,3,16
1784688710.007,real_q8_tensor_220w_mtp,0,97,12351,203.09,63,1635,9251,3,16
1784688710.007,real_q8_tensor_220w_mtp,1,100,12351,205.88,68,1335,9251,3,16
1784688710.007,real_q8_tensor_220w_mtp,2,100,12351,204.12,72,1470,9251,3,16
1784688710.007,real_q8_tensor_220w_mtp,3,100,12351,206.59,69,1470,9251,3,16
1784688710.603,real_q8_tensor_220w_mtp,0,100,12351,206.96,64,1680,9251,3,16
1784688710.603,real_q8_tensor_220w_mtp,1,100,12351,206.72,68,1545,9251,3,16
1784688710.603,real_q8_tensor_220w_mtp,2,100,12351,204.50,72,1410,9251,3,16
1784688710.603,real_q8_tensor_220w_mtp,3,100,12351,209.68,68,1575,9251,3,16
1784688711.174,real_q8_tensor_220w_mtp,0,100,12351,178.34,63,1875,9251,3,16
1784688711.174,real_q8_tensor_220w_mtp,1,23,12351,187.08,65,1890,9251,3,16
1784688711.174,real_q8_tensor_220w_mtp,2,100,12351,180.26,69,1710,9251,3,16
1784688711.174,real_q8_tensor_220w_mtp,3,100,12351,185.58,68,1890,9251,3,16
1784688711.752,real_q8_tensor_220w_mtp,0,100,12351,166.30,63,1680,9251,3,16
1784688711.752,real_q8_tensor_220w_mtp,1,23,12351,173.98,66,1575,9251,3,16
1784688711.752,real_q8_tensor_220w_mtp,2,100,12351,156.81,71,1605,9251,3,16
1784688711.752,real_q8_tensor_220w_mtp,3,100,12351,176.44,68,1575,9251,3,16
1784688712.321,real_q8_tensor_220w_mtp,0,100,12351,185.13,64,1470,9251,3,16
1784688712.321,real_q8_tensor_220w_mtp,1,37,12351,185.82,67,1425,9251,3,16
1784688712.321,real_q8_tensor_220w_mtp,2,100,12351,173.16,71,1470,9251,3,16
1784688712.321,real_q8_tensor_220w_mtp,3,100,12351,194.47,68,1425,9251,3,16
1784688712.894,real_q8_tensor_220w_mtp,0,88,12351,199.92,64,1815,9251,3,16
1784688712.894,real_q8_tensor_220w_mtp,1,37,12351,206.72,67,1620,9251,3,16
1784688712.894,real_q8_tensor_220w_mtp,2,100,12351,205.08,72,1650,9251,3,16
1784688712.894,real_q8_tensor_220w_mtp,3,51,12351,203.70,68,1650,9251,3,16
1784688713.456,real_q8_tensor_220w_mtp,0,88,12351,203.95,64,1440,9251,3,16
1784688713.456,real_q8_tensor_220w_mtp,1,100,12351,205.52,68,1410,9251,3,16
1784688713.456,real_q8_tensor_220w_mtp,2,100,12351,204.96,72,1620,9251,3,16
1784688713.456,real_q8_tensor_220w_mtp,3,51,12351,207.42,68,1425,9251,3,16
1784688714.026,real_q8_tensor_220w_mtp,0,100,12351,201.18,64,1500,9251,3,16
1784688714.026,real_q8_tensor_220w_mtp,1,100,12351,199.07,68,1365,9251,3,16
1784688714.026,real_q8_tensor_220w_mtp,2,100,12351,198.13,72,1410,9251,3,16
1784688714.026,real_q8_tensor_220w_mtp,3,100,12351,205.38,68,1380,9251,3,16
1784688714.593,real_q8_tensor_220w_mtp,0,30,12351,185.65,62,1920,9251,3,16
1784688714.593,real_q8_tensor_220w_mtp,1,21,12351,188.66,66,1635,9251,3,16
1784688714.593,real_q8_tensor_220w_mtp,2,30,12351,185.21,70,1875,9251,3,16
1784688714.593,real_q8_tensor_220w_mtp,3,21,12351,189.83,67,1875,9251,3,16
1784688715.156,real_q8_tensor_220w_mtp,0,81,12351,165.26,63,1650,9251,3,16
1784688715.156,real_q8_tensor_220w_mtp,1,21,12351,175.35,67,1350,9251,3,16
1784688715.156,real_q8_tensor_220w_mtp,2,100,12351,168.68,71,1620,9251,3,16
1784688715.156,real_q8_tensor_220w_mtp,3,96,12351,175.84,68,1425,9251,3,16
1784688715.727,real_q8_tensor_220w_mtp,0,81,12351,178.14,62,1905,9251,3,16
1784688715.727,real_q8_tensor_220w_mtp,1,77,12351,188.27,66,1890,9251,3,16
1784688715.727,real_q8_tensor_220w_mtp,2,100,12351,184.46,71,1875,9251,3,16
1784688715.727,real_q8_tensor_220w_mtp,3,96,12351,185.65,67,1905,9251,3,16
1784688716.292,real_q8_tensor_220w_mtp,0,100,12351,203.60,63,1470,9251,3,16
1784688716.292,real_q8_tensor_220w_mtp,1,77,12351,202.68,68,1530,9251,3,16
1784688716.292,real_q8_tensor_220w_mtp,2,100,12351,201.76,72,1470,9251,3,16
1784688716.292,real_q8_tensor_220w_mtp,3,100,12351,205.76,68,1440,9251,3,16
1784688716.861,real_q8_tensor_220w_mtp,0,100,12351,204.27,64,1665,9251,3,16
1784688716.861,real_q8_tensor_220w_mtp,1,100,12351,202.43,67,1575,9251,3,16
1784688716.861,real_q8_tensor_220w_mtp,2,100,12351,203.87,72,1620,9251,3,16
1784688716.861,real_q8_tensor_220w_mtp,3,100,12351,207.15,68,1605,9251,3,16
1784688717.434,real_q8_tensor_220w_mtp,0,100,12351,198.41,64,1575,9251,3,16
1784688717.434,real_q8_tensor_220w_mtp,1,100,12351,200.62,67,1365,9251,3,16
1784688717.434,real_q8_tensor_220w_mtp,2,100,12351,197.01,72,1590,9251,3,16
1784688717.434,real_q8_tensor_220w_mtp,3,100,12351,201.01,68,1380,9251,3,16
1784688718.006,real_q8_tensor_220w_mtp,0,100,12351,191.00,62,1875,9251,3,16
1784688718.006,real_q8_tensor_220w_mtp,1,38,12351,197.29,67,1755,9251,3,16
1784688718.006,real_q8_tensor_220w_mtp,2,100,12351,192.73,71,1725,9251,3,16
1784688718.006,real_q8_tensor_220w_mtp,3,100,12351,191.80,66,1785,9251,3,16
1784688718.563,real_q8_tensor_220w_mtp,0,22,12351,164.82,61,1470,9251,3,16
1784688718.563,real_q8_tensor_220w_mtp,1,29,12351,174.87,65,1380,9251,3,16
1784688718.563,real_q8_tensor_220w_mtp,2,56,12351,168.59,71,1395,9251,3,16
1784688718.563,real_q8_tensor_220w_mtp,3,21,12351,165.25,65,1380,9251,3,16
1784688719.133,real_q8_tensor_220w_mtp,0,22,12351,179.92,64,1425,9251,3,16
1784688719.133,real_q8_tensor_220w_mtp,1,100,12351,182.16,67,1560,9251,3,16
1784688719.133,real_q8_tensor_220w_mtp,2,56,12351,180.62,71,1620,9251,3,16
1784688719.133,real_q8_tensor_220w_mtp,3,21,12351,180.91,68,1590,9251,3,16
1784688719.696,real_q8_tensor_220w_mtp,0,100,12351,204.94,63,1530,9251,3,16
1784688719.696,real_q8_tensor_220w_mtp,1,100,12351,204.37,67,1395,9251,3,16
1784688719.696,real_q8_tensor_220w_mtp,2,100,12351,205.68,72,1590,9251,3,16
1784688719.696,real_q8_tensor_220w_mtp,3,100,12351,208.13,68,1380,9251,3,16
1784688720.265,real_q8_tensor_220w_mtp,0,100,12351,202.35,63,1635,9251,3,16
1784688720.265,real_q8_tensor_220w_mtp,1,100,12351,202.46,67,1530,9251,3,16
1784688720.265,real_q8_tensor_220w_mtp,2,100,12351,200.57,72,1620,9251,3,16
1784688720.265,real_q8_tensor_220w_mtp,3,100,12351,209.21,68,1605,9251,3,16
1784688720.858,real_q8_tensor_220w_mtp,0,100,12351,197.35,63,1500,9251,3,16
1784688720.858,real_q8_tensor_220w_mtp,1,90,12351,199.91,68,1560,9251,3,16
1784688720.858,real_q8_tensor_220w_mtp,2,100,12351,198.25,72,1485,9251,3,16
1784688720.858,real_q8_tensor_220w_mtp,3,100,12351,201.19,68,1470,9251,3,16
1784688721.450,real_q8_tensor_220w_mtp,0,100,12351,196.54,62,1440,9251,3,16
1784688721.450,real_q8_tensor_220w_mtp,1,31,12351,195.03,66,1830,9251,3,16
1784688721.450,real_q8_tensor_220w_mtp,2,100,12351,191.58,71,1890,9251,3,16
1784688721.450,real_q8_tensor_220w_mtp,3,100,12351,197.08,67,1500,9251,3,16
1784688722.038,real_q8_tensor_220w_mtp,0,21,12351,166.82,61,1920,9251,3,16
1784688722.038,real_q8_tensor_220w_mtp,1,31,12351,177.77,65,1905,9251,3,16
1784688722.038,real_q8_tensor_220w_mtp,2,35,12351,165.37,69,1890,9251,3,16
1784688722.038,real_q8_tensor_220w_mtp,3,6,12351,175.01,66,1920,9251,3,16
1784688722.606,real_q8_tensor_220w_mtp,0,100,12351,176.61,64,1665,9251,3,16
1784688722.606,real_q8_tensor_220w_mtp,1,100,12351,184.92,67,1530,9251,3,16
1784688722.606,real_q8_tensor_220w_mtp,2,100,12351,181.72,71,1590,9251,3,16
1784688722.606,real_q8_tensor_220w_mtp,3,100,12351,187.56,68,1560,9251,3,16
1784688723.175,real_q8_tensor_220w_mtp,0,100,12351,201.19,64,1665,9251,3,16
1784688723.175,real_q8_tensor_220w_mtp,1,100,12351,206.83,68,1575,9251,3,16
1784688723.175,real_q8_tensor_220w_mtp,2,100,12351,206.97,72,1485,9251,3,16
1784688723.175,real_q8_tensor_220w_mtp,3,100,12351,207.71,68,1605,9251,3,16
1784688723.745,real_q8_tensor_220w_mtp,0,100,12351,196.26,64,1680,9251,3,16
1784688723.745,real_q8_tensor_220w_mtp,1,100,12351,200.13,67,1530,9251,3,16
1784688723.745,real_q8_tensor_220w_mtp,2,100,12351,197.51,72,1605,9251,3,16
1784688723.745,real_q8_tensor_220w_mtp,3,100,12351,201.18,68,1575,9251,3,16
1784688724.314,real_q8_tensor_220w_mtp,0,72,12351,198.49,63,1455,9251,3,16
1784688724.314,real_q8_tensor_220w_mtp,1,100,12351,198.76,68,1395,9251,3,16
1784688724.314,real_q8_tensor_220w_mtp,2,100,12351,197.54,72,1650,9251,3,16
1784688724.314,real_q8_tensor_220w_mtp,3,87,12351,201.11,68,1410,9251,3,16
1784688724.903,real_q8_tensor_220w_mtp,0,72,12351,197.85,64,1860,9251,3,16
1784688724.903,real_q8_tensor_220w_mtp,1,85,12351,203.55,67,1830,9251,3,16
1784688724.903,real_q8_tensor_220w_mtp,2,93,12351,202.86,71,1785,9251,3,16
1784688724.903,real_q8_tensor_220w_mtp,3,87,12351,200.74,69,1860,9251,3,16
1784688725.462,real_q8_tensor_220w_mtp,0,21,12351,171.88,61,1875,9251,3,16
1784688725.462,real_q8_tensor_220w_mtp,1,85,12351,182.84,65,1755,9251,3,16
1784688725.462,real_q8_tensor_220w_mtp,2,93,12351,177.51,69,1725,9251,3,16
1784688725.462,real_q8_tensor_220w_mtp,3,27,12351,183.57,67,1815,9251,3,16
1784688726.022,real_q8_tensor_220w_mtp,0,21,12351,169.68,63,1680,9251,3,16
1784688726.022,real_q8_tensor_220w_mtp,1,100,12351,173.09,67,1560,9251,3,16
1784688726.022,real_q8_tensor_220w_mtp,2,100,12351,177.07,72,1605,9251,3,16
1784688726.022,real_q8_tensor_220w_mtp,3,27,12351,181.09,68,1575,9251,3,16
1784688726.613,real_q8_tensor_220w_mtp,0,100,12351,199.19,63,1665,9251,3,16
1784688726.613,real_q8_tensor_220w_mtp,1,72,12351,195.78,67,1575,9251,3,16
1784688726.613,real_q8_tensor_220w_mtp,2,100,12351,194.69,72,1425,9251,3,16
1784688726.613,real_q8_tensor_220w_mtp,3,100,12351,202.85,68,1590,9251,3,16
1784688727.183,real_q8_tensor_220w_mtp,0,100,12351,194.29,63,1665,9251,3,16
1784688727.183,real_q8_tensor_220w_mtp,1,100,12351,200.57,67,1335,9251,3,16
1784688727.183,real_q8_tensor_220w_mtp,2,100,12351,197.40,72,1455,9251,3,16
1784688727.183,real_q8_tensor_220w_mtp,3,100,12351,201.99,68,1605,9251,3,16
1784688727.778,real_q8_tensor_220w_mtp,0,97,12351,203.55,63,1920,9251,3,16
1784688727.778,real_q8_tensor_220w_mtp,1,100,12351,197.90,66,1890,9251,3,16
1784688727.778,real_q8_tensor_220w_mtp,2,100,12351,198.12,70,1860,9251,3,16
1784688727.778,real_q8_tensor_220w_mtp,3,100,12351,204.26,67,1905,9251,3,16
1784688728.342,real_q8_tensor_220w_mtp,0,97,12351,206.35,64,1485,9251,3,16
1784688728.342,real_q8_tensor_220w_mtp,1,100,12351,200.48,67,1350,9251,3,16
1784688728.342,real_q8_tensor_220w_mtp,2,100,12351,201.08,72,1380,9251,3,16
1784688728.342,real_q8_tensor_220w_mtp,3,100,12351,203.34,68,1365,9251,3,16
1784688728.911,real_q8_tensor_220w_mtp,0,22,12351,183.95,62,1905,9251,3,16
1784688728.911,real_q8_tensor_220w_mtp,1,100,12351,189.08,67,1860,9251,3,16
1784688728.911,real_q8_tensor_220w_mtp,2,100,12351,181.26,71,1815,9251,3,16
1784688728.911,real_q8_tensor_220w_mtp,3,100,12351,187.02,66,1890,9251,3,16
1784688729.496,real_q8_tensor_220w_mtp,0,22,12351,163.54,63,1650,9251,3,16
1784688729.496,real_q8_tensor_220w_mtp,1,100,12351,172.79,67,1560,9251,3,16
1784688729.496,real_q8_tensor_220w_mtp,2,100,12351,159.60,71,1395,9251,3,16
1784688729.496,real_q8_tensor_220w_mtp,3,100,12351,174.41,68,1590,9251,3,16
1784688730.065,real_q8_tensor_220w_mtp,0,90,12351,184.98,63,1440,9251,3,16
1784688730.065,real_q8_tensor_220w_mtp,1,79,12351,195.08,67,1410,9251,3,16
1784688730.065,real_q8_tensor_220w_mtp,2,59,12351,188.26,72,1425,9251,3,16
1784688730.065,real_q8_tensor_220w_mtp,3,59,12351,192.76,68,1410,9251,3,16
1784688730.636,real_q8_tensor_220w_mtp,0,81,12351,195.78,62,1920,9251,3,16
1784688730.636,real_q8_tensor_220w_mtp,1,75,12351,202.93,66,1905,9251,3,16
1784688730.636,real_q8_tensor_220w_mtp,2,39,12351,193.15,71,1875,9251,3,16
1784688730.636,real_q8_tensor_220w_mtp,3,34,12351,198.23,66,1920,9251,3,16
1784688731.203,real_q8_tensor_220w_mtp,0,100,12351,203.55,64,1665,9251,3,16
1784688731.203,real_q8_tensor_220w_mtp,1,75,12351,205.85,67,1515,9251,3,16
1784688731.203,real_q8_tensor_220w_mtp,2,39,12351,203.95,72,1590,9251,3,16
1784688731.203,real_q8_tensor_220w_mtp,3,34,12351,206.64,68,1560,9251,3,16
1784688731.773,real_q8_tensor_220w_mtp,0,100,12351,206.50,64,1665,9251,3,16
1784688731.773,real_q8_tensor_220w_mtp,1,100,12351,204.42,67,1545,9251,3,16
1784688731.773,real_q8_tensor_220w_mtp,2,100,12351,206.76,72,1410,9251,3,16
1784688731.773,real_q8_tensor_220w_mtp,3,100,12351,207.62,68,1560,9251,3,16
1784688732.342,real_q8_tensor_220w_mtp,0,22,12351,186.17,62,1710,9251,3,16
1784688732.342,real_q8_tensor_220w_mtp,1,100,12351,186.15,65,1725,9251,3,16
1784688732.342,real_q8_tensor_220w_mtp,2,100,12351,181.05,69,1395,9251,3,16
1784688732.342,real_q8_tensor_220w_mtp,3,100,12351,189.94,67,1635,9251,3,16
1784688732.900,real_q8_tensor_220w_mtp,0,22,12351,164.32,63,1665,9251,3,16
1784688732.900,real_q8_tensor_220w_mtp,1,100,12351,171.95,67,1410,9251,3,16
1784688732.900,real_q8_tensor_220w_mtp,2,100,12351,165.09,71,1590,9251,3,16
1784688732.900,real_q8_tensor_220w_mtp,3,100,12351,174.55,67,1575,9251,3,16
1784688733.468,real_q8_tensor_220w_mtp,0,97,12351,187.65,63,1905,9251,3,16
1784688733.468,real_q8_tensor_220w_mtp,1,100,12351,184.62,67,1875,9251,3,16
1784688733.468,real_q8_tensor_220w_mtp,2,100,12351,181.62,70,1860,9251,3,16
1784688733.468,real_q8_tensor_220w_mtp,3,100,12351,188.59,67,1890,9251,3,16
1784688734.028,real_q8_tensor_220w_mtp,0,97,12351,210.58,64,1590,9251,3,16
1784688734.028,real_q8_tensor_220w_mtp,1,100,12351,201.94,67,1320,9251,3,16
1784688734.028,real_q8_tensor_220w_mtp,2,100,12351,204.71,72,1575,9251,3,16
1784688734.028,real_q8_tensor_220w_mtp,3,100,12351,205.59,68,1365,9251,3,16
1784688734.599,real_q8_tensor_220w_mtp,0,100,12351,212.84,64,1635,9251,3,16
1784688734.599,real_q8_tensor_220w_mtp,1,100,12351,201.59,67,1350,9251,3,16
1784688734.599,real_q8_tensor_220w_mtp,2,100,12351,202.30,71,1440,9251,3,16
1784688734.599,real_q8_tensor_220w_mtp,3,100,12351,206.59,68,1410,9251,3,16
1784688735.189,real_q8_tensor_220w_mtp,0,100,12351,202.30,64,1665,9251,3,16
1784688735.189,real_q8_tensor_220w_mtp,1,100,12351,196.92,67,1335,9251,3,16
1784688735.189,real_q8_tensor_220w_mtp,2,100,12351,196.02,72,1590,9251,3,16
1784688735.189,real_q8_tensor_220w_mtp,3,100,12351,200.32,68,1410,9251,3,16
1784688735.759,real_q8_tensor_220w_mtp,0,26,12351,201.68,62,1620,9251,3,16
1784688735.759,real_q8_tensor_220w_mtp,1,100,12351,189.29,66,1080,9251,3,16
1784688735.759,real_q8_tensor_220w_mtp,2,100,12351,189.66,70,1890,9251,3,16
1784688735.759,real_q8_tensor_220w_mtp,3,100,12351,196.60,66,1365,9251,3,16
1784688736.342,real_q8_tensor_220w_mtp,0,26,12351,169.30,61,1920,9251,3,16
1784688736.342,real_q8_tensor_220w_mtp,1,21,12351,174.90,65,1905,9251,3,16
1784688736.342,real_q8_tensor_220w_mtp,2,22,12351,163.24,69,1890,9251,3,16
1784688736.342,real_q8_tensor_220w_mtp,3,1,12351,174.16,66,1920,9251,3,16
1784688736.904,real_q8_tensor_220w_mtp,0,100,12351,173.60,64,1650,9251,3,16
1784688736.904,real_q8_tensor_220w_mtp,1,21,12351,182.84,67,1530,9251,3,16
1784688736.904,real_q8_tensor_220w_mtp,2,22,12351,176.73,72,1590,9251,3,16
1784688736.904,real_q8_tensor_220w_mtp,3,1,12351,183.58,68,1560,9251,3,16
1784688737.474,real_q8_tensor_220w_mtp,0,100,12351,201.47,64,1680,9251,3,16
1784688737.474,real_q8_tensor_220w_mtp,1,100,12351,204.32,67,1530,9251,3,16
1784688737.474,real_q8_tensor_220w_mtp,2,100,12351,203.75,71,1440,9251,3,16
1784688737.474,real_q8_tensor_220w_mtp,3,100,12351,202.74,68,1560,9251,3,16
1784688738.041,real_q8_tensor_220w_mtp,0,100,12351,202.15,64,1665,9251,3,16
1784688738.041,real_q8_tensor_220w_mtp,1,100,12351,195.52,67,1320,9251,3,16
1784688738.041,real_q8_tensor_220w_mtp,2,100,12351,196.11,71,1455,9251,3,16
1784688738.041,real_q8_tensor_220w_mtp,3,100,12351,200.49,68,1440,9251,3,16
1784688738.609,real_q8_tensor_220w_mtp,0,59,12351,201.50,62,1770,9251,3,16
1784688738.609,real_q8_tensor_220w_mtp,1,46,12351,194.83,65,1275,9251,3,16
1784688738.609,real_q8_tensor_220w_mtp,2,53,12351,196.99,70,1890,9251,3,16
1784688738.609,real_q8_tensor_220w_mtp,3,39,12351,198.00,67,1530,9251,3,16
1784688739.178,real_q8_tensor_220w_mtp,0,100,12351,212.75,64,1665,9251,3,16
1784688739.178,real_q8_tensor_220w_mtp,1,46,12351,201.47,67,1320,9251,3,16
1784688739.178,real_q8_tensor_220w_mtp,2,53,12351,204.07,72,1425,9251,3,16
1784688739.178,real_q8_tensor_220w_mtp,3,39,12351,206.47,68,1410,9251,3,16
1784688739.746,real_q8_tensor_220w_mtp,0,100,12351,190.92,62,1875,9251,3,16
1784688739.746,real_q8_tensor_220w_mtp,1,29,12351,179.20,66,1860,9251,3,16
1784688739.746,real_q8_tensor_220w_mtp,2,26,12351,175.25,70,1815,9251,3,16
1784688739.746,real_q8_tensor_220w_mtp,3,41,12351,191.43,66,1845,9251,3,16
1784688740.304,real_q8_tensor_220w_mtp,0,100,12351,165.40,64,1650,9251,3,16
1784688740.304,real_q8_tensor_220w_mtp,1,29,12351,171.63,67,1320,9251,3,16
1784688740.304,real_q8_tensor_220w_mtp,2,26,12351,158.85,71,1470,9251,3,16
1784688740.304,real_q8_tensor_220w_mtp,3,41,12351,175.42,68,1575,9251,3,16
1784688740.872,real_q8_tensor_220w_mtp,0,100,12351,189.53,63,1680,9251,3,16
1784688740.872,real_q8_tensor_220w_mtp,1,100,12351,192.94,67,1365,9251,3,16
1784688740.872,real_q8_tensor_220w_mtp,2,100,12351,188.10,71,1605,9251,3,16
1784688740.872,real_q8_tensor_220w_mtp,3,84,12351,193.51,68,1515,9251,3,16
1784688741.443,real_q8_tensor_220w_mtp,0,95,12351,209.83,62,1920,9251,3,16
1784688741.443,real_q8_tensor_220w_mtp,1,64,12351,194.81,67,1905,9251,3,16
1784688741.443,real_q8_tensor_220w_mtp,2,100,12351,197.08,70,1875,9251,3,16
1784688741.443,real_q8_tensor_220w_mtp,3,100,12351,204.27,67,1920,9251,3,16
1784688742.037,real_q8_tensor_220w_mtp,0,95,12351,210.19,64,1650,9251,3,16
1784688742.037,real_q8_tensor_220w_mtp,1,100,12351,202.38,67,1515,9251,3,16
1784688742.037,real_q8_tensor_220w_mtp,2,100,12351,206.05,72,1575,9251,3,16
1784688742.037,real_q8_tensor_220w_mtp,3,100,12351,209.15,68,1545,9251,3,16
1784688742.607,real_q8_tensor_220w_mtp,0,100,12351,210.61,64,1635,9251,3,16
1784688742.607,real_q8_tensor_220w_mtp,1,100,12351,205.97,67,1515,9251,3,16
1784688742.607,real_q8_tensor_220w_mtp,2,100,12351,207.93,72,1455,9251,3,16
1784688742.607,real_q8_tensor_220w_mtp,3,100,12351,209.62,68,1560,9251,3,16
1784688743.178,real_q8_tensor_220w_mtp,0,100,12351,191.12,62,1785,9251,3,16
1784688743.178,real_q8_tensor_220w_mtp,1,41,12351,188.24,66,1545,9251,3,16
1784688743.178,real_q8_tensor_220w_mtp,2,100,12351,187.15,71,1470,9251,3,16
1784688743.178,real_q8_tensor_220w_mtp,3,17,12351,193.27,66,1665,9251,3,16
1784688743.737,real_q8_tensor_220w_mtp,0,82,12351,165.67,63,1575,9251,3,16
1784688743.737,real_q8_tensor_220w_mtp,1,41,12351,170.92,66,1515,9251,3,16
1784688743.737,real_q8_tensor_220w_mtp,2,100,12351,165.95,71,1605,9251,3,16
1784688743.737,real_q8_tensor_220w_mtp,3,17,12351,171.00,67,1590,9251,3,16
1784688744.305,real_q8_tensor_220w_mtp,0,82,12351,184.30,64,1860,9251,3,16
1784688744.305,real_q8_tensor_220w_mtp,1,85,12351,184.66,66,1830,9251,3,16
1784688744.305,real_q8_tensor_220w_mtp,2,100,12351,185.32,71,1830,9251,3,16
1784688744.305,real_q8_tensor_220w_mtp,3,39,12351,187.03,68,1860,9251,3,16
1784688744.863,real_q8_tensor_220w_mtp,0,100,12351,209.47,64,1665,9251,3,16
1784688744.863,real_q8_tensor_220w_mtp,1,85,12351,204.47,67,1320,9251,3,16
1784688744.863,real_q8_tensor_220w_mtp,2,100,12351,207.29,72,1590,9251,3,16
1784688744.863,real_q8_tensor_220w_mtp,3,39,12351,210.51,69,1440,9251,3,16
1784688745.462,real_q8_tensor_220w_mtp,0,100,12351,203.35,64,1605,9251,3,16
1784688745.462,real_q8_tensor_220w_mtp,1,100,12351,208.44,67,1515,9251,3,16
1784688745.462,real_q8_tensor_220w_mtp,2,100,12351,211.19,72,1605,9251,3,16
1784688745.462,real_q8_tensor_220w_mtp,3,100,12351,210.74,68,1590,9251,3,16
1784688746.032,real_q8_tensor_220w_mtp,0,100,12351,200.76,63,1515,9251,3,16
1784688746.032,real_q8_tensor_220w_mtp,1,100,12351,199.04,67,1560,9251,3,16
1784688746.032,real_q8_tensor_220w_mtp,2,100,12351,201.61,72,1620,9251,3,16
1784688746.032,real_q8_tensor_220w_mtp,3,100,12351,203.93,68,1590,9251,3,16
1784688746.602,real_q8_tensor_220w_mtp,0,49,12351,196.67,63,1920,9251,3,16
1784688746.602,real_q8_tensor_220w_mtp,1,5,12351,197.87,65,1905,9251,3,16
1784688746.602,real_q8_tensor_220w_mtp,2,57,12351,200.77,70,1890,9251,3,16
1784688746.602,real_q8_tensor_220w_mtp,3,6,12351,200.61,67,1920,9251,3,16
1784688747.164,real_q8_tensor_220w_mtp,0,21,12351,175.37,62,1920,9251,3,16
1784688747.164,real_q8_tensor_220w_mtp,1,5,12351,174.15,66,1890,9251,3,16
1784688747.164,real_q8_tensor_220w_mtp,2,7,12351,172.85,69,1890,9251,3,16
1784688747.164,real_q8_tensor_220w_mtp,3,6,12351,184.41,66,1905,9251,3,16
1784688747.723,real_q8_tensor_220w_mtp,0,21,12351,172.69,63,1455,9251,3,16
1784688747.723,real_q8_tensor_220w_mtp,1,100,12351,181.87,67,1530,9251,3,16
1784688747.723,real_q8_tensor_220w_mtp,2,7,12351,173.17,72,1485,9251,3,16
1784688747.723,real_q8_tensor_220w_mtp,3,100,12351,185.70,68,1440,9251,3,16
1784688748.290,real_q8_tensor_220w_mtp,0,100,12351,200.32,64,1650,9251,3,16
1784688748.290,real_q8_tensor_220w_mtp,1,100,12351,206.09,67,1515,9251,3,16
1784688748.290,real_q8_tensor_220w_mtp,2,100,12351,198.67,71,1440,9251,3,16
1784688748.290,real_q8_tensor_220w_mtp,3,100,12351,207.09,68,1560,9251,3,16
1784688748.882,real_q8_tensor_220w_mtp,0,100,12351,199.49,64,1440,9251,3,16
1784688748.882,real_q8_tensor_220w_mtp,1,100,12351,198.48,67,1545,9251,3,16
1784688748.882,real_q8_tensor_220w_mtp,2,100,12351,196.39,72,1620,9251,3,16
1784688748.882,real_q8_tensor_220w_mtp,3,100,12351,200.84,68,1545,9251,3,16
1784688749.451,real_q8_tensor_220w_mtp,0,97,12351,205.27,63,1905,9251,3,16
1784688749.451,real_q8_tensor_220w_mtp,1,100,12351,198.99,67,1890,9251,3,16
1784688749.451,real_q8_tensor_220w_mtp,2,36,12351,200.96,72,1875,9251,3,16
1784688749.451,real_q8_tensor_220w_mtp,3,100,12351,207.18,67,1890,9251,3,16
1784688750.010,real_q8_tensor_220w_mtp,0,97,12351,202.93,64,1650,9251,3,16
1784688750.010,real_q8_tensor_220w_mtp,1,100,12351,210.68,68,1545,9251,3,16
1784688750.010,real_q8_tensor_220w_mtp,2,36,12351,208.71,72,1515,9251,3,16
1784688750.010,real_q8_tensor_220w_mtp,3,100,12351,210.50,68,1575,9251,3,16
1784688750.578,real_q8_tensor_220w_mtp,0,44,12351,181.78,61,1410,9251,3,16
1784688750.578,real_q8_tensor_220w_mtp,1,32,12351,195.67,66,1665,9251,3,16
1784688750.578,real_q8_tensor_220w_mtp,2,27,12351,184.81,70,1620,9251,3,16
1784688750.578,real_q8_tensor_220w_mtp,3,22,12351,188.88,66,1560,9251,3,16
1784688751.139,real_q8_tensor_220w_mtp,0,59,12351,160.98,63,1680,9251,3,16
1784688751.139,real_q8_tensor_220w_mtp,1,100,12351,173.07,66,1365,9251,3,16
1784688751.139,real_q8_tensor_220w_mtp,2,100,12351,166.88,71,1605,9251,3,16
1784688751.139,real_q8_tensor_220w_mtp,3,100,12351,174.81,68,1545,9251,3,16
1784688751.714,real_q8_tensor_220w_mtp,0,58,12351,186.88,64,1485,9251,3,16
1784688751.714,real_q8_tensor_220w_mtp,1,100,12351,187.88,67,1545,9251,3,16
1784688751.714,real_q8_tensor_220w_mtp,2,41,12351,187.40,72,1545,9251,3,16
1784688751.714,real_q8_tensor_220w_mtp,3,100,12351,195.67,68,1515,9251,3,16
1784688752.283,real_q8_tensor_220w_mtp,0,58,12351,202.77,62,1800,9251,3,16
1784688752.283,real_q8_tensor_220w_mtp,1,100,12351,209.03,68,1830,9251,3,16
1784688752.283,real_q8_tensor_220w_mtp,2,41,12351,205.90,72,1665,9251,3,16
1784688752.283,real_q8_tensor_220w_mtp,3,67,12351,205.62,67,1800,9251,3,16
1784688752.869,real_q8_tensor_220w_mtp,0,100,12351,203.20,64,1680,9251,3,16
1784688752.869,real_q8_tensor_220w_mtp,1,100,12351,208.83,67,1350,9251,3,16
1784688752.869,real_q8_tensor_220w_mtp,2,100,12351,204.18,72,1545,9251,3,16
1784688752.869,real_q8_tensor_220w_mtp,3,67,12351,207.72,68,1530,9251,3,16
1784688753.462,real_q8_tensor_220w_mtp,0,100,12351,199.22,63,1635,9251,3,16
1784688753.462,real_q8_tensor_220w_mtp,1,100,12351,204.18,67,1335,9251,3,16
1784688753.462,real_q8_tensor_220w_mtp,2,100,12351,205.71,71,1365,9251,3,16
1784688753.462,real_q8_tensor_220w_mtp,3,100,12351,204.51,68,1560,9251,3,16
1784688754.030,real_q8_tensor_220w_mtp,0,22,12351,191.48,62,1875,9251,3,16
1784688754.030,real_q8_tensor_220w_mtp,1,100,12351,192.13,66,1875,9251,3,16
1784688754.030,real_q8_tensor_220w_mtp,2,29,12351,184.86,71,1845,9251,3,16
1784688754.030,real_q8_tensor_220w_mtp,3,100,12351,190.47,66,1710,9251,3,16
1784688754.588,real_q8_tensor_220w_mtp,0,23,12351,160.66,61,1740,9251,3,16
1784688754.588,real_q8_tensor_220w_mtp,1,22,12351,168.32,65,1230,9251,3,16
1784688754.588,real_q8_tensor_220w_mtp,2,22,12351,163.46,69,1890,9251,3,16
1784688754.588,real_q8_tensor_220w_mtp,3,62,12351,163.56,65,1470,9251,3,16
1784688755.160,real_q8_tensor_220w_mtp,0,100,12351,175.05,63,1545,9251,3,16
1784688755.160,real_q8_tensor_220w_mtp,1,22,12351,189.32,67,1365,9251,3,16
1784688755.160,real_q8_tensor_220w_mtp,2,100,12351,187.50,72,1560,9251,3,16
1784688755.160,real_q8_tensor_220w_mtp,3,62,12351,180.96,68,1575,9251,3,16
1784688755.729,real_q8_tensor_220w_mtp,0,100,12351,204.16,63,1650,9251,3,16
1784688755.729,real_q8_tensor_220w_mtp,1,100,12351,203.81,67,1335,9251,3,16
1784688755.729,real_q8_tensor_220w_mtp,2,100,12351,206.43,71,1425,9251,3,16
1784688755.729,real_q8_tensor_220w_mtp,3,100,12351,208.22,68,1410,9251,3,16
1784688756.323,real_q8_tensor_220w_mtp,0,100,12351,196.43,63,1620,9251,3,16
1784688756.323,real_q8_tensor_220w_mtp,1,100,12351,199.98,67,1305,9251,3,16
1784688756.323,real_q8_tensor_220w_mtp,2,100,12351,199.08,71,1575,9251,3,16
1784688756.323,real_q8_tensor_220w_mtp,3,100,12351,198.76,68,1380,9251,3,16
1784688756.919,real_q8_tensor_220w_mtp,0,100,12351,199.72,63,1665,9251,3,16
1784688756.919,real_q8_tensor_220w_mtp,1,41,12351,193.91,67,1470,9251,3,16
1784688756.919,real_q8_tensor_220w_mtp,2,100,12351,194.96,71,1470,9251,3,16
1784688756.919,real_q8_tensor_220w_mtp,3,84,12351,201.98,68,1605,9251,3,16
1784688757.489,real_q8_tensor_220w_mtp,0,98,12351,207.30,64,1545,9251,3,16
1784688757.489,real_q8_tensor_220w_mtp,1,41,12351,200.95,67,1560,9251,3,16
1784688757.489,real_q8_tensor_220w_mtp,2,100,12351,205.13,72,1560,9251,3,16
1784688757.489,real_q8_tensor_220w_mtp,3,84,12351,206.46,68,1620,9251,3,16
1784688758.050,real_q8_tensor_220w_mtp,0,98,12351,179.88,61,1905,9251,3,16
1784688758.050,real_q8_tensor_220w_mtp,1,22,12351,178.75,66,1890,9251,3,16
1784688758.050,real_q8_tensor_220w_mtp,2,40,12351,175.61,70,1860,9251,3,16
1784688758.050,real_q8_tensor_220w_mtp,3,43,12351,185.74,66,1905,9251,3,16
1784688758.610,real_q8_tensor_220w_mtp,0,100,12351,159.16,63,1635,9251,3,16
1784688758.610,real_q8_tensor_220w_mtp,1,92,12351,172.43,67,1515,9251,3,16
1784688758.610,real_q8_tensor_220w_mtp,2,100,12351,163.92,71,1590,9251,3,16
1784688758.610,real_q8_tensor_220w_mtp,3,100,12351,172.58,67,1560,9251,3,16
1784688759.183,real_q8_tensor_220w_mtp,0,100,12351,190.29,63,1455,9251,3,16
1784688759.183,real_q8_tensor_220w_mtp,1,100,12351,194.34,67,1350,9251,3,16
1784688759.183,real_q8_tensor_220w_mtp,2,100,12351,191.77,71,1590,9251,3,16
1784688759.183,real_q8_tensor_220w_mtp,3,100,12351,194.03,68,1350,9251,3,16
1784688759.754,real_q8_tensor_220w_mtp,0,100,12351,206.82,64,1875,9251,3,16
1784688759.754,real_q8_tensor_220w_mtp,1,100,12351,196.52,67,1875,9251,3,16
1784688759.754,real_q8_tensor_220w_mtp,2,54,12351,199.77,72,1830,9251,3,16
1784688759.754,real_q8_tensor_220w_mtp,3,82,12351,206.31,67,1890,9251,3,16
1784688760.310,real_q8_tensor_220w_mtp,0,100,12351,207.18,64,1665,9251,3,16
1784688760.310,real_q8_tensor_220w_mtp,1,100,12351,200.93,67,1395,9251,3,16
1784688760.310,real_q8_tensor_220w_mtp,2,54,12351,204.63,72,1575,9251,3,16
1784688760.310,real_q8_tensor_220w_mtp,3,82,12351,207.89,68,1560,9251,3,16
1784688760.880,real_q8_tensor_220w_mtp,0,100,12351,207.91,64,1560,9251,3,16
1784688760.880,real_q8_tensor_220w_mtp,1,100,12351,201.90,67,1515,9251,3,16
1784688760.880,real_q8_tensor_220w_mtp,2,100,12351,205.49,72,1560,9251,3,16
1784688760.880,real_q8_tensor_220w_mtp,3,100,12351,211.41,68,1575,9251,3,16
1784688761.493,real_q8_tensor_220w_mtp,0,100,12351,183.92,63,1905,9251,3,16
1784688761.493,real_q8_tensor_220w_mtp,1,32,12351,189.95,65,1905,9251,3,16
1784688761.493,real_q8_tensor_220w_mtp,2,100,12351,191.88,69,1860,9251,3,16
1784688761.493,real_q8_tensor_220w_mtp,3,100,12351,191.63,67,1905,9251,3,16
1784688762.054,real_q8_tensor_220w_mtp,0,23,12351,159.25,61,1575,9251,3,16
1784688762.054,real_q8_tensor_220w_mtp,1,41,12351,171.99,65,1035,9251,3,16
1784688762.054,real_q8_tensor_220w_mtp,2,62,12351,167.32,71,1545,9251,3,16
1784688762.054,real_q8_tensor_220w_mtp,3,29,12351,173.37,66,1515,9251,3,16
1784688762.626,real_q8_tensor_220w_mtp,0,100,12351,181.69,63,1650,9251,3,16
1784688762.626,real_q8_tensor_220w_mtp,1,100,12351,185.38,67,1500,9251,3,16
1784688762.626,real_q8_tensor_220w_mtp,2,62,12351,187.33,72,1575,9251,3,16
1784688762.626,real_q8_tensor_220w_mtp,3,29,12351,194.48,68,1590,9251,3,16
1784688763.192,real_q8_tensor_220w_mtp,0,100,12351,204.24,64,1665,9251,3,16
1784688763.192,real_q8_tensor_220w_mtp,1,100,12351,204.80,67,1455,9251,3,16
1784688763.192,real_q8_tensor_220w_mtp,2,100,12351,207.15,72,1605,9251,3,16
1784688763.192,real_q8_tensor_220w_mtp,3,100,12351,212.75,68,1590,9251,3,16
1784688763.763,real_q8_tensor_220w_mtp,0,100,12351,196.24,64,1545,9251,3,16
1784688763.763,real_q8_tensor_220w_mtp,1,100,12351,199.75,67,1515,9251,3,16
1784688763.763,real_q8_tensor_220w_mtp,2,100,12351,199.17,72,1560,9251,3,16
1784688763.763,real_q8_tensor_220w_mtp,3,100,12351,203.96,68,1575,9251,3,16
1784688764.329,real_q8_tensor_220w_mtp,0,14,12351,192.64,64,1590,9251,3,16
1784688764.329,real_q8_tensor_220w_mtp,1,100,12351,200.80,65,1335,9251,3,16
1784688764.329,real_q8_tensor_220w_mtp,2,69,12351,201.62,70,1545,9251,3,16
1784688764.329,real_q8_tensor_220w_mtp,3,47,12351,204.09,69,1500,9251,3,16
1784688764.904,real_q8_tensor_220w_mtp,0,14,12351,193.84,64,1530,9251,3,16
1784688764.904,real_q8_tensor_220w_mtp,1,100,12351,204.26,67,1530,9251,3,16
1784688764.904,real_q8_tensor_220w_mtp,2,69,12351,208.16,72,1515,9251,3,16
1784688764.904,real_q8_tensor_220w_mtp,3,47,12351,211.31,68,1590,9251,3,16
1784688765.493,real_q8_tensor_220w_mtp,0,45,12351,173.83,61,1905,9251,3,16
1784688765.493,real_q8_tensor_220w_mtp,1,22,12351,187.57,65,1875,9251,3,16
1784688765.493,real_q8_tensor_220w_mtp,2,2,12351,182.03,69,1830,9251,3,16
1784688765.493,real_q8_tensor_220w_mtp,3,29,12351,184.33,67,1890,9251,3,16
1784688766.051,real_q8_tensor_220w_mtp,0,100,12351,165.10,63,1530,9251,3,16
1784688766.051,real_q8_tensor_220w_mtp,1,100,12351,171.55,67,1530,9251,3,16
1784688766.051,real_q8_tensor_220w_mtp,2,100,12351,164.60,72,1605,9251,3,16
1784688766.051,real_q8_tensor_220w_mtp,3,100,12351,179.87,68,1590,9251,3,16
1784688766.647,real_q8_tensor_220w_mtp,0,100,12351,192.45,63,1680,9251,3,16
1784688766.647,real_q8_tensor_220w_mtp,1,100,12351,195.08,67,1395,9251,3,16
1784688766.647,real_q8_tensor_220w_mtp,2,100,12351,195.38,71,1545,9251,3,16
1784688766.647,real_q8_tensor_220w_mtp,3,100,12351,203.16,68,1530,9251,3,16
1784688767.261,real_q8_tensor_220w_mtp,0,87,12351,199.34,62,1920,9251,3,16
1784688767.261,real_q8_tensor_220w_mtp,1,100,12351,201.48,65,1905,9251,3,16
1784688767.261,real_q8_tensor_220w_mtp,2,26,12351,199.86,70,1875,9251,3,16
1784688767.261,real_q8_tensor_220w_mtp,3,49,12351,206.11,67,1920,9251,3,16
1784688767.829,real_q8_tensor_220w_mtp,0,87,12351,201.41,64,1410,9251,3,16
1784688767.829,real_q8_tensor_220w_mtp,1,100,12351,210.46,68,1410,9251,3,16
1784688767.829,real_q8_tensor_220w_mtp,2,26,12351,207.04,72,1395,9251,3,16
1784688767.829,real_q8_tensor_220w_mtp,3,49,12351,209.84,68,1365,9251,3,16
1784688768.397,real_q8_tensor_220w_mtp,0,100,12351,201.45,63,1635,9251,3,16
1784688768.397,real_q8_tensor_220w_mtp,1,100,12351,212.23,67,1575,9251,3,16
1784688768.397,real_q8_tensor_220w_mtp,2,100,12351,207.25,72,1380,9251,3,16
1784688768.397,real_q8_tensor_220w_mtp,3,100,12351,206.81,68,1560,9251,3,16
1784688768.968,real_q8_tensor_220w_mtp,0,100,12351,187.85,62,1905,9251,3,16
1784688768.968,real_q8_tensor_220w_mtp,1,36,12351,189.65,65,1890,9251,3,16
1784688768.968,real_q8_tensor_220w_mtp,2,100,12351,184.77,69,1860,9251,3,16
1784688768.968,real_q8_tensor_220w_mtp,3,100,12351,193.32,66,1905,9251,3,16
1784688769.529,real_q8_tensor_220w_mtp,0,20,12351,157.22,61,1365,9251,3,16
1784688769.529,real_q8_tensor_220w_mtp,1,36,12351,168.86,65,1290,9251,3,16
1784688769.529,real_q8_tensor_220w_mtp,2,61,12351,163.66,69,1305,9251,3,16
1784688769.529,real_q8_tensor_220w_mtp,3,33,12351,168.52,67,1215,9251,3,16
1784688770.099,real_q8_tensor_220w_mtp,0,100,12351,181.69,63,1410,9251,3,16
1784688770.099,real_q8_tensor_220w_mtp,1,100,12351,185.14,67,1545,9251,3,16
1784688770.099,real_q8_tensor_220w_mtp,2,100,12351,182.30,72,1605,9251,3,16
1784688770.099,real_q8_tensor_220w_mtp,3,100,12351,191.59,68,1440,9251,3,16
1784688770.671,real_q8_tensor_220w_mtp,0,100,12351,201.82,63,1425,9251,3,16
1784688770.671,real_q8_tensor_220w_mtp,1,100,12351,207.44,68,1545,9251,3,16
1784688770.671,real_q8_tensor_220w_mtp,2,100,12351,206.02,72,1470,9251,3,16
1784688770.671,real_q8_tensor_220w_mtp,3,100,12351,209.23,69,1425,9251,3,16
1784688771.239,real_q8_tensor_220w_mtp,0,100,12351,193.99,63,1605,9251,3,16
1784688771.239,real_q8_tensor_220w_mtp,1,100,12351,201.14,67,1545,9251,3,16
1784688771.239,real_q8_tensor_220w_mtp,2,100,12351,196.23,71,1365,9251,3,16
1784688771.239,real_q8_tensor_220w_mtp,3,100,12351,200.26,68,1575,9251,3,16
1784688771.806,real_q8_tensor_220w_mtp,0,25,12351,193.82,62,1920,9251,3,16
1784688771.806,real_q8_tensor_220w_mtp,1,100,12351,199.96,65,1905,9251,3,16
1784688771.806,real_q8_tensor_220w_mtp,2,51,12351,198.49,70,1890,9251,3,16
1784688771.806,real_q8_tensor_220w_mtp,3,26,12351,196.57,68,1920,9251,3,16
1784688772.378,real_q8_tensor_220w_mtp,0,100,12351,202.81,64,1605,9251,3,16
1784688772.378,real_q8_tensor_220w_mtp,1,100,12351,206.98,67,1290,9251,3,16
1784688772.378,real_q8_tensor_220w_mtp,2,100,12351,206.10,72,1560,9251,3,16
1784688772.378,real_q8_tensor_220w_mtp,3,100,12351,207.86,68,1350,9251,3,16
1784688772.973,real_q8_tensor_220w_mtp,0,31,12351,176.90,61,1815,9251,3,16
1784688772.973,real_q8_tensor_220w_mtp,1,100,12351,187.82,65,1845,9251,3,16
1784688772.973,real_q8_tensor_220w_mtp,2,43,12351,183.63,70,1785,9251,3,16
1784688772.973,real_q8_tensor_220w_mtp,3,41,12351,185.13,66,1860,9251,3,16
1784688773.548,real_q8_tensor_220w_mtp,0,31,12351,159.88,63,1665,9251,3,16
1784688773.548,real_q8_tensor_220w_mtp,1,100,12351,169.10,66,1530,9251,3,16
1784688773.548,real_q8_tensor_220w_mtp,2,100,12351,162.38,72,1635,9251,3,16
1784688773.548,real_q8_tensor_220w_mtp,3,100,12351,170.45,67,1605,9251,3,16
1784688774.120,real_q8_tensor_220w_mtp,0,36,12351,183.55,63,1410,9251,3,16
1784688774.120,real_q8_tensor_220w_mtp,1,28,12351,186.01,67,1470,9251,3,16
1784688774.120,real_q8_tensor_220w_mtp,2,23,12351,191.42,69,1545,9251,3,16
1784688774.120,real_q8_tensor_220w_mtp,3,75,12351,193.31,68,1425,9251,3,16
1784688774.689,real_q8_tensor_220w_mtp,0,36,12351,201.03,63,1635,9251,3,16
1784688774.689,real_q8_tensor_220w_mtp,1,28,12351,206.50,67,1575,9251,3,16
1784688774.689,real_q8_tensor_220w_mtp,2,23,12351,204.80,72,1605,9251,3,16
1784688774.689,real_q8_tensor_220w_mtp,3,75,12351,206.56,68,1575,9251,3,16
1784688775.253,real_q8_tensor_220w_mtp,0,100,12351,200.95,63,1635,9251,3,16
1784688775.253,real_q8_tensor_220w_mtp,1,100,12351,207.08,67,1320,9251,3,16
1784688775.253,real_q8_tensor_220w_mtp,2,100,12351,205.08,71,1575,9251,3,16
1784688775.253,real_q8_tensor_220w_mtp,3,100,12351,207.26,68,1560,9251,3,16
1784688775.822,real_q8_tensor_220w_mtp,0,100,12351,194.51,64,1635,9251,3,16
1784688775.822,real_q8_tensor_220w_mtp,1,100,12351,199.85,67,1560,9251,3,16
1784688775.822,real_q8_tensor_220w_mtp,2,100,12351,201.04,72,1515,9251,3,16
1784688775.822,real_q8_tensor_220w_mtp,3,100,12351,201.26,68,1605,9251,3,16
1784688776.391,real_q8_tensor_220w_mtp,0,23,12351,192.62,61,1920,9251,3,16
1784688776.391,real_q8_tensor_220w_mtp,1,10,12351,197.70,65,1905,9251,3,16
1784688776.391,real_q8_tensor_220w_mtp,2,18,12351,196.71,70,1890,9251,3,16
1784688776.391,real_q8_tensor_220w_mtp,3,2,12351,196.28,66,1920,9251,3,16
1784688776.980,real_q8_tensor_220w_mtp,0,23,12351,164.12,62,1920,9251,3,16
1784688776.980,real_q8_tensor_220w_mtp,1,10,12351,176.21,65,1890,9251,3,16
1784688776.980,real_q8_tensor_220w_mtp,2,18,12351,170.20,69,1860,9251,3,16
1784688776.980,real_q8_tensor_220w_mtp,3,2,12351,173.60,66,1905,9251,3,16
1784688777.542,real_q8_tensor_220w_mtp,0,100,12351,168.38,63,1650,9251,3,16
1784688777.542,real_q8_tensor_220w_mtp,1,100,12351,178.85,67,1500,9251,3,16
1784688777.542,real_q8_tensor_220w_mtp,2,100,12351,173.83,71,1410,9251,3,16
1784688777.542,real_q8_tensor_220w_mtp,3,100,12351,181.89,68,1560,9251,3,16
1784688778.111,real_q8_tensor_220w_mtp,0,63,12351,195.95,63,1410,9251,3,16
1784688778.111,real_q8_tensor_220w_mtp,1,97,12351,198.96,67,1530,9251,3,16
1784688778.111,real_q8_tensor_220w_mtp,2,100,12351,196.13,72,1455,9251,3,16
1784688778.111,real_q8_tensor_220w_mtp,3,100,12351,204.74,68,1590,9251,3,16
1784688778.683,real_q8_tensor_220w_mtp,0,48,12351,195.45,61,1590,9251,3,16
1784688778.683,real_q8_tensor_220w_mtp,1,39,12351,197.63,68,1335,9251,3,16
1784688778.683,real_q8_tensor_220w_mtp,2,100,12351,196.03,72,1365,9251,3,16
1784688778.683,real_q8_tensor_220w_mtp,3,84,12351,202.48,66,1485,9251,3,16
1784688779.249,real_q8_tensor_220w_mtp,0,48,12351,202.21,63,1680,9251,3,16
1784688779.249,real_q8_tensor_220w_mtp,1,39,12351,204.84,67,1410,9251,3,16
1784688779.249,real_q8_tensor_220w_mtp,2,100,12351,202.66,72,1590,9251,3,16
1784688779.249,real_q8_tensor_220w_mtp,3,84,12351,204.72,68,1560,9251,3,16
1784688779.818,real_q8_tensor_220w_mtp,0,100,12351,201.89,63,1650,9251,3,16
1784688779.818,real_q8_tensor_220w_mtp,1,100,12351,205.93,67,1500,9251,3,16
1784688779.818,real_q8_tensor_220w_mtp,2,100,12351,204.56,72,1350,9251,3,16
1784688779.818,real_q8_tensor_220w_mtp,3,100,12351,205.12,68,1530,9251,3,16
1784688780.448,real_q8_tensor_220w_mtp,0,100,12351,180.85,61,1680,9251,3,16
1784688780.448,real_q8_tensor_220w_mtp,1,100,12351,191.94,65,1545,9251,3,16
1784688780.448,real_q8_tensor_220w_mtp,2,44,12351,187.03,70,1680,9251,3,16
1784688780.448,real_q8_tensor_220w_mtp,3,100,12351,187.22,66,1650,9251,3,16
1784688781.009,real_q8_tensor_220w_mtp,0,48,12351,156.88,62,1665,9251,3,16
1784688781.009,real_q8_tensor_220w_mtp,1,34,12351,168.07,65,1500,9251,3,16
1784688781.009,real_q8_tensor_220w_mtp,2,44,12351,160.41,69,1590,9251,3,16
1784688781.009,real_q8_tensor_220w_mtp,3,83,12351,171.00,67,1560,9251,3,16
1784688781.603,real_q8_tensor_220w_mtp,0,100,12351,181.51,63,1410,9251,3,16
1784688781.603,real_q8_tensor_220w_mtp,1,100,12351,186.11,67,1590,9251,3,16
1784688781.603,real_q8_tensor_220w_mtp,2,100,12351,180.54,72,1605,9251,3,16
1784688781.603,real_q8_tensor_220w_mtp,3,100,12351,192.70,68,1500,9251,3,16
1784688782.167,real_q8_tensor_220w_mtp,0,100,12351,202.77,63,1680,9251,3,16
1784688782.167,real_q8_tensor_220w_mtp,1,100,12351,205.65,67,1305,9251,3,16
1784688782.167,real_q8_tensor_220w_mtp,2,100,12351,204.30,71,1455,9251,3,16
1784688782.167,real_q8_tensor_220w_mtp,3,100,12351,204.88,68,1470,9251,3,16
1784688782.739,real_q8_tensor_220w_mtp,0,100,12351,194.61,63,1410,9251,3,16
1784688782.739,real_q8_tensor_220w_mtp,1,100,12351,204.25,67,1395,9251,3,16
1784688782.739,real_q8_tensor_220w_mtp,2,100,12351,201.46,72,1605,9251,3,16
1784688782.739,real_q8_tensor_220w_mtp,3,100,12351,201.29,68,1350,9251,3,16
1784688783.307,real_q8_tensor_220w_mtp,0,11,12351,191.59,62,1920,9251,3,16
1784688783.307,real_q8_tensor_220w_mtp,1,41,12351,199.74,65,1440,9251,3,16
1784688783.307,real_q8_tensor_220w_mtp,2,100,12351,198.81,70,1680,9251,3,16
1784688783.307,real_q8_tensor_220w_mtp,3,39,12351,199.33,68,1410,9251,3,16
1784688783.885,real_q8_tensor_220w_mtp,0,11,12351,201.49,64,1620,9251,3,16
1784688783.885,real_q8_tensor_220w_mtp,1,41,12351,204.69,67,1575,9251,3,16
1784688783.885,real_q8_tensor_220w_mtp,2,100,12351,203.67,72,1605,9251,3,16
1784688783.885,real_q8_tensor_220w_mtp,3,39,12351,206.44,68,1305,9251,3,16
1784688784.467,real_q8_tensor_220w_mtp,0,22,12351,176.76,61,1755,9251,3,16
1784688784.467,real_q8_tensor_220w_mtp,1,43,12351,187.54,66,1410,9251,3,16
1784688784.467,real_q8_tensor_220w_mtp,2,100,12351,182.31,71,1650,9251,3,16
1784688784.467,real_q8_tensor_220w_mtp,3,45,12351,184.08,66,1770,9251,3,16
1784688785.043,real_q8_tensor_220w_mtp,0,90,12351,157.05,63,1590,9251,3,16
1784688785.043,real_q8_tensor_220w_mtp,1,100,12351,174.65,66,1410,9251,3,16
1784688785.043,real_q8_tensor_220w_mtp,2,100,12351,167.96,71,1590,9251,3,16
1784688785.043,real_q8_tensor_220w_mtp,3,100,12351,180.10,68,1605,9251,3,16
1784688785.817,real_q8_tensor_220w_mtp,0,100,12351,192.76,63,1440,9251,3,16
1784688785.817,real_q8_tensor_220w_mtp,1,100,12351,202.82,67,1530,9251,3,16
1784688785.817,real_q8_tensor_220w_mtp,2,100,12351,202.01,72,1545,9251,3,16
1784688785.817,real_q8_tensor_220w_mtp,3,100,12351,201.71,68,1605,9251,3,16
1784688786.422,real_q8_tensor_220w_mtp,0,100,12351,190.62,62,1410,9251,3,16
1784688786.422,real_q8_tensor_220w_mtp,1,100,12351,197.52,65,1410,9251,3,16
1784688786.422,real_q8_tensor_220w_mtp,2,63,12351,195.39,70,1485,9251,3,16
1784688786.422,real_q8_tensor_220w_mtp,3,100,12351,196.54,68,1425,9251,3,16
1784688786.990,real_q8_tensor_220w_mtp,0,100,12351,200.13,63,1620,9251,3,16
1784688786.990,real_q8_tensor_220w_mtp,1,100,12351,205.83,67,1575,9251,3,16
1784688786.990,real_q8_tensor_220w_mtp,2,63,12351,204.49,72,1575,9251,3,16
1784688786.990,real_q8_tensor_220w_mtp,3,100,12351,206.21,68,1530,9251,3,16
1784688787.595,real_q8_tensor_220w_mtp,0,100,12351,201.74,63,1410,9251,3,16
1784688787.595,real_q8_tensor_220w_mtp,1,100,12351,204.97,67,1320,9251,3,16
1784688787.595,real_q8_tensor_220w_mtp,2,100,12351,202.87,72,1590,9251,3,16
1784688787.595,real_q8_tensor_220w_mtp,3,100,12351,205.63,68,1350,9251,3,16
1784688788.189,real_q8_tensor_220w_mtp,0,34,12351,180.98,61,1590,9251,3,16
1784688788.189,real_q8_tensor_220w_mtp,1,25,12351,184.68,65,795,9251,3,16
1784688788.189,real_q8_tensor_220w_mtp,2,100,12351,182.38,69,1305,9251,3,16
1784688788.189,real_q8_tensor_220w_mtp,3,44,12351,193.22,66,1245,9251,3,16
1784688788.750,real_q8_tensor_220w_mtp,0,34,12351,150.50,61,1545,9251,3,16
1784688788.750,real_q8_tensor_220w_mtp,1,25,12351,167.88,66,1515,9251,3,16
1784688788.750,real_q8_tensor_220w_mtp,2,59,12351,161.71,71,1365,9251,3,16
1784688788.750,real_q8_tensor_220w_mtp,3,44,12351,169.91,67,1575,9251,3,16
1784688789.345,real_q8_tensor_220w_mtp,0,100,12351,174.20,63,1605,9251,3,16
1784688789.345,real_q8_tensor_220w_mtp,1,100,12351,189.27,67,1575,9251,3,16
1784688789.345,real_q8_tensor_220w_mtp,2,59,12351,185.60,72,1605,9251,3,16
1784688789.345,real_q8_tensor_220w_mtp,3,100,12351,186.89,68,1575,9251,3,16
1784688789.909,real_q8_tensor_220w_mtp,0,100,12351,201.91,63,1620,9251,3,16
1784688789.909,real_q8_tensor_220w_mtp,1,100,12351,203.37,67,1545,9251,3,16
1784688789.909,real_q8_tensor_220w_mtp,2,100,12351,202.76,72,1470,9251,3,16
1784688789.909,real_q8_tensor_220w_mtp,3,100,12351,207.01,68,1590,9251,3,16
1784688790.478,real_q8_tensor_220w_mtp,0,100,12351,195.53,63,1605,9251,3,16
1784688790.478,real_q8_tensor_220w_mtp,1,100,12351,198.31,67,1590,9251,3,16
1784688790.478,real_q8_tensor_220w_mtp,2,100,12351,196.40,71,1410,9251,3,16
1784688790.478,real_q8_tensor_220w_mtp,3,100,12351,200.95,68,1575,9251,3,16
1784688791.069,real_q8_tensor_220w_mtp,0,98,12351,190.15,62,1920,9251,3,16
1784688791.069,real_q8_tensor_220w_mtp,1,63,12351,196.47,65,1905,9251,3,16
1784688791.069,real_q8_tensor_220w_mtp,2,34,12351,194.18,69,1890,9251,3,16
1784688791.069,real_q8_tensor_220w_mtp,3,53,12351,198.08,66,1920,9251,3,16
1784688791.637,real_q8_tensor_220w_mtp,0,100,12351,200.78,63,1665,9251,3,16
1784688791.637,real_q8_tensor_220w_mtp,1,100,12351,204.02,67,1530,9251,3,16
1784688791.637,real_q8_tensor_220w_mtp,2,34,12351,203.12,72,1560,9251,3,16
1784688791.637,real_q8_tensor_220w_mtp,3,100,12351,204.49,68,1605,9251,3,16
1784688792.205,real_q8_tensor_220w_mtp,0,100,12351,183.28,61,1920,9251,3,16
1784688792.205,real_q8_tensor_220w_mtp,1,100,12351,186.92,65,1890,9251,3,16
1784688792.205,real_q8_tensor_220w_mtp,2,44,12351,183.23,69,1890,9251,3,16
1784688792.205,real_q8_tensor_220w_mtp,3,100,12351,187.71,66,1920,9251,3,16
1784688792.794,real_q8_tensor_220w_mtp,0,100,12351,162.57,63,1560,9251,3,16
1784688792.794,real_q8_tensor_220w_mtp,1,100,12351,173.85,67,1500,9251,3,16
1784688792.794,real_q8_tensor_220w_mtp,2,100,12351,166.61,71,1515,9251,3,16
1784688792.794,real_q8_tensor_220w_mtp,3,100,12351,175.05,68,1500,9251,3,16
1784688793.393,real_q8_tensor_220w_mtp,0,100,12351,166.18,60,1920,9251,3,16
1784688793.393,real_q8_tensor_220w_mtp,1,100,12351,175.53,64,1905,9251,3,16
1784688793.393,real_q8_tensor_220w_mtp,2,0,12351,167.51,68,1800,9251,3,16
1784688793.393,real_q8_tensor_220w_mtp,3,100,12351,177.84,65,1920,9251,3,16
1784688793.950,real_q8_tensor_220w_mtp,0,11,12351,126.84,60,1920,9251,3,16
1784688793.950,real_q8_tensor_220w_mtp,1,0,12351,146.99,64,1920,9251,3,16
1784688793.950,real_q8_tensor_220w_mtp,2,0,12351,128.09,67,1800,9251,3,16
1784688793.950,real_q8_tensor_220w_mtp,3,10,12351,144.85,65,1920,9251,3,16
1784688794.527,real_q8_tensor_220w_mtp,0,75,12351,128.96,62,1695,9251,3,16
1784688794.527,real_q8_tensor_220w_mtp,1,21,12351,145.60,65,1455,9251,3,16
1784688794.527,real_q8_tensor_220w_mtp,2,100,12351,119.46,70,1590,9251,3,16
1784688794.527,real_q8_tensor_220w_mtp,3,45,12351,151.21,67,1575,9251,3,16
1784688795.145,real_q8_tensor_220w_mtp,0,100,12351,172.72,63,1785,9251,3,16
1784688795.145,real_q8_tensor_220w_mtp,1,55,12351,184.36,67,1815,9251,3,16
1784688795.145,real_q8_tensor_220w_mtp,2,100,12351,173.59,71,1785,9251,3,16
1784688795.145,real_q8_tensor_220w_mtp,3,100,12351,186.11,68,1785,9251,3,16
1784688795.703,real_q8_tensor_220w_mtp,0,100,12351,163.82,60,1920,9251,3,16
1784688795.703,real_q8_tensor_220w_mtp,1,55,12351,169.01,63,1740,9251,3,16
1784688795.703,real_q8_tensor_220w_mtp,2,0,12351,172.33,68,1905,9251,3,16
1784688795.703,real_q8_tensor_220w_mtp,3,100,12351,173.52,65,1920,9251,3,16
1784688796.261,real_q8_tensor_220w_mtp,0,0,12351,117.99,60,1920,9251,3,16
1784688796.261,real_q8_tensor_220w_mtp,1,10,12351,118.22,62,1740,9251,3,16
1784688796.261,real_q8_tensor_220w_mtp,2,0,12351,126.12,67,1905,9251,3,16
1784688796.261,real_q8_tensor_220w_mtp,3,0,12351,139.25,64,1920,9251,3,16
1784688796.843,real_q8_tensor_220w_mtp,0,0,12351,137.90,61,1830,9251,3,16
1784688796.843,real_q8_tensor_220w_mtp,1,10,12351,128.96,64,1665,9251,3,16
1784688796.843,real_q8_tensor_220w_mtp,2,50,12351,142.51,70,1725,9251,3,16
1784688796.843,real_q8_tensor_220w_mtp,3,0,12351,160.03,66,1695,9251,3,16
1784688797.439,real_q8_tensor_220w_mtp,0,79,12351,182.51,62,1695,9251,3,16
1784688797.439,real_q8_tensor_220w_mtp,1,72,12351,184.15,66,1740,9251,3,16
1784688797.439,real_q8_tensor_220w_mtp,2,50,12351,192.55,71,1635,9251,3,16
1784688797.439,real_q8_tensor_220w_mtp,3,79,12351,195.70,67,1605,9251,3,16
1784688798.012,real_q8_tensor_220w_mtp,0,79,12351,211.86,62,1845,9251,3,16
1784688798.012,real_q8_tensor_220w_mtp,1,72,12351,213.67,66,1680,9251,3,16
1784688798.012,real_q8_tensor_220w_mtp,2,77,12351,213.48,70,1770,9251,3,16
1784688798.012,real_q8_tensor_220w_mtp,3,79,12351,214.54,67,1725,9251,3,16
1784688798.583,real_q8_tensor_220w_mtp,0,77,12351,211.73,62,1770,9251,3,16
1784688798.583,real_q8_tensor_220w_mtp,1,72,12351,213.54,66,1605,9251,3,16
1784688798.583,real_q8_tensor_220w_mtp,2,77,12351,212.89,70,1650,9251,3,16
1784688798.583,real_q8_tensor_220w_mtp,3,71,12351,214.51,67,1725,9251,3,16
1784688799.159,real_q8_tensor_220w_mtp,0,77,12351,203.87,62,1710,9251,3,16
1784688799.159,real_q8_tensor_220w_mtp,1,72,12351,209.46,66,1725,9251,3,16
1784688799.159,real_q8_tensor_220w_mtp,2,76,12351,206.66,71,1755,9251,3,16
1784688799.159,real_q8_tensor_220w_mtp,3,71,12351,210.15,67,1785,9251,3,16
1784688799.735,real_q8_tensor_220w_mtp,0,74,12351,204.90,62,1785,9251,3,16
1784688799.735,real_q8_tensor_220w_mtp,1,76,12351,210.03,66,1620,9251,3,16
1784688799.735,real_q8_tensor_220w_mtp,2,76,12351,207.72,71,1665,9251,3,16
1784688799.735,real_q8_tensor_220w_mtp,3,77,12351,210.13,67,1635,9251,3,16
