t_unix,tag,index,utilization.gpu,memory.used,power.draw,temperature.gpu,clocks.sm,clocks.mem,pcie.link.gen.current,pcie.link.width.current
1784678861.773,real_q6xl_tensor_220w_mtp,0,0,11537,101.30,54,1710,9251,3,16
1784678861.773,real_q6xl_tensor_220w_mtp,1,0,11537,117.07,59,1710,9251,3,16
1784678861.773,real_q6xl_tensor_220w_mtp,2,0,11537,106.20,62,1710,9251,3,16
1784678861.773,real_q6xl_tensor_220w_mtp,3,0,11537,113.86,58,1710,9251,3,16
1784678862.365,real_q6xl_tensor_220w_mtp,0,100,11575,115.05,58,1875,9251,3,16
1784678862.365,real_q6xl_tensor_220w_mtp,1,100,11575,132.26,62,1815,9251,3,16
1784678862.365,real_q6xl_tensor_220w_mtp,2,0,11575,120.40,64,1710,9251,3,16
1784678862.365,real_q6xl_tensor_220w_mtp,3,0,11575,124.05,61,1815,9251,3,16
1784678862.962,real_q6xl_tensor_220w_mtp,0,16,11647,148.55,56,1935,9251,3,16
1784678862.962,real_q6xl_tensor_220w_mtp,1,24,11647,158.01,62,1920,9251,3,16
1784678862.962,real_q6xl_tensor_220w_mtp,2,23,11647,146.38,64,1920,9251,3,16
1784678862.962,real_q6xl_tensor_220w_mtp,3,28,11649,158.02,61,1935,9251,3,16
1784678863.533,real_q6xl_tensor_220w_mtp,0,100,11665,160.34,58,1875,9251,3,16
1784678863.533,real_q6xl_tensor_220w_mtp,1,100,11665,175.66,63,1785,9251,3,16
1784678863.533,real_q6xl_tensor_220w_mtp,2,23,11665,165.45,66,1830,9251,3,16
1784678863.533,real_q6xl_tensor_220w_mtp,3,28,11665,175.02,63,1830,9251,3,16
1784678864.130,real_q6xl_tensor_220w_mtp,0,100,11665,172.06,57,1935,9251,3,16
1784678864.130,real_q6xl_tensor_220w_mtp,1,100,11665,184.85,63,1920,9251,3,16
1784678864.130,real_q6xl_tensor_220w_mtp,2,32,11665,175.60,65,1920,9251,3,16
1784678864.130,real_q6xl_tensor_220w_mtp,3,31,11665,185.52,62,1935,9251,3,16
1784678864.701,real_q6xl_tensor_220w_mtp,0,80,11665,182.57,58,1755,9251,3,16
1784678864.701,real_q6xl_tensor_220w_mtp,1,80,11665,193.04,64,1650,9251,3,16
1784678864.701,real_q6xl_tensor_220w_mtp,2,80,11665,186.67,66,1755,9251,3,16
1784678864.701,real_q6xl_tensor_220w_mtp,3,79,11665,193.35,63,1665,9251,3,16
1784678865.298,real_q6xl_tensor_220w_mtp,0,80,11665,209.60,59,1830,9251,3,16
1784678865.298,real_q6xl_tensor_220w_mtp,1,80,11665,214.92,64,1620,9251,3,16
1784678865.298,real_q6xl_tensor_220w_mtp,2,79,11665,215.30,66,1770,9251,3,16
1784678865.298,real_q6xl_tensor_220w_mtp,3,79,11665,214.71,63,1650,9251,3,16
1784678865.886,real_q6xl_tensor_220w_mtp,0,80,11665,216.68,59,1740,9251,3,16
1784678865.886,real_q6xl_tensor_220w_mtp,1,82,11665,217.91,64,1650,9251,3,16
1784678865.886,real_q6xl_tensor_220w_mtp,2,79,11665,217.59,67,1740,9251,3,16
1784678865.886,real_q6xl_tensor_220w_mtp,3,79,11665,218.46,63,1650,9251,3,16
1784678866.456,real_q6xl_tensor_220w_mtp,0,81,11665,217.74,59,1815,9251,3,16
1784678866.456,real_q6xl_tensor_220w_mtp,1,82,11665,218.32,64,1725,9251,3,16
1784678866.456,real_q6xl_tensor_220w_mtp,2,82,11665,217.69,67,1740,9251,3,16
1784678866.456,real_q6xl_tensor_220w_mtp,3,81,11665,218.55,64,1755,9251,3,16
1784678867.028,real_q6xl_tensor_220w_mtp,0,81,11665,209.42,58,1860,9251,3,16
1784678867.028,real_q6xl_tensor_220w_mtp,1,89,11665,212.27,64,1785,9251,3,16
1784678867.028,real_q6xl_tensor_220w_mtp,2,82,11665,210.70,67,1830,9251,3,16
1784678867.028,real_q6xl_tensor_220w_mtp,3,81,11665,212.81,64,1815,9251,3,16
1784678867.629,real_q6xl_tensor_220w_mtp,0,51,11665,185.31,58,1935,9251,3,16
1784678867.629,real_q6xl_tensor_220w_mtp,1,89,11665,194.84,63,1905,9251,3,16
1784678867.629,real_q6xl_tensor_220w_mtp,2,43,11665,190.38,66,1920,9251,3,16
1784678867.629,real_q6xl_tensor_220w_mtp,3,37,11665,194.67,63,1935,9251,3,16
1784678868.219,real_q6xl_tensor_220w_mtp,0,79,11665,190.98,59,1800,9251,3,16
1784678868.219,real_q6xl_tensor_220w_mtp,1,78,11665,197.40,64,1710,9251,3,16
1784678868.219,real_q6xl_tensor_220w_mtp,2,79,11665,194.62,67,1680,9251,3,16
1784678868.219,real_q6xl_tensor_220w_mtp,3,79,11665,199.17,63,1740,9251,3,16
1784678868.820,real_q6xl_tensor_220w_mtp,0,80,11665,217.18,59,1785,9251,3,16
1784678868.820,real_q6xl_tensor_220w_mtp,1,78,11665,214.08,64,1710,9251,3,16
1784678868.820,real_q6xl_tensor_220w_mtp,2,80,11665,214.38,67,1680,9251,3,16
1784678868.820,real_q6xl_tensor_220w_mtp,3,80,11665,217.24,63,1725,9251,3,16
1784678869.417,real_q6xl_tensor_220w_mtp,0,80,11665,216.82,59,1785,9251,3,16
1784678869.417,real_q6xl_tensor_220w_mtp,1,80,11665,218.61,64,1680,9251,3,16
1784678869.417,real_q6xl_tensor_220w_mtp,2,80,11665,217.93,67,1755,9251,3,16
1784678869.417,real_q6xl_tensor_220w_mtp,3,80,11665,217.52,64,1710,9251,3,16
1784678869.991,real_q6xl_tensor_220w_mtp,0,81,11665,217.62,59,1785,9251,3,16
1784678869.991,real_q6xl_tensor_220w_mtp,1,80,11665,218.26,64,1725,9251,3,16
1784678869.991,real_q6xl_tensor_220w_mtp,2,80,11665,218.15,67,1740,9251,3,16
1784678869.991,real_q6xl_tensor_220w_mtp,3,80,11665,217.88,64,1710,9251,3,16
1784678870.563,real_q6xl_tensor_220w_mtp,0,81,11665,209.33,59,1875,9251,3,16
1784678870.563,real_q6xl_tensor_220w_mtp,1,100,11665,211.00,64,1785,9251,3,16
1784678870.563,real_q6xl_tensor_220w_mtp,2,80,11665,210.13,68,1845,9251,3,16
1784678870.563,real_q6xl_tensor_220w_mtp,3,80,11665,211.86,64,1815,9251,3,16
1784678871.140,real_q6xl_tensor_220w_mtp,0,77,11665,205.76,60,1860,9251,3,16
1784678871.140,real_q6xl_tensor_220w_mtp,1,100,11665,210.73,64,1800,9251,3,16
1784678871.140,real_q6xl_tensor_220w_mtp,2,76,11665,206.10,68,1845,9251,3,16
1784678871.140,real_q6xl_tensor_220w_mtp,3,76,11665,211.45,65,1830,9251,3,16
1784678871.736,real_q6xl_tensor_220w_mtp,0,90,11667,212.62,60,1875,9251,3,16
1784678871.736,real_q6xl_tensor_220w_mtp,1,100,11667,218.23,65,1770,9251,3,16
1784678871.736,real_q6xl_tensor_220w_mtp,2,90,11667,213.54,68,1830,9251,3,16
1784678871.736,real_q6xl_tensor_220w_mtp,3,100,11667,217.48,65,1815,9251,3,16
1784678872.315,real_q6xl_tensor_220w_mtp,0,100,11669,201.45,60,1875,9251,3,16
1784678872.315,real_q6xl_tensor_220w_mtp,1,100,11669,208.04,64,1785,9251,3,16
1784678872.315,real_q6xl_tensor_220w_mtp,2,100,11669,203.07,68,1830,9251,3,16
1784678872.315,real_q6xl_tensor_220w_mtp,3,100,11669,207.99,64,1815,9251,3,16
1784678872.893,real_q6xl_tensor_220w_mtp,0,100,11669,199.99,60,1875,9251,3,16
1784678872.893,real_q6xl_tensor_220w_mtp,1,100,11669,206.30,65,1785,9251,3,16
1784678872.893,real_q6xl_tensor_220w_mtp,2,100,11669,201.47,68,1830,9251,3,16
1784678872.893,real_q6xl_tensor_220w_mtp,3,100,11669,208.56,65,1800,9251,3,16
1784678873.485,real_q6xl_tensor_220w_mtp,0,4,11669,192.16,57,1935,9251,3,16
1784678873.485,real_q6xl_tensor_220w_mtp,1,4,11669,197.73,63,1920,9251,3,16
1784678873.485,real_q6xl_tensor_220w_mtp,2,5,11669,191.62,66,1920,9251,3,16
1784678873.485,real_q6xl_tensor_220w_mtp,3,4,11669,201.58,62,1935,9251,3,16
1784678874.061,real_q6xl_tensor_220w_mtp,0,4,11669,173.38,57,1935,9251,3,16
1784678874.061,real_q6xl_tensor_220w_mtp,1,4,11669,189.34,63,1920,9251,3,16
1784678874.061,real_q6xl_tensor_220w_mtp,2,5,11669,182.07,66,1920,9251,3,16
1784678874.061,real_q6xl_tensor_220w_mtp,3,4,11669,185.16,62,1935,9251,3,16
1784678874.631,real_q6xl_tensor_220w_mtp,0,71,11669,188.62,59,1815,9251,3,16
1784678874.631,real_q6xl_tensor_220w_mtp,1,4,11669,197.81,64,1695,9251,3,16
1784678874.631,real_q6xl_tensor_220w_mtp,2,80,11669,192.83,67,1830,9251,3,16
1784678874.631,real_q6xl_tensor_220w_mtp,3,76,11669,198.58,64,1710,9251,3,16
1784678875.228,real_q6xl_tensor_220w_mtp,0,80,11669,209.97,59,1800,9251,3,16
1784678875.228,real_q6xl_tensor_220w_mtp,1,80,11669,216.46,64,1725,9251,3,16
1784678875.228,real_q6xl_tensor_220w_mtp,2,79,11669,214.33,67,1710,9251,3,16
1784678875.228,real_q6xl_tensor_220w_mtp,3,79,11669,213.53,64,1695,9251,3,16
1784678875.847,real_q6xl_tensor_220w_mtp,0,79,11669,216.92,60,1830,9251,3,16
1784678875.847,real_q6xl_tensor_220w_mtp,1,80,11669,218.35,64,1740,9251,3,16
1784678875.847,real_q6xl_tensor_220w_mtp,2,80,11669,218.66,68,1785,9251,3,16
1784678875.847,real_q6xl_tensor_220w_mtp,3,80,11669,217.97,64,1770,9251,3,16
1784678876.418,real_q6xl_tensor_220w_mtp,0,79,11669,217.05,60,1800,9251,3,16
1784678876.418,real_q6xl_tensor_220w_mtp,1,80,11669,218.04,65,1740,9251,3,16
1784678876.418,real_q6xl_tensor_220w_mtp,2,80,11669,218.08,68,1755,9251,3,16
1784678876.418,real_q6xl_tensor_220w_mtp,3,80,11669,218.68,64,1770,9251,3,16
1784678877.013,real_q6xl_tensor_220w_mtp,0,48,11669,209.95,59,1920,9251,3,16
1784678877.013,real_q6xl_tensor_220w_mtp,1,80,11669,213.21,64,1875,9251,3,16
1784678877.013,real_q6xl_tensor_220w_mtp,2,58,11669,209.50,67,1845,9251,3,16
1784678877.013,real_q6xl_tensor_220w_mtp,3,35,11669,208.90,64,1905,9251,3,16
1784678877.585,real_q6xl_tensor_220w_mtp,0,48,11669,194.76,59,1890,9251,3,16
1784678877.585,real_q6xl_tensor_220w_mtp,1,76,11669,200.43,65,1770,9251,3,16
1784678877.585,real_q6xl_tensor_220w_mtp,2,58,11669,195.53,68,1890,9251,3,16
1784678877.585,real_q6xl_tensor_220w_mtp,3,35,11669,203.03,64,1815,9251,3,16
1784678878.161,real_q6xl_tensor_220w_mtp,0,100,11669,204.11,60,1875,9251,3,16
1784678878.161,real_q6xl_tensor_220w_mtp,1,76,11669,211.43,65,1800,9251,3,16
1784678878.161,real_q6xl_tensor_220w_mtp,2,100,11669,203.14,68,1830,9251,3,16
1784678878.161,real_q6xl_tensor_220w_mtp,3,100,11669,211.75,65,1815,9251,3,16
1784678878.739,real_q6xl_tensor_220w_mtp,0,100,11669,209.57,59,1935,9251,3,16
1784678878.739,real_q6xl_tensor_220w_mtp,1,90,11669,213.51,65,1920,9251,3,16
1784678878.739,real_q6xl_tensor_220w_mtp,2,100,11669,213.98,67,1905,9251,3,16
1784678878.739,real_q6xl_tensor_220w_mtp,3,75,11669,215.26,64,1935,9251,3,16
1784678879.335,real_q6xl_tensor_220w_mtp,0,100,11669,202.94,60,1875,9251,3,16
1784678879.335,real_q6xl_tensor_220w_mtp,1,90,11669,209.64,65,1785,9251,3,16
1784678879.335,real_q6xl_tensor_220w_mtp,2,100,11669,204.96,68,1830,9251,3,16
1784678879.335,real_q6xl_tensor_220w_mtp,3,100,11669,210.19,65,1800,9251,3,16
1784678879.954,real_q6xl_tensor_220w_mtp,0,100,11669,215.64,60,1905,9251,3,16
1784678879.954,real_q6xl_tensor_220w_mtp,1,100,11669,215.55,65,1845,9251,3,16
1784678879.954,real_q6xl_tensor_220w_mtp,2,100,11669,212.24,69,1845,9251,3,16
1784678879.954,real_q6xl_tensor_220w_mtp,3,100,11669,219.90,66,1875,9251,3,16
1784678880.525,real_q6xl_tensor_220w_mtp,0,100,11669,190.87,60,1860,9251,3,16
1784678880.525,real_q6xl_tensor_220w_mtp,1,100,11669,199.56,65,1785,9251,3,16
1784678880.525,real_q6xl_tensor_220w_mtp,2,100,11669,193.05,68,1830,9251,3,16
1784678880.525,real_q6xl_tensor_220w_mtp,3,100,11669,199.93,65,1815,9251,3,16
1784678881.118,real_q6xl_tensor_220w_mtp,0,100,11669,168.02,59,1890,9251,3,16
1784678881.118,real_q6xl_tensor_220w_mtp,1,41,11669,181.33,64,1755,9251,3,16
1784678881.118,real_q6xl_tensor_220w_mtp,2,100,11669,172.13,67,1890,9251,3,16
1784678881.118,real_q6xl_tensor_220w_mtp,3,100,11669,181.06,65,1785,9251,3,16
1784678881.707,real_q6xl_tensor_220w_mtp,0,80,11669,188.75,60,1785,9251,3,16
1784678881.707,real_q6xl_tensor_220w_mtp,1,79,11669,197.68,65,1695,9251,3,16
1784678881.707,real_q6xl_tensor_220w_mtp,2,80,11669,193.09,68,1755,9251,3,16
1784678881.707,real_q6xl_tensor_220w_mtp,3,79,11669,198.67,65,1770,9251,3,16
1784678882.301,real_q6xl_tensor_220w_mtp,0,80,11669,217.50,60,1755,9251,3,16
1784678882.301,real_q6xl_tensor_220w_mtp,1,79,11669,216.70,65,1650,9251,3,16
1784678882.301,real_q6xl_tensor_220w_mtp,2,80,11669,216.88,68,1740,9251,3,16
1784678882.301,real_q6xl_tensor_220w_mtp,3,79,11669,217.86,65,1650,9251,3,16
1784678882.873,real_q6xl_tensor_220w_mtp,0,83,11669,216.96,60,1710,9251,3,16
1784678882.873,real_q6xl_tensor_220w_mtp,1,79,11669,218.42,65,1620,9251,3,16
1784678882.873,real_q6xl_tensor_220w_mtp,2,79,11669,216.34,68,1695,9251,3,16
1784678882.873,real_q6xl_tensor_220w_mtp,3,82,11669,217.02,65,1635,9251,3,16
1784678883.446,real_q6xl_tensor_220w_mtp,0,83,11669,216.82,60,1800,9251,3,16
1784678883.446,real_q6xl_tensor_220w_mtp,1,80,11669,218.46,65,1725,9251,3,16
1784678883.446,real_q6xl_tensor_220w_mtp,2,79,11669,217.18,68,1755,9251,3,16
1784678883.446,real_q6xl_tensor_220w_mtp,3,82,11669,217.37,65,1740,9251,3,16
1784678884.074,real_q6xl_tensor_220w_mtp,0,1,11669,186.80,58,1860,9251,3,16
1784678884.074,real_q6xl_tensor_220w_mtp,1,20,11669,193.36,64,1800,9251,3,16
1784678884.074,real_q6xl_tensor_220w_mtp,2,51,11669,190.23,68,1815,9251,3,16
1784678884.074,real_q6xl_tensor_220w_mtp,3,1,11669,194.28,63,1815,9251,3,16
1784678884.666,real_q6xl_tensor_220w_mtp,0,1,11669,185.48,60,1860,9251,3,16
1784678884.666,real_q6xl_tensor_220w_mtp,1,100,11669,196.64,66,1770,9251,3,16
1784678884.666,real_q6xl_tensor_220w_mtp,2,51,11669,193.81,69,1830,9251,3,16
1784678884.666,real_q6xl_tensor_220w_mtp,3,1,11669,195.06,65,1815,9251,3,16
1784678885.268,real_q6xl_tensor_220w_mtp,0,80,11669,212.75,60,1875,9251,3,16
1784678885.268,real_q6xl_tensor_220w_mtp,1,89,11669,218.27,65,1770,9251,3,16
1784678885.268,real_q6xl_tensor_220w_mtp,2,100,11669,215.79,69,1830,9251,3,16
1784678885.268,real_q6xl_tensor_220w_mtp,3,78,11669,217.65,66,1815,9251,3,16
1784678885.867,real_q6xl_tensor_220w_mtp,0,80,11669,203.24,60,1860,9251,3,16
1784678885.867,real_q6xl_tensor_220w_mtp,1,100,11669,209.62,65,1785,9251,3,16
1784678885.867,real_q6xl_tensor_220w_mtp,2,100,11669,208.08,69,1830,9251,3,16
1784678885.867,real_q6xl_tensor_220w_mtp,3,78,11669,210.57,65,1815,9251,3,16
1784678886.445,real_q6xl_tensor_220w_mtp,0,100,11669,205.36,61,1905,9251,3,16
1784678886.445,real_q6xl_tensor_220w_mtp,1,100,11669,208.94,66,1845,9251,3,16
1784678886.445,real_q6xl_tensor_220w_mtp,2,100,11669,206.89,69,1875,9251,3,16
1784678886.445,real_q6xl_tensor_220w_mtp,3,100,11669,211.46,65,1845,9251,3,16
1784678887.043,real_q6xl_tensor_220w_mtp,0,100,11669,213.51,61,1860,9251,3,16
1784678887.043,real_q6xl_tensor_220w_mtp,1,100,11669,218.09,66,1785,9251,3,16
1784678887.043,real_q6xl_tensor_220w_mtp,2,100,11669,216.48,69,1830,9251,3,16
1784678887.043,real_q6xl_tensor_220w_mtp,3,100,11669,217.55,66,1815,9251,3,16
1784678887.640,real_q6xl_tensor_220w_mtp,0,100,11669,206.21,61,1860,9251,3,16
1784678887.640,real_q6xl_tensor_220w_mtp,1,100,11669,211.96,65,1770,9251,3,16
1784678887.640,real_q6xl_tensor_220w_mtp,2,100,11669,209.71,69,1830,9251,3,16
1784678887.640,real_q6xl_tensor_220w_mtp,3,100,11669,213.10,66,1815,9251,3,16
1784678888.216,real_q6xl_tensor_220w_mtp,0,100,11669,204.11,61,1860,9251,3,16
1784678888.216,real_q6xl_tensor_220w_mtp,1,79,11669,210.29,66,1785,9251,3,16
1784678888.216,real_q6xl_tensor_220w_mtp,2,90,11669,207.72,69,1830,9251,3,16
1784678888.216,real_q6xl_tensor_220w_mtp,3,90,11669,211.67,66,1785,9251,3,16
1784678888.793,real_q6xl_tensor_220w_mtp,0,100,11669,212.77,61,1860,9251,3,16
1784678888.793,real_q6xl_tensor_220w_mtp,1,79,11669,217.47,66,1785,9251,3,16
1784678888.793,real_q6xl_tensor_220w_mtp,2,100,11669,216.29,69,1830,9251,3,16
1784678888.793,real_q6xl_tensor_220w_mtp,3,100,11669,219.54,66,1815,9251,3,16
1784678889.386,real_q6xl_tensor_220w_mtp,0,100,11669,203.83,61,1920,9251,3,16
1784678889.386,real_q6xl_tensor_220w_mtp,1,100,11669,210.90,65,1770,9251,3,16
1784678889.386,real_q6xl_tensor_220w_mtp,2,100,11669,208.26,69,1890,9251,3,16
1784678889.386,real_q6xl_tensor_220w_mtp,3,100,11669,210.67,66,1800,9251,3,16
1784678890.006,real_q6xl_tensor_220w_mtp,0,100,11669,209.07,61,1860,9251,3,16
1784678890.006,real_q6xl_tensor_220w_mtp,1,100,11669,211.87,66,1770,9251,3,16
1784678890.006,real_q6xl_tensor_220w_mtp,2,100,11669,209.76,69,1815,9251,3,16
1784678890.006,real_q6xl_tensor_220w_mtp,3,100,11669,214.57,66,1800,9251,3,16
1784678890.608,real_q6xl_tensor_220w_mtp,0,100,11669,215.33,61,1935,9251,3,16
1784678890.608,real_q6xl_tensor_220w_mtp,1,63,11669,215.69,65,1920,9251,3,16
1784678890.608,real_q6xl_tensor_220w_mtp,2,100,11669,212.81,68,1905,9251,3,16
1784678890.608,real_q6xl_tensor_220w_mtp,3,100,11669,213.11,66,1935,9251,3,16
1784678891.178,real_q6xl_tensor_220w_mtp,0,75,11669,204.15,61,1860,9251,3,16
1784678891.178,real_q6xl_tensor_220w_mtp,1,63,11669,209.40,66,1770,9251,3,16
1784678891.178,real_q6xl_tensor_220w_mtp,2,98,11669,206.66,69,1815,9251,3,16
1784678891.178,real_q6xl_tensor_220w_mtp,3,100,11669,209.88,66,1800,9251,3,16
1784678891.780,real_q6xl_tensor_220w_mtp,0,89,11669,209.44,61,1845,9251,3,16
1784678891.780,real_q6xl_tensor_220w_mtp,1,100,11669,217.13,66,1770,9251,3,16
1784678891.780,real_q6xl_tensor_220w_mtp,2,98,11669,216.89,70,1815,9251,3,16
1784678891.780,real_q6xl_tensor_220w_mtp,3,100,11669,219.03,67,1800,9251,3,16
1784678892.378,real_q6xl_tensor_220w_mtp,0,30,11669,207.29,60,1935,9251,3,16
1784678892.378,real_q6xl_tensor_220w_mtp,1,100,11669,211.61,64,1920,9251,3,16
1784678892.378,real_q6xl_tensor_220w_mtp,2,35,11669,207.20,68,1890,9251,3,16
1784678892.378,real_q6xl_tensor_220w_mtp,3,26,11669,213.37,65,1935,9251,3,16
1784678892.965,real_q6xl_tensor_220w_mtp,0,30,11669,200.66,61,1860,9251,3,16
1784678892.965,real_q6xl_tensor_220w_mtp,1,100,11669,209.87,66,1770,9251,3,16
1784678892.965,real_q6xl_tensor_220w_mtp,2,35,11669,205.84,69,1815,9251,3,16
1784678892.965,real_q6xl_tensor_220w_mtp,3,26,11669,208.33,66,1800,9251,3,16
1784678893.557,real_q6xl_tensor_220w_mtp,0,100,11669,215.66,61,1845,9251,3,16
1784678893.557,real_q6xl_tensor_220w_mtp,1,100,11669,218.66,66,1785,9251,3,16
1784678893.557,real_q6xl_tensor_220w_mtp,2,94,11669,217.22,70,1815,9251,3,16
1784678893.557,real_q6xl_tensor_220w_mtp,3,100,11669,219.92,67,1800,9251,3,16
1784678894.150,real_q6xl_tensor_220w_mtp,0,77,11669,203.31,59,1860,9251,3,16
1784678894.150,real_q6xl_tensor_220w_mtp,1,33,11669,210.35,65,1770,9251,3,16
1784678894.150,real_q6xl_tensor_220w_mtp,2,40,11669,206.57,68,1815,9251,3,16
1784678894.150,real_q6xl_tensor_220w_mtp,3,43,11669,209.80,65,1785,9251,3,16
1784678894.756,real_q6xl_tensor_220w_mtp,0,100,11669,204.86,61,1845,9251,3,16
1784678894.756,real_q6xl_tensor_220w_mtp,1,89,11669,211.77,66,1770,9251,3,16
1784678894.756,real_q6xl_tensor_220w_mtp,2,100,11669,207.08,70,1800,9251,3,16
1784678894.756,real_q6xl_tensor_220w_mtp,3,100,11669,212.41,67,1785,9251,3,16
1784678895.332,real_q6xl_tensor_220w_mtp,0,100,11669,211.17,61,1845,9251,3,16
1784678895.332,real_q6xl_tensor_220w_mtp,1,76,11669,217.69,66,1755,9251,3,16
1784678895.332,real_q6xl_tensor_220w_mtp,2,100,11669,215.85,70,1815,9251,3,16
1784678895.332,real_q6xl_tensor_220w_mtp,3,100,11669,217.02,66,1785,9251,3,16
1784678895.951,real_q6xl_tensor_220w_mtp,0,65,11669,201.97,61,1845,9251,3,16
1784678895.951,real_q6xl_tensor_220w_mtp,1,76,11669,208.80,64,1785,9251,3,16
1784678895.951,real_q6xl_tensor_220w_mtp,2,100,11669,207.89,69,1815,9251,3,16
1784678895.951,real_q6xl_tensor_220w_mtp,3,58,11669,210.10,66,1800,9251,3,16
1784678896.551,real_q6xl_tensor_220w_mtp,0,65,11669,203.94,61,1845,9251,3,16
1784678896.551,real_q6xl_tensor_220w_mtp,1,100,11669,210.47,66,1770,9251,3,16
1784678896.551,real_q6xl_tensor_220w_mtp,2,100,11669,209.45,70,1800,9251,3,16
1784678896.551,real_q6xl_tensor_220w_mtp,3,58,11669,211.87,67,1785,9251,3,16
1784678897.127,real_q6xl_tensor_220w_mtp,0,76,11669,211.77,60,1830,9251,3,16
1784678897.127,real_q6xl_tensor_220w_mtp,1,100,11669,216.62,66,1755,9251,3,16
1784678897.127,real_q6xl_tensor_220w_mtp,2,76,11669,215.18,70,1800,9251,3,16
1784678897.127,real_q6xl_tensor_220w_mtp,3,76,11669,218.06,67,1770,9251,3,16
1784678897.705,real_q6xl_tensor_220w_mtp,0,76,11669,201.40,61,1845,9251,3,16
1784678897.705,real_q6xl_tensor_220w_mtp,1,64,11669,209.55,66,1770,9251,3,16
1784678897.705,real_q6xl_tensor_220w_mtp,2,44,11669,206.85,69,1800,9251,3,16
1784678897.705,real_q6xl_tensor_220w_mtp,3,63,11669,209.87,66,1785,9251,3,16
1784678898.281,real_q6xl_tensor_220w_mtp,0,100,11669,204.25,61,1845,9251,3,16
1784678898.281,real_q6xl_tensor_220w_mtp,1,100,11669,210.26,66,1770,9251,3,16
1784678898.281,real_q6xl_tensor_220w_mtp,2,76,11669,208.13,70,1800,9251,3,16
1784678898.281,real_q6xl_tensor_220w_mtp,3,100,11669,211.09,67,1770,9251,3,16
1784678898.862,real_q6xl_tensor_220w_mtp,0,100,11669,211.25,61,1845,9251,3,16
1784678898.862,real_q6xl_tensor_220w_mtp,1,76,11669,217.14,66,1725,9251,3,16
1784678898.862,real_q6xl_tensor_220w_mtp,2,100,11669,215.01,69,1815,9251,3,16
1784678898.862,real_q6xl_tensor_220w_mtp,3,100,11669,216.88,67,1740,9251,3,16
1784678899.438,real_q6xl_tensor_220w_mtp,0,65,11669,201.79,61,1845,9251,3,16
1784678899.438,real_q6xl_tensor_220w_mtp,1,76,11669,209.26,65,1755,9251,3,16
1784678899.438,real_q6xl_tensor_220w_mtp,2,100,11669,206.03,69,1800,9251,3,16
1784678899.438,real_q6xl_tensor_220w_mtp,3,58,11669,209.96,66,1800,9251,3,16
1784678900.035,real_q6xl_tensor_220w_mtp,0,65,11669,203.88,62,1830,9251,3,16
1784678900.035,real_q6xl_tensor_220w_mtp,1,100,11669,210.60,66,1770,9251,3,16
1784678900.035,real_q6xl_tensor_220w_mtp,2,100,11669,207.64,70,1785,9251,3,16
1784678900.035,real_q6xl_tensor_220w_mtp,3,58,11669,211.94,67,1770,9251,3,16
1784678900.611,real_q6xl_tensor_220w_mtp,0,76,11669,211.47,62,1845,9251,3,16
1784678900.611,real_q6xl_tensor_220w_mtp,1,100,11669,216.99,66,1725,9251,3,16
1784678900.611,real_q6xl_tensor_220w_mtp,2,100,11669,213.92,70,1800,9251,3,16
1784678900.611,real_q6xl_tensor_220w_mtp,3,74,11669,217.73,67,1755,9251,3,16
1784678901.205,real_q6xl_tensor_220w_mtp,0,76,11669,201.77,60,1845,9251,3,16
1784678901.205,real_q6xl_tensor_220w_mtp,1,34,11669,209.22,66,1770,9251,3,16
1784678901.205,real_q6xl_tensor_220w_mtp,2,45,11669,206.45,69,1800,9251,3,16
1784678901.205,real_q6xl_tensor_220w_mtp,3,36,11669,209.57,67,1785,9251,3,16
1784678901.800,real_q6xl_tensor_220w_mtp,0,100,11669,203.80,62,1845,9251,3,16
1784678901.800,real_q6xl_tensor_220w_mtp,1,34,11669,209.84,66,1740,9251,3,16
1784678901.800,real_q6xl_tensor_220w_mtp,2,45,11669,207.44,70,1815,9251,3,16
1784678901.800,real_q6xl_tensor_220w_mtp,3,100,11669,211.53,67,1770,9251,3,16
1784678902.401,real_q6xl_tensor_220w_mtp,0,100,11669,213.95,61,1830,9251,3,16
1784678902.401,real_q6xl_tensor_220w_mtp,1,74,11669,215.68,66,1725,9251,3,16
1784678902.401,real_q6xl_tensor_220w_mtp,2,75,11669,214.89,70,1815,9251,3,16
1784678902.401,real_q6xl_tensor_220w_mtp,3,100,11669,217.41,67,1755,9251,3,16
1784678902.976,real_q6xl_tensor_220w_mtp,0,100,11669,200.36,60,1845,9251,3,16
1784678902.976,real_q6xl_tensor_220w_mtp,1,74,11669,209.13,66,1755,9251,3,16
1784678902.976,real_q6xl_tensor_220w_mtp,2,75,11669,206.27,70,1800,9251,3,16
1784678902.976,real_q6xl_tensor_220w_mtp,3,21,11669,209.47,65,1800,9251,3,16
1784678903.571,real_q6xl_tensor_220w_mtp,0,100,11669,202.41,62,1845,9251,3,16
1784678903.571,real_q6xl_tensor_220w_mtp,1,100,11669,209.90,67,1740,9251,3,16
1784678903.571,real_q6xl_tensor_220w_mtp,2,100,11669,206.92,70,1800,9251,3,16
1784678903.571,real_q6xl_tensor_220w_mtp,3,21,11669,210.62,67,1770,9251,3,16
1784678904.146,real_q6xl_tensor_220w_mtp,0,100,11669,212.37,61,1905,9251,3,16
1784678904.146,real_q6xl_tensor_220w_mtp,1,100,11669,217.45,67,1875,9251,3,16
1784678904.146,real_q6xl_tensor_220w_mtp,2,100,11669,216.64,71,1860,9251,3,16
1784678904.146,real_q6xl_tensor_220w_mtp,3,99,11669,218.57,67,1875,9251,3,16
1784678904.720,real_q6xl_tensor_220w_mtp,0,16,11669,199.97,60,1935,9251,3,16
1784678904.720,real_q6xl_tensor_220w_mtp,1,42,11669,211.50,65,1920,9251,3,16
1784678904.720,real_q6xl_tensor_220w_mtp,2,35,11669,209.82,69,1905,9251,3,16
1784678904.720,real_q6xl_tensor_220w_mtp,3,28,11669,208.44,66,1920,9251,3,16
1784678905.296,real_q6xl_tensor_220w_mtp,0,87,11669,200.75,62,1830,9251,3,16
1784678905.296,real_q6xl_tensor_220w_mtp,1,42,11669,209.75,67,1755,9251,3,16
1784678905.296,real_q6xl_tensor_220w_mtp,2,35,11669,207.83,70,1770,9251,3,16
1784678905.296,real_q6xl_tensor_220w_mtp,3,100,11669,209.98,67,1770,9251,3,16
1784678905.876,real_q6xl_tensor_220w_mtp,0,100,11669,213.59,62,1845,9251,3,16
1784678905.876,real_q6xl_tensor_220w_mtp,1,100,11669,217.50,67,1740,9251,3,16
1784678905.876,real_q6xl_tensor_220w_mtp,2,100,11669,217.11,71,1785,9251,3,16
1784678905.876,real_q6xl_tensor_220w_mtp,3,100,11669,218.98,68,1755,9251,3,16
1784678906.451,real_q6xl_tensor_220w_mtp,0,100,11669,208.48,61,1935,9251,3,16
1784678906.451,real_q6xl_tensor_220w_mtp,1,100,11669,216.04,66,1920,9251,3,16
1784678906.451,real_q6xl_tensor_220w_mtp,2,100,11669,215.66,69,1905,9251,3,16
1784678906.451,real_q6xl_tensor_220w_mtp,3,45,11669,213.11,66,1920,9251,3,16
1784678907.020,real_q6xl_tensor_220w_mtp,0,67,11669,199.72,62,1830,9251,3,16
1784678907.020,real_q6xl_tensor_220w_mtp,1,68,11669,206.33,66,1740,9251,3,16
1784678907.020,real_q6xl_tensor_220w_mtp,2,65,11669,204.09,70,1770,9251,3,16
1784678907.020,real_q6xl_tensor_220w_mtp,3,45,11669,206.98,67,1755,9251,3,16
1784678907.619,real_q6xl_tensor_220w_mtp,0,67,11669,211.49,62,1830,9251,3,16
1784678907.619,real_q6xl_tensor_220w_mtp,1,68,11669,212.85,67,1740,9251,3,16
1784678907.619,real_q6xl_tensor_220w_mtp,2,65,11669,211.47,70,1785,9251,3,16
1784678907.619,real_q6xl_tensor_220w_mtp,3,100,11669,215.74,68,1770,9251,3,16
1784678908.195,real_q6xl_tensor_220w_mtp,0,100,11669,212.41,62,1830,9251,3,16
1784678908.195,real_q6xl_tensor_220w_mtp,1,100,11669,216.69,67,1755,9251,3,16
1784678908.195,real_q6xl_tensor_220w_mtp,2,100,11669,217.20,70,1785,9251,3,16
1784678908.195,real_q6xl_tensor_220w_mtp,3,100,11669,214.59,68,1770,9251,3,16
1784678908.764,real_q6xl_tensor_220w_mtp,0,71,11669,192.03,62,1815,9251,3,16
1784678908.764,real_q6xl_tensor_220w_mtp,1,90,11669,201.35,67,1755,9251,3,16
1784678908.764,real_q6xl_tensor_220w_mtp,2,100,11669,197.76,70,1785,9251,3,16
1784678908.764,real_q6xl_tensor_220w_mtp,3,100,11669,201.81,67,1755,9251,3,16
1784678909.360,real_q6xl_tensor_220w_mtp,0,70,11669,193.11,61,1815,9251,3,16
1784678909.360,real_q6xl_tensor_220w_mtp,1,68,11669,203.86,67,1740,9251,3,16
1784678909.360,real_q6xl_tensor_220w_mtp,2,69,11669,202.43,70,1785,9251,3,16
1784678909.360,real_q6xl_tensor_220w_mtp,3,100,11669,202.38,67,1770,9251,3,16
1784678909.960,real_q6xl_tensor_220w_mtp,0,70,11669,209.70,62,1830,9251,3,16
1784678909.960,real_q6xl_tensor_220w_mtp,1,68,11669,215.01,67,1725,9251,3,16
1784678909.960,real_q6xl_tensor_220w_mtp,2,69,11669,215.83,71,1785,9251,3,16
1784678909.960,real_q6xl_tensor_220w_mtp,3,100,11669,215.57,68,1755,9251,3,16
1784678910.560,real_q6xl_tensor_220w_mtp,0,100,11669,200.77,62,1815,9251,3,16
1784678910.560,real_q6xl_tensor_220w_mtp,1,100,11669,208.07,67,1740,9251,3,16
1784678910.560,real_q6xl_tensor_220w_mtp,2,100,11669,206.37,70,1800,9251,3,16
1784678910.560,real_q6xl_tensor_220w_mtp,3,100,11669,209.12,67,1755,9251,3,16
1784678911.159,real_q6xl_tensor_220w_mtp,0,100,11669,201.02,62,1890,9251,3,16
1784678911.159,real_q6xl_tensor_220w_mtp,1,100,11669,207.30,67,1830,9251,3,16
1784678911.159,real_q6xl_tensor_220w_mtp,2,100,11669,204.97,71,1815,9251,3,16
1784678911.159,real_q6xl_tensor_220w_mtp,3,100,11669,208.29,68,1845,9251,3,16
1784678911.740,real_q6xl_tensor_220w_mtp,0,100,11669,212.29,62,1815,9251,3,16
1784678911.740,real_q6xl_tensor_220w_mtp,1,73,11669,216.50,67,1755,9251,3,16
1784678911.740,real_q6xl_tensor_220w_mtp,2,75,11669,216.39,71,1800,9251,3,16
1784678911.740,real_q6xl_tensor_220w_mtp,3,86,11669,215.60,68,1770,9251,3,16
1784678912.318,real_q6xl_tensor_220w_mtp,0,100,11669,172.84,59,1935,9251,3,16
1784678912.318,real_q6xl_tensor_220w_mtp,1,73,11669,187.43,64,1920,9251,3,16
1784678912.318,real_q6xl_tensor_220w_mtp,2,75,11669,182.03,67,1905,9251,3,16
1784678912.318,real_q6xl_tensor_220w_mtp,3,5,11669,184.47,65,1920,9251,3,16
1784678912.911,real_q6xl_tensor_220w_mtp,0,4,11669,157.48,59,1935,9251,3,16
1784678912.911,real_q6xl_tensor_220w_mtp,1,2,11669,170.65,64,1920,9251,3,16
1784678912.911,real_q6xl_tensor_220w_mtp,2,2,11669,165.97,68,1905,9251,3,16
1784678912.911,real_q6xl_tensor_220w_mtp,3,5,11669,172.40,65,1920,9251,3,16
1784678913.520,real_q6xl_tensor_220w_mtp,0,4,11669,170.54,61,1830,9251,3,16
1784678913.520,real_q6xl_tensor_220w_mtp,1,2,11669,183.47,66,1740,9251,3,16
1784678913.520,real_q6xl_tensor_220w_mtp,2,2,11669,175.33,69,1740,9251,3,16
1784678913.520,real_q6xl_tensor_220w_mtp,3,77,11669,184.07,66,1740,9251,3,16
1784678914.113,real_q6xl_tensor_220w_mtp,0,82,11669,197.05,61,1725,9251,3,16
1784678914.113,real_q6xl_tensor_220w_mtp,1,79,11669,199.36,66,1680,9251,3,16
1784678914.113,real_q6xl_tensor_220w_mtp,2,79,11669,195.93,69,1665,9251,3,16
1784678914.113,real_q6xl_tensor_220w_mtp,3,77,11669,203.92,67,1695,9251,3,16
1784678914.703,real_q6xl_tensor_220w_mtp,0,82,11669,214.83,61,1800,9251,3,16
1784678914.703,real_q6xl_tensor_220w_mtp,1,79,11669,216.57,66,1725,9251,3,16
1784678914.703,real_q6xl_tensor_220w_mtp,2,79,11669,216.49,69,1695,9251,3,16
1784678914.703,real_q6xl_tensor_220w_mtp,3,81,11669,217.47,67,1725,9251,3,16
1784678915.276,real_q6xl_tensor_220w_mtp,0,78,11669,216.11,61,1710,9251,3,16
1784678915.276,real_q6xl_tensor_220w_mtp,1,78,11669,217.68,66,1710,9251,3,16
1784678915.276,real_q6xl_tensor_220w_mtp,2,82,11669,216.65,70,1695,9251,3,16
1784678915.276,real_q6xl_tensor_220w_mtp,3,81,11669,217.69,67,1620,9251,3,16
1784678915.868,real_q6xl_tensor_220w_mtp,0,78,11669,215.92,61,1815,9251,3,16
1784678915.868,real_q6xl_tensor_220w_mtp,1,78,11669,216.85,66,1740,9251,3,16
1784678915.868,real_q6xl_tensor_220w_mtp,2,78,11669,216.52,70,1740,9251,3,16
1784678915.868,real_q6xl_tensor_220w_mtp,3,81,11669,217.51,67,1755,9251,3,16
1784678916.440,real_q6xl_tensor_220w_mtp,0,100,11669,190.89,62,1860,9251,3,16
1784678916.440,real_q6xl_tensor_220w_mtp,1,78,11669,198.30,66,1800,9251,3,16
1784678916.440,real_q6xl_tensor_220w_mtp,2,78,11669,195.26,70,1830,9251,3,16
1784678916.440,real_q6xl_tensor_220w_mtp,3,100,11669,198.46,67,1800,9251,3,16
1784678917.036,real_q6xl_tensor_220w_mtp,0,100,11669,192.41,62,1845,9251,3,16
1784678917.036,real_q6xl_tensor_220w_mtp,1,80,11669,198.05,66,1785,9251,3,16
1784678917.036,real_q6xl_tensor_220w_mtp,2,79,11669,192.46,70,1815,9251,3,16
1784678917.036,real_q6xl_tensor_220w_mtp,3,100,11669,199.58,67,1800,9251,3,16
1784678917.612,real_q6xl_tensor_220w_mtp,0,100,11669,214.72,62,1860,9251,3,16
1784678917.612,real_q6xl_tensor_220w_mtp,1,80,11669,218.29,67,1785,9251,3,16
1784678917.612,real_q6xl_tensor_220w_mtp,2,79,11669,215.33,70,1815,9251,3,16
1784678917.612,real_q6xl_tensor_220w_mtp,3,100,11669,218.25,68,1770,9251,3,16
1784678918.205,real_q6xl_tensor_220w_mtp,0,100,11669,204.52,62,1860,9251,3,16
1784678918.205,real_q6xl_tensor_220w_mtp,1,100,11669,209.66,67,1785,9251,3,16
1784678918.205,real_q6xl_tensor_220w_mtp,2,100,11669,206.79,70,1830,9251,3,16
1784678918.205,real_q6xl_tensor_220w_mtp,3,100,11669,210.30,68,1800,9251,3,16
1784678918.794,real_q6xl_tensor_220w_mtp,0,100,11669,203.64,62,1860,9251,3,16
1784678918.794,real_q6xl_tensor_220w_mtp,1,100,11669,208.30,67,1770,9251,3,16
1784678918.794,real_q6xl_tensor_220w_mtp,2,100,11669,205.21,71,1830,9251,3,16
1784678918.794,real_q6xl_tensor_220w_mtp,3,100,11669,210.38,68,1785,9251,3,16
1784678919.396,real_q6xl_tensor_220w_mtp,0,100,11669,211.34,62,1920,9251,3,16
1784678919.396,real_q6xl_tensor_220w_mtp,1,100,11669,220.04,67,1905,9251,3,16
1784678919.396,real_q6xl_tensor_220w_mtp,2,99,11669,217.61,70,1875,9251,3,16
1784678919.396,real_q6xl_tensor_220w_mtp,3,100,11669,216.35,68,1905,9251,3,16
1784678919.991,real_q6xl_tensor_220w_mtp,0,81,11669,204.33,62,1845,9251,3,16
1784678919.991,real_q6xl_tensor_220w_mtp,1,100,11669,211.95,67,1785,9251,3,16
1784678919.991,real_q6xl_tensor_220w_mtp,2,99,11669,207.44,70,1815,9251,3,16
1784678919.991,real_q6xl_tensor_220w_mtp,3,100,11669,212.79,68,1800,9251,3,16
1784678920.569,real_q6xl_tensor_220w_mtp,0,81,11669,208.26,62,1860,9251,3,16
1784678920.569,real_q6xl_tensor_220w_mtp,1,100,11669,216.30,67,1755,9251,3,16
1784678920.569,real_q6xl_tensor_220w_mtp,2,100,11669,212.88,71,1815,9251,3,16
1784678920.569,real_q6xl_tensor_220w_mtp,3,100,11669,220.09,68,1785,9251,3,16
1784678921.164,real_q6xl_tensor_220w_mtp,0,45,11669,209.57,61,1935,9251,3,16
1784678921.164,real_q6xl_tensor_220w_mtp,1,100,11669,212.84,66,1920,9251,3,16
1784678921.164,real_q6xl_tensor_220w_mtp,2,100,11669,207.30,70,1905,9251,3,16
1784678921.164,real_q6xl_tensor_220w_mtp,3,45,11669,214.83,67,1920,9251,3,16
1784678921.734,real_q6xl_tensor_220w_mtp,0,90,11669,204.51,62,1860,9251,3,16
1784678921.734,real_q6xl_tensor_220w_mtp,1,91,11669,211.71,67,1770,9251,3,16
1784678921.734,real_q6xl_tensor_220w_mtp,2,100,11669,207.44,70,1815,9251,3,16
1784678921.734,real_q6xl_tensor_220w_mtp,3,90,11669,212.02,68,1785,9251,3,16
1784678922.310,real_q6xl_tensor_220w_mtp,0,99,11669,214.87,62,1860,9251,3,16
1784678922.310,real_q6xl_tensor_220w_mtp,1,91,11669,218.56,67,1875,9251,3,16
1784678922.310,real_q6xl_tensor_220w_mtp,2,100,11669,216.86,71,1815,9251,3,16
1784678922.310,real_q6xl_tensor_220w_mtp,3,100,11669,220.04,68,1875,9251,3,16
1784678922.911,real_q6xl_tensor_220w_mtp,0,99,11669,203.90,61,1860,9251,3,16
1784678922.911,real_q6xl_tensor_220w_mtp,1,21,11669,210.36,65,1785,9251,3,16
1784678922.911,real_q6xl_tensor_220w_mtp,2,27,11669,206.40,70,1815,9251,3,16
1784678922.911,real_q6xl_tensor_220w_mtp,3,100,11669,211.05,67,1800,9251,3,16
1784678923.512,real_q6xl_tensor_220w_mtp,0,100,11669,205.96,62,1860,9251,3,16
1784678923.512,real_q6xl_tensor_220w_mtp,1,21,11669,213.27,67,1770,9251,3,16
1784678923.512,real_q6xl_tensor_220w_mtp,2,27,11669,209.10,71,1815,9251,3,16
1784678923.512,real_q6xl_tensor_220w_mtp,3,100,11669,212.95,68,1785,9251,3,16
1784678924.104,real_q6xl_tensor_220w_mtp,0,100,11669,212.94,61,1845,9251,3,16
1784678924.104,real_q6xl_tensor_220w_mtp,1,79,11669,218.06,67,1740,9251,3,16
1784678924.104,real_q6xl_tensor_220w_mtp,2,79,11669,215.56,71,1815,9251,3,16
1784678924.104,real_q6xl_tensor_220w_mtp,3,100,11669,218.27,68,1770,9251,3,16
1784678924.697,real_q6xl_tensor_220w_mtp,0,66,11669,203.43,62,1845,9251,3,16
1784678924.697,real_q6xl_tensor_220w_mtp,1,79,11669,210.93,67,1770,9251,3,16
1784678924.697,real_q6xl_tensor_220w_mtp,2,79,11669,207.29,70,1815,9251,3,16
1784678924.697,real_q6xl_tensor_220w_mtp,3,100,11669,211.60,67,1785,9251,3,16
1784678925.273,real_q6xl_tensor_220w_mtp,0,100,11669,204.74,62,1845,9251,3,16
1784678925.273,real_q6xl_tensor_220w_mtp,1,100,11669,212.49,67,1770,9251,3,16
1784678925.273,real_q6xl_tensor_220w_mtp,2,100,11669,209.08,71,1815,9251,3,16
1784678925.273,real_q6xl_tensor_220w_mtp,3,97,11669,213.15,68,1785,9251,3,16
1784678925.863,real_q6xl_tensor_220w_mtp,0,95,11669,212.03,62,1845,9251,3,16
1784678925.863,real_q6xl_tensor_220w_mtp,1,100,11669,218.01,67,1755,9251,3,16
1784678925.863,real_q6xl_tensor_220w_mtp,2,100,11669,215.99,71,1815,9251,3,16
1784678925.863,real_q6xl_tensor_220w_mtp,3,97,11669,218.49,68,1770,9251,3,16
1784678926.440,real_q6xl_tensor_220w_mtp,0,95,11669,204.34,62,1845,9251,3,16
1784678926.440,real_q6xl_tensor_220w_mtp,1,100,11669,211.65,67,1770,9251,3,16
1784678926.440,real_q6xl_tensor_220w_mtp,2,100,11669,208.79,70,1800,9251,3,16
1784678926.440,real_q6xl_tensor_220w_mtp,3,100,11669,211.37,68,1785,9251,3,16
1784678927.035,real_q6xl_tensor_220w_mtp,0,100,11669,205.47,62,1845,9251,3,16
1784678927.035,real_q6xl_tensor_220w_mtp,1,100,11669,211.98,67,1845,9251,3,16
1784678927.035,real_q6xl_tensor_220w_mtp,2,100,11669,207.63,71,1815,9251,3,16
1784678927.035,real_q6xl_tensor_220w_mtp,3,100,11669,212.51,68,1785,9251,3,16
1784678927.607,real_q6xl_tensor_220w_mtp,0,100,11669,212.62,63,1845,9251,3,16
1784678927.607,real_q6xl_tensor_220w_mtp,1,100,11669,218.20,67,1770,9251,3,16
1784678927.607,real_q6xl_tensor_220w_mtp,2,100,11669,215.44,71,1800,9251,3,16
1784678927.607,real_q6xl_tensor_220w_mtp,3,100,11669,217.84,68,1770,9251,3,16
1784678928.206,real_q6xl_tensor_220w_mtp,0,100,11669,205.24,62,1845,9251,3,16
1784678928.206,real_q6xl_tensor_220w_mtp,1,55,11669,212.10,67,1755,9251,3,16
1784678928.206,real_q6xl_tensor_220w_mtp,2,100,11669,209.90,71,1800,9251,3,16
1784678928.206,real_q6xl_tensor_220w_mtp,3,67,11669,212.31,68,1770,9251,3,16
1784678928.808,real_q6xl_tensor_220w_mtp,0,100,11669,203.15,63,1830,9251,3,16
1784678928.808,real_q6xl_tensor_220w_mtp,1,90,11669,210.54,67,1755,9251,3,16
1784678928.808,real_q6xl_tensor_220w_mtp,2,100,11669,206.50,70,1815,9251,3,16
1784678928.808,real_q6xl_tensor_220w_mtp,3,77,11669,211.24,68,1770,9251,3,16
1784678929.410,real_q6xl_tensor_220w_mtp,0,100,11669,211.79,63,1845,9251,3,16
1784678929.410,real_q6xl_tensor_220w_mtp,1,90,11669,217.53,67,1770,9251,3,16
1784678929.410,real_q6xl_tensor_220w_mtp,2,100,11669,214.81,71,1800,9251,3,16
1784678929.410,real_q6xl_tensor_220w_mtp,3,77,11669,217.80,68,1770,9251,3,16
1784678930.001,real_q6xl_tensor_220w_mtp,0,100,11669,204.49,63,1845,9251,3,16
1784678930.001,real_q6xl_tensor_220w_mtp,1,100,11669,210.95,67,1770,9251,3,16
1784678930.001,real_q6xl_tensor_220w_mtp,2,100,11669,208.24,71,1815,9251,3,16
1784678930.001,real_q6xl_tensor_220w_mtp,3,100,11669,211.75,68,1785,9251,3,16
1784678930.594,real_q6xl_tensor_220w_mtp,0,99,11669,202.95,62,1830,9251,3,16
1784678930.594,real_q6xl_tensor_220w_mtp,1,100,11669,208.90,67,1770,9251,3,16
1784678930.594,real_q6xl_tensor_220w_mtp,2,76,11669,206.27,71,1800,9251,3,16
1784678930.594,real_q6xl_tensor_220w_mtp,3,100,11669,210.16,68,1770,9251,3,16
1784678931.195,real_q6xl_tensor_220w_mtp,0,99,11669,214.51,63,1845,9251,3,16
1784678931.195,real_q6xl_tensor_220w_mtp,1,100,11669,217.09,68,1770,9251,3,16
1784678931.195,real_q6xl_tensor_220w_mtp,2,100,11669,215.25,71,1800,9251,3,16
1784678931.195,real_q6xl_tensor_220w_mtp,3,100,11669,218.62,69,1785,9251,3,16
1784678931.796,real_q6xl_tensor_220w_mtp,0,100,11669,203.05,63,1845,9251,3,16
1784678931.796,real_q6xl_tensor_220w_mtp,1,100,11669,210.18,67,1755,9251,3,16
1784678931.796,real_q6xl_tensor_220w_mtp,2,100,11669,207.62,71,1800,9251,3,16
1784678931.796,real_q6xl_tensor_220w_mtp,3,100,11669,211.43,68,1770,9251,3,16
1784678932.411,real_q6xl_tensor_220w_mtp,0,100,11669,203.24,63,1830,9251,3,16
1784678932.411,real_q6xl_tensor_220w_mtp,1,74,11669,208.59,67,1755,9251,3,16
1784678932.411,real_q6xl_tensor_220w_mtp,2,100,11669,205.53,71,1800,9251,3,16
1784678932.411,real_q6xl_tensor_220w_mtp,3,100,11669,210.86,68,1770,9251,3,16
1784678933.011,real_q6xl_tensor_220w_mtp,0,100,11669,211.88,63,1830,9251,3,16
1784678933.011,real_q6xl_tensor_220w_mtp,1,74,11669,217.73,68,1755,9251,3,16
1784678933.011,real_q6xl_tensor_220w_mtp,2,100,11669,216.66,71,1815,9251,3,16
1784678933.011,real_q6xl_tensor_220w_mtp,3,100,11669,219.00,69,1785,9251,3,16
1784678933.609,real_q6xl_tensor_220w_mtp,0,100,11669,204.42,62,1935,9251,3,16
1784678933.609,real_q6xl_tensor_220w_mtp,1,34,11669,214.11,67,1920,9251,3,16
1784678933.609,real_q6xl_tensor_220w_mtp,2,100,11669,218.17,71,1890,9251,3,16
1784678933.609,real_q6xl_tensor_220w_mtp,3,41,11669,212.38,67,1920,9251,3,16
1784678934.230,real_q6xl_tensor_220w_mtp,0,87,11669,205.38,63,1845,9251,3,16
1784678934.230,real_q6xl_tensor_220w_mtp,1,85,11669,208.38,67,1755,9251,3,16
1784678934.230,real_q6xl_tensor_220w_mtp,2,87,11669,205.41,71,1800,9251,3,16
1784678934.230,real_q6xl_tensor_220w_mtp,3,100,11669,212.78,69,1755,9251,3,16
1784678934.808,real_q6xl_tensor_220w_mtp,0,100,11669,213.30,63,1830,9251,3,16
1784678934.808,real_q6xl_tensor_220w_mtp,1,85,11669,218.70,68,1740,9251,3,16
1784678934.808,real_q6xl_tensor_220w_mtp,2,100,11669,218.73,72,1785,9251,3,16
1784678934.808,real_q6xl_tensor_220w_mtp,3,100,11669,218.63,69,1755,9251,3,16
1784678935.405,real_q6xl_tensor_220w_mtp,0,100,11669,202.59,63,1830,9251,3,16
1784678935.405,real_q6xl_tensor_220w_mtp,1,100,11669,209.75,68,1740,9251,3,16
1784678935.405,real_q6xl_tensor_220w_mtp,2,100,11669,208.07,71,1770,9251,3,16
1784678935.405,real_q6xl_tensor_220w_mtp,3,100,11669,210.29,69,1755,9251,3,16
1784678935.992,real_q6xl_tensor_220w_mtp,0,74,11669,200.11,63,1830,9251,3,16
1784678935.992,real_q6xl_tensor_220w_mtp,1,100,11669,208.21,68,1755,9251,3,16
1784678935.992,real_q6xl_tensor_220w_mtp,2,96,11669,207.74,71,1785,9251,3,16
1784678935.992,real_q6xl_tensor_220w_mtp,3,100,11669,211.72,68,1755,9251,3,16
1784678936.570,real_q6xl_tensor_220w_mtp,0,74,11669,210.49,63,1830,9251,3,16
1784678936.570,real_q6xl_tensor_220w_mtp,1,100,11669,218.65,68,1755,9251,3,16
1784678936.570,real_q6xl_tensor_220w_mtp,2,96,11669,220.51,72,1785,9251,3,16
1784678936.570,real_q6xl_tensor_220w_mtp,3,100,11669,217.82,69,1755,9251,3,16
1784678937.170,real_q6xl_tensor_220w_mtp,0,100,11669,202.99,63,1830,9251,3,16
1784678937.170,real_q6xl_tensor_220w_mtp,1,100,11669,210.15,68,1755,9251,3,16
1784678937.170,real_q6xl_tensor_220w_mtp,2,100,11669,208.41,71,1800,9251,3,16
1784678937.170,real_q6xl_tensor_220w_mtp,3,100,11669,210.51,69,1770,9251,3,16
1784678937.772,real_q6xl_tensor_220w_mtp,0,100,11669,200.62,63,1830,9251,3,16
1784678937.772,real_q6xl_tensor_220w_mtp,1,79,11669,208.18,68,1740,9251,3,16
1784678937.772,real_q6xl_tensor_220w_mtp,2,87,11669,206.75,71,1785,9251,3,16
1784678937.772,real_q6xl_tensor_220w_mtp,3,74,11669,209.20,69,1755,9251,3,16
1784678938.352,real_q6xl_tensor_220w_mtp,0,100,11669,210.55,63,1845,9251,3,16
1784678938.352,real_q6xl_tensor_220w_mtp,1,79,11669,218.03,68,1740,9251,3,16
1784678938.352,real_q6xl_tensor_220w_mtp,2,100,11669,219.04,71,1800,9251,3,16
1784678938.352,real_q6xl_tensor_220w_mtp,3,74,11669,216.97,69,1755,9251,3,16
1784678938.951,real_q6xl_tensor_220w_mtp,0,100,11669,202.01,63,1830,9251,3,16
1784678938.951,real_q6xl_tensor_220w_mtp,1,100,11669,209.42,68,1725,9251,3,16
1784678938.951,real_q6xl_tensor_220w_mtp,2,100,11669,207.79,71,1755,9251,3,16
1784678938.951,real_q6xl_tensor_220w_mtp,3,100,11669,210.16,68,1740,9251,3,16
1784678939.552,real_q6xl_tensor_220w_mtp,0,73,11669,198.47,62,1830,9251,3,16
1784678939.552,real_q6xl_tensor_220w_mtp,1,100,11669,206.89,68,1755,9251,3,16
1784678939.552,real_q6xl_tensor_220w_mtp,2,72,11669,205.20,71,1770,9251,3,16
1784678939.552,real_q6xl_tensor_220w_mtp,3,100,11669,207.28,68,1770,9251,3,16
1784678940.157,real_q6xl_tensor_220w_mtp,0,73,11669,209.85,63,1830,9251,3,16
1784678940.157,real_q6xl_tensor_220w_mtp,1,100,11669,216.02,68,1740,9251,3,16
1784678940.157,real_q6xl_tensor_220w_mtp,2,72,11669,215.64,71,1785,9251,3,16
1784678940.157,real_q6xl_tensor_220w_mtp,3,100,11669,216.12,69,1770,9251,3,16
1784678940.732,real_q6xl_tensor_220w_mtp,0,100,11669,198.49,63,1845,9251,3,16
1784678940.732,real_q6xl_tensor_220w_mtp,1,58,11669,207.19,67,1755,9251,3,16
1784678940.732,real_q6xl_tensor_220w_mtp,2,100,11669,203.52,71,1800,9251,3,16
1784678940.732,real_q6xl_tensor_220w_mtp,3,82,11669,207.51,68,1770,9251,3,16
1784678941.310,real_q6xl_tensor_220w_mtp,0,100,11669,198.21,63,1800,9251,3,16
1784678941.310,real_q6xl_tensor_220w_mtp,1,100,11669,206.78,68,1755,9251,3,16
1784678941.310,real_q6xl_tensor_220w_mtp,2,100,11669,203.77,72,1785,9251,3,16
1784678941.310,real_q6xl_tensor_220w_mtp,3,100,11669,207.61,69,1755,9251,3,16
1784678941.885,real_q6xl_tensor_220w_mtp,0,71,11669,209.83,62,1830,9251,3,16
1784678941.885,real_q6xl_tensor_220w_mtp,1,100,11669,216.95,68,1755,9251,3,16
1784678941.885,real_q6xl_tensor_220w_mtp,2,71,11669,215.13,71,1800,9251,3,16
1784678941.885,real_q6xl_tensor_220w_mtp,3,100,11669,216.50,69,1740,9251,3,16
1784678942.481,real_q6xl_tensor_220w_mtp,0,71,11669,201.68,61,1845,9251,3,16
1784678942.481,real_q6xl_tensor_220w_mtp,1,58,11669,208.65,67,1740,9251,3,16
1784678942.481,real_q6xl_tensor_220w_mtp,2,71,11669,205.09,71,1800,9251,3,16
1784678942.481,real_q6xl_tensor_220w_mtp,3,100,11669,210.69,68,1755,9251,3,16
1784678943.079,real_q6xl_tensor_220w_mtp,0,100,11669,202.48,63,1815,9251,3,16
1784678943.079,real_q6xl_tensor_220w_mtp,1,58,11669,208.42,68,1740,9251,3,16
1784678943.079,real_q6xl_tensor_220w_mtp,2,100,11669,205.53,72,1770,9251,3,16
1784678943.079,real_q6xl_tensor_220w_mtp,3,100,11669,210.48,69,1755,9251,3,16
1784678943.655,real_q6xl_tensor_220w_mtp,0,100,11669,215.50,63,1890,9251,3,16
1784678943.655,real_q6xl_tensor_220w_mtp,1,77,11669,214.88,68,1845,9251,3,16
1784678943.655,real_q6xl_tensor_220w_mtp,2,100,11669,213.78,72,1845,9251,3,16
1784678943.655,real_q6xl_tensor_220w_mtp,3,100,11669,218.28,69,1860,9251,3,16
1784678944.230,real_q6xl_tensor_220w_mtp,0,2,11669,187.22,60,1935,9251,3,16
1784678944.230,real_q6xl_tensor_220w_mtp,1,23,11669,198.88,65,1920,9251,3,16
1784678944.230,real_q6xl_tensor_220w_mtp,2,4,11669,193.97,68,1905,9251,3,16
1784678944.230,real_q6xl_tensor_220w_mtp,3,18,11669,195.37,66,1920,9251,3,16
1784678944.797,real_q6xl_tensor_220w_mtp,0,2,11669,171.57,63,1935,9251,3,16
1784678944.797,real_q6xl_tensor_220w_mtp,1,98,11669,188.05,67,1905,9251,3,16
1784678944.797,real_q6xl_tensor_220w_mtp,2,4,11669,181.23,70,1875,9251,3,16
1784678944.797,real_q6xl_tensor_220w_mtp,3,59,11669,184.45,68,1905,9251,3,16
1784678945.380,real_q6xl_tensor_220w_mtp,0,37,11669,163.26,61,1935,9251,3,16
1784678945.380,real_q6xl_tensor_220w_mtp,1,23,11669,179.10,66,1920,9251,3,16
1784678945.380,real_q6xl_tensor_220w_mtp,2,33,11669,172.11,69,1905,9251,3,16
1784678945.380,real_q6xl_tensor_220w_mtp,3,28,11669,178.13,67,1920,9251,3,16
1784678945.949,real_q6xl_tensor_220w_mtp,0,37,11669,176.09,62,1785,9251,3,16
1784678945.949,real_q6xl_tensor_220w_mtp,1,72,11669,191.12,67,1680,9251,3,16
1784678945.949,real_q6xl_tensor_220w_mtp,2,76,11669,185.23,70,1695,9251,3,16
1784678945.949,real_q6xl_tensor_220w_mtp,3,80,11669,187.96,68,1680,9251,3,16
1784678946.544,real_q6xl_tensor_220w_mtp,0,83,11669,217.30,62,1755,9251,3,16
1784678946.544,real_q6xl_tensor_220w_mtp,1,72,11669,216.99,67,1710,9251,3,16
1784678946.544,real_q6xl_tensor_220w_mtp,2,77,11669,215.89,71,1665,9251,3,16
1784678946.544,real_q6xl_tensor_220w_mtp,3,80,11669,218.94,68,1725,9251,3,16
1784678947.133,real_q6xl_tensor_220w_mtp,0,83,11669,216.51,62,1725,9251,3,16
1784678947.133,real_q6xl_tensor_220w_mtp,1,79,11669,217.16,67,1680,9251,3,16
1784678947.133,real_q6xl_tensor_220w_mtp,2,77,11669,217.29,71,1665,9251,3,16
1784678947.133,real_q6xl_tensor_220w_mtp,3,80,11669,217.72,68,1710,9251,3,16
1784678947.727,real_q6xl_tensor_220w_mtp,0,77,11669,216.53,62,1815,9251,3,16
1784678947.727,real_q6xl_tensor_220w_mtp,1,80,11669,217.70,67,1725,9251,3,16
1784678947.727,real_q6xl_tensor_220w_mtp,2,78,11669,217.26,70,1755,9251,3,16
1784678947.727,real_q6xl_tensor_220w_mtp,3,77,11669,217.41,68,1725,9251,3,16
1784678948.304,real_q6xl_tensor_220w_mtp,0,1,11669,178.81,60,1935,9251,3,16
1784678948.304,real_q6xl_tensor_220w_mtp,1,0,11669,191.52,65,1920,9251,3,16
1784678948.304,real_q6xl_tensor_220w_mtp,2,78,11669,185.84,68,1905,9251,3,16
1784678948.304,real_q6xl_tensor_220w_mtp,3,1,11669,187.84,65,1920,9251,3,16
1784678948.898,real_q6xl_tensor_220w_mtp,0,1,11669,178.35,63,1860,9251,3,16
1784678948.898,real_q6xl_tensor_220w_mtp,1,0,11669,188.27,67,1785,9251,3,16
1784678948.898,real_q6xl_tensor_220w_mtp,2,100,11669,181.44,71,1815,9251,3,16
1784678948.898,real_q6xl_tensor_220w_mtp,3,1,11669,189.01,68,1800,9251,3,16
1784678949.501,real_q6xl_tensor_220w_mtp,0,79,11669,213.14,63,1845,9251,3,16
1784678949.501,real_q6xl_tensor_220w_mtp,1,83,11669,218.12,67,1785,9251,3,16
1784678949.501,real_q6xl_tensor_220w_mtp,2,100,11669,213.94,71,1800,9251,3,16
1784678949.501,real_q6xl_tensor_220w_mtp,3,77,11669,218.17,68,1785,9251,3,16
1784678950.105,real_q6xl_tensor_220w_mtp,0,79,11669,203.96,62,1860,9251,3,16
1784678950.105,real_q6xl_tensor_220w_mtp,1,83,11669,210.64,67,1785,9251,3,16
1784678950.105,real_q6xl_tensor_220w_mtp,2,95,11669,207.16,71,1830,9251,3,16
1784678950.105,real_q6xl_tensor_220w_mtp,3,77,11669,211.87,68,1800,9251,3,16
1784678950.698,real_q6xl_tensor_220w_mtp,0,100,11669,205.51,63,1860,9251,3,16
1784678950.698,real_q6xl_tensor_220w_mtp,1,100,11669,211.93,68,1770,9251,3,16
1784678950.698,real_q6xl_tensor_220w_mtp,2,95,11669,209.67,71,1830,9251,3,16
1784678950.698,real_q6xl_tensor_220w_mtp,3,100,11669,214.14,69,1800,9251,3,16
1784678951.266,real_q6xl_tensor_220w_mtp,0,89,11669,212.66,63,1845,9251,3,16
1784678951.266,real_q6xl_tensor_220w_mtp,1,89,11669,217.94,68,1770,9251,3,16
1784678951.266,real_q6xl_tensor_220w_mtp,2,100,11669,215.79,71,1815,9251,3,16
1784678951.266,real_q6xl_tensor_220w_mtp,3,93,11669,218.34,69,1785,9251,3,16
1784678951.846,real_q6xl_tensor_220w_mtp,0,100,11669,204.98,63,1860,9251,3,16
1784678951.846,real_q6xl_tensor_220w_mtp,1,100,11669,213.03,67,1770,9251,3,16
1784678951.846,real_q6xl_tensor_220w_mtp,2,100,11669,209.64,71,1815,9251,3,16
1784678951.846,real_q6xl_tensor_220w_mtp,3,100,11669,211.35,69,1785,9251,3,16
1784678952.422,real_q6xl_tensor_220w_mtp,0,100,11669,205.04,63,1860,9251,3,16
1784678952.422,real_q6xl_tensor_220w_mtp,1,100,11669,212.77,68,1770,9251,3,16
1784678952.422,real_q6xl_tensor_220w_mtp,2,98,11669,209.03,71,1815,9251,3,16
1784678952.422,real_q6xl_tensor_220w_mtp,3,100,11669,212.42,69,1785,9251,3,16
1784678952.999,real_q6xl_tensor_220w_mtp,0,100,11669,213.62,63,1845,9251,3,16
1784678952.999,real_q6xl_tensor_220w_mtp,1,100,11669,217.97,68,1770,9251,3,16
1784678952.999,real_q6xl_tensor_220w_mtp,2,98,11669,214.76,72,1815,9251,3,16
1784678952.999,real_q6xl_tensor_220w_mtp,3,100,11669,218.21,69,1785,9251,3,16
1784678953.594,real_q6xl_tensor_220w_mtp,0,100,11669,206.63,63,1860,9251,3,16
1784678953.594,real_q6xl_tensor_220w_mtp,1,100,11669,211.72,68,1770,9251,3,16
1784678953.594,real_q6xl_tensor_220w_mtp,2,100,11669,208.69,71,1830,9251,3,16
1784678953.594,real_q6xl_tensor_220w_mtp,3,100,11669,212.90,69,1800,9251,3,16
1784678954.171,real_q6xl_tensor_220w_mtp,0,79,11669,205.02,63,1845,9251,3,16
1784678954.171,real_q6xl_tensor_220w_mtp,1,100,11669,210.93,68,1770,9251,3,16
1784678954.171,real_q6xl_tensor_220w_mtp,2,100,11669,207.77,71,1815,9251,3,16
1784678954.171,real_q6xl_tensor_220w_mtp,3,100,11669,212.05,69,1770,9251,3,16
1784678954.767,real_q6xl_tensor_220w_mtp,0,89,11669,213.27,63,1845,9251,3,16
1784678954.767,real_q6xl_tensor_220w_mtp,1,100,11669,218.93,68,1770,9251,3,16
1784678954.767,real_q6xl_tensor_220w_mtp,2,100,11669,217.87,72,1815,9251,3,16
1784678954.767,real_q6xl_tensor_220w_mtp,3,100,11669,218.41,69,1785,9251,3,16
1784678955.344,real_q6xl_tensor_220w_mtp,0,100,11669,205.37,63,1890,9251,3,16
1784678955.344,real_q6xl_tensor_220w_mtp,1,77,11669,211.15,68,1875,9251,3,16
1784678955.344,real_q6xl_tensor_220w_mtp,2,100,11669,207.34,71,1830,9251,3,16
1784678955.344,real_q6xl_tensor_220w_mtp,3,100,11669,214.13,69,1890,9251,3,16
1784678955.922,real_q6xl_tensor_220w_mtp,0,89,11669,204.54,63,1845,9251,3,16
1784678955.922,real_q6xl_tensor_220w_mtp,1,89,11669,211.85,68,1770,9251,3,16
1784678955.922,real_q6xl_tensor_220w_mtp,2,100,11669,207.90,71,1815,9251,3,16
1784678955.922,real_q6xl_tensor_220w_mtp,3,89,11669,212.31,69,1770,9251,3,16
1784678956.503,real_q6xl_tensor_220w_mtp,0,80,11669,212.46,63,1890,9251,3,16
1784678956.503,real_q6xl_tensor_220w_mtp,1,100,11669,220.35,68,1845,9251,3,16
1784678956.503,real_q6xl_tensor_220w_mtp,2,100,11669,218.46,72,1860,9251,3,16
1784678956.503,real_q6xl_tensor_220w_mtp,3,85,11669,218.16,69,1860,9251,3,16
1784678957.093,real_q6xl_tensor_220w_mtp,0,80,11669,203.52,63,1845,9251,3,16
1784678957.093,real_q6xl_tensor_220w_mtp,1,100,11669,210.22,68,1755,9251,3,16
1784678957.093,real_q6xl_tensor_220w_mtp,2,78,11669,207.17,71,1800,9251,3,16
1784678957.093,real_q6xl_tensor_220w_mtp,3,85,11669,211.82,69,1785,9251,3,16
1784678957.687,real_q6xl_tensor_220w_mtp,0,100,11669,205.40,63,1845,9251,3,16
1784678957.687,real_q6xl_tensor_220w_mtp,1,100,11669,214.68,68,1770,9251,3,16
1784678957.687,real_q6xl_tensor_220w_mtp,2,78,11669,211.36,72,1800,9251,3,16
1784678957.687,real_q6xl_tensor_220w_mtp,3,100,11669,216.83,69,1770,9251,3,16
1784678958.263,real_q6xl_tensor_220w_mtp,0,93,11669,213.22,62,1935,9251,3,16
1784678958.263,real_q6xl_tensor_220w_mtp,1,78,11669,215.54,67,1920,9251,3,16
1784678958.263,real_q6xl_tensor_220w_mtp,2,51,11669,212.84,72,1905,9251,3,16
1784678958.263,real_q6xl_tensor_220w_mtp,3,100,11669,218.06,68,1905,9251,3,16
1784678958.837,real_q6xl_tensor_220w_mtp,0,79,11669,203.52,63,1845,9251,3,16
1784678958.837,real_q6xl_tensor_220w_mtp,1,82,11669,211.01,67,1755,9251,3,16
1784678958.837,real_q6xl_tensor_220w_mtp,2,51,11669,206.66,71,1800,9251,3,16
1784678958.837,real_q6xl_tensor_220w_mtp,3,78,11669,210.62,69,1770,9251,3,16
1784678959.413,real_q6xl_tensor_220w_mtp,0,79,11669,210.15,63,1845,9251,3,16
1784678959.413,real_q6xl_tensor_220w_mtp,1,82,11669,214.41,68,1755,9251,3,16
1784678959.413,real_q6xl_tensor_220w_mtp,2,100,11669,210.75,72,1800,9251,3,16
1784678959.413,real_q6xl_tensor_220w_mtp,3,78,11669,215.64,69,1770,9251,3,16
1784678959.987,real_q6xl_tensor_220w_mtp,0,100,11669,214.56,62,1935,9251,3,16
1784678959.987,real_q6xl_tensor_220w_mtp,1,63,11669,215.58,67,1920,9251,3,16
1784678959.987,real_q6xl_tensor_220w_mtp,2,100,11669,214.11,71,1905,9251,3,16
1784678959.987,real_q6xl_tensor_220w_mtp,3,39,11669,214.38,69,1920,9251,3,16
1784678960.558,real_q6xl_tensor_220w_mtp,0,100,11669,203.26,63,1845,9251,3,16
1784678960.558,real_q6xl_tensor_220w_mtp,1,63,11669,209.65,68,1770,9251,3,16
1784678960.558,real_q6xl_tensor_220w_mtp,2,82,11669,207.13,72,1815,9251,3,16
1784678960.558,real_q6xl_tensor_220w_mtp,3,39,11669,210.68,69,1785,9251,3,16
1784678961.159,real_q6xl_tensor_220w_mtp,0,100,11669,208.70,63,1845,9251,3,16
1784678961.159,real_q6xl_tensor_220w_mtp,1,100,11669,216.71,68,1755,9251,3,16
1784678961.159,real_q6xl_tensor_220w_mtp,2,82,11669,215.92,72,1815,9251,3,16
1784678961.159,real_q6xl_tensor_220w_mtp,3,100,11669,215.14,69,1770,9251,3,16
1784678961.735,real_q6xl_tensor_220w_mtp,0,100,11669,209.44,62,1935,9251,3,16
1784678961.735,real_q6xl_tensor_220w_mtp,1,99,11669,213.02,67,1920,9251,3,16
1784678961.735,real_q6xl_tensor_220w_mtp,2,40,11669,210.78,71,1905,9251,3,16
1784678961.735,real_q6xl_tensor_220w_mtp,3,78,11669,215.26,68,1920,9251,3,16
1784678962.331,real_q6xl_tensor_220w_mtp,0,80,11669,202.83,63,1845,9251,3,16
1784678962.331,real_q6xl_tensor_220w_mtp,1,74,11669,209.49,68,1755,9251,3,16
1784678962.331,real_q6xl_tensor_220w_mtp,2,40,11669,205.53,72,1800,9251,3,16
1784678962.331,real_q6xl_tensor_220w_mtp,3,75,11669,210.03,69,1770,9251,3,16
1784678962.907,real_q6xl_tensor_220w_mtp,0,80,11669,213.89,63,1845,9251,3,16
1784678962.907,real_q6xl_tensor_220w_mtp,1,74,11669,214.79,68,1755,9251,3,16
1784678962.907,real_q6xl_tensor_220w_mtp,2,100,11669,212.85,72,1800,9251,3,16
1784678962.907,real_q6xl_tensor_220w_mtp,3,75,11669,217.49,69,1755,9251,3,16
1784678963.507,real_q6xl_tensor_220w_mtp,0,37,11669,208.21,63,1935,9251,3,16
1784678963.507,real_q6xl_tensor_220w_mtp,1,62,11669,215.54,67,1920,9251,3,16
1784678963.507,real_q6xl_tensor_220w_mtp,2,100,11669,213.76,71,1905,9251,3,16
1784678963.507,real_q6xl_tensor_220w_mtp,3,33,11669,213.54,69,1920,9251,3,16
1784678964.077,real_q6xl_tensor_220w_mtp,0,37,11669,202.03,63,1830,9251,3,16
1784678964.077,real_q6xl_tensor_220w_mtp,1,62,11669,208.82,68,1755,9251,3,16
1784678964.077,real_q6xl_tensor_220w_mtp,2,76,11669,206.84,72,1785,9251,3,16
1784678964.077,real_q6xl_tensor_220w_mtp,3,33,11669,209.73,69,1770,9251,3,16
1784678964.652,real_q6xl_tensor_220w_mtp,0,100,11669,209.03,63,1830,9251,3,16
1784678964.652,real_q6xl_tensor_220w_mtp,1,100,11669,215.93,68,1740,9251,3,16
1784678964.652,real_q6xl_tensor_220w_mtp,2,76,11669,216.80,72,1800,9251,3,16
1784678964.652,real_q6xl_tensor_220w_mtp,3,100,11669,214.55,69,1755,9251,3,16
1784678965.229,real_q6xl_tensor_220w_mtp,0,100,11669,210.32,62,1935,9251,3,16
1784678965.229,real_q6xl_tensor_220w_mtp,1,100,11669,218.77,68,1905,9251,3,16
1784678965.229,real_q6xl_tensor_220w_mtp,2,100,11669,218.73,72,1905,9251,3,16
1784678965.229,real_q6xl_tensor_220w_mtp,3,100,11669,216.11,68,1905,9251,3,16
1784678965.799,real_q6xl_tensor_220w_mtp,0,76,11669,200.45,63,1845,9251,3,16
1784678965.799,real_q6xl_tensor_220w_mtp,1,94,11669,209.51,68,1725,9251,3,16
1784678965.799,real_q6xl_tensor_220w_mtp,2,100,11669,206.56,71,1815,9251,3,16
1784678965.799,real_q6xl_tensor_220w_mtp,3,74,11669,209.04,69,1740,9251,3,16
1784678966.401,real_q6xl_tensor_220w_mtp,0,100,11669,208.91,63,1845,9251,3,16
1784678966.401,real_q6xl_tensor_220w_mtp,1,87,11669,213.15,68,1755,9251,3,16
1784678966.401,real_q6xl_tensor_220w_mtp,2,100,11669,211.77,72,1785,9251,3,16
1784678966.401,real_q6xl_tensor_220w_mtp,3,87,11669,215.01,69,1770,9251,3,16
1784678966.980,real_q6xl_tensor_220w_mtp,0,100,11669,213.53,64,1890,9251,3,16
1784678966.980,real_q6xl_tensor_220w_mtp,1,100,11669,219.31,68,1815,9251,3,16
1784678966.980,real_q6xl_tensor_220w_mtp,2,100,11669,219.49,72,1815,9251,3,16
1784678966.980,real_q6xl_tensor_220w_mtp,3,100,11669,215.12,69,1845,9251,3,16
1784678967.548,real_q6xl_tensor_220w_mtp,0,100,11669,203.07,63,1920,9251,3,16
1784678967.548,real_q6xl_tensor_220w_mtp,1,100,11669,210.01,67,1890,9251,3,16
1784678967.548,real_q6xl_tensor_220w_mtp,2,74,11669,206.89,71,1890,9251,3,16
1784678967.548,real_q6xl_tensor_220w_mtp,3,100,11669,209.54,69,1890,9251,3,16
1784678968.149,real_q6xl_tensor_220w_mtp,0,100,11669,205.50,63,1815,9251,3,16
1784678968.149,real_q6xl_tensor_220w_mtp,1,100,11669,214.19,68,1755,9251,3,16
1784678968.149,real_q6xl_tensor_220w_mtp,2,74,11669,212.51,72,1785,9251,3,16
1784678968.149,real_q6xl_tensor_220w_mtp,3,100,11669,212.85,69,1755,9251,3,16
1784678968.741,real_q6xl_tensor_220w_mtp,0,100,11669,213.50,63,1830,9251,3,16
1784678968.741,real_q6xl_tensor_220w_mtp,1,100,11669,218.37,68,1830,9251,3,16
1784678968.741,real_q6xl_tensor_220w_mtp,2,96,11669,218.37,72,1800,9251,3,16
1784678968.741,real_q6xl_tensor_220w_mtp,3,100,11669,218.63,69,1845,9251,3,16
1784678969.335,real_q6xl_tensor_220w_mtp,0,100,11669,201.94,63,1830,9251,3,16
1784678969.335,real_q6xl_tensor_220w_mtp,1,100,11669,209.65,68,1740,9251,3,16
1784678969.335,real_q6xl_tensor_220w_mtp,2,96,11669,207.51,72,1785,9251,3,16
1784678969.335,real_q6xl_tensor_220w_mtp,3,100,11669,210.48,69,1755,9251,3,16
1784678969.902,real_q6xl_tensor_220w_mtp,0,100,11669,203.71,63,1830,9251,3,16
1784678969.902,real_q6xl_tensor_220w_mtp,1,100,11669,208.15,68,1725,9251,3,16
1784678969.902,real_q6xl_tensor_220w_mtp,2,80,11669,206.51,72,1785,9251,3,16
1784678969.902,real_q6xl_tensor_220w_mtp,3,100,11669,212.52,69,1740,9251,3,16
1784678970.476,real_q6xl_tensor_220w_mtp,0,100,11669,212.88,63,1830,9251,3,16
1784678970.476,real_q6xl_tensor_220w_mtp,1,100,11669,217.43,68,1740,9251,3,16
1784678970.476,real_q6xl_tensor_220w_mtp,2,80,11669,218.35,72,1770,9251,3,16
1784678970.476,real_q6xl_tensor_220w_mtp,3,100,11669,219.31,70,1755,9251,3,16
1784678971.075,real_q6xl_tensor_220w_mtp,0,100,11669,200.00,63,1830,9251,3,16
1784678971.075,real_q6xl_tensor_220w_mtp,1,100,11669,207.61,68,1740,9251,3,16
1784678971.075,real_q6xl_tensor_220w_mtp,2,100,11669,204.77,72,1770,9251,3,16
1784678971.075,real_q6xl_tensor_220w_mtp,3,100,11669,208.62,69,1770,9251,3,16
1784678971.715,real_q6xl_tensor_220w_mtp,0,75,11669,200.37,64,1830,9251,3,16
1784678971.715,real_q6xl_tensor_220w_mtp,1,74,11669,204.58,68,1740,9251,3,16
1784678971.715,real_q6xl_tensor_220w_mtp,2,100,11669,202.75,72,1800,9251,3,16
1784678971.715,real_q6xl_tensor_220w_mtp,3,73,11669,208.34,69,1740,9251,3,16
1784678972.292,real_q6xl_tensor_220w_mtp,0,87,11669,210.48,64,1830,9251,3,16
1784678972.292,real_q6xl_tensor_220w_mtp,1,99,11669,216.30,68,1710,9251,3,16
1784678972.292,real_q6xl_tensor_220w_mtp,2,100,11669,217.07,73,1800,9251,3,16
1784678972.292,real_q6xl_tensor_220w_mtp,3,73,11669,217.29,70,1740,9251,3,16
1784678972.869,real_q6xl_tensor_220w_mtp,0,100,11669,201.69,63,1800,9251,3,16
1784678972.869,real_q6xl_tensor_220w_mtp,1,100,11669,208.85,68,1725,9251,3,16
1784678972.869,real_q6xl_tensor_220w_mtp,2,100,11669,208.16,72,1770,9251,3,16
1784678972.869,real_q6xl_tensor_220w_mtp,3,100,11669,210.15,69,1740,9251,3,16
1784678973.462,real_q6xl_tensor_220w_mtp,0,100,11669,204.48,64,1815,9251,3,16
1784678973.462,real_q6xl_tensor_220w_mtp,1,100,11669,208.67,68,1845,9251,3,16
1784678973.462,real_q6xl_tensor_220w_mtp,2,89,11669,206.07,72,1770,9251,3,16
1784678973.462,real_q6xl_tensor_220w_mtp,3,100,11669,210.06,70,1770,9251,3,16
1784678974.034,real_q6xl_tensor_220w_mtp,0,100,11669,215.20,64,1815,9251,3,16
1784678974.034,real_q6xl_tensor_220w_mtp,1,71,11669,216.46,68,1725,9251,3,16
1784678974.034,real_q6xl_tensor_220w_mtp,2,89,11669,214.97,72,1755,9251,3,16
1784678974.034,real_q6xl_tensor_220w_mtp,3,100,11669,216.46,69,1725,9251,3,16
1784678974.608,real_q6xl_tensor_220w_mtp,0,100,11669,205.50,63,1815,9251,3,16
1784678974.608,real_q6xl_tensor_220w_mtp,1,71,11669,208.35,68,1740,9251,3,16
1784678974.608,real_q6xl_tensor_220w_mtp,2,69,11669,205.25,72,1770,9251,3,16
1784678974.608,real_q6xl_tensor_220w_mtp,3,100,11669,210.19,69,1755,9251,3,16
1784678975.199,real_q6xl_tensor_220w_mtp,0,100,11669,203.99,64,1800,9251,3,16
1784678975.199,real_q6xl_tensor_220w_mtp,1,100,11669,209.48,68,1740,9251,3,16
1784678975.199,real_q6xl_tensor_220w_mtp,2,69,11669,205.45,72,1770,9251,3,16
1784678975.199,real_q6xl_tensor_220w_mtp,3,100,11669,209.89,70,1740,9251,3,16
1784678975.775,real_q6xl_tensor_220w_mtp,0,100,11669,214.44,64,1905,9251,3,16
1784678975.775,real_q6xl_tensor_220w_mtp,1,100,11669,216.55,68,1725,9251,3,16
1784678975.775,real_q6xl_tensor_220w_mtp,2,71,11669,213.37,72,1875,9251,3,16
1784678975.775,real_q6xl_tensor_220w_mtp,3,100,11669,216.46,70,1725,9251,3,16
1784678976.352,real_q6xl_tensor_220w_mtp,0,38,11669,204.35,62,1920,9251,3,16
1784678976.352,real_q6xl_tensor_220w_mtp,1,24,11669,207.51,66,1920,9251,3,16
1784678976.352,real_q6xl_tensor_220w_mtp,2,71,11669,203.06,71,1905,9251,3,16
1784678976.352,real_q6xl_tensor_220w_mtp,3,38,11669,207.58,68,1920,9251,3,16
1784678976.946,real_q6xl_tensor_220w_mtp,0,86,11669,202.68,64,1830,9251,3,16
1784678976.946,real_q6xl_tensor_220w_mtp,1,86,11669,208.92,68,1740,9251,3,16
1784678976.946,real_q6xl_tensor_220w_mtp,2,100,11669,206.19,72,1770,9251,3,16
1784678976.946,real_q6xl_tensor_220w_mtp,3,86,11669,208.28,70,1755,9251,3,16
1784678977.523,real_q6xl_tensor_220w_mtp,0,100,11669,215.43,64,1815,9251,3,16
1784678977.523,real_q6xl_tensor_220w_mtp,1,100,11669,217.78,69,1725,9251,3,16
1784678977.523,real_q6xl_tensor_220w_mtp,2,100,11669,218.54,73,1785,9251,3,16
1784678977.523,real_q6xl_tensor_220w_mtp,3,100,11669,217.49,70,1755,9251,3,16
1784678978.098,real_q6xl_tensor_220w_mtp,0,100,11669,208.44,64,1920,9251,3,16
1784678978.098,real_q6xl_tensor_220w_mtp,1,100,11669,216.27,68,1905,9251,3,16
1784678978.098,real_q6xl_tensor_220w_mtp,2,65,11669,214.01,71,1890,9251,3,16
1784678978.098,real_q6xl_tensor_220w_mtp,3,100,11669,213.50,70,1905,9251,3,16
1784678978.667,real_q6xl_tensor_220w_mtp,0,100,11669,201.71,64,1905,9251,3,16
1784678978.667,real_q6xl_tensor_220w_mtp,1,100,11669,208.70,68,1875,9251,3,16
1784678978.667,real_q6xl_tensor_220w_mtp,2,65,11669,204.05,72,1890,9251,3,16
1784678978.667,real_q6xl_tensor_220w_mtp,3,64,11669,205.57,70,1875,9251,3,16
1784678979.261,real_q6xl_tensor_220w_mtp,0,86,11669,204.97,64,1815,9251,3,16
1784678979.261,real_q6xl_tensor_220w_mtp,1,85,11669,211.55,68,1725,9251,3,16
1784678979.261,real_q6xl_tensor_220w_mtp,2,100,11669,209.69,73,1785,9251,3,16
1784678979.261,real_q6xl_tensor_220w_mtp,3,92,11669,214.52,69,1740,9251,3,16
1784678979.857,real_q6xl_tensor_220w_mtp,0,100,11669,212.98,64,1815,9251,3,16
1784678979.857,real_q6xl_tensor_220w_mtp,1,100,11669,215.93,68,1725,9251,3,16
1784678979.857,real_q6xl_tensor_220w_mtp,2,100,11669,214.54,73,1755,9251,3,16
1784678979.857,real_q6xl_tensor_220w_mtp,3,100,11669,216.28,70,1740,9251,3,16
1784678980.455,real_q6xl_tensor_220w_mtp,0,100,11669,200.09,64,1800,9251,3,16
1784678980.455,real_q6xl_tensor_220w_mtp,1,100,11669,206.36,68,1695,9251,3,16
1784678980.455,real_q6xl_tensor_220w_mtp,2,100,11669,203.80,73,1755,9251,3,16
1784678980.455,real_q6xl_tensor_220w_mtp,3,100,11669,207.98,69,1725,9251,3,16
1784678981.050,real_q6xl_tensor_220w_mtp,0,100,11669,201.96,63,1920,9251,3,16
1784678981.050,real_q6xl_tensor_220w_mtp,1,70,11669,204.78,67,1890,9251,3,16
1784678981.050,real_q6xl_tensor_220w_mtp,2,100,11669,200.87,72,1890,9251,3,16
1784678981.050,real_q6xl_tensor_220w_mtp,3,100,11669,210.84,70,1890,9251,3,16
1784678981.647,real_q6xl_tensor_220w_mtp,0,100,11669,211.54,64,1800,9251,3,16
1784678981.647,real_q6xl_tensor_220w_mtp,1,70,11669,214.85,68,1725,9251,3,16
1784678981.647,real_q6xl_tensor_220w_mtp,2,100,11669,213.49,73,1755,9251,3,16
1784678981.647,real_q6xl_tensor_220w_mtp,3,100,11669,215.04,70,1725,9251,3,16
1784678982.221,real_q6xl_tensor_220w_mtp,0,89,11669,201.31,63,1800,9251,3,16
1784678982.221,real_q6xl_tensor_220w_mtp,1,35,11669,208.03,68,1725,9251,3,16
1784678982.221,real_q6xl_tensor_220w_mtp,2,42,11669,205.31,72,1740,9251,3,16
1784678982.221,real_q6xl_tensor_220w_mtp,3,84,11669,207.87,69,1710,9251,3,16
1784678982.797,real_q6xl_tensor_220w_mtp,0,100,11669,201.67,64,1800,9251,3,16
1784678982.797,real_q6xl_tensor_220w_mtp,1,35,11669,207.42,68,1725,9251,3,16
1784678982.797,real_q6xl_tensor_220w_mtp,2,100,11669,203.99,73,1755,9251,3,16
1784678982.797,real_q6xl_tensor_220w_mtp,3,84,11669,208.69,70,1725,9251,3,16
1784678983.393,real_q6xl_tensor_220w_mtp,0,100,11669,212.69,64,1830,9251,3,16
1784678983.393,real_q6xl_tensor_220w_mtp,1,100,11669,216.35,68,1785,9251,3,16
1784678983.393,real_q6xl_tensor_220w_mtp,2,100,11669,216.22,73,1770,9251,3,16
1784678983.393,real_q6xl_tensor_220w_mtp,3,85,11669,216.36,70,1800,9251,3,16
1784678983.960,real_q6xl_tensor_220w_mtp,0,100,11669,208.85,63,1920,9251,3,16
1784678983.960,real_q6xl_tensor_220w_mtp,1,100,11669,210.55,67,1920,9251,3,16
1784678983.960,real_q6xl_tensor_220w_mtp,2,41,11669,206.55,71,1905,9251,3,16
1784678983.960,real_q6xl_tensor_220w_mtp,3,85,11669,212.15,69,1920,9251,3,16
1784678984.528,real_q6xl_tensor_220w_mtp,0,69,11669,200.54,63,1770,9251,3,16
1784678984.528,real_q6xl_tensor_220w_mtp,1,68,11669,207.37,68,1725,9251,3,16
1784678984.528,real_q6xl_tensor_220w_mtp,2,41,11669,202.56,73,1740,9251,3,16
1784678984.528,real_q6xl_tensor_220w_mtp,3,69,11669,206.66,69,1710,9251,3,16
1784678985.123,real_q6xl_tensor_220w_mtp,0,69,11669,211.82,64,1815,9251,3,16
1784678985.123,real_q6xl_tensor_220w_mtp,1,68,11669,218.19,68,1755,9251,3,16
1784678985.123,real_q6xl_tensor_220w_mtp,2,100,11669,208.99,73,1770,9251,3,16
1784678985.123,real_q6xl_tensor_220w_mtp,3,69,11669,215.26,70,1755,9251,3,16
1784678985.703,real_q6xl_tensor_220w_mtp,0,100,11669,215.86,64,1815,9251,3,16
1784678985.703,real_q6xl_tensor_220w_mtp,1,100,11669,218.74,69,1725,9251,3,16
1784678985.703,real_q6xl_tensor_220w_mtp,2,100,11669,216.47,73,1770,9251,3,16
1784678985.703,real_q6xl_tensor_220w_mtp,3,100,11669,217.91,70,1740,9251,3,16
1784678986.279,real_q6xl_tensor_220w_mtp,0,94,11669,201.17,64,1800,9251,3,16
1784678986.279,real_q6xl_tensor_220w_mtp,1,100,11669,208.04,68,1710,9251,3,16
1784678986.279,real_q6xl_tensor_220w_mtp,2,100,11669,203.80,73,1755,9251,3,16
1784678986.279,real_q6xl_tensor_220w_mtp,3,100,11669,208.01,70,1725,9251,3,16
1784678986.881,real_q6xl_tensor_220w_mtp,0,100,11669,200.90,64,1890,9251,3,16
1784678986.881,real_q6xl_tensor_220w_mtp,1,100,11669,207.63,68,1860,9251,3,16
1784678986.881,real_q6xl_tensor_220w_mtp,2,100,11669,203.85,73,1785,9251,3,16
1784678986.881,real_q6xl_tensor_220w_mtp,3,84,11669,207.57,70,1875,9251,3,16
1784678987.455,real_q6xl_tensor_220w_mtp,0,100,11669,210.75,64,1800,9251,3,16
1784678987.455,real_q6xl_tensor_220w_mtp,1,100,11669,216.19,68,1710,9251,3,16
1784678987.455,real_q6xl_tensor_220w_mtp,2,100,11669,212.80,73,1755,9251,3,16
1784678987.455,real_q6xl_tensor_220w_mtp,3,70,11669,216.26,70,1725,9251,3,16
1784678988.030,real_q6xl_tensor_220w_mtp,0,22,11669,200.51,63,1785,9251,3,16
1784678988.030,real_q6xl_tensor_220w_mtp,1,28,11669,207.79,67,1680,9251,3,16
1784678988.030,real_q6xl_tensor_220w_mtp,2,100,11669,202.67,71,1725,9251,3,16
1784678988.030,real_q6xl_tensor_220w_mtp,3,70,11669,207.74,68,1680,9251,3,16
1784678988.608,real_q6xl_tensor_220w_mtp,0,22,11669,200.63,64,1800,9251,3,16
1784678988.608,real_q6xl_tensor_220w_mtp,1,28,11669,207.48,69,1710,9251,3,16
1784678988.608,real_q6xl_tensor_220w_mtp,2,100,11669,203.51,73,1785,9251,3,16
1784678988.608,real_q6xl_tensor_220w_mtp,3,100,11669,208.09,70,1710,9251,3,16
1784678989.183,real_q6xl_tensor_220w_mtp,0,100,11669,214.46,64,1800,9251,3,16
1784678989.183,real_q6xl_tensor_220w_mtp,1,100,11669,217.54,69,1710,9251,3,16
1784678989.183,real_q6xl_tensor_220w_mtp,2,100,11669,216.39,73,1755,9251,3,16
1784678989.183,real_q6xl_tensor_220w_mtp,3,100,11669,218.15,70,1725,9251,3,16
1784678989.783,real_q6xl_tensor_220w_mtp,0,69,11669,208.95,63,1920,9251,3,16
1784678989.783,real_q6xl_tensor_220w_mtp,1,100,11669,215.92,67,1905,9251,3,16
1784678989.783,real_q6xl_tensor_220w_mtp,2,82,11669,212.02,71,1905,9251,3,16
1784678989.783,real_q6xl_tensor_220w_mtp,3,39,11669,212.66,69,1905,9251,3,16
1784678990.399,real_q6xl_tensor_220w_mtp,0,93,11669,201.61,64,1875,9251,3,16
1784678990.399,real_q6xl_tensor_220w_mtp,1,100,11669,205.73,68,1830,9251,3,16
1784678990.399,real_q6xl_tensor_220w_mtp,2,100,11669,202.41,73,1815,9251,3,16
1784678990.399,real_q6xl_tensor_220w_mtp,3,39,11669,207.70,69,1845,9251,3,16
1784678990.977,real_q6xl_tensor_220w_mtp,0,93,11669,203.39,64,1785,9251,3,16
1784678990.977,real_q6xl_tensor_220w_mtp,1,100,11669,210.61,68,1710,9251,3,16
1784678990.977,real_q6xl_tensor_220w_mtp,2,100,11669,209.13,73,1740,9251,3,16
1784678990.977,real_q6xl_tensor_220w_mtp,3,100,11669,212.22,70,1725,9251,3,16
1784678991.564,real_q6xl_tensor_220w_mtp,0,100,11669,212.77,64,1800,9251,3,16
1784678991.564,real_q6xl_tensor_220w_mtp,1,100,11669,218.40,69,1695,9251,3,16
1784678991.564,real_q6xl_tensor_220w_mtp,2,100,11669,216.61,73,1755,9251,3,16
1784678991.564,real_q6xl_tensor_220w_mtp,3,100,11669,216.74,70,1740,9251,3,16
1784678992.143,real_q6xl_tensor_220w_mtp,0,99,11669,199.16,64,1785,9251,3,16
1784678992.143,real_q6xl_tensor_220w_mtp,1,100,11669,205.02,68,1710,9251,3,16
1784678992.143,real_q6xl_tensor_220w_mtp,2,79,11669,202.99,73,1770,9251,3,16
1784678992.143,real_q6xl_tensor_220w_mtp,3,100,11669,205.43,69,1725,9251,3,16
1784678992.868,real_q6xl_tensor_220w_mtp,0,100,11669,200.15,64,1785,9251,3,16
1784678992.868,real_q6xl_tensor_220w_mtp,1,100,11669,207.08,68,1680,9251,3,16
1784678992.868,real_q6xl_tensor_220w_mtp,2,100,11669,205.26,73,1725,9251,3,16
1784678992.868,real_q6xl_tensor_220w_mtp,3,100,11669,207.38,70,1710,9251,3,16
1784678993.444,real_q6xl_tensor_220w_mtp,0,100,11669,213.92,64,1815,9251,3,16
1784678993.444,real_q6xl_tensor_220w_mtp,1,100,11669,215.52,67,1725,9251,3,16
1784678993.444,real_q6xl_tensor_220w_mtp,2,100,11669,214.24,72,1755,9251,3,16
1784678993.444,real_q6xl_tensor_220w_mtp,3,66,11669,215.07,70,1740,9251,3,16
1784678994.024,real_q6xl_tensor_220w_mtp,0,26,11669,203.08,62,1920,9251,3,16
1784678994.024,real_q6xl_tensor_220w_mtp,1,42,11669,208.80,68,1920,9251,3,16
1784678994.024,real_q6xl_tensor_220w_mtp,2,40,11669,205.55,71,1905,9251,3,16
1784678994.024,real_q6xl_tensor_220w_mtp,3,66,11669,208.14,68,1920,9251,3,16
1784678994.598,real_q6xl_tensor_220w_mtp,0,26,11669,198.73,63,1785,9251,3,16
1784678994.598,real_q6xl_tensor_220w_mtp,1,42,11669,206.36,68,1725,9251,3,16
1784678994.598,real_q6xl_tensor_220w_mtp,2,40,11669,201.37,73,1755,9251,3,16
1784678994.598,real_q6xl_tensor_220w_mtp,3,100,11669,206.32,70,1755,9251,3,16
1784678995.172,real_q6xl_tensor_220w_mtp,0,100,11669,212.39,64,1815,9251,3,16
1784678995.172,real_q6xl_tensor_220w_mtp,1,100,11669,218.18,69,1695,9251,3,16
1784678995.172,real_q6xl_tensor_220w_mtp,2,100,11669,215.50,73,1755,9251,3,16
1784678995.172,real_q6xl_tensor_220w_mtp,3,100,11669,216.48,70,1725,9251,3,16
1784678995.747,real_q6xl_tensor_220w_mtp,0,100,11669,215.06,64,1785,9251,3,16
1784678995.747,real_q6xl_tensor_220w_mtp,1,100,11669,216.77,69,1695,9251,3,16
1784678995.747,real_q6xl_tensor_220w_mtp,2,100,11669,215.28,73,1740,9251,3,16
1784678995.747,real_q6xl_tensor_220w_mtp,3,100,11669,216.68,70,1710,9251,3,16
1784678996.351,real_q6xl_tensor_220w_mtp,0,100,11669,199.08,64,1800,9251,3,16
1784678996.351,real_q6xl_tensor_220w_mtp,1,100,11669,204.70,68,1725,9251,3,16
1784678996.351,real_q6xl_tensor_220w_mtp,2,100,11669,201.29,73,1740,9251,3,16
1784678996.351,real_q6xl_tensor_220w_mtp,3,100,11669,205.36,70,1740,9251,3,16
1784678996.943,real_q6xl_tensor_220w_mtp,0,100,11669,199.94,64,1800,9251,3,16
1784678996.943,real_q6xl_tensor_220w_mtp,1,100,11669,207.46,69,1740,9251,3,16
1784678996.943,real_q6xl_tensor_220w_mtp,2,100,11669,206.00,73,1725,9251,3,16
1784678996.943,real_q6xl_tensor_220w_mtp,3,100,11669,203.80,70,1755,9251,3,16
1784678997.528,real_q6xl_tensor_220w_mtp,0,65,11669,212.45,64,1785,9251,3,16
1784678997.528,real_q6xl_tensor_220w_mtp,1,89,11669,214.30,68,1680,9251,3,16
1784678997.528,real_q6xl_tensor_220w_mtp,2,66,11669,211.68,73,1740,9251,3,16
1784678997.528,real_q6xl_tensor_220w_mtp,3,83,11669,213.42,70,1710,9251,3,16
1784678998.105,real_q6xl_tensor_220w_mtp,0,65,11669,205.30,62,1920,9251,3,16
1784678998.105,real_q6xl_tensor_220w_mtp,1,89,11669,203.86,66,1875,9251,3,16
1784678998.105,real_q6xl_tensor_220w_mtp,2,66,11669,199.50,71,1905,9251,3,16
1784678998.105,real_q6xl_tensor_220w_mtp,3,33,11669,203.35,68,1920,9251,3,16
1784678998.742,real_q6xl_tensor_220w_mtp,0,71,11669,197.93,64,1785,9251,3,16
1784678998.742,real_q6xl_tensor_220w_mtp,1,100,11669,201.95,68,1680,9251,3,16
1784678998.742,real_q6xl_tensor_220w_mtp,2,100,11669,199.19,73,1725,9251,3,16
1784678998.742,real_q6xl_tensor_220w_mtp,3,82,11669,204.61,70,1710,9251,3,16
1784678999.344,real_q6xl_tensor_220w_mtp,0,71,11669,215.04,64,1800,9251,3,16
1784678999.344,real_q6xl_tensor_220w_mtp,1,100,11669,216.30,69,1740,9251,3,16
1784678999.344,real_q6xl_tensor_220w_mtp,2,100,11669,215.04,73,1740,9251,3,16
1784678999.344,real_q6xl_tensor_220w_mtp,3,100,11669,217.74,70,1740,9251,3,16
1784678999.920,real_q6xl_tensor_220w_mtp,0,100,11669,215.04,64,1770,9251,3,16
1784678999.920,real_q6xl_tensor_220w_mtp,1,100,11669,216.74,69,1680,9251,3,16
1784678999.920,real_q6xl_tensor_220w_mtp,2,100,11669,215.46,73,1725,9251,3,16
1784678999.920,real_q6xl_tensor_220w_mtp,3,100,11669,216.40,70,1695,9251,3,16
1784679000.494,real_q6xl_tensor_220w_mtp,0,100,11669,198.06,64,1770,9251,3,16
1784679000.494,real_q6xl_tensor_220w_mtp,1,100,11669,204.21,68,1695,9251,3,16
1784679000.494,real_q6xl_tensor_220w_mtp,2,100,11669,200.28,73,1725,9251,3,16
1784679000.494,real_q6xl_tensor_220w_mtp,3,100,11669,204.69,70,1695,9251,3,16
1784679001.094,real_q6xl_tensor_220w_mtp,0,100,11669,201.02,64,1770,9251,3,16
1784679001.094,real_q6xl_tensor_220w_mtp,1,100,11669,203.42,69,1665,9251,3,16
1784679001.094,real_q6xl_tensor_220w_mtp,2,100,11669,200.43,73,1725,9251,3,16
1784679001.094,real_q6xl_tensor_220w_mtp,3,100,11669,207.45,70,1650,9251,3,16
1784679001.683,real_q6xl_tensor_220w_mtp,0,100,11669,213.54,64,1755,9251,3,16
1784679001.683,real_q6xl_tensor_220w_mtp,1,100,11669,212.06,68,1725,9251,3,16
1784679001.683,real_q6xl_tensor_220w_mtp,2,100,11669,211.26,73,1725,9251,3,16
1784679001.683,real_q6xl_tensor_220w_mtp,3,64,11669,213.28,70,1725,9251,3,16
1784679002.258,real_q6xl_tensor_220w_mtp,0,40,11669,203.96,62,1920,9251,3,16
1784679002.258,real_q6xl_tensor_220w_mtp,1,35,11669,206.80,67,1860,9251,3,16
1784679002.258,real_q6xl_tensor_220w_mtp,2,34,11669,205.06,72,1890,9251,3,16
1784679002.258,real_q6xl_tensor_220w_mtp,3,33,11669,207.86,69,1875,9251,3,16
1784679002.852,real_q6xl_tensor_220w_mtp,0,40,11669,195.84,63,1755,9251,3,16
1784679002.852,real_q6xl_tensor_220w_mtp,1,35,11669,199.97,68,1665,9251,3,16
1784679002.852,real_q6xl_tensor_220w_mtp,2,34,11669,197.30,73,1725,9251,3,16
1784679002.852,real_q6xl_tensor_220w_mtp,3,61,11669,203.56,70,1695,9251,3,16
1784679003.469,real_q6xl_tensor_220w_mtp,0,100,11669,213.75,64,1755,9251,3,16
1784679003.469,real_q6xl_tensor_220w_mtp,1,100,11669,214.19,68,1710,9251,3,16
1784679003.469,real_q6xl_tensor_220w_mtp,2,100,11669,214.14,73,1725,9251,3,16
1784679003.469,real_q6xl_tensor_220w_mtp,3,61,11669,216.47,70,1710,9251,3,16
1784679004.066,real_q6xl_tensor_220w_mtp,0,100,11669,213.07,64,1755,9251,3,16
1784679004.066,real_q6xl_tensor_220w_mtp,1,100,11669,216.02,69,1725,9251,3,16
1784679004.066,real_q6xl_tensor_220w_mtp,2,100,11669,214.96,73,1740,9251,3,16
1784679004.066,real_q6xl_tensor_220w_mtp,3,100,11669,215.49,70,1680,9251,3,16
1784679004.641,real_q6xl_tensor_220w_mtp,0,100,11669,195.85,64,1755,9251,3,16
1784679004.641,real_q6xl_tensor_220w_mtp,1,100,11669,202.68,68,1680,9251,3,16
1784679004.641,real_q6xl_tensor_220w_mtp,2,100,11669,199.89,73,1710,9251,3,16
1784679004.641,real_q6xl_tensor_220w_mtp,3,100,11669,203.12,69,1695,9251,3,16
1784679005.234,real_q6xl_tensor_220w_mtp,0,100,11669,196.06,64,1755,9251,3,16
1784679005.234,real_q6xl_tensor_220w_mtp,1,100,11669,201.62,68,1710,9251,3,16
1784679005.234,real_q6xl_tensor_220w_mtp,2,94,11669,199.37,73,1710,9251,3,16
1784679005.234,real_q6xl_tensor_220w_mtp,3,100,11669,203.03,70,1710,9251,3,16
1784679005.811,real_q6xl_tensor_220w_mtp,0,100,11669,214.81,64,1785,9251,3,16
1784679005.811,real_q6xl_tensor_220w_mtp,1,100,11669,215.76,68,1665,9251,3,16
1784679005.811,real_q6xl_tensor_220w_mtp,2,100,11669,214.14,73,1725,9251,3,16
1784679005.811,real_q6xl_tensor_220w_mtp,3,100,11669,215.70,70,1710,9251,3,16
1784679006.406,real_q6xl_tensor_220w_mtp,0,100,11669,208.11,64,1920,9251,3,16
1784679006.406,real_q6xl_tensor_220w_mtp,1,100,11669,214.24,68,1920,9251,3,16
1784679006.406,real_q6xl_tensor_220w_mtp,2,100,11669,212.20,72,1875,9251,3,16
1784679006.406,real_q6xl_tensor_220w_mtp,3,39,11669,209.97,68,1920,9251,3,16
1784679006.975,real_q6xl_tensor_220w_mtp,0,100,11669,196.48,64,1800,9251,3,16
1784679006.975,real_q6xl_tensor_220w_mtp,1,100,11669,201.55,68,1725,9251,3,16
1784679006.975,real_q6xl_tensor_220w_mtp,2,100,11669,199.30,73,1740,9251,3,16
1784679006.975,real_q6xl_tensor_220w_mtp,3,39,11669,205.36,70,1725,9251,3,16
1784679007.550,real_q6xl_tensor_220w_mtp,0,100,11669,203.18,64,1755,9251,3,16
1784679007.550,real_q6xl_tensor_220w_mtp,1,100,11669,209.32,69,1800,9251,3,16
1784679007.550,real_q6xl_tensor_220w_mtp,2,100,11669,205.80,73,1695,9251,3,16
1784679007.550,real_q6xl_tensor_220w_mtp,3,100,11669,208.34,70,1695,9251,3,16
1784679008.114,real_q6xl_tensor_220w_mtp,0,62,11669,210.18,64,1770,9251,3,16
1784679008.114,real_q6xl_tensor_220w_mtp,1,77,11669,212.62,67,1665,9251,3,16
1784679008.114,real_q6xl_tensor_220w_mtp,2,67,11669,210.37,72,1710,9251,3,16
1784679008.114,real_q6xl_tensor_220w_mtp,3,81,11669,213.32,70,1710,9251,3,16
1784679008.691,real_q6xl_tensor_220w_mtp,0,62,11669,203.84,63,1920,9251,3,16
1784679008.691,real_q6xl_tensor_220w_mtp,1,77,11669,205.88,67,1845,9251,3,16
1784679008.691,real_q6xl_tensor_220w_mtp,2,67,11669,204.21,72,1875,9251,3,16
1784679008.691,real_q6xl_tensor_220w_mtp,3,35,11669,208.81,68,1890,9251,3,16
1784679009.284,real_q6xl_tensor_220w_mtp,0,67,11669,192.84,64,1875,9251,3,16
1784679009.284,real_q6xl_tensor_220w_mtp,1,100,11669,199.53,69,1875,9251,3,16
1784679009.284,real_q6xl_tensor_220w_mtp,2,100,11669,198.58,73,1845,9251,3,16
1784679009.284,real_q6xl_tensor_220w_mtp,3,35,11669,199.68,68,1875,9251,3,16
1784679009.883,real_q6xl_tensor_220w_mtp,0,67,11669,211.81,64,1800,9251,3,16
1784679009.883,real_q6xl_tensor_220w_mtp,1,100,11669,207.95,69,1680,9251,3,16
1784679009.883,real_q6xl_tensor_220w_mtp,2,100,11669,208.47,73,1755,9251,3,16
1784679009.883,real_q6xl_tensor_220w_mtp,3,100,11669,214.52,69,1695,9251,3,16
1784679010.460,real_q6xl_tensor_220w_mtp,0,60,11669,213.87,64,1800,9251,3,16
1784679010.460,real_q6xl_tensor_220w_mtp,1,100,11669,215.45,68,1725,9251,3,16
1784679010.460,real_q6xl_tensor_220w_mtp,2,100,11669,213.88,73,1695,9251,3,16
1784679010.460,real_q6xl_tensor_220w_mtp,3,100,11669,216.27,70,1725,9251,3,16
1784679011.042,real_q6xl_tensor_220w_mtp,0,60,11669,211.76,63,1905,9251,3,16
1784679011.042,real_q6xl_tensor_220w_mtp,1,100,11669,215.45,69,1665,9251,3,16
1784679011.042,real_q6xl_tensor_220w_mtp,2,100,11669,214.31,73,1755,9251,3,16
1784679011.042,real_q6xl_tensor_220w_mtp,3,92,11669,214.98,70,1815,9251,3,16
1784679011.681,real_q6xl_tensor_220w_mtp,0,100,11669,193.93,64,1740,9251,3,16
1784679011.681,real_q6xl_tensor_220w_mtp,1,100,11669,200.74,68,1665,9251,3,16
1784679011.681,real_q6xl_tensor_220w_mtp,2,100,11669,196.18,73,1695,9251,3,16
1784679011.681,real_q6xl_tensor_220w_mtp,3,100,11669,201.60,70,1680,9251,3,16
1784679012.256,real_q6xl_tensor_220w_mtp,0,100,11669,212.55,64,1755,9251,3,16
1784679012.256,real_q6xl_tensor_220w_mtp,1,100,11669,215.37,69,1695,9251,3,16
1784679012.256,real_q6xl_tensor_220w_mtp,2,100,11669,213.68,73,1710,9251,3,16
1784679012.256,real_q6xl_tensor_220w_mtp,3,100,11669,214.87,70,1725,9251,3,16
1784679012.857,real_q6xl_tensor_220w_mtp,0,100,11669,212.92,64,1755,9251,3,16
1784679012.857,real_q6xl_tensor_220w_mtp,1,100,11669,214.91,69,1665,9251,3,16
1784679012.857,real_q6xl_tensor_220w_mtp,2,100,11669,215.14,73,1695,9251,3,16
1784679012.857,real_q6xl_tensor_220w_mtp,3,86,11669,214.66,70,1680,9251,3,16
1784679013.443,real_q6xl_tensor_220w_mtp,0,100,11669,194.81,64,1740,9251,3,16
1784679013.443,real_q6xl_tensor_220w_mtp,1,100,11669,199.82,68,1665,9251,3,16
1784679013.443,real_q6xl_tensor_220w_mtp,2,100,11669,198.29,73,1695,9251,3,16
1784679013.443,real_q6xl_tensor_220w_mtp,3,86,11669,201.69,69,1695,9251,3,16
1784679014.058,real_q6xl_tensor_220w_mtp,0,100,11669,196.31,64,1755,9251,3,16
1784679014.058,real_q6xl_tensor_220w_mtp,1,100,11669,204.82,69,1635,9251,3,16
1784679014.058,real_q6xl_tensor_220w_mtp,2,100,11669,203.93,73,1755,9251,3,16
1784679014.058,real_q6xl_tensor_220w_mtp,3,100,11669,208.43,70,1680,9251,3,16
1784679014.634,real_q6xl_tensor_220w_mtp,0,100,11669,212.49,64,1875,9251,3,16
1784679014.634,real_q6xl_tensor_220w_mtp,1,100,11669,211.13,69,1860,9251,3,16
1784679014.634,real_q6xl_tensor_220w_mtp,2,59,11669,208.14,73,1845,9251,3,16
1784679014.634,real_q6xl_tensor_220w_mtp,3,100,11669,214.85,70,1860,9251,3,16
1784679015.206,real_q6xl_tensor_220w_mtp,0,26,11669,203.33,63,1920,9251,3,16
1784679015.206,real_q6xl_tensor_220w_mtp,1,49,11669,209.60,68,1920,9251,3,16
1784679015.206,real_q6xl_tensor_220w_mtp,2,59,11669,206.90,71,1875,9251,3,16
1784679015.206,real_q6xl_tensor_220w_mtp,3,20,11669,208.10,68,1920,9251,3,16
1784679015.774,real_q6xl_tensor_220w_mtp,0,100,11669,197.03,64,1740,9251,3,16
1784679015.774,real_q6xl_tensor_220w_mtp,1,100,11669,204.15,69,1665,9251,3,16
1784679015.774,real_q6xl_tensor_220w_mtp,2,100,11669,200.95,73,1695,9251,3,16
1784679015.774,real_q6xl_tensor_220w_mtp,3,100,11669,203.63,70,1680,9251,3,16
1784679016.369,real_q6xl_tensor_220w_mtp,0,100,11669,202.82,64,1845,9251,3,16
1784679016.369,real_q6xl_tensor_220w_mtp,1,94,11669,208.54,67,1875,9251,3,16
1784679016.369,real_q6xl_tensor_220w_mtp,2,100,11669,206.34,73,1800,9251,3,16
1784679016.369,real_q6xl_tensor_220w_mtp,3,59,11669,207.55,70,1875,9251,3,16
1784679016.941,real_q6xl_tensor_220w_mtp,0,100,11669,209.29,64,1755,9251,3,16
1784679016.941,real_q6xl_tensor_220w_mtp,1,94,11669,212.20,69,1650,9251,3,16
1784679016.941,real_q6xl_tensor_220w_mtp,2,85,11669,210.02,73,1680,9251,3,16
1784679016.941,real_q6xl_tensor_220w_mtp,3,59,11669,215.88,70,1665,9251,3,16
1784679017.534,real_q6xl_tensor_220w_mtp,0,38,11669,205.63,62,1905,9251,3,16
1784679017.534,real_q6xl_tensor_220w_mtp,1,39,11669,206.16,68,1830,9251,3,16
1784679017.534,real_q6xl_tensor_220w_mtp,2,85,11669,202.44,72,1890,9251,3,16
1784679017.534,real_q6xl_tensor_220w_mtp,3,37,11669,210.46,68,1830,9251,3,16
1784679018.104,real_q6xl_tensor_220w_mtp,0,100,11669,195.98,64,1830,9251,3,16
1784679018.104,real_q6xl_tensor_220w_mtp,1,100,11669,202.63,69,1800,9251,3,16
1784679018.104,real_q6xl_tensor_220w_mtp,2,100,11669,200.23,73,1785,9251,3,16
1784679018.104,real_q6xl_tensor_220w_mtp,3,93,11669,202.30,69,1815,9251,3,16
1784679018.678,real_q6xl_tensor_220w_mtp,0,87,11669,209.83,63,1725,9251,3,16
1784679018.678,real_q6xl_tensor_220w_mtp,1,60,11669,208.53,69,1635,9251,3,16
1784679018.678,real_q6xl_tensor_220w_mtp,2,100,11669,206.96,73,1710,9251,3,16
1784679018.678,real_q6xl_tensor_220w_mtp,3,84,11669,213.23,70,1665,9251,3,16
1784679019.280,real_q6xl_tensor_220w_mtp,0,80,11669,213.01,64,1740,9251,3,16
1784679019.280,real_q6xl_tensor_220w_mtp,1,79,11669,216.84,68,1650,9251,3,16
1784679019.280,real_q6xl_tensor_220w_mtp,2,100,11669,212.77,73,1680,9251,3,16
1784679019.280,real_q6xl_tensor_220w_mtp,3,100,11669,215.25,70,1680,9251,3,16
1784679019.881,real_q6xl_tensor_220w_mtp,0,31,11669,192.51,62,1920,9251,3,16
1784679019.881,real_q6xl_tensor_220w_mtp,1,19,11669,201.92,66,1920,9251,3,16
1784679019.881,real_q6xl_tensor_220w_mtp,2,100,11669,196.61,71,1890,9251,3,16
1784679019.881,real_q6xl_tensor_220w_mtp,3,100,11669,198.76,68,1920,9251,3,16
1784679020.459,real_q6xl_tensor_220w_mtp,0,31,11669,191.96,64,1740,9251,3,16
1784679020.459,real_q6xl_tensor_220w_mtp,1,19,11669,199.43,68,1635,9251,3,16
1784679020.459,real_q6xl_tensor_220w_mtp,2,75,11669,195.03,73,1680,9251,3,16
1784679020.459,real_q6xl_tensor_220w_mtp,3,56,11669,200.35,69,1680,9251,3,16
1784679021.034,real_q6xl_tensor_220w_mtp,0,100,11669,212.53,64,1740,9251,3,16
1784679021.034,real_q6xl_tensor_220w_mtp,1,100,11669,212.99,69,1620,9251,3,16
1784679021.034,real_q6xl_tensor_220w_mtp,2,75,11669,212.16,73,1665,9251,3,16
1784679021.034,real_q6xl_tensor_220w_mtp,3,56,11669,216.39,70,1665,9251,3,16
1784679021.608,real_q6xl_tensor_220w_mtp,0,100,11669,211.35,64,1740,9251,3,16
1784679021.608,real_q6xl_tensor_220w_mtp,1,100,11669,213.99,69,1650,9251,3,16
1784679021.608,real_q6xl_tensor_220w_mtp,2,100,11669,213.44,73,1665,9251,3,16
1784679021.608,real_q6xl_tensor_220w_mtp,3,100,11669,214.36,70,1665,9251,3,16
1784679022.201,real_q6xl_tensor_220w_mtp,0,60,11669,193.21,62,1710,9251,3,16
1784679022.201,real_q6xl_tensor_220w_mtp,1,13,11669,198.14,66,1635,9251,3,16
1784679022.201,real_q6xl_tensor_220w_mtp,2,100,11669,195.03,72,1710,9251,3,16
1784679022.201,real_q6xl_tensor_220w_mtp,3,100,11669,200.44,69,1650,9251,3,16
1784679022.778,real_q6xl_tensor_220w_mtp,0,98,11669,192.59,64,1725,9251,3,16
1784679022.778,real_q6xl_tensor_220w_mtp,1,79,11669,199.43,68,1665,9251,3,16
1784679022.778,real_q6xl_tensor_220w_mtp,2,100,11669,196.53,73,1680,9251,3,16
1784679022.778,real_q6xl_tensor_220w_mtp,3,100,11669,200.22,70,1665,9251,3,16
1784679023.355,real_q6xl_tensor_220w_mtp,0,100,11669,212.31,64,1770,9251,3,16
1784679023.355,real_q6xl_tensor_220w_mtp,1,100,11669,214.71,68,1650,9251,3,16
1784679023.355,real_q6xl_tensor_220w_mtp,2,100,11669,213.75,73,1740,9251,3,16
1784679023.355,real_q6xl_tensor_220w_mtp,3,100,11669,214.84,70,1665,9251,3,16
1784679023.949,real_q6xl_tensor_220w_mtp,0,100,11669,212.75,64,1785,9251,3,16
1784679023.949,real_q6xl_tensor_220w_mtp,1,100,11669,214.29,69,1710,9251,3,16
1784679023.949,real_q6xl_tensor_220w_mtp,2,100,11669,212.70,73,1740,9251,3,16
1784679023.949,real_q6xl_tensor_220w_mtp,3,100,11669,214.85,70,1710,9251,3,16
1784679024.539,real_q6xl_tensor_220w_mtp,0,75,11669,192.88,64,1755,9251,3,16
1784679024.539,real_q6xl_tensor_220w_mtp,1,100,11669,198.89,68,1710,9251,3,16
1784679024.539,real_q6xl_tensor_220w_mtp,2,100,11669,194.30,73,1755,9251,3,16
1784679024.539,real_q6xl_tensor_220w_mtp,3,100,11669,199.65,69,1725,9251,3,16
1784679025.139,real_q6xl_tensor_220w_mtp,0,75,11669,192.34,64,1770,9251,3,16
1784679025.139,real_q6xl_tensor_220w_mtp,1,100,11669,199.06,68,1650,9251,3,16
1784679025.139,real_q6xl_tensor_220w_mtp,2,100,11669,194.70,73,1710,9251,3,16
1784679025.139,real_q6xl_tensor_220w_mtp,3,100,11669,200.66,69,1650,9251,3,16
1784679025.739,real_q6xl_tensor_220w_mtp,0,100,11669,212.30,64,1755,9251,3,16
1784679025.739,real_q6xl_tensor_220w_mtp,1,100,11669,214.25,69,1620,9251,3,16
1784679025.739,real_q6xl_tensor_220w_mtp,2,100,11669,213.14,73,1695,9251,3,16
1784679025.739,real_q6xl_tensor_220w_mtp,3,100,11669,214.22,70,1665,9251,3,16
1784679026.317,real_q6xl_tensor_220w_mtp,0,100,11669,211.60,64,1725,9251,3,16
1784679026.317,real_q6xl_tensor_220w_mtp,1,100,11669,213.65,69,1650,9251,3,16
1784679026.317,real_q6xl_tensor_220w_mtp,2,100,11669,213.36,73,1665,9251,3,16
1784679026.317,real_q6xl_tensor_220w_mtp,3,100,11669,213.93,70,1650,9251,3,16
1784679026.890,real_q6xl_tensor_220w_mtp,0,100,11669,192.45,63,1725,9251,3,16
1784679026.890,real_q6xl_tensor_220w_mtp,1,100,11669,198.38,68,1665,9251,3,16
1784679026.890,real_q6xl_tensor_220w_mtp,2,100,11669,194.28,73,1680,9251,3,16
1784679026.890,real_q6xl_tensor_220w_mtp,3,100,11669,198.38,69,1665,9251,3,16
1784679027.465,real_q6xl_tensor_220w_mtp,0,100,11669,192.77,64,1740,9251,3,16
1784679027.465,real_q6xl_tensor_220w_mtp,1,100,11669,198.54,69,1635,9251,3,16
1784679027.465,real_q6xl_tensor_220w_mtp,2,100,11669,195.12,73,1695,9251,3,16
1784679027.465,real_q6xl_tensor_220w_mtp,3,100,11669,201.10,70,1665,9251,3,16
1784679028.040,real_q6xl_tensor_220w_mtp,0,100,11669,213.08,64,1725,9251,3,16
1784679028.040,real_q6xl_tensor_220w_mtp,1,100,11669,214.68,69,1635,9251,3,16
1784679028.040,real_q6xl_tensor_220w_mtp,2,100,11669,212.75,73,1680,9251,3,16
1784679028.040,real_q6xl_tensor_220w_mtp,3,100,11669,214.08,70,1665,9251,3,16
1784679028.614,real_q6xl_tensor_220w_mtp,0,100,11669,212.07,64,1770,9251,3,16
1784679028.614,real_q6xl_tensor_220w_mtp,1,100,11669,214.62,69,1695,9251,3,16
1784679028.614,real_q6xl_tensor_220w_mtp,2,100,11669,212.93,73,1740,9251,3,16
1784679028.614,real_q6xl_tensor_220w_mtp,3,100,11669,214.70,70,1665,9251,3,16
1784679029.215,real_q6xl_tensor_220w_mtp,0,100,11669,191.02,64,1740,9251,3,16
1784679029.215,real_q6xl_tensor_220w_mtp,1,100,11669,197.34,68,1635,9251,3,16
1784679029.215,real_q6xl_tensor_220w_mtp,2,62,11669,194.25,72,1680,9251,3,16
1784679029.215,real_q6xl_tensor_220w_mtp,3,42,11669,197.60,69,1665,9251,3,16
1784679029.816,real_q6xl_tensor_220w_mtp,0,100,11669,193.54,64,1710,9251,3,16
1784679029.816,real_q6xl_tensor_220w_mtp,1,100,11669,202.55,68,1635,9251,3,16
1784679029.816,real_q6xl_tensor_220w_mtp,2,100,11669,194.13,73,1710,9251,3,16
1784679029.816,real_q6xl_tensor_220w_mtp,3,100,11669,198.41,70,1665,9251,3,16
1784679030.390,real_q6xl_tensor_220w_mtp,0,100,11669,211.86,64,1785,9251,3,16
1784679030.390,real_q6xl_tensor_220w_mtp,1,100,11669,213.96,69,1710,9251,3,16
1784679030.390,real_q6xl_tensor_220w_mtp,2,100,11669,213.50,73,1710,9251,3,16
1784679030.390,real_q6xl_tensor_220w_mtp,3,100,11669,214.05,70,1725,9251,3,16
1784679030.965,real_q6xl_tensor_220w_mtp,0,100,11669,212.51,64,1830,9251,3,16
1784679030.965,real_q6xl_tensor_220w_mtp,1,100,11669,211.05,69,1860,9251,3,16
1784679030.965,real_q6xl_tensor_220w_mtp,2,100,11669,207.86,74,1800,9251,3,16
1784679030.965,real_q6xl_tensor_220w_mtp,3,100,11669,214.69,70,1785,9251,3,16
1784679031.593,real_q6xl_tensor_220w_mtp,0,100,11669,190.39,64,1785,9251,3,16
1784679031.593,real_q6xl_tensor_220w_mtp,1,100,11669,201.20,68,1695,9251,3,16
1784679031.593,real_q6xl_tensor_220w_mtp,2,100,11669,192.37,73,1740,9251,3,16
1784679031.593,real_q6xl_tensor_220w_mtp,3,100,11669,197.38,69,1695,9251,3,16
1784679032.191,real_q6xl_tensor_220w_mtp,0,100,11669,197.64,64,1725,9251,3,16
1784679032.191,real_q6xl_tensor_220w_mtp,1,100,11669,200.58,68,1650,9251,3,16
1784679032.191,real_q6xl_tensor_220w_mtp,2,100,11669,197.09,73,1680,9251,3,16
1784679032.191,real_q6xl_tensor_220w_mtp,3,100,11669,202.54,70,1665,9251,3,16
1784679032.765,real_q6xl_tensor_220w_mtp,0,100,11669,212.33,64,1770,9251,3,16
1784679032.765,real_q6xl_tensor_220w_mtp,1,100,11669,214.68,69,1695,9251,3,16
1784679032.765,real_q6xl_tensor_220w_mtp,2,100,11669,212.59,73,1680,9251,3,16
1784679032.765,real_q6xl_tensor_220w_mtp,3,100,11669,214.06,70,1710,9251,3,16
1784679033.364,real_q6xl_tensor_220w_mtp,0,100,11669,211.36,64,1830,9251,3,16
1784679033.364,real_q6xl_tensor_220w_mtp,1,100,11669,214.46,69,1860,9251,3,16
1784679033.364,real_q6xl_tensor_220w_mtp,2,95,11669,212.23,73,1740,9251,3,16
1784679033.364,real_q6xl_tensor_220w_mtp,3,56,11669,210.60,70,1800,9251,3,16
1784679033.931,real_q6xl_tensor_220w_mtp,0,100,11669,190.15,64,1770,9251,3,16
1784679033.931,real_q6xl_tensor_220w_mtp,1,100,11669,195.41,68,1710,9251,3,16
1784679033.931,real_q6xl_tensor_220w_mtp,2,95,11669,194.09,73,1725,9251,3,16
1784679033.931,real_q6xl_tensor_220w_mtp,3,56,11669,197.08,69,1725,9251,3,16
1784679034.507,real_q6xl_tensor_220w_mtp,0,100,11669,194.12,64,1740,9251,3,16
1784679034.507,real_q6xl_tensor_220w_mtp,1,100,11669,201.46,68,1635,9251,3,16
1784679034.507,real_q6xl_tensor_220w_mtp,2,100,11669,200.27,73,1725,9251,3,16
1784679034.507,real_q6xl_tensor_220w_mtp,3,100,11669,201.01,70,1650,9251,3,16
1784679035.101,real_q6xl_tensor_220w_mtp,0,100,11669,211.44,64,1785,9251,3,16
1784679035.101,real_q6xl_tensor_220w_mtp,1,100,11669,213.49,69,1635,9251,3,16
1784679035.101,real_q6xl_tensor_220w_mtp,2,100,11669,212.34,74,1680,9251,3,16
1784679035.101,real_q6xl_tensor_220w_mtp,3,100,11669,213.97,70,1650,9251,3,16
1784679035.676,real_q6xl_tensor_220w_mtp,0,100,11669,210.97,64,1710,9251,3,16
1784679035.676,real_q6xl_tensor_220w_mtp,1,100,11669,212.92,69,1620,9251,3,16
1784679035.676,real_q6xl_tensor_220w_mtp,2,100,11669,212.43,73,1680,9251,3,16
1784679035.676,real_q6xl_tensor_220w_mtp,3,100,11669,213.61,70,1635,9251,3,16
1784679036.249,real_q6xl_tensor_220w_mtp,0,100,11669,190.68,64,1710,9251,3,16
1784679036.249,real_q6xl_tensor_220w_mtp,1,100,11669,197.23,68,1620,9251,3,16
1784679036.249,real_q6xl_tensor_220w_mtp,2,46,11669,194.22,73,1665,9251,3,16
1784679036.249,real_q6xl_tensor_220w_mtp,3,27,11669,197.22,69,1635,9251,3,16
1784679036.825,real_q6xl_tensor_220w_mtp,0,100,11669,190.92,64,1710,9251,3,16
1784679036.825,real_q6xl_tensor_220w_mtp,1,100,11669,199.64,69,1620,9251,3,16
1784679036.825,real_q6xl_tensor_220w_mtp,2,100,11669,197.77,73,1680,9251,3,16
1784679036.825,real_q6xl_tensor_220w_mtp,3,100,11669,197.27,70,1635,9251,3,16
1784679037.419,real_q6xl_tensor_220w_mtp,0,100,11669,211.26,64,1770,9251,3,16
1784679037.419,real_q6xl_tensor_220w_mtp,1,100,11669,213.12,69,1635,9251,3,16
1784679037.419,real_q6xl_tensor_220w_mtp,2,100,11669,211.40,73,1695,9251,3,16
1784679037.419,real_q6xl_tensor_220w_mtp,3,100,11669,213.30,70,1650,9251,3,16
1784679037.994,real_q6xl_tensor_220w_mtp,0,100,11669,210.44,64,1725,9251,3,16
1784679037.994,real_q6xl_tensor_220w_mtp,1,100,11669,212.83,69,1620,9251,3,16
1784679037.994,real_q6xl_tensor_220w_mtp,2,100,11669,211.64,73,1725,9251,3,16
1784679037.994,real_q6xl_tensor_220w_mtp,3,100,11669,213.89,70,1635,9251,3,16
1784679038.568,real_q6xl_tensor_220w_mtp,0,35,11669,189.09,63,1770,9251,3,16
1784679038.568,real_q6xl_tensor_220w_mtp,1,68,11669,197.37,68,1695,9251,3,16
1784679038.568,real_q6xl_tensor_220w_mtp,2,50,11669,192.26,72,1725,9251,3,16
1784679038.568,real_q6xl_tensor_220w_mtp,3,30,11669,198.51,69,1695,9251,3,16
1784679039.145,real_q6xl_tensor_220w_mtp,0,35,11669,189.08,64,1695,9251,3,16
1784679039.145,real_q6xl_tensor_220w_mtp,1,68,11669,197.46,68,1620,9251,3,16
1784679039.145,real_q6xl_tensor_220w_mtp,2,100,11669,192.45,73,1695,9251,3,16
1784679039.145,real_q6xl_tensor_220w_mtp,3,100,11669,198.15,70,1635,9251,3,16
1784679039.721,real_q6xl_tensor_220w_mtp,0,100,11669,209.98,64,1785,9251,3,16
1784679039.721,real_q6xl_tensor_220w_mtp,1,100,11669,213.74,68,1680,9251,3,16
1784679039.721,real_q6xl_tensor_220w_mtp,2,100,11669,211.13,73,1650,9251,3,16
1784679039.721,real_q6xl_tensor_220w_mtp,3,92,11669,213.73,70,1680,9251,3,16
1784679040.317,real_q6xl_tensor_220w_mtp,0,100,11669,210.35,64,1710,9251,3,16
1784679040.317,real_q6xl_tensor_220w_mtp,1,100,11669,213.59,69,1620,9251,3,16
1784679040.317,real_q6xl_tensor_220w_mtp,2,100,11669,211.24,73,1725,9251,3,16
1784679040.317,real_q6xl_tensor_220w_mtp,3,100,11669,214.13,70,1635,9251,3,16
1784679040.910,real_q6xl_tensor_220w_mtp,0,29,11669,187.68,63,1695,9251,3,16
1784679040.910,real_q6xl_tensor_220w_mtp,1,19,11669,197.04,66,1620,9251,3,16
1784679040.910,real_q6xl_tensor_220w_mtp,2,100,11669,192.01,70,1650,9251,3,16
1784679040.910,real_q6xl_tensor_220w_mtp,3,100,11669,195.81,69,1665,9251,3,16
1784679041.488,real_q6xl_tensor_220w_mtp,0,29,11669,188.83,62,1725,9251,3,16
1784679041.488,real_q6xl_tensor_220w_mtp,1,19,11669,195.35,69,1650,9251,3,16
1784679041.488,real_q6xl_tensor_220w_mtp,2,60,11669,191.64,73,1650,9251,3,16
1784679041.488,real_q6xl_tensor_220w_mtp,3,91,11669,196.89,70,1680,9251,3,16
1784679042.063,real_q6xl_tensor_220w_mtp,0,76,11669,211.83,64,1740,9251,3,16
1784679042.063,real_q6xl_tensor_220w_mtp,1,100,11669,211.98,68,1665,9251,3,16
1784679042.063,real_q6xl_tensor_220w_mtp,2,60,11669,211.39,73,1665,9251,3,16
1784679042.063,real_q6xl_tensor_220w_mtp,3,91,11669,213.78,69,1695,9251,3,16
1784679042.639,real_q6xl_tensor_220w_mtp,0,76,11669,210.67,64,1695,9251,3,16
1784679042.639,real_q6xl_tensor_220w_mtp,1,100,11669,212.92,69,1620,9251,3,16
1784679042.639,real_q6xl_tensor_220w_mtp,2,100,11669,211.38,73,1650,9251,3,16
1784679042.639,real_q6xl_tensor_220w_mtp,3,100,11669,214.16,70,1650,9251,3,16
1784679043.239,real_q6xl_tensor_220w_mtp,0,10,11669,187.76,63,1920,9251,3,16
1784679043.239,real_q6xl_tensor_220w_mtp,1,22,11669,199.12,66,1920,9251,3,16
1784679043.239,real_q6xl_tensor_220w_mtp,2,34,11669,193.42,71,1890,9251,3,16
1784679043.239,real_q6xl_tensor_220w_mtp,3,23,11669,195.60,67,1920,9251,3,16
1784679043.856,real_q6xl_tensor_220w_mtp,0,10,11669,187.18,63,1695,9251,3,16
1784679043.856,real_q6xl_tensor_220w_mtp,1,22,11669,192.10,67,1605,9251,3,16
1784679043.856,real_q6xl_tensor_220w_mtp,2,53,11669,188.68,73,1635,9251,3,16
1784679043.856,real_q6xl_tensor_220w_mtp,3,63,11669,195.15,69,1635,9251,3,16
1784679044.461,real_q6xl_tensor_220w_mtp,0,100,11669,209.87,64,1695,9251,3,16
1784679044.461,real_q6xl_tensor_220w_mtp,1,79,11669,212.56,68,1665,9251,3,16
1784679044.461,real_q6xl_tensor_220w_mtp,2,53,11669,211.58,73,1650,9251,3,16
1784679044.461,real_q6xl_tensor_220w_mtp,3,63,11669,213.30,69,1680,9251,3,16
1784679045.052,real_q6xl_tensor_220w_mtp,0,100,11669,210.91,64,1770,9251,3,16
1784679045.052,real_q6xl_tensor_220w_mtp,1,79,11669,213.33,69,1620,9251,3,16
1784679045.052,real_q6xl_tensor_220w_mtp,2,100,11669,210.87,73,1710,9251,3,16
1784679045.052,real_q6xl_tensor_220w_mtp,3,100,11669,213.67,69,1635,9251,3,16
1784679045.651,real_q6xl_tensor_220w_mtp,0,36,11669,199.46,62,1815,9251,3,16
1784679045.651,real_q6xl_tensor_220w_mtp,1,35,11669,199.70,68,1725,9251,3,16
1784679045.651,real_q6xl_tensor_220w_mtp,2,100,11669,198.24,71,1755,9251,3,16
1784679045.651,real_q6xl_tensor_220w_mtp,3,100,11669,204.22,68,1740,9251,3,16
1784679046.219,real_q6xl_tensor_220w_mtp,0,2,11669,168.03,61,1920,9251,3,16
1784679046.219,real_q6xl_tensor_220w_mtp,1,1,11669,174.98,65,1920,9251,3,16
1784679046.219,real_q6xl_tensor_220w_mtp,2,0,11669,166.80,70,1890,9251,3,16
1784679046.219,real_q6xl_tensor_220w_mtp,3,0,11669,179.31,67,1920,9251,3,16
1784679046.811,real_q6xl_tensor_220w_mtp,0,100,11669,152.21,63,1725,9251,3,16
1784679046.811,real_q6xl_tensor_220w_mtp,1,100,11669,166.82,67,1620,9251,3,16
1784679046.811,real_q6xl_tensor_220w_mtp,2,0,11669,153.77,72,1725,9251,3,16
1784679046.811,real_q6xl_tensor_220w_mtp,3,0,11669,167.35,68,1635,9251,3,16
1784679047.386,real_q6xl_tensor_220w_mtp,0,100,11669,162.65,61,1920,9251,3,16
1784679047.386,real_q6xl_tensor_220w_mtp,1,100,11669,173.99,66,1920,9251,3,16
1784679047.386,real_q6xl_tensor_220w_mtp,2,4,11669,167.76,70,1890,9251,3,16
1784679047.386,real_q6xl_tensor_220w_mtp,3,1,11669,174.39,67,1920,9251,3,16
1784679047.968,real_q6xl_tensor_220w_mtp,0,34,11669,151.10,62,1920,9251,3,16
1784679047.968,real_q6xl_tensor_220w_mtp,1,35,11669,165.48,66,1920,9251,3,16
1784679047.968,real_q6xl_tensor_220w_mtp,2,4,11669,156.61,71,1890,9251,3,16
1784679047.968,real_q6xl_tensor_220w_mtp,3,1,11669,163.25,67,1920,9251,3,16
1784679048.539,real_q6xl_tensor_220w_mtp,0,34,11669,170.65,63,1710,9251,3,16
1784679048.539,real_q6xl_tensor_220w_mtp,1,35,11669,185.33,67,1665,9251,3,16
1784679048.539,real_q6xl_tensor_220w_mtp,2,71,11669,180.98,71,1635,9251,3,16
1784679048.539,real_q6xl_tensor_220w_mtp,3,70,11669,189.89,68,1695,9251,3,16
1784679049.140,real_q6xl_tensor_220w_mtp,0,37,11669,202.85,63,1800,9251,3,16
1784679049.140,real_q6xl_tensor_220w_mtp,1,57,11669,210.42,67,1710,9251,3,16
1784679049.140,real_q6xl_tensor_220w_mtp,2,44,11669,209.70,72,1755,9251,3,16
1784679049.140,real_q6xl_tensor_220w_mtp,3,29,11669,210.92,68,1755,9251,3,16
1784679049.737,real_q6xl_tensor_220w_mtp,0,77,11669,207.74,63,1800,9251,3,16
1784679049.737,real_q6xl_tensor_220w_mtp,1,78,11669,210.57,67,1710,9251,3,16
1784679049.737,real_q6xl_tensor_220w_mtp,2,75,11669,208.24,72,1755,9251,3,16
1784679049.737,real_q6xl_tensor_220w_mtp,3,79,11669,212.18,69,1725,9251,3,16
1784679050.315,real_q6xl_tensor_220w_mtp,0,74,11669,215.11,63,1710,9251,3,16
1784679050.315,real_q6xl_tensor_220w_mtp,1,74,11669,216.40,68,1590,9251,3,16
1784679050.315,real_q6xl_tensor_220w_mtp,2,75,11669,215.17,72,1710,9251,3,16
1784679050.315,real_q6xl_tensor_220w_mtp,3,79,11669,217.66,68,1605,9251,3,16
1784679050.919,real_q6xl_tensor_220w_mtp,0,74,11669,210.06,62,1920,9251,3,16
1784679050.919,real_q6xl_tensor_220w_mtp,1,74,11669,212.01,67,1890,9251,3,16
1784679050.919,real_q6xl_tensor_220w_mtp,2,67,11669,208.26,71,1860,9251,3,16
1784679050.919,real_q6xl_tensor_220w_mtp,3,37,11669,212.47,68,1890,9251,3,16
1784679051.487,real_q6xl_tensor_220w_mtp,0,100,11669,173.46,63,1845,9251,3,16
1784679051.487,real_q6xl_tensor_220w_mtp,1,100,11669,183.43,67,1785,9251,3,16
1784679051.487,real_q6xl_tensor_220w_mtp,2,67,11669,177.69,72,1815,9251,3,16
1784679051.487,real_q6xl_tensor_220w_mtp,3,37,11669,184.52,68,1800,9251,3,16
1784679052.064,real_q6xl_tensor_220w_mtp,0,100,11669,179.35,64,1860,9251,3,16
1784679052.064,real_q6xl_tensor_220w_mtp,1,100,11669,190.13,68,1770,9251,3,16
1784679052.064,real_q6xl_tensor_220w_mtp,2,100,11669,185.01,73,1815,9251,3,16
1784679052.064,real_q6xl_tensor_220w_mtp,3,88,11669,193.84,69,1785,9251,3,16
1784679052.633,real_q6xl_tensor_220w_mtp,0,100,11669,213.47,64,1845,9251,3,16
1784679052.633,real_q6xl_tensor_220w_mtp,1,100,11669,218.12,68,1770,9251,3,16
1784679052.633,real_q6xl_tensor_220w_mtp,2,100,11669,215.10,73,1800,9251,3,16
1784679052.633,real_q6xl_tensor_220w_mtp,3,88,11669,218.24,69,1785,9251,3,16
1784679053.225,real_q6xl_tensor_220w_mtp,0,96,11669,205.76,64,1860,9251,3,16
1784679053.225,real_q6xl_tensor_220w_mtp,1,100,11669,211.52,68,1785,9251,3,16
1784679053.225,real_q6xl_tensor_220w_mtp,2,100,11669,208.14,73,1815,9251,3,16
1784679053.225,real_q6xl_tensor_220w_mtp,3,100,11669,213.02,69,1800,9251,3,16
1784679053.820,real_q6xl_tensor_220w_mtp,0,81,11669,204.14,64,1845,9251,3,16
1784679053.820,real_q6xl_tensor_220w_mtp,1,80,11669,210.87,68,1770,9251,3,16
1784679053.820,real_q6xl_tensor_220w_mtp,2,100,11669,206.56,72,1815,9251,3,16
1784679053.820,real_q6xl_tensor_220w_mtp,3,100,11669,212.41,70,1770,9251,3,16
1784679054.400,real_q6xl_tensor_220w_mtp,0,81,11669,213.35,64,1860,9251,3,16
1784679054.400,real_q6xl_tensor_220w_mtp,1,80,11669,218.35,68,1770,9251,3,16
1784679054.400,real_q6xl_tensor_220w_mtp,2,100,11669,215.59,73,1800,9251,3,16
1784679054.400,real_q6xl_tensor_220w_mtp,3,100,11669,218.32,70,1785,9251,3,16
1784679055.000,real_q6xl_tensor_220w_mtp,0,100,11669,204.60,64,1860,9251,3,16
1784679055.000,real_q6xl_tensor_220w_mtp,1,100,11669,210.60,68,1785,9251,3,16
1784679055.000,real_q6xl_tensor_220w_mtp,2,100,11669,206.53,73,1815,9251,3,16
1784679055.000,real_q6xl_tensor_220w_mtp,3,100,11669,211.07,69,1800,9251,3,16
1784679055.595,real_q6xl_tensor_220w_mtp,0,100,11669,203.13,64,1845,9251,3,16
1784679055.595,real_q6xl_tensor_220w_mtp,1,100,11669,212.39,68,1770,9251,3,16
1784679055.595,real_q6xl_tensor_220w_mtp,2,100,11669,209.65,73,1800,9251,3,16
1784679055.595,real_q6xl_tensor_220w_mtp,3,100,11669,210.25,69,1785,9251,3,16
1784679056.196,real_q6xl_tensor_220w_mtp,0,94,11669,214.63,64,1920,9251,3,16
1784679056.196,real_q6xl_tensor_220w_mtp,1,62,11669,216.51,68,1905,9251,3,16
1784679056.196,real_q6xl_tensor_220w_mtp,2,100,11669,212.02,73,1845,9251,3,16
1784679056.196,real_q6xl_tensor_220w_mtp,3,100,11669,220.10,69,1905,9251,3,16
1784679056.794,real_q6xl_tensor_220w_mtp,0,90,11669,204.65,64,1845,9251,3,16
1784679056.794,real_q6xl_tensor_220w_mtp,1,100,11669,211.05,68,1770,9251,3,16
1784679056.794,real_q6xl_tensor_220w_mtp,2,80,11669,206.47,73,1815,9251,3,16
1784679056.794,real_q6xl_tensor_220w_mtp,3,79,11669,212.87,70,1785,9251,3,16
1784679057.375,real_q6xl_tensor_220w_mtp,0,100,11669,211.02,64,1845,9251,3,16
1784679057.375,real_q6xl_tensor_220w_mtp,1,100,11669,214.57,68,1770,9251,3,16
1784679057.375,real_q6xl_tensor_220w_mtp,2,80,11669,211.67,73,1800,9251,3,16
1784679057.375,real_q6xl_tensor_220w_mtp,3,79,11669,216.43,70,1785,9251,3,16
1784679057.976,real_q6xl_tensor_220w_mtp,0,100,11669,207.39,63,1920,9251,3,16
1784679057.976,real_q6xl_tensor_220w_mtp,1,100,11669,215.35,67,1920,9251,3,16
1784679057.976,real_q6xl_tensor_220w_mtp,2,45,11669,212.04,72,1890,9251,3,16
1784679057.976,real_q6xl_tensor_220w_mtp,3,36,11669,213.07,69,1920,9251,3,16
1784679058.544,real_q6xl_tensor_220w_mtp,0,81,11669,204.93,64,1845,9251,3,16
1784679058.544,real_q6xl_tensor_220w_mtp,1,100,11669,211.37,68,1770,9251,3,16
1784679058.544,real_q6xl_tensor_220w_mtp,2,45,11669,206.61,73,1800,9251,3,16
1784679058.544,real_q6xl_tensor_220w_mtp,3,36,11669,213.22,69,1770,9251,3,16
1784679059.141,real_q6xl_tensor_220w_mtp,0,81,11669,213.22,64,1875,9251,3,16
1784679059.141,real_q6xl_tensor_220w_mtp,1,100,11669,220.33,68,1830,9251,3,16
1784679059.141,real_q6xl_tensor_220w_mtp,2,100,11669,217.30,73,1800,9251,3,16
1784679059.141,real_q6xl_tensor_220w_mtp,3,83,11669,218.00,70,1830,9251,3,16
1784679059.737,real_q6xl_tensor_220w_mtp,0,36,11669,206.98,62,1845,9251,3,16
1784679059.737,real_q6xl_tensor_220w_mtp,1,26,11669,210.00,68,1755,9251,3,16
1784679059.737,real_q6xl_tensor_220w_mtp,2,38,11669,207.10,73,1785,9251,3,16
1784679059.737,real_q6xl_tensor_220w_mtp,3,54,11669,211.29,68,1770,9251,3,16
1784679060.339,real_q6xl_tensor_220w_mtp,0,36,11669,207.69,64,1845,9251,3,16
1784679060.339,real_q6xl_tensor_220w_mtp,1,26,11669,212.24,69,1770,9251,3,16
1784679060.339,real_q6xl_tensor_220w_mtp,2,100,11669,209.02,73,1800,9251,3,16
1784679060.339,real_q6xl_tensor_220w_mtp,3,100,11669,212.87,70,1785,9251,3,16
1784679060.939,real_q6xl_tensor_220w_mtp,0,79,11669,214.02,63,1845,9251,3,16
1784679060.939,real_q6xl_tensor_220w_mtp,1,78,11669,217.97,68,1740,9251,3,16
1784679060.939,real_q6xl_tensor_220w_mtp,2,100,11669,215.99,73,1785,9251,3,16
1784679060.939,real_q6xl_tensor_220w_mtp,3,100,11669,218.26,69,1755,9251,3,16
1784679061.540,real_q6xl_tensor_220w_mtp,0,79,11669,204.66,64,1845,9251,3,16
1784679061.540,real_q6xl_tensor_220w_mtp,1,78,11669,210.39,68,1770,9251,3,16
1784679061.540,real_q6xl_tensor_220w_mtp,2,100,11669,207.80,73,1785,9251,3,16
1784679061.540,real_q6xl_tensor_220w_mtp,3,100,11669,211.41,69,1770,9251,3,16
1784679062.132,real_q6xl_tensor_220w_mtp,0,100,11669,206.38,64,1845,9251,3,16
1784679062.132,real_q6xl_tensor_220w_mtp,1,100,11669,211.92,69,1770,9251,3,16
1784679062.132,real_q6xl_tensor_220w_mtp,2,100,11669,209.43,73,1800,9251,3,16
1784679062.132,real_q6xl_tensor_220w_mtp,3,100,11669,211.70,70,1770,9251,3,16
1784679062.707,real_q6xl_tensor_220w_mtp,0,100,11669,213.71,64,1845,9251,3,16
1784679062.707,real_q6xl_tensor_220w_mtp,1,100,11669,218.07,68,1755,9251,3,16
1784679062.707,real_q6xl_tensor_220w_mtp,2,77,11669,216.27,73,1785,9251,3,16
1784679062.707,real_q6xl_tensor_220w_mtp,3,77,11669,217.32,70,1770,9251,3,16
1784679063.284,real_q6xl_tensor_220w_mtp,0,100,11669,204.68,63,1845,9251,3,16
1784679063.284,real_q6xl_tensor_220w_mtp,1,79,11669,211.02,68,1770,9251,3,16
1784679063.284,real_q6xl_tensor_220w_mtp,2,40,11669,207.55,73,1800,9251,3,16
1784679063.284,real_q6xl_tensor_220w_mtp,3,100,11669,211.33,69,1770,9251,3,16
1784679063.862,real_q6xl_tensor_220w_mtp,0,100,11669,206.61,64,1845,9251,3,16
1784679063.862,real_q6xl_tensor_220w_mtp,1,79,11669,211.86,69,1770,9251,3,16
1784679063.862,real_q6xl_tensor_220w_mtp,2,100,11669,209.66,74,1800,9251,3,16
1784679063.862,real_q6xl_tensor_220w_mtp,3,100,11669,212.68,70,1770,9251,3,16
1784679064.437,real_q6xl_tensor_220w_mtp,0,78,11669,213.40,64,1830,9251,3,16
1784679064.437,real_q6xl_tensor_220w_mtp,1,87,11669,217.78,69,1755,9251,3,16
1784679064.437,real_q6xl_tensor_220w_mtp,2,100,11669,216.88,73,1785,9251,3,16
1784679064.437,real_q6xl_tensor_220w_mtp,3,77,11669,217.16,70,1770,9251,3,16
1784679065.012,real_q6xl_tensor_220w_mtp,0,78,11669,203.72,64,1830,9251,3,16
1784679065.012,real_q6xl_tensor_220w_mtp,1,87,11669,210.89,68,1770,9251,3,16
1784679065.012,real_q6xl_tensor_220w_mtp,2,100,11669,209.85,73,1800,9251,3,16
1784679065.012,real_q6xl_tensor_220w_mtp,3,77,11669,210.12,69,1770,9251,3,16
1784679065.605,real_q6xl_tensor_220w_mtp,0,100,11669,205.37,64,1845,9251,3,16
1784679065.605,real_q6xl_tensor_220w_mtp,1,100,11669,211.56,69,1755,9251,3,16
1784679065.605,real_q6xl_tensor_220w_mtp,2,100,11669,209.37,74,1800,9251,3,16
1784679065.605,real_q6xl_tensor_220w_mtp,3,100,11669,212.07,70,1770,9251,3,16
1784679066.184,real_q6xl_tensor_220w_mtp,0,100,11669,212.70,63,1845,9251,3,16
1784679066.184,real_q6xl_tensor_220w_mtp,1,100,11669,217.15,69,1755,9251,3,16
1784679066.184,real_q6xl_tensor_220w_mtp,2,76,11669,215.64,73,1800,9251,3,16
1784679066.184,real_q6xl_tensor_220w_mtp,3,100,11669,217.22,70,1770,9251,3,16
1784679066.761,real_q6xl_tensor_220w_mtp,0,39,11669,203.10,63,1830,9251,3,16
1784679066.761,real_q6xl_tensor_220w_mtp,1,81,11669,208.90,68,1740,9251,3,16
1784679066.761,real_q6xl_tensor_220w_mtp,2,56,11669,206.76,73,1800,9251,3,16
1784679066.761,real_q6xl_tensor_220w_mtp,3,100,11669,211.85,69,1755,9251,3,16
1784679067.339,real_q6xl_tensor_220w_mtp,0,39,11669,204.92,64,1830,9251,3,16
1784679067.339,real_q6xl_tensor_220w_mtp,1,81,11669,209.88,69,1755,9251,3,16
1784679067.339,real_q6xl_tensor_220w_mtp,2,100,11669,209.01,74,1785,9251,3,16
1784679067.339,real_q6xl_tensor_220w_mtp,3,100,11669,211.78,70,1770,9251,3,16
1784679067.915,real_q6xl_tensor_220w_mtp,0,76,11669,212.09,64,1845,9251,3,16
1784679067.915,real_q6xl_tensor_220w_mtp,1,75,11669,217.07,69,1770,9251,3,16
1784679067.915,real_q6xl_tensor_220w_mtp,2,100,11669,216.14,74,1785,9251,3,16
1784679067.915,real_q6xl_tensor_220w_mtp,3,76,11669,216.95,70,1770,9251,3,16
1784679068.515,real_q6xl_tensor_220w_mtp,0,76,11669,202.79,64,1830,9251,3,16
1784679068.515,real_q6xl_tensor_220w_mtp,1,75,11669,209.45,68,1755,9251,3,16
1784679068.515,real_q6xl_tensor_220w_mtp,2,100,11669,208.22,73,1800,9251,3,16
1784679068.515,real_q6xl_tensor_220w_mtp,3,76,11669,212.58,69,1770,9251,3,16
1784679069.115,real_q6xl_tensor_220w_mtp,0,100,11669,204.97,64,1830,9251,3,16
1784679069.115,real_q6xl_tensor_220w_mtp,1,100,11669,210.52,69,1755,9251,3,16
1784679069.115,real_q6xl_tensor_220w_mtp,2,100,11669,208.73,74,1785,9251,3,16
1784679069.115,real_q6xl_tensor_220w_mtp,3,100,11669,211.67,70,1770,9251,3,16
1784679069.738,real_q6xl_tensor_220w_mtp,0,100,11669,212.87,64,1830,9251,3,16
1784679069.738,real_q6xl_tensor_220w_mtp,1,93,11669,216.88,69,1740,9251,3,16
1784679069.738,real_q6xl_tensor_220w_mtp,2,99,11669,214.82,74,1785,9251,3,16
1784679069.738,real_q6xl_tensor_220w_mtp,3,87,11669,217.21,70,1755,9251,3,16
1784679070.342,real_q6xl_tensor_220w_mtp,0,78,11669,204.26,64,1830,9251,3,16
1784679070.342,real_q6xl_tensor_220w_mtp,1,100,11669,210.84,68,1755,9251,3,16
1784679070.342,real_q6xl_tensor_220w_mtp,2,99,11669,208.89,73,1770,9251,3,16
1784679070.342,real_q6xl_tensor_220w_mtp,3,100,11669,212.11,69,1755,9251,3,16
1784679070.943,real_q6xl_tensor_220w_mtp,0,78,11669,204.23,64,1845,9251,3,16
1784679070.943,real_q6xl_tensor_220w_mtp,1,100,11669,210.82,69,1755,9251,3,16
1784679070.943,real_q6xl_tensor_220w_mtp,2,100,11669,208.26,74,1785,9251,3,16
1784679070.943,real_q6xl_tensor_220w_mtp,3,100,11669,211.12,70,1755,9251,3,16
1784679071.520,real_q6xl_tensor_220w_mtp,0,73,11669,212.58,64,1830,9251,3,16
1784679071.520,real_q6xl_tensor_220w_mtp,1,89,11669,216.92,68,1755,9251,3,16
1784679071.520,real_q6xl_tensor_220w_mtp,2,100,11669,215.90,73,1785,9251,3,16
1784679071.520,real_q6xl_tensor_220w_mtp,3,73,11669,216.34,70,1770,9251,3,16
1784679072.096,real_q6xl_tensor_220w_mtp,0,73,11669,201.26,64,1830,9251,3,16
1784679072.096,real_q6xl_tensor_220w_mtp,1,89,11669,207.82,68,1755,9251,3,16
1784679072.096,real_q6xl_tensor_220w_mtp,2,30,11669,206.24,73,1785,9251,3,16
1784679072.096,real_q6xl_tensor_220w_mtp,3,73,11669,209.83,69,1770,9251,3,16
1784679072.672,real_q6xl_tensor_220w_mtp,0,100,11669,204.09,64,1830,9251,3,16
1784679072.672,real_q6xl_tensor_220w_mtp,1,100,11669,210.63,69,1755,9251,3,16
1784679072.672,real_q6xl_tensor_220w_mtp,2,30,11669,208.63,74,1770,9251,3,16
1784679072.672,real_q6xl_tensor_220w_mtp,3,100,11669,211.25,70,1755,9251,3,16
1784679073.249,real_q6xl_tensor_220w_mtp,0,100,11669,215.06,64,1905,9251,3,16
1784679073.249,real_q6xl_tensor_220w_mtp,1,98,11669,218.04,68,1875,9251,3,16
1784679073.249,real_q6xl_tensor_220w_mtp,2,87,11669,217.34,73,1845,9251,3,16
1784679073.249,real_q6xl_tensor_220w_mtp,3,86,11669,216.46,70,1890,9251,3,16
1784679073.829,real_q6xl_tensor_220w_mtp,0,40,11669,205.79,63,1920,9251,3,16
1784679073.829,real_q6xl_tensor_220w_mtp,1,23,11669,208.13,67,1905,9251,3,16
1784679073.829,real_q6xl_tensor_220w_mtp,2,87,11669,205.39,73,1890,9251,3,16
1784679073.829,real_q6xl_tensor_220w_mtp,3,44,11669,211.99,69,1920,9251,3,16
1784679074.406,real_q6xl_tensor_220w_mtp,0,40,11669,203.29,64,1800,9251,3,16
1784679074.406,real_q6xl_tensor_220w_mtp,1,23,11669,209.82,69,1725,9251,3,16
1784679074.406,real_q6xl_tensor_220w_mtp,2,84,11669,207.44,74,1770,9251,3,16
1784679074.406,real_q6xl_tensor_220w_mtp,3,44,11669,211.27,70,1755,9251,3,16
1784679074.984,real_q6xl_tensor_220w_mtp,0,100,11669,214.63,65,1815,9251,3,16
1784679074.984,real_q6xl_tensor_220w_mtp,1,100,11669,217.75,69,1710,9251,3,16
1784679074.984,real_q6xl_tensor_220w_mtp,2,84,11669,218.05,74,1770,9251,3,16
1784679074.984,real_q6xl_tensor_220w_mtp,3,100,11669,218.50,70,1755,9251,3,16
1784679075.560,real_q6xl_tensor_220w_mtp,0,100,11669,208.13,63,1920,9251,3,16
1784679075.560,real_q6xl_tensor_220w_mtp,1,100,11669,213.86,68,1905,9251,3,16
1784679075.560,real_q6xl_tensor_220w_mtp,2,47,11669,212.79,73,1890,9251,3,16
1784679075.560,real_q6xl_tensor_220w_mtp,3,100,11669,213.23,69,1920,9251,3,16
1784679076.148,real_q6xl_tensor_220w_mtp,0,86,11669,203.76,63,1830,9251,3,16
1784679076.148,real_q6xl_tensor_220w_mtp,1,71,11669,206.26,69,1725,9251,3,16
1784679076.148,real_q6xl_tensor_220w_mtp,2,47,11669,204.96,73,1770,9251,3,16
1784679076.148,real_q6xl_tensor_220w_mtp,3,83,11669,209.78,70,1755,9251,3,16
1784679076.748,real_q6xl_tensor_220w_mtp,0,100,11669,215.49,64,1815,9251,3,16
1784679076.748,real_q6xl_tensor_220w_mtp,1,86,11669,213.76,69,1725,9251,3,16
1784679076.748,real_q6xl_tensor_220w_mtp,2,100,11669,213.92,74,1770,9251,3,16
1784679076.748,real_q6xl_tensor_220w_mtp,3,86,11669,219.05,70,1755,9251,3,16
1784679077.349,real_q6xl_tensor_220w_mtp,0,53,11669,210.35,65,1920,9251,3,16
1784679077.349,real_q6xl_tensor_220w_mtp,1,97,11669,216.88,69,1905,9251,3,16
1784679077.349,real_q6xl_tensor_220w_mtp,2,100,11669,215.33,73,1875,9251,3,16
1784679077.349,real_q6xl_tensor_220w_mtp,3,56,11669,214.14,69,1905,9251,3,16
1784679077.956,real_q6xl_tensor_220w_mtp,0,53,11669,200.07,65,1800,9251,3,16
1784679077.956,real_q6xl_tensor_220w_mtp,1,97,11669,208.14,69,1710,9251,3,16
1784679077.956,real_q6xl_tensor_220w_mtp,2,92,11669,205.76,73,1860,9251,3,16
1784679077.956,real_q6xl_tensor_220w_mtp,3,56,11669,206.26,69,1710,9251,3,16
1784679078.558,real_q6xl_tensor_220w_mtp,0,100,11669,204.66,64,1815,9251,3,16
1784679078.558,real_q6xl_tensor_220w_mtp,1,100,11669,211.92,69,1740,9251,3,16
1784679078.558,real_q6xl_tensor_220w_mtp,2,92,11669,211.71,74,1770,9251,3,16
1784679078.558,real_q6xl_tensor_220w_mtp,3,100,11669,214.23,70,1755,9251,3,16
1784679079.137,real_q6xl_tensor_220w_mtp,0,100,11669,215.35,65,1830,9251,3,16
1784679079.137,real_q6xl_tensor_220w_mtp,1,100,11669,216.86,69,1740,9251,3,16
1784679079.137,real_q6xl_tensor_220w_mtp,2,100,11669,217.82,74,1755,9251,3,16
1784679079.137,real_q6xl_tensor_220w_mtp,3,100,11669,217.55,70,1740,9251,3,16
1784679079.728,real_q6xl_tensor_220w_mtp,0,100,11669,203.60,64,1800,9251,3,16
1784679079.728,real_q6xl_tensor_220w_mtp,1,100,11669,208.52,69,1725,9251,3,16
1784679079.728,real_q6xl_tensor_220w_mtp,2,100,11669,207.06,74,1770,9251,3,16
1784679079.728,real_q6xl_tensor_220w_mtp,3,100,11669,209.20,70,1710,9251,3,16
1784679080.323,real_q6xl_tensor_220w_mtp,0,100,11669,199.69,64,1800,9251,3,16
1784679080.323,real_q6xl_tensor_220w_mtp,1,100,11669,209.42,68,1725,9251,3,16
1784679080.323,real_q6xl_tensor_220w_mtp,2,81,11669,208.22,73,1740,9251,3,16
1784679080.323,real_q6xl_tensor_220w_mtp,3,100,11669,206.38,70,1755,9251,3,16
1784679080.901,real_q6xl_tensor_220w_mtp,0,100,11669,211.55,64,1815,9251,3,16
1784679080.901,real_q6xl_tensor_220w_mtp,1,100,11669,217.09,69,1740,9251,3,16
1784679080.901,real_q6xl_tensor_220w_mtp,2,81,11669,217.56,74,1740,9251,3,16
1784679080.901,real_q6xl_tensor_220w_mtp,3,100,11669,214.93,70,1740,9251,3,16
1784679081.496,real_q6xl_tensor_220w_mtp,0,100,11669,196.37,64,1800,9251,3,16
1784679081.496,real_q6xl_tensor_220w_mtp,1,100,11669,201.18,68,1740,9251,3,16
1784679081.496,real_q6xl_tensor_220w_mtp,2,100,11669,200.89,73,1755,9251,3,16
1784679081.496,real_q6xl_tensor_220w_mtp,3,100,11669,203.96,69,1755,9251,3,16
1784679082.090,real_q6xl_tensor_220w_mtp,0,100,11669,196.81,65,1830,9251,3,16
1784679082.090,real_q6xl_tensor_220w_mtp,1,100,11669,201.16,69,1755,9251,3,16
1784679082.090,real_q6xl_tensor_220w_mtp,2,100,11669,201.05,74,1770,9251,3,16
1784679082.090,real_q6xl_tensor_220w_mtp,3,100,11669,204.34,70,1755,9251,3,16
1784679082.667,real_q6xl_tensor_220w_mtp,0,100,11669,211.72,64,1815,9251,3,16
1784679082.667,real_q6xl_tensor_220w_mtp,1,100,11669,216.42,68,1710,9251,3,16
1784679082.667,real_q6xl_tensor_220w_mtp,2,79,11669,214.77,73,1875,9251,3,16
1784679082.667,real_q6xl_tensor_220w_mtp,3,100,11669,216.17,70,1755,9251,3,16
1784679083.242,real_q6xl_tensor_220w_mtp,0,43,11669,205.13,63,1920,9251,3,16
1784679083.242,real_q6xl_tensor_220w_mtp,1,31,11669,208.52,67,1905,9251,3,16
1784679083.242,real_q6xl_tensor_220w_mtp,2,65,11669,205.03,72,1890,9251,3,16
1784679083.242,real_q6xl_tensor_220w_mtp,3,39,11669,205.35,69,1920,9251,3,16
1784679083.816,real_q6xl_tensor_220w_mtp,0,43,11669,201.89,64,1815,9251,3,16
1784679083.816,real_q6xl_tensor_220w_mtp,1,31,11669,207.29,69,1710,9251,3,16
1784679083.816,real_q6xl_tensor_220w_mtp,2,100,11669,205.25,74,1770,9251,3,16
1784679083.816,real_q6xl_tensor_220w_mtp,3,39,11669,209.21,70,1725,9251,3,16
1784679084.393,real_q6xl_tensor_220w_mtp,0,100,11669,215.35,64,1815,9251,3,16
1784679084.393,real_q6xl_tensor_220w_mtp,1,100,11669,215.02,69,1710,9251,3,16
1784679084.393,real_q6xl_tensor_220w_mtp,2,100,11669,215.15,74,1755,9251,3,16
1784679084.393,real_q6xl_tensor_220w_mtp,3,100,11669,219.97,70,1740,9251,3,16
1784679084.968,real_q6xl_tensor_220w_mtp,0,100,11669,212.22,63,1905,9251,3,16
1784679084.968,real_q6xl_tensor_220w_mtp,1,100,11669,213.19,69,1875,9251,3,16
1784679084.968,real_q6xl_tensor_220w_mtp,2,100,11669,217.09,74,1860,9251,3,16
1784679084.968,real_q6xl_tensor_220w_mtp,3,100,11669,216.53,69,1890,9251,3,16
1784679085.572,real_q6xl_tensor_220w_mtp,0,100,11669,201.04,65,1845,9251,3,16
1784679085.572,real_q6xl_tensor_220w_mtp,1,100,11669,206.19,69,1785,9251,3,16
1784679085.572,real_q6xl_tensor_220w_mtp,2,100,11669,203.87,74,1755,9251,3,16
1784679085.572,real_q6xl_tensor_220w_mtp,3,100,11669,208.66,70,1800,9251,3,16
1784679086.156,real_q6xl_tensor_220w_mtp,0,100,11669,206.31,64,1830,9251,3,16
1784679086.156,real_q6xl_tensor_220w_mtp,1,100,11669,209.16,69,1740,9251,3,16
1784679086.156,real_q6xl_tensor_220w_mtp,2,73,11669,207.31,74,1770,9251,3,16
1784679086.156,real_q6xl_tensor_220w_mtp,3,100,11669,213.54,70,1755,9251,3,16
1784679086.756,real_q6xl_tensor_220w_mtp,0,100,11669,212.00,64,1785,9251,3,16
1784679086.756,real_q6xl_tensor_220w_mtp,1,100,11669,217.98,69,1725,9251,3,16
1784679086.756,real_q6xl_tensor_220w_mtp,2,100,11669,217.90,74,1755,9251,3,16
1784679086.756,real_q6xl_tensor_220w_mtp,3,100,11669,217.72,70,1725,9251,3,16
1784679087.331,real_q6xl_tensor_220w_mtp,0,100,11669,200.73,64,1800,9251,3,16
1784679087.331,real_q6xl_tensor_220w_mtp,1,100,11669,206.68,69,1710,9251,3,16
1784679087.331,real_q6xl_tensor_220w_mtp,2,100,11669,205.04,74,1740,9251,3,16
1784679087.331,real_q6xl_tensor_220w_mtp,3,100,11669,207.94,69,1740,9251,3,16
1784679087.908,real_q6xl_tensor_220w_mtp,0,100,11669,200.41,64,1785,9251,3,16
1784679087.908,real_q6xl_tensor_220w_mtp,1,100,11669,206.38,69,1710,9251,3,16
1784679087.908,real_q6xl_tensor_220w_mtp,2,100,11669,204.90,74,1740,9251,3,16
1784679087.908,real_q6xl_tensor_220w_mtp,3,100,11669,207.74,70,1755,9251,3,16
1784679088.505,real_q6xl_tensor_220w_mtp,0,100,11669,208.51,64,1800,9251,3,16
1784679088.505,real_q6xl_tensor_220w_mtp,1,100,11669,216.19,69,1710,9251,3,16
1784679088.505,real_q6xl_tensor_220w_mtp,2,100,11669,204.90,74,1755,9251,3,16
1784679088.505,real_q6xl_tensor_220w_mtp,3,100,11669,214.89,70,1725,9251,3,16
1784679089.159,real_q6xl_tensor_220w_mtp,0,24,11669,202.41,62,1785,9251,3,16
1784679089.159,real_q6xl_tensor_220w_mtp,1,23,11669,207.14,68,1710,9251,3,16
1784679089.159,real_q6xl_tensor_220w_mtp,2,37,11669,204.06,73,1740,9251,3,16
1784679089.159,real_q6xl_tensor_220w_mtp,3,100,11669,207.60,68,1710,9251,3,16
1784679089.739,real_q6xl_tensor_220w_mtp,0,84,11669,201.53,64,1815,9251,3,16
1784679089.739,real_q6xl_tensor_220w_mtp,1,84,11669,206.92,69,1740,9251,3,16
1784679089.739,real_q6xl_tensor_220w_mtp,2,100,11669,204.87,74,1755,9251,3,16
1784679089.739,real_q6xl_tensor_220w_mtp,3,100,11669,207.48,70,1725,9251,3,16
1784679090.337,real_q6xl_tensor_220w_mtp,0,100,11669,214.54,65,1785,9251,3,16
1784679090.337,real_q6xl_tensor_220w_mtp,1,100,11669,216.82,69,1710,9251,3,16
1784679090.337,real_q6xl_tensor_220w_mtp,2,100,11669,217.82,74,1770,9251,3,16
1784679090.337,real_q6xl_tensor_220w_mtp,3,100,11669,217.13,70,1710,9251,3,16
1784679090.927,real_q6xl_tensor_220w_mtp,0,100,11669,210.65,63,1920,9251,3,16
1784679090.927,real_q6xl_tensor_220w_mtp,1,100,11669,211.21,68,1905,9251,3,16
1784679090.927,real_q6xl_tensor_220w_mtp,2,29,11669,211.11,73,1890,9251,3,16
1784679090.927,real_q6xl_tensor_220w_mtp,3,55,11669,213.26,69,1920,9251,3,16
1784679091.497,real_q6xl_tensor_220w_mtp,0,100,11669,201.36,64,1890,9251,3,16
1784679091.497,real_q6xl_tensor_220w_mtp,1,72,11669,206.90,69,1860,9251,3,16
1784679091.497,real_q6xl_tensor_220w_mtp,2,29,11669,203.85,74,1845,9251,3,16
1784679091.497,real_q6xl_tensor_220w_mtp,3,55,11669,207.06,70,1890,9251,3,16
1784679092.095,real_q6xl_tensor_220w_mtp,0,100,11669,208.52,65,1785,9251,3,16
1784679092.095,real_q6xl_tensor_220w_mtp,1,72,11669,213.80,69,1710,9251,3,16
1784679092.095,real_q6xl_tensor_220w_mtp,2,100,11669,213.22,74,1770,9251,3,16
1784679092.095,real_q6xl_tensor_220w_mtp,3,100,11669,212.41,70,1710,9251,3,16
1784679092.695,real_q6xl_tensor_220w_mtp,0,100,11669,216.60,65,1800,9251,3,16
1784679092.695,real_q6xl_tensor_220w_mtp,1,100,11669,217.78,69,1695,9251,3,16
1784679092.695,real_q6xl_tensor_220w_mtp,2,100,11669,217.37,74,1740,9251,3,16
1784679092.695,real_q6xl_tensor_220w_mtp,3,100,11669,217.38,70,1725,9251,3,16
1784679093.270,real_q6xl_tensor_220w_mtp,0,58,11669,201.68,64,1815,9251,3,16
1784679093.270,real_q6xl_tensor_220w_mtp,1,74,11669,205.71,68,1740,9251,3,16
1784679093.270,real_q6xl_tensor_220w_mtp,2,100,11669,204.03,74,1740,9251,3,16
1784679093.270,real_q6xl_tensor_220w_mtp,3,100,11669,206.71,70,1740,9251,3,16
1784679093.865,real_q6xl_tensor_220w_mtp,0,100,11669,201.27,65,1785,9251,3,16
1784679093.865,real_q6xl_tensor_220w_mtp,1,100,11669,205.43,69,1710,9251,3,16
1784679093.865,real_q6xl_tensor_220w_mtp,2,100,11669,204.20,74,1755,9251,3,16
1784679093.865,real_q6xl_tensor_220w_mtp,3,100,11669,206.78,70,1725,9251,3,16
1784679094.456,real_q6xl_tensor_220w_mtp,0,100,11669,211.65,65,1800,9251,3,16
1784679094.456,real_q6xl_tensor_220w_mtp,1,100,11669,213.84,68,1710,9251,3,16
1784679094.456,real_q6xl_tensor_220w_mtp,2,66,11669,212.83,74,1725,9251,3,16
1784679094.456,real_q6xl_tensor_220w_mtp,3,67,11669,215.32,70,1740,9251,3,16
1784679095.048,real_q6xl_tensor_220w_mtp,0,45,11669,204.36,63,1920,9251,3,16
1784679095.048,real_q6xl_tensor_220w_mtp,1,36,11669,208.08,68,1905,9251,3,16
1784679095.048,real_q6xl_tensor_220w_mtp,2,66,11669,204.00,72,1890,9251,3,16
1784679095.048,real_q6xl_tensor_220w_mtp,3,67,11669,207.66,69,1920,9251,3,16
1784679095.616,real_q6xl_tensor_220w_mtp,0,45,11669,199.96,64,1770,9251,3,16
1784679095.616,real_q6xl_tensor_220w_mtp,1,36,11669,205.74,69,1695,9251,3,16
1784679095.616,real_q6xl_tensor_220w_mtp,2,93,11669,203.07,74,1755,9251,3,16
1784679095.616,real_q6xl_tensor_220w_mtp,3,66,11669,205.67,70,1710,9251,3,16
1784679096.210,real_q6xl_tensor_220w_mtp,0,100,11669,215.57,65,1785,9251,3,16
1784679096.210,real_q6xl_tensor_220w_mtp,1,100,11669,216.90,69,1695,9251,3,16
1784679096.210,real_q6xl_tensor_220w_mtp,2,93,11669,216.52,74,1725,9251,3,16
1784679096.210,real_q6xl_tensor_220w_mtp,3,66,11669,216.34,70,1710,9251,3,16
1784679096.786,real_q6xl_tensor_220w_mtp,0,100,11669,217.18,65,1800,9251,3,16
1784679096.786,real_q6xl_tensor_220w_mtp,1,100,11669,217.23,69,1680,9251,3,16
1784679096.786,real_q6xl_tensor_220w_mtp,2,100,11669,216.53,74,1770,9251,3,16
1784679096.786,real_q6xl_tensor_220w_mtp,3,100,11669,216.43,70,1710,9251,3,16
1784679097.379,real_q6xl_tensor_220w_mtp,0,100,11669,201.13,64,1785,9251,3,16
1784679097.379,real_q6xl_tensor_220w_mtp,1,100,11669,204.71,69,1695,9251,3,16
1784679097.379,real_q6xl_tensor_220w_mtp,2,100,11669,203.44,74,1740,9251,3,16
1784679097.379,real_q6xl_tensor_220w_mtp,3,100,11669,205.00,70,1710,9251,3,16
1784679097.952,real_q6xl_tensor_220w_mtp,0,100,11669,201.57,65,1785,9251,3,16
1784679097.952,real_q6xl_tensor_220w_mtp,1,100,11669,205.35,69,1695,9251,3,16
1784679097.952,real_q6xl_tensor_220w_mtp,2,100,11669,203.79,74,1725,9251,3,16
1784679097.952,real_q6xl_tensor_220w_mtp,3,100,11669,207.56,70,1710,9251,3,16
1784679098.523,real_q6xl_tensor_220w_mtp,0,65,11669,213.01,64,1785,9251,3,16
1784679098.523,real_q6xl_tensor_220w_mtp,1,65,11669,214.59,69,1695,9251,3,16
1784679098.523,real_q6xl_tensor_220w_mtp,2,100,11669,213.67,74,1710,9251,3,16
1784679098.523,real_q6xl_tensor_220w_mtp,3,100,11669,213.55,69,1710,9251,3,16
1784679099.098,real_q6xl_tensor_220w_mtp,0,65,11669,205.02,63,1920,9251,3,16
1784679099.098,real_q6xl_tensor_220w_mtp,1,65,11669,208.31,67,1905,9251,3,16
1784679099.098,real_q6xl_tensor_220w_mtp,2,22,11669,205.23,73,1890,9251,3,16
1784679099.098,real_q6xl_tensor_220w_mtp,3,39,11669,206.29,69,1920,9251,3,16
1784679099.693,real_q6xl_tensor_220w_mtp,0,65,11669,199.19,64,1785,9251,3,16
1784679099.693,real_q6xl_tensor_220w_mtp,1,94,11669,204.91,69,1695,9251,3,16
1784679099.693,real_q6xl_tensor_220w_mtp,2,82,11669,201.98,74,1740,9251,3,16
1784679099.693,real_q6xl_tensor_220w_mtp,3,82,11669,204.66,70,1710,9251,3,16
1784679100.311,real_q6xl_tensor_220w_mtp,0,83,11669,215.41,65,1800,9251,3,16
1784679100.311,real_q6xl_tensor_220w_mtp,1,83,11669,216.48,69,1740,9251,3,16
1784679100.311,real_q6xl_tensor_220w_mtp,2,100,11669,216.64,74,1755,9251,3,16
1784679100.311,real_q6xl_tensor_220w_mtp,3,100,11669,217.01,70,1740,9251,3,16
1784679100.916,real_q6xl_tensor_220w_mtp,0,100,11669,215.53,65,1785,9251,3,16
1784679100.916,real_q6xl_tensor_220w_mtp,1,100,11669,215.96,69,1680,9251,3,16
1784679100.916,real_q6xl_tensor_220w_mtp,2,100,11669,216.52,74,1740,9251,3,16
1784679100.916,real_q6xl_tensor_220w_mtp,3,100,11669,214.75,70,1710,9251,3,16
1784679101.509,real_q6xl_tensor_220w_mtp,0,100,11669,199.39,65,1785,9251,3,16
1784679101.509,real_q6xl_tensor_220w_mtp,1,100,11669,203.46,69,1695,9251,3,16
1784679101.509,real_q6xl_tensor_220w_mtp,2,100,11669,202.16,74,1725,9251,3,16
1784679101.509,real_q6xl_tensor_220w_mtp,3,100,11669,203.70,70,1725,9251,3,16
1784679102.100,real_q6xl_tensor_220w_mtp,0,100,11669,201.24,65,1770,9251,3,16
1784679102.100,real_q6xl_tensor_220w_mtp,1,98,11669,209.10,69,1695,9251,3,16
1784679102.100,real_q6xl_tensor_220w_mtp,2,100,11669,205.30,74,1725,9251,3,16
1784679102.100,real_q6xl_tensor_220w_mtp,3,100,11669,205.17,70,1695,9251,3,16
1784679102.669,real_q6xl_tensor_220w_mtp,0,100,11669,211.87,65,1755,9251,3,16
1784679102.669,real_q6xl_tensor_220w_mtp,1,98,11669,212.29,68,1680,9251,3,16
1784679102.669,real_q6xl_tensor_220w_mtp,2,65,11669,210.91,73,1710,9251,3,16
1784679102.669,real_q6xl_tensor_220w_mtp,3,65,11669,213.69,70,1695,9251,3,16
1784679103.262,real_q6xl_tensor_220w_mtp,0,27,11669,202.94,63,1920,9251,3,16
1784679103.262,real_q6xl_tensor_220w_mtp,1,37,11669,205.82,67,1890,9251,3,16
1784679103.262,real_q6xl_tensor_220w_mtp,2,62,11669,204.83,73,1890,9251,3,16
1784679103.262,real_q6xl_tensor_220w_mtp,3,32,11669,207.82,69,1920,9251,3,16
1784679103.832,real_q6xl_tensor_220w_mtp,0,27,11669,198.01,63,1800,9251,3,16
1784679103.832,real_q6xl_tensor_220w_mtp,1,37,11669,203.15,69,1725,9251,3,16
1784679103.832,real_q6xl_tensor_220w_mtp,2,62,11669,200.00,74,1710,9251,3,16
1784679103.832,real_q6xl_tensor_220w_mtp,3,82,11669,205.24,69,1740,9251,3,16
1784679104.428,real_q6xl_tensor_220w_mtp,0,100,11669,209.69,65,1770,9251,3,16
1784679104.428,real_q6xl_tensor_220w_mtp,1,100,11669,216.92,69,1665,9251,3,16
1784679104.428,real_q6xl_tensor_220w_mtp,2,62,11669,215.69,74,1710,9251,3,16
1784679104.428,real_q6xl_tensor_220w_mtp,3,82,11669,214.61,70,1710,9251,3,16
1784679105.003,real_q6xl_tensor_220w_mtp,0,100,11669,213.55,65,1755,9251,3,16
1784679105.003,real_q6xl_tensor_220w_mtp,1,100,11669,215.39,69,1665,9251,3,16
1784679105.003,real_q6xl_tensor_220w_mtp,2,100,11669,214.66,74,1710,9251,3,16
1784679105.003,real_q6xl_tensor_220w_mtp,3,100,11669,216.31,70,1695,9251,3,16
1784679105.602,real_q6xl_tensor_220w_mtp,0,100,11669,197.13,64,1770,9251,3,16
1784679105.602,real_q6xl_tensor_220w_mtp,1,100,11669,202.80,69,1665,9251,3,16
1784679105.602,real_q6xl_tensor_220w_mtp,2,100,11669,199.83,74,1755,9251,3,16
1784679105.602,real_q6xl_tensor_220w_mtp,3,100,11669,203.99,70,1695,9251,3,16
1784679106.203,real_q6xl_tensor_220w_mtp,0,100,11669,197.55,65,1755,9251,3,16
1784679106.203,real_q6xl_tensor_220w_mtp,1,100,11669,202.41,69,1680,9251,3,16
1784679106.203,real_q6xl_tensor_220w_mtp,2,100,11669,199.27,74,1740,9251,3,16
1784679106.203,real_q6xl_tensor_220w_mtp,3,100,11669,203.35,70,1680,9251,3,16
1784679106.803,real_q6xl_tensor_220w_mtp,0,100,11669,213.76,64,1905,9251,3,16
1784679106.803,real_q6xl_tensor_220w_mtp,1,100,11669,212.03,68,1890,9251,3,16
1784679106.803,real_q6xl_tensor_220w_mtp,2,100,11669,210.57,73,1875,9251,3,16
1784679106.803,real_q6xl_tensor_220w_mtp,3,100,11669,215.85,70,1905,9251,3,16
1784679107.407,real_q6xl_tensor_220w_mtp,0,100,11669,205.86,63,1920,9251,3,16
1784679107.407,real_q6xl_tensor_220w_mtp,1,38,11669,207.95,68,1845,9251,3,16
1784679107.407,real_q6xl_tensor_220w_mtp,2,35,11669,205.27,72,1890,9251,3,16
1784679107.407,real_q6xl_tensor_220w_mtp,3,33,11669,210.48,69,1890,9251,3,16
1784679108.001,real_q6xl_tensor_220w_mtp,0,98,11669,199.92,64,1890,9251,3,16
1784679108.001,real_q6xl_tensor_220w_mtp,1,38,11669,199.52,68,1860,9251,3,16
1784679108.001,real_q6xl_tensor_220w_mtp,2,35,11669,197.03,74,1845,9251,3,16
1784679108.001,real_q6xl_tensor_220w_mtp,3,33,11669,205.81,69,1875,9251,3,16
1784679108.595,real_q6xl_tensor_220w_mtp,0,98,11669,207.82,64,1770,9251,3,16
1784679108.595,real_q6xl_tensor_220w_mtp,1,100,11669,213.19,69,1710,9251,3,16
1784679108.595,real_q6xl_tensor_220w_mtp,2,100,11669,212.45,74,1755,9251,3,16
1784679108.595,real_q6xl_tensor_220w_mtp,3,84,11669,211.23,70,1725,9251,3,16
1784679109.194,real_q6xl_tensor_220w_mtp,0,100,11669,214.74,65,1800,9251,3,16
1784679109.194,real_q6xl_tensor_220w_mtp,1,100,11669,215.69,69,1710,9251,3,16
1784679109.194,real_q6xl_tensor_220w_mtp,2,100,11669,213.72,74,1740,9251,3,16
1784679109.194,real_q6xl_tensor_220w_mtp,3,84,11669,216.00,70,1725,9251,3,16
1784679109.787,real_q6xl_tensor_220w_mtp,0,51,11669,196.84,64,1800,9251,3,16
1784679109.787,real_q6xl_tensor_220w_mtp,1,100,11669,201.44,68,1725,9251,3,16
1784679109.787,real_q6xl_tensor_220w_mtp,2,100,11669,199.53,73,1740,9251,3,16
1784679109.787,real_q6xl_tensor_220w_mtp,3,26,11669,203.20,69,1725,9251,3,16
1784679110.389,real_q6xl_tensor_220w_mtp,0,100,11669,196.58,65,1785,9251,3,16
1784679110.389,real_q6xl_tensor_220w_mtp,1,100,11669,201.64,69,1725,9251,3,16
1784679110.389,real_q6xl_tensor_220w_mtp,2,100,11669,199.92,74,1740,9251,3,16
1784679110.389,real_q6xl_tensor_220w_mtp,3,100,11669,202.84,70,1740,9251,3,16
1784679110.987,real_q6xl_tensor_220w_mtp,0,100,11669,213.97,65,1740,9251,3,16
1784679110.987,real_q6xl_tensor_220w_mtp,1,100,11669,215.58,69,1665,9251,3,16
1784679110.987,real_q6xl_tensor_220w_mtp,2,100,11669,213.75,74,1710,9251,3,16
1784679110.987,real_q6xl_tensor_220w_mtp,3,100,11669,215.30,70,1680,9251,3,16
1784679111.587,real_q6xl_tensor_220w_mtp,0,59,11669,210.53,63,1920,9251,3,16
1784679111.587,real_q6xl_tensor_220w_mtp,1,100,11669,208.51,69,1905,9251,3,16
1784679111.587,real_q6xl_tensor_220w_mtp,2,100,11669,205.38,73,1890,9251,3,16
1784679111.587,real_q6xl_tensor_220w_mtp,3,65,11669,213.15,69,1920,9251,3,16
1784679112.183,real_q6xl_tensor_220w_mtp,0,59,11669,194.33,65,1770,9251,3,16
1784679112.183,real_q6xl_tensor_220w_mtp,1,100,11669,203.03,69,1650,9251,3,16
1784679112.183,real_q6xl_tensor_220w_mtp,2,100,11669,198.70,74,1710,9251,3,16
1784679112.183,real_q6xl_tensor_220w_mtp,3,65,11669,201.24,70,1695,9251,3,16
1784679112.783,real_q6xl_tensor_220w_mtp,0,100,11669,204.10,64,1830,9251,3,16
1784679112.783,real_q6xl_tensor_220w_mtp,1,100,11669,205.69,69,1785,9251,3,16
1784679112.783,real_q6xl_tensor_220w_mtp,2,100,11669,203.77,74,1740,9251,3,16
1784679112.783,real_q6xl_tensor_220w_mtp,3,100,11669,208.78,70,1800,9251,3,16
1784679113.351,real_q6xl_tensor_220w_mtp,0,100,11669,209.41,64,1755,9251,3,16
1784679113.351,real_q6xl_tensor_220w_mtp,1,61,11669,210.94,69,1695,9251,3,16
1784679113.351,real_q6xl_tensor_220w_mtp,2,62,11669,210.52,73,1740,9251,3,16
1784679113.351,real_q6xl_tensor_220w_mtp,3,100,11669,212.19,70,1725,9251,3,16
1784679113.929,real_q6xl_tensor_220w_mtp,0,37,11669,203.84,63,1920,9251,3,16
1784679113.929,real_q6xl_tensor_220w_mtp,1,61,11669,209.15,67,1890,9251,3,16
1784679113.929,real_q6xl_tensor_220w_mtp,2,62,11669,206.93,72,1890,9251,3,16
1784679113.929,real_q6xl_tensor_220w_mtp,3,35,11669,206.78,69,1905,9251,3,16
1784679114.513,real_q6xl_tensor_220w_mtp,0,37,11669,199.10,65,1890,9251,3,16
1784679114.513,real_q6xl_tensor_220w_mtp,1,80,11669,201.49,68,1860,9251,3,16
1784679114.513,real_q6xl_tensor_220w_mtp,2,69,11669,198.02,73,1845,9251,3,16
1784679114.513,real_q6xl_tensor_220w_mtp,3,35,11669,201.76,70,1875,9251,3,16
1784679115.105,real_q6xl_tensor_220w_mtp,0,64,11669,207.06,64,1785,9251,3,16
1784679115.105,real_q6xl_tensor_220w_mtp,1,80,11669,213.07,69,1695,9251,3,16
1784679115.105,real_q6xl_tensor_220w_mtp,2,69,11669,212.31,73,1755,9251,3,16
1784679115.105,real_q6xl_tensor_220w_mtp,3,62,11669,210.12,70,1710,9251,3,16
1784679115.683,real_q6xl_tensor_220w_mtp,0,64,11669,212.66,65,1740,9251,3,16
1784679115.683,real_q6xl_tensor_220w_mtp,1,100,11669,214.53,69,1650,9251,3,16
1784679115.683,real_q6xl_tensor_220w_mtp,2,100,11669,213.19,74,1710,9251,3,16
1784679115.683,real_q6xl_tensor_220w_mtp,3,62,11669,214.23,70,1680,9251,3,16
1784679116.282,real_q6xl_tensor_220w_mtp,0,34,11669,194.49,63,1755,9251,3,16
1784679116.282,real_q6xl_tensor_220w_mtp,1,29,11669,200.57,67,1680,9251,3,16
1784679116.282,real_q6xl_tensor_220w_mtp,2,52,11669,198.07,71,1695,9251,3,16
1784679116.282,real_q6xl_tensor_220w_mtp,3,28,11669,200.30,69,1710,9251,3,16
1784679116.878,real_q6xl_tensor_220w_mtp,0,34,11669,195.47,65,1740,9251,3,16
1784679116.878,real_q6xl_tensor_220w_mtp,1,89,11669,200.42,69,1620,9251,3,16
1784679116.878,real_q6xl_tensor_220w_mtp,2,100,11669,197.78,74,1710,9251,3,16
1784679116.878,real_q6xl_tensor_220w_mtp,3,28,11669,201.90,70,1665,9251,3,16
1784679117.453,real_q6xl_tensor_220w_mtp,0,100,11669,212.72,65,1740,9251,3,16
1784679117.453,real_q6xl_tensor_220w_mtp,1,89,11669,213.91,69,1665,9251,3,16
1784679117.453,real_q6xl_tensor_220w_mtp,2,100,11669,212.64,74,1695,9251,3,16
1784679117.453,real_q6xl_tensor_220w_mtp,3,100,11669,215.60,70,1695,9251,3,16
1784679118.029,real_q6xl_tensor_220w_mtp,0,100,11669,212.59,65,1785,9251,3,16
1784679118.029,real_q6xl_tensor_220w_mtp,1,100,11669,214.56,69,1710,9251,3,16
1784679118.029,real_q6xl_tensor_220w_mtp,2,100,11669,213.50,74,1710,9251,3,16
1784679118.029,real_q6xl_tensor_220w_mtp,3,100,11669,214.99,70,1725,9251,3,16
1784679118.605,real_q6xl_tensor_220w_mtp,0,100,11669,194.90,64,1740,9251,3,16
1784679118.605,real_q6xl_tensor_220w_mtp,1,100,11669,199.98,68,1650,9251,3,16
1784679118.605,real_q6xl_tensor_220w_mtp,2,100,11669,197.26,73,1740,9251,3,16
1784679118.605,real_q6xl_tensor_220w_mtp,3,100,11669,200.84,69,1680,9251,3,16
1784679119.179,real_q6xl_tensor_220w_mtp,0,100,11669,193.90,65,1785,9251,3,16
1784679119.179,real_q6xl_tensor_220w_mtp,1,100,11669,200.14,69,1695,9251,3,16
1784679119.179,real_q6xl_tensor_220w_mtp,2,100,11669,195.95,74,1680,9251,3,16
1784679119.179,real_q6xl_tensor_220w_mtp,3,100,11669,204.42,70,1710,9251,3,16
1784679119.819,real_q6xl_tensor_220w_mtp,0,100,11669,212.15,65,1785,9251,3,16
1784679119.819,real_q6xl_tensor_220w_mtp,1,100,11669,214.86,69,1650,9251,3,16
1784679119.819,real_q6xl_tensor_220w_mtp,2,100,11669,212.73,74,1740,9251,3,16
1784679119.819,real_q6xl_tensor_220w_mtp,3,92,11669,214.59,70,1665,9251,3,16
1784679120.413,real_q6xl_tensor_220w_mtp,0,100,11669,210.16,63,1890,9251,3,16
1784679120.413,real_q6xl_tensor_220w_mtp,1,38,11669,208.27,67,1860,9251,3,16
1784679120.413,real_q6xl_tensor_220w_mtp,2,37,11669,206.71,73,1830,9251,3,16
1784679120.413,real_q6xl_tensor_220w_mtp,3,92,11669,207.39,69,1830,9251,3,16
1784679121.006,real_q6xl_tensor_220w_mtp,0,100,11669,195.11,64,1785,9251,3,16
1784679121.006,real_q6xl_tensor_220w_mtp,1,38,11669,203.79,69,1695,9251,3,16
1784679121.006,real_q6xl_tensor_220w_mtp,2,37,11669,198.79,74,1740,9251,3,16
1784679121.006,real_q6xl_tensor_220w_mtp,3,100,11669,203.60,70,1725,9251,3,16
1784679121.607,real_q6xl_tensor_220w_mtp,0,100,11669,202.85,65,1755,9251,3,16
1784679121.607,real_q6xl_tensor_220w_mtp,1,94,11669,209.49,69,1680,9251,3,16
1784679121.607,real_q6xl_tensor_220w_mtp,2,84,11669,205.48,74,1695,9251,3,16
1784679121.607,real_q6xl_tensor_220w_mtp,3,100,11669,208.47,70,1710,9251,3,16
1784679122.176,real_q6xl_tensor_220w_mtp,0,61,11669,208.43,65,1785,9251,3,16
1784679122.176,real_q6xl_tensor_220w_mtp,1,94,11669,213.74,68,1695,9251,3,16
1784679122.176,real_q6xl_tensor_220w_mtp,2,84,11669,210.87,73,1785,9251,3,16
1784679122.176,real_q6xl_tensor_220w_mtp,3,59,11669,210.85,70,1710,9251,3,16
1784679122.751,real_q6xl_tensor_220w_mtp,0,35,11669,204.27,63,1920,9251,3,16
1784679122.751,real_q6xl_tensor_220w_mtp,1,28,11669,206.38,68,1890,9251,3,16
1784679122.751,real_q6xl_tensor_220w_mtp,2,38,11669,206.37,72,1875,9251,3,16
1784679122.751,real_q6xl_tensor_220w_mtp,3,68,11669,208.38,69,1890,9251,3,16
1784679123.346,real_q6xl_tensor_220w_mtp,0,100,11669,197.03,64,1725,9251,3,16
1784679123.346,real_q6xl_tensor_220w_mtp,1,28,11669,201.32,69,1650,9251,3,16
1784679123.346,real_q6xl_tensor_220w_mtp,2,38,11669,199.57,74,1710,9251,3,16
1784679123.346,real_q6xl_tensor_220w_mtp,3,100,11669,202.14,70,1665,9251,3,16
1784679123.939,real_q6xl_tensor_220w_mtp,0,100,11669,205.38,64,1725,9251,3,16
1784679123.939,real_q6xl_tensor_220w_mtp,1,59,11669,206.67,68,1590,9251,3,16
1784679123.939,real_q6xl_tensor_220w_mtp,2,59,11669,205.89,73,1665,9251,3,16
1784679123.939,real_q6xl_tensor_220w_mtp,3,100,11669,211.45,69,1635,9251,3,16
1784679124.518,real_q6xl_tensor_220w_mtp,0,66,11669,207.94,64,1770,9251,3,16
1784679124.518,real_q6xl_tensor_220w_mtp,1,59,11669,214.46,69,1710,9251,3,16
1784679124.518,real_q6xl_tensor_220w_mtp,2,59,11669,214.08,74,1680,9251,3,16
1784679124.518,real_q6xl_tensor_220w_mtp,3,67,11669,212.03,70,1710,9251,3,16
1784679125.094,real_q6xl_tensor_220w_mtp,0,66,11669,200.35,63,1920,9251,3,16
1784679125.094,real_q6xl_tensor_220w_mtp,1,33,11669,203.65,67,1905,9251,3,16
1784679125.094,real_q6xl_tensor_220w_mtp,2,30,11669,199.63,72,1830,9251,3,16
1784679125.094,real_q6xl_tensor_220w_mtp,3,67,11669,205.45,68,1905,9251,3,16
1784679125.684,real_q6xl_tensor_220w_mtp,0,81,11669,193.38,63,1890,9251,3,16
1784679125.684,real_q6xl_tensor_220w_mtp,1,33,11669,197.82,69,1875,9251,3,16
1784679125.684,real_q6xl_tensor_220w_mtp,2,30,11669,198.16,74,1845,9251,3,16
1784679125.684,real_q6xl_tensor_220w_mtp,3,78,11669,200.30,68,1890,9251,3,16
1784679126.260,real_q6xl_tensor_220w_mtp,0,88,11669,210.68,64,1785,9251,3,16
1784679126.260,real_q6xl_tensor_220w_mtp,1,59,11669,215.45,68,1695,9251,3,16
1784679126.260,real_q6xl_tensor_220w_mtp,2,58,11669,207.46,74,1725,9251,3,16
1784679126.260,real_q6xl_tensor_220w_mtp,3,79,11669,213.69,70,1695,9251,3,16
1784679126.865,real_q6xl_tensor_220w_mtp,0,100,11669,211.71,64,1785,9251,3,16
1784679126.865,real_q6xl_tensor_220w_mtp,1,59,11669,215.67,69,1650,9251,3,16
1784679126.865,real_q6xl_tensor_220w_mtp,2,58,11669,212.08,74,1740,9251,3,16
1784679126.865,real_q6xl_tensor_220w_mtp,3,100,11669,214.69,70,1680,9251,3,16
1784679127.442,real_q6xl_tensor_220w_mtp,0,100,11669,191.98,63,1920,9251,3,16
1784679127.442,real_q6xl_tensor_220w_mtp,1,30,11669,202.75,67,1905,9251,3,16
1784679127.442,real_q6xl_tensor_220w_mtp,2,23,11669,197.84,71,1890,9251,3,16
1784679127.442,real_q6xl_tensor_220w_mtp,3,100,11669,198.60,68,1920,9251,3,16
1784679128.030,real_q6xl_tensor_220w_mtp,0,90,11669,191.33,63,1740,9251,3,16
1784679128.030,real_q6xl_tensor_220w_mtp,1,30,11669,197.18,69,1635,9251,3,16
1784679128.030,real_q6xl_tensor_220w_mtp,2,23,11669,194.89,73,1680,9251,3,16
1784679128.030,real_q6xl_tensor_220w_mtp,3,84,11669,198.81,70,1665,9251,3,16
1784679128.633,real_q6xl_tensor_220w_mtp,0,90,11669,211.48,64,1710,9251,3,16
1784679128.633,real_q6xl_tensor_220w_mtp,1,100,11669,213.70,69,1620,9251,3,16
1784679128.633,real_q6xl_tensor_220w_mtp,2,100,11669,212.29,74,1665,9251,3,16
1784679128.633,real_q6xl_tensor_220w_mtp,3,84,11669,214.22,70,1650,9251,3,16
1784679129.225,real_q6xl_tensor_220w_mtp,0,100,11669,212.13,65,1785,9251,3,16
1784679129.225,real_q6xl_tensor_220w_mtp,1,100,11669,214.86,69,1665,9251,3,16
1784679129.225,real_q6xl_tensor_220w_mtp,2,79,11669,211.96,74,1740,9251,3,16
1784679129.225,real_q6xl_tensor_220w_mtp,3,100,11669,214.84,70,1710,9251,3,16
1784679129.825,real_q6xl_tensor_220w_mtp,0,100,11669,191.90,62,1755,9251,3,16
1784679129.825,real_q6xl_tensor_220w_mtp,1,39,11669,198.42,68,1665,9251,3,16
1784679129.825,real_q6xl_tensor_220w_mtp,2,50,11669,194.25,73,1695,9251,3,16
1784679129.825,real_q6xl_tensor_220w_mtp,3,100,11669,199.74,68,1695,9251,3,16
1784679130.422,real_q6xl_tensor_220w_mtp,0,84,11669,191.37,64,1725,9251,3,16
1784679130.422,real_q6xl_tensor_220w_mtp,1,39,11669,197.43,69,1620,9251,3,16
1784679130.422,real_q6xl_tensor_220w_mtp,2,50,11669,193.60,74,1665,9251,3,16
1784679130.422,real_q6xl_tensor_220w_mtp,3,81,11669,198.68,70,1650,9251,3,16
1784679130.998,real_q6xl_tensor_220w_mtp,0,84,11669,211.15,65,1725,9251,3,16
1784679130.998,real_q6xl_tensor_220w_mtp,1,100,11669,213.87,69,1620,9251,3,16
1784679130.998,real_q6xl_tensor_220w_mtp,2,100,11669,211.67,74,1740,9251,3,16
1784679130.998,real_q6xl_tensor_220w_mtp,3,81,11669,213.40,70,1650,9251,3,16
1784679131.574,real_q6xl_tensor_220w_mtp,0,100,11669,212.39,65,1785,9251,3,16
1784679131.574,real_q6xl_tensor_220w_mtp,1,79,11669,213.85,69,1695,9251,3,16
1784679131.574,real_q6xl_tensor_220w_mtp,2,100,11669,212.30,74,1710,9251,3,16
1784679131.574,real_q6xl_tensor_220w_mtp,3,100,11669,213.98,70,1710,9251,3,16
1784679132.152,real_q6xl_tensor_220w_mtp,0,100,11669,190.69,62,1725,9251,3,16
1784679132.152,real_q6xl_tensor_220w_mtp,1,15,11669,195.21,67,1650,9251,3,16
1784679132.152,real_q6xl_tensor_220w_mtp,2,26,11669,192.68,73,1680,9251,3,16
1784679132.152,real_q6xl_tensor_220w_mtp,3,100,11669,197.83,69,1665,9251,3,16
1784679132.732,real_q6xl_tensor_220w_mtp,0,62,11669,190.55,64,1725,9251,3,16
1784679132.732,real_q6xl_tensor_220w_mtp,1,78,11669,196.32,69,1620,9251,3,16
1784679132.732,real_q6xl_tensor_220w_mtp,2,78,11669,194.31,74,1665,9251,3,16
1784679132.732,real_q6xl_tensor_220w_mtp,3,100,11669,196.85,69,1650,9251,3,16
1784679133.314,real_q6xl_tensor_220w_mtp,0,77,11669,211.24,65,1725,9251,3,16
1784679133.314,real_q6xl_tensor_220w_mtp,1,100,11669,213.84,69,1635,9251,3,16
1784679133.314,real_q6xl_tensor_220w_mtp,2,100,11669,212.04,74,1680,9251,3,16
1784679133.314,real_q6xl_tensor_220w_mtp,3,100,11669,213.75,70,1650,9251,3,16
1784679133.913,real_q6xl_tensor_220w_mtp,0,100,11669,211.47,65,1770,9251,3,16
1784679133.913,real_q6xl_tensor_220w_mtp,1,100,11669,214.24,69,1695,9251,3,16
1784679133.913,real_q6xl_tensor_220w_mtp,2,100,11669,211.85,74,1740,9251,3,16
1784679133.913,real_q6xl_tensor_220w_mtp,3,100,11669,213.75,70,1710,9251,3,16
1784679134.508,real_q6xl_tensor_220w_mtp,0,100,11669,190.13,64,1740,9251,3,16
1784679134.508,real_q6xl_tensor_220w_mtp,1,69,11669,196.72,68,1635,9251,3,16
1784679134.508,real_q6xl_tensor_220w_mtp,2,79,11669,192.73,71,1680,9251,3,16
1784679134.508,real_q6xl_tensor_220w_mtp,3,100,11669,195.85,69,1665,9251,3,16
1784679135.086,real_q6xl_tensor_220w_mtp,0,100,11669,190.39,64,1710,9251,3,16
1784679135.086,real_q6xl_tensor_220w_mtp,1,69,11669,196.29,68,1695,9251,3,16
1784679135.086,real_q6xl_tensor_220w_mtp,2,79,11669,193.29,74,1695,9251,3,16
1784679135.086,real_q6xl_tensor_220w_mtp,3,100,11669,197.09,70,1725,9251,3,16
1784679135.665,real_q6xl_tensor_220w_mtp,0,100,11669,211.86,65,1725,9251,3,16
1784679135.665,real_q6xl_tensor_220w_mtp,1,100,11669,214.01,69,1620,9251,3,16
1784679135.665,real_q6xl_tensor_220w_mtp,2,100,11669,212.23,73,1665,9251,3,16
1784679135.665,real_q6xl_tensor_220w_mtp,3,100,11669,215.02,70,1650,9251,3,16
1784679136.263,real_q6xl_tensor_220w_mtp,0,100,11669,211.35,65,1725,9251,3,16
1784679136.263,real_q6xl_tensor_220w_mtp,1,100,11669,214.23,69,1620,9251,3,16
1784679136.263,real_q6xl_tensor_220w_mtp,2,100,11669,212.17,74,1665,9251,3,16
1784679136.263,real_q6xl_tensor_220w_mtp,3,100,11669,215.03,70,1650,9251,3,16
1784679136.865,real_q6xl_tensor_220w_mtp,0,100,11669,189.82,62,1770,9251,3,16
1784679136.865,real_q6xl_tensor_220w_mtp,1,30,11669,195.12,68,1665,9251,3,16
1784679136.865,real_q6xl_tensor_220w_mtp,2,40,11669,194.61,73,1725,9251,3,16
1784679136.865,real_q6xl_tensor_220w_mtp,3,100,11669,196.76,69,1665,9251,3,16
1784679137.441,real_q6xl_tensor_220w_mtp,0,100,11669,190.53,64,1695,9251,3,16
1784679137.441,real_q6xl_tensor_220w_mtp,1,30,11669,196.19,69,1620,9251,3,16
1784679137.441,real_q6xl_tensor_220w_mtp,2,40,11669,194.51,74,1695,9251,3,16
1784679137.441,real_q6xl_tensor_220w_mtp,3,100,11669,196.41,70,1650,9251,3,16
1784679138.036,real_q6xl_tensor_220w_mtp,0,100,11669,211.58,64,1725,9251,3,16
1784679138.036,real_q6xl_tensor_220w_mtp,1,100,11669,214.30,69,1620,9251,3,16
1784679138.036,real_q6xl_tensor_220w_mtp,2,100,11669,212.24,74,1650,9251,3,16
1784679138.036,real_q6xl_tensor_220w_mtp,3,100,11669,214.54,70,1635,9251,3,16
1784679138.629,real_q6xl_tensor_220w_mtp,0,100,11669,211.82,65,1695,9251,3,16
1784679138.629,real_q6xl_tensor_220w_mtp,1,100,11669,214.44,69,1620,9251,3,16
1784679138.629,real_q6xl_tensor_220w_mtp,2,100,11669,212.06,74,1665,9251,3,16
1784679138.629,real_q6xl_tensor_220w_mtp,3,100,11669,214.48,70,1650,9251,3,16
1784679139.227,real_q6xl_tensor_220w_mtp,0,25,11669,190.39,63,1740,9251,3,16
1784679139.227,real_q6xl_tensor_220w_mtp,1,60,11669,197.93,68,1620,9251,3,16
1784679139.227,real_q6xl_tensor_220w_mtp,2,71,11669,193.64,73,1740,9251,3,16
1784679139.227,real_q6xl_tensor_220w_mtp,3,56,11669,196.91,69,1650,9251,3,16
1784679139.830,real_q6xl_tensor_220w_mtp,0,95,11669,190.69,64,1710,9251,3,16
1784679139.830,real_q6xl_tensor_220w_mtp,1,60,11669,197.22,68,1605,9251,3,16
1784679139.830,real_q6xl_tensor_220w_mtp,2,71,11669,193.24,74,1665,9251,3,16
1784679139.830,real_q6xl_tensor_220w_mtp,3,100,11669,197.90,70,1650,9251,3,16
1784679140.421,real_q6xl_tensor_220w_mtp,0,95,11669,211.45,64,1740,9251,3,16
1784679140.421,real_q6xl_tensor_220w_mtp,1,100,11669,213.42,69,1680,9251,3,16
1784679140.421,real_q6xl_tensor_220w_mtp,2,100,11669,211.82,74,1665,9251,3,16
1784679140.421,real_q6xl_tensor_220w_mtp,3,100,11669,214.39,70,1710,9251,3,16
1784679140.996,real_q6xl_tensor_220w_mtp,0,100,11669,211.04,64,1785,9251,3,16
1784679140.996,real_q6xl_tensor_220w_mtp,1,100,11669,213.35,69,1665,9251,3,16
1784679140.996,real_q6xl_tensor_220w_mtp,2,100,11669,211.67,74,1725,9251,3,16
1784679140.996,real_q6xl_tensor_220w_mtp,3,100,11669,213.93,70,1665,9251,3,16
1784679141.572,real_q6xl_tensor_220w_mtp,0,100,11669,189.32,63,1725,9251,3,16
1784679141.572,real_q6xl_tensor_220w_mtp,1,67,11669,197.96,66,1620,9251,3,16
1784679141.572,real_q6xl_tensor_220w_mtp,2,77,11669,189.47,71,1650,9251,3,16
1784679141.572,real_q6xl_tensor_220w_mtp,3,100,11669,196.94,68,1665,9251,3,16
1784679142.168,real_q6xl_tensor_220w_mtp,0,100,11669,189.55,64,1725,9251,3,16
1784679142.168,real_q6xl_tensor_220w_mtp,1,98,11669,197.31,68,1680,9251,3,16
1784679142.168,real_q6xl_tensor_220w_mtp,2,77,11669,189.51,73,1665,9251,3,16
1784679142.168,real_q6xl_tensor_220w_mtp,3,100,11669,198.56,69,1695,9251,3,16
1784679142.746,real_q6xl_tensor_220w_mtp,0,95,11669,210.34,64,1770,9251,3,16
1784679142.746,real_q6xl_tensor_220w_mtp,1,100,11669,212.73,69,1620,9251,3,16
1784679142.746,real_q6xl_tensor_220w_mtp,2,100,11669,211.68,74,1710,9251,3,16
1784679142.746,real_q6xl_tensor_220w_mtp,3,77,11669,213.88,70,1725,9251,3,16
1784679143.340,real_q6xl_tensor_220w_mtp,0,100,11669,210.71,64,1740,9251,3,16
1784679143.340,real_q6xl_tensor_220w_mtp,1,100,11669,213.78,69,1620,9251,3,16
1784679143.340,real_q6xl_tensor_220w_mtp,2,100,11669,212.22,74,1665,9251,3,16
1784679143.340,real_q6xl_tensor_220w_mtp,3,100,11669,214.91,70,1695,9251,3,16
1784679143.930,real_q6xl_tensor_220w_mtp,0,100,11669,196.16,62,1920,9251,3,16
1784679143.930,real_q6xl_tensor_220w_mtp,1,17,11669,198.20,66,1905,9251,3,16
1784679143.930,real_q6xl_tensor_220w_mtp,2,20,11669,192.20,71,1890,9251,3,16
1784679143.930,real_q6xl_tensor_220w_mtp,3,100,11669,196.59,68,1920,9251,3,16
1784679144.505,real_q6xl_tensor_220w_mtp,0,54,11669,187.99,63,1695,9251,3,16
1784679144.505,real_q6xl_tensor_220w_mtp,1,17,11669,195.52,68,1620,9251,3,16
1784679144.505,real_q6xl_tensor_220w_mtp,2,20,11669,192.72,74,1635,9251,3,16
1784679144.505,real_q6xl_tensor_220w_mtp,3,94,11669,197.68,68,1635,9251,3,16
1784679145.104,real_q6xl_tensor_220w_mtp,0,54,11669,212.22,64,1695,9251,3,16
1784679145.104,real_q6xl_tensor_220w_mtp,1,100,11669,212.03,69,1605,9251,3,16
1784679145.104,real_q6xl_tensor_220w_mtp,2,100,11669,212.38,74,1710,9251,3,16
1784679145.104,real_q6xl_tensor_220w_mtp,3,94,11669,213.39,70,1635,9251,3,16
1784679145.699,real_q6xl_tensor_220w_mtp,0,100,11669,211.02,65,1755,9251,3,16
1784679145.699,real_q6xl_tensor_220w_mtp,1,100,11669,213.13,69,1620,9251,3,16
1784679145.699,real_q6xl_tensor_220w_mtp,2,100,11669,212.51,74,1680,9251,3,16
1784679145.699,real_q6xl_tensor_220w_mtp,3,100,11669,213.34,70,1650,9251,3,16
1784679146.301,real_q6xl_tensor_220w_mtp,0,32,11669,197.40,63,1905,9251,3,16
1784679146.301,real_q6xl_tensor_220w_mtp,1,22,11669,199.07,67,1860,9251,3,16
1784679146.301,real_q6xl_tensor_220w_mtp,2,21,11669,193.72,71,1860,9251,3,16
1784679146.301,real_q6xl_tensor_220w_mtp,3,100,11669,202.66,68,1890,9251,3,16
1784679146.869,real_q6xl_tensor_220w_mtp,0,84,11669,189.83,63,1905,9251,3,16
1784679146.869,real_q6xl_tensor_220w_mtp,1,22,11669,193.76,69,1890,9251,3,16
1784679146.869,real_q6xl_tensor_220w_mtp,2,21,11669,190.03,74,1845,9251,3,16
1784679146.869,real_q6xl_tensor_220w_mtp,3,80,11669,197.47,68,1905,9251,3,16
1784679147.464,real_q6xl_tensor_220w_mtp,0,84,11669,211.03,64,1770,9251,3,16
1784679147.464,real_q6xl_tensor_220w_mtp,1,64,11669,209.46,67,1635,9251,3,16
1784679147.464,real_q6xl_tensor_220w_mtp,2,53,11669,206.85,72,1695,9251,3,16
1784679147.464,real_q6xl_tensor_220w_mtp,3,80,11669,214.70,70,1665,9251,3,16
1784679148.043,real_q6xl_tensor_220w_mtp,0,100,11669,209.78,64,1695,9251,3,16
1784679148.043,real_q6xl_tensor_220w_mtp,1,64,11669,214.75,68,1605,9251,3,16
1784679148.043,real_q6xl_tensor_220w_mtp,2,53,11669,212.02,73,1695,9251,3,16
1784679148.043,real_q6xl_tensor_220w_mtp,3,100,11669,212.82,69,1635,9251,3,16
1784679148.645,real_q6xl_tensor_220w_mtp,0,100,11669,197.25,63,1875,9251,3,16
1784679148.645,real_q6xl_tensor_220w_mtp,1,32,11669,204.37,67,1860,9251,3,16
1784679148.645,real_q6xl_tensor_220w_mtp,2,33,11669,202.46,72,1830,9251,3,16
1784679148.645,real_q6xl_tensor_220w_mtp,3,100,11669,203.38,68,1845,9251,3,16
1784679149.238,real_q6xl_tensor_220w_mtp,0,3,11669,176.20,62,1920,9251,3,16
1784679149.238,real_q6xl_tensor_220w_mtp,1,2,11669,181.92,66,1905,9251,3,16
1784679149.238,real_q6xl_tensor_220w_mtp,2,22,11669,174.54,70,1890,9251,3,16
1784679149.238,real_q6xl_tensor_220w_mtp,3,0,11669,179.51,67,1920,9251,3,16
1784679149.805,real_q6xl_tensor_220w_mtp,0,73,11669,157.54,63,1725,9251,3,16
1784679149.805,real_q6xl_tensor_220w_mtp,1,100,11669,165.72,67,1605,9251,3,16
1784679149.805,real_q6xl_tensor_220w_mtp,2,100,11669,158.84,73,1665,9251,3,16
1784679149.805,real_q6xl_tensor_220w_mtp,3,0,11669,172.36,68,1695,9251,3,16
1784679150.417,real_q6xl_tensor_220w_mtp,0,3,11669,162.33,61,1920,9251,3,16
1784679150.417,real_q6xl_tensor_220w_mtp,1,100,11669,173.89,66,1905,9251,3,16
1784679150.417,real_q6xl_tensor_220w_mtp,2,100,11669,167.71,70,1890,9251,3,16
1784679150.417,real_q6xl_tensor_220w_mtp,3,4,11669,175.08,67,1920,9251,3,16
1784679150.983,real_q6xl_tensor_220w_mtp,0,3,11669,150.77,62,1920,9251,3,16
1784679150.983,real_q6xl_tensor_220w_mtp,1,36,11669,164.25,66,1905,9251,3,16
1784679150.983,real_q6xl_tensor_220w_mtp,2,33,11669,155.25,71,1890,9251,3,16
1784679150.983,real_q6xl_tensor_220w_mtp,3,4,11669,166.04,67,1920,9251,3,16
1784679151.554,real_q6xl_tensor_220w_mtp,0,76,11669,179.42,63,1800,9251,3,16
1784679151.554,real_q6xl_tensor_220w_mtp,1,36,11669,186.02,67,1710,9251,3,16
1784679151.554,real_q6xl_tensor_220w_mtp,2,33,11669,180.25,73,1740,9251,3,16
1784679151.554,real_q6xl_tensor_220w_mtp,3,75,11669,190.37,68,1725,9251,3,16
1784679152.129,real_q6xl_tensor_220w_mtp,0,76,11669,207.20,62,1800,9251,3,16
1784679152.129,real_q6xl_tensor_220w_mtp,1,43,11669,210.30,68,1710,9251,3,16
1784679152.129,real_q6xl_tensor_220w_mtp,2,49,11669,206.74,72,1710,9251,3,16
1784679152.129,real_q6xl_tensor_220w_mtp,3,75,11669,212.85,68,1725,9251,3,16
1784679152.723,real_q6xl_tensor_220w_mtp,0,76,11669,205.75,63,1800,9251,3,16
1784679152.723,real_q6xl_tensor_220w_mtp,1,79,11669,209.55,68,1725,9251,3,16
1784679152.723,real_q6xl_tensor_220w_mtp,2,78,11669,206.04,72,1755,9251,3,16
1784679152.723,real_q6xl_tensor_220w_mtp,3,73,11669,209.15,69,1725,9251,3,16
1784679153.324,real_q6xl_tensor_220w_mtp,0,76,11669,215.91,63,1695,9251,3,16
1784679153.324,real_q6xl_tensor_220w_mtp,1,75,11669,216.34,68,1680,9251,3,16
1784679153.324,real_q6xl_tensor_220w_mtp,2,82,11669,216.04,72,1635,9251,3,16
1784679153.324,real_q6xl_tensor_220w_mtp,3,73,11669,216.33,68,1710,9251,3,16
1784679153.898,real_q6xl_tensor_220w_mtp,0,61,11669,215.11,63,1905,9251,3,16
1784679153.898,real_q6xl_tensor_220w_mtp,1,75,11669,213.29,67,1860,9251,3,16
1784679153.898,real_q6xl_tensor_220w_mtp,2,82,11669,210.45,72,1875,9251,3,16
1784679153.898,real_q6xl_tensor_220w_mtp,3,63,11669,216.88,68,1875,9251,3,16
1784679154.482,real_q6xl_tensor_220w_mtp,0,61,11669,162.90,61,1920,9251,3,16
1784679154.482,real_q6xl_tensor_220w_mtp,1,1,11669,171.56,65,1905,9251,3,16
1784679154.482,real_q6xl_tensor_220w_mtp,2,9,11669,163.59,70,1890,9251,3,16
1784679154.482,real_q6xl_tensor_220w_mtp,3,63,11669,175.60,66,1920,9251,3,16
1784679155.074,real_q6xl_tensor_220w_mtp,0,100,11669,165.82,64,1860,9251,3,16
1784679155.074,real_q6xl_tensor_220w_mtp,1,1,11669,181.99,68,1770,9251,3,16
1784679155.074,real_q6xl_tensor_220w_mtp,2,9,11669,176.35,73,1815,9251,3,16
1784679155.074,real_q6xl_tensor_220w_mtp,3,100,11669,178.72,69,1785,9251,3,16
1784679155.670,real_q6xl_tensor_220w_mtp,0,100,11669,213.26,63,1845,9251,3,16
1784679155.670,real_q6xl_tensor_220w_mtp,1,75,11669,217.37,68,1770,9251,3,16
1784679155.670,real_q6xl_tensor_220w_mtp,2,75,11669,214.82,73,1815,9251,3,16
1784679155.670,real_q6xl_tensor_220w_mtp,3,100,11669,217.10,69,1785,9251,3,16
1784679156.271,real_q6xl_tensor_220w_mtp,0,96,11669,205.38,64,1860,9251,3,16
1784679156.271,real_q6xl_tensor_220w_mtp,1,39,11669,210.62,68,1770,9251,3,16
1784679156.271,real_q6xl_tensor_220w_mtp,2,65,11669,206.94,72,1815,9251,3,16
1784679156.271,real_q6xl_tensor_220w_mtp,3,87,11669,211.57,69,1800,9251,3,16
1784679156.851,real_q6xl_tensor_220w_mtp,0,96,11669,207.09,64,1845,9251,3,16
1784679156.851,real_q6xl_tensor_220w_mtp,1,100,11669,212.68,69,1770,9251,3,16
1784679156.851,real_q6xl_tensor_220w_mtp,2,100,11669,209.03,73,1800,9251,3,16
1784679156.851,real_q6xl_tensor_220w_mtp,3,87,11669,213.21,69,1800,9251,3,16
1784679157.448,real_q6xl_tensor_220w_mtp,0,100,11669,213.68,64,1845,9251,3,16
1784679157.448,real_q6xl_tensor_220w_mtp,1,100,11669,218.64,69,1740,9251,3,16
1784679157.448,real_q6xl_tensor_220w_mtp,2,100,11669,215.35,73,1800,9251,3,16
1784679157.448,real_q6xl_tensor_220w_mtp,3,100,11669,218.28,69,1785,9251,3,16
1784679158.031,real_q6xl_tensor_220w_mtp,0,100,11669,207.47,64,1845,9251,3,16
1784679158.031,real_q6xl_tensor_220w_mtp,1,100,11669,211.57,68,1770,9251,3,16
1784679158.031,real_q6xl_tensor_220w_mtp,2,100,11669,208.64,73,1800,9251,3,16
1784679158.031,real_q6xl_tensor_220w_mtp,3,100,11669,213.70,69,1785,9251,3,16
1784679158.633,real_q6xl_tensor_220w_mtp,0,100,11669,206.60,63,1845,9251,3,16
1784679158.633,real_q6xl_tensor_220w_mtp,1,100,11669,211.05,68,1770,9251,3,16
1784679158.633,real_q6xl_tensor_220w_mtp,2,100,11669,208.16,73,1815,9251,3,16
1784679158.633,real_q6xl_tensor_220w_mtp,3,79,11669,212.41,69,1785,9251,3,16
1784679159.209,real_q6xl_tensor_220w_mtp,0,96,11669,213.62,64,1845,9251,3,16
1784679159.209,real_q6xl_tensor_220w_mtp,1,100,11669,217.87,69,1755,9251,3,16
1784679159.209,real_q6xl_tensor_220w_mtp,2,100,11669,216.01,73,1800,9251,3,16
1784679159.209,real_q6xl_tensor_220w_mtp,3,100,11669,218.20,70,1785,9251,3,16
1784679159.827,real_q6xl_tensor_220w_mtp,0,88,11669,205.43,63,1905,9251,3,16
1784679159.827,real_q6xl_tensor_220w_mtp,1,100,11669,212.32,68,1875,9251,3,16
1784679159.827,real_q6xl_tensor_220w_mtp,2,100,11669,210.14,73,1875,9251,3,16
1784679159.827,real_q6xl_tensor_220w_mtp,3,92,11669,213.24,69,1890,9251,3,16
1784679160.447,real_q6xl_tensor_220w_mtp,0,88,11669,208.02,64,1845,9251,3,16
1784679160.447,real_q6xl_tensor_220w_mtp,1,100,11669,211.16,69,1755,9251,3,16
1784679160.447,real_q6xl_tensor_220w_mtp,2,100,11669,207.89,73,1800,9251,3,16
1784679160.447,real_q6xl_tensor_220w_mtp,3,92,11669,214.37,69,1785,9251,3,16
1784679161.042,real_q6xl_tensor_220w_mtp,0,58,11669,211.15,63,1920,9251,3,16
1784679161.042,real_q6xl_tensor_220w_mtp,1,100,11669,219.13,69,1905,9251,3,16
1784679161.042,real_q6xl_tensor_220w_mtp,2,100,11669,216.08,73,1890,9251,3,16
1784679161.042,real_q6xl_tensor_220w_mtp,3,60,11669,216.13,69,1920,9251,3,16
1784679161.638,real_q6xl_tensor_220w_mtp,0,58,11669,205.25,64,1845,9251,3,16
1784679161.638,real_q6xl_tensor_220w_mtp,1,79,11669,211.20,69,1755,9251,3,16
1784679161.638,real_q6xl_tensor_220w_mtp,2,79,11669,207.44,73,1800,9251,3,16
1784679161.638,real_q6xl_tensor_220w_mtp,3,60,11669,212.45,69,1785,9251,3,16
1784679162.215,real_q6xl_tensor_220w_mtp,0,100,11669,216.07,64,1845,9251,3,16
1784679162.215,real_q6xl_tensor_220w_mtp,1,100,11669,215.30,69,1755,9251,3,16
1784679162.215,real_q6xl_tensor_220w_mtp,2,88,11669,213.20,73,1800,9251,3,16
1784679162.215,real_q6xl_tensor_220w_mtp,3,100,11669,219.39,70,1785,9251,3,16
1784679162.845,real_q6xl_tensor_220w_mtp,0,100,11669,204.42,63,1920,9251,3,16
1784679162.845,real_q6xl_tensor_220w_mtp,1,37,11669,214.43,68,1830,9251,3,16
1784679162.845,real_q6xl_tensor_220w_mtp,2,39,11669,210.28,72,1890,9251,3,16
1784679162.845,real_q6xl_tensor_220w_mtp,3,100,11669,210.22,68,1860,9251,3,16
1784679163.446,real_q6xl_tensor_220w_mtp,0,100,11669,207.09,64,1845,9251,3,16
1784679163.446,real_q6xl_tensor_220w_mtp,1,37,11669,210.97,69,1755,9251,3,16
1784679163.446,real_q6xl_tensor_220w_mtp,2,39,11669,207.35,73,1800,9251,3,16
1784679163.446,real_q6xl_tensor_220w_mtp,3,100,11669,212.99,70,1770,9251,3,16
1784679164.039,real_q6xl_tensor_220w_mtp,0,100,11669,214.28,65,1845,9251,3,16
1784679164.039,real_q6xl_tensor_220w_mtp,1,100,11669,219.02,69,1740,9251,3,16
1784679164.039,real_q6xl_tensor_220w_mtp,2,100,11669,216.60,73,1845,9251,3,16
1784679164.039,real_q6xl_tensor_220w_mtp,3,100,11669,216.90,70,1770,9251,3,16
1784679164.640,real_q6xl_tensor_220w_mtp,0,83,11669,204.27,62,1845,9251,3,16
1784679164.640,real_q6xl_tensor_220w_mtp,1,100,11669,210.14,68,1755,9251,3,16
1784679164.640,real_q6xl_tensor_220w_mtp,2,100,11669,206.86,73,1785,9251,3,16
1784679164.640,real_q6xl_tensor_220w_mtp,3,78,11669,210.68,69,1770,9251,3,16
1784679165.234,real_q6xl_tensor_220w_mtp,0,83,11669,205.92,64,1845,9251,3,16
1784679165.234,real_q6xl_tensor_220w_mtp,1,100,11669,211.42,69,1755,9251,3,16
1784679165.234,real_q6xl_tensor_220w_mtp,2,100,11669,209.35,73,1785,9251,3,16
1784679165.234,real_q6xl_tensor_220w_mtp,3,100,11669,212.20,70,1785,9251,3,16
1784679165.819,real_q6xl_tensor_220w_mtp,0,100,11669,205.92,65,1845,9251,3,16
1784679165.819,real_q6xl_tensor_220w_mtp,1,100,11669,209.56,69,1755,9251,3,16
1784679165.819,real_q6xl_tensor_220w_mtp,2,100,11669,208.49,74,1785,9251,3,16
1784679165.819,real_q6xl_tensor_220w_mtp,3,100,11669,214.40,70,1770,9251,3,16
1784679166.452,real_q6xl_tensor_220w_mtp,0,100,11669,205.16,64,1830,9251,3,16
1784679166.452,real_q6xl_tensor_220w_mtp,1,91,11669,212.03,68,1755,9251,3,16
1784679166.452,real_q6xl_tensor_220w_mtp,2,100,11669,207.69,73,1785,9251,3,16
1784679166.452,real_q6xl_tensor_220w_mtp,3,73,11669,212.55,69,1770,9251,3,16
1784679167.047,real_q6xl_tensor_220w_mtp,0,100,11669,205.39,64,1830,9251,3,16
1784679167.047,real_q6xl_tensor_220w_mtp,1,91,11669,211.63,69,1755,9251,3,16
1784679167.047,real_q6xl_tensor_220w_mtp,2,100,11669,209.49,74,1785,9251,3,16
1784679167.047,real_q6xl_tensor_220w_mtp,3,100,11669,213.34,70,1770,9251,3,16
1784679167.618,real_q6xl_tensor_220w_mtp,0,78,11669,212.91,64,1845,9251,3,16
1784679167.618,real_q6xl_tensor_220w_mtp,1,97,11669,217.37,69,1740,9251,3,16
1784679167.618,real_q6xl_tensor_220w_mtp,2,100,11669,216.62,74,1800,9251,3,16
1784679167.618,real_q6xl_tensor_220w_mtp,3,100,11669,217.50,70,1755,9251,3,16
1784679168.194,real_q6xl_tensor_220w_mtp,0,78,11669,203.52,64,1830,9251,3,16
1784679168.194,real_q6xl_tensor_220w_mtp,1,97,11669,210.60,68,1755,9251,3,16
1784679168.194,real_q6xl_tensor_220w_mtp,2,100,11669,210.15,73,1800,9251,3,16
1784679168.194,real_q6xl_tensor_220w_mtp,3,95,11669,209.27,69,1770,9251,3,16
1784679168.769,real_q6xl_tensor_220w_mtp,0,100,11669,204.85,65,1830,9251,3,16
1784679168.769,real_q6xl_tensor_220w_mtp,1,100,11669,210.14,69,1755,9251,3,16
1784679168.769,real_q6xl_tensor_220w_mtp,2,100,11669,209.64,74,1800,9251,3,16
1784679168.769,real_q6xl_tensor_220w_mtp,3,97,11669,210.81,70,1770,9251,3,16
1784679169.346,real_q6xl_tensor_220w_mtp,0,100,11669,212.99,64,1830,9251,3,16
1784679169.346,real_q6xl_tensor_220w_mtp,1,100,11669,216.53,69,1755,9251,3,16
1784679169.346,real_q6xl_tensor_220w_mtp,2,100,11669,216.77,74,1785,9251,3,16
1784679169.346,real_q6xl_tensor_220w_mtp,3,94,11669,216.96,70,1770,9251,3,16
1784679169.922,real_q6xl_tensor_220w_mtp,0,100,11669,205.91,64,1845,9251,3,16
1784679169.922,real_q6xl_tensor_220w_mtp,1,83,11669,209.11,68,1740,9251,3,16
1784679169.922,real_q6xl_tensor_220w_mtp,2,93,11669,206.53,73,1800,9251,3,16
1784679169.922,real_q6xl_tensor_220w_mtp,3,94,11669,211.28,69,1770,9251,3,16
1784679170.532,real_q6xl_tensor_220w_mtp,0,100,11669,205.39,65,1830,9251,3,16
1784679170.532,real_q6xl_tensor_220w_mtp,1,83,11669,210.54,69,1755,9251,3,16
1784679170.532,real_q6xl_tensor_220w_mtp,2,93,11669,209.11,74,1785,9251,3,16
1784679170.532,real_q6xl_tensor_220w_mtp,3,100,11669,211.83,70,1770,9251,3,16
1784679171.127,real_q6xl_tensor_220w_mtp,0,100,11669,213.12,64,1815,9251,3,16
1784679171.127,real_q6xl_tensor_220w_mtp,1,77,11669,216.89,69,1755,9251,3,16
1784679171.127,real_q6xl_tensor_220w_mtp,2,84,11669,215.51,74,1770,9251,3,16
1784679171.127,real_q6xl_tensor_220w_mtp,3,100,11669,217.46,70,1755,9251,3,16
1784679171.728,real_q6xl_tensor_220w_mtp,0,84,11669,204.79,64,1830,9251,3,16
1784679171.728,real_q6xl_tensor_220w_mtp,1,29,11669,209.67,68,1740,9251,3,16
1784679171.728,real_q6xl_tensor_220w_mtp,2,64,11669,207.88,73,1785,9251,3,16
1784679171.728,real_q6xl_tensor_220w_mtp,3,100,11669,211.40,70,1755,9251,3,16
1784679172.325,real_q6xl_tensor_220w_mtp,0,100,11669,204.92,65,1830,9251,3,16
1784679172.325,real_q6xl_tensor_220w_mtp,1,100,11669,210.46,69,1740,9251,3,16
1784679172.325,real_q6xl_tensor_220w_mtp,2,100,11669,209.31,74,1770,9251,3,16
1784679172.325,real_q6xl_tensor_220w_mtp,3,100,11669,211.30,70,1755,9251,3,16
1784679172.913,real_q6xl_tensor_220w_mtp,0,100,11669,212.85,64,1815,9251,3,16
1784679172.913,real_q6xl_tensor_220w_mtp,1,93,11669,216.94,69,1740,9251,3,16
1784679172.913,real_q6xl_tensor_220w_mtp,2,87,11669,216.03,74,1770,9251,3,16
1784679172.913,real_q6xl_tensor_220w_mtp,3,100,11669,216.67,70,1770,9251,3,16
1784679173.510,real_q6xl_tensor_220w_mtp,0,77,11669,202.15,64,1830,9251,3,16
1784679173.510,real_q6xl_tensor_220w_mtp,1,100,11669,211.34,68,1740,9251,3,16
1784679173.510,real_q6xl_tensor_220w_mtp,2,100,11669,209.32,74,1755,9251,3,16
1784679173.510,real_q6xl_tensor_220w_mtp,3,100,11669,210.47,69,1770,9251,3,16
1784679174.085,real_q6xl_tensor_220w_mtp,0,77,11669,204.13,65,1830,9251,3,16
1784679174.085,real_q6xl_tensor_220w_mtp,1,100,11669,210.89,69,1740,9251,3,16
1784679174.085,real_q6xl_tensor_220w_mtp,2,100,11669,209.26,74,1770,9251,3,16
1784679174.085,real_q6xl_tensor_220w_mtp,3,100,11669,210.70,70,1770,9251,3,16
1784679174.683,real_q6xl_tensor_220w_mtp,0,74,11669,212.36,64,1830,9251,3,16
1784679174.683,real_q6xl_tensor_220w_mtp,1,89,11669,216.74,69,1725,9251,3,16
1784679174.683,real_q6xl_tensor_220w_mtp,2,98,11669,216.35,73,1755,9251,3,16
1784679174.683,real_q6xl_tensor_220w_mtp,3,100,11669,216.35,70,1755,9251,3,16
1784679175.277,real_q6xl_tensor_220w_mtp,0,42,11669,201.52,64,1830,9251,3,16
1784679175.277,real_q6xl_tensor_220w_mtp,1,25,11669,210.08,68,1725,9251,3,16
1784679175.277,real_q6xl_tensor_220w_mtp,2,62,11669,208.16,72,1785,9251,3,16
1784679175.277,real_q6xl_tensor_220w_mtp,3,57,11669,208.70,69,1755,9251,3,16
1784679175.855,real_q6xl_tensor_220w_mtp,0,100,11669,203.43,65,1815,9251,3,16
1784679175.855,real_q6xl_tensor_220w_mtp,1,100,11669,209.33,69,1740,9251,3,16
1784679175.855,real_q6xl_tensor_220w_mtp,2,100,11669,207.87,74,1755,9251,3,16
1784679175.855,real_q6xl_tensor_220w_mtp,3,57,11669,210.68,70,1755,9251,3,16
1784679176.430,real_q6xl_tensor_220w_mtp,0,100,11669,214.43,65,1905,9251,3,16
1784679176.430,real_q6xl_tensor_220w_mtp,1,100,11669,217.94,68,1875,9251,3,16
1784679176.430,real_q6xl_tensor_220w_mtp,2,100,11669,217.46,74,1875,9251,3,16
1784679176.430,real_q6xl_tensor_220w_mtp,3,72,11669,215.96,70,1890,9251,3,16
1784679177.005,real_q6xl_tensor_220w_mtp,0,43,11669,206.07,63,1920,9251,3,16
1784679177.005,real_q6xl_tensor_220w_mtp,1,26,11669,208.28,67,1905,9251,3,16
1784679177.005,real_q6xl_tensor_220w_mtp,2,23,11669,205.49,72,1890,9251,3,16
1784679177.005,real_q6xl_tensor_220w_mtp,3,72,11669,211.76,69,1920,9251,3,16
1784679177.582,real_q6xl_tensor_220w_mtp,0,43,11669,204.04,65,1830,9251,3,16
1784679177.582,real_q6xl_tensor_220w_mtp,1,26,11669,208.40,69,1740,9251,3,16
1784679177.582,real_q6xl_tensor_220w_mtp,2,23,11669,208.05,74,1770,9251,3,16
1784679177.582,real_q6xl_tensor_220w_mtp,3,100,11669,210.09,70,1755,9251,3,16
1784679178.157,real_q6xl_tensor_220w_mtp,0,100,11669,214.84,65,1815,9251,3,16
1784679178.157,real_q6xl_tensor_220w_mtp,1,100,11669,216.50,69,1710,9251,3,16
1784679178.157,real_q6xl_tensor_220w_mtp,2,100,11669,217.42,74,1770,9251,3,16
1784679178.157,real_q6xl_tensor_220w_mtp,3,100,11669,217.59,70,1740,9251,3,16
1784679178.752,real_q6xl_tensor_220w_mtp,0,61,11669,206.82,64,1920,9251,3,16
1784679178.752,real_q6xl_tensor_220w_mtp,1,100,11669,210.01,68,1905,9251,3,16
1784679178.752,real_q6xl_tensor_220w_mtp,2,71,11669,210.72,72,1890,9251,3,16
1784679178.752,real_q6xl_tensor_220w_mtp,3,21,11669,211.97,69,1920,9251,3,16
1784679179.341,real_q6xl_tensor_220w_mtp,0,74,11669,199.19,64,1815,9251,3,16
1784679179.341,real_q6xl_tensor_220w_mtp,1,86,11669,206.70,68,1725,9251,3,16
1784679179.341,real_q6xl_tensor_220w_mtp,2,98,11669,203.90,73,1755,9251,3,16
1784679179.341,real_q6xl_tensor_220w_mtp,3,21,11669,206.99,70,1755,9251,3,16
1784679179.959,real_q6xl_tensor_220w_mtp,0,74,11669,211.76,65,1800,9251,3,16
1784679179.959,real_q6xl_tensor_220w_mtp,1,86,11669,218.55,69,1725,9251,3,16
1784679179.959,real_q6xl_tensor_220w_mtp,2,98,11669,218.94,74,1785,9251,3,16
1784679179.959,real_q6xl_tensor_220w_mtp,3,100,11669,215.72,70,1725,9251,3,16
1784679180.559,real_q6xl_tensor_220w_mtp,0,81,11669,212.74,63,1920,9251,3,16
1784679180.559,real_q6xl_tensor_220w_mtp,1,51,11669,213.40,69,1890,9251,3,16
1784679180.559,real_q6xl_tensor_220w_mtp,2,100,11669,212.85,74,1875,9251,3,16
1784679180.559,real_q6xl_tensor_220w_mtp,3,100,11669,217.26,69,1875,9251,3,16
1784679181.147,real_q6xl_tensor_220w_mtp,0,81,11669,202.39,64,1890,9251,3,16
1784679181.147,real_q6xl_tensor_220w_mtp,1,51,11669,205.89,69,1860,9251,3,16
1784679181.147,real_q6xl_tensor_220w_mtp,2,100,11669,206.81,74,1845,9251,3,16
1784679181.147,real_q6xl_tensor_220w_mtp,3,97,11669,209.28,69,1875,9251,3,16
1784679181.747,real_q6xl_tensor_220w_mtp,0,100,11669,208.18,65,1815,9251,3,16
1784679181.747,real_q6xl_tensor_220w_mtp,1,99,11669,214.74,69,1725,9251,3,16
1784679181.747,real_q6xl_tensor_220w_mtp,2,100,11669,214.43,74,1755,9251,3,16
1784679181.747,real_q6xl_tensor_220w_mtp,3,86,11669,213.58,70,1740,9251,3,16
1784679182.348,real_q6xl_tensor_220w_mtp,0,100,11669,214.66,65,1815,9251,3,16
1784679182.348,real_q6xl_tensor_220w_mtp,1,99,11669,218.55,69,1740,9251,3,16
1784679182.348,real_q6xl_tensor_220w_mtp,2,100,11669,216.86,74,1770,9251,3,16
1784679182.348,real_q6xl_tensor_220w_mtp,3,100,11669,217.78,70,1755,9251,3,16
1784679182.941,real_q6xl_tensor_220w_mtp,0,100,11669,202.72,65,1815,9251,3,16
1784679182.941,real_q6xl_tensor_220w_mtp,1,100,11669,208.78,69,1725,9251,3,16
1784679182.941,real_q6xl_tensor_220w_mtp,2,100,11669,205.71,74,1770,9251,3,16
1784679182.941,real_q6xl_tensor_220w_mtp,3,100,11669,209.96,70,1755,9251,3,16
1784679183.540,real_q6xl_tensor_220w_mtp,0,86,11669,204.46,64,1800,9251,3,16
1784679183.540,real_q6xl_tensor_220w_mtp,1,100,11669,205.63,69,1710,9251,3,16
1784679183.540,real_q6xl_tensor_220w_mtp,2,86,11669,204.29,74,1740,9251,3,16
1784679183.540,real_q6xl_tensor_220w_mtp,3,75,11669,210.86,70,1725,9251,3,16
1784679184.120,real_q6xl_tensor_220w_mtp,0,100,11669,215.26,65,1785,9251,3,16
1784679184.120,real_q6xl_tensor_220w_mtp,1,100,11669,215.72,69,1710,9251,3,16
1784679184.120,real_q6xl_tensor_220w_mtp,2,100,11669,214.74,74,1755,9251,3,16
1784679184.120,real_q6xl_tensor_220w_mtp,3,75,11669,218.18,70,1725,9251,3,16
1784679184.713,real_q6xl_tensor_220w_mtp,0,100,11669,202.29,64,1815,9251,3,16
1784679184.713,real_q6xl_tensor_220w_mtp,1,100,11669,208.05,68,1740,9251,3,16
1784679184.713,real_q6xl_tensor_220w_mtp,2,94,11669,205.79,74,1740,9251,3,16
1784679184.713,real_q6xl_tensor_220w_mtp,3,100,11669,209.07,70,1755,9251,3,16
1784679185.307,real_q6xl_tensor_220w_mtp,0,100,11669,202.17,65,1830,9251,3,16
1784679185.307,real_q6xl_tensor_220w_mtp,1,100,11669,207.39,69,1725,9251,3,16
1784679185.307,real_q6xl_tensor_220w_mtp,2,100,11669,205.82,74,1770,9251,3,16
1784679185.307,real_q6xl_tensor_220w_mtp,3,100,11669,207.98,70,1740,9251,3,16
1784679185.891,real_q6xl_tensor_220w_mtp,0,100,11669,212.00,65,1815,9251,3,16
1784679185.891,real_q6xl_tensor_220w_mtp,1,96,11669,215.26,69,1710,9251,3,16
1784679185.891,real_q6xl_tensor_220w_mtp,2,100,11669,214.49,74,1770,9251,3,16
1784679185.891,real_q6xl_tensor_220w_mtp,3,100,11669,216.27,70,1770,9251,3,16
1784679186.486,real_q6xl_tensor_220w_mtp,0,32,11669,200.54,64,1815,9251,3,16
1784679186.486,real_q6xl_tensor_220w_mtp,1,96,11669,209.03,68,1725,9251,3,16
1784679186.486,real_q6xl_tensor_220w_mtp,2,81,11669,205.09,73,1770,9251,3,16
1784679186.486,real_q6xl_tensor_220w_mtp,3,100,11669,210.15,69,1725,9251,3,16
1784679187.088,real_q6xl_tensor_220w_mtp,0,32,11669,202.39,65,1815,9251,3,16
1784679187.088,real_q6xl_tensor_220w_mtp,1,100,11669,207.97,69,1740,9251,3,16
1784679187.088,real_q6xl_tensor_220w_mtp,2,81,11669,206.04,74,1755,9251,3,16
1784679187.088,real_q6xl_tensor_220w_mtp,3,100,11669,209.33,70,1755,9251,3,16
1784679187.665,real_q6xl_tensor_220w_mtp,0,100,11669,215.02,65,1875,9251,3,16
1784679187.665,real_q6xl_tensor_220w_mtp,1,100,11669,216.28,69,1815,9251,3,16
1784679187.665,real_q6xl_tensor_220w_mtp,2,79,11669,214.29,74,1815,9251,3,16
1784679187.665,real_q6xl_tensor_220w_mtp,3,100,11669,217.95,70,1845,9251,3,16
1784679188.250,real_q6xl_tensor_220w_mtp,0,82,11669,206.37,63,1920,9251,3,16
1784679188.250,real_q6xl_tensor_220w_mtp,1,37,11669,211.51,68,1905,9251,3,16
1784679188.250,real_q6xl_tensor_220w_mtp,2,100,11669,210.04,73,1890,9251,3,16
1784679188.250,real_q6xl_tensor_220w_mtp,3,42,11669,210.88,69,1920,9251,3,16
1784679188.820,real_q6xl_tensor_220w_mtp,0,70,11669,201.31,64,1800,9251,3,16
1784679188.820,real_q6xl_tensor_220w_mtp,1,37,11669,204.31,68,1740,9251,3,16
1784679188.820,real_q6xl_tensor_220w_mtp,2,68,11669,203.32,74,1755,9251,3,16
1784679188.820,real_q6xl_tensor_220w_mtp,3,42,11669,207.81,70,1755,9251,3,16
1784679189.422,real_q6xl_tensor_220w_mtp,0,70,11669,215.09,65,1815,9251,3,16
1784679189.422,real_q6xl_tensor_220w_mtp,1,100,11669,213.76,69,1725,9251,3,16
1784679189.422,real_q6xl_tensor_220w_mtp,2,68,11669,213.07,74,1740,9251,3,16
1784679189.422,real_q6xl_tensor_220w_mtp,3,100,11669,218.93,70,1755,9251,3,16
1784679190.016,real_q6xl_tensor_220w_mtp,0,100,11669,215.01,65,1800,9251,3,16
1784679190.016,real_q6xl_tensor_220w_mtp,1,100,11669,217.44,69,1710,9251,3,16
1784679190.016,real_q6xl_tensor_220w_mtp,2,100,11669,217.68,74,1740,9251,3,16
1784679190.016,real_q6xl_tensor_220w_mtp,3,100,11669,217.55,69,1740,9251,3,16
1784679190.609,real_q6xl_tensor_220w_mtp,0,100,11669,201.13,65,1815,9251,3,16
1784679190.609,real_q6xl_tensor_220w_mtp,1,100,11669,206.48,69,1725,9251,3,16
1784679190.609,real_q6xl_tensor_220w_mtp,2,100,11669,205.60,74,1755,9251,3,16
1784679190.609,real_q6xl_tensor_220w_mtp,3,100,11669,207.66,70,1755,9251,3,16
1784679191.185,real_q6xl_tensor_220w_mtp,0,87,11669,199.22,64,1890,9251,3,16
1784679191.185,real_q6xl_tensor_220w_mtp,1,100,11669,208.34,69,1695,9251,3,16
1784679191.185,real_q6xl_tensor_220w_mtp,2,68,11669,207.01,74,1875,9251,3,16
1784679191.185,real_q6xl_tensor_220w_mtp,3,100,11669,206.96,69,1710,9251,3,16
1784679191.765,real_q6xl_tensor_220w_mtp,0,84,11669,210.08,65,1785,9251,3,16
1784679191.765,real_q6xl_tensor_220w_mtp,1,100,11669,215.18,69,1710,9251,3,16
1784679191.765,real_q6xl_tensor_220w_mtp,2,84,11669,214.61,74,1740,9251,3,16
1784679191.765,real_q6xl_tensor_220w_mtp,3,100,11669,214.15,70,1710,9251,3,16
1784679192.362,real_q6xl_tensor_220w_mtp,0,93,11669,199.66,64,1815,9251,3,16
1784679192.362,real_q6xl_tensor_220w_mtp,1,100,11669,206.78,68,1710,9251,3,16
1784679192.362,real_q6xl_tensor_220w_mtp,2,52,11669,205.33,73,1740,9251,3,16
1784679192.362,real_q6xl_tensor_220w_mtp,3,100,11669,207.38,70,1740,9251,3,16
1784679192.936,real_q6xl_tensor_220w_mtp,0,93,11669,201.54,65,1830,9251,3,16
1784679192.936,real_q6xl_tensor_220w_mtp,1,100,11669,206.59,69,1740,9251,3,16
1784679192.936,real_q6xl_tensor_220w_mtp,2,52,11669,204.27,74,1770,9251,3,16
1784679192.936,real_q6xl_tensor_220w_mtp,3,100,11669,208.75,70,1755,9251,3,16
1784679193.547,real_q6xl_tensor_220w_mtp,0,93,11669,214.32,65,1860,9251,3,16
1784679193.547,real_q6xl_tensor_220w_mtp,1,100,11669,217.06,69,1815,9251,3,16
1784679193.547,real_q6xl_tensor_220w_mtp,2,100,11669,216.09,74,1800,9251,3,16
1784679193.547,real_q6xl_tensor_220w_mtp,3,100,11669,218.56,70,1830,9251,3,16
1784679194.121,real_q6xl_tensor_220w_mtp,0,93,11669,209.94,64,1920,9251,3,16
1784679194.121,real_q6xl_tensor_220w_mtp,1,31,11669,211.97,68,1905,9251,3,16
1784679194.121,real_q6xl_tensor_220w_mtp,2,100,11669,208.41,73,1890,9251,3,16
1784679194.121,real_q6xl_tensor_220w_mtp,3,35,11669,209.55,69,1920,9251,3,16
1784679194.691,real_q6xl_tensor_220w_mtp,0,97,11669,201.26,64,1755,9251,3,16
1784679194.691,real_q6xl_tensor_220w_mtp,1,31,11669,206.99,68,1680,9251,3,16
1784679194.691,real_q6xl_tensor_220w_mtp,2,67,11669,203.71,74,1875,9251,3,16
1784679194.691,real_q6xl_tensor_220w_mtp,3,35,11669,207.45,69,1695,9251,3,16
1784679195.270,real_q6xl_tensor_220w_mtp,0,84,11669,208.79,65,1785,9251,3,16
1784679195.270,real_q6xl_tensor_220w_mtp,1,100,11669,215.29,69,1740,9251,3,16
1784679195.270,real_q6xl_tensor_220w_mtp,2,91,11669,214.22,74,1770,9251,3,16
1784679195.270,real_q6xl_tensor_220w_mtp,3,100,11669,213.96,70,1755,9251,3,16
1784679195.848,real_q6xl_tensor_220w_mtp,0,100,11669,216.26,65,1785,9251,3,16
1784679195.848,real_q6xl_tensor_220w_mtp,1,100,11669,217.18,69,1710,9251,3,16
1784679195.848,real_q6xl_tensor_220w_mtp,2,100,11669,215.59,74,1740,9251,3,16
1784679195.848,real_q6xl_tensor_220w_mtp,3,100,11669,217.46,70,1725,9251,3,16
1784679196.451,real_q6xl_tensor_220w_mtp,0,100,11669,200.88,65,1785,9251,3,16
1784679196.451,real_q6xl_tensor_220w_mtp,1,100,11669,205.81,69,1710,9251,3,16
1784679196.451,real_q6xl_tensor_220w_mtp,2,100,11669,202.97,74,1740,9251,3,16
1784679196.451,real_q6xl_tensor_220w_mtp,3,100,11669,206.90,70,1725,9251,3,16
1784679197.052,real_q6xl_tensor_220w_mtp,0,100,11669,201.41,65,1815,9251,3,16
1784679197.052,real_q6xl_tensor_220w_mtp,1,100,11669,207.79,69,1755,9251,3,16
1784679197.052,real_q6xl_tensor_220w_mtp,2,87,11669,204.99,74,1740,9251,3,16
1784679197.052,real_q6xl_tensor_220w_mtp,3,100,11669,206.74,70,1755,9251,3,16
1784679197.642,real_q6xl_tensor_220w_mtp,0,100,11669,214.04,65,1770,9251,3,16
1784679197.642,real_q6xl_tensor_220w_mtp,1,100,11669,214.62,69,1695,9251,3,16
1784679197.642,real_q6xl_tensor_220w_mtp,2,87,11669,213.38,74,1755,9251,3,16
1784679197.642,real_q6xl_tensor_220w_mtp,3,78,11669,214.57,70,1710,9251,3,16
1784679198.242,real_q6xl_tensor_220w_mtp,0,17,11669,200.38,64,1920,9251,3,16
1784679198.242,real_q6xl_tensor_220w_mtp,1,30,11669,206.61,67,1905,9251,3,16
1784679198.242,real_q6xl_tensor_220w_mtp,2,28,11669,204.66,72,1890,9251,3,16
1784679198.242,real_q6xl_tensor_220w_mtp,3,26,11669,204.92,69,1920,9251,3,16
1784679198.820,real_q6xl_tensor_220w_mtp,0,68,11669,201.12,65,1785,9251,3,16
1784679198.820,real_q6xl_tensor_220w_mtp,1,98,11669,206.06,69,1710,9251,3,16
1784679198.820,real_q6xl_tensor_220w_mtp,2,28,11669,203.92,74,1740,9251,3,16
1784679198.820,real_q6xl_tensor_220w_mtp,3,100,11669,206.71,70,1725,9251,3,16
1784679199.397,real_q6xl_tensor_220w_mtp,0,68,11669,216.11,65,1785,9251,3,16
1784679199.397,real_q6xl_tensor_220w_mtp,1,98,11669,217.07,69,1710,9251,3,16
1784679199.397,real_q6xl_tensor_220w_mtp,2,100,11669,216.34,74,1740,9251,3,16
1784679199.397,real_q6xl_tensor_220w_mtp,3,100,11669,218.72,70,1710,9251,3,16
1784679199.973,real_q6xl_tensor_220w_mtp,0,100,11669,215.82,65,1785,9251,3,16
1784679199.973,real_q6xl_tensor_220w_mtp,1,100,11669,217.20,69,1755,9251,3,16
1784679199.973,real_q6xl_tensor_220w_mtp,2,100,11669,216.43,74,1725,9251,3,16
1784679199.973,real_q6xl_tensor_220w_mtp,3,100,11669,216.35,70,1710,9251,3,16
1784679200.559,real_q6xl_tensor_220w_mtp,0,100,11669,200.73,65,1785,9251,3,16
1784679200.559,real_q6xl_tensor_220w_mtp,1,100,11669,205.44,69,1695,9251,3,16
1784679200.559,real_q6xl_tensor_220w_mtp,2,100,11669,202.73,74,1725,9251,3,16
1784679200.559,real_q6xl_tensor_220w_mtp,3,100,11669,205.74,70,1710,9251,3,16
1784679201.149,real_q6xl_tensor_220w_mtp,0,95,11669,203.69,65,1860,9251,3,16
1784679201.149,real_q6xl_tensor_220w_mtp,1,100,11669,205.10,69,1800,9251,3,16
1784679201.149,real_q6xl_tensor_220w_mtp,2,100,11669,201.91,74,1770,9251,3,16
1784679201.149,real_q6xl_tensor_220w_mtp,3,96,11669,208.81,70,1830,9251,3,16
1784679201.721,real_q6xl_tensor_220w_mtp,0,95,11669,212.39,65,1785,9251,3,16
1784679201.721,real_q6xl_tensor_220w_mtp,1,100,11669,214.54,69,1710,9251,3,16
1784679201.721,real_q6xl_tensor_220w_mtp,2,74,11669,212.49,74,1740,9251,3,16
1784679201.721,real_q6xl_tensor_220w_mtp,3,83,11669,214.78,70,1740,9251,3,16
1784679202.315,real_q6xl_tensor_220w_mtp,0,28,11669,199.26,63,1845,9251,3,16
1784679202.315,real_q6xl_tensor_220w_mtp,1,21,11669,208.41,67,1665,9251,3,16
1784679202.315,real_q6xl_tensor_220w_mtp,2,74,11669,203.27,72,1860,9251,3,16
1784679202.315,real_q6xl_tensor_220w_mtp,3,21,11669,204.53,69,1710,9251,3,16
1784679202.918,real_q6xl_tensor_220w_mtp,0,28,11669,198.71,65,1800,9251,3,16
1784679202.918,real_q6xl_tensor_220w_mtp,1,21,11669,204.88,69,1725,9251,3,16
1784679202.918,real_q6xl_tensor_220w_mtp,2,100,11669,201.91,74,1740,9251,3,16
1784679202.918,real_q6xl_tensor_220w_mtp,3,21,11669,204.76,70,1740,9251,3,16
1784679203.495,real_q6xl_tensor_220w_mtp,0,100,11669,215.33,65,1770,9251,3,16
1784679203.495,real_q6xl_tensor_220w_mtp,1,100,11669,216.69,69,1695,9251,3,16
1784679203.495,real_q6xl_tensor_220w_mtp,2,100,11669,214.63,74,1725,9251,3,16
1784679203.495,real_q6xl_tensor_220w_mtp,3,100,11669,216.99,70,1710,9251,3,16
1784679204.075,real_q6xl_tensor_220w_mtp,0,100,11669,214.99,65,1785,9251,3,16
1784679204.075,real_q6xl_tensor_220w_mtp,1,100,11669,216.81,69,1695,9251,3,16
1784679204.075,real_q6xl_tensor_220w_mtp,2,100,11669,215.22,74,1725,9251,3,16
1784679204.075,real_q6xl_tensor_220w_mtp,3,100,11669,217.54,70,1695,9251,3,16
1784679204.651,real_q6xl_tensor_220w_mtp,0,100,11669,198.75,65,1785,9251,3,16
1784679204.651,real_q6xl_tensor_220w_mtp,1,100,11669,204.18,69,1695,9251,3,16
1784679204.651,real_q6xl_tensor_220w_mtp,2,100,11669,201.50,74,1740,9251,3,16
1784679204.651,real_q6xl_tensor_220w_mtp,3,100,11669,204.46,70,1710,9251,3,16
1784679205.251,real_q6xl_tensor_220w_mtp,0,100,11669,203.04,65,1770,9251,3,16
1784679205.251,real_q6xl_tensor_220w_mtp,1,100,11669,203.93,69,1665,9251,3,16
1784679205.251,real_q6xl_tensor_220w_mtp,2,100,11669,201.62,74,1725,9251,3,16
1784679205.251,real_q6xl_tensor_220w_mtp,3,100,11669,207.26,70,1680,9251,3,16
1784679205.821,real_q6xl_tensor_220w_mtp,0,76,11669,212.17,65,1815,9251,3,16
1784679205.821,real_q6xl_tensor_220w_mtp,1,65,11669,212.45,69,1725,9251,3,16
1784679205.821,real_q6xl_tensor_220w_mtp,2,100,11669,212.66,74,1725,9251,3,16
1784679205.821,real_q6xl_tensor_220w_mtp,3,74,11669,213.92,70,1740,9251,3,16
1784679206.433,real_q6xl_tensor_220w_mtp,0,76,11669,200.57,64,1920,9251,3,16
1784679206.433,real_q6xl_tensor_220w_mtp,1,65,11669,207.96,68,1905,9251,3,16
1784679206.433,real_q6xl_tensor_220w_mtp,2,37,11669,207.05,73,1890,9251,3,16
1784679206.433,real_q6xl_tensor_220w_mtp,3,74,11669,206.03,69,1920,9251,3,16
1784679206.999,real_q6xl_tensor_220w_mtp,0,66,11669,198.14,64,1755,9251,3,16
1784679206.999,real_q6xl_tensor_220w_mtp,1,65,11669,203.54,69,1680,9251,3,16
1784679206.999,real_q6xl_tensor_220w_mtp,2,37,11669,200.81,74,1710,9251,3,16
1784679206.999,real_q6xl_tensor_220w_mtp,3,99,11669,204.88,70,1695,9251,3,16
1784679207.600,real_q6xl_tensor_220w_mtp,0,66,11669,211.54,65,1800,9251,3,16
1784679207.600,real_q6xl_tensor_220w_mtp,1,65,11669,217.62,69,1710,9251,3,16
1784679207.600,real_q6xl_tensor_220w_mtp,2,100,11669,215.33,74,1740,9251,3,16
1784679207.600,real_q6xl_tensor_220w_mtp,3,99,11669,216.28,70,1710,9251,3,16
1784679208.176,real_q6xl_tensor_220w_mtp,0,100,11669,213.53,65,1755,9251,3,16
1784679208.176,real_q6xl_tensor_220w_mtp,1,100,11669,215.54,69,1680,9251,3,16
1784679208.176,real_q6xl_tensor_220w_mtp,2,100,11669,214.17,74,1755,9251,3,16
1784679208.176,real_q6xl_tensor_220w_mtp,3,100,11669,215.42,70,1695,9251,3,16
1784679208.770,real_q6xl_tensor_220w_mtp,0,84,11669,197.48,65,1755,9251,3,16
1784679208.770,real_q6xl_tensor_220w_mtp,1,100,11669,202.22,69,1710,9251,3,16
1784679208.770,real_q6xl_tensor_220w_mtp,2,100,11669,200.35,74,1710,9251,3,16
1784679208.770,real_q6xl_tensor_220w_mtp,3,44,11669,203.75,70,1725,9251,3,16
1784679209.370,real_q6xl_tensor_220w_mtp,0,100,11669,197.61,65,1815,9251,3,16
1784679209.370,real_q6xl_tensor_220w_mtp,1,100,11669,201.94,69,1725,9251,3,16
1784679209.370,real_q6xl_tensor_220w_mtp,2,100,11669,201.20,74,1710,9251,3,16
1784679209.370,real_q6xl_tensor_220w_mtp,3,100,11669,203.78,70,1740,9251,3,16
1784679209.971,real_q6xl_tensor_220w_mtp,0,100,11669,213.78,65,1755,9251,3,16
1784679209.971,real_q6xl_tensor_220w_mtp,1,100,11669,211.93,69,1650,9251,3,16
1784679209.971,real_q6xl_tensor_220w_mtp,2,62,11669,210.94,74,1710,9251,3,16
1784679209.971,real_q6xl_tensor_220w_mtp,3,100,11669,215.61,69,1680,9251,3,16
1784679210.573,real_q6xl_tensor_220w_mtp,0,38,11669,205.22,63,1920,9251,3,16
1784679210.573,real_q6xl_tensor_220w_mtp,1,39,11669,207.92,67,1875,9251,3,16
1784679210.573,real_q6xl_tensor_220w_mtp,2,62,11669,205.20,73,1890,9251,3,16
1784679210.573,real_q6xl_tensor_220w_mtp,3,34,11669,208.17,69,1905,9251,3,16
1784679211.160,real_q6xl_tensor_220w_mtp,0,38,11669,199.46,64,1890,9251,3,16
1784679211.160,real_q6xl_tensor_220w_mtp,1,39,11669,200.89,69,1860,9251,3,16
1784679211.160,real_q6xl_tensor_220w_mtp,2,100,11669,203.48,74,1860,9251,3,16
1784679211.160,real_q6xl_tensor_220w_mtp,3,34,11669,205.16,69,1875,9251,3,16
1784679211.735,real_q6xl_tensor_220w_mtp,0,100,11669,209.43,64,1770,9251,3,16
1784679211.735,real_q6xl_tensor_220w_mtp,1,62,11669,209.50,69,1665,9251,3,16
1784679211.735,real_q6xl_tensor_220w_mtp,2,82,11669,209.15,74,1710,9251,3,16
1784679211.735,real_q6xl_tensor_220w_mtp,3,100,11669,213.07,70,1695,9251,3,16
1784679212.314,real_q6xl_tensor_220w_mtp,0,81,11669,212.87,65,1740,9251,3,16
1784679212.314,real_q6xl_tensor_220w_mtp,1,62,11669,216.05,69,1665,9251,3,16
1784679212.314,real_q6xl_tensor_220w_mtp,2,100,11669,214.41,74,1695,9251,3,16
1784679212.314,real_q6xl_tensor_220w_mtp,3,100,11669,215.84,70,1680,9251,3,16
1784679212.890,real_q6xl_tensor_220w_mtp,0,13,11669,195.44,63,1755,9251,3,16
1784679212.890,real_q6xl_tensor_220w_mtp,1,56,11669,202.45,68,1680,9251,3,16
1784679212.890,real_q6xl_tensor_220w_mtp,2,100,11669,199.53,73,1710,9251,3,16
1784679212.890,real_q6xl_tensor_220w_mtp,3,100,11669,203.42,68,1680,9251,3,16
1784679213.483,real_q6xl_tensor_220w_mtp,0,13,11669,196.43,65,1770,9251,3,16
1784679213.483,real_q6xl_tensor_220w_mtp,1,56,11669,201.94,69,1665,9251,3,16
1784679213.483,real_q6xl_tensor_220w_mtp,2,100,11669,198.90,74,1725,9251,3,16
1784679213.483,real_q6xl_tensor_220w_mtp,3,100,11669,203.32,70,1695,9251,3,16
1784679214.060,real_q6xl_tensor_220w_mtp,0,100,11669,212.43,65,1755,9251,3,16
1784679214.060,real_q6xl_tensor_220w_mtp,1,100,11669,215.29,69,1665,9251,3,16
1784679214.060,real_q6xl_tensor_220w_mtp,2,100,11669,213.65,74,1710,9251,3,16
1784679214.060,real_q6xl_tensor_220w_mtp,3,100,11669,216.05,70,1695,9251,3,16
1784679214.671,real_q6xl_tensor_220w_mtp,0,100,11669,213.74,65,1770,9251,3,16
1784679214.671,real_q6xl_tensor_220w_mtp,1,100,11669,215.33,69,1665,9251,3,16
1784679214.671,real_q6xl_tensor_220w_mtp,2,86,11669,212.88,74,1695,9251,3,16
1784679214.671,real_q6xl_tensor_220w_mtp,3,100,11669,215.88,70,1695,9251,3,16
1784679215.244,real_q6xl_tensor_220w_mtp,0,100,11669,196.78,65,1755,9251,3,16
1784679215.244,real_q6xl_tensor_220w_mtp,1,100,11669,201.26,69,1680,9251,3,16
1784679215.244,real_q6xl_tensor_220w_mtp,2,57,11669,198.39,74,1710,9251,3,16
1784679215.244,real_q6xl_tensor_220w_mtp,3,100,11669,200.93,70,1695,9251,3,16
1784679215.838,real_q6xl_tensor_220w_mtp,0,100,11669,202.25,65,1725,9251,3,16
1784679215.838,real_q6xl_tensor_220w_mtp,1,100,11669,200.90,69,1650,9251,3,16
1784679215.838,real_q6xl_tensor_220w_mtp,2,100,11669,199.43,74,1725,9251,3,16
1784679215.838,real_q6xl_tensor_220w_mtp,3,100,11669,205.10,70,1665,9251,3,16
1784679216.415,real_q6xl_tensor_220w_mtp,0,61,11669,209.79,65,1740,9251,3,16
1784679216.415,real_q6xl_tensor_220w_mtp,1,90,11669,214.59,69,1665,9251,3,16
1784679216.415,real_q6xl_tensor_220w_mtp,2,100,11669,212.04,73,1800,9251,3,16
1784679216.415,real_q6xl_tensor_220w_mtp,3,61,11669,211.77,70,1680,9251,3,16
1784679217.010,real_q6xl_tensor_220w_mtp,0,61,11669,206.01,63,1920,9251,3,16
1784679217.010,real_q6xl_tensor_220w_mtp,1,90,11669,208.48,68,1815,9251,3,16
1784679217.010,real_q6xl_tensor_220w_mtp,2,35,11669,204.67,72,1875,9251,3,16
1784679217.010,real_q6xl_tensor_220w_mtp,3,61,11669,209.19,69,1830,9251,3,16
1784679217.577,real_q6xl_tensor_220w_mtp,0,100,11669,199.67,65,1845,9251,3,16
1784679217.577,real_q6xl_tensor_220w_mtp,1,100,11669,203.74,69,1800,9251,3,16
1784679217.577,real_q6xl_tensor_220w_mtp,2,35,11669,201.53,74,1710,9251,3,16
1784679217.577,real_q6xl_tensor_220w_mtp,3,69,11669,201.36,70,1830,9251,3,16
1784679218.181,real_q6xl_tensor_220w_mtp,0,100,11669,203.23,65,1740,9251,3,16
1784679218.181,real_q6xl_tensor_220w_mtp,1,100,11669,210.09,69,1665,9251,3,16
1784679218.181,real_q6xl_tensor_220w_mtp,2,78,11669,209.37,74,1740,9251,3,16
1784679218.181,real_q6xl_tensor_220w_mtp,3,69,11669,214.53,70,1680,9251,3,16
1784679218.775,real_q6xl_tensor_220w_mtp,0,100,11669,213.86,65,1800,9251,3,16
1784679218.775,real_q6xl_tensor_220w_mtp,1,100,11669,214.57,69,1710,9251,3,16
1784679218.775,real_q6xl_tensor_220w_mtp,2,81,11669,214.07,74,1740,9251,3,16
1784679218.775,real_q6xl_tensor_220w_mtp,3,100,11669,215.77,70,1725,9251,3,16
1784679219.350,real_q6xl_tensor_220w_mtp,0,100,11669,195.96,63,1920,9251,3,16
1784679219.350,real_q6xl_tensor_220w_mtp,1,100,11669,204.71,67,1905,9251,3,16
1784679219.350,real_q6xl_tensor_220w_mtp,2,30,11669,202.01,72,1890,9251,3,16
1784679219.350,real_q6xl_tensor_220w_mtp,3,100,11669,201.41,68,1920,9251,3,16
1784679219.927,real_q6xl_tensor_220w_mtp,0,100,11669,195.00,65,1740,9251,3,16
1784679219.927,real_q6xl_tensor_220w_mtp,1,60,11669,199.69,69,1695,9251,3,16
1784679219.927,real_q6xl_tensor_220w_mtp,2,30,11669,197.70,74,1710,9251,3,16
1784679219.927,real_q6xl_tensor_220w_mtp,3,95,11669,200.84,70,1710,9251,3,16
1784679220.527,real_q6xl_tensor_220w_mtp,0,100,11669,212.68,65,1770,9251,3,16
1784679220.527,real_q6xl_tensor_220w_mtp,1,60,11669,214.43,69,1650,9251,3,16
1784679220.527,real_q6xl_tensor_220w_mtp,2,100,11669,213.82,74,1740,9251,3,16
1784679220.527,real_q6xl_tensor_220w_mtp,3,95,11669,215.23,70,1665,9251,3,16
1784679221.127,real_q6xl_tensor_220w_mtp,0,100,11669,212.67,65,1755,9251,3,16
1784679221.127,real_q6xl_tensor_220w_mtp,1,100,11669,214.73,69,1650,9251,3,16
1784679221.127,real_q6xl_tensor_220w_mtp,2,100,11669,213.66,74,1695,9251,3,16
1784679221.127,real_q6xl_tensor_220w_mtp,3,100,11669,215.12,70,1680,9251,3,16
1784679221.727,real_q6xl_tensor_220w_mtp,0,100,11669,194.32,64,1725,9251,3,16
1784679221.727,real_q6xl_tensor_220w_mtp,1,100,11669,200.65,68,1635,9251,3,16
1784679221.727,real_q6xl_tensor_220w_mtp,2,100,11669,196.89,73,1665,9251,3,16
1784679221.727,real_q6xl_tensor_220w_mtp,3,46,11669,200.44,70,1665,9251,3,16
1784679222.304,real_q6xl_tensor_220w_mtp,0,100,11669,194.00,65,1740,9251,3,16
1784679222.304,real_q6xl_tensor_220w_mtp,1,100,11669,200.04,69,1650,9251,3,16
1784679222.304,real_q6xl_tensor_220w_mtp,2,100,11669,197.74,74,1680,9251,3,16
1784679222.304,real_q6xl_tensor_220w_mtp,3,100,11669,200.49,70,1680,9251,3,16
1784679222.879,real_q6xl_tensor_220w_mtp,0,100,11669,212.34,65,1740,9251,3,16
1784679222.879,real_q6xl_tensor_220w_mtp,1,100,11669,214.85,69,1650,9251,3,16
1784679222.879,real_q6xl_tensor_220w_mtp,2,100,11669,213.74,74,1695,9251,3,16
1784679222.879,real_q6xl_tensor_220w_mtp,3,100,11669,214.98,70,1680,9251,3,16
1784679223.478,real_q6xl_tensor_220w_mtp,0,100,11669,212.92,65,1875,9251,3,16
1784679223.478,real_q6xl_tensor_220w_mtp,1,75,11669,212.55,68,1860,9251,3,16
1784679223.478,real_q6xl_tensor_220w_mtp,2,100,11669,210.54,72,1845,9251,3,16
1784679223.478,real_q6xl_tensor_220w_mtp,3,100,11669,208.30,70,1875,9251,3,16
1784679224.073,real_q6xl_tensor_220w_mtp,0,100,11669,194.09,65,1725,9251,3,16
1784679224.073,real_q6xl_tensor_220w_mtp,1,75,11669,199.88,69,1635,9251,3,16
1784679224.073,real_q6xl_tensor_220w_mtp,2,100,11669,198.66,74,1665,9251,3,16
1784679224.073,real_q6xl_tensor_220w_mtp,3,100,11669,203.79,70,1665,9251,3,16
1784679224.668,real_q6xl_tensor_220w_mtp,0,100,11669,199.77,65,1725,9251,3,16
1784679224.668,real_q6xl_tensor_220w_mtp,1,100,11669,207.35,69,1650,9251,3,16
1784679224.668,real_q6xl_tensor_220w_mtp,2,100,11669,204.64,74,1680,9251,3,16
1784679224.668,real_q6xl_tensor_220w_mtp,3,100,11669,206.31,70,1665,9251,3,16
1784679225.258,real_q6xl_tensor_220w_mtp,0,100,11669,209.66,64,1770,9251,3,16
1784679225.258,real_q6xl_tensor_220w_mtp,1,100,11669,211.47,69,1680,9251,3,16
1784679225.258,real_q6xl_tensor_220w_mtp,2,59,11669,210.28,74,1665,9251,3,16
1784679225.258,real_q6xl_tensor_220w_mtp,3,88,11669,212.60,69,1710,9251,3,16
1784679225.862,real_q6xl_tensor_220w_mtp,0,38,11669,205.01,64,1905,9251,3,16
1784679225.862,real_q6xl_tensor_220w_mtp,1,36,11669,209.05,68,1875,9251,3,16
1784679225.862,real_q6xl_tensor_220w_mtp,2,59,11669,205.65,73,1860,9251,3,16
1784679225.862,real_q6xl_tensor_220w_mtp,3,37,11669,208.61,69,1875,9251,3,16
1784679226.431,real_q6xl_tensor_220w_mtp,0,38,11669,196.53,65,1770,9251,3,16
1784679226.431,real_q6xl_tensor_220w_mtp,1,36,11669,201.81,69,1710,9251,3,16
1784679226.431,real_q6xl_tensor_220w_mtp,2,100,11669,199.14,74,1710,9251,3,16
1784679226.431,real_q6xl_tensor_220w_mtp,3,37,11669,202.83,70,1725,9251,3,16
1784679227.006,real_q6xl_tensor_220w_mtp,0,100,11669,202.30,65,1905,9251,3,16
1784679227.006,real_q6xl_tensor_220w_mtp,1,89,11669,208.51,68,1875,9251,3,16
1784679227.006,real_q6xl_tensor_220w_mtp,2,100,11669,204.82,73,1845,9251,3,16
1784679227.006,real_q6xl_tensor_220w_mtp,3,58,11669,208.10,70,1890,9251,3,16
1784679227.580,real_q6xl_tensor_220w_mtp,0,100,11669,208.45,64,1740,9251,3,16
1784679227.580,real_q6xl_tensor_220w_mtp,1,89,11669,211.71,69,1650,9251,3,16
1784679227.580,real_q6xl_tensor_220w_mtp,2,81,11669,210.63,74,1680,9251,3,16
1784679227.580,real_q6xl_tensor_220w_mtp,3,58,11669,216.09,70,1680,9251,3,16
1784679228.175,real_q6xl_tensor_220w_mtp,0,34,11669,204.05,64,1920,9251,3,16
1784679228.175,real_q6xl_tensor_220w_mtp,1,38,11669,204.77,68,1905,9251,3,16
1784679228.175,real_q6xl_tensor_220w_mtp,2,81,11669,201.54,73,1860,9251,3,16
1784679228.175,real_q6xl_tensor_220w_mtp,3,32,11669,207.99,69,1920,9251,3,16
1784679228.744,real_q6xl_tensor_220w_mtp,0,100,11669,196.70,65,1845,9251,3,16
1784679228.744,real_q6xl_tensor_220w_mtp,1,86,11669,197.90,69,1845,9251,3,16
1784679228.744,real_q6xl_tensor_220w_mtp,2,100,11669,194.95,74,1785,9251,3,16
1784679228.744,real_q6xl_tensor_220w_mtp,3,100,11669,201.85,70,1800,9251,3,16
1784679229.334,real_q6xl_tensor_220w_mtp,0,60,11669,206.77,64,1770,9251,3,16
1784679229.334,real_q6xl_tensor_220w_mtp,1,92,11669,213.63,68,1620,9251,3,16
1784679229.334,real_q6xl_tensor_220w_mtp,2,100,11669,213.63,73,1695,9251,3,16
1784679229.334,real_q6xl_tensor_220w_mtp,3,58,11669,210.73,70,1665,9251,3,16
1784679229.938,real_q6xl_tensor_220w_mtp,0,60,11669,211.61,65,1770,9251,3,16
1784679229.938,real_q6xl_tensor_220w_mtp,1,92,11669,215.07,69,1620,9251,3,16
1784679229.938,real_q6xl_tensor_220w_mtp,2,100,11669,213.96,74,1680,9251,3,16
1784679229.938,real_q6xl_tensor_220w_mtp,3,58,11669,214.80,70,1665,9251,3,16
1784679230.514,real_q6xl_tensor_220w_mtp,0,34,11669,202.34,63,1920,9251,3,16
1784679230.514,real_q6xl_tensor_220w_mtp,1,39,11669,205.61,68,1875,9251,3,16
1784679230.514,real_q6xl_tensor_220w_mtp,2,100,11669,201.28,72,1890,9251,3,16
1784679230.514,real_q6xl_tensor_220w_mtp,3,20,11669,201.14,68,1890,9251,3,16
1784679231.082,real_q6xl_tensor_220w_mtp,0,34,11669,195.34,63,1905,9251,3,16
1784679231.082,real_q6xl_tensor_220w_mtp,1,39,11669,196.95,68,1770,9251,3,16
1784679231.082,real_q6xl_tensor_220w_mtp,2,57,11669,194.54,74,1860,9251,3,16
1784679231.082,real_q6xl_tensor_220w_mtp,3,20,11669,201.71,69,1770,9251,3,16
1784679231.656,real_q6xl_tensor_220w_mtp,0,62,11669,209.55,65,1710,9251,3,16
1784679231.656,real_q6xl_tensor_220w_mtp,1,100,11669,215.55,68,1620,9251,3,16
1784679231.656,real_q6xl_tensor_220w_mtp,2,57,11669,215.59,74,1695,9251,3,16
1784679231.656,real_q6xl_tensor_220w_mtp,3,63,11669,212.60,70,1650,9251,3,16
1784679232.232,real_q6xl_tensor_220w_mtp,0,62,11669,211.82,65,1740,9251,3,16
1784679232.232,real_q6xl_tensor_220w_mtp,1,100,11669,215.11,69,1620,9251,3,16
1784679232.232,real_q6xl_tensor_220w_mtp,2,100,11669,214.60,74,1740,9251,3,16
1784679232.232,real_q6xl_tensor_220w_mtp,3,83,11669,213.88,70,1650,9251,3,16
1784679232.807,real_q6xl_tensor_220w_mtp,0,20,11669,194.94,62,1920,9251,3,16
1784679232.807,real_q6xl_tensor_220w_mtp,1,38,11669,204.93,67,1905,9251,3,16
1784679232.807,real_q6xl_tensor_220w_mtp,2,100,11669,200.75,72,1890,9251,3,16
1784679232.807,real_q6xl_tensor_220w_mtp,3,19,11669,200.65,68,1920,9251,3,16
1784679233.414,real_q6xl_tensor_220w_mtp,0,20,11669,193.20,64,1710,9251,3,16
1784679233.414,real_q6xl_tensor_220w_mtp,1,38,11669,196.78,68,1635,9251,3,16
1784679233.414,real_q6xl_tensor_220w_mtp,2,56,11669,194.52,73,1650,9251,3,16
1784679233.414,real_q6xl_tensor_220w_mtp,3,19,11669,199.01,69,1650,9251,3,16
1784679234.017,real_q6xl_tensor_220w_mtp,0,100,11669,211.41,65,1785,9251,3,16
1784679234.017,real_q6xl_tensor_220w_mtp,1,99,11669,215.71,69,1650,9251,3,16
1784679234.017,real_q6xl_tensor_220w_mtp,2,56,11669,214.94,74,1695,9251,3,16
1784679234.017,real_q6xl_tensor_220w_mtp,3,100,11669,214.20,70,1680,9251,3,16
1784679234.616,real_q6xl_tensor_220w_mtp,0,100,11669,212.48,65,1725,9251,3,16
1784679234.616,real_q6xl_tensor_220w_mtp,1,99,11669,214.84,69,1635,9251,3,16
1784679234.616,real_q6xl_tensor_220w_mtp,2,100,11669,211.69,74,1665,9251,3,16
1784679234.616,real_q6xl_tensor_220w_mtp,3,100,11669,215.14,70,1665,9251,3,16
1784679235.208,real_q6xl_tensor_220w_mtp,0,49,11669,191.67,64,1710,9251,3,16
1784679235.208,real_q6xl_tensor_220w_mtp,1,20,11669,197.11,66,1635,9251,3,16
1784679235.208,real_q6xl_tensor_220w_mtp,2,39,11669,193.35,72,1650,9251,3,16
1784679235.208,real_q6xl_tensor_220w_mtp,3,43,11669,197.36,69,1650,9251,3,16
1784679235.824,real_q6xl_tensor_220w_mtp,0,100,11669,191.27,64,1725,9251,3,16
1784679235.824,real_q6xl_tensor_220w_mtp,1,20,11669,197.51,69,1620,9251,3,16
1784679235.824,real_q6xl_tensor_220w_mtp,2,90,11669,194.75,74,1725,9251,3,16
1784679235.824,real_q6xl_tensor_220w_mtp,3,43,11669,197.12,70,1665,9251,3,16
1784679236.400,real_q6xl_tensor_220w_mtp,0,100,11669,210.63,65,1755,9251,3,16
1784679236.400,real_q6xl_tensor_220w_mtp,1,100,11669,214.24,69,1710,9251,3,16
1784679236.400,real_q6xl_tensor_220w_mtp,2,90,11669,212.16,74,1725,9251,3,16
1784679236.400,real_q6xl_tensor_220w_mtp,3,100,11669,214.43,70,1710,9251,3,16
1784679236.975,real_q6xl_tensor_220w_mtp,0,100,11669,210.58,65,1740,9251,3,16
1784679236.975,real_q6xl_tensor_220w_mtp,1,100,11669,214.17,69,1635,9251,3,16
1784679236.975,real_q6xl_tensor_220w_mtp,2,100,11669,212.20,74,1680,9251,3,16
1784679236.975,real_q6xl_tensor_220w_mtp,3,100,11669,214.21,70,1710,9251,3,16
1784679237.550,real_q6xl_tensor_220w_mtp,0,100,11669,187.80,63,1770,9251,3,16
1784679237.550,real_q6xl_tensor_220w_mtp,1,20,11669,197.24,67,1590,9251,3,16
1784679237.550,real_q6xl_tensor_220w_mtp,2,100,11669,194.84,71,1860,9251,3,16
1784679237.550,real_q6xl_tensor_220w_mtp,3,9,11669,195.52,67,1620,9251,3,16
1784679238.127,real_q6xl_tensor_220w_mtp,0,97,11669,190.59,64,1725,9251,3,16
1784679238.127,real_q6xl_tensor_220w_mtp,1,20,11669,196.91,69,1665,9251,3,16
1784679238.127,real_q6xl_tensor_220w_mtp,2,59,11669,192.77,74,1680,9251,3,16
1784679238.127,real_q6xl_tensor_220w_mtp,3,9,11669,198.01,70,1695,9251,3,16
1784679238.703,real_q6xl_tensor_220w_mtp,0,97,11669,213.29,65,1725,9251,3,16
1784679238.703,real_q6xl_tensor_220w_mtp,1,100,11669,213.63,69,1620,9251,3,16
1784679238.703,real_q6xl_tensor_220w_mtp,2,59,11669,211.89,74,1665,9251,3,16
1784679238.703,real_q6xl_tensor_220w_mtp,3,100,11669,215.16,70,1650,9251,3,16
1784679239.279,real_q6xl_tensor_220w_mtp,0,100,11669,211.12,65,1770,9251,3,16
1784679239.279,real_q6xl_tensor_220w_mtp,1,78,11669,214.26,69,1695,9251,3,16
1784679239.279,real_q6xl_tensor_220w_mtp,2,100,11669,212.12,74,1740,9251,3,16
1784679239.279,real_q6xl_tensor_220w_mtp,3,92,11669,214.42,70,1710,9251,3,16
1784679239.855,real_q6xl_tensor_220w_mtp,0,100,11669,194.57,62,1920,9251,3,16
1784679239.855,real_q6xl_tensor_220w_mtp,1,39,11669,194.53,68,1905,9251,3,16
1784679239.855,real_q6xl_tensor_220w_mtp,2,100,11669,201.21,72,1890,9251,3,16
1784679239.855,real_q6xl_tensor_220w_mtp,3,20,11669,198.98,67,1920,9251,3,16
1784679240.427,real_q6xl_tensor_220w_mtp,0,53,11669,190.25,65,1725,9251,3,16
1784679240.427,real_q6xl_tensor_220w_mtp,1,39,11669,195.38,67,1680,9251,3,16
1784679240.427,real_q6xl_tensor_220w_mtp,2,57,11669,194.00,72,1665,9251,3,16
1784679240.427,real_q6xl_tensor_220w_mtp,3,20,11669,196.53,69,1710,9251,3,16
1784679241.004,real_q6xl_tensor_220w_mtp,0,53,11669,208.08,64,1710,9251,3,16
1784679241.004,real_q6xl_tensor_220w_mtp,1,75,11669,214.66,69,1620,9251,3,16
1784679241.004,real_q6xl_tensor_220w_mtp,2,57,11669,214.25,73,1680,9251,3,16
1784679241.004,real_q6xl_tensor_220w_mtp,3,100,11669,213.37,70,1650,9251,3,16
1784679241.581,real_q6xl_tensor_220w_mtp,0,100,11669,211.47,65,1710,9251,3,16
1784679241.581,real_q6xl_tensor_220w_mtp,1,75,11669,213.04,69,1635,9251,3,16
1784679241.581,real_q6xl_tensor_220w_mtp,2,100,11669,212.49,74,1650,9251,3,16
1784679241.581,real_q6xl_tensor_220w_mtp,3,100,11669,214.04,70,1650,9251,3,16
1784679242.173,real_q6xl_tensor_220w_mtp,0,100,11669,197.72,63,1905,9251,3,16
1784679242.173,real_q6xl_tensor_220w_mtp,1,27,11669,202.28,67,1905,9251,3,16
1784679242.173,real_q6xl_tensor_220w_mtp,2,100,11669,195.77,71,1875,9251,3,16
1784679242.173,real_q6xl_tensor_220w_mtp,3,29,11669,198.62,69,1920,9251,3,16
1784679242.765,real_q6xl_tensor_220w_mtp,0,84,11669,191.97,64,1875,9251,3,16
1784679242.765,real_q6xl_tensor_220w_mtp,1,77,11669,196.82,68,1575,9251,3,16
1784679242.765,real_q6xl_tensor_220w_mtp,2,54,11669,190.35,74,1875,9251,3,16
1784679242.765,real_q6xl_tensor_220w_mtp,3,100,11669,200.91,68,1605,9251,3,16
1784679243.365,real_q6xl_tensor_220w_mtp,0,84,11669,191.97,64,1875,9251,3,16
1784679243.365,real_q6xl_tensor_220w_mtp,1,100,11669,198.95,69,1605,9251,3,16
1784679243.365,real_q6xl_tensor_220w_mtp,2,54,11669,191.66,73,1665,9251,3,16
1784679243.365,real_q6xl_tensor_220w_mtp,3,100,11669,207.02,70,1635,9251,3,16
1784679243.975,real_q6xl_tensor_220w_mtp,0,100,11669,210.89,65,1725,9251,3,16
1784679243.975,real_q6xl_tensor_220w_mtp,1,89,11669,213.62,69,1620,9251,3,16
1784679243.975,real_q6xl_tensor_220w_mtp,2,100,11669,211.50,74,1650,9251,3,16
1784679243.975,real_q6xl_tensor_220w_mtp,3,77,11669,214.05,70,1635,9251,3,16
1784679244.553,real_q6xl_tensor_220w_mtp,0,100,11669,196.20,63,1890,9251,3,16
1784679244.553,real_q6xl_tensor_220w_mtp,1,26,11669,200.34,68,1875,9251,3,16
1784679244.553,real_q6xl_tensor_220w_mtp,2,100,11669,195.89,72,1845,9251,3,16
1784679244.553,real_q6xl_tensor_220w_mtp,3,27,11669,201.45,69,1845,9251,3,16
1784679245.151,real_q6xl_tensor_220w_mtp,0,93,11669,191.32,64,1875,9251,3,16
1784679245.151,real_q6xl_tensor_220w_mtp,1,26,11669,192.98,69,1830,9251,3,16
1784679245.151,real_q6xl_tensor_220w_mtp,2,100,11669,195.88,74,1845,9251,3,16
1784679245.151,real_q6xl_tensor_220w_mtp,3,27,11669,197.87,69,1860,9251,3,16
1784679245.727,real_q6xl_tensor_220w_mtp,0,78,11669,209.80,64,1725,9251,3,16
1784679245.727,real_q6xl_tensor_220w_mtp,1,69,11669,207.83,68,1620,9251,3,16
1784679245.727,real_q6xl_tensor_220w_mtp,2,79,11669,206.69,73,1650,9251,3,16
1784679245.727,real_q6xl_tensor_220w_mtp,3,54,11669,213.02,69,1665,9251,3,16
1784679246.322,real_q6xl_tensor_220w_mtp,0,100,11669,210.34,65,1725,9251,3,16
1784679246.322,real_q6xl_tensor_220w_mtp,1,69,11669,213.02,69,1620,9251,3,16
1784679246.322,real_q6xl_tensor_220w_mtp,2,100,11669,212.49,74,1650,9251,3,16
1784679246.322,real_q6xl_tensor_220w_mtp,3,54,11669,212.78,70,1650,9251,3,16
1784679247.050,real_q6xl_tensor_220w_mtp,0,100,11669,190.83,62,1920,9251,3,16
1784679247.050,real_q6xl_tensor_220w_mtp,1,18,11669,193.48,67,1905,9251,3,16
1784679247.050,real_q6xl_tensor_220w_mtp,2,100,11669,191.79,72,1890,9251,3,16
1784679247.050,real_q6xl_tensor_220w_mtp,3,21,11669,196.46,67,1920,9251,3,16
1784679247.643,real_q6xl_tensor_220w_mtp,0,55,11669,187.55,64,1695,9251,3,16
1784679247.643,real_q6xl_tensor_220w_mtp,1,18,11669,195.28,67,1590,9251,3,16
1784679247.643,real_q6xl_tensor_220w_mtp,2,99,11669,191.69,72,1665,9251,3,16
1784679247.643,real_q6xl_tensor_220w_mtp,3,21,11669,195.66,69,1620,9251,3,16
1784679248.245,real_q6xl_tensor_220w_mtp,0,77,11669,209.37,65,1710,9251,3,16
1784679248.245,real_q6xl_tensor_220w_mtp,1,67,11669,212.51,69,1590,9251,3,16
1784679248.245,real_q6xl_tensor_220w_mtp,2,88,11669,211.61,73,1665,9251,3,16
1784679248.245,real_q6xl_tensor_220w_mtp,3,100,11669,212.45,69,1620,9251,3,16
1784679248.825,real_q6xl_tensor_220w_mtp,0,100,11669,209.88,65,1770,9251,3,16
1784679248.825,real_q6xl_tensor_220w_mtp,1,67,11669,212.45,69,1635,9251,3,16
1784679248.825,real_q6xl_tensor_220w_mtp,2,100,11669,211.09,74,1710,9251,3,16
1784679248.825,real_q6xl_tensor_220w_mtp,3,100,11669,212.43,70,1665,9251,3,16
1784679249.432,real_q6xl_tensor_220w_mtp,0,100,11669,192.45,62,1920,9251,3,16
1784679249.432,real_q6xl_tensor_220w_mtp,1,31,11669,193.65,68,1890,9251,3,16
1784679249.432,real_q6xl_tensor_220w_mtp,2,100,11669,199.38,72,1875,9251,3,16
1784679249.432,real_q6xl_tensor_220w_mtp,3,22,11669,199.17,68,1905,9251,3,16
1784679250.018,real_q6xl_tensor_220w_mtp,0,49,11669,185.08,65,1905,9251,3,16
1784679250.018,real_q6xl_tensor_220w_mtp,1,31,11669,197.09,68,1590,9251,3,16
1784679250.018,real_q6xl_tensor_220w_mtp,2,81,11669,193.02,72,1875,9251,3,16
1784679250.018,real_q6xl_tensor_220w_mtp,3,22,11669,194.23,69,1605,9251,3,16
1784679250.611,real_q6xl_tensor_220w_mtp,0,49,11669,209.42,63,1725,9251,3,16
1784679250.611,real_q6xl_tensor_220w_mtp,1,54,11669,211.97,69,1605,9251,3,16
1784679250.611,real_q6xl_tensor_220w_mtp,2,81,11669,211.36,74,1710,9251,3,16
1784679250.611,real_q6xl_tensor_220w_mtp,3,84,11669,213.53,69,1635,9251,3,16
1784679251.198,real_q6xl_tensor_220w_mtp,0,100,11669,210.78,65,1725,9251,3,16
1784679251.198,real_q6xl_tensor_220w_mtp,1,54,11669,212.95,69,1665,9251,3,16
1784679251.198,real_q6xl_tensor_220w_mtp,2,100,11669,210.86,73,1635,9251,3,16
1784679251.198,real_q6xl_tensor_220w_mtp,3,84,11669,213.71,70,1680,9251,3,16
1784679251.794,real_q6xl_tensor_220w_mtp,0,35,11669,201.89,63,1860,9251,3,16
1784679251.794,real_q6xl_tensor_220w_mtp,1,34,11669,204.93,67,1860,9251,3,16
1784679251.794,real_q6xl_tensor_220w_mtp,2,45,11669,200.10,72,1845,9251,3,16
1784679251.794,real_q6xl_tensor_220w_mtp,3,36,11669,201.62,68,1875,9251,3,16
1784679252.370,real_q6xl_tensor_220w_mtp,0,100,11669,191.15,64,1695,9251,3,16
1784679252.370,real_q6xl_tensor_220w_mtp,1,34,11669,197.10,69,1635,9251,3,16
1784679252.370,real_q6xl_tensor_220w_mtp,2,100,11669,193.89,73,1620,9251,3,16
1784679252.370,real_q6xl_tensor_220w_mtp,3,94,11669,198.02,70,1650,9251,3,16
1784679252.966,real_q6xl_tensor_220w_mtp,0,100,11669,205.08,65,1890,9251,3,16
1784679252.966,real_q6xl_tensor_220w_mtp,1,81,11669,209.36,68,1860,9251,3,16
1784679252.966,real_q6xl_tensor_220w_mtp,2,100,11669,207.10,72,1830,9251,3,16
1784679252.966,real_q6xl_tensor_220w_mtp,3,94,11669,211.98,70,1875,9251,3,16
1784679253.567,real_q6xl_tensor_220w_mtp,0,54,11669,205.63,63,1695,9251,3,16
1784679253.567,real_q6xl_tensor_220w_mtp,1,81,11669,214.00,68,1590,9251,3,16
1784679253.567,real_q6xl_tensor_220w_mtp,2,62,11669,212.68,73,1620,9251,3,16
1784679253.567,real_q6xl_tensor_220w_mtp,3,59,11669,208.89,69,1650,9251,3,16
1784679254.143,real_q6xl_tensor_220w_mtp,0,54,11669,205.22,63,1905,9251,3,16
1784679254.143,real_q6xl_tensor_220w_mtp,1,31,11669,203.80,67,1890,9251,3,16
1784679254.143,real_q6xl_tensor_220w_mtp,2,62,11669,202.87,72,1860,9251,3,16
1784679254.143,real_q6xl_tensor_220w_mtp,3,59,11669,210.02,68,1905,9251,3,16
1784679254.738,real_q6xl_tensor_220w_mtp,0,100,11669,187.17,64,1725,9251,3,16
1784679254.738,real_q6xl_tensor_220w_mtp,1,70,11669,193.89,68,1665,9251,3,16
1784679254.738,real_q6xl_tensor_220w_mtp,2,100,11669,189.90,73,1665,9251,3,16
1784679254.738,real_q6xl_tensor_220w_mtp,3,100,11669,195.62,69,1695,9251,3,16
1784679255.314,real_q6xl_tensor_220w_mtp,0,100,11669,200.12,65,1740,9251,3,16
1784679255.314,real_q6xl_tensor_220w_mtp,1,100,11669,202.46,69,1605,9251,3,16
1784679255.314,real_q6xl_tensor_220w_mtp,2,100,11669,198.79,73,1725,9251,3,16
1784679255.314,real_q6xl_tensor_220w_mtp,3,100,11669,206.17,70,1635,9251,3,16
1784679255.914,real_q6xl_tensor_220w_mtp,0,100,11669,210.08,64,1695,9251,3,16
1784679255.914,real_q6xl_tensor_220w_mtp,1,100,11669,212.97,69,1605,9251,3,16
1784679255.914,real_q6xl_tensor_220w_mtp,2,100,11669,209.43,74,1650,9251,3,16
1784679255.914,real_q6xl_tensor_220w_mtp,3,100,11669,212.74,70,1620,9251,3,16
1784679256.519,real_q6xl_tensor_220w_mtp,0,100,11669,208.46,65,1800,9251,3,16
1784679256.519,real_q6xl_tensor_220w_mtp,1,100,11669,212.26,69,1770,9251,3,16
1784679256.519,real_q6xl_tensor_220w_mtp,2,100,11669,210.10,74,1635,9251,3,16
1784679256.519,real_q6xl_tensor_220w_mtp,3,100,11669,211.92,70,1800,9251,3,16
1784679257.086,real_q6xl_tensor_220w_mtp,0,100,11669,185.93,64,1770,9251,3,16
1784679257.086,real_q6xl_tensor_220w_mtp,1,100,11669,192.83,68,1680,9251,3,16
1784679257.086,real_q6xl_tensor_220w_mtp,2,100,11669,190.07,73,1710,9251,3,16
1784679257.086,real_q6xl_tensor_220w_mtp,3,99,11669,198.14,69,1710,9251,3,16
1784679257.661,real_q6xl_tensor_220w_mtp,0,100,11669,187.77,64,1695,9251,3,16
1784679257.661,real_q6xl_tensor_220w_mtp,1,100,11669,198.98,69,1575,9251,3,16
1784679257.661,real_q6xl_tensor_220w_mtp,2,100,11669,196.17,73,1620,9251,3,16
1784679257.661,real_q6xl_tensor_220w_mtp,3,99,11669,195.41,69,1620,9251,3,16
1784679258.236,real_q6xl_tensor_220w_mtp,0,100,11669,210.20,64,1740,9251,3,16
1784679258.236,real_q6xl_tensor_220w_mtp,1,100,11669,212.29,69,1620,9251,3,16
1784679258.236,real_q6xl_tensor_220w_mtp,2,100,11669,211.04,74,1710,9251,3,16
1784679258.236,real_q6xl_tensor_220w_mtp,3,100,11669,213.08,69,1635,9251,3,16
1784679258.811,real_q6xl_tensor_220w_mtp,0,100,11669,209.15,64,1680,9251,3,16
1784679258.811,real_q6xl_tensor_220w_mtp,1,100,11669,211.77,69,1590,9251,3,16
1784679258.811,real_q6xl_tensor_220w_mtp,2,100,11669,210.70,74,1695,9251,3,16
1784679258.811,real_q6xl_tensor_220w_mtp,3,100,11669,211.86,70,1620,9251,3,16
1784679259.386,real_q6xl_tensor_220w_mtp,0,32,11669,192.03,62,1920,9251,3,16
1784679259.386,real_q6xl_tensor_220w_mtp,1,17,11669,194.83,66,1905,9251,3,16
1784679259.386,real_q6xl_tensor_220w_mtp,2,15,11669,189.56,71,1890,9251,3,16
1784679259.386,real_q6xl_tensor_220w_mtp,3,36,11669,199.28,68,1920,9251,3,16
1784679259.954,real_q6xl_tensor_220w_mtp,0,32,11669,186.66,63,1920,9251,3,16
1784679259.954,real_q6xl_tensor_220w_mtp,1,17,11669,191.91,69,1890,9251,3,16
1784679259.954,real_q6xl_tensor_220w_mtp,2,15,11669,187.32,73,1860,9251,3,16
1784679259.954,real_q6xl_tensor_220w_mtp,3,36,11669,195.30,68,1905,9251,3,16
1784679260.529,real_q6xl_tensor_220w_mtp,0,52,11669,211.55,65,1680,9251,3,16
1784679260.529,real_q6xl_tensor_220w_mtp,1,74,11669,211.02,67,1560,9251,3,16
1784679260.529,real_q6xl_tensor_220w_mtp,2,62,11669,207.43,72,1605,9251,3,16
1784679260.529,real_q6xl_tensor_220w_mtp,3,50,11669,215.01,70,1605,9251,3,16
1784679261.106,real_q6xl_tensor_220w_mtp,0,52,11669,210.80,63,1755,9251,3,16
1784679261.106,real_q6xl_tensor_220w_mtp,1,74,11669,214.52,69,1665,9251,3,16
1784679261.106,real_q6xl_tensor_220w_mtp,2,62,11669,210.79,73,1695,9251,3,16
1784679261.106,real_q6xl_tensor_220w_mtp,3,50,11669,212.17,68,1695,9251,3,16
1784679261.679,real_q6xl_tensor_220w_mtp,0,25,11669,205.40,63,1860,9251,3,16
1784679261.679,real_q6xl_tensor_220w_mtp,1,34,11669,204.57,68,1800,9251,3,16
1784679261.679,real_q6xl_tensor_220w_mtp,2,44,11669,204.68,72,1740,9251,3,16
1784679261.679,real_q6xl_tensor_220w_mtp,3,25,11669,203.13,68,1830,9251,3,16
1784679262.267,real_q6xl_tensor_220w_mtp,0,95,11669,188.92,64,1665,9251,3,16
1784679262.267,real_q6xl_tensor_220w_mtp,1,100,11669,195.76,68,1635,9251,3,16
1784679262.267,real_q6xl_tensor_220w_mtp,2,100,11669,191.51,73,1620,9251,3,16
1784679262.267,real_q6xl_tensor_220w_mtp,3,100,11669,195.88,69,1635,9251,3,16
1784679262.846,real_q6xl_tensor_220w_mtp,0,100,11669,200.04,65,1695,9251,3,16
1784679262.846,real_q6xl_tensor_220w_mtp,1,100,11669,206.85,69,1590,9251,3,16
1784679262.846,real_q6xl_tensor_220w_mtp,2,100,11669,203.45,73,1635,9251,3,16
1784679262.846,real_q6xl_tensor_220w_mtp,3,100,11669,205.62,70,1635,9251,3,16
1784679263.441,real_q6xl_tensor_220w_mtp,0,100,11669,208.26,65,1695,9251,3,16
1784679263.441,real_q6xl_tensor_220w_mtp,1,100,11669,213.20,69,1605,9251,3,16
1784679263.441,real_q6xl_tensor_220w_mtp,2,100,11669,210.11,74,1620,9251,3,16
1784679263.441,real_q6xl_tensor_220w_mtp,3,100,11669,213.00,69,1635,9251,3,16
1784679264.016,real_q6xl_tensor_220w_mtp,0,100,11669,208.40,65,1755,9251,3,16
1784679264.016,real_q6xl_tensor_220w_mtp,1,100,11669,211.85,69,1680,9251,3,16
1784679264.016,real_q6xl_tensor_220w_mtp,2,100,11669,210.40,74,1680,9251,3,16
1784679264.016,real_q6xl_tensor_220w_mtp,3,100,11669,212.70,70,1680,9251,3,16
1784679264.587,real_q6xl_tensor_220w_mtp,0,100,11669,186.85,64,1680,9251,3,16
1784679264.587,real_q6xl_tensor_220w_mtp,1,100,11669,192.83,68,1590,9251,3,16
1784679264.587,real_q6xl_tensor_220w_mtp,2,100,11669,187.69,73,1650,9251,3,16
1784679264.587,real_q6xl_tensor_220w_mtp,3,100,11669,195.79,69,1605,9251,3,16
1784679265.186,real_q6xl_tensor_220w_mtp,0,100,11669,193.44,64,1650,9251,3,16
1784679265.186,real_q6xl_tensor_220w_mtp,1,100,11669,195.58,69,1575,9251,3,16
1784679265.186,real_q6xl_tensor_220w_mtp,2,100,11669,191.04,73,1665,9251,3,16
1784679265.186,real_q6xl_tensor_220w_mtp,3,100,11669,201.30,70,1605,9251,3,16
1784679265.788,real_q6xl_tensor_220w_mtp,0,84,11669,209.49,64,1680,9251,3,16
1784679265.788,real_q6xl_tensor_220w_mtp,1,100,11669,213.34,69,1590,9251,3,16
1784679265.788,real_q6xl_tensor_220w_mtp,2,75,11669,208.90,73,1635,9251,3,16
1784679265.788,real_q6xl_tensor_220w_mtp,3,100,11669,212.96,70,1605,9251,3,16
1784679266.388,real_q6xl_tensor_220w_mtp,0,100,11669,207.64,65,1725,9251,3,16
1784679266.388,real_q6xl_tensor_220w_mtp,1,100,11669,211.54,69,1590,9251,3,16
1784679266.388,real_q6xl_tensor_220w_mtp,2,100,11669,209.29,73,1635,9251,3,16
1784679266.388,real_q6xl_tensor_220w_mtp,3,100,11669,211.75,69,1590,9251,3,16
1784679266.963,real_q6xl_tensor_220w_mtp,0,100,11669,191.79,62,1920,9251,3,16
1784679266.963,real_q6xl_tensor_220w_mtp,1,100,11669,193.94,67,1890,9251,3,16
1784679266.963,real_q6xl_tensor_220w_mtp,2,100,11669,189.45,71,1890,9251,3,16
1784679266.963,real_q6xl_tensor_220w_mtp,3,100,11669,198.79,68,1905,9251,3,16
1784679267.532,real_q6xl_tensor_220w_mtp,0,96,11669,187.99,64,1815,9251,3,16
1784679267.532,real_q6xl_tensor_220w_mtp,1,100,11669,195.08,69,1830,9251,3,16
1784679267.532,real_q6xl_tensor_220w_mtp,2,100,11669,191.63,73,1770,9251,3,16
1784679267.532,real_q6xl_tensor_220w_mtp,3,92,11669,195.03,69,1770,9251,3,16
1784679268.095,real_q6xl_tensor_220w_mtp,0,96,11669,206.12,65,1890,9251,3,16
1784679268.095,real_q6xl_tensor_220w_mtp,1,100,11669,212.57,68,1860,9251,3,16
1784679268.095,real_q6xl_tensor_220w_mtp,2,100,11669,210.13,72,1770,9251,3,16
1784679268.095,real_q6xl_tensor_220w_mtp,3,92,11669,211.71,69,1875,9251,3,16
1784679268.667,real_q6xl_tensor_220w_mtp,0,93,11669,208.82,64,1890,9251,3,16
1784679268.667,real_q6xl_tensor_220w_mtp,1,49,11669,211.66,69,1875,9251,3,16
1784679268.667,real_q6xl_tensor_220w_mtp,2,49,11669,209.21,74,1860,9251,3,16
1784679268.667,real_q6xl_tensor_220w_mtp,3,87,11669,211.79,68,1890,9251,3,16
1784679269.241,real_q6xl_tensor_220w_mtp,0,100,11669,208.62,63,1785,9251,3,16
1784679269.241,real_q6xl_tensor_220w_mtp,1,94,11669,208.37,68,1665,9251,3,16
1784679269.241,real_q6xl_tensor_220w_mtp,2,51,11669,204.55,72,1725,9251,3,16
1784679269.241,real_q6xl_tensor_220w_mtp,3,69,11669,211.41,68,1710,9251,3,16
1784679269.832,real_q6xl_tensor_220w_mtp,0,100,11669,187.17,64,1680,9251,3,16
1784679269.832,real_q6xl_tensor_220w_mtp,1,100,11669,195.83,68,1575,9251,3,16
1784679269.832,real_q6xl_tensor_220w_mtp,2,100,11669,192.11,73,1620,9251,3,16
1784679269.832,real_q6xl_tensor_220w_mtp,3,100,11669,195.93,69,1620,9251,3,16
1784679270.407,real_q6xl_tensor_220w_mtp,0,100,11669,196.36,64,1740,9251,3,16
1784679270.407,real_q6xl_tensor_220w_mtp,1,100,11669,196.70,69,1605,9251,3,16
1784679270.407,real_q6xl_tensor_220w_mtp,2,100,11669,193.82,73,1710,9251,3,16
1784679270.407,real_q6xl_tensor_220w_mtp,3,100,11669,203.26,69,1620,9251,3,16
1784679271.007,real_q6xl_tensor_220w_mtp,0,100,11669,208.29,65,1680,9251,3,16
1784679271.007,real_q6xl_tensor_220w_mtp,1,100,11669,211.06,69,1620,9251,3,16
1784679271.007,real_q6xl_tensor_220w_mtp,2,100,11669,209.37,74,1620,9251,3,16
1784679271.007,real_q6xl_tensor_220w_mtp,3,100,11669,211.34,69,1635,9251,3,16
1784679271.583,real_q6xl_tensor_220w_mtp,0,100,11669,208.84,64,1680,9251,3,16
1784679271.583,real_q6xl_tensor_220w_mtp,1,100,11669,211.96,69,1590,9251,3,16
1784679271.583,real_q6xl_tensor_220w_mtp,2,100,11669,209.64,73,1620,9251,3,16
1784679271.583,real_q6xl_tensor_220w_mtp,3,100,11669,212.05,70,1590,9251,3,16
1784679272.158,real_q6xl_tensor_220w_mtp,0,14,11669,188.04,62,1920,9251,3,16
1784679272.158,real_q6xl_tensor_220w_mtp,1,11,11669,190.03,68,1905,9251,3,16
1784679272.158,real_q6xl_tensor_220w_mtp,2,12,11669,184.59,71,1875,9251,3,16
1784679272.158,real_q6xl_tensor_220w_mtp,3,23,11669,194.78,67,1920,9251,3,16
1784679272.728,real_q6xl_tensor_220w_mtp,0,14,11669,183.11,65,1890,9251,3,16
1784679272.728,real_q6xl_tensor_220w_mtp,1,11,11669,193.32,68,1890,9251,3,16
1784679272.728,real_q6xl_tensor_220w_mtp,2,99,11669,190.49,73,1845,9251,3,16
1784679272.728,real_q6xl_tensor_220w_mtp,3,100,11669,190.83,68,1905,9251,3,16
1784679273.304,real_q6xl_tensor_220w_mtp,0,100,11669,207.73,64,1905,9251,3,16
1784679273.304,real_q6xl_tensor_220w_mtp,1,74,11669,211.57,67,1515,9251,3,16
1784679273.304,real_q6xl_tensor_220w_mtp,2,63,11669,210.47,72,1875,9251,3,16
1784679273.304,real_q6xl_tensor_220w_mtp,3,47,11669,210.43,69,1905,9251,3,16
1784679273.882,real_q6xl_tensor_220w_mtp,0,100,11669,208.57,63,1650,9251,3,16
1784679273.882,real_q6xl_tensor_220w_mtp,1,74,11669,209.73,68,1530,9251,3,16
1784679273.882,real_q6xl_tensor_220w_mtp,2,63,11669,208.65,73,1605,9251,3,16
1784679273.882,real_q6xl_tensor_220w_mtp,3,47,11669,211.45,68,1575,9251,3,16
1784679274.457,real_q6xl_tensor_220w_mtp,0,26,11669,204.93,63,1905,9251,3,16
1784679274.457,real_q6xl_tensor_220w_mtp,1,27,11669,206.98,67,1845,9251,3,16
1784679274.457,real_q6xl_tensor_220w_mtp,2,27,11669,203.31,72,1890,9251,3,16
1784679274.457,real_q6xl_tensor_220w_mtp,3,21,11669,208.91,68,1875,9251,3,16
1784679275.044,real_q6xl_tensor_220w_mtp,0,26,11669,186.46,64,1680,9251,3,16
1784679275.044,real_q6xl_tensor_220w_mtp,1,27,11669,193.08,68,1590,9251,3,16
1784679275.044,real_q6xl_tensor_220w_mtp,2,27,11669,189.61,73,1620,9251,3,16
1784679275.044,real_q6xl_tensor_220w_mtp,3,21,11669,195.00,69,1620,9251,3,16
1784679275.618,real_q6xl_tensor_220w_mtp,0,100,11669,194.29,64,1635,9251,3,16
1784679275.618,real_q6xl_tensor_220w_mtp,1,100,11669,197.60,69,1545,9251,3,16
1784679275.618,real_q6xl_tensor_220w_mtp,2,100,11669,194.46,73,1635,9251,3,16
1784679275.618,real_q6xl_tensor_220w_mtp,3,100,11669,201.39,69,1575,9251,3,16
1784679276.195,real_q6xl_tensor_220w_mtp,0,100,11669,208.66,64,1740,9251,3,16
1784679276.195,real_q6xl_tensor_220w_mtp,1,100,11669,210.54,69,1635,9251,3,16
1784679276.195,real_q6xl_tensor_220w_mtp,2,100,11669,208.73,73,1710,9251,3,16
1784679276.195,real_q6xl_tensor_220w_mtp,3,100,11669,211.29,69,1650,9251,3,16
1784679276.768,real_q6xl_tensor_220w_mtp,0,100,11669,207.12,64,1740,9251,3,16
1784679276.768,real_q6xl_tensor_220w_mtp,1,100,11669,210.12,69,1650,9251,3,16
1784679276.768,real_q6xl_tensor_220w_mtp,2,100,11669,209.33,73,1695,9251,3,16
1784679276.768,real_q6xl_tensor_220w_mtp,3,100,11669,210.67,69,1680,9251,3,16
1784679277.343,real_q6xl_tensor_220w_mtp,0,100,11669,189.31,62,1890,9251,3,16
1784679277.343,real_q6xl_tensor_220w_mtp,1,100,11669,191.40,67,1875,9251,3,16
1784679277.343,real_q6xl_tensor_220w_mtp,2,100,11669,193.09,72,1845,9251,3,16
1784679277.343,real_q6xl_tensor_220w_mtp,3,100,11669,195.46,67,1890,9251,3,16
1784679277.911,real_q6xl_tensor_220w_mtp,0,97,11669,185.70,64,1800,9251,3,16
1784679277.911,real_q6xl_tensor_220w_mtp,1,100,11669,192.27,69,1740,9251,3,16
1784679277.911,real_q6xl_tensor_220w_mtp,2,100,11669,189.71,73,1710,9251,3,16
1784679277.911,real_q6xl_tensor_220w_mtp,3,96,11669,193.19,68,1770,9251,3,16
1784679278.479,real_q6xl_tensor_220w_mtp,0,97,11669,204.77,65,1785,9251,3,16
1784679278.479,real_q6xl_tensor_220w_mtp,1,100,11669,211.88,68,1725,9251,3,16
1784679278.479,real_q6xl_tensor_220w_mtp,2,100,11669,211.69,72,1695,9251,3,16
1784679278.479,real_q6xl_tensor_220w_mtp,3,96,11669,208.58,69,1770,9251,3,16
1784679279.044,real_q6xl_tensor_220w_mtp,0,100,11669,208.38,65,1770,9251,3,16
1784679279.044,real_q6xl_tensor_220w_mtp,1,81,11669,212.63,69,1725,9251,3,16
1784679279.044,real_q6xl_tensor_220w_mtp,2,100,11669,208.60,73,1665,9251,3,16
1784679279.044,real_q6xl_tensor_220w_mtp,3,100,11669,211.15,69,1740,9251,3,16
1784679279.611,real_q6xl_tensor_220w_mtp,0,100,11669,209.99,64,1875,9251,3,16
1784679279.611,real_q6xl_tensor_220w_mtp,1,81,11669,211.24,69,1860,9251,3,16
1784679279.611,real_q6xl_tensor_220w_mtp,2,100,11669,208.60,73,1755,9251,3,16
1784679279.611,real_q6xl_tensor_220w_mtp,3,100,11669,213.27,69,1815,9251,3,16
1784679280.196,real_q6xl_tensor_220w_mtp,0,100,11669,186.74,64,1665,9251,3,16
1784679280.196,real_q6xl_tensor_220w_mtp,1,100,11669,191.88,68,1575,9251,3,16
1784679280.196,real_q6xl_tensor_220w_mtp,2,100,11669,189.88,73,1605,9251,3,16
1784679280.196,real_q6xl_tensor_220w_mtp,3,100,11669,194.76,69,1605,9251,3,16
1784679280.789,real_q6xl_tensor_220w_mtp,0,74,11669,183.78,64,1695,9251,3,16
1784679280.789,real_q6xl_tensor_220w_mtp,1,76,11669,194.33,68,1575,9251,3,16
1784679280.789,real_q6xl_tensor_220w_mtp,2,73,11669,194.21,73,1695,9251,3,16
1784679280.789,real_q6xl_tensor_220w_mtp,3,96,11669,195.92,69,1590,9251,3,16
1784679281.367,real_q6xl_tensor_220w_mtp,0,100,11669,207.01,64,1665,9251,3,16
1784679281.367,real_q6xl_tensor_220w_mtp,1,100,11669,210.65,68,1575,9251,3,16
1784679281.367,real_q6xl_tensor_220w_mtp,2,100,11669,208.72,73,1605,9251,3,16
1784679281.367,real_q6xl_tensor_220w_mtp,3,100,11669,209.91,69,1605,9251,3,16
1784679281.946,real_q6xl_tensor_220w_mtp,0,100,11669,206.63,64,1650,9251,3,16
1784679281.946,real_q6xl_tensor_220w_mtp,1,100,11669,209.94,68,1575,9251,3,16
1784679281.946,real_q6xl_tensor_220w_mtp,2,100,11669,208.40,73,1605,9251,3,16
1784679281.946,real_q6xl_tensor_220w_mtp,3,100,11669,209.64,69,1605,9251,3,16
1784679282.548,real_q6xl_tensor_220w_mtp,0,37,11669,195.28,63,1920,9251,3,16
1784679282.548,real_q6xl_tensor_220w_mtp,1,34,11669,197.00,67,1695,9251,3,16
1784679282.548,real_q6xl_tensor_220w_mtp,2,32,11669,192.64,71,1890,9251,3,16
1784679282.548,real_q6xl_tensor_220w_mtp,3,41,11669,196.02,68,1905,9251,3,16
1784679283.153,real_q6xl_tensor_220w_mtp,0,37,11669,186.41,64,1710,9251,3,16
1784679283.153,real_q6xl_tensor_220w_mtp,1,34,11669,192.95,68,1590,9251,3,16
1784679283.153,real_q6xl_tensor_220w_mtp,2,32,11669,188.94,73,1695,9251,3,16
1784679283.153,real_q6xl_tensor_220w_mtp,3,41,11669,193.31,69,1605,9251,3,16
1784679283.727,real_q6xl_tensor_220w_mtp,0,100,11669,202.89,64,1635,9251,3,16
1784679283.727,real_q6xl_tensor_220w_mtp,1,100,11669,204.90,69,1560,9251,3,16
1784679283.727,real_q6xl_tensor_220w_mtp,2,100,11669,204.87,73,1590,9251,3,16
1784679283.727,real_q6xl_tensor_220w_mtp,3,100,11669,206.32,69,1575,9251,3,16
1784679284.302,real_q6xl_tensor_220w_mtp,0,100,11669,207.46,64,1755,9251,3,16
1784679284.302,real_q6xl_tensor_220w_mtp,1,100,11669,209.67,69,1575,9251,3,16
1784679284.302,real_q6xl_tensor_220w_mtp,2,100,11669,208.38,73,1680,9251,3,16
1784679284.302,real_q6xl_tensor_220w_mtp,3,100,11669,209.83,69,1605,9251,3,16
1784679284.898,real_q6xl_tensor_220w_mtp,0,100,11669,209.23,64,1665,9251,3,16
1784679284.898,real_q6xl_tensor_220w_mtp,1,100,11669,209.75,69,1560,9251,3,16
1784679284.898,real_q6xl_tensor_220w_mtp,2,100,11669,207.95,73,1650,9251,3,16
1784679284.898,real_q6xl_tensor_220w_mtp,3,100,11669,211.98,69,1590,9251,3,16
1784679285.473,real_q6xl_tensor_220w_mtp,0,100,11669,179.38,62,1665,9251,3,16
1784679285.473,real_q6xl_tensor_220w_mtp,1,100,11669,191.63,68,1575,9251,3,16
1784679285.473,real_q6xl_tensor_220w_mtp,2,100,11669,182.29,72,1605,9251,3,16
1784679285.473,real_q6xl_tensor_220w_mtp,3,100,11669,196.77,67,1605,9251,3,16
1784679286.052,real_q6xl_tensor_220w_mtp,0,48,11669,181.22,64,1740,9251,3,16
1784679286.052,real_q6xl_tensor_220w_mtp,1,80,11669,193.39,67,1650,9251,3,16
1784679286.052,real_q6xl_tensor_220w_mtp,2,90,11669,185.02,71,1665,9251,3,16
1784679286.052,real_q6xl_tensor_220w_mtp,3,45,11669,192.40,69,1680,9251,3,16
1784679286.634,real_q6xl_tensor_220w_mtp,0,48,11669,207.35,64,1650,9251,3,16
1784679286.634,real_q6xl_tensor_220w_mtp,1,80,11669,209.17,69,1560,9251,3,16
1784679286.634,real_q6xl_tensor_220w_mtp,2,90,11669,207.66,73,1620,9251,3,16
1784679286.634,real_q6xl_tensor_220w_mtp,3,45,11669,209.87,69,1590,9251,3,16
1784679287.247,real_q6xl_tensor_220w_mtp,0,91,11669,206.90,64,1680,9251,3,16
1784679287.247,real_q6xl_tensor_220w_mtp,1,100,11669,210.39,69,1650,9251,3,16
1784679287.247,real_q6xl_tensor_220w_mtp,2,100,11669,207.68,73,1695,9251,3,16
1784679287.247,real_q6xl_tensor_220w_mtp,3,100,11669,210.40,69,1665,9251,3,16
1784679287.864,real_q6xl_tensor_220w_mtp,0,91,11669,190.32,63,1845,9251,3,16
1784679287.864,real_q6xl_tensor_220w_mtp,1,100,11669,196.24,67,1890,9251,3,16
1784679287.864,real_q6xl_tensor_220w_mtp,2,100,11669,190.68,71,1785,9251,3,16
1784679287.864,real_q6xl_tensor_220w_mtp,3,100,11669,196.91,68,1905,9251,3,16
1784679288.586,real_q6xl_tensor_220w_mtp,0,100,11669,182.20,64,1635,9251,3,16
1784679288.586,real_q6xl_tensor_220w_mtp,1,100,11669,189.83,69,1545,9251,3,16
1784679288.586,real_q6xl_tensor_220w_mtp,2,100,11669,184.10,73,1590,9251,3,16
1784679288.586,real_q6xl_tensor_220w_mtp,3,100,11669,189.71,69,1575,9251,3,16
1784679289.185,real_q6xl_tensor_220w_mtp,0,100,11669,210.74,64,1710,9251,3,16
1784679289.185,real_q6xl_tensor_220w_mtp,1,100,11669,208.40,69,1590,9251,3,16
1784679289.185,real_q6xl_tensor_220w_mtp,2,100,11669,207.99,73,1590,9251,3,16
1784679289.185,real_q6xl_tensor_220w_mtp,3,100,11669,212.71,69,1590,9251,3,16
1784679289.773,real_q6xl_tensor_220w_mtp,0,100,11669,205.92,64,1710,9251,3,16
1784679289.773,real_q6xl_tensor_220w_mtp,1,100,11669,209.64,69,1590,9251,3,16
1784679289.773,real_q6xl_tensor_220w_mtp,2,100,11669,210.40,73,1695,9251,3,16
1784679289.773,real_q6xl_tensor_220w_mtp,3,95,11669,214.01,69,1605,9251,3,16
1784679290.365,real_q6xl_tensor_220w_mtp,0,100,11669,206.45,64,1695,9251,3,16
1784679290.365,real_q6xl_tensor_220w_mtp,1,100,11669,212.36,69,1725,9251,3,16
1784679290.365,real_q6xl_tensor_220w_mtp,2,100,11669,212.24,73,1695,9251,3,16
1784679290.365,real_q6xl_tensor_220w_mtp,3,95,11669,212.27,69,1590,9251,3,16
1784679290.953,real_q6xl_tensor_220w_mtp,0,32,11669,175.79,64,1650,9251,3,16
1784679290.953,real_q6xl_tensor_220w_mtp,1,61,11669,190.05,67,1560,9251,3,16
1784679290.953,real_q6xl_tensor_220w_mtp,2,72,11669,187.39,72,1605,9251,3,16
1784679290.953,real_q6xl_tensor_220w_mtp,3,100,11669,188.90,68,1590,9251,3,16
1784679291.568,real_q6xl_tensor_220w_mtp,0,32,11669,180.40,64,1710,9251,3,16
1784679291.568,real_q6xl_tensor_220w_mtp,1,61,11669,190.72,68,1560,9251,3,16
1784679291.568,real_q6xl_tensor_220w_mtp,2,72,11669,188.98,73,1695,9251,3,16
1784679291.568,real_q6xl_tensor_220w_mtp,3,100,11669,191.94,69,1605,9251,3,16
1784679292.166,real_q6xl_tensor_220w_mtp,0,56,11669,207.07,64,1680,9251,3,16
1784679292.166,real_q6xl_tensor_220w_mtp,1,98,11669,209.75,69,1605,9251,3,16
1784679292.166,real_q6xl_tensor_220w_mtp,2,100,11669,207.62,73,1605,9251,3,16
1784679292.166,real_q6xl_tensor_220w_mtp,3,100,11669,209.44,69,1650,9251,3,16
1784679292.769,real_q6xl_tensor_220w_mtp,0,71,11669,206.23,64,1650,9251,3,16
1784679292.769,real_q6xl_tensor_220w_mtp,1,70,11669,209.53,68,1575,9251,3,16
1784679292.769,real_q6xl_tensor_220w_mtp,2,70,11669,206.99,73,1590,9251,3,16
1784679292.769,real_q6xl_tensor_220w_mtp,3,80,11669,209.84,69,1605,9251,3,16
1784679293.351,real_q6xl_tensor_220w_mtp,0,29,11669,198.32,62,1845,9251,3,16
1784679293.351,real_q6xl_tensor_220w_mtp,1,27,11669,198.96,66,1665,9251,3,16
1784679293.351,real_q6xl_tensor_220w_mtp,2,31,11669,195.57,72,1890,9251,3,16
1784679293.351,real_q6xl_tensor_220w_mtp,3,27,11669,204.03,67,1695,9251,3,16
1784679293.947,real_q6xl_tensor_220w_mtp,0,29,11669,179.57,64,1665,9251,3,16
1784679293.947,real_q6xl_tensor_220w_mtp,1,27,11669,186.58,68,1560,9251,3,16
1784679293.947,real_q6xl_tensor_220w_mtp,2,31,11669,183.87,73,1590,9251,3,16
1784679293.947,real_q6xl_tensor_220w_mtp,3,27,11669,188.13,69,1590,9251,3,16
1784679294.549,real_q6xl_tensor_220w_mtp,0,100,11669,193.36,64,1710,9251,3,16
1784679294.549,real_q6xl_tensor_220w_mtp,1,100,11669,202.04,68,1575,9251,3,16
1784679294.549,real_q6xl_tensor_220w_mtp,2,100,11669,197.05,73,1680,9251,3,16
1784679294.549,real_q6xl_tensor_220w_mtp,3,100,11669,204.99,69,1590,9251,3,16
1784679295.146,real_q6xl_tensor_220w_mtp,0,100,11669,206.66,64,1695,9251,3,16
1784679295.146,real_q6xl_tensor_220w_mtp,1,100,11669,209.66,69,1620,9251,3,16
1784679295.146,real_q6xl_tensor_220w_mtp,2,100,11669,206.78,73,1590,9251,3,16
1784679295.146,real_q6xl_tensor_220w_mtp,3,100,11669,210.34,69,1650,9251,3,16
1784679295.744,real_q6xl_tensor_220w_mtp,0,100,11669,206.59,64,1650,9251,3,16
1784679295.744,real_q6xl_tensor_220w_mtp,1,100,11669,209.38,68,1545,9251,3,16
1784679295.744,real_q6xl_tensor_220w_mtp,2,100,11669,206.96,73,1575,9251,3,16
1784679295.744,real_q6xl_tensor_220w_mtp,3,100,11669,210.21,69,1575,9251,3,16
1784679296.336,real_q6xl_tensor_220w_mtp,0,100,11669,188.85,63,1875,9251,3,16
1784679296.336,real_q6xl_tensor_220w_mtp,1,100,11669,190.88,66,1830,9251,3,16
1784679296.336,real_q6xl_tensor_220w_mtp,2,100,11669,185.67,70,1830,9251,3,16
1784679296.336,real_q6xl_tensor_220w_mtp,3,100,11669,195.77,68,1860,9251,3,16
1784679296.928,real_q6xl_tensor_220w_mtp,0,100,11669,183.06,64,1635,9251,3,16
1784679296.928,real_q6xl_tensor_220w_mtp,1,94,11669,191.05,68,1575,9251,3,16
1784679296.928,real_q6xl_tensor_220w_mtp,2,85,11669,185.07,73,1575,9251,3,16
1784679296.928,real_q6xl_tensor_220w_mtp,3,100,11669,190.99,69,1605,9251,3,16
1784679297.520,real_q6xl_tensor_220w_mtp,0,100,11669,210.58,64,1635,9251,3,16
1784679297.520,real_q6xl_tensor_220w_mtp,1,94,11669,212.78,69,1725,9251,3,16
1784679297.520,real_q6xl_tensor_220w_mtp,2,85,11669,209.32,73,1605,9251,3,16
1784679297.520,real_q6xl_tensor_220w_mtp,3,100,11669,213.79,69,1575,9251,3,16
1784679298.107,real_q6xl_tensor_220w_mtp,0,100,11669,211.38,64,1680,9251,3,16
1784679298.107,real_q6xl_tensor_220w_mtp,1,100,11669,209.17,68,1560,9251,3,16
1784679298.107,real_q6xl_tensor_220w_mtp,2,100,11669,208.97,73,1680,9251,3,16
1784679298.107,real_q6xl_tensor_220w_mtp,3,100,11669,214.14,69,1575,9251,3,16
1784679298.674,real_q6xl_tensor_220w_mtp,0,100,11669,205.96,64,1635,9251,3,16
1784679298.674,real_q6xl_tensor_220w_mtp,1,100,11669,210.38,69,1530,9251,3,16
1784679298.674,real_q6xl_tensor_220w_mtp,2,100,11669,210.52,73,1605,9251,3,16
1784679298.674,real_q6xl_tensor_220w_mtp,3,100,11669,215.15,69,1560,9251,3,16
1784679299.247,real_q6xl_tensor_220w_mtp,0,14,11669,175.74,62,1635,9251,3,16
1784679299.247,real_q6xl_tensor_220w_mtp,1,57,11669,188.94,66,1590,9251,3,16
1784679299.247,real_q6xl_tensor_220w_mtp,2,67,11669,186.10,70,1575,9251,3,16
1784679299.247,real_q6xl_tensor_220w_mtp,3,13,11669,184.34,67,1650,9251,3,16
1784679299.826,real_q6xl_tensor_220w_mtp,0,42,11669,175.90,63,1605,9251,3,16
1784679299.826,real_q6xl_tensor_220w_mtp,1,57,11669,187.31,67,1455,9251,3,16
1784679299.826,real_q6xl_tensor_220w_mtp,2,67,11669,182.90,71,1545,9251,3,16
1784679299.826,real_q6xl_tensor_220w_mtp,3,13,11669,183.91,68,1530,9251,3,16
1784679300.401,real_q6xl_tensor_220w_mtp,0,42,11669,204.10,64,1665,9251,3,16
1784679300.401,real_q6xl_tensor_220w_mtp,1,75,11669,209.01,67,1590,9251,3,16
1784679300.401,real_q6xl_tensor_220w_mtp,2,65,11669,207.31,71,1545,9251,3,16
1784679300.401,real_q6xl_tensor_220w_mtp,3,42,11669,207.21,68,1635,9251,3,16
1784679301.000,real_q6xl_tensor_220w_mtp,0,44,11669,205.73,63,1905,9251,3,16
1784679301.000,real_q6xl_tensor_220w_mtp,1,75,11669,207.94,67,1500,9251,3,16
1784679301.000,real_q6xl_tensor_220w_mtp,2,65,11669,206.52,71,1875,9251,3,16
1784679301.000,real_q6xl_tensor_220w_mtp,3,42,11669,208.26,69,1560,9251,3,16
1784679301.579,real_q6xl_tensor_220w_mtp,0,44,11669,199.74,63,1695,9251,3,16
1784679301.579,real_q6xl_tensor_220w_mtp,1,44,11669,207.99,67,1590,9251,3,16
1784679301.579,real_q6xl_tensor_220w_mtp,2,35,11669,206.09,71,1890,9251,3,16
1784679301.579,real_q6xl_tensor_220w_mtp,3,9,11669,204.56,67,1635,9251,3,16
1784679302.194,real_q6xl_tensor_220w_mtp,0,68,11669,178.66,63,1740,9251,3,16
1784679302.194,real_q6xl_tensor_220w_mtp,1,44,11669,187.62,67,1560,9251,3,16
1784679302.194,real_q6xl_tensor_220w_mtp,2,35,11669,182.12,72,1680,9251,3,16
1784679302.194,real_q6xl_tensor_220w_mtp,3,9,11669,187.71,68,1590,9251,3,16
1784679302.777,real_q6xl_tensor_220w_mtp,0,71,11669,189.66,64,1635,9251,3,16
1784679302.777,real_q6xl_tensor_220w_mtp,1,100,11669,197.78,68,1650,9251,3,16
1784679302.777,real_q6xl_tensor_220w_mtp,2,100,11669,194.59,73,1620,9251,3,16
1784679302.777,real_q6xl_tensor_220w_mtp,3,100,11669,197.61,69,1680,9251,3,16
1784679303.417,real_q6xl_tensor_220w_mtp,0,100,11669,205.18,64,1725,9251,3,16
1784679303.417,real_q6xl_tensor_220w_mtp,1,100,11669,208.43,68,1590,9251,3,16
1784679303.417,real_q6xl_tensor_220w_mtp,2,100,11669,206.65,73,1560,9251,3,16
1784679303.417,real_q6xl_tensor_220w_mtp,3,100,11669,209.18,69,1620,9251,3,16
1784679304.016,real_q6xl_tensor_220w_mtp,0,100,11669,205.53,64,1635,9251,3,16
1784679304.016,real_q6xl_tensor_220w_mtp,1,100,11669,208.69,68,1545,9251,3,16
1784679304.016,real_q6xl_tensor_220w_mtp,2,100,11669,206.73,73,1575,9251,3,16
1784679304.016,real_q6xl_tensor_220w_mtp,3,100,11669,208.85,69,1575,9251,3,16
1784679304.614,real_q6xl_tensor_220w_mtp,0,30,11669,192.01,62,1830,9251,3,16
1784679304.614,real_q6xl_tensor_220w_mtp,1,100,11669,199.34,66,1830,9251,3,16
1784679304.614,real_q6xl_tensor_220w_mtp,2,100,11669,198.76,72,1830,9251,3,16
1784679304.614,real_q6xl_tensor_220w_mtp,3,100,11669,198.01,67,1845,9251,3,16
1784679305.183,real_q6xl_tensor_220w_mtp,0,30,11669,176.73,64,1755,9251,3,16
1784679305.183,real_q6xl_tensor_220w_mtp,1,100,11669,187.55,68,1650,9251,3,16
1784679305.183,real_q6xl_tensor_220w_mtp,2,100,11669,183.81,73,1680,9251,3,16
1784679305.183,real_q6xl_tensor_220w_mtp,3,100,11669,189.30,69,1680,9251,3,16
1784679305.764,real_q6xl_tensor_220w_mtp,0,100,11669,189.37,64,1755,9251,3,16
1784679305.764,real_q6xl_tensor_220w_mtp,1,100,11669,199.26,68,1650,9251,3,16
1784679305.764,real_q6xl_tensor_220w_mtp,2,92,11669,196.89,73,1680,9251,3,16
1784679305.764,real_q6xl_tensor_220w_mtp,3,100,11669,205.25,69,1680,9251,3,16
1784679306.365,real_q6xl_tensor_220w_mtp,0,100,11669,204.10,64,1710,9251,3,16
1784679306.365,real_q6xl_tensor_220w_mtp,1,100,11669,207.94,68,1635,9251,3,16
1784679306.365,real_q6xl_tensor_220w_mtp,2,100,11669,205.40,73,1605,9251,3,16
1784679306.365,real_q6xl_tensor_220w_mtp,3,100,11669,208.32,69,1665,9251,3,16
1784679306.962,real_q6xl_tensor_220w_mtp,0,100,11669,201.66,64,1710,9251,3,16
1784679306.962,real_q6xl_tensor_220w_mtp,1,100,11669,205.06,68,1635,9251,3,16
1784679306.962,real_q6xl_tensor_220w_mtp,2,100,11669,202.93,73,1605,9251,3,16
1784679306.962,real_q6xl_tensor_220w_mtp,3,100,11669,205.67,69,1665,9251,3,16
1784679307.566,real_q6xl_tensor_220w_mtp,0,33,11669,188.43,62,1815,9251,3,16
1784679307.566,real_q6xl_tensor_220w_mtp,1,34,11669,194.31,67,1740,9251,3,16
1784679307.566,real_q6xl_tensor_220w_mtp,2,30,11669,189.73,71,1800,9251,3,16
1784679307.566,real_q6xl_tensor_220w_mtp,3,29,11669,194.99,67,1770,9251,3,16
1784679308.137,real_q6xl_tensor_220w_mtp,0,100,11669,178.72,64,1725,9251,3,16
1784679308.137,real_q6xl_tensor_220w_mtp,1,34,11669,186.92,68,1605,9251,3,16
1784679308.137,real_q6xl_tensor_220w_mtp,2,30,11669,181.98,72,1545,9251,3,16
1784679308.137,real_q6xl_tensor_220w_mtp,3,29,11669,187.34,69,1620,9251,3,16
1784679308.733,real_q6xl_tensor_220w_mtp,0,100,11669,198.55,64,1605,9251,3,16
1784679308.733,real_q6xl_tensor_220w_mtp,1,100,11669,203.76,68,1485,9251,3,16
1784679308.733,real_q6xl_tensor_220w_mtp,2,100,11669,202.25,73,1545,9251,3,16
1784679308.733,real_q6xl_tensor_220w_mtp,3,100,11669,203.22,69,1560,9251,3,16
1784679309.329,real_q6xl_tensor_220w_mtp,0,100,11669,204.69,64,1740,9251,3,16
1784679309.329,real_q6xl_tensor_220w_mtp,1,100,11669,208.65,68,1635,9251,3,16
1784679309.329,real_q6xl_tensor_220w_mtp,2,100,11669,206.93,73,1665,9251,3,16
1784679309.329,real_q6xl_tensor_220w_mtp,3,100,11669,208.66,69,1665,9251,3,16
1784679309.903,real_q6xl_tensor_220w_mtp,0,100,11669,204.61,64,1635,9251,3,16
1784679309.903,real_q6xl_tensor_220w_mtp,1,100,11669,208.14,68,1545,9251,3,16
1784679309.903,real_q6xl_tensor_220w_mtp,2,100,11669,206.95,73,1605,9251,3,16
1784679309.903,real_q6xl_tensor_220w_mtp,3,100,11669,208.69,69,1575,9251,3,16
1784679310.479,real_q6xl_tensor_220w_mtp,0,34,11669,184.95,63,1800,9251,3,16
1784679310.479,real_q6xl_tensor_220w_mtp,1,100,11669,192.96,66,1740,9251,3,16
1784679310.479,real_q6xl_tensor_220w_mtp,2,100,11669,190.14,70,1620,9251,3,16
1784679310.479,real_q6xl_tensor_220w_mtp,3,100,11669,192.48,67,1770,9251,3,16
1784679311.090,real_q6xl_tensor_220w_mtp,0,34,11669,179.54,64,1725,9251,3,16
1784679311.090,real_q6xl_tensor_220w_mtp,1,100,11669,187.26,68,1590,9251,3,16
1784679311.090,real_q6xl_tensor_220w_mtp,2,100,11669,184.38,72,1680,9251,3,16
1784679311.090,real_q6xl_tensor_220w_mtp,3,100,11669,188.72,69,1605,9251,3,16
1784679311.665,real_q6xl_tensor_220w_mtp,0,100,11669,199.02,64,1725,9251,3,16
1784679311.665,real_q6xl_tensor_220w_mtp,1,100,11669,207.55,68,1605,9251,3,16
1784679311.665,real_q6xl_tensor_220w_mtp,2,100,11669,205.99,73,1680,9251,3,16
1784679311.665,real_q6xl_tensor_220w_mtp,3,100,11669,213.18,69,1620,9251,3,16
1784679312.258,real_q6xl_tensor_220w_mtp,0,100,11669,204.41,64,1605,9251,3,16
1784679312.258,real_q6xl_tensor_220w_mtp,1,100,11669,208.71,68,1515,9251,3,16
1784679312.258,real_q6xl_tensor_220w_mtp,2,100,11669,205.28,73,1605,9251,3,16
1784679312.258,real_q6xl_tensor_220w_mtp,3,100,11669,209.23,69,1545,9251,3,16
1784679312.835,real_q6xl_tensor_220w_mtp,0,100,11669,204.51,64,1650,9251,3,16
1784679312.835,real_q6xl_tensor_220w_mtp,1,100,11669,208.50,68,1515,9251,3,16
1784679312.835,real_q6xl_tensor_220w_mtp,2,100,11669,205.23,73,1635,9251,3,16
1784679312.835,real_q6xl_tensor_220w_mtp,3,100,11669,208.50,69,1545,9251,3,16
1784679313.433,real_q6xl_tensor_220w_mtp,0,100,11669,181.89,62,1905,9251,3,16
1784679313.433,real_q6xl_tensor_220w_mtp,1,17,11669,186.84,67,1875,9251,3,16
1784679313.433,real_q6xl_tensor_220w_mtp,2,36,11669,186.65,71,1890,9251,3,16
1784679313.433,real_q6xl_tensor_220w_mtp,3,28,11669,190.74,67,1890,9251,3,16
1784679314.001,real_q6xl_tensor_220w_mtp,0,100,11669,179.99,64,1665,9251,3,16
1784679314.001,real_q6xl_tensor_220w_mtp,1,17,11669,188.09,68,1545,9251,3,16
1784679314.001,real_q6xl_tensor_220w_mtp,2,36,11669,183.87,73,1665,9251,3,16
1784679314.001,real_q6xl_tensor_220w_mtp,3,28,11669,188.86,69,1575,9251,3,16
1784679314.592,real_q6xl_tensor_220w_mtp,0,100,11669,212.15,64,1710,9251,3,16
1784679314.592,real_q6xl_tensor_220w_mtp,1,100,11669,209.28,68,1485,9251,3,16
1784679314.592,real_q6xl_tensor_220w_mtp,2,100,11669,209.18,73,1590,9251,3,16
1784679314.592,real_q6xl_tensor_220w_mtp,3,100,11669,213.61,69,1515,9251,3,16
1784679315.167,real_q6xl_tensor_220w_mtp,0,100,11669,203.76,64,1620,9251,3,16
1784679315.167,real_q6xl_tensor_220w_mtp,1,100,11669,208.69,68,1500,9251,3,16
1784679315.167,real_q6xl_tensor_220w_mtp,2,100,11669,207.38,73,1545,9251,3,16
1784679315.167,real_q6xl_tensor_220w_mtp,3,100,11669,213.41,69,1560,9251,3,16
1784679315.761,real_q6xl_tensor_220w_mtp,0,100,11669,209.65,64,1740,9251,3,16
1784679315.761,real_q6xl_tensor_220w_mtp,1,100,11669,207.79,68,1635,9251,3,16
1784679315.761,real_q6xl_tensor_220w_mtp,2,100,11669,206.72,73,1665,9251,3,16
1784679315.761,real_q6xl_tensor_220w_mtp,3,100,11669,212.95,69,1665,9251,3,16
1784679316.376,real_q6xl_tensor_220w_mtp,0,25,11669,177.53,61,1920,9251,3,16
1784679316.376,real_q6xl_tensor_220w_mtp,1,100,11669,183.93,65,1905,9251,3,16
1784679316.376,real_q6xl_tensor_220w_mtp,2,100,11669,179.49,70,1890,9251,3,16
1784679316.376,real_q6xl_tensor_220w_mtp,3,100,11669,183.61,66,1860,9251,3,16
1784679316.969,real_q6xl_tensor_220w_mtp,0,25,11669,179.07,64,1890,9251,3,16
1784679316.969,real_q6xl_tensor_220w_mtp,1,83,11669,185.91,67,1860,9251,3,16
1784679316.969,real_q6xl_tensor_220w_mtp,2,71,11669,179.90,71,1860,9251,3,16
1784679316.969,real_q6xl_tensor_220w_mtp,3,43,11669,182.89,69,1875,9251,3,16
1784679317.560,real_q6xl_tensor_220w_mtp,0,100,11669,211.77,64,1830,9251,3,16
1784679317.560,real_q6xl_tensor_220w_mtp,1,95,11669,211.12,67,1800,9251,3,16
1784679317.560,real_q6xl_tensor_220w_mtp,2,100,11669,209.03,73,1635,9251,3,16
1784679317.560,real_q6xl_tensor_220w_mtp,3,100,11669,214.45,69,1830,9251,3,16
1784679318.127,real_q6xl_tensor_220w_mtp,0,100,11669,212.35,64,1695,9251,3,16
1784679318.127,real_q6xl_tensor_220w_mtp,1,100,11669,212.92,68,1635,9251,3,16
1784679318.127,real_q6xl_tensor_220w_mtp,2,100,11669,209.09,73,1620,9251,3,16
1784679318.127,real_q6xl_tensor_220w_mtp,3,100,11669,214.98,69,1665,9251,3,16
1784679318.697,real_q6xl_tensor_220w_mtp,0,100,11669,210.77,64,1635,9251,3,16
1784679318.697,real_q6xl_tensor_220w_mtp,1,100,11669,208.64,68,1545,9251,3,16
1784679318.697,real_q6xl_tensor_220w_mtp,2,100,11669,207.84,73,1575,9251,3,16
1784679318.697,real_q6xl_tensor_220w_mtp,3,100,11669,213.90,69,1560,9251,3,16
1784679319.291,real_q6xl_tensor_220w_mtp,0,34,11669,174.97,61,1845,9251,3,16
1784679319.291,real_q6xl_tensor_220w_mtp,1,17,11669,184.11,65,1905,9251,3,16
1784679319.291,real_q6xl_tensor_220w_mtp,2,10,11669,180.34,70,1890,9251,3,16
1784679319.291,real_q6xl_tensor_220w_mtp,3,15,11669,186.10,67,1920,9251,3,16
1784679319.865,real_q6xl_tensor_220w_mtp,0,100,11669,176.48,64,1860,9251,3,16
1784679319.865,real_q6xl_tensor_220w_mtp,1,17,11669,186.24,68,1845,9251,3,16
1784679319.865,real_q6xl_tensor_220w_mtp,2,10,11669,181.46,71,1815,9251,3,16
1784679319.865,real_q6xl_tensor_220w_mtp,3,15,11669,186.27,69,1860,9251,3,16
1784679320.448,real_q6xl_tensor_220w_mtp,0,100,11669,187.07,64,1635,9251,3,16
1784679320.448,real_q6xl_tensor_220w_mtp,1,100,11669,204.64,68,1590,9251,3,16
1784679320.448,real_q6xl_tensor_220w_mtp,2,100,11669,202.82,73,1575,9251,3,16
1784679320.448,real_q6xl_tensor_220w_mtp,3,100,11669,214.30,69,1590,9251,3,16
1784679321.041,real_q6xl_tensor_220w_mtp,0,100,11669,211.04,64,1590,9251,3,16
1784679321.041,real_q6xl_tensor_220w_mtp,1,100,11669,210.94,68,1470,9251,3,16
1784679321.041,real_q6xl_tensor_220w_mtp,2,100,11669,210.69,72,1575,9251,3,16
1784679321.041,real_q6xl_tensor_220w_mtp,3,100,11669,214.11,69,1515,9251,3,16
1784679321.629,real_q6xl_tensor_220w_mtp,0,100,11669,209.67,64,1695,9251,3,16
1784679321.629,real_q6xl_tensor_220w_mtp,1,100,11669,214.11,68,1470,9251,3,16
1784679321.629,real_q6xl_tensor_220w_mtp,2,100,11669,210.82,73,1605,9251,3,16
1784679321.629,real_q6xl_tensor_220w_mtp,3,100,11669,211.79,69,1530,9251,3,16
1784679322.204,real_q6xl_tensor_220w_mtp,0,100,11669,177.35,62,1920,9251,3,16
1784679322.204,real_q6xl_tensor_220w_mtp,1,22,11669,187.56,66,1905,9251,3,16
1784679322.204,real_q6xl_tensor_220w_mtp,2,24,11669,181.49,70,1890,9251,3,16
1784679322.204,real_q6xl_tensor_220w_mtp,3,1,11669,185.65,66,1920,9251,3,16
1784679322.772,real_q6xl_tensor_220w_mtp,0,100,11669,178.56,64,1680,9251,3,16
1784679322.772,real_q6xl_tensor_220w_mtp,1,100,11669,186.58,68,1710,9251,3,16
1784679322.772,real_q6xl_tensor_220w_mtp,2,100,11669,180.77,72,1665,9251,3,16
1784679322.772,real_q6xl_tensor_220w_mtp,3,88,11669,186.17,69,1575,9251,3,16
1784679323.341,real_q6xl_tensor_220w_mtp,0,100,11669,208.01,64,1710,9251,3,16
1784679323.341,real_q6xl_tensor_220w_mtp,1,100,11669,213.96,68,1515,9251,3,16
1784679323.341,real_q6xl_tensor_220w_mtp,2,100,11669,211.32,73,1665,9251,3,16
1784679323.341,real_q6xl_tensor_220w_mtp,3,100,11669,212.11,69,1605,9251,3,16
1784679323.916,real_q6xl_tensor_220w_mtp,0,100,11669,206.77,64,1725,9251,3,16
1784679323.916,real_q6xl_tensor_220w_mtp,1,100,11669,207.54,68,1620,9251,3,16
1784679323.916,real_q6xl_tensor_220w_mtp,2,100,11669,205.55,72,1680,9251,3,16
1784679323.916,real_q6xl_tensor_220w_mtp,3,100,11669,210.18,69,1650,9251,3,16
1784679324.493,real_q6xl_tensor_220w_mtp,0,100,11669,204.83,64,1725,9251,3,16
1784679324.493,real_q6xl_tensor_220w_mtp,1,100,11669,207.55,68,1635,9251,3,16
1784679324.493,real_q6xl_tensor_220w_mtp,2,100,11669,206.15,73,1650,9251,3,16
1784679324.493,real_q6xl_tensor_220w_mtp,3,100,11669,207.31,69,1650,9251,3,16
1784679325.082,real_q6xl_tensor_220w_mtp,0,16,11669,177.59,61,1920,9251,3,16
1784679325.082,real_q6xl_tensor_220w_mtp,1,100,11669,185.01,66,1905,9251,3,16
1784679325.082,real_q6xl_tensor_220w_mtp,2,100,11669,181.20,71,1890,9251,3,16
1784679325.082,real_q6xl_tensor_220w_mtp,3,100,11669,186.26,66,1920,9251,3,16
1784679325.714,real_q6xl_tensor_220w_mtp,0,16,11669,177.13,64,1665,9251,3,16
1784679325.714,real_q6xl_tensor_220w_mtp,1,92,11669,185.93,68,1620,9251,3,16
1784679325.714,real_q6xl_tensor_220w_mtp,2,82,11669,181.61,72,1545,9251,3,16
1784679325.714,real_q6xl_tensor_220w_mtp,3,100,11669,185.92,69,1650,9251,3,16
1784679326.308,real_q6xl_tensor_220w_mtp,0,100,11669,210.68,64,1710,9251,3,16
1784679326.308,real_q6xl_tensor_220w_mtp,1,100,11669,209.29,68,1500,9251,3,16
1784679326.308,real_q6xl_tensor_220w_mtp,2,82,11669,208.83,73,1635,9251,3,16
1784679326.308,real_q6xl_tensor_220w_mtp,3,100,11669,214.95,69,1515,9251,3,16
1784679326.885,real_q6xl_tensor_220w_mtp,0,100,11669,209.89,64,1650,9251,3,16
1784679326.885,real_q6xl_tensor_220w_mtp,1,100,11669,207.54,68,1530,9251,3,16
1784679326.885,real_q6xl_tensor_220w_mtp,2,100,11669,205.90,72,1635,9251,3,16
1784679326.885,real_q6xl_tensor_220w_mtp,3,100,11669,212.74,69,1545,9251,3,16
1784679327.483,real_q6xl_tensor_220w_mtp,0,100,11669,208.09,64,1695,9251,3,16
1784679327.483,real_q6xl_tensor_220w_mtp,1,100,11669,212.97,68,1605,9251,3,16
1784679327.483,real_q6xl_tensor_220w_mtp,2,100,11669,210.93,73,1665,9251,3,16
1784679327.483,real_q6xl_tensor_220w_mtp,3,100,11669,210.63,69,1635,9251,3,16
1784679328.107,real_q6xl_tensor_220w_mtp,0,30,11669,178.15,61,1920,9251,3,16
1784679328.107,real_q6xl_tensor_220w_mtp,1,15,11669,184.80,66,1860,9251,3,16
1784679328.107,real_q6xl_tensor_220w_mtp,2,29,11669,181.57,70,1890,9251,3,16
1784679328.107,real_q6xl_tensor_220w_mtp,3,24,11669,185.85,66,1920,9251,3,16
1784679328.699,real_q6xl_tensor_220w_mtp,0,100,11669,177.40,64,1785,9251,3,16
1784679328.699,real_q6xl_tensor_220w_mtp,1,15,11669,184.08,68,1695,9251,3,16
1784679328.699,real_q6xl_tensor_220w_mtp,2,29,11669,181.46,72,1695,9251,3,16
1784679328.699,real_q6xl_tensor_220w_mtp,3,24,11669,185.65,69,1740,9251,3,16
1784679329.291,real_q6xl_tensor_220w_mtp,0,100,11669,209.25,64,1605,9251,3,16
1784679329.291,real_q6xl_tensor_220w_mtp,1,100,11669,211.41,68,1500,9251,3,16
1784679329.291,real_q6xl_tensor_220w_mtp,2,100,11669,212.01,73,1545,9251,3,16
1784679329.291,real_q6xl_tensor_220w_mtp,3,100,11669,212.02,69,1545,9251,3,16
1784679329.867,real_q6xl_tensor_220w_mtp,0,100,11669,203.61,64,1620,9251,3,16
1784679329.867,real_q6xl_tensor_220w_mtp,1,100,11669,209.78,68,1515,9251,3,16
1784679329.867,real_q6xl_tensor_220w_mtp,2,100,11669,209.24,73,1560,9251,3,16
1784679329.867,real_q6xl_tensor_220w_mtp,3,100,11669,214.74,69,1545,9251,3,16
1784679330.442,real_q6xl_tensor_220w_mtp,0,100,11669,202.93,64,1590,9251,3,16
1784679330.442,real_q6xl_tensor_220w_mtp,1,100,11669,207.61,68,1485,9251,3,16
1784679330.442,real_q6xl_tensor_220w_mtp,2,100,11669,206.17,73,1590,9251,3,16
1784679330.442,real_q6xl_tensor_220w_mtp,3,100,11669,207.12,69,1530,9251,3,16
1784679331.018,real_q6xl_tensor_220w_mtp,0,32,11669,180.29,62,1710,9251,3,16
1784679331.018,real_q6xl_tensor_220w_mtp,1,100,11669,193.02,66,1755,9251,3,16
1784679331.018,real_q6xl_tensor_220w_mtp,2,100,11669,186.20,70,1575,9251,3,16
1784679331.018,real_q6xl_tensor_220w_mtp,3,100,11669,188.95,68,1785,9251,3,16
1784679331.586,real_q6xl_tensor_220w_mtp,0,32,11669,176.10,64,1695,9251,3,16
1784679331.586,real_q6xl_tensor_220w_mtp,1,100,11669,185.39,68,1635,9251,3,16
1784679331.586,real_q6xl_tensor_220w_mtp,2,100,11669,178.93,72,1605,9251,3,16
1784679331.586,real_q6xl_tensor_220w_mtp,3,100,11669,186.92,68,1650,9251,3,16
1784679332.160,real_q6xl_tensor_220w_mtp,0,100,11669,198.47,63,1590,9251,3,16
1784679332.160,real_q6xl_tensor_220w_mtp,1,100,11669,204.00,68,1485,9251,3,16
1784679332.160,real_q6xl_tensor_220w_mtp,2,100,11669,203.79,72,1515,9251,3,16
1784679332.160,real_q6xl_tensor_220w_mtp,3,100,11669,209.51,69,1515,9251,3,16
1784679332.734,real_q6xl_tensor_220w_mtp,0,100,11669,202.14,63,1710,9251,3,16
1784679332.734,real_q6xl_tensor_220w_mtp,1,100,11669,206.03,68,1590,9251,3,16
1784679332.734,real_q6xl_tensor_220w_mtp,2,100,11669,205.16,73,1665,9251,3,16
1784679332.734,real_q6xl_tensor_220w_mtp,3,100,11669,207.98,69,1620,9251,3,16
1784679333.309,real_q6xl_tensor_220w_mtp,0,100,11669,202.79,64,1680,9251,3,16
1784679333.309,real_q6xl_tensor_220w_mtp,1,68,11669,206.98,68,1605,9251,3,16
1784679333.309,real_q6xl_tensor_220w_mtp,2,100,11669,203.69,73,1665,9251,3,16
1784679333.309,real_q6xl_tensor_220w_mtp,3,100,11669,207.94,69,1635,9251,3,16
1784679333.884,real_q6xl_tensor_220w_mtp,0,100,11669,186.26,62,1890,9251,3,16
1784679333.884,real_q6xl_tensor_220w_mtp,1,32,11669,197.24,66,1860,9251,3,16
1784679333.884,real_q6xl_tensor_220w_mtp,2,31,11669,192.81,70,1875,9251,3,16
1784679333.884,real_q6xl_tensor_220w_mtp,3,30,11669,193.19,67,1875,9251,3,16
1784679334.454,real_q6xl_tensor_220w_mtp,0,100,11669,176.25,63,1710,9251,3,16
1784679334.454,real_q6xl_tensor_220w_mtp,1,32,11669,182.99,68,1590,9251,3,16
1784679334.454,real_q6xl_tensor_220w_mtp,2,31,11669,180.14,72,1665,9251,3,16
1784679334.454,real_q6xl_tensor_220w_mtp,3,30,11669,184.56,68,1620,9251,3,16
1784679335.028,real_q6xl_tensor_220w_mtp,0,100,11669,192.78,64,1710,9251,3,16
1784679335.028,real_q6xl_tensor_220w_mtp,1,100,11669,197.65,68,1575,9251,3,16
1784679335.028,real_q6xl_tensor_220w_mtp,2,100,11669,196.76,72,1665,9251,3,16
1784679335.028,real_q6xl_tensor_220w_mtp,3,100,11669,198.67,69,1620,9251,3,16
1784679335.602,real_q6xl_tensor_220w_mtp,0,100,11669,203.30,64,1605,9251,3,16
1784679335.602,real_q6xl_tensor_220w_mtp,1,100,11669,206.06,68,1545,9251,3,16
1784679335.602,real_q6xl_tensor_220w_mtp,2,100,11669,205.24,72,1530,9251,3,16
1784679335.602,real_q6xl_tensor_220w_mtp,3,100,11669,207.05,68,1590,9251,3,16
1784679336.177,real_q6xl_tensor_220w_mtp,0,100,11669,202.89,64,1680,9251,3,16
1784679336.177,real_q6xl_tensor_220w_mtp,1,88,11669,205.98,68,1560,9251,3,16
1784679336.177,real_q6xl_tensor_220w_mtp,2,99,11669,205.41,72,1665,9251,3,16
1784679336.177,real_q6xl_tensor_220w_mtp,3,100,11669,206.20,68,1590,9251,3,16
1784679336.750,real_q6xl_tensor_220w_mtp,0,23,11669,199.55,62,1695,9251,3,16
1784679336.750,real_q6xl_tensor_220w_mtp,1,48,11669,203.80,67,1710,9251,3,16
1784679336.750,real_q6xl_tensor_220w_mtp,2,76,11669,200.29,71,1740,9251,3,16
1784679336.750,real_q6xl_tensor_220w_mtp,3,100,11669,203.33,67,1740,9251,3,16
1784679337.320,real_q6xl_tensor_220w_mtp,0,65,11669,176.41,63,1710,9251,3,16
1784679337.320,real_q6xl_tensor_220w_mtp,1,100,11669,183.74,67,1605,9251,3,16
1784679337.320,real_q6xl_tensor_220w_mtp,2,100,11669,181.84,71,1665,9251,3,16
1784679337.320,real_q6xl_tensor_220w_mtp,3,100,11669,184.43,68,1635,9251,3,16
1784679337.915,real_q6xl_tensor_220w_mtp,0,83,11669,185.00,63,1710,9251,3,16
1784679337.915,real_q6xl_tensor_220w_mtp,1,100,11669,191.09,68,1590,9251,3,16
1784679337.915,real_q6xl_tensor_220w_mtp,2,100,11669,190.95,72,1665,9251,3,16
1784679337.915,real_q6xl_tensor_220w_mtp,3,100,11669,191.79,68,1620,9251,3,16
1784679338.511,real_q6xl_tensor_220w_mtp,0,68,11669,202.40,63,1725,9251,3,16
1784679338.511,real_q6xl_tensor_220w_mtp,1,92,11669,206.20,66,1605,9251,3,16
1784679338.511,real_q6xl_tensor_220w_mtp,2,100,11669,203.85,71,1530,9251,3,16
1784679338.511,real_q6xl_tensor_220w_mtp,3,59,11669,207.12,69,1635,9251,3,16
1784679339.106,real_q6xl_tensor_220w_mtp,0,37,11669,201.10,64,1560,9251,3,16
1784679339.106,real_q6xl_tensor_220w_mtp,1,92,11669,206.52,67,1365,9251,3,16
1784679339.106,real_q6xl_tensor_220w_mtp,2,100,11669,204.16,71,1485,9251,3,16
1784679339.106,real_q6xl_tensor_220w_mtp,3,59,11669,204.18,68,1470,9251,3,16
1784679339.699,real_q6xl_tensor_220w_mtp,0,37,11669,203.19,62,1920,9251,3,16
1784679339.699,real_q6xl_tensor_220w_mtp,1,16,11669,202.81,68,1905,9251,3,16
1784679339.699,real_q6xl_tensor_220w_mtp,2,16,11669,199.47,71,1890,9251,3,16
1784679339.699,real_q6xl_tensor_220w_mtp,3,45,11669,206.70,67,1920,9251,3,16
1784679340.312,real_q6xl_tensor_220w_mtp,0,74,11669,174.77,63,1710,9251,3,16
1784679340.312,real_q6xl_tensor_220w_mtp,1,66,11669,183.34,67,1530,9251,3,16
1784679340.312,real_q6xl_tensor_220w_mtp,2,16,11669,179.00,71,1605,9251,3,16
1784679340.312,real_q6xl_tensor_220w_mtp,3,45,11669,184.23,68,1665,9251,3,16
1784679340.907,real_q6xl_tensor_220w_mtp,0,74,11669,180.05,63,1635,9251,3,16
1784679340.907,real_q6xl_tensor_220w_mtp,1,77,11669,191.32,66,1560,9251,3,16
1784679340.907,real_q6xl_tensor_220w_mtp,2,88,11669,189.02,70,1560,9251,3,16
1784679340.907,real_q6xl_tensor_220w_mtp,3,44,11669,187.25,68,1605,9251,3,16
1784679341.508,real_q6xl_tensor_220w_mtp,0,37,11669,199.97,63,1905,9251,3,16
1784679341.508,real_q6xl_tensor_220w_mtp,1,77,11669,209.00,67,1890,9251,3,16
1784679341.508,real_q6xl_tensor_220w_mtp,2,88,11669,207.21,71,1875,9251,3,16
1784679341.508,real_q6xl_tensor_220w_mtp,3,44,11669,203.91,67,1905,9251,3,16
1784679342.079,real_q6xl_tensor_220w_mtp,0,37,11669,208.02,64,1755,9251,3,16
1784679342.079,real_q6xl_tensor_220w_mtp,1,100,11669,209.66,68,1680,9251,3,16
1784679342.079,real_q6xl_tensor_220w_mtp,2,100,11669,210.83,72,1710,9251,3,16
1784679342.079,real_q6xl_tensor_220w_mtp,3,67,11669,207.48,69,1725,9251,3,16
1784679342.645,real_q6xl_tensor_220w_mtp,0,100,11669,210.78,64,1605,9251,3,16
1784679342.645,real_q6xl_tensor_220w_mtp,1,100,11669,208.74,68,1440,9251,3,16
1784679342.645,real_q6xl_tensor_220w_mtp,2,100,11669,209.35,72,1560,9251,3,16
1784679342.645,real_q6xl_tensor_220w_mtp,3,67,11669,212.33,69,1485,9251,3,16
1784679343.222,real_q6xl_tensor_220w_mtp,0,100,11669,179.36,61,1920,9251,3,16
1784679343.222,real_q6xl_tensor_220w_mtp,1,32,11669,186.29,66,1890,9251,3,16
1784679343.222,real_q6xl_tensor_220w_mtp,2,33,11669,184.12,71,1890,9251,3,16
1784679343.222,real_q6xl_tensor_220w_mtp,3,30,11669,186.50,66,1905,9251,3,16
1784679343.788,real_q6xl_tensor_220w_mtp,0,100,11669,174.39,63,1710,9251,3,16
1784679343.788,real_q6xl_tensor_220w_mtp,1,100,11669,183.87,67,1590,9251,3,16
1784679343.788,real_q6xl_tensor_220w_mtp,2,100,11669,179.56,72,1665,9251,3,16
1784679343.788,real_q6xl_tensor_220w_mtp,3,100,11669,183.28,68,1620,9251,3,16
1784679344.365,real_q6xl_tensor_220w_mtp,0,100,11669,209.97,64,1725,9251,3,16
1784679344.365,real_q6xl_tensor_220w_mtp,1,100,11669,208.27,68,1605,9251,3,16
1784679344.365,real_q6xl_tensor_220w_mtp,2,100,11669,207.54,72,1605,9251,3,16
1784679344.365,real_q6xl_tensor_220w_mtp,3,100,11669,214.30,69,1650,9251,3,16
1784679344.961,real_q6xl_tensor_220w_mtp,0,100,11669,202.04,64,1575,9251,3,16
1784679344.961,real_q6xl_tensor_220w_mtp,1,100,11669,204.02,68,1485,9251,3,16
1784679344.961,real_q6xl_tensor_220w_mtp,2,100,11669,203.58,72,1515,9251,3,16
1784679344.961,real_q6xl_tensor_220w_mtp,3,100,11669,210.82,68,1530,9251,3,16
1784679345.536,real_q6xl_tensor_220w_mtp,0,100,11669,202.31,64,1680,9251,3,16
1784679345.536,real_q6xl_tensor_220w_mtp,1,100,11669,205.51,67,1605,9251,3,16
1784679345.536,real_q6xl_tensor_220w_mtp,2,100,11669,202.74,72,1560,9251,3,16
1784679345.536,real_q6xl_tensor_220w_mtp,3,100,11669,206.21,68,1650,9251,3,16
1784679346.110,real_q6xl_tensor_220w_mtp,0,32,11669,184.60,61,1905,9251,3,16
1784679346.110,real_q6xl_tensor_220w_mtp,1,100,11669,197.02,67,1890,9251,3,16
1784679346.110,real_q6xl_tensor_220w_mtp,2,100,11669,191.25,70,1860,9251,3,16
1784679346.110,real_q6xl_tensor_220w_mtp,3,100,11669,192.03,66,1905,9251,3,16
1784679346.680,real_q6xl_tensor_220w_mtp,0,32,11669,171.54,63,1560,9251,3,16
1784679346.680,real_q6xl_tensor_220w_mtp,1,100,11669,181.09,67,1455,9251,3,16
1784679346.680,real_q6xl_tensor_220w_mtp,2,100,11669,176.41,72,1575,9251,3,16
1784679346.680,real_q6xl_tensor_220w_mtp,3,100,11669,181.80,68,1500,9251,3,16
1784679347.254,real_q6xl_tensor_220w_mtp,0,100,11669,189.68,63,1605,9251,3,16
1784679347.254,real_q6xl_tensor_220w_mtp,1,67,11669,195.36,67,1500,9251,3,16
1784679347.254,real_q6xl_tensor_220w_mtp,2,100,11669,193.78,72,1530,9251,3,16
1784679347.254,real_q6xl_tensor_220w_mtp,3,81,11669,196.65,69,1530,9251,3,16
1784679347.830,real_q6xl_tensor_220w_mtp,0,100,11669,203.24,64,1590,9251,3,16
1784679347.830,real_q6xl_tensor_220w_mtp,1,100,11669,206.12,67,1455,9251,3,16
1784679347.830,real_q6xl_tensor_220w_mtp,2,100,11669,203.15,72,1605,9251,3,16
1784679347.830,real_q6xl_tensor_220w_mtp,3,100,11669,207.46,68,1500,9251,3,16
1784679348.433,real_q6xl_tensor_220w_mtp,0,65,11669,203.25,63,1710,9251,3,16
1784679348.433,real_q6xl_tensor_220w_mtp,1,67,11669,206.02,67,1590,9251,3,16
1784679348.433,real_q6xl_tensor_220w_mtp,2,67,11669,203.92,72,1665,9251,3,16
1784679348.433,real_q6xl_tensor_220w_mtp,3,67,11669,206.04,68,1620,9251,3,16
1784679349.033,real_q6xl_tensor_220w_mtp,0,65,11669,198.37,61,1830,9251,3,16
1784679349.033,real_q6xl_tensor_220w_mtp,1,33,11669,202.04,67,1725,9251,3,16
1784679349.033,real_q6xl_tensor_220w_mtp,2,33,11669,199.46,71,1845,9251,3,16
1784679349.033,real_q6xl_tensor_220w_mtp,3,5,11669,202.60,67,1755,9251,3,16
1784679349.624,real_q6xl_tensor_220w_mtp,0,96,11669,174.61,63,1575,9251,3,16
1784679349.624,real_q6xl_tensor_220w_mtp,1,33,11669,182.88,67,1590,9251,3,16
1784679349.624,real_q6xl_tensor_220w_mtp,2,33,11669,177.18,71,1590,9251,3,16
1784679349.624,real_q6xl_tensor_220w_mtp,3,5,11669,184.46,68,1500,9251,3,16
1784679350.216,real_q6xl_tensor_220w_mtp,0,96,11669,183.39,63,1710,9251,3,16
1784679350.216,real_q6xl_tensor_220w_mtp,1,91,11669,191.77,66,1590,9251,3,16
1784679350.216,real_q6xl_tensor_220w_mtp,2,100,11669,186.08,71,1665,9251,3,16
1784679350.216,real_q6xl_tensor_220w_mtp,3,58,11669,192.51,68,1635,9251,3,16
1784679350.814,real_q6xl_tensor_220w_mtp,0,33,11669,200.03,63,1905,9251,3,16
1784679350.814,real_q6xl_tensor_220w_mtp,1,90,11669,206.90,66,1740,9251,3,16
1784679350.814,real_q6xl_tensor_220w_mtp,2,100,11669,205.14,70,1890,9251,3,16
1784679350.814,real_q6xl_tensor_220w_mtp,3,58,11669,204.44,67,1755,9251,3,16
1784679351.388,real_q6xl_tensor_220w_mtp,0,33,11669,205.00,64,1845,9251,3,16
1784679351.388,real_q6xl_tensor_220w_mtp,1,100,11669,209.31,68,1845,9251,3,16
1784679351.388,real_q6xl_tensor_220w_mtp,2,100,11669,208.53,72,1800,9251,3,16
1784679351.388,real_q6xl_tensor_220w_mtp,3,72,11669,208.07,67,1815,9251,3,16
1784679351.970,real_q6xl_tensor_220w_mtp,0,100,11669,207.38,63,1620,9251,3,16
1784679351.970,real_q6xl_tensor_220w_mtp,1,100,11669,210.27,68,1605,9251,3,16
1784679351.970,real_q6xl_tensor_220w_mtp,2,100,11669,208.76,73,1665,9251,3,16
1784679351.970,real_q6xl_tensor_220w_mtp,3,72,11669,211.03,69,1635,9251,3,16
1784679352.579,real_q6xl_tensor_220w_mtp,0,100,11669,174.30,62,1920,9251,3,16
1784679352.579,real_q6xl_tensor_220w_mtp,1,17,11669,188.65,65,1905,9251,3,16
1784679352.579,real_q6xl_tensor_220w_mtp,2,18,11669,183.43,69,1890,9251,3,16
1784679352.579,real_q6xl_tensor_220w_mtp,3,5,11669,183.26,67,1920,9251,3,16
1784679353.144,real_q6xl_tensor_220w_mtp,0,100,11669,174.82,64,1575,9251,3,16
1784679353.144,real_q6xl_tensor_220w_mtp,1,17,11669,184.65,67,1530,9251,3,16
1784679353.144,real_q6xl_tensor_220w_mtp,2,18,11669,181.37,72,1665,9251,3,16
1784679353.144,real_q6xl_tensor_220w_mtp,3,5,11669,184.01,68,1575,9251,3,16
1784679353.718,real_q6xl_tensor_220w_mtp,0,100,11669,208.76,64,1710,9251,3,16
1784679353.718,real_q6xl_tensor_220w_mtp,1,100,11669,211.04,68,1590,9251,3,16
1784679353.718,real_q6xl_tensor_220w_mtp,2,100,11669,207.95,72,1650,9251,3,16
1784679353.718,real_q6xl_tensor_220w_mtp,3,100,11669,211.41,69,1620,9251,3,16
1784679354.293,real_q6xl_tensor_220w_mtp,0,100,11669,202.52,64,1710,9251,3,16
1784679354.293,real_q6xl_tensor_220w_mtp,1,100,11669,205.43,67,1590,9251,3,16
1784679354.293,real_q6xl_tensor_220w_mtp,2,100,11669,202.45,72,1650,9251,3,16
1784679354.293,real_q6xl_tensor_220w_mtp,3,100,11669,206.37,68,1635,9251,3,16
1784679354.870,real_q6xl_tensor_220w_mtp,0,100,11669,201.64,64,1695,9251,3,16
1784679354.870,real_q6xl_tensor_220w_mtp,1,100,11669,204.64,67,1605,9251,3,16
1784679354.870,real_q6xl_tensor_220w_mtp,2,100,11669,204.37,72,1650,9251,3,16
1784679354.870,real_q6xl_tensor_220w_mtp,3,100,11669,206.78,68,1620,9251,3,16
1784679355.444,real_q6xl_tensor_220w_mtp,0,35,11669,191.28,62,1815,9251,3,16
1784679355.444,real_q6xl_tensor_220w_mtp,1,100,11669,193.87,66,1875,9251,3,16
1784679355.444,real_q6xl_tensor_220w_mtp,2,100,11669,188.91,70,1800,9251,3,16
1784679355.444,real_q6xl_tensor_220w_mtp,3,100,11669,198.50,68,1860,9251,3,16
1784679356.009,real_q6xl_tensor_220w_mtp,0,35,11669,169.46,63,1695,9251,3,16
1784679356.009,real_q6xl_tensor_220w_mtp,1,100,11669,182.49,67,1605,9251,3,16
1784679356.009,real_q6xl_tensor_220w_mtp,2,100,11669,176.57,72,1650,9251,3,16
1784679356.009,real_q6xl_tensor_220w_mtp,3,100,11669,183.29,68,1620,9251,3,16
1784679356.583,real_q6xl_tensor_220w_mtp,0,100,11669,186.24,64,1545,9251,3,16
1784679356.583,real_q6xl_tensor_220w_mtp,1,100,11669,193.66,67,1440,9251,3,16
1784679356.583,real_q6xl_tensor_220w_mtp,2,100,11669,191.57,72,1560,9251,3,16
1784679356.583,real_q6xl_tensor_220w_mtp,3,100,11669,197.38,68,1500,9251,3,16
1784679357.185,real_q6xl_tensor_220w_mtp,0,100,11669,202.61,63,1710,9251,3,16
1784679357.185,real_q6xl_tensor_220w_mtp,1,78,11669,205.07,67,1590,9251,3,16
1784679357.185,real_q6xl_tensor_220w_mtp,2,89,11669,202.43,72,1620,9251,3,16
1784679357.185,real_q6xl_tensor_220w_mtp,3,100,11669,206.44,68,1650,9251,3,16
1784679357.781,real_q6xl_tensor_220w_mtp,0,80,11669,202.20,62,1665,9251,3,16
1784679357.781,real_q6xl_tensor_220w_mtp,1,66,11669,203.58,68,1425,9251,3,16
1784679357.781,real_q6xl_tensor_220w_mtp,2,91,11669,203.12,72,1590,9251,3,16
1784679357.781,real_q6xl_tensor_220w_mtp,3,66,11669,205.74,68,1485,9251,3,16
1784679358.374,real_q6xl_tensor_220w_mtp,0,80,11669,198.01,61,1920,9251,3,16
1784679358.374,real_q6xl_tensor_220w_mtp,1,49,11669,200.93,66,1905,9251,3,16
1784679358.374,real_q6xl_tensor_220w_mtp,2,39,11669,203.32,70,1890,9251,3,16
1784679358.374,real_q6xl_tensor_220w_mtp,3,2,11669,201.88,67,1920,9251,3,16
1784679358.993,real_q6xl_tensor_220w_mtp,0,92,11669,172.20,63,1575,9251,3,16
1784679358.993,real_q6xl_tensor_220w_mtp,1,33,11669,181.89,67,1515,9251,3,16
1784679358.993,real_q6xl_tensor_220w_mtp,2,17,11669,176.62,71,1485,9251,3,16
1784679358.993,real_q6xl_tensor_220w_mtp,3,51,11669,182.31,68,1575,9251,3,16
1784679359.589,real_q6xl_tensor_220w_mtp,0,92,11669,182.86,63,1560,9251,3,16
1784679359.589,real_q6xl_tensor_220w_mtp,1,55,11669,184.54,66,1380,9251,3,16
1784679359.589,real_q6xl_tensor_220w_mtp,2,45,11669,179.70,70,1485,9251,3,16
1784679359.589,real_q6xl_tensor_220w_mtp,3,44,11669,190.53,69,1440,9251,3,16
1784679360.166,real_q6xl_tensor_220w_mtp,0,100,11669,208.37,64,1830,9251,3,16
1784679360.166,real_q6xl_tensor_220w_mtp,1,55,11669,210.23,67,1800,9251,3,16
1784679360.166,real_q6xl_tensor_220w_mtp,2,45,11669,207.04,71,1680,9251,3,16
1784679360.166,real_q6xl_tensor_220w_mtp,3,44,11669,205.83,68,1830,9251,3,16
1784679360.732,real_q6xl_tensor_220w_mtp,0,100,11669,207.02,63,1530,9251,3,16
1784679360.732,real_q6xl_tensor_220w_mtp,1,100,11669,209.27,67,1425,9251,3,16
1784679360.732,real_q6xl_tensor_220w_mtp,2,100,11669,207.93,72,1560,9251,3,16
1784679360.732,real_q6xl_tensor_220w_mtp,3,100,11669,211.38,69,1485,9251,3,16
1784679361.324,real_q6xl_tensor_220w_mtp,0,100,11669,207.02,63,1665,9251,3,16
1784679361.324,real_q6xl_tensor_220w_mtp,1,100,11669,210.97,68,1590,9251,3,16
1784679361.324,real_q6xl_tensor_220w_mtp,2,100,11669,208.17,72,1650,9251,3,16
1784679361.324,real_q6xl_tensor_220w_mtp,3,100,11669,210.33,68,1620,9251,3,16
1784679361.958,real_q6xl_tensor_220w_mtp,0,30,11669,180.65,61,1905,9251,3,16
1784679361.958,real_q6xl_tensor_220w_mtp,1,31,11669,189.24,66,1830,9251,3,16
1784679361.958,real_q6xl_tensor_220w_mtp,2,35,11669,184.93,70,1785,9251,3,16
1784679361.958,real_q6xl_tensor_220w_mtp,3,33,11669,185.75,66,1815,9251,3,16
1784679362.547,real_q6xl_tensor_220w_mtp,0,100,11669,172.67,63,1650,9251,3,16
1784679362.547,real_q6xl_tensor_220w_mtp,1,31,11669,180.69,67,1530,9251,3,16
1784679362.547,real_q6xl_tensor_220w_mtp,2,35,11669,174.94,72,1635,9251,3,16
1784679362.547,real_q6xl_tensor_220w_mtp,3,33,11669,175.66,68,1545,9251,3,16
1784679363.122,real_q6xl_tensor_220w_mtp,0,100,11669,200.32,63,1530,9251,3,16
1784679363.122,real_q6xl_tensor_220w_mtp,1,100,11669,206.52,67,1410,9251,3,16
1784679363.122,real_q6xl_tensor_220w_mtp,2,100,11669,207.26,72,1635,9251,3,16
1784679363.122,real_q6xl_tensor_220w_mtp,3,100,11669,211.60,69,1635,9251,3,16
1784679363.743,real_q6xl_tensor_220w_mtp,0,100,11669,199.85,63,1650,9251,3,16
1784679363.743,real_q6xl_tensor_220w_mtp,1,100,11669,203.36,67,1500,9251,3,16
1784679363.743,real_q6xl_tensor_220w_mtp,2,100,11669,202.62,72,1620,9251,3,16
1784679363.743,real_q6xl_tensor_220w_mtp,3,100,11669,207.40,68,1530,9251,3,16
1784679364.344,real_q6xl_tensor_220w_mtp,0,100,11669,200.15,63,1695,9251,3,16
1784679364.344,real_q6xl_tensor_220w_mtp,1,100,11669,204.63,68,1590,9251,3,16
1784679364.344,real_q6xl_tensor_220w_mtp,2,100,11669,202.82,72,1635,9251,3,16
1784679364.344,real_q6xl_tensor_220w_mtp,3,100,11669,205.74,68,1635,9251,3,16
1784679364.968,real_q6xl_tensor_220w_mtp,0,34,11669,189.71,61,1905,9251,3,16
1784679364.968,real_q6xl_tensor_220w_mtp,1,100,11669,194.65,66,1875,9251,3,16
1784679364.968,real_q6xl_tensor_220w_mtp,2,100,11669,191.05,70,1815,9251,3,16
1784679364.968,real_q6xl_tensor_220w_mtp,3,100,11669,190.04,67,1875,9251,3,16
1784679365.533,real_q6xl_tensor_220w_mtp,0,34,11669,172.79,63,1695,9251,3,16
1784679365.533,real_q6xl_tensor_220w_mtp,1,100,11669,180.75,67,1590,9251,3,16
1784679365.533,real_q6xl_tensor_220w_mtp,2,100,11669,175.47,72,1650,9251,3,16
1784679365.533,real_q6xl_tensor_220w_mtp,3,100,11669,179.59,68,1620,9251,3,16
1784679366.107,real_q6xl_tensor_220w_mtp,0,100,11669,188.60,63,1695,9251,3,16
1784679366.107,real_q6xl_tensor_220w_mtp,1,100,11669,192.92,67,1575,9251,3,16
1784679366.107,real_q6xl_tensor_220w_mtp,2,100,11669,191.96,72,1650,9251,3,16
1784679366.107,real_q6xl_tensor_220w_mtp,3,100,11669,194.14,68,1590,9251,3,16
1784679366.710,real_q6xl_tensor_220w_mtp,0,100,11669,200.85,63,1605,9251,3,16
1784679366.710,real_q6xl_tensor_220w_mtp,1,100,11669,204.15,67,1575,9251,3,16
1784679366.710,real_q6xl_tensor_220w_mtp,2,100,11669,202.98,72,1605,9251,3,16
1784679366.710,real_q6xl_tensor_220w_mtp,3,71,11669,204.95,68,1485,9251,3,16
1784679367.313,real_q6xl_tensor_220w_mtp,0,37,11669,199.58,61,1545,9251,3,16
1784679367.313,real_q6xl_tensor_220w_mtp,1,65,11669,204.65,68,1530,9251,3,16
1784679367.313,real_q6xl_tensor_220w_mtp,2,100,11669,202.55,70,1500,9251,3,16
1784679367.313,real_q6xl_tensor_220w_mtp,3,71,11669,203.11,67,1590,9251,3,16
1784679367.915,real_q6xl_tensor_220w_mtp,0,37,11669,206.34,63,1890,9251,3,16
1784679367.915,real_q6xl_tensor_220w_mtp,1,44,11669,204.77,67,1875,9251,3,16
1784679367.915,real_q6xl_tensor_220w_mtp,2,35,11669,201.29,72,1845,9251,3,16
1784679367.915,real_q6xl_tensor_220w_mtp,3,93,11669,210.07,67,1875,9251,3,16
1784679368.509,real_q6xl_tensor_220w_mtp,0,17,11669,172.64,61,1920,9251,3,16
1784679368.509,real_q6xl_tensor_220w_mtp,1,44,11669,178.67,65,1845,9251,3,16
1784679368.509,real_q6xl_tensor_220w_mtp,2,35,11669,175.12,69,1890,9251,3,16
1784679368.509,real_q6xl_tensor_220w_mtp,3,93,11669,181.85,66,1860,9251,3,16
1784679369.102,real_q6xl_tensor_220w_mtp,0,100,11669,182.77,63,1755,9251,3,16
1784679369.102,real_q6xl_tensor_220w_mtp,1,100,11669,184.72,68,1650,9251,3,16
1784679369.102,real_q6xl_tensor_220w_mtp,2,100,11669,180.55,72,1590,9251,3,16
1784679369.102,real_q6xl_tensor_220w_mtp,3,100,11669,190.76,68,1680,9251,3,16
1784679369.669,real_q6xl_tensor_220w_mtp,0,100,11669,206.64,63,1695,9251,3,16
1784679369.669,real_q6xl_tensor_220w_mtp,1,100,11669,209.99,68,1590,9251,3,16
1784679369.669,real_q6xl_tensor_220w_mtp,2,100,11669,207.21,72,1605,9251,3,16
1784679369.669,real_q6xl_tensor_220w_mtp,3,100,11669,209.02,68,1620,9251,3,16
1784679370.246,real_q6xl_tensor_220w_mtp,0,100,11669,199.69,63,1545,9251,3,16
1784679370.246,real_q6xl_tensor_220w_mtp,1,100,11669,206.59,68,1395,9251,3,16
1784679370.246,real_q6xl_tensor_220w_mtp,2,100,11669,205.98,72,1590,9251,3,16
1784679370.246,real_q6xl_tensor_220w_mtp,3,100,11669,204.87,68,1425,9251,3,16
1784679370.819,real_q6xl_tensor_220w_mtp,0,100,11669,199.45,63,1695,9251,3,16
1784679370.819,real_q6xl_tensor_220w_mtp,1,100,11669,203.41,67,1590,9251,3,16
1784679370.819,real_q6xl_tensor_220w_mtp,2,100,11669,201.56,72,1650,9251,3,16
1784679370.819,real_q6xl_tensor_220w_mtp,3,100,11669,207.09,68,1620,9251,3,16
1784679371.439,real_q6xl_tensor_220w_mtp,0,100,11669,188.13,62,1905,9251,3,16
1784679371.439,real_q6xl_tensor_220w_mtp,1,23,11669,190.22,65,1905,9251,3,16
1784679371.439,real_q6xl_tensor_220w_mtp,2,24,11669,184.28,69,1800,9251,3,16
1784679371.439,real_q6xl_tensor_220w_mtp,3,24,11669,189.21,67,1920,9251,3,16
1784679372.035,real_q6xl_tensor_220w_mtp,0,100,11669,168.93,63,1695,9251,3,16
1784679372.035,real_q6xl_tensor_220w_mtp,1,23,11669,178.07,67,1590,9251,3,16
1784679372.035,real_q6xl_tensor_220w_mtp,2,24,11669,169.45,71,1605,9251,3,16
1784679372.035,real_q6xl_tensor_220w_mtp,3,24,11669,181.08,68,1620,9251,3,16
1784679372.635,real_q6xl_tensor_220w_mtp,0,100,11669,194.99,63,1710,9251,3,16
1784679372.635,real_q6xl_tensor_220w_mtp,1,100,11669,194.84,67,1605,9251,3,16
1784679372.635,real_q6xl_tensor_220w_mtp,2,100,11669,191.95,71,1620,9251,3,16
1784679372.635,real_q6xl_tensor_220w_mtp,3,100,11669,200.80,68,1635,9251,3,16
1784679373.283,real_q6xl_tensor_220w_mtp,0,100,11669,199.71,63,1680,9251,3,16
1784679373.283,real_q6xl_tensor_220w_mtp,1,64,11669,203.69,67,1605,9251,3,16
1784679373.283,real_q6xl_tensor_220w_mtp,2,71,11669,201.11,71,1560,9251,3,16
1784679373.283,real_q6xl_tensor_220w_mtp,3,64,11669,204.12,68,1620,9251,3,16
1784679373.885,real_q6xl_tensor_220w_mtp,0,100,11669,200.58,62,1680,9251,3,16
1784679373.885,real_q6xl_tensor_220w_mtp,1,49,11669,204.00,67,1530,9251,3,16
1784679373.885,real_q6xl_tensor_220w_mtp,2,67,11669,201.52,72,1650,9251,3,16
1784679373.885,real_q6xl_tensor_220w_mtp,3,93,11669,204.27,68,1545,9251,3,16
1784679374.458,real_q6xl_tensor_220w_mtp,0,88,11669,196.95,62,1920,9251,3,16
1784679374.458,real_q6xl_tensor_220w_mtp,1,49,11669,203.70,66,1890,9251,3,16
1784679374.458,real_q6xl_tensor_220w_mtp,2,67,11669,201.57,70,1905,9251,3,16
1784679374.458,real_q6xl_tensor_220w_mtp,3,93,11669,201.08,68,1920,9251,3,16
1784679375.037,real_q6xl_tensor_220w_mtp,0,88,11669,172.21,60,1920,9251,3,16
1784679375.037,real_q6xl_tensor_220w_mtp,1,30,11669,177.98,65,1905,9251,3,16
1784679375.037,real_q6xl_tensor_220w_mtp,2,41,11669,173.90,69,1905,9251,3,16
1784679375.037,real_q6xl_tensor_220w_mtp,3,1,11669,182.15,66,1920,9251,3,16
1784679375.604,real_q6xl_tensor_220w_mtp,0,100,11669,180.52,63,1575,9251,3,16
1784679375.604,real_q6xl_tensor_220w_mtp,1,30,11669,185.14,67,1575,9251,3,16
1784679375.604,real_q6xl_tensor_220w_mtp,2,41,11669,180.79,71,1635,9251,3,16
1784679375.604,real_q6xl_tensor_220w_mtp,3,1,11669,190.13,68,1620,9251,3,16
1784679376.166,real_q6xl_tensor_220w_mtp,0,100,11669,205.98,63,1560,9251,3,16
1784679376.166,real_q6xl_tensor_220w_mtp,1,100,11669,211.83,67,1455,9251,3,16
1784679376.166,real_q6xl_tensor_220w_mtp,2,100,11669,208.27,72,1485,9251,3,16
1784679376.166,real_q6xl_tensor_220w_mtp,3,100,11669,209.40,68,1500,9251,3,16
1784679376.736,real_q6xl_tensor_220w_mtp,0,100,11669,200.41,63,1590,9251,3,16
1784679376.736,real_q6xl_tensor_220w_mtp,1,100,11669,207.31,67,1425,9251,3,16
1784679376.736,real_q6xl_tensor_220w_mtp,2,100,11669,204.72,72,1605,9251,3,16
1784679376.736,real_q6xl_tensor_220w_mtp,3,100,11669,212.45,68,1470,9251,3,16
1784679377.337,real_q6xl_tensor_220w_mtp,0,100,11669,200.66,63,1680,9251,3,16
1784679377.337,real_q6xl_tensor_220w_mtp,1,100,11669,203.66,67,1560,9251,3,16
1784679377.337,real_q6xl_tensor_220w_mtp,2,100,11669,201.87,72,1500,9251,3,16
1784679377.337,real_q6xl_tensor_220w_mtp,3,100,11669,204.52,68,1590,9251,3,16
1784679377.933,real_q6xl_tensor_220w_mtp,0,38,11669,182.44,61,1905,9251,3,16
1784679377.933,real_q6xl_tensor_220w_mtp,1,100,11669,192.80,67,1875,9251,3,16
1784679377.933,real_q6xl_tensor_220w_mtp,2,100,11669,189.26,70,1860,9251,3,16
1784679377.933,real_q6xl_tensor_220w_mtp,3,100,11669,190.04,66,1890,9251,3,16
1784679378.561,real_q6xl_tensor_220w_mtp,0,38,11669,165.85,63,1575,9251,3,16
1784679378.561,real_q6xl_tensor_220w_mtp,1,100,11669,175.72,67,1500,9251,3,16
1784679378.561,real_q6xl_tensor_220w_mtp,2,100,11669,171.18,71,1500,9251,3,16
1784679378.561,real_q6xl_tensor_220w_mtp,3,100,11669,177.94,68,1560,9251,3,16
1784679379.184,real_q6xl_tensor_220w_mtp,0,100,11669,188.82,63,1650,9251,3,16
1784679379.184,real_q6xl_tensor_220w_mtp,1,100,11669,198.19,67,1515,9251,3,16
1784679379.184,real_q6xl_tensor_220w_mtp,2,100,11669,192.27,71,1605,9251,3,16
1784679379.184,real_q6xl_tensor_220w_mtp,3,100,11669,196.79,68,1530,9251,3,16
1784679379.780,real_q6xl_tensor_220w_mtp,0,83,11669,200.06,63,1635,9251,3,16
1784679379.780,real_q6xl_tensor_220w_mtp,1,26,11669,203.41,66,1575,9251,3,16
1784679379.780,real_q6xl_tensor_220w_mtp,2,33,11669,198.62,71,1515,9251,3,16
1784679379.780,real_q6xl_tensor_220w_mtp,3,73,11669,204.40,68,1605,9251,3,16
1784679380.386,real_q6xl_tensor_220w_mtp,0,62,11669,200.58,61,1800,9251,3,16
1784679380.386,real_q6xl_tensor_220w_mtp,1,26,11669,198.99,68,1575,9251,3,16
1784679380.386,real_q6xl_tensor_220w_mtp,2,33,11669,198.97,70,1875,9251,3,16
1784679380.386,real_q6xl_tensor_220w_mtp,3,73,11669,203.39,67,1605,9251,3,16
1784679381.029,real_q6xl_tensor_220w_mtp,0,62,11669,205.80,63,1875,9251,3,16
1784679381.029,real_q6xl_tensor_220w_mtp,1,90,11669,206.72,66,1845,9251,3,16
1784679381.029,real_q6xl_tensor_220w_mtp,2,78,11669,205.42,71,1815,9251,3,16
1784679381.029,real_q6xl_tensor_220w_mtp,3,37,11669,203.35,68,1875,9251,3,16
1784679381.633,real_q6xl_tensor_220w_mtp,0,18,11669,175.82,61,1920,9251,3,16
1784679381.633,real_q6xl_tensor_220w_mtp,1,90,11669,179.73,66,1905,9251,3,16
1784679381.633,real_q6xl_tensor_220w_mtp,2,78,11669,175.04,70,1905,9251,3,16
1784679381.633,real_q6xl_tensor_220w_mtp,3,37,11669,184.76,66,1920,9251,3,16
1784679382.198,real_q6xl_tensor_220w_mtp,0,18,11669,175.39,63,1620,9251,3,16
1784679382.198,real_q6xl_tensor_220w_mtp,1,100,11669,179.36,67,1590,9251,3,16
1784679382.198,real_q6xl_tensor_220w_mtp,2,100,11669,174.81,71,1500,9251,3,16
1784679382.198,real_q6xl_tensor_220w_mtp,3,100,11669,184.92,68,1620,9251,3,16
1784679382.776,real_q6xl_tensor_220w_mtp,0,100,11669,207.71,63,1680,9251,3,16
1784679382.776,real_q6xl_tensor_220w_mtp,1,100,11669,207.62,67,1590,9251,3,16
1784679382.776,real_q6xl_tensor_220w_mtp,2,100,11669,205.73,71,1635,9251,3,16
1784679382.776,real_q6xl_tensor_220w_mtp,3,100,11669,212.26,68,1605,9251,3,16
1784679383.356,real_q6xl_tensor_220w_mtp,0,100,11669,199.96,63,1650,9251,3,16
1784679383.356,real_q6xl_tensor_220w_mtp,1,100,11669,202.89,67,1560,9251,3,16
1784679383.356,real_q6xl_tensor_220w_mtp,2,100,11669,202.35,72,1635,9251,3,16
1784679383.356,real_q6xl_tensor_220w_mtp,3,100,11669,204.57,68,1575,9251,3,16
1784679383.931,real_q6xl_tensor_220w_mtp,0,100,11669,200.88,63,1680,9251,3,16
1784679383.931,real_q6xl_tensor_220w_mtp,1,100,11669,203.95,67,1410,9251,3,16
1784679383.931,real_q6xl_tensor_220w_mtp,2,100,11669,201.14,72,1635,9251,3,16
1784679383.931,real_q6xl_tensor_220w_mtp,3,100,11669,204.52,68,1455,9251,3,16
1784679384.549,real_q6xl_tensor_220w_mtp,0,100,11669,195.83,62,1905,9251,3,16
1784679384.549,real_q6xl_tensor_220w_mtp,1,24,11669,196.36,65,1890,9251,3,16
1784679384.549,real_q6xl_tensor_220w_mtp,2,22,11669,192.05,69,1860,9251,3,16
1784679384.549,real_q6xl_tensor_220w_mtp,3,36,11669,201.11,67,1905,9251,3,16
1784679385.118,real_q6xl_tensor_220w_mtp,0,95,11669,169.01,62,1650,9251,3,16
1784679385.118,real_q6xl_tensor_220w_mtp,1,24,11669,179.42,66,1545,9251,3,16
1784679385.118,real_q6xl_tensor_220w_mtp,2,22,11669,173.68,71,1620,9251,3,16
1784679385.118,real_q6xl_tensor_220w_mtp,3,36,11669,179.74,67,1560,9251,3,16
1784679385.696,real_q6xl_tensor_220w_mtp,0,95,11669,179.54,63,1545,9251,3,16
1784679385.696,real_q6xl_tensor_220w_mtp,1,74,11669,187.60,66,1305,9251,3,16
1784679385.696,real_q6xl_tensor_220w_mtp,2,61,11669,183.79,70,1905,9251,3,16
1784679385.696,real_q6xl_tensor_220w_mtp,3,26,11669,188.47,68,1410,9251,3,16
1784679386.271,real_q6xl_tensor_220w_mtp,0,97,11669,204.86,63,1740,9251,3,16
1784679386.271,real_q6xl_tensor_220w_mtp,1,100,11669,207.37,67,1770,9251,3,16
1784679386.271,real_q6xl_tensor_220w_mtp,2,100,11669,206.99,72,1695,9251,3,16
1784679386.271,real_q6xl_tensor_220w_mtp,3,100,11669,208.82,67,1800,9251,3,16
1784679386.865,real_q6xl_tensor_220w_mtp,0,97,11669,205.64,63,1695,9251,3,16
1784679386.865,real_q6xl_tensor_220w_mtp,1,100,11669,207.03,67,1575,9251,3,16
1784679386.865,real_q6xl_tensor_220w_mtp,2,100,11669,207.38,71,1635,9251,3,16
1784679386.865,real_q6xl_tensor_220w_mtp,3,100,11669,209.02,68,1635,9251,3,16
1784679387.442,real_q6xl_tensor_220w_mtp,0,100,11669,200.74,63,1680,9251,3,16
1784679387.442,real_q6xl_tensor_220w_mtp,1,100,11669,207.85,67,1575,9251,3,16
1784679387.442,real_q6xl_tensor_220w_mtp,2,100,11669,207.02,72,1635,9251,3,16
1784679387.442,real_q6xl_tensor_220w_mtp,3,100,11669,211.06,68,1590,9251,3,16
1784679388.019,real_q6xl_tensor_220w_mtp,0,100,11669,182.25,61,1920,9251,3,16
1784679388.019,real_q6xl_tensor_220w_mtp,1,28,11669,187.62,66,1845,9251,3,16
1784679388.019,real_q6xl_tensor_220w_mtp,2,38,11669,184.85,70,1905,9251,3,16
1784679388.019,real_q6xl_tensor_220w_mtp,3,37,11669,186.86,65,1725,9251,3,16
1784679388.590,real_q6xl_tensor_220w_mtp,0,100,11669,168.87,63,1650,9251,3,16
1784679388.590,real_q6xl_tensor_220w_mtp,1,28,11669,178.41,67,1410,9251,3,16
1784679388.590,real_q6xl_tensor_220w_mtp,2,38,11669,172.76,71,1530,9251,3,16
1784679388.590,real_q6xl_tensor_220w_mtp,3,37,11669,168.55,67,1455,9251,3,16
1784679389.165,real_q6xl_tensor_220w_mtp,0,100,11669,191.90,63,1515,9251,3,16
1784679389.165,real_q6xl_tensor_220w_mtp,1,100,11669,194.32,67,1365,9251,3,16
1784679389.165,real_q6xl_tensor_220w_mtp,2,100,11669,188.52,71,1560,9251,3,16
1784679389.165,real_q6xl_tensor_220w_mtp,3,100,11669,191.17,68,1425,9251,3,16
1784679389.760,real_q6xl_tensor_220w_mtp,0,38,11669,199.02,61,1485,9251,3,16
1784679389.760,real_q6xl_tensor_220w_mtp,1,63,11669,202.80,67,1395,9251,3,16
1784679389.760,real_q6xl_tensor_220w_mtp,2,83,11669,202.14,71,1485,9251,3,16
1784679389.760,real_q6xl_tensor_220w_mtp,3,63,11669,204.07,66,1485,9251,3,16
1784679390.339,real_q6xl_tensor_220w_mtp,0,38,11669,197.64,63,1920,9251,3,16
1784679390.339,real_q6xl_tensor_220w_mtp,1,79,11669,204.14,66,1890,9251,3,16
1784679390.339,real_q6xl_tensor_220w_mtp,2,61,11669,202.24,70,1890,9251,3,16
1784679390.339,real_q6xl_tensor_220w_mtp,3,35,11669,202.61,66,1920,9251,3,16
1784679390.963,real_q6xl_tensor_220w_mtp,0,100,11669,204.79,63,1500,9251,3,16
1784679390.963,real_q6xl_tensor_220w_mtp,1,79,11669,204.26,66,1365,9251,3,16
1784679390.963,real_q6xl_tensor_220w_mtp,2,61,11669,209.43,72,1605,9251,3,16
1784679390.963,real_q6xl_tensor_220w_mtp,3,35,11669,203.08,67,1395,9251,3,16
1784679391.571,real_q6xl_tensor_220w_mtp,0,100,11669,177.61,61,1680,9251,3,16
1784679391.571,real_q6xl_tensor_220w_mtp,1,26,11669,179.35,65,1800,9251,3,16
1784679391.571,real_q6xl_tensor_220w_mtp,2,36,11669,190.73,71,1515,9251,3,16
1784679391.571,real_q6xl_tensor_220w_mtp,3,35,11669,179.06,65,1740,9251,3,16
1784679392.140,real_q6xl_tensor_220w_mtp,0,0,11669,132.40,60,1920,9251,3,16
1784679392.140,real_q6xl_tensor_220w_mtp,1,26,11669,144.28,64,1920,9251,3,16
1784679392.140,real_q6xl_tensor_220w_mtp,2,36,11669,135.65,68,1905,9251,3,16
1784679392.140,real_q6xl_tensor_220w_mtp,3,35,11669,148.51,65,1920,9251,3,16
1784679392.706,real_q6xl_tensor_220w_mtp,0,48,11669,132.48,62,1680,9251,3,16
1784679392.706,real_q6xl_tensor_220w_mtp,1,100,11669,145.58,65,1425,9251,3,16
1784679392.706,real_q6xl_tensor_220w_mtp,2,100,11669,135.09,70,1545,9251,3,16
1784679392.706,real_q6xl_tensor_220w_mtp,3,100,11669,149.71,66,1440,9251,3,16
1784679393.345,real_q6xl_tensor_220w_mtp,0,42,11669,170.26,61,1695,9251,3,16
1784679393.345,real_q6xl_tensor_220w_mtp,1,100,11669,178.61,65,1410,9251,3,16
1784679393.345,real_q6xl_tensor_220w_mtp,2,100,11669,174.80,70,1815,9251,3,16
1784679393.345,real_q6xl_tensor_220w_mtp,3,100,11669,179.38,66,1485,9251,3,16
1784679393.914,real_q6xl_tensor_220w_mtp,0,42,11669,154.99,60,1920,9251,3,16
1784679393.914,real_q6xl_tensor_220w_mtp,1,0,11669,162.72,64,1920,9251,3,16
1784679393.914,real_q6xl_tensor_220w_mtp,2,0,11669,155.71,68,1905,9251,3,16
1784679393.914,real_q6xl_tensor_220w_mtp,3,0,11669,167.40,64,1920,9251,3,16
1784679394.484,real_q6xl_tensor_220w_mtp,0,38,11669,124.59,61,1905,9251,3,16
1784679394.484,real_q6xl_tensor_220w_mtp,1,0,11669,143.11,65,1875,9251,3,16
1784679394.484,real_q6xl_tensor_220w_mtp,2,0,11669,132.06,69,1890,9251,3,16
1784679394.484,real_q6xl_tensor_220w_mtp,3,0,11669,143.86,66,1890,9251,3,16
1784679395.054,real_q6xl_tensor_220w_mtp,0,38,11669,158.85,62,1680,9251,3,16
1784679395.054,real_q6xl_tensor_220w_mtp,1,69,11669,176.60,66,1575,9251,3,16
1784679395.054,real_q6xl_tensor_220w_mtp,2,70,11669,169.70,70,1620,9251,3,16
1784679395.054,real_q6xl_tensor_220w_mtp,3,69,11669,181.48,67,1590,9251,3,16
1784679395.632,real_q6xl_tensor_220w_mtp,0,74,11669,200.86,62,1695,9251,3,16
1784679395.632,real_q6xl_tensor_220w_mtp,1,69,11669,207.48,66,1635,9251,3,16
1784679395.632,real_q6xl_tensor_220w_mtp,2,70,11669,207.13,70,1635,9251,3,16
1784679395.632,real_q6xl_tensor_220w_mtp,3,69,11669,207.30,67,1680,9251,3,16
1784679396.214,real_q6xl_tensor_220w_mtp,0,74,11669,212.97,62,1800,9251,3,16
1784679396.214,real_q6xl_tensor_220w_mtp,1,75,11669,213.97,66,1725,9251,3,16
1784679396.214,real_q6xl_tensor_220w_mtp,2,78,11669,214.00,71,1725,9251,3,16
1784679396.214,real_q6xl_tensor_220w_mtp,3,71,11669,214.68,67,1740,9251,3,16
1784679396.791,real_q6xl_tensor_220w_mtp,0,72,11669,213.22,62,1725,9251,3,16
1784679396.791,real_q6xl_tensor_220w_mtp,1,78,11669,215.77,66,1575,9251,3,16
1784679396.791,real_q6xl_tensor_220w_mtp,2,79,11669,213.57,71,1725,9251,3,16
1784679396.791,real_q6xl_tensor_220w_mtp,3,75,11669,215.21,67,1590,9251,3,16
1784679397.372,real_q6xl_tensor_220w_mtp,0,72,11669,214.13,62,1740,9251,3,16
1784679397.372,real_q6xl_tensor_220w_mtp,1,80,11669,215.30,66,1710,9251,3,16
1784679397.372,real_q6xl_tensor_220w_mtp,2,76,11669,214.73,71,1635,9251,3,16
1784679397.372,real_q6xl_tensor_220w_mtp,3,78,11669,215.55,67,1725,9251,3,16
1784679397.951,real_q6xl_tensor_220w_mtp,0,69,11669,212.61,62,1740,9251,3,16
1784679397.951,real_q6xl_tensor_220w_mtp,1,80,11669,214.55,67,1710,9251,3,16
1784679397.951,real_q6xl_tensor_220w_mtp,2,76,11669,213.58,71,1770,9251,3,16
1784679397.951,real_q6xl_tensor_220w_mtp,3,78,11669,214.92,67,1590,9251,3,16
1784679398.528,real_q6xl_tensor_220w_mtp,0,0,11669,166.17,60,1920,9251,3,16
1784679398.528,real_q6xl_tensor_220w_mtp,1,0,11669,173.51,64,1920,9251,3,16
1784679398.528,real_q6xl_tensor_220w_mtp,2,0,11669,166.30,68,1905,9251,3,16
1784679398.528,real_q6xl_tensor_220w_mtp,3,0,11669,170.47,64,1920,9251,3,16
1784679399.112,real_q6xl_tensor_220w_mtp,0,0,11669,152.42,62,1845,9251,3,16
1784679399.112,real_q6xl_tensor_220w_mtp,1,75,11669,166.69,67,1875,9251,3,16
1784679399.112,real_q6xl_tensor_220w_mtp,2,74,11669,159.03,71,1815,9251,3,16
1784679399.112,real_q6xl_tensor_220w_mtp,3,88,11669,168.40,67,1800,9251,3,16
1784679399.690,real_q6xl_tensor_220w_mtp,0,100,11669,203.13,63,1860,9251,3,16
1784679399.690,real_q6xl_tensor_220w_mtp,1,75,11669,213.45,67,1785,9251,3,16
1784679399.690,real_q6xl_tensor_220w_mtp,2,74,11669,211.13,71,1830,9251,3,16
1784679399.690,real_q6xl_tensor_220w_mtp,3,88,11669,210.51,68,1770,9251,3,16
1784679400.295,real_q6xl_tensor_220w_mtp,0,77,11669,210.53,62,1920,9251,3,16
1784679400.295,real_q6xl_tensor_220w_mtp,1,83,11669,218.61,66,1920,9251,3,16
1784679400.295,real_q6xl_tensor_220w_mtp,2,87,11669,214.73,70,1905,9251,3,16
1784679400.295,real_q6xl_tensor_220w_mtp,3,55,11669,215.52,67,1920,9251,3,16
1784679400.863,real_q6xl_tensor_220w_mtp,0,80,11669,204.69,63,1860,9251,3,16
1784679400.863,real_q6xl_tensor_220w_mtp,1,83,11669,210.30,67,1785,9251,3,16
1784679400.863,real_q6xl_tensor_220w_mtp,2,91,11669,207.44,71,1830,9251,3,16
1784679400.863,real_q6xl_tensor_220w_mtp,3,55,11669,210.77,68,1785,9251,3,16
1784679401.440,real_q6xl_tensor_220w_mtp,0,80,11669,209.74,63,1845,9251,3,16
1784679401.440,real_q6xl_tensor_220w_mtp,1,100,11669,216.56,67,1785,9251,3,16
1784679401.440,real_q6xl_tensor_220w_mtp,2,91,11669,215.42,72,1815,9251,3,16
1784679401.440,real_q6xl_tensor_220w_mtp,3,100,11669,220.60,68,1785,9251,3,16
1784679402.027,real_q6xl_tensor_220w_mtp,0,35,11669,207.84,61,1875,9251,3,16
1784679402.027,real_q6xl_tensor_220w_mtp,1,100,11669,209.85,66,1770,9251,3,16
1784679402.027,real_q6xl_tensor_220w_mtp,2,28,11669,206.68,71,1905,9251,3,16
1784679402.027,real_q6xl_tensor_220w_mtp,3,100,11669,213.79,67,1800,9251,3,16
1784679402.605,real_q6xl_tensor_220w_mtp,0,35,11669,204.50,63,1845,9251,3,16
1784679402.605,real_q6xl_tensor_220w_mtp,1,100,11669,212.75,67,1785,9251,3,16
1784679402.605,real_q6xl_tensor_220w_mtp,2,28,11669,209.91,72,1815,9251,3,16
1784679402.605,real_q6xl_tensor_220w_mtp,3,100,11669,210.99,68,1785,9251,3,16
1784679403.198,real_q6xl_tensor_220w_mtp,0,79,11669,212.81,63,1845,9251,3,16
1784679403.198,real_q6xl_tensor_220w_mtp,1,100,11669,218.28,67,1755,9251,3,16
1784679403.198,real_q6xl_tensor_220w_mtp,2,79,11669,216.01,72,1815,9251,3,16
1784679403.198,real_q6xl_tensor_220w_mtp,3,100,11669,217.13,68,1785,9251,3,16
1784679403.800,real_q6xl_tensor_220w_mtp,0,43,11669,204.82,63,1845,9251,3,16
1784679403.800,real_q6xl_tensor_220w_mtp,1,44,11669,210.99,67,1785,9251,3,16
1784679403.800,real_q6xl_tensor_220w_mtp,2,64,11669,208.40,71,1815,9251,3,16
1784679403.800,real_q6xl_tensor_220w_mtp,3,92,11669,211.45,68,1800,9251,3,16
1784679404.378,real_q6xl_tensor_220w_mtp,0,100,11669,206.45,63,1845,9251,3,16
1784679404.378,real_q6xl_tensor_220w_mtp,1,44,11669,213.05,67,1785,9251,3,16
1784679404.378,real_q6xl_tensor_220w_mtp,2,96,11669,209.55,72,1815,9251,3,16
1784679404.378,real_q6xl_tensor_220w_mtp,3,92,11669,213.39,68,1800,9251,3,16
1784679404.980,real_q6xl_tensor_220w_mtp,0,100,11669,213.15,63,1845,9251,3,16
1784679404.980,real_q6xl_tensor_220w_mtp,1,83,11669,218.16,67,1770,9251,3,16
1784679404.980,real_q6xl_tensor_220w_mtp,2,96,11669,215.40,72,1815,9251,3,16
1784679404.980,real_q6xl_tensor_220w_mtp,3,100,11669,218.11,68,1785,9251,3,16
1784679405.556,real_q6xl_tensor_220w_mtp,0,100,11669,204.52,63,1845,9251,3,16
1784679405.556,real_q6xl_tensor_220w_mtp,1,83,11669,210.17,67,1770,9251,3,16
1784679405.556,real_q6xl_tensor_220w_mtp,2,100,11669,208.04,72,1815,9251,3,16
1784679405.556,real_q6xl_tensor_220w_mtp,3,100,11669,213.30,68,1785,9251,3,16
1784679406.131,real_q6xl_tensor_220w_mtp,0,100,11669,206.51,63,1905,9251,3,16
1784679406.131,real_q6xl_tensor_220w_mtp,1,92,11669,211.29,67,1875,9251,3,16
1784679406.131,real_q6xl_tensor_220w_mtp,2,100,11669,208.49,72,1815,9251,3,16
1784679406.131,real_q6xl_tensor_220w_mtp,3,100,11669,213.36,69,1890,9251,3,16
1784679406.706,real_q6xl_tensor_220w_mtp,0,100,11669,213.35,63,1845,9251,3,16
1784679406.706,real_q6xl_tensor_220w_mtp,1,92,11669,218.00,68,1770,9251,3,16
1784679406.706,real_q6xl_tensor_220w_mtp,2,100,11669,215.27,72,1800,9251,3,16
1784679406.706,real_q6xl_tensor_220w_mtp,3,100,11669,217.74,69,1785,9251,3,16
1784679407.323,real_q6xl_tensor_220w_mtp,0,100,11669,206.48,63,1845,9251,3,16
1784679407.323,real_q6xl_tensor_220w_mtp,1,100,11669,212.17,67,1770,9251,3,16
1784679407.323,real_q6xl_tensor_220w_mtp,2,100,11669,208.24,72,1800,9251,3,16
1784679407.323,real_q6xl_tensor_220w_mtp,3,100,11669,212.54,68,1785,9251,3,16
1784679407.920,real_q6xl_tensor_220w_mtp,0,79,11669,204.39,63,1845,9251,3,16
1784679407.920,real_q6xl_tensor_220w_mtp,1,82,11669,210.63,67,1755,9251,3,16
1784679407.920,real_q6xl_tensor_220w_mtp,2,92,11669,207.49,72,1800,9251,3,16
1784679407.920,real_q6xl_tensor_220w_mtp,3,100,11669,211.61,68,1740,9251,3,16
1784679408.496,real_q6xl_tensor_220w_mtp,0,79,11669,213.72,64,1845,9251,3,16
1784679408.496,real_q6xl_tensor_220w_mtp,1,82,11669,218.20,68,1770,9251,3,16
1784679408.496,real_q6xl_tensor_220w_mtp,2,92,11669,216.40,72,1800,9251,3,16
1784679408.496,real_q6xl_tensor_220w_mtp,3,100,11669,217.58,69,1785,9251,3,16
1784679409.091,real_q6xl_tensor_220w_mtp,0,100,11669,206.34,64,1845,9251,3,16
1784679409.091,real_q6xl_tensor_220w_mtp,1,100,11669,211.79,67,1770,9251,3,16
1784679409.091,real_q6xl_tensor_220w_mtp,2,100,11669,208.78,72,1800,9251,3,16
1784679409.091,real_q6xl_tensor_220w_mtp,3,100,11669,212.51,69,1785,9251,3,16
1784679409.668,real_q6xl_tensor_220w_mtp,0,100,11669,203.85,63,1845,9251,3,16
1784679409.668,real_q6xl_tensor_220w_mtp,1,100,11669,210.80,68,1755,9251,3,16
1784679409.668,real_q6xl_tensor_220w_mtp,2,100,11669,207.27,72,1800,9251,3,16
1784679409.668,real_q6xl_tensor_220w_mtp,3,100,11669,211.34,69,1770,9251,3,16
1784679410.244,real_q6xl_tensor_220w_mtp,0,100,11669,215.77,64,1845,9251,3,16
1784679410.244,real_q6xl_tensor_220w_mtp,1,100,11669,217.23,68,1755,9251,3,16
1784679410.244,real_q6xl_tensor_220w_mtp,2,100,11669,216.32,72,1800,9251,3,16
1784679410.244,real_q6xl_tensor_220w_mtp,3,100,11669,219.21,69,1770,9251,3,16
1784679410.839,real_q6xl_tensor_220w_mtp,0,100,11669,206.17,64,1830,9251,3,16
1784679410.839,real_q6xl_tensor_220w_mtp,1,100,11669,210.99,68,1770,9251,3,16
1784679410.839,real_q6xl_tensor_220w_mtp,2,100,11669,209.24,72,1800,9251,3,16
1784679410.839,real_q6xl_tensor_220w_mtp,3,98,11669,212.04,69,1785,9251,3,16
1784679411.412,real_q6xl_tensor_220w_mtp,0,85,11669,203.73,63,1830,9251,3,16
1784679411.412,real_q6xl_tensor_220w_mtp,1,100,11669,209.97,68,1770,9251,3,16
1784679411.412,real_q6xl_tensor_220w_mtp,2,100,11669,208.07,72,1800,9251,3,16
1784679411.412,real_q6xl_tensor_220w_mtp,3,98,11669,210.74,69,1770,9251,3,16
1784679411.989,real_q6xl_tensor_220w_mtp,0,85,11669,213.31,64,1845,9251,3,16
1784679411.989,real_q6xl_tensor_220w_mtp,1,100,11669,219.63,68,1770,9251,3,16
1784679411.989,real_q6xl_tensor_220w_mtp,2,100,11669,218.63,72,1800,9251,3,16
1784679411.989,real_q6xl_tensor_220w_mtp,3,100,11669,217.18,69,1770,9251,3,16
1784679412.585,real_q6xl_tensor_220w_mtp,0,100,11669,205.95,64,1830,9251,3,16
1784679412.585,real_q6xl_tensor_220w_mtp,1,100,11669,211.04,68,1755,9251,3,16
1784679412.585,real_q6xl_tensor_220w_mtp,2,100,11669,208.93,72,1800,9251,3,16
1784679412.585,real_q6xl_tensor_220w_mtp,3,100,11669,212.30,69,1770,9251,3,16
1784679413.158,real_q6xl_tensor_220w_mtp,0,100,11669,204.15,63,1830,9251,3,16
1784679413.158,real_q6xl_tensor_220w_mtp,1,100,11669,209.90,68,1755,9251,3,16
1784679413.158,real_q6xl_tensor_220w_mtp,2,100,11669,208.13,72,1800,9251,3,16
1784679413.158,real_q6xl_tensor_220w_mtp,3,100,11669,211.54,69,1755,9251,3,16
1784679413.733,real_q6xl_tensor_220w_mtp,0,100,11669,212.09,64,1830,9251,3,16
1784679413.733,real_q6xl_tensor_220w_mtp,1,100,11669,217.57,68,1755,9251,3,16
1784679413.733,real_q6xl_tensor_220w_mtp,2,100,11669,218.93,73,1800,9251,3,16
1784679413.733,real_q6xl_tensor_220w_mtp,3,87,11669,217.52,69,1785,9251,3,16
1784679414.309,real_q6xl_tensor_220w_mtp,0,100,11669,204.63,64,1845,9251,3,16
1784679414.309,real_q6xl_tensor_220w_mtp,1,100,11669,210.97,68,1770,9251,3,16
1784679414.309,real_q6xl_tensor_220w_mtp,2,100,11669,209.55,72,1800,9251,3,16
1784679414.309,real_q6xl_tensor_220w_mtp,3,100,11669,211.41,69,1785,9251,3,16
1784679414.887,real_q6xl_tensor_220w_mtp,0,76,11669,202.35,64,1845,9251,3,16
1784679414.887,real_q6xl_tensor_220w_mtp,1,74,11669,208.46,68,1755,9251,3,16
1784679414.887,real_q6xl_tensor_220w_mtp,2,100,11669,206.62,72,1800,9251,3,16
1784679414.887,real_q6xl_tensor_220w_mtp,3,100,11669,210.30,69,1755,9251,3,16
1784679415.464,real_q6xl_tensor_220w_mtp,0,76,11669,212.39,64,1815,9251,3,16
1784679415.464,real_q6xl_tensor_220w_mtp,1,74,11669,217.04,68,1755,9251,3,16
1784679415.464,real_q6xl_tensor_220w_mtp,2,100,11669,216.10,73,1800,9251,3,16
1784679415.464,real_q6xl_tensor_220w_mtp,3,100,11669,217.45,69,1770,9251,3,16
1784679416.040,real_q6xl_tensor_220w_mtp,0,100,11669,204.09,64,1830,9251,3,16
1784679416.040,real_q6xl_tensor_220w_mtp,1,100,11669,210.00,68,1740,9251,3,16
1784679416.040,real_q6xl_tensor_220w_mtp,2,100,11669,208.32,72,1800,9251,3,16
1784679416.040,real_q6xl_tensor_220w_mtp,3,100,11669,211.32,69,1770,9251,3,16
1784679416.635,real_q6xl_tensor_220w_mtp,0,100,11669,202.73,63,1815,9251,3,16
1784679416.635,real_q6xl_tensor_220w_mtp,1,100,11669,208.18,68,1725,9251,3,16
1784679416.635,real_q6xl_tensor_220w_mtp,2,75,11669,206.30,72,1770,9251,3,16
1784679416.635,real_q6xl_tensor_220w_mtp,3,88,11669,209.73,68,1725,9251,3,16
1784679417.214,real_q6xl_tensor_220w_mtp,0,100,11669,212.87,64,1830,9251,3,16
1784679417.214,real_q6xl_tensor_220w_mtp,1,100,11669,216.35,68,1755,9251,3,16
1784679417.214,real_q6xl_tensor_220w_mtp,2,75,11669,216.19,73,1785,9251,3,16
1784679417.214,real_q6xl_tensor_220w_mtp,3,88,11669,216.85,69,1770,9251,3,16
1784679417.789,real_q6xl_tensor_220w_mtp,0,62,11669,204.26,64,1845,9251,3,16
1784679417.789,real_q6xl_tensor_220w_mtp,1,79,11669,209.75,68,1740,9251,3,16
1784679417.789,real_q6xl_tensor_220w_mtp,2,100,11669,208.25,72,1800,9251,3,16
1784679417.789,real_q6xl_tensor_220w_mtp,3,100,11669,210.93,69,1755,9251,3,16
1784679418.367,real_q6xl_tensor_220w_mtp,0,79,11669,202.24,64,1890,9251,3,16
1784679418.367,real_q6xl_tensor_220w_mtp,1,100,11669,210.32,68,1800,9251,3,16
1784679418.367,real_q6xl_tensor_220w_mtp,2,100,11669,209.30,73,1785,9251,3,16
1784679418.367,real_q6xl_tensor_220w_mtp,3,100,11669,209.31,68,1875,9251,3,16
1784679418.940,real_q6xl_tensor_220w_mtp,0,79,11669,212.59,64,1830,9251,3,16
1784679418.940,real_q6xl_tensor_220w_mtp,1,100,11669,216.62,68,1725,9251,3,16
1784679418.940,real_q6xl_tensor_220w_mtp,2,100,11669,216.94,73,1770,9251,3,16
1784679418.940,real_q6xl_tensor_220w_mtp,3,100,11669,216.63,69,1755,9251,3,16
1784679419.517,real_q6xl_tensor_220w_mtp,0,100,11669,203.54,63,1830,9251,3,16
1784679419.517,real_q6xl_tensor_220w_mtp,1,100,11669,209.50,67,1755,9251,3,16
1784679419.517,real_q6xl_tensor_220w_mtp,2,100,11669,207.91,72,1785,9251,3,16
1784679419.517,real_q6xl_tensor_220w_mtp,3,100,11669,210.97,69,1740,9251,3,16
1784679420.092,real_q6xl_tensor_220w_mtp,0,100,11669,203.70,64,1815,9251,3,16
1784679420.092,real_q6xl_tensor_220w_mtp,1,100,11669,210.15,68,1740,9251,3,16
1784679420.092,real_q6xl_tensor_220w_mtp,2,100,11669,207.46,73,1770,9251,3,16
1784679420.092,real_q6xl_tensor_220w_mtp,3,100,11669,211.22,69,1755,9251,3,16
1784679420.668,real_q6xl_tensor_220w_mtp,0,74,11669,212.12,64,1815,9251,3,16
1784679420.668,real_q6xl_tensor_220w_mtp,1,72,11669,215.77,68,1740,9251,3,16
1784679420.668,real_q6xl_tensor_220w_mtp,2,100,11669,215.66,73,1785,9251,3,16
1784679420.668,real_q6xl_tensor_220w_mtp,3,100,11669,216.54,69,1740,9251,3,16
1784679421.246,real_q6xl_tensor_220w_mtp,0,70,11669,201.90,62,1830,9251,3,16
1784679421.246,real_q6xl_tensor_220w_mtp,1,59,11669,208.15,67,1740,9251,3,16
1784679421.246,real_q6xl_tensor_220w_mtp,2,40,11669,206.43,72,1770,9251,3,16
1784679421.246,real_q6xl_tensor_220w_mtp,3,80,11669,208.19,67,1770,9251,3,16
1784679421.828,real_q6xl_tensor_220w_mtp,0,100,11669,203.24,64,1815,9251,3,16
1784679421.828,real_q6xl_tensor_220w_mtp,1,100,11669,209.03,68,1755,9251,3,16
1784679421.828,real_q6xl_tensor_220w_mtp,2,40,11669,207.12,73,1770,9251,3,16
1784679421.828,real_q6xl_tensor_220w_mtp,3,80,11669,209.75,69,1770,9251,3,16
1784679422.423,real_q6xl_tensor_220w_mtp,0,100,11669,214.77,64,1875,9251,3,16
1784679422.423,real_q6xl_tensor_220w_mtp,1,100,11669,216.69,68,1875,9251,3,16
1784679422.423,real_q6xl_tensor_220w_mtp,2,81,11669,215.46,73,1800,9251,3,16
1784679422.423,real_q6xl_tensor_220w_mtp,3,100,11669,218.22,69,1875,9251,3,16
1784679422.996,real_q6xl_tensor_220w_mtp,0,38,11669,206.13,63,1920,9251,3,16
1784679422.996,real_q6xl_tensor_220w_mtp,1,32,11669,207.46,67,1920,9251,3,16
1784679422.996,real_q6xl_tensor_220w_mtp,2,81,11669,211.92,72,1905,9251,3,16
1784679422.996,real_q6xl_tensor_220w_mtp,3,100,11669,212.24,68,1920,9251,3,16
1784679423.563,real_q6xl_tensor_220w_mtp,0,38,11669,203.17,63,1815,9251,3,16
1784679423.563,real_q6xl_tensor_220w_mtp,1,32,11669,208.10,68,1740,9251,3,16
1784679423.563,real_q6xl_tensor_220w_mtp,2,81,11669,207.46,73,1770,9251,3,16
1784679423.563,real_q6xl_tensor_220w_mtp,3,100,11669,210.15,69,1755,9251,3,16
1784679424.140,real_q6xl_tensor_220w_mtp,0,100,11669,213.95,64,1815,9251,3,16
1784679424.140,real_q6xl_tensor_220w_mtp,1,100,11669,217.43,68,1740,9251,3,16
1784679424.140,real_q6xl_tensor_220w_mtp,2,81,11669,217.50,73,1785,9251,3,16
1784679424.140,real_q6xl_tensor_220w_mtp,3,100,11669,217.66,69,1755,9251,3,16
1784679424.732,real_q6xl_tensor_220w_mtp,0,100,11669,213.89,64,1920,9251,3,16
1784679424.732,real_q6xl_tensor_220w_mtp,1,100,11669,213.61,67,1905,9251,3,16
1784679424.732,real_q6xl_tensor_220w_mtp,2,56,11669,212.01,72,1890,9251,3,16
1784679424.732,real_q6xl_tensor_220w_mtp,3,100,11669,217.61,69,1905,9251,3,16
1784679425.301,real_q6xl_tensor_220w_mtp,0,100,11669,201.82,64,1875,9251,3,16
1784679425.301,real_q6xl_tensor_220w_mtp,1,71,11669,204.89,68,1875,9251,3,16
1784679425.301,real_q6xl_tensor_220w_mtp,2,100,11669,202.38,73,1830,9251,3,16
1784679425.301,real_q6xl_tensor_220w_mtp,3,100,11669,209.04,69,1890,9251,3,16
1784679425.879,real_q6xl_tensor_220w_mtp,0,100,11669,206.34,64,1815,9251,3,16
1784679425.879,real_q6xl_tensor_220w_mtp,1,71,11669,212.23,68,1725,9251,3,16
1784679425.879,real_q6xl_tensor_220w_mtp,2,100,11669,212.39,73,1755,9251,3,16
1784679425.879,real_q6xl_tensor_220w_mtp,3,100,11669,212.09,69,1755,9251,3,16
1784679426.479,real_q6xl_tensor_220w_mtp,0,100,11669,214.89,64,1830,9251,3,16
1784679426.479,real_q6xl_tensor_220w_mtp,1,100,11669,218.78,68,1740,9251,3,16
1784679426.479,real_q6xl_tensor_220w_mtp,2,100,11669,218.07,73,1785,9251,3,16
1784679426.479,real_q6xl_tensor_220w_mtp,3,100,11669,217.55,69,1740,9251,3,16
1784679427.055,real_q6xl_tensor_220w_mtp,0,100,11669,202.70,64,1815,9251,3,16
1784679427.055,real_q6xl_tensor_220w_mtp,1,100,11669,207.76,68,1755,9251,3,16
1784679427.055,real_q6xl_tensor_220w_mtp,2,100,11669,205.41,73,1755,9251,3,16
1784679427.055,real_q6xl_tensor_220w_mtp,3,100,11669,209.64,69,1755,9251,3,16
1784679427.633,real_q6xl_tensor_220w_mtp,0,100,11669,202.03,64,1920,9251,3,16
1784679427.633,real_q6xl_tensor_220w_mtp,1,70,11669,204.60,67,1845,9251,3,16
1784679427.633,real_q6xl_tensor_220w_mtp,2,100,11669,202.12,72,1890,9251,3,16
1784679427.633,real_q6xl_tensor_220w_mtp,3,100,11669,209.45,69,1830,9251,3,16
1784679428.211,real_q6xl_tensor_220w_mtp,0,100,11669,211.63,64,1800,9251,3,16
1784679428.211,real_q6xl_tensor_220w_mtp,1,70,11669,215.42,68,1725,9251,3,16
1784679428.211,real_q6xl_tensor_220w_mtp,2,100,11669,214.90,73,1770,9251,3,16
1784679428.211,real_q6xl_tensor_220w_mtp,3,100,11669,215.95,69,1725,9251,3,16
1784679428.789,real_q6xl_tensor_220w_mtp,0,100,11669,201.49,64,1800,9251,3,16
1784679428.789,real_q6xl_tensor_220w_mtp,1,63,11669,208.21,67,1740,9251,3,16
1784679428.789,real_q6xl_tensor_220w_mtp,2,29,11669,206.76,72,1770,9251,3,16
1784679428.789,real_q6xl_tensor_220w_mtp,3,62,11669,209.01,69,1755,9251,3,16
1784679429.369,real_q6xl_tensor_220w_mtp,0,100,11669,201.67,64,1830,9251,3,16
1784679429.369,real_q6xl_tensor_220w_mtp,1,63,11669,207.90,68,1755,9251,3,16
1784679429.369,real_q6xl_tensor_220w_mtp,2,100,11669,205.57,73,1770,9251,3,16
1784679429.369,real_q6xl_tensor_220w_mtp,3,100,11669,209.18,69,1755,9251,3,16
1784679429.944,real_q6xl_tensor_220w_mtp,0,66,11669,211.82,64,1815,9251,3,16
1784679429.944,real_q6xl_tensor_220w_mtp,1,93,11669,216.59,68,1725,9251,3,16
1784679429.944,real_q6xl_tensor_220w_mtp,2,100,11669,214.96,72,1770,9251,3,16
1784679429.944,real_q6xl_tensor_220w_mtp,3,100,11669,214.88,69,1725,9251,3,16
1784679430.544,real_q6xl_tensor_220w_mtp,0,66,11669,199.44,63,1920,9251,3,16
1784679430.544,real_q6xl_tensor_220w_mtp,1,93,11669,208.67,67,1920,9251,3,16
1784679430.544,real_q6xl_tensor_220w_mtp,2,29,11669,205.34,71,1905,9251,3,16
1784679430.544,real_q6xl_tensor_220w_mtp,3,17,11669,205.07,68,1920,9251,3,16
1784679431.138,real_q6xl_tensor_220w_mtp,0,70,11669,201.85,64,1800,9251,3,16
1784679431.138,real_q6xl_tensor_220w_mtp,1,100,11669,207.40,68,1710,9251,3,16
1784679431.138,real_q6xl_tensor_220w_mtp,2,29,11669,204.73,73,1755,9251,3,16
1784679431.138,real_q6xl_tensor_220w_mtp,3,17,11669,207.65,69,1740,9251,3,16
1784679431.716,real_q6xl_tensor_220w_mtp,0,70,11669,215.11,64,1800,9251,3,16
1784679431.716,real_q6xl_tensor_220w_mtp,1,100,11669,217.51,68,1725,9251,3,16
1784679431.716,real_q6xl_tensor_220w_mtp,2,100,11669,216.29,73,1755,9251,3,16
1784679431.716,real_q6xl_tensor_220w_mtp,3,100,11669,217.94,69,1740,9251,3,16
1784679432.294,real_q6xl_tensor_220w_mtp,0,90,11669,213.97,64,1905,9251,3,16
1784679432.294,real_q6xl_tensor_220w_mtp,1,53,11669,213.43,68,1905,9251,3,16
1784679432.294,real_q6xl_tensor_220w_mtp,2,100,11669,211.84,73,1875,9251,3,16
1784679432.294,real_q6xl_tensor_220w_mtp,3,100,11669,217.75,68,1905,9251,3,16
1784679432.893,real_q6xl_tensor_220w_mtp,0,90,11669,199.97,64,1845,9251,3,16
1784679432.893,real_q6xl_tensor_220w_mtp,1,53,11669,206.21,68,1815,9251,3,16
1784679432.893,real_q6xl_tensor_220w_mtp,2,83,11669,201.54,73,1785,9251,3,16
1784679432.893,real_q6xl_tensor_220w_mtp,3,100,11669,208.59,69,1830,9251,3,16
1784679433.483,real_q6xl_tensor_220w_mtp,0,96,11669,205.91,64,1785,9251,3,16
1784679433.483,real_q6xl_tensor_220w_mtp,1,100,11669,213.21,68,1725,9251,3,16
1784679433.483,real_q6xl_tensor_220w_mtp,2,83,11669,209.96,73,1770,9251,3,16
1784679433.483,real_q6xl_tensor_220w_mtp,3,100,11669,211.72,69,1755,9251,3,16
1784679434.073,real_q6xl_tensor_220w_mtp,0,96,11669,214.58,64,1800,9251,3,16
1784679434.073,real_q6xl_tensor_220w_mtp,1,100,11669,217.36,68,1725,9251,3,16
1784679434.073,real_q6xl_tensor_220w_mtp,2,100,11669,216.19,73,1755,9251,3,16
1784679434.073,real_q6xl_tensor_220w_mtp,3,100,11669,217.67,69,1755,9251,3,16
1784679434.668,real_q6xl_tensor_220w_mtp,0,100,11669,200.38,64,1815,9251,3,16
1784679434.668,real_q6xl_tensor_220w_mtp,1,100,11669,206.31,68,1725,9251,3,16
1784679434.668,real_q6xl_tensor_220w_mtp,2,100,11669,204.04,73,1785,9251,3,16
1784679434.668,real_q6xl_tensor_220w_mtp,3,100,11669,207.69,69,1725,9251,3,16
1784679435.244,real_q6xl_tensor_220w_mtp,0,100,11669,200.64,64,1785,9251,3,16
1784679435.244,real_q6xl_tensor_220w_mtp,1,100,11669,206.48,68,1725,9251,3,16
1784679435.244,real_q6xl_tensor_220w_mtp,2,100,11669,203.97,73,1755,9251,3,16
1784679435.244,real_q6xl_tensor_220w_mtp,3,100,11669,207.92,69,1755,9251,3,16
1784679435.819,real_q6xl_tensor_220w_mtp,0,68,11669,211.54,64,1815,9251,3,16
1784679435.819,real_q6xl_tensor_220w_mtp,1,67,11669,215.61,68,1710,9251,3,16
1784679435.819,real_q6xl_tensor_220w_mtp,2,100,11669,213.09,73,1785,9251,3,16
1784679435.819,real_q6xl_tensor_220w_mtp,3,100,11669,214.27,69,1725,9251,3,16
1784679436.395,real_q6xl_tensor_220w_mtp,0,68,11669,202.45,62,1920,9251,3,16
1784679436.395,real_q6xl_tensor_220w_mtp,1,67,11669,206.03,67,1695,9251,3,16
1784679436.395,real_q6xl_tensor_220w_mtp,2,21,11669,204.06,72,1905,9251,3,16
1784679436.395,real_q6xl_tensor_220w_mtp,3,27,11669,207.60,68,1920,9251,3,16
1784679436.992,real_q6xl_tensor_220w_mtp,0,100,11669,200.88,64,1800,9251,3,16
1784679436.992,real_q6xl_tensor_220w_mtp,1,100,11669,206.67,68,1740,9251,3,16
1784679436.992,real_q6xl_tensor_220w_mtp,2,21,11669,204.97,73,1755,9251,3,16
1784679436.992,real_q6xl_tensor_220w_mtp,3,27,11669,207.11,69,1755,9251,3,16
1784679437.568,real_q6xl_tensor_220w_mtp,0,100,11669,215.55,65,1800,9251,3,16
1784679437.568,real_q6xl_tensor_220w_mtp,1,100,11669,216.93,68,1725,9251,3,16
1784679437.568,real_q6xl_tensor_220w_mtp,2,100,11669,217.73,73,1755,9251,3,16
1784679437.568,real_q6xl_tensor_220w_mtp,3,100,11669,216.76,69,1740,9251,3,16
1784679438.162,real_q6xl_tensor_220w_mtp,0,64,11669,213.30,65,1890,9251,3,16
1784679438.162,real_q6xl_tensor_220w_mtp,1,100,11669,217.14,68,1875,9251,3,16
1784679438.162,real_q6xl_tensor_220w_mtp,2,100,11669,216.17,73,1845,9251,3,16
1784679438.162,real_q6xl_tensor_220w_mtp,3,100,11669,213.76,68,1875,9251,3,16
1784679438.733,real_q6xl_tensor_220w_mtp,0,64,11669,201.21,64,1800,9251,3,16
1784679438.733,real_q6xl_tensor_220w_mtp,1,100,11669,205.90,68,1725,9251,3,16
1784679438.733,real_q6xl_tensor_220w_mtp,2,100,11669,204.06,73,1755,9251,3,16
1784679438.733,real_q6xl_tensor_220w_mtp,3,100,11669,206.29,69,1740,9251,3,16
1784679439.310,real_q6xl_tensor_220w_mtp,0,70,11669,201.01,64,1785,9251,3,16
1784679439.310,real_q6xl_tensor_220w_mtp,1,67,11669,209.06,68,1680,9251,3,16
1784679439.310,real_q6xl_tensor_220w_mtp,2,66,11669,208.62,73,1755,9251,3,16
1784679439.310,real_q6xl_tensor_220w_mtp,3,100,11669,206.60,68,1710,9251,3,16
1784679439.889,real_q6xl_tensor_220w_mtp,0,70,11669,212.69,64,1800,9251,3,16
1784679439.889,real_q6xl_tensor_220w_mtp,1,67,11669,216.75,68,1710,9251,3,16
1784679439.889,real_q6xl_tensor_220w_mtp,2,66,11669,214.32,73,1785,9251,3,16
1784679439.889,real_q6xl_tensor_220w_mtp,3,100,11669,214.60,69,1725,9251,3,16
1784679440.464,real_q6xl_tensor_220w_mtp,0,83,11669,200.16,64,1815,9251,3,16
1784679440.464,real_q6xl_tensor_220w_mtp,1,100,11669,206.49,67,1725,9251,3,16
1784679440.464,real_q6xl_tensor_220w_mtp,2,100,11669,202.97,72,1770,9251,3,16
1784679440.464,real_q6xl_tensor_220w_mtp,3,100,11669,206.66,69,1740,9251,3,16
1784679441.077,real_q6xl_tensor_220w_mtp,0,83,11669,199.49,64,1785,9251,3,16
1784679441.077,real_q6xl_tensor_220w_mtp,1,100,11669,205.88,68,1695,9251,3,16
1784679441.077,real_q6xl_tensor_220w_mtp,2,100,11669,203.44,73,1755,9251,3,16
1784679441.077,real_q6xl_tensor_220w_mtp,3,100,11669,206.23,69,1710,9251,3,16
1784679441.658,real_q6xl_tensor_220w_mtp,0,100,11669,214.61,64,1800,9251,3,16
1784679441.658,real_q6xl_tensor_220w_mtp,1,100,11669,217.59,68,1725,9251,3,16
1784679441.658,real_q6xl_tensor_220w_mtp,2,100,11669,217.26,73,1755,9251,3,16
1784679441.658,real_q6xl_tensor_220w_mtp,3,100,11669,217.78,70,1725,9251,3,16
1784679442.230,real_q6xl_tensor_220w_mtp,0,100,11669,210.93,63,1920,9251,3,16
1784679442.230,real_q6xl_tensor_220w_mtp,1,100,11669,212.52,67,1920,9251,3,16
1784679442.230,real_q6xl_tensor_220w_mtp,2,100,11669,209.63,72,1905,9251,3,16
1784679442.230,real_q6xl_tensor_220w_mtp,3,66,11669,214.98,68,1920,9251,3,16
1784679442.798,real_q6xl_tensor_220w_mtp,0,100,11669,198.74,64,1785,9251,3,16
1784679442.798,real_q6xl_tensor_220w_mtp,1,97,11669,208.59,68,1725,9251,3,16
1784679442.798,real_q6xl_tensor_220w_mtp,2,87,11669,204.66,73,1740,9251,3,16
1784679442.798,real_q6xl_tensor_220w_mtp,3,100,11669,207.04,69,1740,9251,3,16
1784679443.368,real_q6xl_tensor_220w_mtp,0,100,11669,205.49,63,1785,9251,3,16
1784679443.368,real_q6xl_tensor_220w_mtp,1,97,11669,207.94,68,1695,9251,3,16
1784679443.368,real_q6xl_tensor_220w_mtp,2,87,11669,206.64,73,1770,9251,3,16
1784679443.368,real_q6xl_tensor_220w_mtp,3,73,11669,211.62,69,1710,9251,3,16
1784679443.946,real_q6xl_tensor_220w_mtp,0,100,11669,215.23,64,1815,9251,3,16
1784679443.946,real_q6xl_tensor_220w_mtp,1,100,11669,214.91,68,1710,9251,3,16
1784679443.946,real_q6xl_tensor_220w_mtp,2,100,11669,214.89,73,1770,9251,3,16
1784679443.946,real_q6xl_tensor_220w_mtp,3,73,11669,216.70,69,1725,9251,3,16
1784679444.544,real_q6xl_tensor_220w_mtp,0,100,11669,195.67,63,1800,9251,3,16
1784679444.544,real_q6xl_tensor_220w_mtp,1,100,11669,203.23,67,1740,9251,3,16
1784679444.544,real_q6xl_tensor_220w_mtp,2,100,11669,199.43,72,1755,9251,3,16
1784679444.544,real_q6xl_tensor_220w_mtp,3,100,11669,202.24,68,1740,9251,3,16
1784679445.120,real_q6xl_tensor_220w_mtp,0,100,11669,197.24,65,1785,9251,3,16
1784679445.120,real_q6xl_tensor_220w_mtp,1,100,11669,202.29,68,1725,9251,3,16
1784679445.120,real_q6xl_tensor_220w_mtp,2,100,11669,199.92,73,1740,9251,3,16
1784679445.120,real_q6xl_tensor_220w_mtp,3,100,11669,202.72,69,1740,9251,3,16
1784679445.697,real_q6xl_tensor_220w_mtp,0,100,11669,216.35,65,1785,9251,3,16
1784679445.697,real_q6xl_tensor_220w_mtp,1,100,11669,216.49,68,1695,9251,3,16
1784679445.697,real_q6xl_tensor_220w_mtp,2,100,11669,215.98,73,1755,9251,3,16
1784679445.697,real_q6xl_tensor_220w_mtp,3,100,11669,216.35,70,1710,9251,3,16
1784679446.293,real_q6xl_tensor_220w_mtp,0,59,11669,212.89,63,1905,9251,3,16
1784679446.293,real_q6xl_tensor_220w_mtp,1,31,11669,211.68,67,1905,9251,3,16
1784679446.293,real_q6xl_tensor_220w_mtp,2,23,11669,208.89,73,1875,9251,3,16
1784679446.293,real_q6xl_tensor_220w_mtp,3,100,11669,213.07,68,1890,9251,3,16
1784679446.887,real_q6xl_tensor_220w_mtp,0,59,11669,200.21,64,1785,9251,3,16
1784679446.887,real_q6xl_tensor_220w_mtp,1,31,11669,207.49,68,1710,9251,3,16
1784679446.887,real_q6xl_tensor_220w_mtp,2,23,11669,206.47,73,1725,9251,3,16
1784679446.887,real_q6xl_tensor_220w_mtp,3,100,11669,204.35,69,1710,9251,3,16
1784679447.480,real_q6xl_tensor_220w_mtp,0,67,11669,206.51,64,1785,9251,3,16
1784679447.480,real_q6xl_tensor_220w_mtp,1,92,11669,212.03,67,1710,9251,3,16
1784679447.480,real_q6xl_tensor_220w_mtp,2,100,11669,209.85,72,1740,9251,3,16
1784679447.480,real_q6xl_tensor_220w_mtp,3,100,11669,210.68,69,1740,9251,3,16
1784679448.080,real_q6xl_tensor_220w_mtp,0,67,11669,216.30,65,1785,9251,3,16
1784679448.080,real_q6xl_tensor_220w_mtp,1,92,11669,217.24,68,1695,9251,3,16
1784679448.080,real_q6xl_tensor_220w_mtp,2,100,11669,215.64,73,1725,9251,3,16
1784679448.080,real_q6xl_tensor_220w_mtp,3,100,11669,218.43,70,1710,9251,3,16
1784679448.674,real_q6xl_tensor_220w_mtp,0,92,11669,199.10,64,1785,9251,3,16
1784679448.674,real_q6xl_tensor_220w_mtp,1,42,11669,204.33,68,1695,9251,3,16
1784679448.674,real_q6xl_tensor_220w_mtp,2,52,11669,201.85,72,1740,9251,3,16
1784679448.674,real_q6xl_tensor_220w_mtp,3,100,11669,204.13,69,1725,9251,3,16
1784679449.251,real_q6xl_tensor_220w_mtp,0,92,11669,198.98,64,1770,9251,3,16
1784679449.251,real_q6xl_tensor_220w_mtp,1,82,11669,204.42,68,1680,9251,3,16
1784679449.251,real_q6xl_tensor_220w_mtp,2,95,11669,202.36,73,1710,9251,3,16
1784679449.251,real_q6xl_tensor_220w_mtp,3,100,11669,204.27,69,1710,9251,3,16
1784679449.829,real_q6xl_tensor_220w_mtp,0,100,11669,216.45,65,1815,9251,3,16
1784679449.829,real_q6xl_tensor_220w_mtp,1,100,11669,216.31,68,1740,9251,3,16
1784679449.829,real_q6xl_tensor_220w_mtp,2,100,11669,215.76,73,1740,9251,3,16
1784679449.829,real_q6xl_tensor_220w_mtp,3,100,11669,216.13,70,1740,9251,3,16
1784679450.425,real_q6xl_tensor_220w_mtp,0,100,11669,216.63,65,1905,9251,3,16
1784679450.425,real_q6xl_tensor_220w_mtp,1,100,11669,211.82,67,1905,9251,3,16
1784679450.425,real_q6xl_tensor_220w_mtp,2,100,11669,210.28,72,1875,9251,3,16
1784679450.425,real_q6xl_tensor_220w_mtp,3,100,11669,215.98,69,1905,9251,3,16
1784679450.994,real_q6xl_tensor_220w_mtp,0,100,11669,198.54,64,1770,9251,3,16
1784679450.994,real_q6xl_tensor_220w_mtp,1,100,11669,202.90,68,1695,9251,3,16
1784679450.994,real_q6xl_tensor_220w_mtp,2,100,11669,201.54,73,1710,9251,3,16
1784679450.994,real_q6xl_tensor_220w_mtp,3,100,11669,203.87,69,1710,9251,3,16
1784679451.570,real_q6xl_tensor_220w_mtp,0,100,11669,202.84,64,1905,9251,3,16
1784679451.570,real_q6xl_tensor_220w_mtp,1,100,11669,209.28,68,1890,9251,3,16
1784679451.570,real_q6xl_tensor_220w_mtp,2,100,11669,206.33,73,1860,9251,3,16
1784679451.570,real_q6xl_tensor_220w_mtp,3,80,11669,208.29,68,1890,9251,3,16
1784679452.166,real_q6xl_tensor_220w_mtp,0,100,11669,210.04,64,1800,9251,3,16
1784679452.166,real_q6xl_tensor_220w_mtp,1,70,11669,213.35,68,1725,9251,3,16
1784679452.166,real_q6xl_tensor_220w_mtp,2,78,11669,210.65,73,1710,9251,3,16
1784679452.166,real_q6xl_tensor_220w_mtp,3,82,11669,213.37,69,1740,9251,3,16
1784679452.744,real_q6xl_tensor_220w_mtp,0,100,11669,202.34,63,1920,9251,3,16
1784679452.744,real_q6xl_tensor_220w_mtp,1,70,11669,206.05,67,1920,9251,3,16
1784679452.744,real_q6xl_tensor_220w_mtp,2,43,11669,202.11,71,1890,9251,3,16
1784679452.744,real_q6xl_tensor_220w_mtp,3,18,11669,202.00,68,1920,9251,3,16
1784679453.318,real_q6xl_tensor_220w_mtp,0,65,11669,197.23,64,1800,9251,3,16
1784679453.318,real_q6xl_tensor_220w_mtp,1,80,11669,203.05,68,1710,9251,3,16
1784679453.318,real_q6xl_tensor_220w_mtp,2,91,11669,200.51,73,1740,9251,3,16
1784679453.318,real_q6xl_tensor_220w_mtp,3,18,11669,202.99,69,1725,9251,3,16
1784679453.893,real_q6xl_tensor_220w_mtp,0,65,11669,214.84,65,1800,9251,3,16
1784679453.893,real_q6xl_tensor_220w_mtp,1,80,11669,215.92,69,1680,9251,3,16
1784679453.893,real_q6xl_tensor_220w_mtp,2,91,11669,214.24,73,1710,9251,3,16
1784679453.893,real_q6xl_tensor_220w_mtp,3,100,11669,217.43,70,1695,9251,3,16
1784679454.488,real_q6xl_tensor_220w_mtp,0,100,11669,213.40,65,1785,9251,3,16
1784679454.488,real_q6xl_tensor_220w_mtp,1,100,11669,216.21,69,1695,9251,3,16
1784679454.488,real_q6xl_tensor_220w_mtp,2,100,11669,214.03,74,1725,9251,3,16
1784679454.488,real_q6xl_tensor_220w_mtp,3,100,11669,216.79,70,1695,9251,3,16
1784679455.063,real_q6xl_tensor_220w_mtp,0,100,11669,196.93,64,1800,9251,3,16
1784679455.063,real_q6xl_tensor_220w_mtp,1,100,11669,201.95,68,1740,9251,3,16
1784679455.063,real_q6xl_tensor_220w_mtp,2,100,11669,200.26,73,1740,9251,3,16
1784679455.063,real_q6xl_tensor_220w_mtp,3,100,11669,202.60,69,1725,9251,3,16
1784679455.664,real_q6xl_tensor_220w_mtp,0,100,11669,197.07,65,1755,9251,3,16
1784679455.664,real_q6xl_tensor_220w_mtp,1,100,11669,202.46,68,1680,9251,3,16
1784679455.664,real_q6xl_tensor_220w_mtp,2,100,11669,200.37,73,1770,9251,3,16
1784679455.664,real_q6xl_tensor_220w_mtp,3,100,11669,202.98,70,1695,9251,3,16
1784679456.240,real_q6xl_tensor_220w_mtp,0,100,11669,213.34,65,1755,9251,3,16
1784679456.240,real_q6xl_tensor_220w_mtp,1,100,11669,215.95,68,1695,9251,3,16
1784679456.240,real_q6xl_tensor_220w_mtp,2,100,11669,214.69,73,1710,9251,3,16
1784679456.240,real_q6xl_tensor_220w_mtp,3,85,11669,214.97,70,1725,9251,3,16
1784679456.807,real_q6xl_tensor_220w_mtp,0,57,11669,207.89,63,1920,9251,3,16
1784679456.807,real_q6xl_tensor_220w_mtp,1,24,11669,209.68,68,1920,9251,3,16
1784679456.807,real_q6xl_tensor_220w_mtp,2,100,11669,206.20,73,1875,9251,3,16
1784679456.807,real_q6xl_tensor_220w_mtp,3,85,11669,212.38,68,1920,9251,3,16
1784679457.377,real_q6xl_tensor_220w_mtp,0,57,11669,197.46,64,1785,9251,3,16
1784679457.377,real_q6xl_tensor_220w_mtp,1,24,11669,201.78,68,1725,9251,3,16
1784679457.377,real_q6xl_tensor_220w_mtp,2,100,11669,198.88,73,1755,9251,3,16
1784679457.377,real_q6xl_tensor_220w_mtp,3,100,11669,204.47,69,1725,9251,3,16
1784679457.951,real_q6xl_tensor_220w_mtp,0,64,11669,202.65,65,1845,9251,3,16
1784679457.951,real_q6xl_tensor_220w_mtp,1,100,11669,207.95,69,1875,9251,3,16
1784679457.951,real_q6xl_tensor_220w_mtp,2,100,11669,206.90,73,1815,9251,3,16
1784679457.951,real_q6xl_tensor_220w_mtp,3,100,11669,207.53,70,1875,9251,3,16
1784679458.527,real_q6xl_tensor_220w_mtp,0,64,11669,210.95,64,1785,9251,3,16
1784679458.527,real_q6xl_tensor_220w_mtp,1,100,11669,212.46,68,1710,9251,3,16
1784679458.527,real_q6xl_tensor_220w_mtp,2,79,11669,211.11,73,1740,9251,3,16
1784679458.527,real_q6xl_tensor_220w_mtp,3,100,11669,213.71,70,1725,9251,3,16
1784679459.142,real_q6xl_tensor_220w_mtp,0,35,11669,204.18,63,1920,9251,3,16
1784679459.142,real_q6xl_tensor_220w_mtp,1,33,11669,205.53,67,1920,9251,3,16
1784679459.142,real_q6xl_tensor_220w_mtp,2,79,11669,202.36,71,1890,9251,3,16
1784679459.142,real_q6xl_tensor_220w_mtp,3,100,11669,202.59,68,1920,9251,3,16
1784679459.708,real_q6xl_tensor_220w_mtp,0,35,11669,194.89,63,1755,9251,3,16
1784679459.708,real_q6xl_tensor_220w_mtp,1,33,11669,201.25,68,1725,9251,3,16
1784679459.708,real_q6xl_tensor_220w_mtp,2,70,11669,199.18,72,1740,9251,3,16
1784679459.708,real_q6xl_tensor_220w_mtp,3,62,11669,201.19,69,1740,9251,3,16
1784679460.286,real_q6xl_tensor_220w_mtp,0,100,11669,213.46,65,1785,9251,3,16
1784679460.286,real_q6xl_tensor_220w_mtp,1,80,11669,214.86,68,1650,9251,3,16
1784679460.286,real_q6xl_tensor_220w_mtp,2,81,11669,214.89,73,1755,9251,3,16
1784679460.286,real_q6xl_tensor_220w_mtp,3,81,11669,215.73,69,1725,9251,3,16
1784679460.864,real_q6xl_tensor_220w_mtp,0,100,11669,213.94,64,1785,9251,3,16
1784679460.864,real_q6xl_tensor_220w_mtp,1,80,11669,214.76,68,1695,9251,3,16
1784679460.864,real_q6xl_tensor_220w_mtp,2,100,11669,214.32,73,1740,9251,3,16
1784679460.864,real_q6xl_tensor_220w_mtp,3,100,11669,214.90,70,1710,9251,3,16
1784679461.440,real_q6xl_tensor_220w_mtp,0,21,11669,195.10,63,1755,9251,3,16
1784679461.440,real_q6xl_tensor_220w_mtp,1,64,11669,202.44,68,1710,9251,3,16
1784679461.440,real_q6xl_tensor_220w_mtp,2,100,11669,197.51,73,1710,9251,3,16
1784679461.440,real_q6xl_tensor_220w_mtp,3,100,11669,202.72,68,1740,9251,3,16
1784679462.016,real_q6xl_tensor_220w_mtp,0,21,11669,196.63,64,1755,9251,3,16
1784679462.016,real_q6xl_tensor_220w_mtp,1,64,11669,201.05,68,1680,9251,3,16
1784679462.016,real_q6xl_tensor_220w_mtp,2,100,11669,198.04,73,1710,9251,3,16
1784679462.016,real_q6xl_tensor_220w_mtp,3,100,11669,202.27,69,1725,9251,3,16
1784679462.592,real_q6xl_tensor_220w_mtp,0,100,11669,213.77,65,1740,9251,3,16
1784679462.592,real_q6xl_tensor_220w_mtp,1,100,11669,215.18,68,1665,9251,3,16
1784679462.592,real_q6xl_tensor_220w_mtp,2,100,11669,213.92,74,1695,9251,3,16
1784679462.592,real_q6xl_tensor_220w_mtp,3,100,11669,215.04,70,1680,9251,3,16
1784679463.172,real_q6xl_tensor_220w_mtp,0,100,11669,214.41,65,1770,9251,3,16
1784679463.172,real_q6xl_tensor_220w_mtp,1,100,11669,215.50,69,1635,9251,3,16
1784679463.172,real_q6xl_tensor_220w_mtp,2,100,11669,213.88,73,1755,9251,3,16
1784679463.172,real_q6xl_tensor_220w_mtp,3,100,11669,215.46,70,1665,9251,3,16
1784679463.746,real_q6xl_tensor_220w_mtp,0,100,11669,195.21,64,1785,9251,3,16
1784679463.746,real_q6xl_tensor_220w_mtp,1,100,11669,200.36,68,1710,9251,3,16
1784679463.746,real_q6xl_tensor_220w_mtp,2,51,11669,197.35,73,1695,9251,3,16
1784679463.746,real_q6xl_tensor_220w_mtp,3,100,11669,201.44,69,1695,9251,3,16
1784679464.323,real_q6xl_tensor_220w_mtp,0,100,11669,194.52,65,1755,9251,3,16
1784679464.323,real_q6xl_tensor_220w_mtp,1,100,11669,200.58,68,1665,9251,3,16
1784679464.323,real_q6xl_tensor_220w_mtp,2,100,11669,197.36,73,1710,9251,3,16
1784679464.323,real_q6xl_tensor_220w_mtp,3,100,11669,205.14,69,1680,9251,3,16
1784679464.902,real_q6xl_tensor_220w_mtp,0,100,11669,212.06,65,1755,9251,3,16
1784679464.902,real_q6xl_tensor_220w_mtp,1,100,11669,216.25,69,1635,9251,3,16
1784679464.902,real_q6xl_tensor_220w_mtp,2,100,11669,214.04,73,1755,9251,3,16
1784679464.902,real_q6xl_tensor_220w_mtp,3,100,11669,215.49,70,1680,9251,3,16
1784679465.474,real_q6xl_tensor_220w_mtp,0,100,11669,208.38,63,1905,9251,3,16
1784679465.474,real_q6xl_tensor_220w_mtp,1,100,11669,215.22,68,1905,9251,3,16
1784679465.474,real_q6xl_tensor_220w_mtp,2,99,11669,213.90,73,1845,9251,3,16
1784679465.474,real_q6xl_tensor_220w_mtp,3,59,11669,211.95,68,1905,9251,3,16
1784679466.044,real_q6xl_tensor_220w_mtp,0,100,11669,196.96,64,1785,9251,3,16
1784679466.044,real_q6xl_tensor_220w_mtp,1,100,11669,199.62,68,1665,9251,3,16
1784679466.044,real_q6xl_tensor_220w_mtp,2,99,11669,196.67,73,1740,9251,3,16
1784679466.044,real_q6xl_tensor_220w_mtp,3,59,11669,202.51,69,1665,9251,3,16
1784679466.621,real_q6xl_tensor_220w_mtp,0,100,11669,198.23,65,1740,9251,3,16
1784679466.621,real_q6xl_tensor_220w_mtp,1,100,11669,205.79,69,1665,9251,3,16
1784679466.621,real_q6xl_tensor_220w_mtp,2,100,11669,203.92,74,1695,9251,3,16
1784679466.621,real_q6xl_tensor_220w_mtp,3,100,11669,208.40,70,1665,9251,3,16
1784679467.196,real_q6xl_tensor_220w_mtp,0,97,11669,211.62,64,1905,9251,3,16
1784679467.196,real_q6xl_tensor_220w_mtp,1,58,11669,210.64,69,1890,9251,3,16
1784679467.196,real_q6xl_tensor_220w_mtp,2,100,11669,209.13,73,1860,9251,3,16
1784679467.196,real_q6xl_tensor_220w_mtp,3,100,11669,214.99,69,1890,9251,3,16
1784679467.770,real_q6xl_tensor_220w_mtp,0,89,11669,202.79,63,1890,9251,3,16
1784679467.770,real_q6xl_tensor_220w_mtp,1,71,11669,209.67,68,1860,9251,3,16
1784679467.770,real_q6xl_tensor_220w_mtp,2,37,11669,206.95,72,1890,9251,3,16
1784679467.770,real_q6xl_tensor_220w_mtp,3,23,11669,206.72,68,1905,9251,3,16
1784679468.340,real_q6xl_tensor_220w_mtp,0,100,11669,196.75,65,1725,9251,3,16
1784679468.340,real_q6xl_tensor_220w_mtp,1,100,11669,204.48,69,1665,9251,3,16
1784679468.340,real_q6xl_tensor_220w_mtp,2,37,11669,200.79,73,1680,9251,3,16
1784679468.340,real_q6xl_tensor_220w_mtp,3,23,11669,202.80,69,1695,9251,3,16
1784679468.917,real_q6xl_tensor_220w_mtp,0,100,11669,202.32,65,1845,9251,3,16
1784679468.917,real_q6xl_tensor_220w_mtp,1,100,11669,209.34,68,1800,9251,3,16
1784679468.917,real_q6xl_tensor_220w_mtp,2,87,11669,206.72,73,1800,9251,3,16
1784679468.917,real_q6xl_tensor_220w_mtp,3,100,11669,208.00,70,1815,9251,3,16
1784679469.485,real_q6xl_tensor_220w_mtp,0,61,11669,207.26,64,1785,9251,3,16
1784679469.485,real_q6xl_tensor_220w_mtp,1,70,11669,212.24,68,1665,9251,3,16
1784679469.485,real_q6xl_tensor_220w_mtp,2,87,11669,209.51,72,1665,9251,3,16
1784679469.485,real_q6xl_tensor_220w_mtp,3,100,11669,210.33,69,1665,9251,3,16
1784679470.063,real_q6xl_tensor_220w_mtp,0,61,11669,204.06,63,1920,9251,3,16
1784679470.063,real_q6xl_tensor_220w_mtp,1,70,11669,204.75,68,1890,9251,3,16
1784679470.063,real_q6xl_tensor_220w_mtp,2,38,11669,206.06,72,1860,9251,3,16
1784679470.063,real_q6xl_tensor_220w_mtp,3,33,11669,208.10,68,1905,9251,3,16
1784679470.652,real_q6xl_tensor_220w_mtp,0,99,11669,196.22,64,1725,9251,3,16
1784679470.652,real_q6xl_tensor_220w_mtp,1,100,11669,202.45,69,1680,9251,3,16
1784679470.652,real_q6xl_tensor_220w_mtp,2,38,11669,199.72,74,1665,9251,3,16
1784679470.652,real_q6xl_tensor_220w_mtp,3,33,11669,202.02,69,1695,9251,3,16
1784679471.221,real_q6xl_tensor_220w_mtp,0,99,11669,207.74,63,1725,9251,3,16
1784679471.221,real_q6xl_tensor_220w_mtp,1,100,11669,207.47,68,1695,9251,3,16
1784679471.221,real_q6xl_tensor_220w_mtp,2,59,11669,205.66,73,1680,9251,3,16
1784679471.221,real_q6xl_tensor_220w_mtp,3,62,11669,211.77,69,1710,9251,3,16
1784679471.820,real_q6xl_tensor_220w_mtp,0,70,11669,208.19,64,1785,9251,3,16
1784679471.820,real_q6xl_tensor_220w_mtp,1,100,11669,215.65,69,1695,9251,3,16
1784679471.820,real_q6xl_tensor_220w_mtp,2,59,11669,214.01,73,1725,9251,3,16
1784679471.820,real_q6xl_tensor_220w_mtp,3,62,11669,215.23,69,1710,9251,3,16
1784679472.396,real_q6xl_tensor_220w_mtp,0,52,11669,200.19,63,1920,9251,3,16
1784679472.396,real_q6xl_tensor_220w_mtp,1,39,11669,204.19,67,1890,9251,3,16
1784679472.396,real_q6xl_tensor_220w_mtp,2,30,11669,199.22,71,1890,9251,3,16
1784679472.396,real_q6xl_tensor_220w_mtp,3,36,11669,205.86,68,1905,9251,3,16
1784679472.984,real_q6xl_tensor_220w_mtp,0,73,11669,192.44,63,1905,9251,3,16
1784679472.984,real_q6xl_tensor_220w_mtp,1,57,11669,199.03,69,1605,9251,3,16
1784679472.984,real_q6xl_tensor_220w_mtp,2,30,11669,195.82,73,1875,9251,3,16
1784679472.984,real_q6xl_tensor_220w_mtp,3,36,11669,199.68,68,1650,9251,3,16
1784679473.561,real_q6xl_tensor_220w_mtp,0,73,11669,210.59,64,1725,9251,3,16
1784679473.561,real_q6xl_tensor_220w_mtp,1,57,11669,214.85,69,1635,9251,3,16
1784679473.561,real_q6xl_tensor_220w_mtp,2,58,11669,213.60,73,1665,9251,3,16
1784679473.561,real_q6xl_tensor_220w_mtp,3,86,11669,214.60,69,1680,9251,3,16
1784679474.156,real_q6xl_tensor_220w_mtp,0,100,11669,212.21,65,1740,9251,3,16
1784679474.156,real_q6xl_tensor_220w_mtp,1,100,11669,214.47,69,1635,9251,3,16
1784679474.156,real_q6xl_tensor_220w_mtp,2,58,11669,213.48,73,1740,9251,3,16
1784679474.156,real_q6xl_tensor_220w_mtp,3,86,11669,215.10,70,1650,9251,3,16
1784679474.749,real_q6xl_tensor_220w_mtp,0,100,11669,191.21,63,1920,9251,3,16
1784679474.749,real_q6xl_tensor_220w_mtp,1,100,11669,201.44,66,1920,9251,3,16
1784679474.749,real_q6xl_tensor_220w_mtp,2,20,11669,197.87,71,1890,9251,3,16
1784679474.749,real_q6xl_tensor_220w_mtp,3,10,11669,197.58,68,1920,9251,3,16
1784679475.324,real_q6xl_tensor_220w_mtp,0,100,11669,191.05,65,1875,9251,3,16
1784679475.324,real_q6xl_tensor_220w_mtp,1,100,11669,201.09,68,1650,9251,3,16
1784679475.324,real_q6xl_tensor_220w_mtp,2,20,11669,197.95,73,1755,9251,3,16
1784679475.324,real_q6xl_tensor_220w_mtp,3,10,11669,197.04,68,1680,9251,3,16
1784679475.939,real_q6xl_tensor_220w_mtp,0,56,11669,211.72,64,1725,9251,3,16
1784679475.939,real_q6xl_tensor_220w_mtp,1,100,11669,213.78,69,1635,9251,3,16
1784679475.939,real_q6xl_tensor_220w_mtp,2,91,11669,212.21,73,1695,9251,3,16
1784679475.939,real_q6xl_tensor_220w_mtp,3,58,11669,214.47,70,1650,9251,3,16
1784679476.540,real_q6xl_tensor_220w_mtp,0,100,11669,211.33,64,1725,9251,3,16
1784679476.540,real_q6xl_tensor_220w_mtp,1,100,11669,214.32,69,1635,9251,3,16
1784679476.540,real_q6xl_tensor_220w_mtp,2,100,11669,212.71,74,1680,9251,3,16
1784679476.540,real_q6xl_tensor_220w_mtp,3,100,11669,213.89,69,1650,9251,3,16
1784679477.110,real_q6xl_tensor_220w_mtp,0,100,11669,190.29,62,1725,9251,3,16
1784679477.110,real_q6xl_tensor_220w_mtp,1,54,11669,198.60,68,1635,9251,3,16
1784679477.110,real_q6xl_tensor_220w_mtp,2,100,11669,195.03,73,1665,9251,3,16
1784679477.110,real_q6xl_tensor_220w_mtp,3,100,11669,198.28,67,1665,9251,3,16
1784679477.700,real_q6xl_tensor_220w_mtp,0,100,11669,191.66,64,1770,9251,3,16
1784679477.700,real_q6xl_tensor_220w_mtp,1,54,11669,197.87,69,1635,9251,3,16
1784679477.700,real_q6xl_tensor_220w_mtp,2,100,11669,193.92,73,1740,9251,3,16
1784679477.700,real_q6xl_tensor_220w_mtp,3,97,11669,198.26,69,1650,9251,3,16
1784679478.295,real_q6xl_tensor_220w_mtp,0,100,11669,212.29,65,1785,9251,3,16
1784679478.295,real_q6xl_tensor_220w_mtp,1,100,11669,213.37,69,1710,9251,3,16
1784679478.295,real_q6xl_tensor_220w_mtp,2,81,11669,213.09,73,1725,9251,3,16
1784679478.295,real_q6xl_tensor_220w_mtp,3,79,11669,213.79,70,1725,9251,3,16
1784679478.869,real_q6xl_tensor_220w_mtp,0,100,11669,211.39,65,1725,9251,3,16
1784679478.869,real_q6xl_tensor_220w_mtp,1,100,11669,213.96,69,1620,9251,3,16
1784679478.869,real_q6xl_tensor_220w_mtp,2,100,11669,213.16,73,1680,9251,3,16
1784679478.869,real_q6xl_tensor_220w_mtp,3,100,11669,213.87,69,1650,9251,3,16
1784679479.464,real_q6xl_tensor_220w_mtp,0,100,11669,191.59,64,1740,9251,3,16
1784679479.464,real_q6xl_tensor_220w_mtp,1,100,11669,196.98,68,1695,9251,3,16
1784679479.464,real_q6xl_tensor_220w_mtp,2,100,11669,193.62,72,1740,9251,3,16
1784679479.464,real_q6xl_tensor_220w_mtp,3,100,11669,199.20,69,1725,9251,3,16
1784679480.059,real_q6xl_tensor_220w_mtp,0,100,11669,190.34,65,1725,9251,3,16
1784679480.059,real_q6xl_tensor_220w_mtp,1,100,11669,196.99,69,1635,9251,3,16
1784679480.059,real_q6xl_tensor_220w_mtp,2,100,11669,193.15,73,1665,9251,3,16
1784679480.059,real_q6xl_tensor_220w_mtp,3,100,11669,198.79,69,1665,9251,3,16
1784679480.648,real_q6xl_tensor_220w_mtp,0,100,11669,211.34,65,1770,9251,3,16
1784679480.648,real_q6xl_tensor_220w_mtp,1,100,11669,213.39,69,1695,9251,3,16
1784679480.648,real_q6xl_tensor_220w_mtp,2,100,11669,212.01,73,1695,9251,3,16
1784679480.648,real_q6xl_tensor_220w_mtp,3,100,11669,214.39,70,1710,9251,3,16
1784679481.243,real_q6xl_tensor_220w_mtp,0,100,11669,210.96,65,1740,9251,3,16
1784679481.243,real_q6xl_tensor_220w_mtp,1,100,11669,214.39,69,1680,9251,3,16
1784679481.243,real_q6xl_tensor_220w_mtp,2,100,11669,211.58,73,1680,9251,3,16
1784679481.243,real_q6xl_tensor_220w_mtp,3,100,11669,214.69,70,1695,9251,3,16
1784679481.814,real_q6xl_tensor_220w_mtp,0,27,11669,190.09,64,1740,9251,3,16
1784679481.814,real_q6xl_tensor_220w_mtp,1,91,11669,195.87,68,1620,9251,3,16
1784679481.814,real_q6xl_tensor_220w_mtp,2,100,11669,192.00,73,1725,9251,3,16
1784679481.814,real_q6xl_tensor_220w_mtp,3,100,11669,199.81,69,1650,9251,3,16
1784679482.385,real_q6xl_tensor_220w_mtp,0,100,11669,190.28,64,1785,9251,3,16
1784679482.385,real_q6xl_tensor_220w_mtp,1,91,11669,195.09,69,1680,9251,3,16
1784679482.385,real_q6xl_tensor_220w_mtp,2,95,11669,192.79,73,1740,9251,3,16
1784679482.385,real_q6xl_tensor_220w_mtp,3,100,11669,198.20,69,1695,9251,3,16
1784679482.962,real_q6xl_tensor_220w_mtp,0,78,11669,211.10,64,1710,9251,3,16
1784679482.962,real_q6xl_tensor_220w_mtp,1,100,11669,213.84,69,1620,9251,3,16
1784679482.962,real_q6xl_tensor_220w_mtp,2,78,11669,212.18,73,1680,9251,3,16
1784679482.962,real_q6xl_tensor_220w_mtp,3,100,11669,213.78,70,1650,9251,3,16
1784679483.536,real_q6xl_tensor_220w_mtp,0,100,11669,210.88,65,1755,9251,3,16
1784679483.536,real_q6xl_tensor_220w_mtp,1,100,11669,214.41,69,1620,9251,3,16
1784679483.536,real_q6xl_tensor_220w_mtp,2,100,11669,212.38,73,1725,9251,3,16
1784679483.536,real_q6xl_tensor_220w_mtp,3,100,11669,214.28,69,1650,9251,3,16
1784679484.106,real_q6xl_tensor_220w_mtp,0,100,11669,188.62,62,1695,9251,3,16
1784679484.106,real_q6xl_tensor_220w_mtp,1,51,11669,197.06,68,1620,9251,3,16
1784679484.106,real_q6xl_tensor_220w_mtp,2,100,11669,194.41,71,1665,9251,3,16
1784679484.106,real_q6xl_tensor_220w_mtp,3,100,11669,194.90,67,1650,9251,3,16
1784679484.678,real_q6xl_tensor_220w_mtp,0,89,11669,190.60,64,1785,9251,3,16
1784679484.678,real_q6xl_tensor_220w_mtp,1,51,11669,195.52,69,1695,9251,3,16
1784679484.678,real_q6xl_tensor_220w_mtp,2,100,11669,193.67,73,1710,9251,3,16
1784679484.678,real_q6xl_tensor_220w_mtp,3,85,11669,196.22,69,1725,9251,3,16
1784679485.274,real_q6xl_tensor_220w_mtp,0,90,11669,211.52,65,1725,9251,3,16
1784679485.274,real_q6xl_tensor_220w_mtp,1,100,11669,213.48,69,1620,9251,3,16
1784679485.274,real_q6xl_tensor_220w_mtp,2,78,11669,211.14,73,1665,9251,3,16
1784679485.274,real_q6xl_tensor_220w_mtp,3,78,11669,214.80,69,1665,9251,3,16
1784679485.847,real_q6xl_tensor_220w_mtp,0,100,11669,211.28,64,1725,9251,3,16
1784679485.847,real_q6xl_tensor_220w_mtp,1,100,11669,214.31,69,1680,9251,3,16
1784679485.847,real_q6xl_tensor_220w_mtp,2,100,11669,211.75,73,1725,9251,3,16
1784679485.847,real_q6xl_tensor_220w_mtp,3,100,11669,214.75,70,1695,9251,3,16
1784679486.418,real_q6xl_tensor_220w_mtp,0,100,11669,195.68,63,1920,9251,3,16
1784679486.418,real_q6xl_tensor_220w_mtp,1,21,11669,196.71,66,1905,9251,3,16
1784679486.418,real_q6xl_tensor_220w_mtp,2,100,11669,193.43,71,1890,9251,3,16
1784679486.418,real_q6xl_tensor_220w_mtp,3,100,11669,200.49,67,1920,9251,3,16
1784679486.985,real_q6xl_tensor_220w_mtp,0,55,11669,189.32,64,1695,9251,3,16
1784679486.985,real_q6xl_tensor_220w_mtp,1,21,11669,195.70,68,1605,9251,3,16
1784679486.985,real_q6xl_tensor_220w_mtp,2,79,11669,193.87,72,1650,9251,3,16
1784679486.985,real_q6xl_tensor_220w_mtp,3,55,11669,194.72,69,1650,9251,3,16
1784679487.555,real_q6xl_tensor_220w_mtp,0,55,11669,210.66,64,1770,9251,3,16
1784679487.555,real_q6xl_tensor_220w_mtp,1,57,11669,213.03,69,1650,9251,3,16
1784679487.555,real_q6xl_tensor_220w_mtp,2,79,11669,212.35,73,1725,9251,3,16
1784679487.555,real_q6xl_tensor_220w_mtp,3,55,11669,213.87,69,1680,9251,3,16
1784679488.125,real_q6xl_tensor_220w_mtp,0,91,11669,212.57,65,1695,9251,3,16
1784679488.125,real_q6xl_tensor_220w_mtp,1,57,11669,213.16,69,1605,9251,3,16
1784679488.125,real_q6xl_tensor_220w_mtp,2,100,11669,211.86,73,1665,9251,3,16
1784679488.125,real_q6xl_tensor_220w_mtp,3,100,11669,213.45,69,1635,9251,3,16
1784679488.695,real_q6xl_tensor_220w_mtp,0,91,11669,201.22,63,1920,9251,3,16
1784679488.695,real_q6xl_tensor_220w_mtp,1,39,11669,202.47,67,1845,9251,3,16
1784679488.695,real_q6xl_tensor_220w_mtp,2,100,11669,200.18,71,1890,9251,3,16
1784679488.695,real_q6xl_tensor_220w_mtp,3,100,11669,205.45,68,1845,9251,3,16
1784679489.256,real_q6xl_tensor_220w_mtp,0,100,11669,194.48,64,1755,9251,3,16
1784679489.256,real_q6xl_tensor_220w_mtp,1,100,11669,197.04,69,1710,9251,3,16
1784679489.256,real_q6xl_tensor_220w_mtp,2,100,11669,196.18,73,1665,9251,3,16
1784679489.256,real_q6xl_tensor_220w_mtp,3,100,11669,199.87,70,1755,9251,3,16
1784679489.843,real_q6xl_tensor_220w_mtp,0,100,11669,206.18,64,1680,9251,3,16
1784679489.843,real_q6xl_tensor_220w_mtp,1,88,11669,209.77,68,1590,9251,3,16
1784679489.843,real_q6xl_tensor_220w_mtp,2,100,11669,205.67,72,1875,9251,3,16
1784679489.843,real_q6xl_tensor_220w_mtp,3,100,11669,209.78,69,1635,9251,3,16
1784679490.439,real_q6xl_tensor_220w_mtp,0,57,11669,211.63,63,1770,9251,3,16
1784679490.439,real_q6xl_tensor_220w_mtp,1,88,11669,213.12,69,1635,9251,3,16
1784679490.439,real_q6xl_tensor_220w_mtp,2,60,11669,211.87,73,1740,9251,3,16
1784679490.439,real_q6xl_tensor_220w_mtp,3,92,11669,214.19,69,1665,9251,3,16
1784679491.009,real_q6xl_tensor_220w_mtp,0,57,11669,206.33,63,1920,9251,3,16
1784679491.009,real_q6xl_tensor_220w_mtp,1,36,11669,205.38,67,1860,9251,3,16
1784679491.009,real_q6xl_tensor_220w_mtp,2,60,11669,204.26,72,1890,9251,3,16
1784679491.009,real_q6xl_tensor_220w_mtp,3,92,11669,210.26,68,1845,9251,3,16
1784679491.569,real_q6xl_tensor_220w_mtp,0,100,11669,193.57,64,1785,9251,3,16
1784679491.569,real_q6xl_tensor_220w_mtp,1,36,11669,198.45,69,1695,9251,3,16
1784679491.569,real_q6xl_tensor_220w_mtp,2,100,11669,196.40,73,1710,9251,3,16
1784679491.569,real_q6xl_tensor_220w_mtp,3,100,11669,199.02,69,1710,9251,3,16
1784679492.139,real_q6xl_tensor_220w_mtp,0,100,11669,203.85,65,1725,9251,3,16
1784679492.139,real_q6xl_tensor_220w_mtp,1,100,11669,205.13,69,1620,9251,3,16
1784679492.139,real_q6xl_tensor_220w_mtp,2,100,11669,204.09,73,1650,9251,3,16
1784679492.139,real_q6xl_tensor_220w_mtp,3,100,11669,208.16,69,1650,9251,3,16
1784679492.708,real_q6xl_tensor_220w_mtp,0,100,11669,210.74,64,1815,9251,3,16
1784679492.708,real_q6xl_tensor_220w_mtp,1,100,11669,213.23,69,1785,9251,3,16
1784679492.708,real_q6xl_tensor_220w_mtp,2,100,11669,211.61,72,1650,9251,3,16
1784679492.708,real_q6xl_tensor_220w_mtp,3,70,11669,211.08,70,1815,9251,3,16
1784679493.292,real_q6xl_tensor_220w_mtp,0,90,11669,208.98,63,1920,9251,3,16
1784679493.292,real_q6xl_tensor_220w_mtp,1,45,11669,207.89,68,1890,9251,3,16
1784679493.292,real_q6xl_tensor_220w_mtp,2,100,11669,205.15,72,1875,9251,3,16
1784679493.292,real_q6xl_tensor_220w_mtp,3,100,11669,211.72,69,1905,9251,3,16
1784679493.883,real_q6xl_tensor_220w_mtp,0,100,11669,191.15,64,1695,9251,3,16
1784679493.883,real_q6xl_tensor_220w_mtp,1,45,11669,197.46,69,1590,9251,3,16
1784679493.883,real_q6xl_tensor_220w_mtp,2,100,11669,194.20,73,1650,9251,3,16
1784679493.883,real_q6xl_tensor_220w_mtp,3,100,11669,197.51,69,1650,9251,3,16
1784679494.454,real_q6xl_tensor_220w_mtp,0,100,11669,196.83,64,1710,9251,3,16
1784679494.454,real_q6xl_tensor_220w_mtp,1,100,11669,199.36,69,1650,9251,3,16
1784679494.454,real_q6xl_tensor_220w_mtp,2,100,11669,197.74,73,1635,9251,3,16
1784679494.454,real_q6xl_tensor_220w_mtp,3,100,11669,201.39,69,1680,9251,3,16
1784679495.024,real_q6xl_tensor_220w_mtp,0,100,11669,211.03,65,1695,9251,3,16
1784679495.024,real_q6xl_tensor_220w_mtp,1,100,11669,212.56,69,1620,9251,3,16
1784679495.024,real_q6xl_tensor_220w_mtp,2,100,11669,211.79,73,1710,9251,3,16
1784679495.024,real_q6xl_tensor_220w_mtp,3,100,11669,212.74,70,1665,9251,3,16
1784679495.594,real_q6xl_tensor_220w_mtp,0,100,11669,210.50,65,1695,9251,3,16
1784679495.594,real_q6xl_tensor_220w_mtp,1,100,11669,212.90,69,1590,9251,3,16
1784679495.594,real_q6xl_tensor_220w_mtp,2,100,11669,211.62,73,1635,9251,3,16
1784679495.594,real_q6xl_tensor_220w_mtp,3,100,11669,213.81,70,1650,9251,3,16
1784679496.185,real_q6xl_tensor_220w_mtp,0,86,11669,187.24,64,1695,9251,3,16
1784679496.185,real_q6xl_tensor_220w_mtp,1,100,11669,194.93,68,1590,9251,3,16
1784679496.185,real_q6xl_tensor_220w_mtp,2,100,11669,189.59,73,1650,9251,3,16
1784679496.185,real_q6xl_tensor_220w_mtp,3,84,11669,195.90,69,1635,9251,3,16
1784679496.780,real_q6xl_tensor_220w_mtp,0,77,11669,187.78,64,1755,9251,3,16
1784679496.780,real_q6xl_tensor_220w_mtp,1,100,11669,197.01,69,1680,9251,3,16
1784679496.780,real_q6xl_tensor_220w_mtp,2,100,11669,193.93,73,1725,9251,3,16
1784679496.780,real_q6xl_tensor_220w_mtp,3,81,11669,195.71,69,1695,9251,3,16
1784679497.378,real_q6xl_tensor_220w_mtp,0,100,11669,210.68,64,1770,9251,3,16
1784679497.378,real_q6xl_tensor_220w_mtp,1,100,11669,212.65,69,1680,9251,3,16
1784679497.378,real_q6xl_tensor_220w_mtp,2,100,11669,211.92,73,1710,9251,3,16
1784679497.378,real_q6xl_tensor_220w_mtp,3,100,11669,213.61,69,1695,9251,3,16
1784679497.948,real_q6xl_tensor_220w_mtp,0,100,11669,209.44,65,1695,9251,3,16
1784679497.948,real_q6xl_tensor_220w_mtp,1,100,11669,211.91,69,1665,9251,3,16
1784679497.948,real_q6xl_tensor_220w_mtp,2,100,11669,211.37,73,1635,9251,3,16
1784679497.948,real_q6xl_tensor_220w_mtp,3,100,11669,213.83,70,1695,9251,3,16
1784679498.518,real_q6xl_tensor_220w_mtp,0,18,11669,183.74,63,1695,9251,3,16
1784679498.518,real_q6xl_tensor_220w_mtp,1,100,11669,193.07,67,1575,9251,3,16
1784679498.518,real_q6xl_tensor_220w_mtp,2,13,11669,187.40,70,1710,9251,3,16
1784679498.518,real_q6xl_tensor_220w_mtp,3,13,11669,191.35,68,1620,9251,3,16
1784679499.150,real_q6xl_tensor_220w_mtp,0,18,11669,185.76,63,1755,9251,3,16
1784679499.150,real_q6xl_tensor_220w_mtp,1,53,11669,190.89,69,1665,9251,3,16
1784679499.150,real_q6xl_tensor_220w_mtp,2,13,11669,187.13,73,1680,9251,3,16
1784679499.150,real_q6xl_tensor_220w_mtp,3,13,11669,193.22,69,1695,9251,3,16
1784679499.721,real_q6xl_tensor_220w_mtp,0,100,11669,210.24,64,1695,9251,3,16
1784679499.721,real_q6xl_tensor_220w_mtp,1,53,11669,212.58,69,1590,9251,3,16
1784679499.721,real_q6xl_tensor_220w_mtp,2,98,11669,210.47,73,1665,9251,3,16
1784679499.721,real_q6xl_tensor_220w_mtp,3,100,11669,212.26,69,1620,9251,3,16
1784679500.316,real_q6xl_tensor_220w_mtp,0,76,11669,209.68,64,1695,9251,3,16
1784679500.316,real_q6xl_tensor_220w_mtp,1,100,11669,212.80,69,1590,9251,3,16
1784679500.316,real_q6xl_tensor_220w_mtp,2,98,11669,210.97,73,1695,9251,3,16
1784679500.316,real_q6xl_tensor_220w_mtp,3,100,11669,213.57,69,1635,9251,3,16
1784679500.887,real_q6xl_tensor_220w_mtp,0,35,11669,198.87,63,1845,9251,3,16
1784679500.887,real_q6xl_tensor_220w_mtp,1,100,11669,200.09,68,1680,9251,3,16
1784679500.887,real_q6xl_tensor_220w_mtp,2,38,11669,197.22,71,1860,9251,3,16
1784679500.887,real_q6xl_tensor_220w_mtp,3,44,11669,204.40,68,1710,9251,3,16
1784679501.473,real_q6xl_tensor_220w_mtp,0,35,11669,190.71,64,1695,9251,3,16
1784679501.473,real_q6xl_tensor_220w_mtp,1,100,11669,196.59,69,1590,9251,3,16
1784679501.473,real_q6xl_tensor_220w_mtp,2,38,11669,194.09,73,1635,9251,3,16
1784679501.473,real_q6xl_tensor_220w_mtp,3,44,11669,196.41,69,1605,9251,3,16
1784679502.039,real_q6xl_tensor_220w_mtp,0,90,11669,206.99,65,1815,9251,3,16
1784679502.039,real_q6xl_tensor_220w_mtp,1,100,11669,208.83,69,1845,9251,3,16
1784679502.039,real_q6xl_tensor_220w_mtp,2,100,11669,208.65,73,1770,9251,3,16
1784679502.039,real_q6xl_tensor_220w_mtp,3,86,11669,211.03,69,1800,9251,3,16
1784679502.628,real_q6xl_tensor_220w_mtp,0,90,11669,209.60,65,1905,9251,3,16
1784679502.628,real_q6xl_tensor_220w_mtp,1,80,11669,209.48,67,1890,9251,3,16
1784679502.628,real_q6xl_tensor_220w_mtp,2,100,11669,208.23,72,1875,9251,3,16
1784679502.628,real_q6xl_tensor_220w_mtp,3,86,11669,212.40,70,1905,9251,3,16
1784679503.197,real_q6xl_tensor_220w_mtp,0,51,11669,206.53,63,1920,9251,3,16
1784679503.197,real_q6xl_tensor_220w_mtp,1,80,11669,210.90,69,1890,9251,3,16
1784679503.197,real_q6xl_tensor_220w_mtp,2,23,11669,208.76,73,1890,9251,3,16
1784679503.197,real_q6xl_tensor_220w_mtp,3,54,11669,209.05,68,1905,9251,3,16
1784679503.757,real_q6xl_tensor_220w_mtp,0,72,11669,190.87,64,1695,9251,3,16
1784679503.757,real_q6xl_tensor_220w_mtp,1,100,11669,196.60,68,1590,9251,3,16
1784679503.757,real_q6xl_tensor_220w_mtp,2,49,11669,192.03,73,1695,9251,3,16
1784679503.757,real_q6xl_tensor_220w_mtp,3,100,11669,197.81,69,1695,9251,3,16
1784679504.329,real_q6xl_tensor_220w_mtp,0,100,11669,198.47,64,1695,9251,3,16
1784679504.329,real_q6xl_tensor_220w_mtp,1,100,11669,199.37,69,1605,9251,3,16
1784679504.329,real_q6xl_tensor_220w_mtp,2,100,11669,195.95,73,1635,9251,3,16
1784679504.329,real_q6xl_tensor_220w_mtp,3,100,11669,202.82,69,1620,9251,3,16
1784679504.924,real_q6xl_tensor_220w_mtp,0,100,11669,209.63,64,1740,9251,3,16
1784679504.924,real_q6xl_tensor_220w_mtp,1,100,11669,212.02,69,1665,9251,3,16
1784679504.924,real_q6xl_tensor_220w_mtp,2,100,11669,210.59,73,1635,9251,3,16
1784679504.924,real_q6xl_tensor_220w_mtp,3,100,11669,211.96,69,1695,9251,3,16
1784679505.495,real_q6xl_tensor_220w_mtp,0,100,11669,210.56,65,1710,9251,3,16
1784679505.495,real_q6xl_tensor_220w_mtp,1,100,11669,212.00,69,1605,9251,3,16
1784679505.495,real_q6xl_tensor_220w_mtp,2,100,11669,210.37,73,1665,9251,3,16
1784679505.495,real_q6xl_tensor_220w_mtp,3,100,11669,211.22,69,1635,9251,3,16
1784679506.067,real_q6xl_tensor_220w_mtp,0,100,11669,184.86,63,1680,9251,3,16
1784679506.067,real_q6xl_tensor_220w_mtp,1,65,11669,192.76,66,1590,9251,3,16
1784679506.067,real_q6xl_tensor_220w_mtp,2,100,11669,188.55,70,1620,9251,3,16
1784679506.067,real_q6xl_tensor_220w_mtp,3,100,11669,187.90,68,1620,9251,3,16
1784679506.659,real_q6xl_tensor_220w_mtp,0,78,11669,185.61,63,1680,9251,3,16
1784679506.659,real_q6xl_tensor_220w_mtp,1,65,11669,190.75,69,1635,9251,3,16
1784679506.659,real_q6xl_tensor_220w_mtp,2,50,11669,188.13,73,1725,9251,3,16
1784679506.659,real_q6xl_tensor_220w_mtp,3,83,11669,189.74,69,1665,9251,3,16
1784679507.231,real_q6xl_tensor_220w_mtp,0,78,11669,211.57,64,1680,9251,3,16
1784679507.231,real_q6xl_tensor_220w_mtp,1,83,11669,211.61,69,1590,9251,3,16
1784679507.231,real_q6xl_tensor_220w_mtp,2,50,11669,210.31,73,1620,9251,3,16
1784679507.231,real_q6xl_tensor_220w_mtp,3,83,11669,212.59,69,1620,9251,3,16
1784679507.801,real_q6xl_tensor_220w_mtp,0,99,11669,209.68,64,1710,9251,3,16
1784679507.801,real_q6xl_tensor_220w_mtp,1,75,11669,211.78,69,1635,9251,3,16
1784679507.801,real_q6xl_tensor_220w_mtp,2,100,11669,211.05,73,1710,9251,3,16
1784679507.801,real_q6xl_tensor_220w_mtp,3,93,11669,213.29,69,1665,9251,3,16
1784679508.372,real_q6xl_tensor_220w_mtp,0,99,11669,198.08,62,1905,9251,3,16
1784679508.372,real_q6xl_tensor_220w_mtp,1,34,11669,204.74,67,1800,9251,3,16
1784679508.372,real_q6xl_tensor_220w_mtp,2,100,11669,203.81,72,1875,9251,3,16
1784679508.372,real_q6xl_tensor_220w_mtp,3,93,11669,204.08,67,1815,9251,3,16
1784679508.932,real_q6xl_tensor_220w_mtp,0,100,11669,188.97,64,1710,9251,3,16
1784679508.932,real_q6xl_tensor_220w_mtp,1,34,11669,195.66,69,1590,9251,3,16
1784679508.932,real_q6xl_tensor_220w_mtp,2,100,11669,190.71,73,1695,9251,3,16
1784679508.932,real_q6xl_tensor_220w_mtp,3,100,11669,195.59,69,1620,9251,3,16
1784679509.528,real_q6xl_tensor_220w_mtp,0,100,11669,202.85,65,1755,9251,3,16
1784679509.528,real_q6xl_tensor_220w_mtp,1,100,11669,204.58,69,1635,9251,3,16
1784679509.528,real_q6xl_tensor_220w_mtp,2,100,11669,203.75,73,1725,9251,3,16
1784679509.528,real_q6xl_tensor_220w_mtp,3,100,11669,207.11,69,1650,9251,3,16
1784679510.122,real_q6xl_tensor_220w_mtp,0,100,11669,208.63,65,1695,9251,3,16
1784679510.122,real_q6xl_tensor_220w_mtp,1,100,11669,210.33,69,1575,9251,3,16
1784679510.122,real_q6xl_tensor_220w_mtp,2,100,11669,210.79,73,1650,9251,3,16
1784679510.122,real_q6xl_tensor_220w_mtp,3,90,11669,210.37,69,1605,9251,3,16
1784679510.685,real_q6xl_tensor_220w_mtp,0,100,11669,209.93,65,1830,9251,3,16
1784679510.685,real_q6xl_tensor_220w_mtp,1,83,11669,210.38,69,1755,9251,3,16
1784679510.685,real_q6xl_tensor_220w_mtp,2,100,11669,209.08,73,1710,9251,3,16
1784679510.685,real_q6xl_tensor_220w_mtp,3,90,11669,212.35,70,1770,9251,3,16
1784679511.246,real_q6xl_tensor_220w_mtp,0,100,11669,185.64,64,1755,9251,3,16
1784679511.246,real_q6xl_tensor_220w_mtp,1,83,11669,192.69,68,1680,9251,3,16
1784679511.246,real_q6xl_tensor_220w_mtp,2,90,11669,187.25,72,1680,9251,3,16
1784679511.246,real_q6xl_tensor_220w_mtp,3,100,11669,193.24,69,1695,9251,3,16
1784679511.816,real_q6xl_tensor_220w_mtp,0,80,11669,190.88,64,1755,9251,3,16
1784679511.816,real_q6xl_tensor_220w_mtp,1,100,11669,193.01,69,1650,9251,3,16
1784679511.816,real_q6xl_tensor_220w_mtp,2,100,11669,188.45,73,1710,9251,3,16
1784679511.816,real_q6xl_tensor_220w_mtp,3,100,11669,198.32,69,1680,9251,3,16
1784679512.405,real_q6xl_tensor_220w_mtp,0,100,11669,208.64,64,1755,9251,3,16
1784679512.405,real_q6xl_tensor_220w_mtp,1,100,11669,211.12,69,1605,9251,3,16
1784679512.405,real_q6xl_tensor_220w_mtp,2,100,11669,208.88,73,1695,9251,3,16
1784679512.405,real_q6xl_tensor_220w_mtp,3,100,11669,211.40,69,1620,9251,3,16
1784679512.975,real_q6xl_tensor_220w_mtp,0,100,11669,208.86,64,1725,9251,3,16
1784679512.975,real_q6xl_tensor_220w_mtp,1,100,11669,211.16,69,1665,9251,3,16
1784679512.975,real_q6xl_tensor_220w_mtp,2,100,11669,210.05,73,1710,9251,3,16
1784679512.975,real_q6xl_tensor_220w_mtp,3,100,11669,211.01,69,1695,9251,3,16
1784679513.572,real_q6xl_tensor_220w_mtp,0,26,11669,192.40,62,1785,9251,3,16
1784679513.572,real_q6xl_tensor_220w_mtp,1,100,11669,196.20,67,1725,9251,3,16
1784679513.572,real_q6xl_tensor_220w_mtp,2,100,11669,198.32,71,1725,9251,3,16
1784679513.572,real_q6xl_tensor_220w_mtp,3,30,11669,197.54,68,1770,9251,3,16
1784679514.133,real_q6xl_tensor_220w_mtp,0,100,11669,188.32,64,1725,9251,3,16
1784679514.133,real_q6xl_tensor_220w_mtp,1,100,11669,194.31,69,1575,9251,3,16
1784679514.133,real_q6xl_tensor_220w_mtp,2,100,11669,190.72,73,1710,9251,3,16
1784679514.133,real_q6xl_tensor_220w_mtp,3,100,11669,195.27,69,1605,9251,3,16
1784679514.701,real_q6xl_tensor_220w_mtp,0,100,11669,204.89,64,1725,9251,3,16
1784679514.701,real_q6xl_tensor_220w_mtp,1,100,11669,209.11,69,1590,9251,3,16
1784679514.701,real_q6xl_tensor_220w_mtp,2,100,11669,208.79,73,1620,9251,3,16
1784679514.701,real_q6xl_tensor_220w_mtp,3,100,11669,208.59,69,1605,9251,3,16
1784679515.264,real_q6xl_tensor_220w_mtp,0,100,11669,209.30,64,1815,9251,3,16
1784679515.264,real_q6xl_tensor_220w_mtp,1,85,11669,210.71,69,1770,9251,3,16
1784679515.264,real_q6xl_tensor_220w_mtp,2,100,11669,209.38,73,1620,9251,3,16
1784679515.264,real_q6xl_tensor_220w_mtp,3,100,11669,211.45,69,1800,9251,3,16
1784679515.843,real_q6xl_tensor_220w_mtp,0,69,11669,209.49,64,1860,9251,3,16
1784679515.843,real_q6xl_tensor_220w_mtp,1,85,11669,211.26,69,1815,9251,3,16
1784679515.843,real_q6xl_tensor_220w_mtp,2,100,11669,209.01,73,1710,9251,3,16
1784679515.843,real_q6xl_tensor_220w_mtp,3,74,11669,211.24,68,1845,9251,3,16
1784679516.405,real_q6xl_tensor_220w_mtp,0,69,11669,183.32,63,1740,9251,3,16
1784679516.405,real_q6xl_tensor_220w_mtp,1,100,11669,192.53,68,1590,9251,3,16
1784679516.405,real_q6xl_tensor_220w_mtp,2,100,11669,188.85,72,1710,9251,3,16
1784679516.405,real_q6xl_tensor_220w_mtp,3,74,11669,190.69,68,1620,9251,3,16
1784679516.977,real_q6xl_tensor_220w_mtp,0,100,11669,185.54,64,1770,9251,3,16
1784679516.977,real_q6xl_tensor_220w_mtp,1,100,11669,196.68,69,1680,9251,3,16
1784679516.977,real_q6xl_tensor_220w_mtp,2,100,11669,192.83,73,1650,9251,3,16
1784679516.977,real_q6xl_tensor_220w_mtp,3,100,11669,193.62,69,1680,9251,3,16
1784679517.548,real_q6xl_tensor_220w_mtp,0,100,11669,208.03,64,1725,9251,3,16
1784679517.548,real_q6xl_tensor_220w_mtp,1,100,11669,211.14,69,1575,9251,3,16
1784679517.548,real_q6xl_tensor_220w_mtp,2,100,11669,208.64,73,1710,9251,3,16
1784679517.548,real_q6xl_tensor_220w_mtp,3,100,11669,211.16,69,1605,9251,3,16
1784679518.119,real_q6xl_tensor_220w_mtp,0,100,11669,208.71,64,1755,9251,3,16
1784679518.119,real_q6xl_tensor_220w_mtp,1,100,11669,211.48,69,1665,9251,3,16
1784679518.119,real_q6xl_tensor_220w_mtp,2,100,11669,209.10,73,1635,9251,3,16
1784679518.119,real_q6xl_tensor_220w_mtp,3,100,11669,211.40,69,1680,9251,3,16
1784679518.689,real_q6xl_tensor_220w_mtp,0,100,11669,196.46,62,1920,9251,3,16
1784679518.689,real_q6xl_tensor_220w_mtp,1,35,11669,200.18,68,1860,9251,3,16
1784679518.689,real_q6xl_tensor_220w_mtp,2,27,11669,196.71,71,1740,9251,3,16
1784679518.689,real_q6xl_tensor_220w_mtp,3,100,11669,201.72,68,1875,9251,3,16
1784679519.248,real_q6xl_tensor_220w_mtp,0,100,11669,187.38,64,1665,9251,3,16
1784679519.248,real_q6xl_tensor_220w_mtp,1,100,11669,193.09,69,1680,9251,3,16
1784679519.248,real_q6xl_tensor_220w_mtp,2,100,11669,189.73,73,1665,9251,3,16
1784679519.248,real_q6xl_tensor_220w_mtp,3,100,11669,194.12,69,1695,9251,3,16
1784679519.847,real_q6xl_tensor_220w_mtp,0,100,11669,203.26,64,1680,9251,3,16
1784679519.847,real_q6xl_tensor_220w_mtp,1,100,11669,210.19,69,1635,9251,3,16
1784679519.847,real_q6xl_tensor_220w_mtp,2,100,11669,209.12,73,1605,9251,3,16
1784679519.847,real_q6xl_tensor_220w_mtp,3,100,11669,208.05,69,1665,9251,3,16
1784679520.443,real_q6xl_tensor_220w_mtp,0,100,11669,209.42,65,1740,9251,3,16
1784679520.443,real_q6xl_tensor_220w_mtp,1,100,11669,212.26,69,1605,9251,3,16
1784679520.443,real_q6xl_tensor_220w_mtp,2,100,11669,208.35,73,1710,9251,3,16
1784679520.443,real_q6xl_tensor_220w_mtp,3,100,11669,211.20,69,1620,9251,3,16
1784679521.032,real_q6xl_tensor_220w_mtp,0,100,11669,210.10,64,1800,9251,3,16
1784679521.032,real_q6xl_tensor_220w_mtp,1,100,11669,210.27,69,1740,9251,3,16
1784679521.032,real_q6xl_tensor_220w_mtp,2,100,11669,209.39,73,1725,9251,3,16
1784679521.032,real_q6xl_tensor_220w_mtp,3,100,11669,212.53,68,1770,9251,3,16
1784679521.617,real_q6xl_tensor_220w_mtp,0,54,11669,188.59,64,1680,9251,3,16
1784679521.617,real_q6xl_tensor_220w_mtp,1,100,11669,191.75,68,1560,9251,3,16
1784679521.617,real_q6xl_tensor_220w_mtp,2,100,11669,186.98,72,1635,9251,3,16
1784679521.617,real_q6xl_tensor_220w_mtp,3,100,11669,196.84,69,1575,9251,3,16
1784679522.207,real_q6xl_tensor_220w_mtp,0,54,11669,183.02,64,1665,9251,3,16
1784679522.207,real_q6xl_tensor_220w_mtp,1,100,11669,195.25,69,1575,9251,3,16
1784679522.207,real_q6xl_tensor_220w_mtp,2,100,11669,190.49,73,1620,9251,3,16
1784679522.207,real_q6xl_tensor_220w_mtp,3,100,11669,197.29,69,1590,9251,3,16
1784679522.778,real_q6xl_tensor_220w_mtp,0,100,11669,207.11,64,1755,9251,3,16
1784679522.778,real_q6xl_tensor_220w_mtp,1,74,11669,210.85,68,1650,9251,3,16
1784679522.778,real_q6xl_tensor_220w_mtp,2,93,11669,209.23,73,1695,9251,3,16
1784679522.778,real_q6xl_tensor_220w_mtp,3,100,11669,210.92,69,1680,9251,3,16
1784679523.348,real_q6xl_tensor_220w_mtp,0,100,11669,207.42,64,1755,9251,3,16
1784679523.348,real_q6xl_tensor_220w_mtp,1,100,11669,210.81,69,1665,9251,3,16
1784679523.348,real_q6xl_tensor_220w_mtp,2,100,11669,209.34,73,1680,9251,3,16
1784679523.348,real_q6xl_tensor_220w_mtp,3,100,11669,211.06,69,1680,9251,3,16
1784679523.918,real_q6xl_tensor_220w_mtp,0,37,11669,195.23,63,1830,9251,3,16
1784679523.918,real_q6xl_tensor_220w_mtp,1,100,11669,202.08,67,1875,9251,3,16
1784679523.918,real_q6xl_tensor_220w_mtp,2,100,11669,197.79,71,1875,9251,3,16
1784679523.918,real_q6xl_tensor_220w_mtp,3,42,11669,200.85,68,1905,9251,3,16
1784679524.498,real_q6xl_tensor_220w_mtp,0,100,11669,186.73,64,1740,9251,3,16
1784679524.498,real_q6xl_tensor_220w_mtp,1,100,11669,193.19,68,1665,9251,3,16
1784679524.498,real_q6xl_tensor_220w_mtp,2,100,11669,187.49,73,1680,9251,3,16
1784679524.498,real_q6xl_tensor_220w_mtp,3,100,11669,195.21,69,1680,9251,3,16
1784679525.093,real_q6xl_tensor_220w_mtp,0,100,11669,198.83,64,1710,9251,3,16
1784679525.093,real_q6xl_tensor_220w_mtp,1,100,11669,207.02,69,1575,9251,3,16
1784679525.093,real_q6xl_tensor_220w_mtp,2,100,11669,205.56,73,1620,9251,3,16
1784679525.093,real_q6xl_tensor_220w_mtp,3,100,11669,205.00,69,1680,9251,3,16
1784679525.662,real_q6xl_tensor_220w_mtp,0,100,11669,207.89,64,1650,9251,3,16
1784679525.662,real_q6xl_tensor_220w_mtp,1,100,11669,210.43,69,1545,9251,3,16
1784679525.662,real_q6xl_tensor_220w_mtp,2,100,11669,209.40,73,1635,9251,3,16
1784679525.662,real_q6xl_tensor_220w_mtp,3,100,11669,210.27,69,1575,9251,3,16
1784679526.231,real_q6xl_tensor_220w_mtp,0,100,11669,207.94,64,1710,9251,3,16
1784679526.231,real_q6xl_tensor_220w_mtp,1,100,11669,210.61,69,1635,9251,3,16
1784679526.231,real_q6xl_tensor_220w_mtp,2,100,11669,208.47,73,1695,9251,3,16
1784679526.231,real_q6xl_tensor_220w_mtp,3,100,11669,210.18,69,1680,9251,3,16
1784679526.803,real_q6xl_tensor_220w_mtp,0,33,11669,183.66,62,1920,9251,3,16
1784679526.803,real_q6xl_tensor_220w_mtp,1,12,11669,189.54,67,1905,9251,3,16
1784679526.803,real_q6xl_tensor_220w_mtp,2,15,11669,180.75,71,1890,9251,3,16
1784679526.803,real_q6xl_tensor_220w_mtp,3,25,11669,192.73,67,1920,9251,3,16
1784679527.374,real_q6xl_tensor_220w_mtp,0,65,11669,180.87,63,1905,9251,3,16
1784679527.374,real_q6xl_tensor_220w_mtp,1,12,11669,190.73,68,1560,9251,3,16
1784679527.374,real_q6xl_tensor_220w_mtp,2,15,11669,182.42,73,1860,9251,3,16
1784679527.374,real_q6xl_tensor_220w_mtp,3,62,11669,191.34,68,1905,9251,3,16
1784679527.941,real_q6xl_tensor_220w_mtp,0,65,11669,205.62,63,1665,9251,3,16
1784679527.941,real_q6xl_tensor_220w_mtp,1,85,11669,213.58,67,1515,9251,3,16
1784679527.941,real_q6xl_tensor_220w_mtp,2,73,11669,211.47,72,1605,9251,3,16
1784679527.941,real_q6xl_tensor_220w_mtp,3,62,11669,208.72,68,1560,9251,3,16
1784679528.528,real_q6xl_tensor_220w_mtp,0,48,11669,207.55,63,1725,9251,3,16
1784679528.528,real_q6xl_tensor_220w_mtp,1,85,11669,209.53,68,1575,9251,3,16
1784679528.528,real_q6xl_tensor_220w_mtp,2,73,11669,207.08,71,1680,9251,3,16
1784679528.528,real_q6xl_tensor_220w_mtp,3,54,11669,210.80,69,1605,9251,3,16
1784679529.123,real_q6xl_tensor_220w_mtp,0,48,11669,209.71,63,1920,9251,3,16
1784679529.123,real_q6xl_tensor_220w_mtp,1,24,11669,206.45,68,1860,9251,3,16
1784679529.123,real_q6xl_tensor_220w_mtp,2,13,11669,203.69,71,1710,9251,3,16
1784679529.123,real_q6xl_tensor_220w_mtp,3,54,11669,205.11,68,1875,9251,3,16
1784679529.682,real_q6xl_tensor_220w_mtp,0,100,11669,186.44,64,1755,9251,3,16
1784679529.682,real_q6xl_tensor_220w_mtp,1,24,11669,192.42,68,1650,9251,3,16
1784679529.682,real_q6xl_tensor_220w_mtp,2,13,11669,187.04,72,1695,9251,3,16
1784679529.682,real_q6xl_tensor_220w_mtp,3,100,11669,192.78,68,1680,9251,3,16
1784679530.254,real_q6xl_tensor_220w_mtp,0,98,11669,192.03,64,1740,9251,3,16
1784679530.254,real_q6xl_tensor_220w_mtp,1,100,11669,198.25,68,1650,9251,3,16
1784679530.254,real_q6xl_tensor_220w_mtp,2,100,11669,194.89,73,1620,9251,3,16
1784679530.254,real_q6xl_tensor_220w_mtp,3,73,11669,198.15,69,1680,9251,3,16
1784679530.847,real_q6xl_tensor_220w_mtp,0,100,11669,207.31,64,1665,9251,3,16
1784679530.847,real_q6xl_tensor_220w_mtp,1,100,11669,209.91,69,1575,9251,3,16
1784679530.847,real_q6xl_tensor_220w_mtp,2,100,11669,208.07,73,1605,9251,3,16
1784679530.847,real_q6xl_tensor_220w_mtp,3,100,11669,210.50,69,1605,9251,3,16
1784679531.419,real_q6xl_tensor_220w_mtp,0,100,11669,206.86,64,1725,9251,3,16
1784679531.419,real_q6xl_tensor_220w_mtp,1,100,11669,211.11,69,1665,9251,3,16
1784679531.419,real_q6xl_tensor_220w_mtp,2,100,11669,207.22,73,1650,9251,3,16
1784679531.419,real_q6xl_tensor_220w_mtp,3,100,11669,210.67,69,1680,9251,3,16
1784679531.991,real_q6xl_tensor_220w_mtp,0,27,11669,194.72,63,1920,9251,3,16
1784679531.991,real_q6xl_tensor_220w_mtp,1,100,11669,199.21,67,1815,9251,3,16
1784679531.991,real_q6xl_tensor_220w_mtp,2,100,11669,194.16,71,1800,9251,3,16
1784679531.991,real_q6xl_tensor_220w_mtp,3,26,11669,199.43,67,1830,9251,3,16
1784679532.552,real_q6xl_tensor_220w_mtp,0,27,11669,185.69,64,1650,9251,3,16
1784679532.552,real_q6xl_tensor_220w_mtp,1,100,11669,191.76,68,1590,9251,3,16
1784679532.552,real_q6xl_tensor_220w_mtp,2,100,11669,188.48,73,1695,9251,3,16
1784679532.552,real_q6xl_tensor_220w_mtp,3,26,11669,191.43,69,1620,9251,3,16
1784679533.123,real_q6xl_tensor_220w_mtp,0,100,11669,198.16,64,1680,9251,3,16
1784679533.123,real_q6xl_tensor_220w_mtp,1,100,11669,202.45,68,1560,9251,3,16
1784679533.123,real_q6xl_tensor_220w_mtp,2,100,11669,201.48,73,1680,9251,3,16
1784679533.123,real_q6xl_tensor_220w_mtp,3,100,11669,207.63,69,1575,9251,3,16
1784679533.694,real_q6xl_tensor_220w_mtp,0,100,11669,207.65,64,1740,9251,3,16
1784679533.694,real_q6xl_tensor_220w_mtp,1,100,11669,209.16,69,1620,9251,3,16
1784679533.694,real_q6xl_tensor_220w_mtp,2,100,11669,208.47,73,1695,9251,3,16
1784679533.694,real_q6xl_tensor_220w_mtp,3,100,11669,209.58,69,1650,9251,3,16
1784679534.291,real_q6xl_tensor_220w_mtp,0,100,11669,207.34,64,1725,9251,3,16
1784679534.291,real_q6xl_tensor_220w_mtp,1,100,11669,210.38,69,1650,9251,3,16
1784679534.291,real_q6xl_tensor_220w_mtp,2,100,11669,208.18,73,1695,9251,3,16
1784679534.291,real_q6xl_tensor_220w_mtp,3,100,11669,209.29,69,1665,9251,3,16
1784679534.885,real_q6xl_tensor_220w_mtp,0,100,11669,181.91,62,1920,9251,3,16
1784679534.885,real_q6xl_tensor_220w_mtp,1,13,11669,185.47,66,1905,9251,3,16
1784679534.885,real_q6xl_tensor_220w_mtp,2,14,11669,181.72,72,1890,9251,3,16
1784679534.885,real_q6xl_tensor_220w_mtp,3,100,11669,187.21,67,1920,9251,3,16
1784679535.478,real_q6xl_tensor_220w_mtp,0,74,11669,179.71,63,1905,9251,3,16
1784679535.478,real_q6xl_tensor_220w_mtp,1,13,11669,184.61,68,1875,9251,3,16
1784679535.478,real_q6xl_tensor_220w_mtp,2,14,11669,183.38,73,1875,9251,3,16
1784679535.478,real_q6xl_tensor_220w_mtp,3,67,11669,186.92,68,1905,9251,3,16
1784679536.049,real_q6xl_tensor_220w_mtp,0,74,11669,204.66,62,1905,9251,3,16
1784679536.049,real_q6xl_tensor_220w_mtp,1,47,11669,209.42,67,1455,9251,3,16
1784679536.049,real_q6xl_tensor_220w_mtp,2,85,11669,206.83,72,1875,9251,3,16
1784679536.049,real_q6xl_tensor_220w_mtp,3,67,11669,207.92,68,1545,9251,3,16
1784679536.641,real_q6xl_tensor_220w_mtp,0,46,11669,203.70,64,1905,9251,3,16
1784679536.641,real_q6xl_tensor_220w_mtp,1,47,11669,213.41,67,1875,9251,3,16
1784679536.641,real_q6xl_tensor_220w_mtp,2,85,11669,209.10,72,1875,9251,3,16
1784679536.641,real_q6xl_tensor_220w_mtp,3,44,11669,207.26,68,1890,9251,3,16
1784679537.211,real_q6xl_tensor_220w_mtp,0,46,11669,201.28,63,1905,9251,3,16
1784679537.211,real_q6xl_tensor_220w_mtp,1,53,11669,209.54,67,1905,9251,3,16
1784679537.211,real_q6xl_tensor_220w_mtp,2,45,11669,207.35,71,1875,9251,3,16
1784679537.211,real_q6xl_tensor_220w_mtp,3,44,11669,205.25,69,1905,9251,3,16
1784679537.796,real_q6xl_tensor_220w_mtp,0,100,11669,184.66,64,1680,9251,3,16
1784679537.796,real_q6xl_tensor_220w_mtp,1,39,11669,185.87,68,1620,9251,3,16
1784679537.796,real_q6xl_tensor_220w_mtp,2,86,11669,187.22,72,1620,9251,3,16
1784679537.796,real_q6xl_tensor_220w_mtp,3,100,11669,192.49,68,1650,9251,3,16
1784679538.369,real_q6xl_tensor_220w_mtp,0,100,11669,187.60,64,1680,9251,3,16
1784679538.369,real_q6xl_tensor_220w_mtp,1,100,11669,190.89,68,1620,9251,3,16
1784679538.369,real_q6xl_tensor_220w_mtp,2,100,11669,193.63,73,1605,9251,3,16
1784679538.369,real_q6xl_tensor_220w_mtp,3,100,11669,194.85,69,1650,9251,3,16
1784679538.957,real_q6xl_tensor_220w_mtp,0,100,11669,205.64,64,1665,9251,3,16
1784679538.957,real_q6xl_tensor_220w_mtp,1,100,11669,209.97,68,1635,9251,3,16
1784679538.957,real_q6xl_tensor_220w_mtp,2,100,11669,207.67,73,1605,9251,3,16
1784679538.957,real_q6xl_tensor_220w_mtp,3,100,11669,209.39,69,1650,9251,3,16
1784679539.528,real_q6xl_tensor_220w_mtp,0,100,11669,205.94,64,1740,9251,3,16
1784679539.528,real_q6xl_tensor_220w_mtp,1,100,11669,209.74,68,1575,9251,3,16
1784679539.528,real_q6xl_tensor_220w_mtp,2,100,11669,207.51,73,1680,9251,3,16
1784679539.528,real_q6xl_tensor_220w_mtp,3,100,11669,209.17,69,1605,9251,3,16
1784679540.099,real_q6xl_tensor_220w_mtp,0,39,11669,200.42,62,1860,9251,3,16
1784679540.099,real_q6xl_tensor_220w_mtp,1,100,11669,201.28,68,1860,9251,3,16
1784679540.099,real_q6xl_tensor_220w_mtp,2,100,11669,200.43,72,1665,9251,3,16
1784679540.099,real_q6xl_tensor_220w_mtp,3,29,11669,203.98,67,1875,9251,3,16
1784679540.658,real_q6xl_tensor_220w_mtp,0,39,11669,183.75,64,1740,9251,3,16
1784679540.658,real_q6xl_tensor_220w_mtp,1,100,11669,191.00,68,1650,9251,3,16
1784679540.658,real_q6xl_tensor_220w_mtp,2,100,11669,186.14,72,1665,9251,3,16
1784679540.658,real_q6xl_tensor_220w_mtp,3,29,11669,190.39,69,1680,9251,3,16
1784679541.227,real_q6xl_tensor_220w_mtp,0,100,11669,195.83,64,1665,9251,3,16
1784679541.227,real_q6xl_tensor_220w_mtp,1,100,11669,198.31,68,1650,9251,3,16
1784679541.227,real_q6xl_tensor_220w_mtp,2,100,11669,193.37,73,1665,9251,3,16
1784679541.227,real_q6xl_tensor_220w_mtp,3,100,11669,201.25,69,1575,9251,3,16
1784679541.798,real_q6xl_tensor_220w_mtp,0,72,11669,206.18,64,1740,9251,3,16
1784679541.798,real_q6xl_tensor_220w_mtp,1,100,11669,209.29,68,1590,9251,3,16
1784679541.798,real_q6xl_tensor_220w_mtp,2,100,11669,207.55,73,1680,9251,3,16
1784679541.798,real_q6xl_tensor_220w_mtp,3,92,11669,209.25,69,1620,9251,3,16
1784679542.371,real_q6xl_tensor_220w_mtp,0,100,11669,206.90,64,1725,9251,3,16
1784679542.371,real_q6xl_tensor_220w_mtp,1,100,11669,208.76,68,1650,9251,3,16
1784679542.371,real_q6xl_tensor_220w_mtp,2,100,11669,208.41,73,1665,9251,3,16
1784679542.371,real_q6xl_tensor_220w_mtp,3,100,11669,209.04,69,1665,9251,3,16
1784679542.942,real_q6xl_tensor_220w_mtp,0,100,11669,192.64,63,1815,9251,3,16
1784679542.942,real_q6xl_tensor_220w_mtp,1,29,11669,200.33,67,1650,9251,3,16
1784679542.942,real_q6xl_tensor_220w_mtp,2,29,11669,196.98,71,1890,9251,3,16
1784679542.942,real_q6xl_tensor_220w_mtp,3,100,11669,196.98,68,1680,9251,3,16
1784679543.502,real_q6xl_tensor_220w_mtp,0,100,11669,181.96,64,1740,9251,3,16
1784679543.502,real_q6xl_tensor_220w_mtp,1,29,11669,189.95,69,1665,9251,3,16
1784679543.502,real_q6xl_tensor_220w_mtp,2,29,11669,184.99,72,1665,9251,3,16
1784679543.502,real_q6xl_tensor_220w_mtp,3,100,11669,190.40,69,1680,9251,3,16
1784679544.075,real_q6xl_tensor_220w_mtp,0,100,11669,196.15,64,1650,9251,3,16
1784679544.075,real_q6xl_tensor_220w_mtp,1,100,11669,204.04,68,1575,9251,3,16
1784679544.075,real_q6xl_tensor_220w_mtp,2,100,11669,201.25,73,1590,9251,3,16
1784679544.075,real_q6xl_tensor_220w_mtp,3,100,11669,203.05,69,1605,9251,3,16
1784679544.645,real_q6xl_tensor_220w_mtp,0,100,11669,206.26,64,1635,9251,3,16
1784679544.645,real_q6xl_tensor_220w_mtp,1,100,11669,209.02,69,1515,9251,3,16
1784679544.645,real_q6xl_tensor_220w_mtp,2,100,11669,207.81,73,1605,9251,3,16
1784679544.645,real_q6xl_tensor_220w_mtp,3,100,11669,209.73,69,1560,9251,3,16
1784679545.219,real_q6xl_tensor_220w_mtp,0,72,11669,205.76,64,1620,9251,3,16
1784679545.219,real_q6xl_tensor_220w_mtp,1,100,11669,209.80,68,1545,9251,3,16
1784679545.219,real_q6xl_tensor_220w_mtp,2,100,11669,208.00,73,1575,9251,3,16
1784679545.219,real_q6xl_tensor_220w_mtp,3,100,11669,209.05,69,1575,9251,3,16
1784679545.791,real_q6xl_tensor_220w_mtp,0,39,11669,193.24,63,1905,9251,3,16
1784679545.791,real_q6xl_tensor_220w_mtp,1,29,11669,195.23,66,1875,9251,3,16
1784679545.791,real_q6xl_tensor_220w_mtp,2,33,11669,187.74,70,1785,9251,3,16
1784679545.791,real_q6xl_tensor_220w_mtp,3,41,11669,198.97,68,1890,9251,3,16
1784679546.357,real_q6xl_tensor_220w_mtp,0,39,11669,183.06,64,1740,9251,3,16
1784679546.357,real_q6xl_tensor_220w_mtp,1,100,11669,189.55,68,1665,9251,3,16
1784679546.357,real_q6xl_tensor_220w_mtp,2,100,11669,180.43,72,1680,9251,3,16
1784679546.357,real_q6xl_tensor_220w_mtp,3,41,11669,190.77,69,1680,9251,3,16
1784679546.927,real_q6xl_tensor_220w_mtp,0,100,11669,202.32,64,1725,9251,3,16
1784679546.927,real_q6xl_tensor_220w_mtp,1,100,11669,204.02,69,1575,9251,3,16
1784679546.927,real_q6xl_tensor_220w_mtp,2,100,11669,199.66,72,1680,9251,3,16
1784679546.927,real_q6xl_tensor_220w_mtp,3,100,11669,205.80,69,1590,9251,3,16
1784679547.497,real_q6xl_tensor_220w_mtp,0,100,11669,205.64,64,1650,9251,3,16
1784679547.497,real_q6xl_tensor_220w_mtp,1,100,11669,208.58,69,1545,9251,3,16
1784679547.497,real_q6xl_tensor_220w_mtp,2,100,11669,207.61,73,1680,9251,3,16
1784679547.497,real_q6xl_tensor_220w_mtp,3,100,11669,208.71,69,1575,9251,3,16
1784679548.082,real_q6xl_tensor_220w_mtp,0,100,11669,205.22,64,1680,9251,3,16
1784679548.082,real_q6xl_tensor_220w_mtp,1,100,11669,209.40,69,1545,9251,3,16
1784679548.082,real_q6xl_tensor_220w_mtp,2,100,11669,206.78,73,1665,9251,3,16
1784679548.082,real_q6xl_tensor_220w_mtp,3,100,11669,208.79,69,1665,9251,3,16
1784679548.668,real_q6xl_tensor_220w_mtp,0,100,11669,183.93,62,1890,9251,3,16
1784679548.668,real_q6xl_tensor_220w_mtp,1,28,11669,190.04,67,1770,9251,3,16
1784679548.668,real_q6xl_tensor_220w_mtp,2,29,11669,182.49,70,1815,9251,3,16
1784679548.668,real_q6xl_tensor_220w_mtp,3,100,11669,191.29,67,1800,9251,3,16
1784679549.237,real_q6xl_tensor_220w_mtp,0,100,11669,178.39,64,1710,9251,3,16
1784679549.237,real_q6xl_tensor_220w_mtp,1,100,11669,185.06,69,1530,9251,3,16
1784679549.237,real_q6xl_tensor_220w_mtp,2,80,11669,175.70,71,1875,9251,3,16
1784679549.237,real_q6xl_tensor_220w_mtp,3,39,11669,187.08,69,1515,9251,3,16
1784679550.007,real_q6xl_tensor_220w_mtp,0,100,11669,204.54,64,1620,9251,3,16
1784679550.007,real_q6xl_tensor_220w_mtp,1,68,11669,208.12,67,1455,9251,3,16
1784679550.007,real_q6xl_tensor_220w_mtp,2,58,11669,206.49,71,1635,9251,3,16
1784679550.007,real_q6xl_tensor_220w_mtp,3,39,11669,206.94,69,1515,9251,3,16
1784679550.612,real_q6xl_tensor_220w_mtp,0,98,11669,210.68,64,1905,9251,3,16
1784679550.612,real_q6xl_tensor_220w_mtp,1,68,11669,208.37,67,1890,9251,3,16
1784679550.612,real_q6xl_tensor_220w_mtp,2,58,11669,206.19,71,1875,9251,3,16
1784679550.612,real_q6xl_tensor_220w_mtp,3,39,11669,207.74,68,1905,9251,3,16
1784679551.181,real_q6xl_tensor_220w_mtp,0,98,11669,209.84,64,1875,9251,3,16
1784679551.181,real_q6xl_tensor_220w_mtp,1,50,11669,208.33,69,1845,9251,3,16
1784679551.181,real_q6xl_tensor_220w_mtp,2,41,11669,205.49,73,1815,9251,3,16
1784679551.181,real_q6xl_tensor_220w_mtp,3,39,11669,213.88,68,1860,9251,3,16
1784679551.743,real_q6xl_tensor_220w_mtp,0,68,11669,180.18,61,1635,9251,3,16
1784679551.743,real_q6xl_tensor_220w_mtp,1,50,11669,179.29,66,1575,9251,3,16
1784679551.743,real_q6xl_tensor_220w_mtp,2,41,11669,181.61,71,1590,9251,3,16
1784679551.743,real_q6xl_tensor_220w_mtp,3,75,11669,188.95,68,1590,9251,3,16
1784679552.316,real_q6xl_tensor_220w_mtp,0,86,11669,184.81,62,1680,9251,3,16
1784679552.316,real_q6xl_tensor_220w_mtp,1,40,11669,177.45,68,1545,9251,3,16
1784679552.316,real_q6xl_tensor_220w_mtp,2,100,11669,180.93,73,1575,9251,3,16
1784679552.316,real_q6xl_tensor_220w_mtp,3,75,11669,192.10,69,1560,9251,3,16
1784679552.921,real_q6xl_tensor_220w_mtp,0,68,11669,190.89,64,1710,9251,3,16
1784679552.921,real_q6xl_tensor_220w_mtp,1,40,11669,190.87,68,1500,9251,3,16
1784679552.921,real_q6xl_tensor_220w_mtp,2,100,11669,199.32,73,1560,9251,3,16
1784679552.921,real_q6xl_tensor_220w_mtp,3,100,11669,212.33,69,1560,9251,3,16
1784679553.501,real_q6xl_tensor_220w_mtp,0,91,11669,207.29,63,1920,9251,3,16
1784679553.501,real_q6xl_tensor_220w_mtp,1,38,11669,205.51,68,1830,9251,3,16
1784679553.501,real_q6xl_tensor_220w_mtp,2,100,11669,203.71,72,1890,9251,3,16
1784679553.501,real_q6xl_tensor_220w_mtp,3,68,11669,207.92,68,1530,9251,3,16
1784679554.073,real_q6xl_tensor_220w_mtp,0,72,11669,207.01,63,1920,9251,3,16
1784679554.073,real_q6xl_tensor_220w_mtp,1,38,11669,205.49,66,1905,9251,3,16
1784679554.073,real_q6xl_tensor_220w_mtp,2,20,11669,203.21,71,1875,9251,3,16
1784679554.073,real_q6xl_tensor_220w_mtp,3,77,11669,210.56,68,1920,9251,3,16
1784679554.659,real_q6xl_tensor_220w_mtp,0,72,11669,170.43,62,1635,9251,3,16
1784679554.659,real_q6xl_tensor_220w_mtp,1,58,11669,182.13,67,1575,9251,3,16
1784679554.659,real_q6xl_tensor_220w_mtp,2,20,11669,176.96,72,1590,9251,3,16
1784679554.659,real_q6xl_tensor_220w_mtp,3,77,11669,183.26,67,1590,9251,3,16
1784679555.279,real_q6xl_tensor_220w_mtp,0,40,11669,184.88,62,1740,9251,3,16
1784679555.279,real_q6xl_tensor_220w_mtp,1,69,11669,187.80,68,1650,9251,3,16
1784679555.279,real_q6xl_tensor_220w_mtp,2,69,11669,184.55,72,1680,9251,3,16
1784679555.279,real_q6xl_tensor_220w_mtp,3,98,11669,192.96,67,1680,9251,3,16
1784679555.891,real_q6xl_tensor_220w_mtp,0,40,11669,202.51,63,1605,9251,3,16
1784679555.891,real_q6xl_tensor_220w_mtp,1,57,11669,208.03,68,1530,9251,3,16
1784679555.891,real_q6xl_tensor_220w_mtp,2,69,11669,206.55,72,1575,9251,3,16
1784679555.891,real_q6xl_tensor_220w_mtp,3,98,11669,206.08,67,1575,9251,3,16
1784679556.463,real_q6xl_tensor_220w_mtp,0,45,11669,203.41,62,1680,9251,3,16
1784679556.463,real_q6xl_tensor_220w_mtp,1,57,11669,208.74,68,1605,9251,3,16
1784679556.463,real_q6xl_tensor_220w_mtp,2,62,11669,207.42,72,1650,9251,3,16
1784679556.463,real_q6xl_tensor_220w_mtp,3,90,11669,208.56,67,1650,9251,3,16
1784679557.079,real_q6xl_tensor_220w_mtp,0,45,11669,203.43,62,1920,9251,3,16
1784679557.079,real_q6xl_tensor_220w_mtp,1,14,11669,203.24,68,1905,9251,3,16
1784679557.079,real_q6xl_tensor_220w_mtp,2,62,11669,202.33,72,1890,9251,3,16
1784679557.079,real_q6xl_tensor_220w_mtp,3,90,11669,206.79,67,1920,9251,3,16
1784679557.643,real_q6xl_tensor_220w_mtp,0,100,11669,179.48,63,1740,9251,3,16
1784679557.643,real_q6xl_tensor_220w_mtp,1,14,11669,187.65,67,1605,9251,3,16
1784679557.643,real_q6xl_tensor_220w_mtp,2,85,11669,183.04,72,1575,9251,3,16
1784679557.643,real_q6xl_tensor_220w_mtp,3,100,11669,188.75,68,1635,9251,3,16
1784679558.216,real_q6xl_tensor_220w_mtp,0,100,11669,186.75,63,1635,9251,3,16
1784679558.216,real_q6xl_tensor_220w_mtp,1,71,11669,193.31,68,1485,9251,3,16
1784679558.216,real_q6xl_tensor_220w_mtp,2,85,11669,187.67,72,1620,9251,3,16
1784679558.216,real_q6xl_tensor_220w_mtp,3,100,11669,194.36,69,1545,9251,3,16
1784679558.812,real_q6xl_tensor_220w_mtp,0,39,11669,202.77,64,1605,9251,3,16
1784679558.812,real_q6xl_tensor_220w_mtp,1,87,11669,209.10,68,1500,9251,3,16
1784679558.812,real_q6xl_tensor_220w_mtp,2,75,11669,207.12,72,1545,9251,3,16
1784679558.812,real_q6xl_tensor_220w_mtp,3,70,11669,207.62,69,1560,9251,3,16
1784679559.384,real_q6xl_tensor_220w_mtp,0,39,11669,202.90,64,1620,9251,3,16
1784679559.384,real_q6xl_tensor_220w_mtp,1,58,11669,209.21,68,1470,9251,3,16
1784679559.384,real_q6xl_tensor_220w_mtp,2,75,11669,207.13,72,1605,9251,3,16
1784679559.384,real_q6xl_tensor_220w_mtp,3,100,11669,208.58,69,1545,9251,3,16
1784679559.979,real_q6xl_tensor_220w_mtp,0,33,11669,197.11,62,1905,9251,3,16
1784679559.979,real_q6xl_tensor_220w_mtp,1,58,11669,205.00,68,1845,9251,3,16
1784679559.979,real_q6xl_tensor_220w_mtp,2,29,11669,202.45,71,1860,9251,3,16
1784679559.979,real_q6xl_tensor_220w_mtp,3,100,11669,201.65,67,1860,9251,3,16
1784679560.583,real_q6xl_tensor_220w_mtp,0,33,11669,179.89,64,1710,9251,3,16
1784679560.583,real_q6xl_tensor_220w_mtp,1,100,11669,186.75,68,1560,9251,3,16
1784679560.583,real_q6xl_tensor_220w_mtp,2,29,11669,183.30,72,1575,9251,3,16
1784679560.583,real_q6xl_tensor_220w_mtp,3,100,11669,187.91,68,1590,9251,3,16
1784679561.177,real_q6xl_tensor_220w_mtp,0,100,11669,188.91,64,1635,9251,3,16
1784679561.177,real_q6xl_tensor_220w_mtp,1,100,11669,194.65,68,1470,9251,3,16
1784679561.177,real_q6xl_tensor_220w_mtp,2,100,11669,191.73,73,1620,9251,3,16
1784679561.177,real_q6xl_tensor_220w_mtp,3,100,11669,200.32,68,1545,9251,3,16
1784679561.772,real_q6xl_tensor_220w_mtp,0,70,11669,205.05,64,1620,9251,3,16
1784679561.772,real_q6xl_tensor_220w_mtp,1,100,11669,208.62,68,1485,9251,3,16
1784679561.772,real_q6xl_tensor_220w_mtp,2,90,11669,205.68,72,1560,9251,3,16
1784679561.772,real_q6xl_tensor_220w_mtp,3,100,11669,207.60,69,1515,9251,3,16
1784679562.345,real_q6xl_tensor_220w_mtp,0,100,11669,204.22,64,1590,9251,3,16
1784679562.345,real_q6xl_tensor_220w_mtp,1,100,11669,208.88,68,1530,9251,3,16
1784679562.345,real_q6xl_tensor_220w_mtp,2,71,11669,207.14,73,1545,9251,3,16
1784679562.345,real_q6xl_tensor_220w_mtp,3,100,11669,207.71,69,1575,9251,3,16
1784679562.918,real_q6xl_tensor_220w_mtp,0,100,11669,196.57,62,1920,9251,3,16
1784679562.918,real_q6xl_tensor_220w_mtp,1,29,11669,204.79,67,1875,9251,3,16
1784679562.918,real_q6xl_tensor_220w_mtp,2,71,11669,203.60,71,1875,9251,3,16
1784679562.918,real_q6xl_tensor_220w_mtp,3,30,11669,201.45,67,1890,9251,3,16
1784679563.502,real_q6xl_tensor_220w_mtp,0,100,11669,179.63,63,1725,9251,3,16
1784679563.502,real_q6xl_tensor_220w_mtp,1,29,11669,186.36,68,1635,9251,3,16
1784679563.502,real_q6xl_tensor_220w_mtp,2,100,11669,182.57,72,1590,9251,3,16
1784679563.502,real_q6xl_tensor_220w_mtp,3,30,11669,187.84,68,1665,9251,3,16
1784679564.074,real_q6xl_tensor_220w_mtp,0,100,11669,187.00,64,1620,9251,3,16
1784679564.074,real_q6xl_tensor_220w_mtp,1,100,11669,194.13,68,1500,9251,3,16
1784679564.074,real_q6xl_tensor_220w_mtp,2,100,11669,190.95,72,1575,9251,3,16
1784679564.074,real_q6xl_tensor_220w_mtp,3,100,11669,193.90,69,1530,9251,3,16
1784679564.646,real_q6xl_tensor_220w_mtp,0,100,11669,203.52,64,1725,9251,3,16
1784679564.646,real_q6xl_tensor_220w_mtp,1,100,11669,207.98,68,1590,9251,3,16
1784679564.646,real_q6xl_tensor_220w_mtp,2,100,11669,206.09,72,1665,9251,3,16
1784679564.646,real_q6xl_tensor_220w_mtp,3,100,11669,207.83,69,1620,9251,3,16
1784679565.239,real_q6xl_tensor_220w_mtp,0,100,11669,205.01,64,1635,9251,3,16
1784679565.239,real_q6xl_tensor_220w_mtp,1,100,11669,207.09,68,1575,9251,3,16
1784679565.239,real_q6xl_tensor_220w_mtp,2,69,11669,205.75,73,1560,9251,3,16
1784679565.239,real_q6xl_tensor_220w_mtp,3,94,11669,208.81,69,1605,9251,3,16
1784679565.837,real_q6xl_tensor_220w_mtp,0,38,11669,198.71,62,1920,9251,3,16
1784679565.837,real_q6xl_tensor_220w_mtp,1,100,11669,203.14,68,1860,9251,3,16
1784679565.837,real_q6xl_tensor_220w_mtp,2,17,11669,200.03,71,1815,9251,3,16
1784679565.837,real_q6xl_tensor_220w_mtp,3,94,11669,202.11,67,1875,9251,3,16
1784679566.399,real_q6xl_tensor_220w_mtp,0,38,11669,178.87,64,1605,9251,3,16
1784679566.399,real_q6xl_tensor_220w_mtp,1,100,11669,187.02,67,1560,9251,3,16
1784679566.399,real_q6xl_tensor_220w_mtp,2,17,11669,181.57,72,1545,9251,3,16
1784679566.399,real_q6xl_tensor_220w_mtp,3,100,11669,187.91,68,1590,9251,3,16
1784679566.971,real_q6xl_tensor_220w_mtp,0,96,11669,185.73,63,1575,9251,3,16
1784679566.971,real_q6xl_tensor_220w_mtp,1,100,11669,195.83,68,1500,9251,3,16
1784679566.971,real_q6xl_tensor_220w_mtp,2,100,11669,189.51,72,1530,9251,3,16
1784679566.971,real_q6xl_tensor_220w_mtp,3,100,11669,193.69,69,1560,9251,3,16
1784679567.542,real_q6xl_tensor_220w_mtp,0,96,11669,204.43,64,1605,9251,3,16
1784679567.542,real_q6xl_tensor_220w_mtp,1,39,11669,205.92,68,1485,9251,3,16
1784679567.542,real_q6xl_tensor_220w_mtp,2,100,11669,204.38,72,1560,9251,3,16
1784679567.542,real_q6xl_tensor_220w_mtp,3,84,11669,208.07,68,1545,9251,3,16
1784679568.114,real_q6xl_tensor_220w_mtp,0,59,11669,204.67,62,1635,9251,3,16
1784679568.114,real_q6xl_tensor_220w_mtp,1,39,11669,204.26,67,1500,9251,3,16
1784679568.114,real_q6xl_tensor_220w_mtp,2,34,11669,202.88,72,1620,9251,3,16
1784679568.114,real_q6xl_tensor_220w_mtp,3,84,11669,207.56,69,1545,9251,3,16
1784679568.707,real_q6xl_tensor_220w_mtp,0,59,11669,208.53,63,1920,9251,3,16
1784679568.707,real_q6xl_tensor_220w_mtp,1,39,11669,205.59,66,1905,9251,3,16
1784679568.707,real_q6xl_tensor_220w_mtp,2,34,11669,203.45,70,1875,9251,3,16
1784679568.707,real_q6xl_tensor_220w_mtp,3,15,11669,202.16,68,1920,9251,3,16
1784679569.271,real_q6xl_tensor_220w_mtp,0,64,11669,178.93,63,1680,9251,3,16
1784679569.271,real_q6xl_tensor_220w_mtp,1,61,11669,185.80,67,1560,9251,3,16
1784679569.271,real_q6xl_tensor_220w_mtp,2,100,11669,181.70,72,1680,9251,3,16
1784679569.271,real_q6xl_tensor_220w_mtp,3,86,11669,187.21,68,1590,9251,3,16
1784679569.869,real_q6xl_tensor_220w_mtp,0,64,11669,183.23,63,1635,9251,3,16
1784679569.869,real_q6xl_tensor_220w_mtp,1,89,11669,191.26,68,1575,9251,3,16
1784679569.869,real_q6xl_tensor_220w_mtp,2,100,11669,189.14,72,1560,9251,3,16
1784679569.869,real_q6xl_tensor_220w_mtp,3,55,11669,195.79,69,1605,9251,3,16
1784679570.465,real_q6xl_tensor_220w_mtp,0,40,11669,202.66,63,1725,9251,3,16
1784679570.465,real_q6xl_tensor_220w_mtp,1,89,11669,207.67,68,1620,9251,3,16
1784679570.465,real_q6xl_tensor_220w_mtp,2,79,11669,204.97,70,1575,9251,3,16
1784679570.465,real_q6xl_tensor_220w_mtp,3,55,11669,205.60,69,1650,9251,3,16
1784679571.053,real_q6xl_tensor_220w_mtp,0,40,11669,201.77,62,1725,9251,3,16
1784679571.053,real_q6xl_tensor_220w_mtp,1,82,11669,207.50,67,1470,9251,3,16
1784679571.053,real_q6xl_tensor_220w_mtp,2,79,11669,206.15,71,1800,9251,3,16
1784679571.053,real_q6xl_tensor_220w_mtp,3,38,11669,204.76,68,1530,9251,3,16
1784679571.623,real_q6xl_tensor_220w_mtp,0,43,11669,203.56,64,1890,9251,3,16
1784679571.623,real_q6xl_tensor_220w_mtp,1,82,11669,211.05,67,1860,9251,3,16
1784679571.623,real_q6xl_tensor_220w_mtp,2,85,11669,209.64,71,1800,9251,3,16
1784679571.623,real_q6xl_tensor_220w_mtp,3,38,11669,206.93,69,1845,9251,3,16
1784679572.184,real_q6xl_tensor_220w_mtp,0,43,11669,178.40,61,1680,9251,3,16
1784679572.184,real_q6xl_tensor_220w_mtp,1,54,11669,187.47,67,1515,9251,3,16
1784679572.184,real_q6xl_tensor_220w_mtp,2,85,11669,180.75,70,1650,9251,3,16
1784679572.184,real_q6xl_tensor_220w_mtp,3,15,11669,187.43,66,1545,9251,3,16
1784679572.753,real_q6xl_tensor_220w_mtp,0,66,11669,178.67,62,1920,9251,3,16
1784679572.753,real_q6xl_tensor_220w_mtp,1,100,11669,188.31,68,1425,9251,3,16
1784679572.753,real_q6xl_tensor_220w_mtp,2,40,11669,184.44,72,1875,9251,3,16
1784679572.753,real_q6xl_tensor_220w_mtp,3,78,11669,187.63,67,1515,9251,3,16
1784679573.350,real_q6xl_tensor_220w_mtp,0,66,11669,205.93,62,1875,9251,3,16
1784679573.350,real_q6xl_tensor_220w_mtp,1,100,11669,210.68,68,1845,9251,3,16
1784679573.350,real_q6xl_tensor_220w_mtp,2,40,11669,208.57,72,1815,9251,3,16
1784679573.350,real_q6xl_tensor_220w_mtp,3,79,11669,209.97,68,1875,9251,3,16
1784679573.907,real_q6xl_tensor_220w_mtp,0,100,11669,208.24,64,1710,9251,3,16
1784679573.907,real_q6xl_tensor_220w_mtp,1,100,11669,213.65,68,1605,9251,3,16
1784679573.907,real_q6xl_tensor_220w_mtp,2,100,11669,209.96,73,1665,9251,3,16
1784679573.907,real_q6xl_tensor_220w_mtp,3,79,11669,211.80,69,1650,9251,3,16
1784679574.473,real_q6xl_tensor_220w_mtp,0,100,11669,205.47,64,1710,9251,3,16
1784679574.473,real_q6xl_tensor_220w_mtp,1,100,11669,212.86,68,1575,9251,3,16
1784679574.473,real_q6xl_tensor_220w_mtp,2,100,11669,212.56,72,1680,9251,3,16
1784679574.473,real_q6xl_tensor_220w_mtp,3,100,11669,209.50,69,1590,9251,3,16
1784679575.043,real_q6xl_tensor_220w_mtp,0,16,11669,178.14,61,1920,9251,3,16
1784679575.043,real_q6xl_tensor_220w_mtp,1,100,11669,191.67,67,1890,9251,3,16
1784679575.043,real_q6xl_tensor_220w_mtp,2,31,11669,185.09,71,1875,9251,3,16
1784679575.043,real_q6xl_tensor_220w_mtp,3,100,11669,187.43,66,1890,9251,3,16
1784679575.604,real_q6xl_tensor_220w_mtp,0,16,11669,178.98,64,1710,9251,3,16
1784679575.604,real_q6xl_tensor_220w_mtp,1,100,11669,186.39,68,1605,9251,3,16
1784679575.604,real_q6xl_tensor_220w_mtp,2,31,11669,180.06,72,1650,9251,3,16
1784679575.604,real_q6xl_tensor_220w_mtp,3,100,11669,187.82,69,1650,9251,3,16
1784679576.175,real_q6xl_tensor_220w_mtp,0,100,11669,202.90,64,1695,9251,3,16
1784679576.175,real_q6xl_tensor_220w_mtp,1,100,11669,209.29,68,1560,9251,3,16
1784679576.175,real_q6xl_tensor_220w_mtp,2,100,11669,208.90,72,1560,9251,3,16
1784679576.175,real_q6xl_tensor_220w_mtp,3,100,11669,214.07,69,1575,9251,3,16
1784679576.773,real_q6xl_tensor_220w_mtp,0,100,11669,202.71,64,1680,9251,3,16
1784679576.773,real_q6xl_tensor_220w_mtp,1,100,11669,207.20,68,1485,9251,3,16
1784679576.773,real_q6xl_tensor_220w_mtp,2,100,11669,206.24,72,1560,9251,3,16
1784679576.773,real_q6xl_tensor_220w_mtp,3,100,11669,212.31,69,1530,9251,3,16
1784679577.369,real_q6xl_tensor_220w_mtp,0,100,11669,204.09,64,1560,9251,3,16
1784679577.369,real_q6xl_tensor_220w_mtp,1,100,11669,207.66,68,1455,9251,3,16
1784679577.369,real_q6xl_tensor_220w_mtp,2,100,11669,204.67,73,1575,9251,3,16
1784679577.369,real_q6xl_tensor_220w_mtp,3,100,11669,206.44,69,1515,9251,3,16
1784679577.938,real_q6xl_tensor_220w_mtp,0,100,11669,185.52,62,1920,9251,3,16
1784679577.938,real_q6xl_tensor_220w_mtp,1,29,11669,189.84,67,1725,9251,3,16
1784679577.938,real_q6xl_tensor_220w_mtp,2,100,11669,185.07,70,1890,9251,3,16
1784679577.938,real_q6xl_tensor_220w_mtp,3,31,11669,190.96,66,1755,9251,3,16
1784679578.539,real_q6xl_tensor_220w_mtp,0,100,11669,178.60,64,1725,9251,3,16
1784679578.539,real_q6xl_tensor_220w_mtp,1,29,11669,185.51,68,1485,9251,3,16
1784679578.539,real_q6xl_tensor_220w_mtp,2,100,11669,179.09,72,1650,9251,3,16
1784679578.539,real_q6xl_tensor_220w_mtp,3,31,11669,185.99,68,1545,9251,3,16
1784679579.127,real_q6xl_tensor_220w_mtp,0,100,11669,202.27,64,1575,9251,3,16
1784679579.127,real_q6xl_tensor_220w_mtp,1,100,11669,202.51,68,1470,9251,3,16
1784679579.127,real_q6xl_tensor_220w_mtp,2,100,11669,197.85,72,1575,9251,3,16
1784679579.127,real_q6xl_tensor_220w_mtp,3,100,11669,206.77,68,1515,9251,3,16
1784679579.699,real_q6xl_tensor_220w_mtp,0,100,11669,202.82,64,1590,9251,3,16
1784679579.699,real_q6xl_tensor_220w_mtp,1,100,11669,205.43,68,1485,9251,3,16
1784679579.699,real_q6xl_tensor_220w_mtp,2,100,11669,203.75,72,1515,9251,3,16
1784679579.699,real_q6xl_tensor_220w_mtp,3,100,11669,206.94,69,1530,9251,3,16
1784679580.291,real_q6xl_tensor_220w_mtp,0,100,11669,202.13,63,1575,9251,3,16
1784679580.291,real_q6xl_tensor_220w_mtp,1,100,11669,206.87,68,1455,9251,3,16
1784679580.291,real_q6xl_tensor_220w_mtp,2,84,11669,204.53,72,1560,9251,3,16
1784679580.291,real_q6xl_tensor_220w_mtp,3,100,11669,207.26,69,1515,9251,3,16
1784679580.862,real_q6xl_tensor_220w_mtp,0,31,11669,191.21,62,1905,9251,3,16
1784679580.862,real_q6xl_tensor_220w_mtp,1,100,11669,194.66,66,1890,9251,3,16
1784679580.862,real_q6xl_tensor_220w_mtp,2,32,11669,188.72,70,1875,9251,3,16
1784679580.862,real_q6xl_tensor_220w_mtp,3,100,11669,198.40,67,1905,9251,3,16
1784679581.448,real_q6xl_tensor_220w_mtp,0,31,11669,175.38,63,1710,9251,3,16
1784679581.448,real_q6xl_tensor_220w_mtp,1,100,11669,183.95,67,1560,9251,3,16
1784679581.448,real_q6xl_tensor_220w_mtp,2,32,11669,179.01,72,1650,9251,3,16
1784679581.448,real_q6xl_tensor_220w_mtp,3,100,11669,184.83,68,1590,9251,3,16
1784679582.019,real_q6xl_tensor_220w_mtp,0,100,11669,192.99,64,1605,9251,3,16
1784679582.019,real_q6xl_tensor_220w_mtp,1,100,11669,196.22,68,1515,9251,3,16
1784679582.019,real_q6xl_tensor_220w_mtp,2,100,11669,195.24,72,1530,9251,3,16
1784679582.019,real_q6xl_tensor_220w_mtp,3,100,11669,197.60,68,1560,9251,3,16
1784679582.590,real_q6xl_tensor_220w_mtp,0,100,11669,202.75,64,1590,9251,3,16
1784679582.590,real_q6xl_tensor_220w_mtp,1,100,11669,206.62,68,1455,9251,3,16
1784679582.590,real_q6xl_tensor_220w_mtp,2,100,11669,205.08,72,1515,9251,3,16
1784679582.590,real_q6xl_tensor_220w_mtp,3,100,11669,206.34,68,1500,9251,3,16
1784679583.158,real_q6xl_tensor_220w_mtp,0,78,11669,203.56,64,1575,9251,3,16
1784679583.158,real_q6xl_tensor_220w_mtp,1,100,11669,206.68,67,1470,9251,3,16
1784679583.158,real_q6xl_tensor_220w_mtp,2,100,11669,205.03,72,1650,9251,3,16
1784679583.158,real_q6xl_tensor_220w_mtp,3,100,11669,206.98,68,1530,9251,3,16
1784679583.747,real_q6xl_tensor_220w_mtp,0,78,11669,197.73,63,1620,9251,3,16
1784679583.747,real_q6xl_tensor_220w_mtp,1,36,11669,205.10,66,1650,9251,3,16
1784679583.747,real_q6xl_tensor_220w_mtp,2,100,11669,202.41,70,1560,9251,3,16
1784679583.747,real_q6xl_tensor_220w_mtp,3,14,11669,201.24,68,1680,9251,3,16
1784679584.310,real_q6xl_tensor_220w_mtp,0,100,11669,175.66,63,1695,9251,3,16
1784679584.310,real_q6xl_tensor_220w_mtp,1,49,11669,184.73,67,1560,9251,3,16
1784679584.310,real_q6xl_tensor_220w_mtp,2,94,11669,178.55,71,1650,9251,3,16
1784679584.310,real_q6xl_tensor_220w_mtp,3,100,11669,184.64,68,1590,9251,3,16
1784679584.925,real_q6xl_tensor_220w_mtp,0,100,11669,187.14,63,1695,9251,3,16
1784679584.925,real_q6xl_tensor_220w_mtp,1,55,11669,193.64,68,1575,9251,3,16
1784679584.925,real_q6xl_tensor_220w_mtp,2,94,11669,185.52,72,1665,9251,3,16
1784679584.925,real_q6xl_tensor_220w_mtp,3,100,11669,194.19,68,1605,9251,3,16
1784679585.519,real_q6xl_tensor_220w_mtp,0,68,11669,202.66,63,1695,9251,3,16
1784679585.519,real_q6xl_tensor_220w_mtp,1,55,11669,204.07,68,1605,9251,3,16
1784679585.519,real_q6xl_tensor_220w_mtp,2,37,11669,202.84,72,1665,9251,3,16
1784679585.519,real_q6xl_tensor_220w_mtp,3,77,11669,207.07,68,1650,9251,3,16
1784679586.112,real_q6xl_tensor_220w_mtp,0,68,11669,200.60,63,1650,9251,3,16
1784679586.112,real_q6xl_tensor_220w_mtp,1,64,11669,205.32,66,1545,9251,3,16
1784679586.112,real_q6xl_tensor_220w_mtp,2,37,11669,203.76,70,1800,9251,3,16
1784679586.112,real_q6xl_tensor_220w_mtp,3,77,11669,204.84,69,1605,9251,3,16
1784679586.708,real_q6xl_tensor_220w_mtp,0,100,11669,207.39,64,1875,9251,3,16
1784679586.708,real_q6xl_tensor_220w_mtp,1,95,11669,208.59,67,1845,9251,3,16
1784679586.708,real_q6xl_tensor_220w_mtp,2,79,11669,207.60,71,1815,9251,3,16
1784679586.708,real_q6xl_tensor_220w_mtp,3,39,11669,205.82,69,1875,9251,3,16
1784679587.270,real_q6xl_tensor_220w_mtp,0,24,11669,175.92,61,1920,9251,3,16
1784679587.270,real_q6xl_tensor_220w_mtp,1,37,11669,182.74,65,1815,9251,3,16
1784679587.270,real_q6xl_tensor_220w_mtp,2,25,11669,178.22,69,1890,9251,3,16
1784679587.270,real_q6xl_tensor_220w_mtp,3,33,11669,186.85,66,1830,9251,3,16
1784679587.841,real_q6xl_tensor_220w_mtp,0,97,11669,180.13,63,1830,9251,3,16
1784679587.841,real_q6xl_tensor_220w_mtp,1,37,11669,185.75,67,1785,9251,3,16
1784679587.841,real_q6xl_tensor_220w_mtp,2,100,11669,179.23,72,1725,9251,3,16
1784679587.841,real_q6xl_tensor_220w_mtp,3,88,11669,188.92,68,1815,9251,3,16
1784679588.401,real_q6xl_tensor_220w_mtp,0,97,11669,207.94,64,1695,9251,3,16
1784679588.401,real_q6xl_tensor_220w_mtp,1,100,11669,211.52,68,1620,9251,3,16
1784679588.401,real_q6xl_tensor_220w_mtp,2,100,11669,209.70,72,1620,9251,3,16
1784679588.401,real_q6xl_tensor_220w_mtp,3,88,11669,209.81,69,1635,9251,3,16
1784679588.991,real_q6xl_tensor_220w_mtp,0,100,11669,204.44,64,1590,9251,3,16
1784679588.991,real_q6xl_tensor_220w_mtp,1,100,11669,210.74,68,1500,9251,3,16
1784679588.991,real_q6xl_tensor_220w_mtp,2,100,11669,211.93,73,1530,9251,3,16
1784679588.991,real_q6xl_tensor_220w_mtp,3,100,11669,210.78,68,1545,9251,3,16
1784679589.563,real_q6xl_tensor_220w_mtp,0,100,11669,203.86,64,1680,9251,3,16
1784679589.563,real_q6xl_tensor_220w_mtp,1,100,11669,207.13,68,1620,9251,3,16
1784679589.563,real_q6xl_tensor_220w_mtp,2,100,11669,207.54,72,1560,9251,3,16
1784679589.563,real_q6xl_tensor_220w_mtp,3,100,11669,206.87,68,1650,9251,3,16
1784679590.135,real_q6xl_tensor_220w_mtp,0,34,11669,183.54,61,1920,9251,3,16
1784679590.135,real_q6xl_tensor_220w_mtp,1,100,11669,187.21,67,1905,9251,3,16
1784679590.135,real_q6xl_tensor_220w_mtp,2,33,11669,184.94,71,1860,9251,3,16
1784679590.135,real_q6xl_tensor_220w_mtp,3,33,11669,190.26,66,1920,9251,3,16
1784679590.723,real_q6xl_tensor_220w_mtp,0,34,11669,175.60,63,1710,9251,3,16
1784679590.723,real_q6xl_tensor_220w_mtp,1,100,11669,184.78,68,1605,9251,3,16
1784679590.723,real_q6xl_tensor_220w_mtp,2,33,11669,179.56,72,1650,9251,3,16
1784679590.723,real_q6xl_tensor_220w_mtp,3,33,11669,184.50,68,1635,9251,3,16
1784679591.294,real_q6xl_tensor_220w_mtp,0,100,11669,195.77,64,1575,9251,3,16
1784679591.294,real_q6xl_tensor_220w_mtp,1,100,11669,202.28,68,1560,9251,3,16
1784679591.294,real_q6xl_tensor_220w_mtp,2,100,11669,199.03,72,1515,9251,3,16
1784679591.294,real_q6xl_tensor_220w_mtp,3,100,11669,205.21,69,1590,9251,3,16
1784679591.865,real_q6xl_tensor_220w_mtp,0,100,11669,203.59,64,1665,9251,3,16
1784679591.865,real_q6xl_tensor_220w_mtp,1,100,11669,205.54,68,1605,9251,3,16
1784679591.865,real_q6xl_tensor_220w_mtp,2,100,11669,203.29,72,1560,9251,3,16
1784679591.865,real_q6xl_tensor_220w_mtp,3,100,11669,206.69,68,1650,9251,3,16
1784679592.434,real_q6xl_tensor_220w_mtp,0,100,11669,202.87,63,1575,9251,3,16
1784679592.434,real_q6xl_tensor_220w_mtp,1,100,11669,206.15,67,1425,9251,3,16
1784679592.434,real_q6xl_tensor_220w_mtp,2,100,11669,203.68,72,1545,9251,3,16
1784679592.434,real_q6xl_tensor_220w_mtp,3,100,11669,206.29,68,1485,9251,3,16
1784679593.026,real_q6xl_tensor_220w_mtp,0,100,11669,192.14,61,1890,9251,3,16
1784679593.026,real_q6xl_tensor_220w_mtp,1,34,11669,202.23,67,1875,9251,3,16
1784679593.026,real_q6xl_tensor_220w_mtp,2,100,11669,199.01,70,1860,9251,3,16
1784679593.026,real_q6xl_tensor_220w_mtp,3,100,11669,198.02,67,1890,9251,3,16
1784679593.587,real_q6xl_tensor_220w_mtp,0,100,11669,174.59,63,1680,9251,3,16
1784679593.587,real_q6xl_tensor_220w_mtp,1,34,11669,182.36,67,1560,9251,3,16
1784679593.587,real_q6xl_tensor_220w_mtp,2,100,11669,177.13,71,1665,9251,3,16
1784679593.587,real_q6xl_tensor_220w_mtp,3,99,11669,183.21,68,1590,9251,3,16
1784679594.158,real_q6xl_tensor_220w_mtp,0,100,11669,184.19,64,1665,9251,3,16
1784679594.158,real_q6xl_tensor_220w_mtp,1,100,11669,190.21,68,1500,9251,3,16
1784679594.158,real_q6xl_tensor_220w_mtp,2,100,11669,187.95,70,1650,9251,3,16
1784679594.158,real_q6xl_tensor_220w_mtp,3,99,11669,192.01,68,1530,9251,3,16
1784679594.728,real_q6xl_tensor_220w_mtp,0,32,11669,200.24,63,1920,9251,3,16
1784679594.728,real_q6xl_tensor_220w_mtp,1,100,11669,206.61,66,1905,9251,3,16
1784679594.728,real_q6xl_tensor_220w_mtp,2,65,11669,205.44,71,1890,9251,3,16
1784679594.728,real_q6xl_tensor_220w_mtp,3,33,11669,204.59,67,1920,9251,3,16
1784679595.298,real_q6xl_tensor_220w_mtp,0,100,11669,207.79,64,1755,9251,3,16
1784679595.298,real_q6xl_tensor_220w_mtp,1,100,11669,208.93,67,1740,9251,3,16
1784679595.298,real_q6xl_tensor_220w_mtp,2,100,11669,209.73,72,1515,9251,3,16
1784679595.298,real_q6xl_tensor_220w_mtp,3,82,11669,208.08,68,1770,9251,3,16
1784679595.862,real_q6xl_tensor_220w_mtp,0,100,11669,211.23,64,1590,9251,3,16
1784679595.862,real_q6xl_tensor_220w_mtp,1,100,11669,209.08,68,1515,9251,3,16
1784679595.862,real_q6xl_tensor_220w_mtp,2,100,11669,208.81,72,1500,9251,3,16
1784679595.862,real_q6xl_tensor_220w_mtp,3,100,11669,214.09,69,1560,9251,3,16
1784679596.432,real_q6xl_tensor_220w_mtp,0,25,11669,181.63,61,1905,9251,3,16
1784679596.432,real_q6xl_tensor_220w_mtp,1,31,11669,187.97,65,1860,9251,3,16
1784679596.432,real_q6xl_tensor_220w_mtp,2,28,11669,180.95,71,1890,9251,3,16
1784679596.432,real_q6xl_tensor_220w_mtp,3,33,11669,189.46,66,1890,9251,3,16
1784679597.013,real_q6xl_tensor_220w_mtp,0,100,11669,174.65,64,1635,9251,3,16
1784679597.013,real_q6xl_tensor_220w_mtp,1,31,11669,182.89,67,1470,9251,3,16
1784679597.013,real_q6xl_tensor_220w_mtp,2,100,11669,177.96,72,1530,9251,3,16
1784679597.013,real_q6xl_tensor_220w_mtp,3,100,11669,184.21,69,1500,9251,3,16
1784679597.584,real_q6xl_tensor_220w_mtp,0,100,11669,199.46,63,1620,9251,3,16
1784679597.584,real_q6xl_tensor_220w_mtp,1,100,11669,206.42,68,1590,9251,3,16
1784679597.584,real_q6xl_tensor_220w_mtp,2,100,11669,206.75,72,1515,9251,3,16
1784679597.584,real_q6xl_tensor_220w_mtp,3,100,11669,212.19,69,1620,9251,3,16
1784679598.157,real_q6xl_tensor_220w_mtp,0,100,11669,202.53,64,1620,9251,3,16
1784679598.157,real_q6xl_tensor_220w_mtp,1,100,11669,204.11,68,1575,9251,3,16
1784679598.157,real_q6xl_tensor_220w_mtp,2,100,11669,202.49,72,1530,9251,3,16
1784679598.157,real_q6xl_tensor_220w_mtp,3,100,11669,206.91,68,1605,9251,3,16
1784679598.727,real_q6xl_tensor_220w_mtp,0,100,11669,202.07,63,1710,9251,3,16
1784679598.727,real_q6xl_tensor_220w_mtp,1,100,11669,205.75,68,1575,9251,3,16
1784679598.727,real_q6xl_tensor_220w_mtp,2,100,11669,202.44,72,1650,9251,3,16
1784679598.727,real_q6xl_tensor_220w_mtp,3,100,11669,205.89,68,1605,9251,3,16
1784679599.296,real_q6xl_tensor_220w_mtp,0,34,11669,190.65,62,1845,9251,3,16
1784679599.296,real_q6xl_tensor_220w_mtp,1,25,11669,197.13,65,1725,9251,3,16
1784679599.296,real_q6xl_tensor_220w_mtp,2,34,11669,193.73,71,1830,9251,3,16
1784679599.296,real_q6xl_tensor_220w_mtp,3,34,11669,197.22,67,1755,9251,3,16
1784679599.881,real_q6xl_tensor_220w_mtp,0,34,11669,173.16,63,1695,9251,3,16
1784679599.881,real_q6xl_tensor_220w_mtp,1,100,11669,182.34,67,1590,9251,3,16
1784679599.881,real_q6xl_tensor_220w_mtp,2,34,11669,177.07,71,1650,9251,3,16
1784679599.881,real_q6xl_tensor_220w_mtp,3,34,11669,184.61,68,1620,9251,3,16
1784679600.476,real_q6xl_tensor_220w_mtp,0,96,11669,184.09,63,1575,9251,3,16
1784679600.476,real_q6xl_tensor_220w_mtp,1,100,11669,195.89,67,1485,9251,3,16
1784679600.476,real_q6xl_tensor_220w_mtp,2,100,11669,191.86,72,1500,9251,3,16
1784679600.476,real_q6xl_tensor_220w_mtp,3,100,11669,196.74,68,1515,9251,3,16
1784679601.071,real_q6xl_tensor_220w_mtp,0,96,11669,202.13,63,1650,9251,3,16
1784679601.071,real_q6xl_tensor_220w_mtp,1,81,11669,204.57,68,1425,9251,3,16
1784679601.071,real_q6xl_tensor_220w_mtp,2,100,11669,203.08,70,1560,9251,3,16
1784679601.071,real_q6xl_tensor_220w_mtp,3,100,11669,205.04,68,1470,9251,3,16
1784679601.641,real_q6xl_tensor_220w_mtp,0,52,11669,201.24,62,1920,9251,3,16
1784679601.641,real_q6xl_tensor_220w_mtp,1,81,11669,202.38,67,1830,9251,3,16
1784679601.641,real_q6xl_tensor_220w_mtp,2,45,11669,201.96,71,1890,9251,3,16
1784679601.641,real_q6xl_tensor_220w_mtp,3,44,11669,204.61,67,1860,9251,3,16
1784679602.234,real_q6xl_tensor_220w_mtp,0,52,11669,206.18,63,1845,9251,3,16
1784679602.234,real_q6xl_tensor_220w_mtp,1,52,11669,204.90,68,1830,9251,3,16
1784679602.234,real_q6xl_tensor_220w_mtp,2,45,11669,202.97,73,1695,9251,3,16
1784679602.234,real_q6xl_tensor_220w_mtp,3,100,11669,210.20,69,1785,9251,3,16
1784679602.815,real_q6xl_tensor_220w_mtp,0,17,11669,173.09,61,1920,9251,3,16
1784679602.815,real_q6xl_tensor_220w_mtp,1,33,11669,187.21,65,1905,9251,3,16
1784679602.815,real_q6xl_tensor_220w_mtp,2,100,11669,179.92,69,1890,9251,3,16
1784679602.815,real_q6xl_tensor_220w_mtp,3,1,11669,181.74,66,1920,9251,3,16
1784679603.406,real_q6xl_tensor_220w_mtp,0,17,11669,180.93,63,1575,9251,3,16
1784679603.406,real_q6xl_tensor_220w_mtp,1,100,11669,184.93,68,1560,9251,3,16
1784679603.406,real_q6xl_tensor_220w_mtp,2,100,11669,179.65,72,1500,9251,3,16
1784679603.406,real_q6xl_tensor_220w_mtp,3,1,11669,188.70,68,1605,9251,3,16
1784679603.972,real_q6xl_tensor_220w_mtp,0,100,11669,205.35,64,1545,9251,3,16
1784679603.972,real_q6xl_tensor_220w_mtp,1,100,11669,211.37,68,1440,9251,3,16
1784679603.972,real_q6xl_tensor_220w_mtp,2,100,11669,210.04,72,1500,9251,3,16
1784679603.972,real_q6xl_tensor_220w_mtp,3,100,11669,210.09,68,1500,9251,3,16
1784679604.545,real_q6xl_tensor_220w_mtp,0,100,11669,200.96,63,1620,9251,3,16
1784679604.545,real_q6xl_tensor_220w_mtp,1,100,11669,206.88,68,1575,9251,3,16
1784679604.545,real_q6xl_tensor_220w_mtp,2,100,11669,206.79,72,1515,9251,3,16
1784679604.545,real_q6xl_tensor_220w_mtp,3,100,11669,206.71,69,1605,9251,3,16
1784679605.117,real_q6xl_tensor_220w_mtp,0,100,11669,201.65,63,1545,9251,3,16
1784679605.117,real_q6xl_tensor_220w_mtp,1,100,11669,203.83,68,1470,9251,3,16
1784679605.117,real_q6xl_tensor_220w_mtp,2,100,11669,201.94,72,1500,9251,3,16
1784679605.117,real_q6xl_tensor_220w_mtp,3,100,11669,206.47,68,1515,9251,3,16
1784679605.686,real_q6xl_tensor_220w_mtp,0,100,11669,192.30,61,1785,9251,3,16
1784679605.686,real_q6xl_tensor_220w_mtp,1,34,11669,196.45,67,1665,9251,3,16
1784679605.686,real_q6xl_tensor_220w_mtp,2,34,11669,191.87,70,1800,9251,3,16
1784679605.686,real_q6xl_tensor_220w_mtp,3,100,11669,193.88,66,1710,9251,3,16
1784679606.247,real_q6xl_tensor_220w_mtp,0,100,11669,172.14,63,1650,9251,3,16
1784679606.247,real_q6xl_tensor_220w_mtp,1,34,11669,181.45,67,1590,9251,3,16
1784679606.247,real_q6xl_tensor_220w_mtp,2,34,11669,175.87,71,1650,9251,3,16
1784679606.247,real_q6xl_tensor_220w_mtp,3,100,11669,183.02,68,1635,9251,3,16
1784679606.819,real_q6xl_tensor_220w_mtp,0,67,11669,187.37,63,1710,9251,3,16
1784679606.819,real_q6xl_tensor_220w_mtp,1,67,11669,189.48,67,1590,9251,3,16
1784679606.819,real_q6xl_tensor_220w_mtp,2,100,11669,186.74,72,1650,9251,3,16
1784679606.819,real_q6xl_tensor_220w_mtp,3,65,11669,195.06,68,1635,9251,3,16
1784679607.393,real_q6xl_tensor_220w_mtp,0,71,11669,202.59,62,1515,9251,3,16
1784679607.393,real_q6xl_tensor_220w_mtp,1,67,11669,201.93,68,1485,9251,3,16
1784679607.393,real_q6xl_tensor_220w_mtp,2,32,11669,200.86,72,1470,9251,3,16
1784679607.393,real_q6xl_tensor_220w_mtp,3,72,11669,205.18,67,1545,9251,3,16
1784679607.962,real_q6xl_tensor_220w_mtp,0,71,11669,207.25,64,1845,9251,3,16
1784679607.962,real_q6xl_tensor_220w_mtp,1,79,11669,207.30,66,1830,9251,3,16
1784679607.962,real_q6xl_tensor_220w_mtp,2,32,11669,204.81,72,1800,9251,3,16
1784679607.962,real_q6xl_tensor_220w_mtp,3,72,11669,209.50,68,1860,9251,3,16
1784679608.537,real_q6xl_tensor_220w_mtp,0,100,11669,206.94,63,1695,9251,3,16
1784679608.537,real_q6xl_tensor_220w_mtp,1,79,11669,211.14,68,1590,9251,3,16
1784679608.537,real_q6xl_tensor_220w_mtp,2,100,11669,210.46,72,1590,9251,3,16
1784679608.537,real_q6xl_tensor_220w_mtp,3,100,11669,209.20,69,1635,9251,3,16
1784679609.108,real_q6xl_tensor_220w_mtp,0,100,11669,183.11,61,1890,9251,3,16
1784679609.108,real_q6xl_tensor_220w_mtp,1,26,11669,185.06,66,1860,9251,3,16
1784679609.108,real_q6xl_tensor_220w_mtp,2,100,11669,184.72,71,1815,9251,3,16
1784679609.108,real_q6xl_tensor_220w_mtp,3,100,11669,188.02,66,1830,9251,3,16
1784679609.693,real_q6xl_tensor_220w_mtp,0,100,11669,173.56,63,1695,9251,3,16
1784679609.693,real_q6xl_tensor_220w_mtp,1,26,11669,181.13,68,1560,9251,3,16
1784679609.693,real_q6xl_tensor_220w_mtp,2,100,11669,176.28,72,1635,9251,3,16
1784679609.693,real_q6xl_tensor_220w_mtp,3,100,11669,179.49,68,1590,9251,3,16
1784679610.288,real_q6xl_tensor_220w_mtp,0,100,11669,199.25,63,1650,9251,3,16
1784679610.288,real_q6xl_tensor_220w_mtp,1,100,11669,206.75,68,1605,9251,3,16
1784679610.288,real_q6xl_tensor_220w_mtp,2,100,11669,205.12,72,1650,9251,3,16
1784679610.288,real_q6xl_tensor_220w_mtp,3,100,11669,210.89,68,1650,9251,3,16
1784679610.861,real_q6xl_tensor_220w_mtp,0,100,11669,201.99,63,1575,9251,3,16
1784679610.861,real_q6xl_tensor_220w_mtp,1,100,11669,204.12,68,1395,9251,3,16
1784679610.861,real_q6xl_tensor_220w_mtp,2,100,11669,202.06,72,1590,9251,3,16
1784679610.861,real_q6xl_tensor_220w_mtp,3,100,11669,205.53,68,1425,9251,3,16
1784679611.455,real_q6xl_tensor_220w_mtp,0,100,11669,200.95,64,1710,9251,3,16
1784679611.455,real_q6xl_tensor_220w_mtp,1,100,11669,203.73,68,1575,9251,3,16
1784679611.455,real_q6xl_tensor_220w_mtp,2,100,11669,203.12,72,1650,9251,3,16
1784679611.455,real_q6xl_tensor_220w_mtp,3,100,11669,205.66,68,1605,9251,3,16
1784679612.026,real_q6xl_tensor_220w_mtp,0,34,11669,190.42,61,1890,9251,3,16
1784679612.026,real_q6xl_tensor_220w_mtp,1,100,11669,201.56,67,1845,9251,3,16
1784679612.026,real_q6xl_tensor_220w_mtp,2,34,11669,197.58,70,1860,9251,3,16
1784679612.026,real_q6xl_tensor_220w_mtp,3,35,11669,196.86,66,1875,9251,3,16
1784679612.587,real_q6xl_tensor_220w_mtp,0,34,11669,171.92,63,1590,9251,3,16
1784679612.587,real_q6xl_tensor_220w_mtp,1,100,11669,180.92,67,1560,9251,3,16
1784679612.587,real_q6xl_tensor_220w_mtp,2,34,11669,173.68,71,1635,9251,3,16
1784679612.587,real_q6xl_tensor_220w_mtp,3,35,11669,180.71,67,1605,9251,3,16
1784679613.158,real_q6xl_tensor_220w_mtp,0,29,11669,178.81,61,1530,9251,3,16
1784679613.158,real_q6xl_tensor_220w_mtp,1,100,11669,190.31,66,1425,9251,3,16
1784679613.158,real_q6xl_tensor_220w_mtp,2,66,11669,184.18,70,1455,9251,3,16
1784679613.158,real_q6xl_tensor_220w_mtp,3,34,11669,187.64,68,1485,9251,3,16
1784679613.731,real_q6xl_tensor_220w_mtp,0,29,11669,206.45,63,1830,9251,3,16
1784679613.731,real_q6xl_tensor_220w_mtp,1,100,11669,208.37,68,1785,9251,3,16
1784679613.731,real_q6xl_tensor_220w_mtp,2,66,11669,208.52,72,1680,9251,3,16
1784679613.731,real_q6xl_tensor_220w_mtp,3,34,11669,209.98,67,1815,9251,3,16
1784679614.293,real_q6xl_tensor_220w_mtp,0,100,11669,206.52,63,1695,9251,3,16
1784679614.293,real_q6xl_tensor_220w_mtp,1,100,11669,208.54,68,1560,9251,3,16
1784679614.293,real_q6xl_tensor_220w_mtp,2,100,11669,208.25,72,1635,9251,3,16
1784679614.293,real_q6xl_tensor_220w_mtp,3,100,11669,210.54,68,1605,9251,3,16
1784679614.889,real_q6xl_tensor_220w_mtp,0,100,11669,203.14,63,1530,9251,3,16
1784679614.889,real_q6xl_tensor_220w_mtp,1,100,11669,209.18,68,1455,9251,3,16
1784679614.889,real_q6xl_tensor_220w_mtp,2,100,11669,208.29,72,1470,9251,3,16
1784679614.889,real_q6xl_tensor_220w_mtp,3,100,11669,210.53,69,1515,9251,3,16
1784679615.465,real_q6xl_tensor_220w_mtp,0,35,11669,185.19,62,1830,9251,3,16
1784679615.465,real_q6xl_tensor_220w_mtp,1,100,11669,187.07,66,1815,9251,3,16
1784679615.465,real_q6xl_tensor_220w_mtp,2,27,11669,181.19,70,1800,9251,3,16
1784679615.465,real_q6xl_tensor_220w_mtp,3,34,11669,191.99,68,1845,9251,3,16
1784679616.027,real_q6xl_tensor_220w_mtp,0,35,11669,172.68,63,1620,9251,3,16
1784679616.027,real_q6xl_tensor_220w_mtp,1,100,11669,180.50,68,1410,9251,3,16
1784679616.027,real_q6xl_tensor_220w_mtp,2,27,11669,175.63,72,1605,9251,3,16
1784679616.027,real_q6xl_tensor_220w_mtp,3,34,11669,182.41,68,1470,9251,3,16
1784679616.599,real_q6xl_tensor_220w_mtp,0,100,11669,196.77,63,1650,9251,3,16
1784679616.599,real_q6xl_tensor_220w_mtp,1,100,11669,197.56,68,1500,9251,3,16
1784679616.599,real_q6xl_tensor_220w_mtp,2,100,11669,196.29,72,1620,9251,3,16
1784679616.599,real_q6xl_tensor_220w_mtp,3,100,11669,203.15,68,1545,9251,3,16
1784679617.169,real_q6xl_tensor_220w_mtp,0,69,11669,200.46,63,1605,9251,3,16
1784679617.169,real_q6xl_tensor_220w_mtp,1,100,11669,203.93,68,1575,9251,3,16
1784679617.169,real_q6xl_tensor_220w_mtp,2,81,11669,202.35,72,1500,9251,3,16
1784679617.169,real_q6xl_tensor_220w_mtp,3,64,11669,204.99,68,1605,9251,3,16
1784679617.746,real_q6xl_tensor_220w_mtp,0,31,11669,198.49,64,1620,9251,3,16
1784679617.746,real_q6xl_tensor_220w_mtp,1,100,11669,204.46,66,1485,9251,3,16
1784679617.746,real_q6xl_tensor_220w_mtp,2,71,11669,202.59,70,1605,9251,3,16
1784679617.746,real_q6xl_tensor_220w_mtp,3,30,11669,202.93,68,1530,9251,3,16
1784679618.320,real_q6xl_tensor_220w_mtp,0,100,11669,204.01,63,1845,9251,3,16
1784679618.320,real_q6xl_tensor_220w_mtp,1,100,11669,208.69,68,1770,9251,3,16
1784679618.320,real_q6xl_tensor_220w_mtp,2,100,11669,207.03,72,1770,9251,3,16
1784679618.320,real_q6xl_tensor_220w_mtp,3,30,11669,207.55,67,1815,9251,3,16
1784679618.881,real_q6xl_tensor_220w_mtp,0,18,11669,170.03,61,1920,9251,3,16
1784679618.881,real_q6xl_tensor_220w_mtp,1,100,11669,182.71,65,1905,9251,3,16
1784679618.881,real_q6xl_tensor_220w_mtp,2,100,11669,176.71,69,1890,9251,3,16
1784679618.881,real_q6xl_tensor_220w_mtp,3,15,11669,180.22,66,1920,9251,3,16
1784679619.466,real_q6xl_tensor_220w_mtp,0,18,11669,173.58,63,1515,9251,3,16
1784679619.466,real_q6xl_tensor_220w_mtp,1,100,11669,185.90,68,1410,9251,3,16
1784679619.466,real_q6xl_tensor_220w_mtp,2,100,11669,181.94,72,1605,9251,3,16
1784679619.466,real_q6xl_tensor_220w_mtp,3,15,11669,183.58,68,1455,9251,3,16
1784679620.036,real_q6xl_tensor_220w_mtp,0,100,11669,207.44,63,1650,9251,3,16
1784679620.036,real_q6xl_tensor_220w_mtp,1,100,11669,207.60,68,1500,9251,3,16
1784679620.036,real_q6xl_tensor_220w_mtp,2,100,11669,205.56,72,1620,9251,3,16
1784679620.036,real_q6xl_tensor_220w_mtp,3,100,11669,211.63,68,1545,9251,3,16
1784679620.604,real_q6xl_tensor_220w_mtp,0,100,11669,200.39,64,1680,9251,3,16
1784679620.604,real_q6xl_tensor_220w_mtp,1,100,11669,203.65,68,1515,9251,3,16
1784679620.604,real_q6xl_tensor_220w_mtp,2,100,11669,202.83,72,1635,9251,3,16
1784679620.604,real_q6xl_tensor_220w_mtp,3,100,11669,205.71,68,1545,9251,3,16
1784679621.173,real_q6xl_tensor_220w_mtp,0,100,11669,200.52,63,1530,9251,3,16
1784679621.173,real_q6xl_tensor_220w_mtp,1,100,11669,204.70,68,1425,9251,3,16
1784679621.173,real_q6xl_tensor_220w_mtp,2,100,11669,202.12,72,1530,9251,3,16
1784679621.173,real_q6xl_tensor_220w_mtp,3,100,11669,205.84,68,1470,9251,3,16
1784679621.742,real_q6xl_tensor_220w_mtp,0,100,11669,195.19,62,1860,9251,3,16
1784679621.742,real_q6xl_tensor_220w_mtp,1,18,11669,196.33,66,1800,9251,3,16
1784679621.742,real_q6xl_tensor_220w_mtp,2,18,11669,196.33,69,1860,9251,3,16
1784679621.742,real_q6xl_tensor_220w_mtp,3,100,11669,201.74,67,1830,9251,3,16
1784679622.299,real_q6xl_tensor_220w_mtp,0,32,11669,170.52,63,1710,9251,3,16
1784679622.299,real_q6xl_tensor_220w_mtp,1,37,11669,180.33,67,1590,9251,3,16
1784679622.299,real_q6xl_tensor_220w_mtp,2,26,11669,174.51,71,1650,9251,3,16
1784679622.299,real_q6xl_tensor_220w_mtp,3,100,11669,181.07,68,1620,9251,3,16
1784679622.871,real_q6xl_tensor_220w_mtp,0,32,11669,181.43,62,1500,9251,3,16
1784679622.871,real_q6xl_tensor_220w_mtp,1,51,11669,186.76,66,1305,9251,3,16
1784679622.871,real_q6xl_tensor_220w_mtp,2,41,11669,181.67,70,1455,9251,3,16
1784679622.871,real_q6xl_tensor_220w_mtp,3,100,11669,189.16,68,1410,9251,3,16
1784679623.485,real_q6xl_tensor_220w_mtp,0,77,11669,202.19,63,1830,9251,3,16
1784679623.485,real_q6xl_tensor_220w_mtp,1,51,11669,208.11,68,1830,9251,3,16
1784679623.485,real_q6xl_tensor_220w_mtp,2,41,11669,207.75,72,1680,9251,3,16
1784679623.485,real_q6xl_tensor_220w_mtp,3,63,11669,206.54,68,1770,9251,3,16
1784679624.070,real_q6xl_tensor_220w_mtp,0,77,11669,205.63,64,1515,9251,3,16
1784679624.070,real_q6xl_tensor_220w_mtp,1,100,11669,208.25,68,1410,9251,3,16
1784679624.070,real_q6xl_tensor_220w_mtp,2,100,11669,206.95,72,1545,9251,3,16
1784679624.070,real_q6xl_tensor_220w_mtp,3,63,11669,210.58,68,1440,9251,3,16
1784679624.639,real_q6xl_tensor_220w_mtp,0,100,11669,203.69,63,1680,9251,3,16
1784679624.639,real_q6xl_tensor_220w_mtp,1,100,11669,210.17,68,1560,9251,3,16
1784679624.639,real_q6xl_tensor_220w_mtp,2,100,11669,208.88,72,1440,9251,3,16
1784679624.639,real_q6xl_tensor_220w_mtp,3,100,11669,208.76,68,1590,9251,3,16
1784679625.237,real_q6xl_tensor_220w_mtp,0,100,11669,180.29,62,1890,9251,3,16
1784679625.237,real_q6xl_tensor_220w_mtp,1,31,11669,186.32,66,1800,9251,3,16
1784679625.237,real_q6xl_tensor_220w_mtp,2,36,11669,181.82,69,1830,9251,3,16
1784679625.237,real_q6xl_tensor_220w_mtp,3,35,11669,189.26,67,1830,9251,3,16
1784679625.822,real_q6xl_tensor_220w_mtp,0,100,11669,170.60,63,1695,9251,3,16
1784679625.822,real_q6xl_tensor_220w_mtp,1,81,11669,178.88,67,1560,9251,3,16
1784679625.822,real_q6xl_tensor_220w_mtp,2,36,11669,174.52,72,1635,9251,3,16
1784679625.822,real_q6xl_tensor_220w_mtp,3,100,11669,180.68,68,1590,9251,3,16
1784679626.395,real_q6xl_tensor_220w_mtp,0,100,11669,196.12,63,1560,9251,3,16
1784679626.395,real_q6xl_tensor_220w_mtp,1,100,11669,195.99,67,1365,9251,3,16
1784679626.395,real_q6xl_tensor_220w_mtp,2,100,11669,194.20,72,1590,9251,3,16
1784679626.395,real_q6xl_tensor_220w_mtp,3,100,11669,201.16,68,1410,9251,3,16
1784679626.965,real_q6xl_tensor_220w_mtp,0,51,11669,200.34,63,1545,9251,3,16
1784679626.965,real_q6xl_tensor_220w_mtp,1,100,11669,203.41,67,1440,9251,3,16
1784679626.965,real_q6xl_tensor_220w_mtp,2,100,11669,200.93,70,1410,9251,3,16
1784679626.965,real_q6xl_tensor_220w_mtp,3,63,11669,205.43,68,1485,9251,3,16
1784679627.535,real_q6xl_tensor_220w_mtp,0,100,11669,200.81,62,1905,9251,3,16
1784679627.535,real_q6xl_tensor_220w_mtp,1,99,11669,201.22,67,1875,9251,3,16
1784679627.535,real_q6xl_tensor_220w_mtp,2,91,11669,205.79,71,1875,9251,3,16
1784679627.535,real_q6xl_tensor_220w_mtp,3,75,11669,205.06,67,1890,9251,3,16
1784679628.103,real_q6xl_tensor_220w_mtp,0,100,11669,205.78,63,1605,9251,3,16
1784679628.103,real_q6xl_tensor_220w_mtp,1,99,11669,207.96,68,1575,9251,3,16
1784679628.103,real_q6xl_tensor_220w_mtp,2,91,11669,206.61,72,1635,9251,3,16
1784679628.103,real_q6xl_tensor_220w_mtp,3,100,11669,209.52,69,1620,9251,3,16
1784679628.673,real_q6xl_tensor_220w_mtp,0,100,11669,179.66,61,1860,9251,3,16
1784679628.673,real_q6xl_tensor_220w_mtp,1,35,11669,190.27,66,1860,9251,3,16
1784679628.673,real_q6xl_tensor_220w_mtp,2,35,11669,185.21,70,1785,9251,3,16
1784679628.673,real_q6xl_tensor_220w_mtp,3,100,11669,185.03,66,1890,9251,3,16
1784679629.256,real_q6xl_tensor_220w_mtp,0,100,11669,169.26,63,1530,9251,3,16
1784679629.256,real_q6xl_tensor_220w_mtp,1,35,11669,179.38,67,1425,9251,3,16
1784679629.256,real_q6xl_tensor_220w_mtp,2,100,11669,174.70,72,1455,9251,3,16
1784679629.256,real_q6xl_tensor_220w_mtp,3,100,11669,180.26,68,1470,9251,3,16
1784679629.828,real_q6xl_tensor_220w_mtp,0,100,11669,199.03,63,1560,9251,3,16
1784679629.828,real_q6xl_tensor_220w_mtp,1,100,11669,205.70,67,1515,9251,3,16
1784679629.828,real_q6xl_tensor_220w_mtp,2,100,11669,206.05,72,1620,9251,3,16
1784679629.828,real_q6xl_tensor_220w_mtp,3,100,11669,204.28,68,1590,9251,3,16
1784679630.435,real_q6xl_tensor_220w_mtp,0,32,11669,199.82,63,1680,9251,3,16
1784679630.435,real_q6xl_tensor_220w_mtp,1,100,11669,206.70,68,1545,9251,3,16
1784679630.435,real_q6xl_tensor_220w_mtp,2,100,11669,206.97,72,1605,9251,3,16
1784679630.435,real_q6xl_tensor_220w_mtp,3,84,11669,202.63,67,1905,9251,3,16
1784679631.039,real_q6xl_tensor_220w_mtp,0,68,11669,198.92,63,1635,9251,3,16
1784679631.039,real_q6xl_tensor_220w_mtp,1,100,11669,203.06,67,1425,9251,3,16
1784679631.039,real_q6xl_tensor_220w_mtp,2,90,11669,200.90,72,1500,9251,3,16
1784679631.039,real_q6xl_tensor_220w_mtp,3,63,11669,203.97,68,1470,9251,3,16
1784679631.612,real_q6xl_tensor_220w_mtp,0,20,11669,192.46,62,1920,9251,3,16
1784679631.612,real_q6xl_tensor_220w_mtp,1,100,11669,201.15,66,1905,9251,3,16
1784679631.612,real_q6xl_tensor_220w_mtp,2,90,11669,199.22,70,1890,9251,3,16
1784679631.612,real_q6xl_tensor_220w_mtp,3,14,11669,198.68,67,1920,9251,3,16
1784679632.174,real_q6xl_tensor_220w_mtp,0,20,11669,161.56,60,1665,9251,3,16
1784679632.174,real_q6xl_tensor_220w_mtp,1,29,11669,175.80,66,1500,9251,3,16
1784679632.174,real_q6xl_tensor_220w_mtp,2,40,11669,170.98,71,1560,9251,3,16
1784679632.174,real_q6xl_tensor_220w_mtp,3,14,11669,180.46,66,1560,9251,3,16
1784679632.767,real_q6xl_tensor_220w_mtp,0,100,11669,173.46,63,1875,9251,3,16
1784679632.767,real_q6xl_tensor_220w_mtp,1,100,11669,187.83,67,1845,9251,3,16
1784679632.767,real_q6xl_tensor_220w_mtp,2,89,11669,182.44,70,1755,9251,3,16
1784679632.767,real_q6xl_tensor_220w_mtp,3,42,11669,189.98,68,1875,9251,3,16
1784679633.350,real_q6xl_tensor_220w_mtp,0,100,11669,205.62,63,1680,9251,3,16
1784679633.350,real_q6xl_tensor_220w_mtp,1,100,11669,208.33,68,1560,9251,3,16
1784679633.350,real_q6xl_tensor_220w_mtp,2,100,11669,206.32,72,1605,9251,3,16
1784679633.350,real_q6xl_tensor_220w_mtp,3,42,11669,210.02,68,1590,9251,3,16
1784679633.943,real_q6xl_tensor_220w_mtp,0,100,11669,206.42,63,1680,9251,3,16
1784679633.943,real_q6xl_tensor_220w_mtp,1,100,11669,209.54,67,1560,9251,3,16
1784679633.943,real_q6xl_tensor_220w_mtp,2,100,11669,206.71,72,1635,9251,3,16
1784679633.943,real_q6xl_tensor_220w_mtp,3,100,11669,208.57,69,1605,9251,3,16
1784679634.558,real_q6xl_tensor_220w_mtp,0,100,11669,199.70,63,1545,9251,3,16
1784679634.558,real_q6xl_tensor_220w_mtp,1,100,11669,201.51,66,1140,9251,3,16
1784679634.558,real_q6xl_tensor_220w_mtp,2,100,11669,204.84,72,1590,9251,3,16
1784679634.558,real_q6xl_tensor_220w_mtp,3,100,11669,201.51,67,1125,9251,3,16
1784679635.136,real_q6xl_tensor_220w_mtp,0,20,11669,186.80,60,1755,9251,3,16
1784679635.136,real_q6xl_tensor_220w_mtp,1,100,11669,187.34,65,1620,9251,3,16
1784679635.136,real_q6xl_tensor_220w_mtp,2,100,11669,193.31,69,1770,9251,3,16
1784679635.136,real_q6xl_tensor_220w_mtp,3,20,11669,186.26,67,1680,9251,3,16
1784679635.714,real_q6xl_tensor_220w_mtp,0,20,11669,145.44,60,1815,9251,3,16
1784679635.714,real_q6xl_tensor_220w_mtp,1,0,11669,163.96,64,1905,9251,3,16
1784679635.714,real_q6xl_tensor_220w_mtp,2,0,11669,163.15,68,1905,9251,3,16
1784679635.714,real_q6xl_tensor_220w_mtp,3,20,11669,160.49,65,1920,9251,3,16
1784679636.275,real_q6xl_tensor_220w_mtp,0,0,11669,115.01,59,1815,9251,3,16
1784679636.275,real_q6xl_tensor_220w_mtp,1,4,11669,139.59,64,1905,9251,3,16
1784679636.275,real_q6xl_tensor_220w_mtp,2,5,11669,128.57,68,1905,9251,3,16
1784679636.275,real_q6xl_tensor_220w_mtp,3,8,11669,140.65,65,1920,9251,3,16
1784679636.857,real_q6xl_tensor_220w_mtp,0,0,11669,142.50,62,1515,9251,3,16
1784679636.857,real_q6xl_tensor_220w_mtp,1,100,11669,167.43,67,1560,9251,3,16
1784679636.857,real_q6xl_tensor_220w_mtp,2,100,11669,160.35,71,1560,9251,3,16
1784679636.857,real_q6xl_tensor_220w_mtp,3,8,11669,172.09,67,1590,9251,3,16
1784679637.451,real_q6xl_tensor_220w_mtp,0,0,11669,170.58,60,1920,9251,3,16
1784679637.451,real_q6xl_tensor_220w_mtp,1,100,11669,181.31,65,1905,9251,3,16
1784679637.451,real_q6xl_tensor_220w_mtp,2,100,11669,176.22,68,1905,9251,3,16
1784679637.451,real_q6xl_tensor_220w_mtp,3,0,11669,182.12,65,1920,9251,3,16
1784679638.009,real_q6xl_tensor_220w_mtp,0,4,11669,126.39,60,1920,9251,3,16
1784679638.009,real_q6xl_tensor_220w_mtp,1,8,11669,148.27,64,1905,9251,3,16
1784679638.009,real_q6xl_tensor_220w_mtp,2,2,11669,137.98,68,1905,9251,3,16
1784679638.009,real_q6xl_tensor_220w_mtp,3,4,11669,144.76,64,1920,9251,3,16
1784679638.570,real_q6xl_tensor_220w_mtp,0,70,11669,140.49,62,1785,9251,3,16
1784679638.570,real_q6xl_tensor_220w_mtp,1,8,11669,161.68,66,1680,9251,3,16
1784679638.570,real_q6xl_tensor_220w_mtp,2,2,11669,152.36,70,1770,9251,3,16
1784679638.570,real_q6xl_tensor_220w_mtp,3,68,11669,158.83,66,1680,9251,3,16
1784679639.135,real_q6xl_tensor_220w_mtp,0,70,11669,186.94,62,1785,9251,3,16
1784679639.135,real_q6xl_tensor_220w_mtp,1,79,11669,200.35,66,1635,9251,3,16
1784679639.135,real_q6xl_tensor_220w_mtp,2,72,11669,195.86,70,1770,9251,3,16
1784679639.135,real_q6xl_tensor_220w_mtp,3,68,11669,195.49,67,1650,9251,3,16
1784679639.705,real_q6xl_tensor_220w_mtp,0,77,11669,207.36,62,1800,9251,3,16
1784679639.705,real_q6xl_tensor_220w_mtp,1,79,11669,209.46,67,1725,9251,3,16
1784679639.705,real_q6xl_tensor_220w_mtp,2,72,11669,208.13,71,1755,9251,3,16
1784679639.705,real_q6xl_tensor_220w_mtp,3,79,11669,209.30,67,1740,9251,3,16
1784679640.297,real_q6xl_tensor_220w_mtp,0,77,11669,214.59,62,1785,9251,3,16
1784679640.297,real_q6xl_tensor_220w_mtp,1,81,11669,215.29,67,1710,9251,3,16
1784679640.297,real_q6xl_tensor_220w_mtp,2,81,11669,215.17,71,1755,9251,3,16
1784679640.297,real_q6xl_tensor_220w_mtp,3,79,11669,216.41,67,1740,9251,3,16
1784679640.893,real_q6xl_tensor_220w_mtp,0,75,11669,213.95,62,1770,9251,3,16
1784679640.893,real_q6xl_tensor_220w_mtp,1,81,11669,214.49,67,1695,9251,3,16
1784679640.893,real_q6xl_tensor_220w_mtp,2,81,11669,214.81,71,1740,9251,3,16
1784679640.893,real_q6xl_tensor_220w_mtp,3,80,11669,215.13,67,1710,9251,3,16
1784679641.461,real_q6xl_tensor_220w_mtp,0,75,11669,212.43,62,1800,9251,3,16
1784679641.461,real_q6xl_tensor_220w_mtp,1,71,11669,214.12,67,1680,9251,3,16
1784679641.461,real_q6xl_tensor_220w_mtp,2,75,11669,214.37,71,1680,9251,3,16
1784679641.461,real_q6xl_tensor_220w_mtp,3,80,11669,214.98,67,1680,9251,3,16
1784679642.029,real_q6xl_tensor_220w_mtp,0,0,11669,191.31,60,1920,9251,3,16
1784679642.029,real_q6xl_tensor_220w_mtp,1,71,11669,193.82,65,1905,9251,3,16
1784679642.029,real_q6xl_tensor_220w_mtp,2,75,11669,188.88,69,1905,9251,3,16
1784679642.029,real_q6xl_tensor_220w_mtp,3,0,11669,196.79,65,1920,9251,3,16
1784679642.612,real_q6xl_tensor_220w_mtp,0,0,11669,137.05,60,1920,9251,3,16
1784679642.612,real_q6xl_tensor_220w_mtp,1,0,11669,153.37,64,1770,9251,3,16
1784679642.612,real_q6xl_tensor_220w_mtp,2,0,11669,143.72,68,1905,9251,3,16
1784679642.612,real_q6xl_tensor_220w_mtp,3,0,11669,153.36,65,1920,9251,3,16
1784679643.207,real_q6xl_tensor_220w_mtp,0,100,11669,168.78,63,1860,9251,3,16
1784679643.207,real_q6xl_tensor_220w_mtp,1,0,11669,176.59,67,1755,9251,3,16
1784679643.207,real_q6xl_tensor_220w_mtp,2,0,11669,169.56,71,1830,9251,3,16
1784679643.207,real_q6xl_tensor_220w_mtp,3,100,11669,180.80,68,1785,9251,3,16
1784679643.781,real_q6xl_tensor_220w_mtp,0,100,11669,215.31,63,1860,9251,3,16
1784679643.781,real_q6xl_tensor_220w_mtp,1,85,11669,217.96,66,1770,9251,3,16
1784679643.781,real_q6xl_tensor_220w_mtp,2,76,11669,214.61,71,1815,9251,3,16
1784679643.781,real_q6xl_tensor_220w_mtp,3,100,11669,217.80,68,1800,9251,3,16
1784679644.353,real_q6xl_tensor_220w_mtp,0,37,11669,204.99,62,1845,9251,3,16
1784679644.353,real_q6xl_tensor_220w_mtp,1,85,11669,210.76,65,1770,9251,3,16
1784679644.353,real_q6xl_tensor_220w_mtp,2,76,11669,207.48,69,1830,9251,3,16
1784679644.353,real_q6xl_tensor_220w_mtp,3,32,11669,210.55,67,1785,9251,3,16
1784679644.923,real_q6xl_tensor_220w_mtp,0,37,11669,207.06,63,1845,9251,3,16
1784679644.923,real_q6xl_tensor_220w_mtp,1,100,11669,212.33,67,1770,9251,3,16
1784679644.923,real_q6xl_tensor_220w_mtp,2,100,11669,209.86,72,1815,9251,3,16
1784679644.923,real_q6xl_tensor_220w_mtp,3,32,11669,212.25,68,1785,9251,3,16
1784679645.494,real_q6xl_tensor_220w_mtp,0,81,11669,214.47,63,1845,9251,3,16
1784679645.494,real_q6xl_tensor_220w_mtp,1,100,11669,217.32,67,1785,9251,3,16
1784679645.494,real_q6xl_tensor_220w_mtp,2,100,11669,215.99,72,1800,9251,3,16
1784679645.494,real_q6xl_tensor_220w_mtp,3,94,11669,218.47,68,1800,9251,3,16
1784679646.064,real_q6xl_tensor_220w_mtp,0,81,11669,205.20,63,1845,9251,3,16
1784679646.064,real_q6xl_tensor_220w_mtp,1,100,11669,210.68,67,1770,9251,3,16
1784679646.064,real_q6xl_tensor_220w_mtp,2,100,11669,207.42,72,1815,9251,3,16
1784679646.064,real_q6xl_tensor_220w_mtp,3,94,11669,211.74,68,1800,9251,3,16
1784679646.635,real_q6xl_tensor_220w_mtp,0,100,11669,205.68,63,1860,9251,3,16
1784679646.635,real_q6xl_tensor_220w_mtp,1,100,11669,212.47,68,1770,9251,3,16
1784679646.635,real_q6xl_tensor_220w_mtp,2,100,11669,208.77,72,1815,9251,3,16
1784679646.635,real_q6xl_tensor_220w_mtp,3,100,11669,212.81,68,1785,9251,3,16
1784679647.201,real_q6xl_tensor_220w_mtp,0,100,11669,213.08,63,1845,9251,3,16
1784679647.201,real_q6xl_tensor_220w_mtp,1,83,11669,217.57,68,1770,9251,3,16
1784679647.201,real_q6xl_tensor_220w_mtp,2,92,11669,215.53,72,1815,9251,3,16
1784679647.201,real_q6xl_tensor_220w_mtp,3,100,11669,217.97,68,1785,9251,3,16
1784679647.773,real_q6xl_tensor_220w_mtp,0,97,11669,202.56,63,1845,9251,3,16
1784679647.773,real_q6xl_tensor_220w_mtp,1,38,11669,209.41,67,1770,9251,3,16
1784679647.773,real_q6xl_tensor_220w_mtp,2,75,11669,205.93,72,1815,9251,3,16
1784679647.773,real_q6xl_tensor_220w_mtp,3,100,11669,210.72,68,1785,9251,3,16
1784679648.351,real_q6xl_tensor_220w_mtp,0,100,11669,204.11,63,1890,9251,3,16
1784679648.351,real_q6xl_tensor_220w_mtp,1,100,11669,211.44,67,1845,9251,3,16
1784679648.351,real_q6xl_tensor_220w_mtp,2,96,11669,207.44,72,1860,9251,3,16
1784679648.351,real_q6xl_tensor_220w_mtp,3,100,11669,211.03,69,1860,9251,3,16
1784679648.930,real_q6xl_tensor_220w_mtp,0,100,11669,213.33,63,1845,9251,3,16
1784679648.930,real_q6xl_tensor_220w_mtp,1,100,11669,218.08,67,1770,9251,3,16
1784679648.930,real_q6xl_tensor_220w_mtp,2,96,11669,215.66,72,1815,9251,3,16
1784679648.930,real_q6xl_tensor_220w_mtp,3,100,11669,217.96,68,1785,9251,3,16
1784679649.501,real_q6xl_tensor_220w_mtp,0,100,11669,206.70,63,1845,9251,3,16
1784679649.501,real_q6xl_tensor_220w_mtp,1,100,11669,210.91,67,1770,9251,3,16
1784679649.501,real_q6xl_tensor_220w_mtp,2,100,11669,207.75,72,1815,9251,3,16
1784679649.501,real_q6xl_tensor_220w_mtp,3,100,11669,212.70,68,1785,9251,3,16
1784679650.072,real_q6xl_tensor_220w_mtp,0,100,11669,206.56,63,1905,9251,3,16
1784679650.072,real_q6xl_tensor_220w_mtp,1,100,11669,212.49,67,1875,9251,3,16
1784679650.072,real_q6xl_tensor_220w_mtp,2,100,11669,208.15,72,1860,9251,3,16
1784679650.072,real_q6xl_tensor_220w_mtp,3,100,11669,211.94,69,1875,9251,3,16
1784679650.641,real_q6xl_tensor_220w_mtp,0,100,11669,213.53,63,1830,9251,3,16
1784679650.641,real_q6xl_tensor_220w_mtp,1,100,11669,218.14,68,1755,9251,3,16
1784679650.641,real_q6xl_tensor_220w_mtp,2,100,11669,215.26,72,1800,9251,3,16
1784679650.641,real_q6xl_tensor_220w_mtp,3,100,11669,218.00,69,1785,9251,3,16
1784679651.210,real_q6xl_tensor_220w_mtp,0,100,11669,205.67,63,1845,9251,3,16
1784679651.210,real_q6xl_tensor_220w_mtp,1,100,11669,211.55,67,1755,9251,3,16
1784679651.210,real_q6xl_tensor_220w_mtp,2,100,11669,208.05,72,1800,9251,3,16
1784679651.210,real_q6xl_tensor_220w_mtp,3,100,11669,211.60,69,1770,9251,3,16
1784679651.782,real_q6xl_tensor_220w_mtp,0,100,11669,205.68,63,1905,9251,3,16
1784679651.782,real_q6xl_tensor_220w_mtp,1,98,11669,212.15,68,1830,9251,3,16
1784679651.782,real_q6xl_tensor_220w_mtp,2,88,11669,207.63,71,1890,9251,3,16
1784679651.782,real_q6xl_tensor_220w_mtp,3,100,11669,210.83,69,1845,9251,3,16
1784679652.357,real_q6xl_tensor_220w_mtp,0,100,11669,214.02,64,1845,9251,3,16
1784679652.357,real_q6xl_tensor_220w_mtp,1,98,11669,217.19,68,1755,9251,3,16
1784679652.357,real_q6xl_tensor_220w_mtp,2,88,11669,216.19,72,1800,9251,3,16
1784679652.357,real_q6xl_tensor_220w_mtp,3,100,11669,218.08,69,1770,9251,3,16
1784679652.930,real_q6xl_tensor_220w_mtp,0,100,11669,206.73,63,1845,9251,3,16
1784679652.930,real_q6xl_tensor_220w_mtp,1,100,11669,211.71,67,1755,9251,3,16
1784679652.930,real_q6xl_tensor_220w_mtp,2,100,11669,208.78,72,1800,9251,3,16
1784679652.930,real_q6xl_tensor_220w_mtp,3,100,11669,212.51,69,1770,9251,3,16
1784679653.499,real_q6xl_tensor_220w_mtp,0,77,11669,204.14,64,1845,9251,3,16
1784679653.499,real_q6xl_tensor_220w_mtp,1,100,11669,212.21,68,1755,9251,3,16
1784679653.499,real_q6xl_tensor_220w_mtp,2,100,11669,208.71,71,1845,9251,3,16
1784679653.499,real_q6xl_tensor_220w_mtp,3,77,11669,210.74,69,1770,9251,3,16
1784679654.072,real_q6xl_tensor_220w_mtp,0,77,11669,213.10,64,1830,9251,3,16
1784679654.072,real_q6xl_tensor_220w_mtp,1,100,11669,217.78,68,1755,9251,3,16
1784679654.072,real_q6xl_tensor_220w_mtp,2,100,11669,216.41,72,1785,9251,3,16
1784679654.072,real_q6xl_tensor_220w_mtp,3,77,11669,217.16,69,1785,9251,3,16
1784679654.645,real_q6xl_tensor_220w_mtp,0,100,11669,205.56,63,1830,9251,3,16
1784679654.645,real_q6xl_tensor_220w_mtp,1,100,11669,212.05,68,1755,9251,3,16
1784679654.645,real_q6xl_tensor_220w_mtp,2,100,11669,209.34,72,1800,9251,3,16
1784679654.645,real_q6xl_tensor_220w_mtp,3,100,11669,211.71,69,1770,9251,3,16
1784679655.215,real_q6xl_tensor_220w_mtp,0,100,11669,203.65,64,1875,9251,3,16
1784679655.215,real_q6xl_tensor_220w_mtp,1,100,11669,212.21,68,1845,9251,3,16
1784679655.215,real_q6xl_tensor_220w_mtp,2,100,11669,209.07,73,1860,9251,3,16
1784679655.215,real_q6xl_tensor_220w_mtp,3,100,11669,210.65,68,1860,9251,3,16
1784679655.783,real_q6xl_tensor_220w_mtp,0,100,11669,212.84,64,1845,9251,3,16
1784679655.783,real_q6xl_tensor_220w_mtp,1,88,11669,217.27,68,1770,9251,3,16
1784679655.783,real_q6xl_tensor_220w_mtp,2,88,11669,217.05,72,1800,9251,3,16
1784679655.783,real_q6xl_tensor_220w_mtp,3,100,11669,217.45,69,1785,9251,3,16
1784679656.356,real_q6xl_tensor_220w_mtp,0,100,11669,204.66,63,1845,9251,3,16
1784679656.356,real_q6xl_tensor_220w_mtp,1,100,11669,211.05,68,1770,9251,3,16
1784679656.356,real_q6xl_tensor_220w_mtp,2,100,11669,209.75,72,1800,9251,3,16
1784679656.356,real_q6xl_tensor_220w_mtp,3,100,11669,211.58,69,1770,9251,3,16
1784679656.927,real_q6xl_tensor_220w_mtp,0,100,11669,204.76,64,1845,9251,3,16
1784679656.927,real_q6xl_tensor_220w_mtp,1,100,11669,211.57,68,1770,9251,3,16
1784679656.927,real_q6xl_tensor_220w_mtp,2,100,11669,209.59,73,1800,9251,3,16
1784679656.927,real_q6xl_tensor_220w_mtp,3,100,11669,211.78,69,1785,9251,3,16
1784679657.486,real_q6xl_tensor_220w_mtp,0,100,11669,212.63,64,1830,9251,3,16
1784679657.486,real_q6xl_tensor_220w_mtp,1,88,11669,217.20,68,1755,9251,3,16
1784679657.486,real_q6xl_tensor_220w_mtp,2,99,11669,216.43,72,1800,9251,3,16
1784679657.486,real_q6xl_tensor_220w_mtp,3,100,11669,217.30,69,1770,9251,3,16
1784679658.056,real_q6xl_tensor_220w_mtp,0,85,11669,202.33,63,1845,9251,3,16
1784679658.056,real_q6xl_tensor_220w_mtp,1,88,11669,210.33,68,1755,9251,3,16
1784679658.056,real_q6xl_tensor_220w_mtp,2,99,11669,208.85,72,1800,9251,3,16
1784679658.056,real_q6xl_tensor_220w_mtp,3,83,11669,209.51,68,1770,9251,3,16
1784679658.627,real_q6xl_tensor_220w_mtp,0,100,11669,204.80,64,1830,9251,3,16
1784679658.627,real_q6xl_tensor_220w_mtp,1,100,11669,211.04,68,1755,9251,3,16
1784679658.627,real_q6xl_tensor_220w_mtp,2,100,11669,209.43,73,1800,9251,3,16
1784679658.627,real_q6xl_tensor_220w_mtp,3,90,11669,211.30,69,1770,9251,3,16
1784679659.199,real_q6xl_tensor_220w_mtp,0,79,11669,212.89,63,1815,9251,3,16
1784679659.199,real_q6xl_tensor_220w_mtp,1,100,11669,216.59,68,1740,9251,3,16
1784679659.199,real_q6xl_tensor_220w_mtp,2,100,11669,217.70,72,1770,9251,3,16
1784679659.199,real_q6xl_tensor_220w_mtp,3,78,11669,217.31,69,1755,9251,3,16
1784679659.771,real_q6xl_tensor_220w_mtp,0,63,11669,203.41,63,1845,9251,3,16
1784679659.771,real_q6xl_tensor_220w_mtp,1,63,11669,209.82,67,1740,9251,3,16
1784679659.771,real_q6xl_tensor_220w_mtp,2,72,11669,207.23,72,1785,9251,3,16
1784679659.771,real_q6xl_tensor_220w_mtp,3,29,11669,209.30,69,1770,9251,3,16
1784679660.389,real_q6xl_tensor_220w_mtp,0,100,11669,204.85,64,1830,9251,3,16
1784679660.389,real_q6xl_tensor_220w_mtp,1,63,11669,211.68,68,1755,9251,3,16
1784679660.389,real_q6xl_tensor_220w_mtp,2,72,11669,208.01,73,1785,9251,3,16
1784679660.389,real_q6xl_tensor_220w_mtp,3,100,11669,211.28,69,1770,9251,3,16
1784679660.979,real_q6xl_tensor_220w_mtp,0,100,11669,212.17,63,1830,9251,3,16
1784679660.979,real_q6xl_tensor_220w_mtp,1,74,11669,216.79,68,1740,9251,3,16
1784679660.979,real_q6xl_tensor_220w_mtp,2,74,11669,215.68,73,1785,9251,3,16
1784679660.979,real_q6xl_tensor_220w_mtp,3,100,11669,216.59,68,1755,9251,3,16
1784679661.550,real_q6xl_tensor_220w_mtp,0,30,11669,202.07,63,1830,9251,3,16
1784679661.550,real_q6xl_tensor_220w_mtp,1,74,11669,207.98,67,1770,9251,3,16
1784679661.550,real_q6xl_tensor_220w_mtp,2,74,11669,205.69,72,1785,9251,3,16
1784679661.550,real_q6xl_tensor_220w_mtp,3,100,11669,211.35,68,1770,9251,3,16
1784679662.143,real_q6xl_tensor_220w_mtp,0,30,11669,204.91,64,1830,9251,3,16
1784679662.143,real_q6xl_tensor_220w_mtp,1,100,11669,209.66,68,1740,9251,3,16
1784679662.143,real_q6xl_tensor_220w_mtp,2,100,11669,207.20,73,1785,9251,3,16
1784679662.143,real_q6xl_tensor_220w_mtp,3,100,11669,210.97,69,1755,9251,3,16
1784679662.715,real_q6xl_tensor_220w_mtp,0,75,11669,212.65,63,1905,9251,3,16
1784679662.715,real_q6xl_tensor_220w_mtp,1,100,11669,218.04,68,1755,9251,3,16
1784679662.715,real_q6xl_tensor_220w_mtp,2,100,11669,217.27,73,1875,9251,3,16
1784679662.715,real_q6xl_tensor_220w_mtp,3,79,11669,216.55,68,1770,9251,3,16
1784679663.287,real_q6xl_tensor_220w_mtp,0,62,11669,201.47,63,1920,9251,3,16
1784679663.287,real_q6xl_tensor_220w_mtp,1,30,11669,210.11,67,1905,9251,3,16
1784679663.287,real_q6xl_tensor_220w_mtp,2,26,11669,207.02,71,1905,9251,3,16
1784679663.287,real_q6xl_tensor_220w_mtp,3,32,11669,208.26,68,1920,9251,3,16
1784679663.857,real_q6xl_tensor_220w_mtp,0,100,11669,204.47,64,1815,9251,3,16
1784679663.857,real_q6xl_tensor_220w_mtp,1,30,11669,209.96,68,1725,9251,3,16
1784679663.857,real_q6xl_tensor_220w_mtp,2,26,11669,208.04,73,1755,9251,3,16
1784679663.857,real_q6xl_tensor_220w_mtp,3,100,11669,211.30,69,1755,9251,3,16
1784679664.428,real_q6xl_tensor_220w_mtp,0,100,11669,215.53,64,1830,9251,3,16
1784679664.428,real_q6xl_tensor_220w_mtp,1,100,11669,218.27,68,1740,9251,3,16
1784679664.428,real_q6xl_tensor_220w_mtp,2,100,11669,217.72,73,1785,9251,3,16
1784679664.428,real_q6xl_tensor_220w_mtp,3,100,11669,219.74,69,1770,9251,3,16
1784679665.020,real_q6xl_tensor_220w_mtp,0,36,11669,208.73,63,1920,9251,3,16
1784679665.020,real_q6xl_tensor_220w_mtp,1,100,11669,213.95,67,1905,9251,3,16
1784679665.020,real_q6xl_tensor_220w_mtp,2,100,11669,212.63,72,1905,9251,3,16
1784679665.020,real_q6xl_tensor_220w_mtp,3,31,11669,212.99,68,1920,9251,3,16
1784679665.580,real_q6xl_tensor_220w_mtp,0,36,11669,201.99,63,1830,9251,3,16
1784679665.580,real_q6xl_tensor_220w_mtp,1,72,11669,207.28,68,1725,9251,3,16
1784679665.580,real_q6xl_tensor_220w_mtp,2,73,11669,204.11,73,1800,9251,3,16
1784679665.580,real_q6xl_tensor_220w_mtp,3,31,11669,209.43,68,1755,9251,3,16
1784679666.150,real_q6xl_tensor_220w_mtp,0,100,11669,207.18,64,1830,9251,3,16
1784679666.150,real_q6xl_tensor_220w_mtp,1,72,11669,214.77,68,1725,9251,3,16
1784679666.150,real_q6xl_tensor_220w_mtp,2,73,11669,213.68,73,1755,9251,3,16
1784679666.150,real_q6xl_tensor_220w_mtp,3,100,11669,219.17,69,1740,9251,3,16
1784679666.743,real_q6xl_tensor_220w_mtp,0,100,11669,214.17,64,1905,9251,3,16
1784679666.743,real_q6xl_tensor_220w_mtp,1,85,11669,217.43,67,1890,9251,3,16
1784679666.743,real_q6xl_tensor_220w_mtp,2,74,11669,214.04,72,1875,9251,3,16
1784679666.743,real_q6xl_tensor_220w_mtp,3,100,11669,218.18,69,1890,9251,3,16
1784679667.323,real_q6xl_tensor_220w_mtp,0,100,11669,203.32,64,1815,9251,3,16
1784679667.323,real_q6xl_tensor_220w_mtp,1,100,11669,208.30,68,1740,9251,3,16
1784679667.323,real_q6xl_tensor_220w_mtp,2,74,11669,206.72,73,1800,9251,3,16
1784679667.323,real_q6xl_tensor_220w_mtp,3,100,11669,209.12,69,1755,9251,3,16
1784679667.886,real_q6xl_tensor_220w_mtp,0,100,11669,206.28,64,1800,9251,3,16
1784679667.886,real_q6xl_tensor_220w_mtp,1,75,11669,209.07,68,1755,9251,3,16
1784679667.886,real_q6xl_tensor_220w_mtp,2,83,11669,207.23,73,1770,9251,3,16
1784679667.886,real_q6xl_tensor_220w_mtp,3,100,11669,211.85,69,1770,9251,3,16
1784679668.457,real_q6xl_tensor_220w_mtp,0,100,11669,211.45,64,1815,9251,3,16
1784679668.457,real_q6xl_tensor_220w_mtp,1,75,11669,218.40,68,1725,9251,3,16
1784679668.457,real_q6xl_tensor_220w_mtp,2,83,11669,218.05,73,1770,9251,3,16
1784679668.457,real_q6xl_tensor_220w_mtp,3,100,11669,218.26,69,1740,9251,3,16
1784679669.052,real_q6xl_tensor_220w_mtp,0,100,11669,202.45,64,1800,9251,3,16
1784679669.052,real_q6xl_tensor_220w_mtp,1,100,11669,209.37,68,1725,9251,3,16
1784679669.052,real_q6xl_tensor_220w_mtp,2,100,11669,206.73,73,1755,9251,3,16
1784679669.052,real_q6xl_tensor_220w_mtp,3,60,11669,209.82,69,1755,9251,3,16
1784679669.626,real_q6xl_tensor_220w_mtp,0,99,11669,202.74,64,1875,9251,3,16
1784679669.626,real_q6xl_tensor_220w_mtp,1,100,11669,206.63,68,1845,9251,3,16
1784679669.626,real_q6xl_tensor_220w_mtp,2,100,11669,205.88,73,1845,9251,3,16
1784679669.626,real_q6xl_tensor_220w_mtp,3,100,11669,209.76,69,1860,9251,3,16
1784679670.193,real_q6xl_tensor_220w_mtp,0,99,11669,211.91,64,1800,9251,3,16
1784679670.193,real_q6xl_tensor_220w_mtp,1,92,11669,216.13,68,1725,9251,3,16
1784679670.193,real_q6xl_tensor_220w_mtp,2,100,11669,214.37,73,1755,9251,3,16
1784679670.193,real_q6xl_tensor_220w_mtp,3,100,11669,215.76,69,1740,9251,3,16
1784679670.763,real_q6xl_tensor_220w_mtp,0,43,11669,199.91,63,1800,9251,3,16
1784679670.763,real_q6xl_tensor_220w_mtp,1,92,11669,209.43,68,1740,9251,3,16
1784679670.763,real_q6xl_tensor_220w_mtp,2,55,11669,207.04,73,1770,9251,3,16
1784679670.763,real_q6xl_tensor_220w_mtp,3,100,11669,207.85,69,1755,9251,3,16
1784679671.335,real_q6xl_tensor_220w_mtp,0,86,11669,202.92,64,1815,9251,3,16
1784679671.335,real_q6xl_tensor_220w_mtp,1,85,11669,208.56,68,1710,9251,3,16
1784679671.335,real_q6xl_tensor_220w_mtp,2,100,11669,207.12,73,1770,9251,3,16
1784679671.335,real_q6xl_tensor_220w_mtp,3,100,11669,207.92,69,1740,9251,3,16
1784679671.910,real_q6xl_tensor_220w_mtp,0,100,11669,215.00,63,1905,9251,3,16
1784679671.910,real_q6xl_tensor_220w_mtp,1,66,11669,214.81,67,1740,9251,3,16
1784679671.910,real_q6xl_tensor_220w_mtp,2,100,11669,212.19,73,1875,9251,3,16
1784679671.910,real_q6xl_tensor_220w_mtp,3,100,11669,217.49,69,1755,9251,3,16
1784679672.522,real_q6xl_tensor_220w_mtp,0,100,11669,203.77,62,1920,9251,3,16
1784679672.522,real_q6xl_tensor_220w_mtp,1,66,11669,211.06,67,1905,9251,3,16
1784679672.522,real_q6xl_tensor_220w_mtp,2,40,11669,208.51,72,1905,9251,3,16
1784679672.522,real_q6xl_tensor_220w_mtp,3,100,11669,210.13,68,1920,9251,3,16
1784679673.080,real_q6xl_tensor_220w_mtp,0,71,11669,198.19,63,1800,9251,3,16
1784679673.080,real_q6xl_tensor_220w_mtp,1,70,11669,209.75,69,1710,9251,3,16
1784679673.080,real_q6xl_tensor_220w_mtp,2,40,11669,206.49,73,1785,9251,3,16
1784679673.080,real_q6xl_tensor_220w_mtp,3,100,11669,208.63,69,1725,9251,3,16
1784679673.649,real_q6xl_tensor_220w_mtp,0,71,11669,209.33,64,1800,9251,3,16
1784679673.649,real_q6xl_tensor_220w_mtp,1,70,11669,218.71,69,1710,9251,3,16
1784679673.649,real_q6xl_tensor_220w_mtp,2,100,11669,216.88,73,1770,9251,3,16
1784679673.649,real_q6xl_tensor_220w_mtp,3,100,11669,217.62,69,1725,9251,3,16
1784679674.241,real_q6xl_tensor_220w_mtp,0,100,11669,214.81,64,1890,9251,3,16
1784679674.241,real_q6xl_tensor_220w_mtp,1,88,11669,216.91,68,1860,9251,3,16
1784679674.241,real_q6xl_tensor_220w_mtp,2,100,11669,214.40,72,1845,9251,3,16
1784679674.241,real_q6xl_tensor_220w_mtp,3,100,11669,214.03,69,1875,9251,3,16
1784679674.828,real_q6xl_tensor_220w_mtp,0,100,11669,202.90,64,1800,9251,3,16
1784679674.828,real_q6xl_tensor_220w_mtp,1,100,11669,208.03,69,1740,9251,3,16
1784679674.828,real_q6xl_tensor_220w_mtp,2,100,11669,205.23,73,1755,9251,3,16
1784679674.828,real_q6xl_tensor_220w_mtp,3,100,11669,208.06,69,1740,9251,3,16
1784679675.396,real_q6xl_tensor_220w_mtp,0,78,11669,204.70,63,1785,9251,3,16
1784679675.396,real_q6xl_tensor_220w_mtp,1,69,11669,206.54,68,1725,9251,3,16
1784679675.396,real_q6xl_tensor_220w_mtp,2,100,11669,204.29,73,1740,9251,3,16
1784679675.396,real_q6xl_tensor_220w_mtp,3,77,11669,210.28,69,1755,9251,3,16
1784679675.966,real_q6xl_tensor_220w_mtp,0,78,11669,211.64,64,1800,9251,3,16
1784679675.966,real_q6xl_tensor_220w_mtp,1,69,11669,215.80,69,1725,9251,3,16
1784679675.966,real_q6xl_tensor_220w_mtp,2,100,11669,214.16,73,1755,9251,3,16
1784679675.966,real_q6xl_tensor_220w_mtp,3,77,11669,219.15,69,1725,9251,3,16
1784679676.537,real_q6xl_tensor_220w_mtp,0,100,11669,201.07,64,1800,9251,3,16
1784679676.537,real_q6xl_tensor_220w_mtp,1,100,11669,208.68,68,1725,9251,3,16
1784679676.537,real_q6xl_tensor_220w_mtp,2,100,11669,205.26,73,1755,9251,3,16
1784679676.537,real_q6xl_tensor_220w_mtp,3,100,11669,209.05,69,1740,9251,3,16
1784679677.132,real_q6xl_tensor_220w_mtp,0,100,11669,201.32,64,1800,9251,3,16
1784679677.132,real_q6xl_tensor_220w_mtp,1,100,11669,207.93,69,1725,9251,3,16
1784679677.132,real_q6xl_tensor_220w_mtp,2,100,11669,205.09,73,1755,9251,3,16
1784679677.132,real_q6xl_tensor_220w_mtp,3,100,11669,208.34,70,1740,9251,3,16
1784679677.701,real_q6xl_tensor_220w_mtp,0,69,11669,212.25,65,1920,9251,3,16
1784679677.701,real_q6xl_tensor_220w_mtp,1,100,11669,217.46,69,1785,9251,3,16
1784679677.701,real_q6xl_tensor_220w_mtp,2,100,11669,215.86,73,1890,9251,3,16
1784679677.701,real_q6xl_tensor_220w_mtp,3,69,11669,214.88,69,1785,9251,3,16
1784679678.271,real_q6xl_tensor_220w_mtp,0,69,11669,208.15,63,1920,9251,3,16
1784679678.271,real_q6xl_tensor_220w_mtp,1,47,11669,210.65,67,1905,9251,3,16
1784679678.271,real_q6xl_tensor_220w_mtp,2,40,11669,206.95,72,1905,9251,3,16
1784679678.271,real_q6xl_tensor_220w_mtp,3,28,11669,206.86,69,1920,9251,3,16
1784679678.832,real_q6xl_tensor_220w_mtp,0,70,11669,202.47,64,1785,9251,3,16
1784679678.832,real_q6xl_tensor_220w_mtp,1,84,11669,207.07,67,1710,9251,3,16
1784679678.832,real_q6xl_tensor_220w_mtp,2,87,11669,204.97,72,1755,9251,3,16
1784679678.832,real_q6xl_tensor_220w_mtp,3,68,11669,208.44,69,1725,9251,3,16
1784679679.404,real_q6xl_tensor_220w_mtp,0,70,11669,212.90,64,1785,9251,3,16
1784679679.404,real_q6xl_tensor_220w_mtp,1,84,11669,211.87,68,1725,9251,3,16
1784679679.404,real_q6xl_tensor_220w_mtp,2,100,11669,212.21,73,1740,9251,3,16
1784679679.404,real_q6xl_tensor_220w_mtp,3,68,11669,216.81,70,1740,9251,3,16
1784679679.974,real_q6xl_tensor_220w_mtp,0,100,11669,214.85,65,1800,9251,3,16
1784679679.974,real_q6xl_tensor_220w_mtp,1,100,11669,217.83,69,1695,9251,3,16
1784679679.974,real_q6xl_tensor_220w_mtp,2,100,11669,216.07,73,1785,9251,3,16
1784679679.974,real_q6xl_tensor_220w_mtp,3,100,11669,217.70,70,1710,9251,3,16
1784679680.546,real_q6xl_tensor_220w_mtp,0,100,11669,201.54,64,1800,9251,3,16
1784679680.546,real_q6xl_tensor_220w_mtp,1,100,11669,207.45,68,1710,9251,3,16
1784679680.546,real_q6xl_tensor_220w_mtp,2,100,11669,203.34,73,1755,9251,3,16
1784679680.546,real_q6xl_tensor_220w_mtp,3,100,11669,207.72,69,1710,9251,3,16
1784679681.116,real_q6xl_tensor_220w_mtp,0,100,11669,201.39,64,1815,9251,3,16
1784679681.116,real_q6xl_tensor_220w_mtp,1,100,11669,206.63,69,1710,9251,3,16
1784679681.116,real_q6xl_tensor_220w_mtp,2,100,11669,204.04,73,1770,9251,3,16
1784679681.116,real_q6xl_tensor_220w_mtp,3,100,11669,207.96,70,1695,9251,3,16
1784679681.678,real_q6xl_tensor_220w_mtp,0,100,11669,211.55,63,1785,9251,3,16
1784679681.678,real_q6xl_tensor_220w_mtp,1,100,11669,215.61,68,1710,9251,3,16
1784679681.678,real_q6xl_tensor_220w_mtp,2,65,11669,214.08,73,1770,9251,3,16
1784679681.678,real_q6xl_tensor_220w_mtp,3,100,11669,215.28,69,1725,9251,3,16
1784679682.248,real_q6xl_tensor_220w_mtp,0,38,11669,202.48,63,1920,9251,3,16
1784679682.248,real_q6xl_tensor_220w_mtp,1,21,11669,206.94,68,1905,9251,3,16
1784679682.248,real_q6xl_tensor_220w_mtp,2,65,11669,203.65,72,1905,9251,3,16
1784679682.248,real_q6xl_tensor_220w_mtp,3,41,11669,209.01,68,1920,9251,3,16
1784679682.815,real_q6xl_tensor_220w_mtp,0,84,11669,201.38,64,1785,9251,3,16
1784679682.815,real_q6xl_tensor_220w_mtp,1,100,11669,207.49,69,1725,9251,3,16
1784679682.815,real_q6xl_tensor_220w_mtp,2,67,11669,204.12,73,1740,9251,3,16
1784679682.815,real_q6xl_tensor_220w_mtp,3,90,11669,208.21,69,1740,9251,3,16
1784679683.388,real_q6xl_tensor_220w_mtp,0,100,11669,216.61,65,1785,9251,3,16
1784679683.388,real_q6xl_tensor_220w_mtp,1,100,11669,217.54,69,1695,9251,3,16
1784679683.388,real_q6xl_tensor_220w_mtp,2,67,11669,217.57,73,1740,9251,3,16
1784679683.388,real_q6xl_tensor_220w_mtp,3,100,11669,218.29,70,1710,9251,3,16
1784679683.958,real_q6xl_tensor_220w_mtp,0,100,11669,216.34,64,1785,9251,3,16
1784679683.958,real_q6xl_tensor_220w_mtp,1,100,11669,217.55,69,1725,9251,3,16
1784679683.958,real_q6xl_tensor_220w_mtp,2,100,11669,217.12,74,1740,9251,3,16
1784679683.958,real_q6xl_tensor_220w_mtp,3,100,11669,218.08,70,1740,9251,3,16
1784679684.544,real_q6xl_tensor_220w_mtp,0,100,11669,200.58,64,1785,9251,3,16
1784679684.544,real_q6xl_tensor_220w_mtp,1,100,11669,207.14,69,1710,9251,3,16
1784679684.544,real_q6xl_tensor_220w_mtp,2,100,11669,203.67,73,1740,9251,3,16
1784679684.544,real_q6xl_tensor_220w_mtp,3,100,11669,206.99,69,1725,9251,3,16
1784679685.114,real_q6xl_tensor_220w_mtp,0,100,11669,200.62,64,1890,9251,3,16
1784679685.114,real_q6xl_tensor_220w_mtp,1,100,11669,207.79,69,1875,9251,3,16
1784679685.114,real_q6xl_tensor_220w_mtp,2,66,11669,204.80,73,1830,9251,3,16
1784679685.114,real_q6xl_tensor_220w_mtp,3,100,11669,206.75,70,1875,9251,3,16
1784679685.704,real_q6xl_tensor_220w_mtp,0,100,11669,213.42,63,1785,9251,3,16
1784679685.704,real_q6xl_tensor_220w_mtp,1,67,11669,215.02,69,1695,9251,3,16
1784679685.704,real_q6xl_tensor_220w_mtp,2,66,11669,213.61,73,1740,9251,3,16
1784679685.704,real_q6xl_tensor_220w_mtp,3,99,11669,215.76,69,1725,9251,3,16
1784679686.274,real_q6xl_tensor_220w_mtp,0,100,11669,204.69,63,1920,9251,3,16
1784679686.274,real_q6xl_tensor_220w_mtp,1,31,11669,207.96,67,1905,9251,3,16
1784679686.274,real_q6xl_tensor_220w_mtp,2,20,11669,204.34,71,1890,9251,3,16
1784679686.274,real_q6xl_tensor_220w_mtp,3,36,11669,206.24,69,1920,9251,3,16
1784679686.844,real_q6xl_tensor_220w_mtp,0,39,11669,201.33,64,1785,9251,3,16
1784679686.844,real_q6xl_tensor_220w_mtp,1,100,11669,206.80,68,1710,9251,3,16
1784679686.844,real_q6xl_tensor_220w_mtp,2,20,11669,202.97,73,1740,9251,3,16
1784679686.844,real_q6xl_tensor_220w_mtp,3,100,11669,206.50,69,1725,9251,3,16
1784679687.438,real_q6xl_tensor_220w_mtp,0,100,11669,215.50,64,1815,9251,3,16
1784679687.438,real_q6xl_tensor_220w_mtp,1,100,11669,217.07,69,1725,9251,3,16
1784679687.438,real_q6xl_tensor_220w_mtp,2,100,11669,216.11,73,1740,9251,3,16
1784679687.438,real_q6xl_tensor_220w_mtp,3,100,11669,217.58,70,1755,9251,3,16
1784679688.006,real_q6xl_tensor_220w_mtp,0,100,11669,215.10,65,1815,9251,3,16
1784679688.006,real_q6xl_tensor_220w_mtp,1,100,11669,216.90,69,1710,9251,3,16
1784679688.006,real_q6xl_tensor_220w_mtp,2,100,11669,216.21,74,1770,9251,3,16
1784679688.006,real_q6xl_tensor_220w_mtp,3,100,11669,217.09,70,1710,9251,3,16
1784679688.570,real_q6xl_tensor_220w_mtp,0,100,11669,199.35,64,1785,9251,3,16
1784679688.570,real_q6xl_tensor_220w_mtp,1,100,11669,205.74,68,1695,9251,3,16
1784679688.570,real_q6xl_tensor_220w_mtp,2,100,11669,203.06,73,1770,9251,3,16
1784679688.570,real_q6xl_tensor_220w_mtp,3,100,11669,205.02,69,1710,9251,3,16
1784679689.140,real_q6xl_tensor_220w_mtp,0,100,11669,200.30,65,1770,9251,3,16
1784679689.140,real_q6xl_tensor_220w_mtp,1,100,11669,207.56,68,1635,9251,3,16
1784679689.140,real_q6xl_tensor_220w_mtp,2,100,11669,205.30,74,1755,9251,3,16
1784679689.140,real_q6xl_tensor_220w_mtp,3,100,11669,206.60,70,1680,9251,3,16
1784679689.726,real_q6xl_tensor_220w_mtp,0,66,11669,212.83,64,1785,9251,3,16
1784679689.726,real_q6xl_tensor_220w_mtp,1,88,11669,214.75,67,1695,9251,3,16
1784679689.726,real_q6xl_tensor_220w_mtp,2,100,11669,213.57,72,1740,9251,3,16
1784679689.726,real_q6xl_tensor_220w_mtp,3,83,11669,214.17,70,1710,9251,3,16
1784679690.299,real_q6xl_tensor_220w_mtp,0,53,11669,203.76,63,1920,9251,3,16
1784679690.299,real_q6xl_tensor_220w_mtp,1,36,11669,206.70,68,1905,9251,3,16
1784679690.299,real_q6xl_tensor_220w_mtp,2,65,11669,206.09,72,1890,9251,3,16
1784679690.299,real_q6xl_tensor_220w_mtp,3,29,11669,207.32,68,1920,9251,3,16
1784679690.858,real_q6xl_tensor_220w_mtp,0,67,11669,198.61,63,1770,9251,3,16
1784679690.858,real_q6xl_tensor_220w_mtp,1,36,11669,204.71,68,1710,9251,3,16
1784679690.858,real_q6xl_tensor_220w_mtp,2,65,11669,202.88,73,1725,9251,3,16
1784679690.858,real_q6xl_tensor_220w_mtp,3,29,11669,205.18,69,1740,9251,3,16
1784679691.429,real_q6xl_tensor_220w_mtp,0,67,11669,210.89,64,1770,9251,3,16
1784679691.429,real_q6xl_tensor_220w_mtp,1,100,11669,218.47,69,1695,9251,3,16
1784679691.429,real_q6xl_tensor_220w_mtp,2,65,11669,216.91,73,1725,9251,3,16
1784679691.429,real_q6xl_tensor_220w_mtp,3,100,11669,215.09,70,1725,9251,3,16
1784679692.002,real_q6xl_tensor_220w_mtp,0,100,11669,215.25,65,1785,9251,3,16
1784679692.002,real_q6xl_tensor_220w_mtp,1,100,11669,217.38,69,1680,9251,3,16
1784679692.002,real_q6xl_tensor_220w_mtp,2,100,11669,215.70,73,1725,9251,3,16
1784679692.002,real_q6xl_tensor_220w_mtp,3,100,11669,217.35,70,1710,9251,3,16
1784679692.574,real_q6xl_tensor_220w_mtp,0,100,11669,199.99,64,1770,9251,3,16
1784679692.574,real_q6xl_tensor_220w_mtp,1,100,11669,205.00,68,1695,9251,3,16
1784679692.574,real_q6xl_tensor_220w_mtp,2,100,11669,201.90,73,1725,9251,3,16
1784679692.574,real_q6xl_tensor_220w_mtp,3,100,11669,204.82,69,1725,9251,3,16
1784679693.160,real_q6xl_tensor_220w_mtp,0,100,11669,199.08,65,1770,9251,3,16
1784679693.160,real_q6xl_tensor_220w_mtp,1,100,11669,203.96,69,1695,9251,3,16
1784679693.160,real_q6xl_tensor_220w_mtp,2,100,11669,202.21,74,1740,9251,3,16
1784679693.160,real_q6xl_tensor_220w_mtp,3,100,11669,204.47,70,1710,9251,3,16
1784679693.735,real_q6xl_tensor_220w_mtp,0,100,11669,214.33,65,1770,9251,3,16
1784679693.735,real_q6xl_tensor_220w_mtp,1,98,11669,215.61,69,1695,9251,3,16
1784679693.735,real_q6xl_tensor_220w_mtp,2,100,11669,214.82,74,1725,9251,3,16
1784679693.735,real_q6xl_tensor_220w_mtp,3,100,11669,216.32,70,1710,9251,3,16
1784679694.295,real_q6xl_tensor_220w_mtp,0,24,11669,207.13,63,1920,9251,3,16
1784679694.295,real_q6xl_tensor_220w_mtp,1,79,11669,207.14,67,1875,9251,3,16
1784679694.295,real_q6xl_tensor_220w_mtp,2,50,11669,210.16,72,1875,9251,3,16
1784679694.295,real_q6xl_tensor_220w_mtp,3,61,11669,209.49,68,1875,9251,3,16
1784679694.881,real_q6xl_tensor_220w_mtp,0,24,11669,203.12,65,1770,9251,3,16
1784679694.881,real_q6xl_tensor_220w_mtp,1,100,11669,203.56,69,1680,9251,3,16
1784679694.881,real_q6xl_tensor_220w_mtp,2,50,11669,201.92,74,1725,9251,3,16
1784679694.881,real_q6xl_tensor_220w_mtp,3,100,11669,207.47,70,1695,9251,3,16
1784679695.445,real_q6xl_tensor_220w_mtp,0,74,11669,204.28,64,1755,9251,3,16
1784679695.445,real_q6xl_tensor_220w_mtp,1,100,11669,210.24,69,1665,9251,3,16
1784679695.445,real_q6xl_tensor_220w_mtp,2,64,11669,206.90,73,1710,9251,3,16
1784679695.445,real_q6xl_tensor_220w_mtp,3,100,11669,208.40,68,1695,9251,3,16
1784679696.014,real_q6xl_tensor_220w_mtp,0,74,11669,212.21,64,1800,9251,3,16
1784679696.014,real_q6xl_tensor_220w_mtp,1,73,11669,217.29,69,1725,9251,3,16
1784679696.014,real_q6xl_tensor_220w_mtp,2,64,11669,212.02,73,1740,9251,3,16
1784679696.014,real_q6xl_tensor_220w_mtp,3,100,11669,214.64,70,1725,9251,3,16
1784679696.584,real_q6xl_tensor_220w_mtp,0,20,11669,196.77,63,1920,9251,3,16
1784679696.584,real_q6xl_tensor_220w_mtp,1,73,11669,205.98,67,1905,9251,3,16
1784679696.584,real_q6xl_tensor_220w_mtp,2,17,11669,201.37,71,1890,9251,3,16
1784679696.584,real_q6xl_tensor_220w_mtp,3,100,11669,203.13,69,1905,9251,3,16
1784679697.152,real_q6xl_tensor_220w_mtp,0,20,11669,197.71,64,1755,9251,3,16
1784679697.152,real_q6xl_tensor_220w_mtp,1,94,11669,204.50,69,1695,9251,3,16
1784679697.152,real_q6xl_tensor_220w_mtp,2,17,11669,200.48,73,1710,9251,3,16
1784679697.152,real_q6xl_tensor_220w_mtp,3,64,11669,204.66,69,1710,9251,3,16
1784679697.721,real_q6xl_tensor_220w_mtp,0,100,11669,215.09,64,1800,9251,3,16
1784679697.721,real_q6xl_tensor_220w_mtp,1,94,11669,215.62,69,1725,9251,3,16
1784679697.721,real_q6xl_tensor_220w_mtp,2,100,11669,214.96,73,1770,9251,3,16
1784679697.721,real_q6xl_tensor_220w_mtp,3,64,11669,218.00,70,1740,9251,3,16
1784679698.290,real_q6xl_tensor_220w_mtp,0,100,11669,213.81,65,1755,9251,3,16
1784679698.290,real_q6xl_tensor_220w_mtp,1,100,11669,215.44,69,1680,9251,3,16
1784679698.290,real_q6xl_tensor_220w_mtp,2,88,11669,214.11,74,1725,9251,3,16
1784679698.290,real_q6xl_tensor_220w_mtp,3,100,11669,215.45,70,1695,9251,3,16
1784679698.860,real_q6xl_tensor_220w_mtp,0,93,11669,197.14,64,1785,9251,3,16
1784679698.860,real_q6xl_tensor_220w_mtp,1,100,11669,203.63,68,1710,9251,3,16
1784679698.860,real_q6xl_tensor_220w_mtp,2,100,11669,199.90,73,1755,9251,3,16
1784679698.860,real_q6xl_tensor_220w_mtp,3,100,11669,204.05,69,1725,9251,3,16
1784679699.430,real_q6xl_tensor_220w_mtp,0,93,11669,197.78,65,1800,9251,3,16
1784679699.430,real_q6xl_tensor_220w_mtp,1,100,11669,203.92,69,1665,9251,3,16
1784679699.430,real_q6xl_tensor_220w_mtp,2,100,11669,199.66,73,1755,9251,3,16
1784679699.430,real_q6xl_tensor_220w_mtp,3,100,11669,204.56,70,1680,9251,3,16
1784679700.028,real_q6xl_tensor_220w_mtp,0,100,11669,214.38,65,1800,9251,3,16
1784679700.028,real_q6xl_tensor_220w_mtp,1,100,11669,215.57,69,1725,9251,3,16
1784679700.028,real_q6xl_tensor_220w_mtp,2,100,11669,213.95,73,1725,9251,3,16
1784679700.028,real_q6xl_tensor_220w_mtp,3,100,11669,215.92,70,1725,9251,3,16
1784679700.618,real_q6xl_tensor_220w_mtp,0,100,11669,207.73,63,1905,9251,3,16
1784679700.618,real_q6xl_tensor_220w_mtp,1,96,11669,208.56,69,1845,9251,3,16
1784679700.618,real_q6xl_tensor_220w_mtp,2,100,11669,212.41,73,1860,9251,3,16
1784679700.618,real_q6xl_tensor_220w_mtp,3,46,11669,210.98,68,1860,9251,3,16
1784679701.181,real_q6xl_tensor_220w_mtp,0,100,11669,199.22,64,1755,9251,3,16
1784679701.181,real_q6xl_tensor_220w_mtp,1,96,11669,203.15,69,1695,9251,3,16
1784679701.181,real_q6xl_tensor_220w_mtp,2,100,11669,198.66,74,1740,9251,3,16
1784679701.181,real_q6xl_tensor_220w_mtp,3,46,11669,205.27,70,1710,9251,3,16
1784679701.750,real_q6xl_tensor_220w_mtp,0,100,11669,202.30,65,1845,9251,3,16
1784679701.750,real_q6xl_tensor_220w_mtp,1,100,11669,209.47,69,1800,9251,3,16
1784679701.750,real_q6xl_tensor_220w_mtp,2,100,11669,206.80,74,1830,9251,3,16
1784679701.750,real_q6xl_tensor_220w_mtp,3,100,11669,207.87,70,1800,9251,3,16
1784679702.310,real_q6xl_tensor_220w_mtp,0,62,11669,210.26,64,1755,9251,3,16
1784679702.310,real_q6xl_tensor_220w_mtp,1,89,11669,213.19,68,1680,9251,3,16
1784679702.310,real_q6xl_tensor_220w_mtp,2,67,11669,210.87,72,1710,9251,3,16
1784679702.310,real_q6xl_tensor_220w_mtp,3,81,11669,213.15,69,1695,9251,3,16
1784679702.879,real_q6xl_tensor_220w_mtp,0,62,11669,205.18,63,1920,9251,3,16
1784679702.879,real_q6xl_tensor_220w_mtp,1,35,11669,206.67,68,1890,9251,3,16
1784679702.879,real_q6xl_tensor_220w_mtp,2,67,11669,205.42,72,1890,9251,3,16
1784679702.879,real_q6xl_tensor_220w_mtp,3,40,11669,208.01,69,1890,9251,3,16
1784679703.440,real_q6xl_tensor_220w_mtp,0,100,11669,200.04,65,1860,9251,3,16
1784679703.440,real_q6xl_tensor_220w_mtp,1,35,11669,203.51,68,1800,9251,3,16
1784679703.440,real_q6xl_tensor_220w_mtp,2,80,11669,200.28,74,1800,9251,3,16
1784679703.440,real_q6xl_tensor_220w_mtp,3,40,11669,204.41,70,1815,9251,3,16
1784679704.002,real_q6xl_tensor_220w_mtp,0,100,11669,206.17,64,1755,9251,3,16
1784679704.002,real_q6xl_tensor_220w_mtp,1,97,11669,212.28,68,1710,9251,3,16
1784679704.002,real_q6xl_tensor_220w_mtp,2,80,11669,211.38,73,1710,9251,3,16
1784679704.002,real_q6xl_tensor_220w_mtp,3,61,11669,211.07,70,1740,9251,3,16
1784679704.592,real_q6xl_tensor_220w_mtp,0,100,11669,212.77,65,1755,9251,3,16
1784679704.592,real_q6xl_tensor_220w_mtp,1,97,11669,215.22,69,1710,9251,3,16
1784679704.592,real_q6xl_tensor_220w_mtp,2,100,11669,213.54,74,1710,9251,3,16
1784679704.592,real_q6xl_tensor_220w_mtp,3,61,11669,215.78,70,1710,9251,3,16
1784679705.187,real_q6xl_tensor_220w_mtp,0,100,11669,196.30,63,1725,9251,3,16
1784679705.187,real_q6xl_tensor_220w_mtp,1,24,11669,202.30,66,1650,9251,3,16
1784679705.187,real_q6xl_tensor_220w_mtp,2,100,11669,198.17,71,1680,9251,3,16
1784679705.187,real_q6xl_tensor_220w_mtp,3,34,11669,201.59,69,1680,9251,3,16
1784679705.756,real_q6xl_tensor_220w_mtp,0,62,11669,196.25,64,1740,9251,3,16
1784679705.756,real_q6xl_tensor_220w_mtp,1,24,11669,202.04,69,1680,9251,3,16
1784679705.756,real_q6xl_tensor_220w_mtp,2,100,11669,198.47,73,1695,9251,3,16
1784679705.756,real_q6xl_tensor_220w_mtp,3,81,11669,202.12,70,1710,9251,3,16
1784679706.327,real_q6xl_tensor_220w_mtp,0,81,11669,213.35,65,1755,9251,3,16
1784679706.327,real_q6xl_tensor_220w_mtp,1,100,11669,215.49,69,1665,9251,3,16
1784679706.327,real_q6xl_tensor_220w_mtp,2,100,11669,213.70,73,1695,9251,3,16
1784679706.327,real_q6xl_tensor_220w_mtp,3,100,11669,215.34,70,1680,9251,3,16
1784679706.896,real_q6xl_tensor_220w_mtp,0,100,11669,214.41,65,1755,9251,3,16
1784679706.896,real_q6xl_tensor_220w_mtp,1,100,11669,215.15,69,1665,9251,3,16
1784679706.896,real_q6xl_tensor_220w_mtp,2,100,11669,213.41,74,1695,9251,3,16
1784679706.896,real_q6xl_tensor_220w_mtp,3,100,11669,215.31,70,1680,9251,3,16
1784679707.465,real_q6xl_tensor_220w_mtp,0,36,11669,200.10,63,1890,9251,3,16
1784679707.465,real_q6xl_tensor_220w_mtp,1,18,11669,200.69,66,1635,9251,3,16
1784679707.465,real_q6xl_tensor_220w_mtp,2,90,11669,197.22,73,1710,9251,3,16
1784679707.465,real_q6xl_tensor_220w_mtp,3,100,11669,201.79,69,1680,9251,3,16
1784679708.043,real_q6xl_tensor_220w_mtp,0,36,11669,200.10,63,1890,9251,3,16
1784679708.043,real_q6xl_tensor_220w_mtp,1,18,11669,203.28,69,1650,9251,3,16
1784679708.043,real_q6xl_tensor_220w_mtp,2,90,11669,197.22,74,1680,9251,3,16
1784679708.043,real_q6xl_tensor_220w_mtp,3,100,11669,201.59,69,1695,9251,3,16
1784679708.604,real_q6xl_tensor_220w_mtp,0,100,11669,212.46,65,1785,9251,3,16
1784679708.604,real_q6xl_tensor_220w_mtp,1,100,11669,214.80,69,1650,9251,3,16
1784679708.604,real_q6xl_tensor_220w_mtp,2,100,11669,213.77,74,1740,9251,3,16
1784679708.604,real_q6xl_tensor_220w_mtp,3,100,11669,215.51,70,1665,9251,3,16
1784679709.176,real_q6xl_tensor_220w_mtp,0,100,11669,212.47,65,1740,9251,3,16
1784679709.176,real_q6xl_tensor_220w_mtp,1,100,11669,215.00,69,1650,9251,3,16
1784679709.176,real_q6xl_tensor_220w_mtp,2,100,11669,214.00,73,1710,9251,3,16
1784679709.176,real_q6xl_tensor_220w_mtp,3,100,11669,215.39,70,1665,9251,3,16
1784679709.767,real_q6xl_tensor_220w_mtp,0,100,11669,194.03,64,1740,9251,3,16
1784679709.767,real_q6xl_tensor_220w_mtp,1,100,11669,201.01,68,1665,9251,3,16
1784679709.767,real_q6xl_tensor_220w_mtp,2,91,11669,197.71,73,1695,9251,3,16
1784679709.767,real_q6xl_tensor_220w_mtp,3,100,11669,201.14,69,1680,9251,3,16
1784679710.392,real_q6xl_tensor_220w_mtp,0,100,11669,199.14,65,1740,9251,3,16
1784679710.392,real_q6xl_tensor_220w_mtp,1,100,11669,207.35,69,1635,9251,3,16
1784679710.392,real_q6xl_tensor_220w_mtp,2,100,11669,204.92,74,1710,9251,3,16
1784679710.392,real_q6xl_tensor_220w_mtp,3,100,11669,205.05,70,1665,9251,3,16
1784679710.992,real_q6xl_tensor_220w_mtp,0,100,11669,210.25,65,1845,9251,3,16
1784679710.992,real_q6xl_tensor_220w_mtp,1,100,11669,214.21,69,1830,9251,3,16
1784679710.992,real_q6xl_tensor_220w_mtp,2,100,11669,213.82,74,1800,9251,3,16
1784679710.992,real_q6xl_tensor_220w_mtp,3,82,11669,213.10,69,1830,9251,3,16
1784679711.557,real_q6xl_tensor_220w_mtp,0,37,11669,204.35,63,1920,9251,3,16
1784679711.557,real_q6xl_tensor_220w_mtp,1,100,11669,208.97,67,1815,9251,3,16
1784679711.557,real_q6xl_tensor_220w_mtp,2,27,11669,207.44,72,1890,9251,3,16
1784679711.557,real_q6xl_tensor_220w_mtp,3,82,11669,207.68,69,1905,9251,3,16
1784679712.140,real_q6xl_tensor_220w_mtp,0,37,11669,196.23,64,1725,9251,3,16
1784679712.140,real_q6xl_tensor_220w_mtp,1,100,11669,203.17,69,1665,9251,3,16
1784679712.140,real_q6xl_tensor_220w_mtp,2,27,11669,200.14,74,1665,9251,3,16
1784679712.140,real_q6xl_tensor_220w_mtp,3,100,11669,202.54,69,1680,9251,3,16
1784679712.734,real_q6xl_tensor_220w_mtp,0,100,11669,203.07,65,1875,9251,3,16
1784679712.734,real_q6xl_tensor_220w_mtp,1,100,11669,207.41,67,1860,9251,3,16
1784679712.734,real_q6xl_tensor_220w_mtp,2,75,11669,204.31,72,1845,9251,3,16
1784679712.734,real_q6xl_tensor_220w_mtp,3,100,11669,208.51,70,1890,9251,3,16
1784679713.326,real_q6xl_tensor_220w_mtp,0,100,11669,209.61,65,1800,9251,3,16
1784679713.326,real_q6xl_tensor_220w_mtp,1,87,11669,212.77,68,1665,9251,3,16
1784679713.326,real_q6xl_tensor_220w_mtp,2,96,11669,211.14,74,1740,9251,3,16
1784679713.326,real_q6xl_tensor_220w_mtp,3,59,11669,212.12,70,1680,9251,3,16
1784679713.916,real_q6xl_tensor_220w_mtp,0,33,11669,203.30,63,1920,9251,3,16
1784679713.916,real_q6xl_tensor_220w_mtp,1,87,11669,205.69,67,1800,9251,3,16
1784679713.916,real_q6xl_tensor_220w_mtp,2,96,11669,201.33,72,1875,9251,3,16
1784679713.916,real_q6xl_tensor_220w_mtp,3,59,11669,207.06,68,1920,9251,3,16
1784679714.477,real_q6xl_tensor_220w_mtp,0,33,11669,194.05,65,1740,9251,3,16
1784679714.477,real_q6xl_tensor_220w_mtp,1,100,11669,201.74,69,1665,9251,3,16
1784679714.477,real_q6xl_tensor_220w_mtp,2,100,11669,200.10,74,1665,9251,3,16
1784679714.477,real_q6xl_tensor_220w_mtp,3,84,11669,200.55,70,1695,9251,3,16
1784679715.035,real_q6xl_tensor_220w_mtp,0,78,11669,202.83,63,1710,9251,3,16
1784679715.035,real_q6xl_tensor_220w_mtp,1,100,11669,208.17,69,1695,9251,3,16
1784679715.035,real_q6xl_tensor_220w_mtp,2,100,11669,207.84,74,1875,9251,3,16
1784679715.035,real_q6xl_tensor_220w_mtp,3,84,11669,207.21,69,1710,9251,3,16
1784679715.606,real_q6xl_tensor_220w_mtp,0,78,11669,210.37,65,1740,9251,3,16
1784679715.606,real_q6xl_tensor_220w_mtp,1,58,11669,212.12,69,1650,9251,3,16
1784679715.606,real_q6xl_tensor_220w_mtp,2,59,11669,209.41,73,1680,9251,3,16
1784679715.606,real_q6xl_tensor_220w_mtp,3,84,11669,213.16,70,1665,9251,3,16
1784679716.175,real_q6xl_tensor_220w_mtp,0,38,11669,200.82,63,1890,9251,3,16
1784679716.175,real_q6xl_tensor_220w_mtp,1,58,11669,208.61,68,1800,9251,3,16
1784679716.175,real_q6xl_tensor_220w_mtp,2,59,11669,204.49,72,1875,9251,3,16
1784679716.175,real_q6xl_tensor_220w_mtp,3,84,11669,206.24,69,1800,9251,3,16
1784679716.756,real_q6xl_tensor_220w_mtp,0,80,11669,191.63,64,1740,9251,3,16
1784679716.756,real_q6xl_tensor_220w_mtp,1,98,11669,202.90,68,1590,9251,3,16
1784679716.756,real_q6xl_tensor_220w_mtp,2,87,11669,197.96,73,1695,9251,3,16
1784679716.756,real_q6xl_tensor_220w_mtp,3,58,11669,198.49,69,1620,9251,3,16
1784679717.370,real_q6xl_tensor_220w_mtp,0,58,11669,213.45,64,1755,9251,3,16
1784679717.370,real_q6xl_tensor_220w_mtp,1,98,11669,212.12,69,1710,9251,3,16
1784679717.370,real_q6xl_tensor_220w_mtp,2,87,11669,210.64,73,1695,9251,3,16
1784679717.370,real_q6xl_tensor_220w_mtp,3,58,11669,216.42,69,1725,9251,3,16
1784679717.940,real_q6xl_tensor_220w_mtp,0,58,11669,213.08,65,1785,9251,3,16
1784679717.940,real_q6xl_tensor_220w_mtp,1,100,11669,214.32,69,1710,9251,3,16
1784679717.940,real_q6xl_tensor_220w_mtp,2,100,11669,213.74,74,1710,9251,3,16
1784679717.940,real_q6xl_tensor_220w_mtp,3,100,11669,216.34,70,1725,9251,3,16
1784679718.512,real_q6xl_tensor_220w_mtp,0,32,11669,197.81,63,1920,9251,3,16
1784679718.512,real_q6xl_tensor_220w_mtp,1,100,11669,199.43,67,1905,9251,3,16
1784679718.512,real_q6xl_tensor_220w_mtp,2,100,11669,202.79,72,1875,9251,3,16
1784679718.512,real_q6xl_tensor_220w_mtp,3,100,11669,203.53,68,1905,9251,3,16
1784679719.072,real_q6xl_tensor_220w_mtp,0,32,11669,191.76,64,1905,9251,3,16
1784679719.072,real_q6xl_tensor_220w_mtp,1,81,11669,199.76,67,1635,9251,3,16
1784679719.072,real_q6xl_tensor_220w_mtp,2,72,11669,195.48,72,1875,9251,3,16
1784679719.072,real_q6xl_tensor_220w_mtp,3,58,11669,198.90,70,1665,9251,3,16
1784679719.645,real_q6xl_tensor_220w_mtp,0,59,11669,205.53,64,1740,9251,3,16
1784679719.645,real_q6xl_tensor_220w_mtp,1,81,11669,214.24,68,1680,9251,3,16
1784679719.645,real_q6xl_tensor_220w_mtp,2,72,11669,213.11,73,1680,9251,3,16
1784679719.645,real_q6xl_tensor_220w_mtp,3,58,11669,215.42,69,1710,9251,3,16
1784679720.216,real_q6xl_tensor_220w_mtp,0,59,11669,211.73,64,1725,9251,3,16
1784679720.216,real_q6xl_tensor_220w_mtp,1,100,11669,214.60,69,1665,9251,3,16
1784679720.216,real_q6xl_tensor_220w_mtp,2,100,11669,212.83,73,1680,9251,3,16
1784679720.216,real_q6xl_tensor_220w_mtp,3,100,11669,215.13,70,1665,9251,3,16
1784679720.811,real_q6xl_tensor_220w_mtp,0,28,11669,196.42,63,1920,9251,3,16
1784679720.811,real_q6xl_tensor_220w_mtp,1,29,11669,199.06,67,1905,9251,3,16
1784679720.811,real_q6xl_tensor_220w_mtp,2,34,11669,194.06,72,1890,9251,3,16
1784679720.811,real_q6xl_tensor_220w_mtp,3,31,11669,203.12,68,1920,9251,3,16
1784679721.400,real_q6xl_tensor_220w_mtp,0,28,11669,191.73,64,1695,9251,3,16
1784679721.400,real_q6xl_tensor_220w_mtp,1,80,11669,199.68,67,1605,9251,3,16
1784679721.400,real_q6xl_tensor_220w_mtp,2,70,11669,194.27,72,1695,9251,3,16
1784679721.400,real_q6xl_tensor_220w_mtp,3,56,11669,199.45,70,1635,9251,3,16
1784679721.972,real_q6xl_tensor_220w_mtp,0,57,11669,210.98,64,1710,9251,3,16
1784679721.972,real_q6xl_tensor_220w_mtp,1,80,11669,214.16,68,1650,9251,3,16
1784679721.972,real_q6xl_tensor_220w_mtp,2,70,11669,213.24,73,1665,9251,3,16
1784679721.972,real_q6xl_tensor_220w_mtp,3,56,11669,214.42,70,1665,9251,3,16
1784679722.541,real_q6xl_tensor_220w_mtp,0,57,11669,210.78,65,1740,9251,3,16
1784679722.541,real_q6xl_tensor_220w_mtp,1,100,11669,215.38,69,1635,9251,3,16
1784679722.541,real_q6xl_tensor_220w_mtp,2,100,11669,212.64,74,1740,9251,3,16
1784679722.541,real_q6xl_tensor_220w_mtp,3,100,11669,214.30,70,1665,9251,3,16
1784679723.111,real_q6xl_tensor_220w_mtp,0,33,11669,197.84,62,1905,9251,3,16
1784679723.111,real_q6xl_tensor_220w_mtp,1,100,11669,199.37,67,1890,9251,3,16
1784679723.111,real_q6xl_tensor_220w_mtp,2,100,11669,202.33,72,1875,9251,3,16
1784679723.111,real_q6xl_tensor_220w_mtp,3,100,11669,203.54,68,1890,9251,3,16
1784679723.673,real_q6xl_tensor_220w_mtp,0,33,11669,190.46,65,1905,9251,3,16
1784679723.673,real_q6xl_tensor_220w_mtp,1,89,11669,199.41,68,1890,9251,3,16
1784679723.673,real_q6xl_tensor_220w_mtp,2,80,11669,196.76,72,1860,9251,3,16
1784679723.673,real_q6xl_tensor_220w_mtp,3,57,11669,196.54,69,1905,9251,3,16
1784679724.241,real_q6xl_tensor_220w_mtp,0,58,11669,204.46,64,1725,9251,3,16
1784679724.241,real_q6xl_tensor_220w_mtp,1,89,11669,213.62,69,1680,9251,3,16
1784679724.241,real_q6xl_tensor_220w_mtp,2,90,11669,212.66,73,1665,9251,3,16
1784679724.241,real_q6xl_tensor_220w_mtp,3,78,11669,215.89,70,1710,9251,3,16
1784679724.837,real_q6xl_tensor_220w_mtp,0,79,11669,213.39,65,1725,9251,3,16
1784679724.837,real_q6xl_tensor_220w_mtp,1,100,11669,214.31,69,1620,9251,3,16
1784679724.837,real_q6xl_tensor_220w_mtp,2,100,11669,213.21,73,1665,9251,3,16
1784679724.837,real_q6xl_tensor_220w_mtp,3,100,11669,216.28,70,1650,9251,3,16
1784679725.409,real_q6xl_tensor_220w_mtp,0,38,11669,199.27,63,1920,9251,3,16
1784679725.409,real_q6xl_tensor_220w_mtp,1,100,11669,202.80,67,1860,9251,3,16
1784679725.409,real_q6xl_tensor_220w_mtp,2,100,11669,203.18,71,1890,9251,3,16
1784679725.409,real_q6xl_tensor_220w_mtp,3,100,11669,203.59,68,1875,9251,3,16
1784679725.967,real_q6xl_tensor_220w_mtp,0,38,11669,192.04,65,1815,9251,3,16
1784679725.967,real_q6xl_tensor_220w_mtp,1,100,11669,202.34,69,1785,9251,3,16
1784679725.967,real_q6xl_tensor_220w_mtp,2,100,11669,195.77,73,1785,9251,3,16
1784679725.967,real_q6xl_tensor_220w_mtp,3,72,11669,199.14,70,1800,9251,3,16
1784679726.529,real_q6xl_tensor_220w_mtp,0,78,11669,204.95,63,1725,9251,3,16
1784679726.529,real_q6xl_tensor_220w_mtp,1,100,11669,209.71,69,1620,9251,3,16
1784679726.529,real_q6xl_tensor_220w_mtp,2,100,11669,208.40,74,1665,9251,3,16
1784679726.529,real_q6xl_tensor_220w_mtp,3,72,11669,215.39,69,1680,9251,3,16
1784679727.122,real_q6xl_tensor_220w_mtp,0,78,11669,211.31,64,1710,9251,3,16
1784679727.122,real_q6xl_tensor_220w_mtp,1,100,11669,214.01,68,1620,9251,3,16
1784679727.122,real_q6xl_tensor_220w_mtp,2,100,11669,212.16,73,1665,9251,3,16
1784679727.122,real_q6xl_tensor_220w_mtp,3,75,11669,214.67,70,1650,9251,3,16
1784679727.692,real_q6xl_tensor_220w_mtp,0,34,11669,201.36,63,1845,9251,3,16
1784679727.692,real_q6xl_tensor_220w_mtp,1,100,11669,208.81,68,1830,9251,3,16
1784679727.692,real_q6xl_tensor_220w_mtp,2,100,11669,204.97,72,1800,9251,3,16
1784679727.692,real_q6xl_tensor_220w_mtp,3,75,11669,207.09,69,1875,9251,3,16
1784679728.254,real_q6xl_tensor_220w_mtp,0,34,11669,193.99,65,1710,9251,3,16
1784679728.254,real_q6xl_tensor_220w_mtp,1,100,11669,196.79,68,1620,9251,3,16
1784679728.254,real_q6xl_tensor_220w_mtp,2,100,11669,196.09,73,1665,9251,3,16
1784679728.254,real_q6xl_tensor_220w_mtp,3,100,11669,200.63,70,1650,9251,3,16
1784679728.823,real_q6xl_tensor_220w_mtp,0,100,11669,203.93,65,1815,9251,3,16
1784679728.823,real_q6xl_tensor_220w_mtp,1,93,11669,208.22,69,1785,9251,3,16
1784679728.823,real_q6xl_tensor_220w_mtp,2,76,11669,204.43,74,1785,9251,3,16
1784679728.823,real_q6xl_tensor_220w_mtp,3,100,11669,209.38,70,1800,9251,3,16
1784679729.384,real_q6xl_tensor_220w_mtp,0,100,11669,205.90,65,1905,9251,3,16
1784679729.384,real_q6xl_tensor_220w_mtp,1,89,11669,213.75,68,1845,9251,3,16
1784679729.384,real_q6xl_tensor_220w_mtp,2,76,11669,209.98,72,1875,9251,3,16
1784679729.384,real_q6xl_tensor_220w_mtp,3,100,11669,209.96,69,1845,9251,3,16
1784679729.954,real_q6xl_tensor_220w_mtp,0,33,11669,203.99,63,1860,9251,3,16
1784679729.954,real_q6xl_tensor_220w_mtp,1,89,11669,209.57,67,1740,9251,3,16
1784679729.954,real_q6xl_tensor_220w_mtp,2,23,11669,207.34,72,1875,9251,3,16
1784679729.954,real_q6xl_tensor_220w_mtp,3,37,11669,208.93,68,1755,9251,3,16
1784679730.540,real_q6xl_tensor_220w_mtp,0,33,11669,194.10,64,1785,9251,3,16
1784679730.540,real_q6xl_tensor_220w_mtp,1,100,11669,198.60,68,1695,9251,3,16
1784679730.540,real_q6xl_tensor_220w_mtp,2,23,11669,196.04,74,1710,9251,3,16
1784679730.540,real_q6xl_tensor_220w_mtp,3,37,11669,200.59,69,1695,9251,3,16
1784679731.111,real_q6xl_tensor_220w_mtp,0,100,11669,199.95,64,1710,9251,3,16
1784679731.111,real_q6xl_tensor_220w_mtp,1,100,11669,207.65,69,1620,9251,3,16
1784679731.111,real_q6xl_tensor_220w_mtp,2,100,11669,206.41,74,1680,9251,3,16
1784679731.111,real_q6xl_tensor_220w_mtp,3,100,11669,204.99,70,1635,9251,3,16
1784679731.683,real_q6xl_tensor_220w_mtp,0,100,11669,210.98,65,1755,9251,3,16
1784679731.683,real_q6xl_tensor_220w_mtp,1,100,11669,212.85,69,1695,9251,3,16
1784679731.683,real_q6xl_tensor_220w_mtp,2,100,11669,212.58,74,1680,9251,3,16
1784679731.683,real_q6xl_tensor_220w_mtp,3,100,11669,213.34,70,1710,9251,3,16
1784679732.247,real_q6xl_tensor_220w_mtp,0,100,11669,211.27,65,1875,9251,3,16
1784679732.247,real_q6xl_tensor_220w_mtp,1,100,11669,212.44,68,1860,9251,3,16
1784679732.247,real_q6xl_tensor_220w_mtp,2,75,11669,209.65,72,1815,9251,3,16
1784679732.247,real_q6xl_tensor_220w_mtp,3,100,11669,208.12,70,1860,9251,3,16
1784679732.809,real_q6xl_tensor_220w_mtp,0,93,11669,189.70,64,1770,9251,3,16
1784679732.809,real_q6xl_tensor_220w_mtp,1,100,11669,199.16,68,1695,9251,3,16
1784679732.809,real_q6xl_tensor_220w_mtp,2,75,11669,195.58,73,1695,9251,3,16
1784679732.809,real_q6xl_tensor_220w_mtp,3,51,11669,197.33,69,1710,9251,3,16
1784679733.406,real_q6xl_tensor_220w_mtp,0,100,11669,196.52,65,1695,9251,3,16
1784679733.406,real_q6xl_tensor_220w_mtp,1,100,11669,203.86,69,1620,9251,3,16
1784679733.406,real_q6xl_tensor_220w_mtp,2,100,11669,193.76,73,1665,9251,3,16
1784679733.406,real_q6xl_tensor_220w_mtp,3,100,11669,202.71,70,1650,9251,3,16
1784679733.975,real_q6xl_tensor_220w_mtp,0,100,11669,210.56,65,1710,9251,3,16
1784679733.975,real_q6xl_tensor_220w_mtp,1,100,11669,213.58,69,1620,9251,3,16
1784679733.975,real_q6xl_tensor_220w_mtp,2,100,11669,211.06,74,1680,9251,3,16
1784679733.975,real_q6xl_tensor_220w_mtp,3,100,11669,214.50,70,1650,9251,3,16
1784679734.573,real_q6xl_tensor_220w_mtp,0,100,11669,211.01,65,1710,9251,3,16
1784679734.573,real_q6xl_tensor_220w_mtp,1,100,11669,213.62,69,1620,9251,3,16
1784679734.573,real_q6xl_tensor_220w_mtp,2,100,11669,210.78,73,1650,9251,3,16
1784679734.573,real_q6xl_tensor_220w_mtp,3,100,11669,213.96,70,1665,9251,3,16
1784679735.143,real_q6xl_tensor_220w_mtp,0,100,11669,189.47,64,1725,9251,3,16
1784679735.143,real_q6xl_tensor_220w_mtp,1,100,11669,196.46,68,1620,9251,3,16
1784679735.143,real_q6xl_tensor_220w_mtp,2,100,11669,190.82,73,1710,9251,3,16
1784679735.143,real_q6xl_tensor_220w_mtp,3,100,11669,196.82,69,1635,9251,3,16
1784679735.714,real_q6xl_tensor_220w_mtp,0,100,11669,189.27,65,1695,9251,3,16
1784679735.714,real_q6xl_tensor_220w_mtp,1,100,11669,197.44,68,1605,9251,3,16
1784679735.714,real_q6xl_tensor_220w_mtp,2,100,11669,193.33,73,1665,9251,3,16
1784679735.714,real_q6xl_tensor_220w_mtp,3,100,11669,196.24,70,1620,9251,3,16
1784679736.284,real_q6xl_tensor_220w_mtp,0,77,11669,210.42,64,1725,9251,3,16
1784679736.284,real_q6xl_tensor_220w_mtp,1,100,11669,213.11,69,1620,9251,3,16
1784679736.284,real_q6xl_tensor_220w_mtp,2,77,11669,211.88,73,1665,9251,3,16
1784679736.284,real_q6xl_tensor_220w_mtp,3,100,11669,212.91,70,1635,9251,3,16
1784679736.859,real_q6xl_tensor_220w_mtp,0,100,11669,210.54,65,1710,9251,3,16
1784679736.859,real_q6xl_tensor_220w_mtp,1,100,11669,212.79,68,1665,9251,3,16
1784679736.859,real_q6xl_tensor_220w_mtp,2,100,11669,212.82,74,1650,9251,3,16
1784679736.859,real_q6xl_tensor_220w_mtp,3,100,11669,212.70,70,1635,9251,3,16
1784679737.451,real_q6xl_tensor_220w_mtp,0,100,11669,191.71,62,1680,9251,3,16
1784679737.451,real_q6xl_tensor_220w_mtp,1,10,11669,193.36,66,1590,9251,3,16
1784679737.451,real_q6xl_tensor_220w_mtp,2,100,11669,189.58,72,1890,9251,3,16
1784679737.451,real_q6xl_tensor_220w_mtp,3,100,11669,195.50,68,1620,9251,3,16
1784679738.021,real_q6xl_tensor_220w_mtp,0,55,11669,188.30,64,1740,9251,3,16
1784679738.021,real_q6xl_tensor_220w_mtp,1,10,11669,195.19,69,1605,9251,3,16
1784679738.021,real_q6xl_tensor_220w_mtp,2,84,11669,190.47,73,1725,9251,3,16
1784679738.021,real_q6xl_tensor_220w_mtp,3,100,11669,196.35,69,1635,9251,3,16
1784679738.633,real_q6xl_tensor_220w_mtp,0,55,11669,209.57,64,1755,9251,3,16
1784679738.633,real_q6xl_tensor_220w_mtp,1,100,11669,213.47,69,1620,9251,3,16
1784679738.633,real_q6xl_tensor_220w_mtp,2,84,11669,210.93,73,1725,9251,3,16
1784679738.633,real_q6xl_tensor_220w_mtp,3,100,11669,214.04,69,1635,9251,3,16
1784679739.204,real_q6xl_tensor_220w_mtp,0,100,11669,210.07,65,1695,9251,3,16
1784679739.204,real_q6xl_tensor_220w_mtp,1,100,11669,212.43,69,1620,9251,3,16
1784679739.204,real_q6xl_tensor_220w_mtp,2,100,11669,211.03,73,1650,9251,3,16
1784679739.204,real_q6xl_tensor_220w_mtp,3,100,11669,213.62,70,1650,9251,3,16
1784679739.774,real_q6xl_tensor_220w_mtp,0,100,11669,194.74,63,1875,9251,3,16
1784679739.774,real_q6xl_tensor_220w_mtp,1,33,11669,201.39,67,1830,9251,3,16
1784679739.774,real_q6xl_tensor_220w_mtp,2,36,11669,198.82,71,1755,9251,3,16
1784679739.774,real_q6xl_tensor_220w_mtp,3,27,11669,201.18,68,1845,9251,3,16
1784679740.335,real_q6xl_tensor_220w_mtp,0,100,11669,192.22,65,1845,9251,3,16
1784679740.335,real_q6xl_tensor_220w_mtp,1,100,11669,197.35,68,1845,9251,3,16
1784679740.335,real_q6xl_tensor_220w_mtp,2,98,11669,195.29,74,1800,9251,3,16
1784679740.335,real_q6xl_tensor_220w_mtp,3,67,11669,195.32,69,1845,9251,3,16
1784679740.921,real_q6xl_tensor_220w_mtp,0,100,11669,205.99,63,1815,9251,3,16
1784679740.921,real_q6xl_tensor_220w_mtp,1,100,11669,209.32,69,1665,9251,3,16
1784679740.921,real_q6xl_tensor_220w_mtp,2,75,11669,208.62,72,1860,9251,3,16
1784679740.921,real_q6xl_tensor_220w_mtp,3,92,11669,215.15,69,1680,9251,3,16
1784679741.519,real_q6xl_tensor_220w_mtp,0,52,11669,210.64,65,1755,9251,3,16
1784679741.519,real_q6xl_tensor_220w_mtp,1,79,11669,212.10,67,1665,9251,3,16
1784679741.519,real_q6xl_tensor_220w_mtp,2,88,11669,211.00,72,1680,9251,3,16
1784679741.519,real_q6xl_tensor_220w_mtp,3,52,11669,213.46,70,1695,9251,3,16
1784679742.088,real_q6xl_tensor_220w_mtp,0,52,11669,203.43,63,1875,9251,3,16
1784679742.088,real_q6xl_tensor_220w_mtp,1,79,11669,211.62,68,1725,9251,3,16
1784679742.088,real_q6xl_tensor_220w_mtp,2,88,11669,208.20,72,1875,9251,3,16
1784679742.088,real_q6xl_tensor_220w_mtp,3,52,11669,206.28,69,1725,9251,3,16
1784679742.648,real_q6xl_tensor_220w_mtp,0,100,11669,190.67,64,1695,9251,3,16
1784679742.648,real_q6xl_tensor_220w_mtp,1,100,11669,198.14,68,1665,9251,3,16
1784679742.648,real_q6xl_tensor_220w_mtp,2,100,11669,192.76,73,1725,9251,3,16
1784679742.648,real_q6xl_tensor_220w_mtp,3,100,11669,194.36,69,1680,9251,3,16
1784679743.218,real_q6xl_tensor_220w_mtp,0,100,11669,197.63,65,1695,9251,3,16
1784679743.218,real_q6xl_tensor_220w_mtp,1,100,11669,206.66,68,1680,9251,3,16
1784679743.218,real_q6xl_tensor_220w_mtp,2,100,11669,203.74,74,1650,9251,3,16
1784679743.218,real_q6xl_tensor_220w_mtp,3,100,11669,200.90,70,1695,9251,3,16
1784679743.789,real_q6xl_tensor_220w_mtp,0,100,11669,209.09,65,1695,9251,3,16
1784679743.789,real_q6xl_tensor_220w_mtp,1,100,11669,212.38,69,1590,9251,3,16
1784679743.789,real_q6xl_tensor_220w_mtp,2,100,11669,210.69,73,1635,9251,3,16
1784679743.789,real_q6xl_tensor_220w_mtp,3,100,11669,213.06,70,1605,9251,3,16
1784679744.357,real_q6xl_tensor_220w_mtp,0,100,11669,209.54,65,1695,9251,3,16
1784679744.357,real_q6xl_tensor_220w_mtp,1,100,11669,212.44,69,1620,9251,3,16
1784679744.357,real_q6xl_tensor_220w_mtp,2,100,11669,210.77,74,1635,9251,3,16
1784679744.357,real_q6xl_tensor_220w_mtp,3,100,11669,212.44,70,1620,9251,3,16
1784679744.923,real_q6xl_tensor_220w_mtp,0,76,11669,186.13,64,1680,9251,3,16
1784679744.923,real_q6xl_tensor_220w_mtp,1,100,11669,195.63,68,1680,9251,3,16
1784679744.923,real_q6xl_tensor_220w_mtp,2,100,11669,188.86,72,1665,9251,3,16
1784679744.923,real_q6xl_tensor_220w_mtp,3,80,11669,194.90,69,1620,9251,3,16
1784679745.496,real_q6xl_tensor_220w_mtp,0,76,11669,186.43,65,1755,9251,3,16
1784679745.496,real_q6xl_tensor_220w_mtp,1,100,11669,195.89,69,1680,9251,3,16
1784679745.496,real_q6xl_tensor_220w_mtp,2,100,11669,188.99,73,1665,9251,3,16
1784679745.496,real_q6xl_tensor_220w_mtp,3,80,11669,194.24,69,1695,9251,3,16
1784679746.066,real_q6xl_tensor_220w_mtp,0,100,11669,209.52,64,1725,9251,3,16
1784679746.066,real_q6xl_tensor_220w_mtp,1,100,11669,212.59,69,1620,9251,3,16
1784679746.066,real_q6xl_tensor_220w_mtp,2,100,11669,211.28,73,1665,9251,3,16
1784679746.066,real_q6xl_tensor_220w_mtp,3,100,11669,212.50,69,1680,9251,3,16
1784679746.635,real_q6xl_tensor_220w_mtp,0,100,11669,210.26,64,1695,9251,3,16
1784679746.635,real_q6xl_tensor_220w_mtp,1,100,11669,212.79,69,1605,9251,3,16
1784679746.635,real_q6xl_tensor_220w_mtp,2,100,11669,210.75,73,1680,9251,3,16
1784679746.635,real_q6xl_tensor_220w_mtp,3,100,11669,212.37,69,1605,9251,3,16
1784679747.204,real_q6xl_tensor_220w_mtp,0,30,11669,193.63,63,1890,9251,3,16
1784679747.204,real_q6xl_tensor_220w_mtp,1,37,11669,198.03,68,1890,9251,3,16
1784679747.204,real_q6xl_tensor_220w_mtp,2,37,11669,199.40,71,1755,9251,3,16
1784679747.204,real_q6xl_tensor_220w_mtp,3,33,11669,198.70,68,1890,9251,3,16
1784679747.762,real_q6xl_tensor_220w_mtp,0,30,11669,189.53,64,1695,9251,3,16
1784679747.762,real_q6xl_tensor_220w_mtp,1,37,11669,197.37,69,1665,9251,3,16
1784679747.762,real_q6xl_tensor_220w_mtp,2,100,11669,192.52,73,1635,9251,3,16
1784679747.762,real_q6xl_tensor_220w_mtp,3,100,11669,197.20,69,1680,9251,3,16
1784679748.326,real_q6xl_tensor_220w_mtp,0,100,11669,205.25,65,1710,9251,3,16
1784679748.326,real_q6xl_tensor_220w_mtp,1,93,11669,210.26,68,1695,9251,3,16
1784679748.326,real_q6xl_tensor_220w_mtp,2,82,11669,208.47,74,1620,9251,3,16
1784679748.326,real_q6xl_tensor_220w_mtp,3,100,11669,209.18,69,1725,9251,3,16
1784679748.885,real_q6xl_tensor_220w_mtp,0,100,11669,206.64,65,1845,9251,3,16
1784679748.885,real_q6xl_tensor_220w_mtp,1,93,11669,211.52,69,1830,9251,3,16
1784679748.885,real_q6xl_tensor_220w_mtp,2,82,11669,210.45,74,1785,9251,3,16
1784679748.885,real_q6xl_tensor_220w_mtp,3,100,11669,209.32,68,1830,9251,3,16
1784679749.446,real_q6xl_tensor_220w_mtp,0,100,11669,208.02,65,1890,9251,3,16
1784679749.446,real_q6xl_tensor_220w_mtp,1,68,11669,209.91,67,1875,9251,3,16
1784679749.446,real_q6xl_tensor_220w_mtp,2,59,11669,207.84,72,1845,9251,3,16
1784679749.446,real_q6xl_tensor_220w_mtp,3,100,11669,210.39,69,1875,9251,3,16
1784679750.005,real_q6xl_tensor_220w_mtp,0,100,11669,186.42,64,1665,9251,3,16
1784679750.005,real_q6xl_tensor_220w_mtp,1,68,11669,196.98,68,1575,9251,3,16
1784679750.005,real_q6xl_tensor_220w_mtp,2,59,11669,194.62,73,1635,9251,3,16
1784679750.005,real_q6xl_tensor_220w_mtp,3,100,11669,194.25,69,1605,9251,3,16
1784679750.574,real_q6xl_tensor_220w_mtp,0,100,11669,192.52,64,1755,9251,3,16
1784679750.574,real_q6xl_tensor_220w_mtp,1,100,11669,193.67,69,1695,9251,3,16
1784679750.574,real_q6xl_tensor_220w_mtp,2,100,11669,193.39,73,1680,9251,3,16
1784679750.574,real_q6xl_tensor_220w_mtp,3,100,11669,198.90,69,1695,9251,3,16
1784679751.143,real_q6xl_tensor_220w_mtp,0,100,11669,208.67,65,1755,9251,3,16
1784679751.143,real_q6xl_tensor_220w_mtp,1,100,11669,210.87,69,1590,9251,3,16
1784679751.143,real_q6xl_tensor_220w_mtp,2,100,11669,211.49,73,1665,9251,3,16
1784679751.143,real_q6xl_tensor_220w_mtp,3,100,11669,211.77,69,1695,9251,3,16
1784679751.739,real_q6xl_tensor_220w_mtp,0,100,11669,209.24,65,1665,9251,3,16
1784679751.739,real_q6xl_tensor_220w_mtp,1,100,11669,210.93,69,1605,9251,3,16
1784679751.739,real_q6xl_tensor_220w_mtp,2,100,11669,211.37,73,1605,9251,3,16
1784679751.739,real_q6xl_tensor_220w_mtp,3,100,11669,211.50,69,1635,9251,3,16
1784679752.311,real_q6xl_tensor_220w_mtp,0,35,11669,189.39,62,1905,9251,3,16
1784679752.311,real_q6xl_tensor_220w_mtp,1,36,11669,191.42,67,1905,9251,3,16
1784679752.311,real_q6xl_tensor_220w_mtp,2,24,11669,187.26,72,1875,9251,3,16
1784679752.311,real_q6xl_tensor_220w_mtp,3,35,11669,195.75,67,1905,9251,3,16
1784679752.877,real_q6xl_tensor_220w_mtp,0,95,11669,184.61,63,1860,9251,3,16
1784679752.877,real_q6xl_tensor_220w_mtp,1,100,11669,187.83,69,1845,9251,3,16
1784679752.877,real_q6xl_tensor_220w_mtp,2,100,11669,188.34,73,1845,9251,3,16
1784679752.877,real_q6xl_tensor_220w_mtp,3,88,11669,192.26,69,1845,9251,3,16
1784679753.466,real_q6xl_tensor_220w_mtp,0,95,11669,208.99,64,1665,9251,3,16
1784679753.466,real_q6xl_tensor_220w_mtp,1,100,11669,211.14,68,1530,9251,3,16
1784679753.466,real_q6xl_tensor_220w_mtp,2,100,11669,209.50,72,1605,9251,3,16
1784679753.466,real_q6xl_tensor_220w_mtp,3,88,11669,211.34,69,1575,9251,3,16
1784679754.059,real_q6xl_tensor_220w_mtp,0,80,11669,209.07,63,1755,9251,3,16
1784679754.059,real_q6xl_tensor_220w_mtp,1,50,11669,211.60,68,1605,9251,3,16
1784679754.059,real_q6xl_tensor_220w_mtp,2,49,11669,211.47,73,1695,9251,3,16
1784679754.059,real_q6xl_tensor_220w_mtp,3,75,11669,212.02,68,1620,9251,3,16
1784679754.630,real_q6xl_tensor_220w_mtp,0,80,11669,206.96,63,1905,9251,3,16
1784679754.630,real_q6xl_tensor_220w_mtp,1,50,11669,206.55,67,1845,9251,3,16
1784679754.630,real_q6xl_tensor_220w_mtp,2,49,11669,204.02,71,1890,9251,3,16
1784679754.630,real_q6xl_tensor_220w_mtp,3,75,11669,211.30,69,1815,9251,3,16
1784679755.190,real_q6xl_tensor_220w_mtp,0,100,11669,188.33,64,1695,9251,3,16
1784679755.190,real_q6xl_tensor_220w_mtp,1,100,11669,195.53,69,1575,9251,3,16
1784679755.190,real_q6xl_tensor_220w_mtp,2,100,11669,191.86,73,1710,9251,3,16
1784679755.190,real_q6xl_tensor_220w_mtp,3,100,11669,195.19,69,1605,9251,3,16
1784679755.761,real_q6xl_tensor_220w_mtp,0,100,11669,196.45,64,1695,9251,3,16
1784679755.761,real_q6xl_tensor_220w_mtp,1,100,11669,198.23,69,1605,9251,3,16
1784679755.761,real_q6xl_tensor_220w_mtp,2,100,11669,197.62,73,1620,9251,3,16
1784679755.761,real_q6xl_tensor_220w_mtp,3,98,11669,200.75,69,1620,9251,3,16
1784679756.332,real_q6xl_tensor_220w_mtp,0,100,11669,208.58,64,1695,9251,3,16
1784679756.332,real_q6xl_tensor_220w_mtp,1,100,11669,210.84,69,1635,9251,3,16
1784679756.332,real_q6xl_tensor_220w_mtp,2,100,11669,209.26,74,1635,9251,3,16
1784679756.332,real_q6xl_tensor_220w_mtp,3,100,11669,211.71,69,1650,9251,3,16
1784679756.902,real_q6xl_tensor_220w_mtp,0,100,11669,208.64,64,1770,9251,3,16
1784679756.902,real_q6xl_tensor_220w_mtp,1,100,11669,211.60,69,1635,9251,3,16
1784679756.902,real_q6xl_tensor_220w_mtp,2,100,11669,208.89,73,1725,9251,3,16
1784679756.902,real_q6xl_tensor_220w_mtp,3,100,11669,212.20,70,1650,9251,3,16
1784679757.472,real_q6xl_tensor_220w_mtp,0,16,11669,185.81,62,1920,9251,3,16
1784679757.472,real_q6xl_tensor_220w_mtp,1,24,11669,196.44,67,1905,9251,3,16
1784679757.472,real_q6xl_tensor_220w_mtp,2,23,11669,190.15,71,1890,9251,3,16
1784679757.472,real_q6xl_tensor_220w_mtp,3,11,11669,192.24,67,1920,9251,3,16
1784679758.056,real_q6xl_tensor_220w_mtp,0,16,11669,188.47,64,1905,9251,3,16
1784679758.056,real_q6xl_tensor_220w_mtp,1,24,11669,192.01,68,1890,9251,3,16
1784679758.056,real_q6xl_tensor_220w_mtp,2,23,11669,186.31,72,1875,9251,3,16
1784679758.056,real_q6xl_tensor_220w_mtp,3,11,11669,190.80,69,1905,9251,3,16
1784679758.625,real_q6xl_tensor_220w_mtp,0,72,11669,208.79,63,1635,9251,3,16
1784679758.625,real_q6xl_tensor_220w_mtp,1,49,11669,210.25,68,1545,9251,3,16
1784679758.625,real_q6xl_tensor_220w_mtp,2,48,11669,209.13,73,1875,9251,3,16
1784679758.625,real_q6xl_tensor_220w_mtp,3,66,11669,212.07,68,1590,9251,3,16
1784679759.193,real_q6xl_tensor_220w_mtp,0,72,11669,208.46,64,1725,9251,3,16
1784679759.193,real_q6xl_tensor_220w_mtp,1,49,11669,211.02,68,1635,9251,3,16
1784679759.193,real_q6xl_tensor_220w_mtp,2,48,11669,209.56,72,1665,9251,3,16
1784679759.193,real_q6xl_tensor_220w_mtp,3,66,11669,210.85,69,1665,9251,3,16
1784679759.762,real_q6xl_tensor_220w_mtp,0,36,11669,203.02,63,1860,9251,3,16
1784679759.762,real_q6xl_tensor_220w_mtp,1,31,11669,210.03,67,1890,9251,3,16
1784679759.762,real_q6xl_tensor_220w_mtp,2,22,11669,205.35,72,1815,9251,3,16
1784679759.762,real_q6xl_tensor_220w_mtp,3,26,11669,206.57,68,1905,9251,3,16
1784679760.343,real_q6xl_tensor_220w_mtp,0,36,11669,187.13,64,1755,9251,3,16
1784679760.343,real_q6xl_tensor_220w_mtp,1,31,11669,194.06,69,1620,9251,3,16
1784679760.343,real_q6xl_tensor_220w_mtp,2,22,11669,189.72,73,1605,9251,3,16
1784679760.343,real_q6xl_tensor_220w_mtp,3,26,11669,194.16,69,1635,9251,3,16
1784679760.914,real_q6xl_tensor_220w_mtp,0,100,11669,192.09,64,1680,9251,3,16
1784679760.914,real_q6xl_tensor_220w_mtp,1,100,11669,199.86,69,1575,9251,3,16
1784679760.914,real_q6xl_tensor_220w_mtp,2,100,11669,196.76,73,1650,9251,3,16
1784679760.914,real_q6xl_tensor_220w_mtp,3,100,11669,198.93,69,1590,9251,3,16
1784679761.483,real_q6xl_tensor_220w_mtp,0,100,11669,208.47,64,1710,9251,3,16
1784679761.483,real_q6xl_tensor_220w_mtp,1,100,11669,211.64,69,1575,9251,3,16
1784679761.483,real_q6xl_tensor_220w_mtp,2,100,11669,208.86,73,1710,9251,3,16
1784679761.483,real_q6xl_tensor_220w_mtp,3,100,11669,212.06,70,1605,9251,3,16
1784679762.054,real_q6xl_tensor_220w_mtp,0,100,11669,207.62,64,1665,9251,3,16
1784679762.054,real_q6xl_tensor_220w_mtp,1,100,11669,210.40,69,1590,9251,3,16
1784679762.054,real_q6xl_tensor_220w_mtp,2,100,11669,209.32,73,1650,9251,3,16
1784679762.054,real_q6xl_tensor_220w_mtp,3,100,11669,211.56,69,1605,9251,3,16
1784679762.624,real_q6xl_tensor_220w_mtp,0,100,11669,192.04,63,1920,9251,3,16
1784679762.624,real_q6xl_tensor_220w_mtp,1,100,11669,194.69,66,1890,9251,3,16
1784679762.624,real_q6xl_tensor_220w_mtp,2,100,11669,189.04,71,1890,9251,3,16
1784679762.624,real_q6xl_tensor_220w_mtp,3,100,11669,190.42,68,1905,9251,3,16
1784679763.209,real_q6xl_tensor_220w_mtp,0,100,11669,187.66,64,1815,9251,3,16
1784679763.209,real_q6xl_tensor_220w_mtp,1,82,11669,190.59,69,1800,9251,3,16
1784679763.209,real_q6xl_tensor_220w_mtp,2,73,11669,186.09,73,1635,9251,3,16
1784679763.209,real_q6xl_tensor_220w_mtp,3,100,11669,194.24,69,1815,9251,3,16
1784679763.768,real_q6xl_tensor_220w_mtp,0,100,11669,210.09,64,1845,9251,3,16
1784679763.768,real_q6xl_tensor_220w_mtp,1,82,11669,210.32,69,1815,9251,3,16
1784679763.768,real_q6xl_tensor_220w_mtp,2,100,11669,208.95,73,1785,9251,3,16
1784679763.768,real_q6xl_tensor_220w_mtp,3,100,11669,213.25,69,1845,9251,3,16
1784679764.330,real_q6xl_tensor_220w_mtp,0,100,11669,209.24,65,1845,9251,3,16
1784679764.330,real_q6xl_tensor_220w_mtp,1,87,11669,212.19,68,1830,9251,3,16
1784679764.330,real_q6xl_tensor_220w_mtp,2,77,11669,210.50,73,1800,9251,3,16
1784679764.330,real_q6xl_tensor_220w_mtp,3,100,11669,211.57,69,1845,9251,3,16
1784679764.889,real_q6xl_tensor_220w_mtp,0,100,11669,210.30,63,1860,9251,3,16
1784679764.889,real_q6xl_tensor_220w_mtp,1,87,11669,210.06,69,1815,9251,3,16
1784679764.889,real_q6xl_tensor_220w_mtp,2,77,11669,209.35,73,1815,9251,3,16
1784679764.889,real_q6xl_tensor_220w_mtp,3,100,11669,212.73,69,1845,9251,3,16
1784679765.449,real_q6xl_tensor_220w_mtp,0,100,11669,188.85,64,1680,9251,3,16
1784679765.449,real_q6xl_tensor_220w_mtp,1,96,11669,186.59,68,1560,9251,3,16
1784679765.449,real_q6xl_tensor_220w_mtp,2,100,11669,186.74,73,1620,9251,3,16
1784679765.449,real_q6xl_tensor_220w_mtp,3,100,11669,196.66,69,1590,9251,3,16
1784679766.031,real_q6xl_tensor_220w_mtp,0,100,11669,183.30,64,1665,9251,3,16
1784679766.031,real_q6xl_tensor_220w_mtp,1,96,11669,189.93,69,1560,9251,3,16
1784679766.031,real_q6xl_tensor_220w_mtp,2,100,11669,190.63,73,1620,9251,3,16
1784679766.031,real_q6xl_tensor_220w_mtp,3,100,11669,197.39,69,1575,9251,3,16
1784679766.602,real_q6xl_tensor_220w_mtp,0,100,11669,207.49,64,1755,9251,3,16
1784679766.602,real_q6xl_tensor_220w_mtp,1,100,11669,210.84,69,1635,9251,3,16
1784679766.602,real_q6xl_tensor_220w_mtp,2,100,11669,209.15,73,1620,9251,3,16
1784679766.602,real_q6xl_tensor_220w_mtp,3,100,11669,210.86,69,1635,9251,3,16
1784679767.172,real_q6xl_tensor_220w_mtp,0,100,11669,207.52,64,1740,9251,3,16
1784679767.172,real_q6xl_tensor_220w_mtp,1,100,11669,211.05,69,1665,9251,3,16
1784679767.172,real_q6xl_tensor_220w_mtp,2,100,11669,208.62,73,1695,9251,3,16
1784679767.172,real_q6xl_tensor_220w_mtp,3,100,11669,210.98,69,1680,9251,3,16
1784679767.744,real_q6xl_tensor_220w_mtp,0,27,11669,198.77,63,1905,9251,3,16
1784679767.744,real_q6xl_tensor_220w_mtp,1,28,11669,202.02,67,1875,9251,3,16
1784679767.744,real_q6xl_tensor_220w_mtp,2,26,11669,197.78,71,1845,9251,3,16
1784679767.744,real_q6xl_tensor_220w_mtp,3,42,11669,201.20,68,1890,9251,3,16
1784679768.306,real_q6xl_tensor_220w_mtp,0,100,11669,186.25,64,1635,9251,3,16
1784679768.306,real_q6xl_tensor_220w_mtp,1,100,11669,193.61,69,1560,9251,3,16
1784679768.306,real_q6xl_tensor_220w_mtp,2,100,11669,188.09,73,1620,9251,3,16
1784679768.306,real_q6xl_tensor_220w_mtp,3,100,11669,195.10,69,1605,9251,3,16
1784679768.896,real_q6xl_tensor_220w_mtp,0,100,11669,198.95,64,1680,9251,3,16
1784679768.896,real_q6xl_tensor_220w_mtp,1,100,11669,207.77,69,1575,9251,3,16
1784679768.896,real_q6xl_tensor_220w_mtp,2,100,11669,204.97,73,1680,9251,3,16
1784679768.896,real_q6xl_tensor_220w_mtp,3,100,11669,205.38,69,1575,9251,3,16
1784679769.467,real_q6xl_tensor_220w_mtp,0,100,11669,207.85,64,1680,9251,3,16
1784679769.467,real_q6xl_tensor_220w_mtp,1,100,11669,210.39,69,1635,9251,3,16
1784679769.467,real_q6xl_tensor_220w_mtp,2,100,11669,208.32,73,1605,9251,3,16
1784679769.467,real_q6xl_tensor_220w_mtp,3,100,11669,210.82,69,1665,9251,3,16
1784679770.038,real_q6xl_tensor_220w_mtp,0,100,11669,208.11,64,1695,9251,3,16
1784679770.038,real_q6xl_tensor_220w_mtp,1,100,11669,210.20,69,1545,9251,3,16
1784679770.038,real_q6xl_tensor_220w_mtp,2,100,11669,208.44,73,1605,9251,3,16
1784679770.038,real_q6xl_tensor_220w_mtp,3,100,11669,210.59,69,1575,9251,3,16
1784679770.610,real_q6xl_tensor_220w_mtp,0,100,11669,185.26,62,1920,9251,3,16
1784679770.610,real_q6xl_tensor_220w_mtp,1,100,11669,189.27,67,1905,9251,3,16
1784679770.610,real_q6xl_tensor_220w_mtp,2,100,11669,181.26,71,1890,9251,3,16
1784679770.610,real_q6xl_tensor_220w_mtp,3,100,11669,192.48,67,1920,9251,3,16
1784679771.178,real_q6xl_tensor_220w_mtp,0,62,11669,182.00,64,1890,9251,3,16
1784679771.178,real_q6xl_tensor_220w_mtp,1,100,11669,194.91,68,1890,9251,3,16
1784679771.178,real_q6xl_tensor_220w_mtp,2,96,11669,187.17,72,1845,9251,3,16
1784679771.178,real_q6xl_tensor_220w_mtp,3,62,11669,191.09,68,1890,9251,3,16
1784679771.747,real_q6xl_tensor_220w_mtp,0,62,11669,206.22,64,1890,9251,3,16
1784679771.747,real_q6xl_tensor_220w_mtp,1,100,11669,213.95,68,1875,9251,3,16
1784679771.747,real_q6xl_tensor_220w_mtp,2,96,11669,210.93,71,1860,9251,3,16
1784679771.747,real_q6xl_tensor_220w_mtp,3,100,11669,208.40,69,1575,9251,3,16
1784679772.354,real_q6xl_tensor_220w_mtp,0,97,11669,207.12,64,1635,9251,3,16
1784679772.354,real_q6xl_tensor_220w_mtp,1,54,11669,208.96,67,1605,9251,3,16
1784679772.354,real_q6xl_tensor_220w_mtp,2,46,11669,206.54,72,1650,9251,3,16
1784679772.354,real_q6xl_tensor_220w_mtp,3,54,11669,209.99,69,1650,9251,3,16
1784679772.928,real_q6xl_tensor_220w_mtp,0,97,11669,209.09,63,1920,9251,3,16
1784679772.928,real_q6xl_tensor_220w_mtp,1,54,11669,205.92,68,1770,9251,3,16
1784679772.928,real_q6xl_tensor_220w_mtp,2,46,11669,204.00,72,1890,9251,3,16
1784679772.928,real_q6xl_tensor_220w_mtp,3,54,11669,211.73,68,1800,9251,3,16
1784679773.489,real_q6xl_tensor_220w_mtp,0,100,11669,186.99,64,1650,9251,3,16
1784679773.489,real_q6xl_tensor_220w_mtp,1,100,11669,192.73,68,1545,9251,3,16
1784679773.489,real_q6xl_tensor_220w_mtp,2,100,11669,189.52,72,1605,9251,3,16
1784679773.489,real_q6xl_tensor_220w_mtp,3,100,11669,192.67,69,1590,9251,3,16
1784679774.060,real_q6xl_tensor_220w_mtp,0,100,11669,192.36,64,1710,9251,3,16
1784679774.060,real_q6xl_tensor_220w_mtp,1,100,11669,196.21,68,1650,9251,3,16
1784679774.060,real_q6xl_tensor_220w_mtp,2,100,11669,192.13,73,1695,9251,3,16
1784679774.060,real_q6xl_tensor_220w_mtp,3,100,11669,197.93,69,1680,9251,3,16
1784679774.629,real_q6xl_tensor_220w_mtp,0,100,11669,207.34,64,1635,9251,3,16
1784679774.629,real_q6xl_tensor_220w_mtp,1,100,11669,210.02,69,1545,9251,3,16
1784679774.629,real_q6xl_tensor_220w_mtp,2,100,11669,208.32,73,1590,9251,3,16
1784679774.629,real_q6xl_tensor_220w_mtp,3,100,11669,210.49,69,1575,9251,3,16
1784679775.198,real_q6xl_tensor_220w_mtp,0,100,11669,207.59,64,1680,9251,3,16
1784679775.198,real_q6xl_tensor_220w_mtp,1,100,11669,210.20,68,1620,9251,3,16
1784679775.198,real_q6xl_tensor_220w_mtp,2,100,11669,207.44,73,1695,9251,3,16
1784679775.198,real_q6xl_tensor_220w_mtp,3,100,11669,210.21,69,1650,9251,3,16
1784679775.768,real_q6xl_tensor_220w_mtp,0,27,11669,194.56,62,1905,9251,3,16
1784679775.768,real_q6xl_tensor_220w_mtp,1,42,11669,203.60,68,1875,9251,3,16
1784679775.768,real_q6xl_tensor_220w_mtp,2,34,11669,199.95,72,1890,9251,3,16
1784679775.768,real_q6xl_tensor_220w_mtp,3,27,11669,197.32,67,1755,9251,3,16
1784679776.331,real_q6xl_tensor_220w_mtp,0,85,11669,184.33,64,1740,9251,3,16
1784679776.331,real_q6xl_tensor_220w_mtp,1,100,11669,191.24,69,1650,9251,3,16
1784679776.331,real_q6xl_tensor_220w_mtp,2,34,11669,189.67,73,1665,9251,3,16
1784679776.331,real_q6xl_tensor_220w_mtp,3,27,11669,184.61,69,1680,9251,3,16
1784679776.902,real_q6xl_tensor_220w_mtp,0,100,11669,197.98,64,1740,9251,3,16
1784679776.902,real_q6xl_tensor_220w_mtp,1,100,11669,203.04,69,1575,9251,3,16
1784679776.902,real_q6xl_tensor_220w_mtp,2,100,11669,203.01,73,1695,9251,3,16
1784679776.902,real_q6xl_tensor_220w_mtp,3,100,11669,197.32,69,1605,9251,3,16
1784679777.471,real_q6xl_tensor_220w_mtp,0,100,11669,207.20,64,1665,9251,3,16
1784679777.471,real_q6xl_tensor_220w_mtp,1,100,11669,209.51,69,1605,9251,3,16
1784679777.471,real_q6xl_tensor_220w_mtp,2,100,11669,208.63,73,1590,9251,3,16
1784679777.471,real_q6xl_tensor_220w_mtp,3,100,11669,210.22,69,1635,9251,3,16
1784679778.041,real_q6xl_tensor_220w_mtp,0,100,11669,207.68,64,1635,9251,3,16
1784679778.041,real_q6xl_tensor_220w_mtp,1,100,11669,210.08,69,1545,9251,3,16
1784679778.041,real_q6xl_tensor_220w_mtp,2,100,11669,207.49,73,1605,9251,3,16
1784679778.041,real_q6xl_tensor_220w_mtp,3,100,11669,210.07,69,1590,9251,3,16
1784679778.633,real_q6xl_tensor_220w_mtp,0,100,11669,188.11,62,1890,9251,3,16
1784679778.633,real_q6xl_tensor_220w_mtp,1,100,11669,193.49,66,1830,9251,3,16
1784679778.633,real_q6xl_tensor_220w_mtp,2,100,11669,187.42,70,1860,9251,3,16
1784679778.633,real_q6xl_tensor_220w_mtp,3,100,11669,194.17,67,1860,9251,3,16
1784679779.193,real_q6xl_tensor_220w_mtp,0,100,11669,182.79,64,1635,9251,3,16
1784679779.193,real_q6xl_tensor_220w_mtp,1,100,11669,190.37,69,1545,9251,3,16
1784679779.193,real_q6xl_tensor_220w_mtp,2,100,11669,186.60,73,1620,9251,3,16
1784679779.193,real_q6xl_tensor_220w_mtp,3,100,11669,190.84,69,1575,9251,3,16
1784679779.758,real_q6xl_tensor_220w_mtp,0,100,11669,208.88,64,1635,9251,3,16
1784679779.758,real_q6xl_tensor_220w_mtp,1,100,11669,208.03,69,1545,9251,3,16
1784679779.758,real_q6xl_tensor_220w_mtp,2,100,11669,205.58,73,1620,9251,3,16
1784679779.758,real_q6xl_tensor_220w_mtp,3,100,11669,212.28,69,1575,9251,3,16
1784679780.328,real_q6xl_tensor_220w_mtp,0,100,11669,206.45,64,1710,9251,3,16
1784679780.328,real_q6xl_tensor_220w_mtp,1,100,11669,210.23,69,1650,9251,3,16
1784679780.328,real_q6xl_tensor_220w_mtp,2,100,11669,207.73,73,1635,9251,3,16
1784679780.328,real_q6xl_tensor_220w_mtp,3,100,11669,212.79,69,1680,9251,3,16
1784679780.898,real_q6xl_tensor_220w_mtp,0,100,11669,206.50,64,1635,9251,3,16
1784679780.898,real_q6xl_tensor_220w_mtp,1,100,11669,209.75,69,1545,9251,3,16
1784679780.898,real_q6xl_tensor_220w_mtp,2,100,11669,210.02,73,1590,9251,3,16
1784679780.898,real_q6xl_tensor_220w_mtp,3,100,11669,208.75,69,1575,9251,3,16
1784679781.493,real_q6xl_tensor_220w_mtp,0,24,11669,176.74,63,1725,9251,3,16
1784679781.493,real_q6xl_tensor_220w_mtp,1,56,11669,191.13,68,1620,9251,3,16
1784679781.493,real_q6xl_tensor_220w_mtp,2,100,11669,185.12,70,1665,9251,3,16
1784679781.493,real_q6xl_tensor_220w_mtp,3,19,11669,185.13,68,1665,9251,3,16
1784679782.086,real_q6xl_tensor_220w_mtp,0,24,11669,178.75,64,1665,9251,3,16
1784679782.086,real_q6xl_tensor_220w_mtp,1,56,11669,192.06,68,1545,9251,3,16
1784679782.086,real_q6xl_tensor_220w_mtp,2,83,11669,185.79,73,1665,9251,3,16
1784679782.086,real_q6xl_tensor_220w_mtp,3,19,11669,187.17,69,1575,9251,3,16
1784679782.695,real_q6xl_tensor_220w_mtp,0,100,11669,206.45,64,1740,9251,3,16
1784679782.695,real_q6xl_tensor_220w_mtp,1,93,11669,209.43,68,1590,9251,3,16
1784679782.695,real_q6xl_tensor_220w_mtp,2,72,11669,207.12,73,1695,9251,3,16
1784679782.695,real_q6xl_tensor_220w_mtp,3,100,11669,209.71,69,1620,9251,3,16
1784679783.332,real_q6xl_tensor_220w_mtp,0,90,11669,206.21,64,1635,9251,3,16
1784679783.332,real_q6xl_tensor_220w_mtp,1,72,11669,209.53,68,1620,9251,3,16
1784679783.332,real_q6xl_tensor_220w_mtp,2,100,11669,207.57,73,1590,9251,3,16
1784679783.332,real_q6xl_tensor_220w_mtp,3,100,11669,209.80,69,1650,9251,3,16
1784679783.906,real_q6xl_tensor_220w_mtp,0,40,11669,200.70,62,1875,9251,3,16
1784679783.906,real_q6xl_tensor_220w_mtp,1,38,11669,202.12,68,1845,9251,3,16
1784679783.906,real_q6xl_tensor_220w_mtp,2,38,11669,200.05,72,1680,9251,3,16
1784679783.906,real_q6xl_tensor_220w_mtp,3,29,11669,204.38,67,1770,9251,3,16
1784679784.487,real_q6xl_tensor_220w_mtp,0,40,11669,183.74,64,1650,9251,3,16
1784679784.487,real_q6xl_tensor_220w_mtp,1,38,11669,191.31,68,1575,9251,3,16
1784679784.487,real_q6xl_tensor_220w_mtp,2,38,11669,185.24,73,1590,9251,3,16
1784679784.487,real_q6xl_tensor_220w_mtp,3,29,11669,184.46,69,1605,9251,3,16
1784679785.079,real_q6xl_tensor_220w_mtp,0,100,11669,184.01,64,1695,9251,3,16
1784679785.079,real_q6xl_tensor_220w_mtp,1,100,11669,191.10,69,1875,9251,3,16
1784679785.079,real_q6xl_tensor_220w_mtp,2,42,11669,180.49,73,1650,9251,3,16
1784679785.079,real_q6xl_tensor_220w_mtp,3,100,11669,189.81,69,1560,9251,3,16
1784679785.704,real_q6xl_tensor_220w_mtp,0,100,11669,206.22,64,1620,9251,3,16
1784679785.704,real_q6xl_tensor_220w_mtp,1,100,11669,209.20,69,1530,9251,3,16
1784679785.704,real_q6xl_tensor_220w_mtp,2,100,11669,207.01,73,1575,9251,3,16
1784679785.704,real_q6xl_tensor_220w_mtp,3,100,11669,208.53,69,1575,9251,3,16
1784679786.274,real_q6xl_tensor_220w_mtp,0,100,11669,206.70,64,1650,9251,3,16
1784679786.274,real_q6xl_tensor_220w_mtp,1,100,11669,208.65,69,1560,9251,3,16
1784679786.274,real_q6xl_tensor_220w_mtp,2,82,11669,207.29,73,1605,9251,3,16
1784679786.274,real_q6xl_tensor_220w_mtp,3,100,11669,208.62,69,1575,9251,3,16
1784679786.847,real_q6xl_tensor_220w_mtp,0,37,11669,191.86,63,1920,9251,3,16
1784679786.847,real_q6xl_tensor_220w_mtp,1,30,11669,194.66,67,1905,9251,3,16
1784679786.847,real_q6xl_tensor_220w_mtp,2,28,11669,191.54,71,1875,9251,3,16
1784679786.847,real_q6xl_tensor_220w_mtp,3,39,11669,194.03,68,1845,9251,3,16
1784679787.407,real_q6xl_tensor_220w_mtp,0,37,11669,182.38,64,1635,9251,3,16
1784679787.407,real_q6xl_tensor_220w_mtp,1,30,11669,190.10,68,1530,9251,3,16
1784679787.407,real_q6xl_tensor_220w_mtp,2,28,11669,184.82,73,1620,9251,3,16
1784679787.407,real_q6xl_tensor_220w_mtp,3,39,11669,188.25,69,1575,9251,3,16
1784679787.976,real_q6xl_tensor_220w_mtp,0,100,11669,201.07,64,1725,9251,3,16
1784679787.976,real_q6xl_tensor_220w_mtp,1,100,11669,203.80,69,1575,9251,3,16
1784679787.976,real_q6xl_tensor_220w_mtp,2,100,11669,200.59,73,1575,9251,3,16
1784679787.976,real_q6xl_tensor_220w_mtp,3,100,11669,204.29,69,1605,9251,3,16
1784679788.545,real_q6xl_tensor_220w_mtp,0,100,11669,206.45,64,1665,9251,3,16
1784679788.545,real_q6xl_tensor_220w_mtp,1,100,11669,208.79,69,1530,9251,3,16
1784679788.545,real_q6xl_tensor_220w_mtp,2,100,11669,207.12,73,1650,9251,3,16
1784679788.545,real_q6xl_tensor_220w_mtp,3,100,11669,209.88,69,1560,9251,3,16
1784679789.114,real_q6xl_tensor_220w_mtp,0,100,11669,205.59,64,1755,9251,3,16
1784679789.114,real_q6xl_tensor_220w_mtp,1,100,11669,209.83,69,1635,9251,3,16
1784679789.114,real_q6xl_tensor_220w_mtp,2,100,11669,207.45,73,1605,9251,3,16
1784679789.114,real_q6xl_tensor_220w_mtp,3,100,11669,208.98,69,1680,9251,3,16
1784679789.683,real_q6xl_tensor_220w_mtp,0,100,11669,186.63,62,1905,9251,3,16
1784679789.683,real_q6xl_tensor_220w_mtp,1,100,11669,195.58,67,1845,9251,3,16
1784679789.683,real_q6xl_tensor_220w_mtp,2,100,11669,189.82,70,1890,9251,3,16
1784679789.683,real_q6xl_tensor_220w_mtp,3,100,11669,194.77,68,1860,9251,3,16
1784679790.243,real_q6xl_tensor_220w_mtp,0,100,11669,183.06,64,1725,9251,3,16
1784679790.243,real_q6xl_tensor_220w_mtp,1,100,11669,190.07,69,1635,9251,3,16
1784679790.243,real_q6xl_tensor_220w_mtp,2,100,11669,185.81,73,1605,9251,3,16
1784679790.243,real_q6xl_tensor_220w_mtp,3,100,11669,191.81,69,1665,9251,3,16
1784679790.815,real_q6xl_tensor_220w_mtp,0,100,11669,202.21,64,1620,9251,3,16
1784679790.815,real_q6xl_tensor_220w_mtp,1,100,11669,209.62,68,1515,9251,3,16
1784679790.815,real_q6xl_tensor_220w_mtp,2,100,11669,208.99,73,1560,9251,3,16
1784679790.815,real_q6xl_tensor_220w_mtp,3,100,11669,206.21,69,1560,9251,3,16
1784679791.390,real_q6xl_tensor_220w_mtp,0,100,11669,205.28,64,1635,9251,3,16
1784679791.390,real_q6xl_tensor_220w_mtp,1,100,11669,209.40,69,1545,9251,3,16
1784679791.390,real_q6xl_tensor_220w_mtp,2,100,11669,209.49,73,1575,9251,3,16
1784679791.390,real_q6xl_tensor_220w_mtp,3,100,11669,208.54,69,1575,9251,3,16
1784679791.960,real_q6xl_tensor_220w_mtp,0,100,11669,205.10,64,1725,9251,3,16
1784679791.960,real_q6xl_tensor_220w_mtp,1,100,11669,209.41,69,1575,9251,3,16
1784679791.960,real_q6xl_tensor_220w_mtp,2,100,11669,207.26,73,1680,9251,3,16
1784679791.960,real_q6xl_tensor_220w_mtp,3,100,11669,208.85,69,1605,9251,3,16
1784679792.529,real_q6xl_tensor_220w_mtp,0,34,11669,177.58,63,1920,9251,3,16
1784679792.529,real_q6xl_tensor_220w_mtp,1,23,11669,190.40,66,1905,9251,3,16
1784679792.529,real_q6xl_tensor_220w_mtp,2,27,11669,184.12,70,1875,9251,3,16
1784679792.529,real_q6xl_tensor_220w_mtp,3,1,11669,187.08,67,1920,9251,3,16
1784679793.112,real_q6xl_tensor_220w_mtp,0,100,11669,182.06,64,1785,9251,3,16
1784679793.112,real_q6xl_tensor_220w_mtp,1,100,11669,189.22,68,1725,9251,3,16
1784679793.112,real_q6xl_tensor_220w_mtp,2,97,11669,184.29,73,1680,9251,3,16
1784679793.112,real_q6xl_tensor_220w_mtp,3,100,11669,191.30,69,1740,9251,3,16
1784679793.678,real_q6xl_tensor_220w_mtp,0,100,11669,209.81,64,1695,9251,3,16
1784679793.678,real_q6xl_tensor_220w_mtp,1,100,11669,208.25,69,1635,9251,3,16
1784679793.678,real_q6xl_tensor_220w_mtp,2,100,11669,207.31,73,1590,9251,3,16
1784679793.678,real_q6xl_tensor_220w_mtp,3,100,11669,213.61,69,1665,9251,3,16
1784679794.243,real_q6xl_tensor_220w_mtp,0,100,11669,209.93,64,1635,9251,3,16
1784679794.243,real_q6xl_tensor_220w_mtp,1,100,11669,208.62,69,1575,9251,3,16
1784679794.243,real_q6xl_tensor_220w_mtp,2,100,11669,206.09,73,1590,9251,3,16
1784679794.243,real_q6xl_tensor_220w_mtp,3,100,11669,212.61,69,1605,9251,3,16
1784679794.814,real_q6xl_tensor_220w_mtp,0,100,11669,205.67,64,1710,9251,3,16
1784679794.814,real_q6xl_tensor_220w_mtp,1,100,11669,208.01,69,1575,9251,3,16
1784679794.814,real_q6xl_tensor_220w_mtp,2,100,11669,205.99,73,1575,9251,3,16
1784679794.814,real_q6xl_tensor_220w_mtp,3,100,11669,208.68,69,1590,9251,3,16
1784679795.383,real_q6xl_tensor_220w_mtp,0,100,11669,179.70,62,1920,9251,3,16
1784679795.383,real_q6xl_tensor_220w_mtp,1,100,11669,183.10,66,1905,9251,3,16
1784679795.383,real_q6xl_tensor_220w_mtp,2,100,11669,178.32,70,1890,9251,3,16
1784679795.383,real_q6xl_tensor_220w_mtp,3,100,11669,188.15,67,1920,9251,3,16
1784679795.990,real_q6xl_tensor_220w_mtp,0,97,11669,180.02,63,1860,9251,3,16
1784679795.990,real_q6xl_tensor_220w_mtp,1,100,11669,183.18,69,1815,9251,3,16
1784679795.990,real_q6xl_tensor_220w_mtp,2,100,11669,184.88,73,1800,9251,3,16
1784679795.990,real_q6xl_tensor_220w_mtp,3,93,11669,188.22,68,1845,9251,3,16
1784679796.549,real_q6xl_tensor_220w_mtp,0,97,11669,209.64,64,1635,9251,3,16
1784679796.549,real_q6xl_tensor_220w_mtp,1,100,11669,212.79,69,1485,9251,3,16
1784679796.549,real_q6xl_tensor_220w_mtp,2,100,11669,213.62,73,1635,9251,3,16
1784679796.549,real_q6xl_tensor_220w_mtp,3,93,11669,211.73,69,1560,9251,3,16
1784679797.110,real_q6xl_tensor_220w_mtp,0,100,11669,206.39,64,1725,9251,3,16
1784679797.110,real_q6xl_tensor_220w_mtp,1,100,11669,213.17,69,1605,9251,3,16
1784679797.110,real_q6xl_tensor_220w_mtp,2,100,11669,213.39,73,1680,9251,3,16
1784679797.110,real_q6xl_tensor_220w_mtp,3,100,11669,208.65,69,1605,9251,3,16
1784679797.678,real_q6xl_tensor_220w_mtp,0,100,11669,205.76,64,1605,9251,3,16
1784679797.678,real_q6xl_tensor_220w_mtp,1,100,11669,208.24,69,1545,9251,3,16
1784679797.678,real_q6xl_tensor_220w_mtp,2,100,11669,206.77,73,1575,9251,3,16
1784679797.678,real_q6xl_tensor_220w_mtp,3,100,11669,208.62,69,1575,9251,3,16
1784679798.247,real_q6xl_tensor_220w_mtp,0,29,11669,175.84,62,1920,9251,3,16
1784679798.247,real_q6xl_tensor_220w_mtp,1,16,11669,187.08,66,1905,9251,3,16
1784679798.247,real_q6xl_tensor_220w_mtp,2,16,11669,181.61,70,1890,9251,3,16
1784679798.247,real_q6xl_tensor_220w_mtp,3,14,11669,184.10,67,1920,9251,3,16
1784679798.811,real_q6xl_tensor_220w_mtp,0,100,11669,181.21,64,1620,9251,3,16
1784679798.811,real_q6xl_tensor_220w_mtp,1,98,11669,188.40,68,1725,9251,3,16
1784679798.811,real_q6xl_tensor_220w_mtp,2,100,11669,181.71,73,1545,9251,3,16
1784679798.811,real_q6xl_tensor_220w_mtp,3,100,11669,188.92,69,1605,9251,3,16
1784679799.375,real_q6xl_tensor_220w_mtp,0,100,11669,210.45,64,1710,9251,3,16
1784679799.375,real_q6xl_tensor_220w_mtp,1,100,11669,209.43,69,1650,9251,3,16
1784679799.375,real_q6xl_tensor_220w_mtp,2,100,11669,206.84,73,1620,9251,3,16
1784679799.375,real_q6xl_tensor_220w_mtp,3,100,11669,213.87,69,1665,9251,3,16
1784679799.941,real_q6xl_tensor_220w_mtp,0,100,11669,204.22,64,1620,9251,3,16
1784679799.941,real_q6xl_tensor_220w_mtp,1,100,11669,208.20,69,1500,9251,3,16
1784679799.941,real_q6xl_tensor_220w_mtp,2,100,11669,206.31,73,1560,9251,3,16
1784679799.941,real_q6xl_tensor_220w_mtp,3,100,11669,213.53,69,1560,9251,3,16
1784679800.510,real_q6xl_tensor_220w_mtp,0,100,11669,204.46,64,1710,9251,3,16
1784679800.510,real_q6xl_tensor_220w_mtp,1,100,11669,208.19,68,1650,9251,3,16
1784679800.510,real_q6xl_tensor_220w_mtp,2,100,11669,206.53,73,1650,9251,3,16
1784679800.510,real_q6xl_tensor_220w_mtp,3,100,11669,209.42,69,1665,9251,3,16
1784679801.082,real_q6xl_tensor_220w_mtp,0,100,11669,178.82,61,1860,9251,3,16
1784679801.082,real_q6xl_tensor_220w_mtp,1,100,11669,184.95,68,1890,9251,3,16
1784679801.082,real_q6xl_tensor_220w_mtp,2,100,11669,187.13,71,1890,9251,3,16
1784679801.082,real_q6xl_tensor_220w_mtp,3,100,11669,189.76,67,1905,9251,3,16
1784679801.644,real_q6xl_tensor_220w_mtp,0,100,11669,177.43,64,1620,9251,3,16
1784679801.644,real_q6xl_tensor_220w_mtp,1,100,11669,187.96,69,1500,9251,3,16
1784679801.644,real_q6xl_tensor_220w_mtp,2,100,11669,183.10,72,1575,9251,3,16
1784679801.644,real_q6xl_tensor_220w_mtp,3,100,11669,188.70,69,1545,9251,3,16
1784679802.211,real_q6xl_tensor_220w_mtp,0,100,11669,203.40,64,1695,9251,3,16
1784679802.211,real_q6xl_tensor_220w_mtp,1,100,11669,210.39,69,1605,9251,3,16
1784679802.211,real_q6xl_tensor_220w_mtp,2,100,11669,210.92,73,1695,9251,3,16
1784679802.211,real_q6xl_tensor_220w_mtp,3,100,11669,207.49,69,1650,9251,3,16
1784679802.781,real_q6xl_tensor_220w_mtp,0,100,11669,204.98,64,1635,9251,3,16
1784679802.781,real_q6xl_tensor_220w_mtp,1,100,11669,210.50,69,1545,9251,3,16
1784679802.781,real_q6xl_tensor_220w_mtp,2,100,11669,206.86,73,1605,9251,3,16
1784679802.781,real_q6xl_tensor_220w_mtp,3,100,11669,208.27,69,1575,9251,3,16
1784679803.353,real_q6xl_tensor_220w_mtp,0,100,11669,205.42,64,1605,9251,3,16
1784679803.353,real_q6xl_tensor_220w_mtp,1,100,11669,207.86,69,1545,9251,3,16
1784679803.353,real_q6xl_tensor_220w_mtp,2,100,11669,206.51,73,1575,9251,3,16
1784679803.353,real_q6xl_tensor_220w_mtp,3,100,11669,208.07,69,1575,9251,3,16
1784679803.923,real_q6xl_tensor_220w_mtp,0,31,11669,185.52,62,1800,9251,3,16
1784679803.923,real_q6xl_tensor_220w_mtp,1,30,11669,191.93,67,1815,9251,3,16
1784679803.923,real_q6xl_tensor_220w_mtp,2,30,11669,186.75,70,1755,9251,3,16
1784679803.923,real_q6xl_tensor_220w_mtp,3,29,11669,191.68,67,1845,9251,3,16
1784679804.483,real_q6xl_tensor_220w_mtp,0,31,11669,179.75,64,1635,9251,3,16
1784679804.483,real_q6xl_tensor_220w_mtp,1,30,11669,188.27,69,1560,9251,3,16
1784679804.483,real_q6xl_tensor_220w_mtp,2,30,11669,182.45,72,1560,9251,3,16
1784679804.483,real_q6xl_tensor_220w_mtp,3,29,11669,189.01,69,1590,9251,3,16
1784679805.074,real_q6xl_tensor_220w_mtp,0,100,11669,205.26,64,1710,9251,3,16
1784679805.074,real_q6xl_tensor_220w_mtp,1,100,11669,205.34,69,1620,9251,3,16
1784679805.074,real_q6xl_tensor_220w_mtp,2,100,11669,202.59,73,1605,9251,3,16
1784679805.074,real_q6xl_tensor_220w_mtp,3,100,11669,209.16,69,1650,9251,3,16
1784679805.642,real_q6xl_tensor_220w_mtp,0,100,11669,203.63,64,1620,9251,3,16
1784679805.642,real_q6xl_tensor_220w_mtp,1,100,11669,211.71,68,1500,9251,3,16
1784679805.642,real_q6xl_tensor_220w_mtp,2,100,11669,212.16,73,1575,9251,3,16
1784679805.642,real_q6xl_tensor_220w_mtp,3,100,11669,207.54,69,1635,9251,3,16
1784679806.258,real_q6xl_tensor_220w_mtp,0,100,11669,204.97,64,1650,9251,3,16
1784679806.258,real_q6xl_tensor_220w_mtp,1,100,11669,210.51,69,1515,9251,3,16
1784679806.258,real_q6xl_tensor_220w_mtp,2,100,11669,210.29,73,1635,9251,3,16
1784679806.258,real_q6xl_tensor_220w_mtp,3,100,11669,213.99,69,1665,9251,3,16
1784679806.901,real_q6xl_tensor_220w_mtp,0,100,11669,180.45,62,1920,9251,3,16
1784679806.901,real_q6xl_tensor_220w_mtp,1,100,11669,184.37,66,1905,9251,3,16
1784679806.901,real_q6xl_tensor_220w_mtp,2,100,11669,181.24,70,1890,9251,3,16
1784679806.901,real_q6xl_tensor_220w_mtp,3,100,11669,185.82,67,1920,9251,3,16
1784679807.494,real_q6xl_tensor_220w_mtp,0,54,11669,178.37,64,1890,9251,3,16
1784679807.494,real_q6xl_tensor_220w_mtp,1,95,11669,185.42,68,1875,9251,3,16
1784679807.494,real_q6xl_tensor_220w_mtp,2,85,11669,181.97,71,1860,9251,3,16
1784679807.494,real_q6xl_tensor_220w_mtp,3,53,11669,186.37,67,1890,9251,3,16
1784679808.131,real_q6xl_tensor_220w_mtp,0,54,11669,204.70,64,1875,9251,3,16
1784679808.131,real_q6xl_tensor_220w_mtp,1,95,11669,210.99,68,1845,9251,3,16
1784679808.131,real_q6xl_tensor_220w_mtp,2,85,11669,210.18,72,1740,9251,3,16
1784679808.131,real_q6xl_tensor_220w_mtp,3,53,11669,207.78,69,1875,9251,3,16
1784679808.715,real_q6xl_tensor_220w_mtp,0,87,11669,206.86,63,1920,9251,3,16
1784679808.715,real_q6xl_tensor_220w_mtp,1,43,11669,205.28,67,1440,9251,3,16
1784679808.715,real_q6xl_tensor_220w_mtp,2,36,11669,202.34,71,1605,9251,3,16
1784679808.715,real_q6xl_tensor_220w_mtp,3,58,11669,208.26,69,1650,9251,3,16
1784679809.500,real_q6xl_tensor_220w_mtp,0,87,11669,192.60,62,1920,9251,3,16
1784679809.500,real_q6xl_tensor_220w_mtp,1,43,11669,202.81,67,1890,9251,3,16
1784679809.500,real_q6xl_tensor_220w_mtp,2,36,11669,199.46,71,1860,9251,3,16
1784679809.500,real_q6xl_tensor_220w_mtp,3,58,11669,198.82,67,1920,9251,3,16
1784679810.115,real_q6xl_tensor_220w_mtp,0,100,11669,175.43,63,1710,9251,3,16
1784679810.115,real_q6xl_tensor_220w_mtp,1,100,11669,183.72,68,1635,9251,3,16
1784679810.115,real_q6xl_tensor_220w_mtp,2,100,11669,175.89,72,1605,9251,3,16
1784679810.115,real_q6xl_tensor_220w_mtp,3,100,11669,184.15,68,1665,9251,3,16
1784679810.711,real_q6xl_tensor_220w_mtp,0,100,11669,190.27,64,1695,9251,3,16
1784679810.711,real_q6xl_tensor_220w_mtp,1,100,11669,192.66,68,1620,9251,3,16
1784679810.711,real_q6xl_tensor_220w_mtp,2,100,11669,187.59,72,1635,9251,3,16
1784679810.711,real_q6xl_tensor_220w_mtp,3,100,11669,197.54,69,1665,9251,3,16
1784679811.322,real_q6xl_tensor_220w_mtp,0,100,11669,203.35,64,1710,9251,3,16
1784679811.322,real_q6xl_tensor_220w_mtp,1,100,11669,207.72,68,1620,9251,3,16
1784679811.322,real_q6xl_tensor_220w_mtp,2,100,11669,205.31,72,1650,9251,3,16
1784679811.322,real_q6xl_tensor_220w_mtp,3,100,11669,207.23,69,1515,9251,3,16
1784679811.955,real_q6xl_tensor_220w_mtp,0,100,11669,203.69,64,1620,9251,3,16
1784679811.955,real_q6xl_tensor_220w_mtp,1,100,11669,207.02,69,1530,9251,3,16
1784679811.955,real_q6xl_tensor_220w_mtp,2,100,11669,203.88,72,1560,9251,3,16
1784679811.955,real_q6xl_tensor_220w_mtp,3,100,11669,206.78,69,1560,9251,3,16
1784679812.577,real_q6xl_tensor_220w_mtp,0,32,11669,194.39,62,1920,9251,3,16
1784679812.577,real_q6xl_tensor_220w_mtp,1,28,11669,196.06,68,1905,9251,3,16
1784679812.577,real_q6xl_tensor_220w_mtp,2,32,11669,194.54,72,1875,9251,3,16
1784679812.577,real_q6xl_tensor_220w_mtp,3,31,11669,199.68,67,1920,9251,3,16
1784679813.167,real_q6xl_tensor_220w_mtp,0,32,11669,172.79,63,1725,9251,3,16
1784679813.167,real_q6xl_tensor_220w_mtp,1,28,11669,182.34,68,1605,9251,3,16
1784679813.167,real_q6xl_tensor_220w_mtp,2,32,11669,177.78,72,1665,9251,3,16
1784679813.167,real_q6xl_tensor_220w_mtp,3,31,11669,182.91,68,1635,9251,3,16
1784679813.764,real_q6xl_tensor_220w_mtp,0,100,11669,184.19,63,1620,9251,3,16
1784679813.764,real_q6xl_tensor_220w_mtp,1,100,11669,195.09,68,1500,9251,3,16
1784679813.764,real_q6xl_tensor_220w_mtp,2,76,11669,191.26,72,1575,9251,3,16
1784679813.764,real_q6xl_tensor_220w_mtp,3,100,11669,191.15,68,1515,9251,3,16
1784679814.355,real_q6xl_tensor_220w_mtp,0,100,11669,200.71,63,1725,9251,3,16
1784679814.355,real_q6xl_tensor_220w_mtp,1,100,11669,203.51,68,1605,9251,3,16
1784679814.355,real_q6xl_tensor_220w_mtp,2,76,11669,201.84,72,1665,9251,3,16
1784679814.355,real_q6xl_tensor_220w_mtp,3,100,11669,204.06,69,1650,9251,3,16
1784679814.948,real_q6xl_tensor_220w_mtp,0,74,11669,204.95,63,1725,9251,3,16
1784679814.948,real_q6xl_tensor_220w_mtp,1,100,11669,205.65,68,1605,9251,3,16
1784679814.948,real_q6xl_tensor_220w_mtp,2,100,11669,205.66,73,1635,9251,3,16
1784679814.948,real_q6xl_tensor_220w_mtp,3,84,11669,208.01,69,1530,9251,3,16
1784679815.588,real_q6xl_tensor_220w_mtp,0,74,11669,199.52,63,1905,9251,3,16
1784679815.588,real_q6xl_tensor_220w_mtp,1,100,11669,200.61,67,1830,9251,3,16
1784679815.588,real_q6xl_tensor_220w_mtp,2,100,11669,197.70,71,1830,9251,3,16
1784679815.588,real_q6xl_tensor_220w_mtp,3,84,11669,202.70,68,1770,9251,3,16
1784679816.148,real_q6xl_tensor_220w_mtp,0,100,11669,177.59,63,1620,9251,3,16
1784679816.148,real_q6xl_tensor_220w_mtp,1,100,11669,185.55,68,1515,9251,3,16
1784679816.148,real_q6xl_tensor_220w_mtp,2,100,11669,180.63,72,1605,9251,3,16
1784679816.148,real_q6xl_tensor_220w_mtp,3,100,11669,185.55,68,1545,9251,3,16
1784679816.718,real_q6xl_tensor_220w_mtp,0,100,11669,181.99,64,1590,9251,3,16
1784679816.718,real_q6xl_tensor_220w_mtp,1,100,11669,191.32,68,1500,9251,3,16
1784679816.718,real_q6xl_tensor_220w_mtp,2,100,11669,189.20,72,1545,9251,3,16
1784679816.718,real_q6xl_tensor_220w_mtp,3,100,11669,194.19,68,1545,9251,3,16
1784679817.286,real_q6xl_tensor_220w_mtp,0,36,11669,201.77,64,1620,9251,3,16
1784679817.286,real_q6xl_tensor_220w_mtp,1,64,11669,207.31,67,1470,9251,3,16
1784679817.286,real_q6xl_tensor_220w_mtp,2,73,11669,205.95,71,1500,9251,3,16
1784679817.286,real_q6xl_tensor_220w_mtp,3,37,11669,204.40,69,1530,9251,3,16
1784679817.856,real_q6xl_tensor_220w_mtp,0,36,11669,202.80,64,1905,9251,3,16
1784679817.856,real_q6xl_tensor_220w_mtp,1,64,11669,209.98,67,1890,9251,3,16
1784679817.856,real_q6xl_tensor_220w_mtp,2,73,11669,207.51,71,1875,9251,3,16
1784679817.856,real_q6xl_tensor_220w_mtp,3,37,11669,205.34,67,1905,9251,3,16
1784679818.424,real_q6xl_tensor_220w_mtp,0,100,11669,211.01,64,1725,9251,3,16
1784679818.424,real_q6xl_tensor_220w_mtp,1,100,11669,210.40,68,1695,9251,3,16
1784679818.424,real_q6xl_tensor_220w_mtp,2,97,11669,210.76,72,1620,9251,3,16
1784679818.424,real_q6xl_tensor_220w_mtp,3,100,11669,208.31,69,1740,9251,3,16
1784679818.984,real_q6xl_tensor_220w_mtp,0,100,11669,176.44,61,1740,9251,3,16
1784679818.984,real_q6xl_tensor_220w_mtp,1,100,11669,184.32,66,1440,9251,3,16
1784679818.984,real_q6xl_tensor_220w_mtp,2,97,11669,181.58,70,1890,9251,3,16
1784679818.984,real_q6xl_tensor_220w_mtp,3,100,11669,186.62,66,1500,9251,3,16
1784679819.556,real_q6xl_tensor_220w_mtp,0,79,11669,176.19,62,1890,9251,3,16
1784679819.556,real_q6xl_tensor_220w_mtp,1,100,11669,185.11,68,1860,9251,3,16
1784679819.556,real_q6xl_tensor_220w_mtp,2,100,11669,180.25,72,1860,9251,3,16
1784679819.556,real_q6xl_tensor_220w_mtp,3,69,11669,186.93,67,1875,9251,3,16
1784679820.146,real_q6xl_tensor_220w_mtp,0,79,11669,209.11,64,1755,9251,3,16
1784679820.146,real_q6xl_tensor_220w_mtp,1,100,11669,209.31,68,1695,9251,3,16
1784679820.146,real_q6xl_tensor_220w_mtp,2,100,11669,209.80,72,1665,9251,3,16
1784679820.146,real_q6xl_tensor_220w_mtp,3,69,11669,211.22,69,1740,9251,3,16
1784679820.711,real_q6xl_tensor_220w_mtp,0,100,11669,206.35,64,1590,9251,3,16
1784679820.711,real_q6xl_tensor_220w_mtp,1,100,11669,213.29,68,1455,9251,3,16
1784679820.711,real_q6xl_tensor_220w_mtp,2,100,11669,212.13,73,1575,9251,3,16
1784679820.711,real_q6xl_tensor_220w_mtp,3,100,11669,211.59,69,1515,9251,3,16
1784679821.305,real_q6xl_tensor_220w_mtp,0,100,11669,203.37,64,1710,9251,3,16
1784679821.305,real_q6xl_tensor_220w_mtp,1,100,11669,211.87,68,1620,9251,3,16
1784679821.305,real_q6xl_tensor_220w_mtp,2,100,11669,210.34,72,1665,9251,3,16
1784679821.305,real_q6xl_tensor_220w_mtp,3,100,11669,207.10,69,1650,9251,3,16
1784679821.878,real_q6xl_tensor_220w_mtp,0,31,11669,179.83,62,1860,9251,3,16
1784679821.878,real_q6xl_tensor_220w_mtp,1,31,11669,185.50,66,1830,9251,3,16
1784679821.878,real_q6xl_tensor_220w_mtp,2,32,11669,183.82,70,1815,9251,3,16
1784679821.878,real_q6xl_tensor_220w_mtp,3,31,11669,188.40,67,1845,9251,3,16
1784679822.438,real_q6xl_tensor_220w_mtp,0,31,11669,176.09,64,1725,9251,3,16
1784679822.438,real_q6xl_tensor_220w_mtp,1,31,11669,183.85,68,1620,9251,3,16
1784679822.438,real_q6xl_tensor_220w_mtp,2,32,11669,179.48,72,1650,9251,3,16
1784679822.438,real_q6xl_tensor_220w_mtp,3,31,11669,185.74,68,1650,9251,3,16
1784679823.008,real_q6xl_tensor_220w_mtp,0,100,11669,198.91,64,1710,9251,3,16
1784679823.008,real_q6xl_tensor_220w_mtp,1,100,11669,207.62,68,1590,9251,3,16
1784679823.008,real_q6xl_tensor_220w_mtp,2,100,11669,206.93,73,1665,9251,3,16
1784679823.008,real_q6xl_tensor_220w_mtp,3,100,11669,212.93,69,1620,9251,3,16
1784679823.604,real_q6xl_tensor_220w_mtp,0,100,11669,202.63,64,1605,9251,3,16
1784679823.604,real_q6xl_tensor_220w_mtp,1,100,11669,206.76,68,1530,9251,3,16
1784679823.604,real_q6xl_tensor_220w_mtp,2,100,11669,205.97,72,1650,9251,3,16
1784679823.604,real_q6xl_tensor_220w_mtp,3,100,11669,206.88,69,1575,9251,3,16
1784679824.173,real_q6xl_tensor_220w_mtp,0,100,11669,202.82,64,1710,9251,3,16
1784679824.173,real_q6xl_tensor_220w_mtp,1,100,11669,207.12,68,1575,9251,3,16
1784679824.173,real_q6xl_tensor_220w_mtp,2,100,11669,204.68,72,1665,9251,3,16
1784679824.173,real_q6xl_tensor_220w_mtp,3,100,11669,207.13,69,1590,9251,3,16
1784679824.767,real_q6xl_tensor_220w_mtp,0,32,11669,187.42,62,1845,9251,3,16
1784679824.767,real_q6xl_tensor_220w_mtp,1,32,11669,190.68,66,1830,9251,3,16
1784679824.767,real_q6xl_tensor_220w_mtp,2,32,11669,183.70,70,1815,9251,3,16
1784679824.767,real_q6xl_tensor_220w_mtp,3,31,11669,195.06,67,1860,9251,3,16
1784679825.353,real_q6xl_tensor_220w_mtp,0,100,11669,174.62,63,1695,9251,3,16
1784679825.353,real_q6xl_tensor_220w_mtp,1,100,11669,183.77,68,1605,9251,3,16
1784679825.353,real_q6xl_tensor_220w_mtp,2,100,11669,178.57,72,1620,9251,3,16
1784679825.353,real_q6xl_tensor_220w_mtp,3,100,11669,184.65,69,1650,9251,3,16
1784679825.924,real_q6xl_tensor_220w_mtp,0,100,11669,189.85,63,1635,9251,3,16
1784679825.924,real_q6xl_tensor_220w_mtp,1,100,11669,200.06,68,1455,9251,3,16
1784679825.924,real_q6xl_tensor_220w_mtp,2,100,11669,198.85,72,1605,9251,3,16
1784679825.924,real_q6xl_tensor_220w_mtp,3,100,11669,201.36,68,1500,9251,3,16
1784679826.495,real_q6xl_tensor_220w_mtp,0,100,11669,202.75,63,1680,9251,3,16
1784679826.495,real_q6xl_tensor_220w_mtp,1,100,11669,206.41,68,1560,9251,3,16
1784679826.495,real_q6xl_tensor_220w_mtp,2,100,11669,203.51,72,1665,9251,3,16
1784679826.495,real_q6xl_tensor_220w_mtp,3,100,11669,206.81,69,1575,9251,3,16
1784679827.063,real_q6xl_tensor_220w_mtp,0,100,11669,203.10,63,1590,9251,3,16
1784679827.063,real_q6xl_tensor_220w_mtp,1,100,11669,206.57,68,1515,9251,3,16
1784679827.063,real_q6xl_tensor_220w_mtp,2,100,11669,203.81,72,1665,9251,3,16
1784679827.063,real_q6xl_tensor_220w_mtp,3,100,11669,207.37,69,1530,9251,3,16
1784679827.632,real_q6xl_tensor_220w_mtp,0,17,11669,200.24,62,1845,9251,3,16
1784679827.632,real_q6xl_tensor_220w_mtp,1,31,11669,202.90,67,1815,9251,3,16
1784679827.632,real_q6xl_tensor_220w_mtp,2,32,11669,199.89,71,1815,9251,3,16
1784679827.632,real_q6xl_tensor_220w_mtp,3,32,11669,198.66,67,1845,9251,3,16
1784679828.192,real_q6xl_tensor_220w_mtp,0,17,11669,175.62,63,1710,9251,3,16
1784679828.192,real_q6xl_tensor_220w_mtp,1,31,11669,182.71,67,1605,9251,3,16
1784679828.192,real_q6xl_tensor_220w_mtp,2,32,11669,178.51,72,1665,9251,3,16
1784679828.192,real_q6xl_tensor_220w_mtp,3,32,11669,183.84,68,1620,9251,3,16
1784679828.805,real_q6xl_tensor_220w_mtp,0,75,11669,185.02,63,1710,9251,3,16
1784679828.805,real_q6xl_tensor_220w_mtp,1,100,11669,190.78,68,1605,9251,3,16
1784679828.805,real_q6xl_tensor_220w_mtp,2,100,11669,188.46,72,1665,9251,3,16
1784679828.805,real_q6xl_tensor_220w_mtp,3,100,11669,197.22,68,1635,9251,3,16
1784679829.400,real_q6xl_tensor_220w_mtp,0,75,11669,203.60,64,1710,9251,3,16
1784679829.400,real_q6xl_tensor_220w_mtp,1,100,11669,206.10,68,1605,9251,3,16
1784679829.400,real_q6xl_tensor_220w_mtp,2,100,11669,204.56,72,1650,9251,3,16
1784679829.400,real_q6xl_tensor_220w_mtp,3,100,11669,206.37,69,1635,9251,3,16
1784679829.996,real_q6xl_tensor_220w_mtp,0,36,11669,200.97,62,1620,9251,3,16
1784679829.996,real_q6xl_tensor_220w_mtp,1,54,11669,206.46,68,1620,9251,3,16
1784679829.996,real_q6xl_tensor_220w_mtp,2,68,11669,204.74,72,1605,9251,3,16
1784679829.996,real_q6xl_tensor_220w_mtp,3,94,11669,205.83,67,1650,9251,3,16
1784679830.591,real_q6xl_tensor_220w_mtp,0,36,11669,204.10,62,1920,9251,3,16
1784679830.591,real_q6xl_tensor_220w_mtp,1,54,11669,203.08,66,1905,9251,3,16
1784679830.591,real_q6xl_tensor_220w_mtp,2,68,11669,201.31,70,1890,9251,3,16
1784679830.591,real_q6xl_tensor_220w_mtp,3,94,11669,207.41,67,1920,9251,3,16
1784679831.175,real_q6xl_tensor_220w_mtp,0,38,11669,173.10,63,1635,9251,3,16
1784679831.175,real_q6xl_tensor_220w_mtp,1,17,11669,181.88,65,1500,9251,3,16
1784679831.175,real_q6xl_tensor_220w_mtp,2,16,11669,178.00,69,1620,9251,3,16
1784679831.175,real_q6xl_tensor_220w_mtp,3,48,11669,183.37,68,1530,9251,3,16
1784679831.747,real_q6xl_tensor_220w_mtp,0,38,11669,175.51,63,1905,9251,3,16
1784679831.747,real_q6xl_tensor_220w_mtp,1,17,11669,187.74,67,1890,9251,3,16
1784679831.747,real_q6xl_tensor_220w_mtp,2,16,11669,183.50,71,1875,9251,3,16
1784679831.747,real_q6xl_tensor_220w_mtp,3,48,11669,184.05,67,1905,9251,3,16
1784679832.314,real_q6xl_tensor_220w_mtp,0,100,11669,208.52,64,1575,9251,3,16
1784679832.314,real_q6xl_tensor_220w_mtp,1,100,11669,210.02,68,1500,9251,3,16
1784679832.314,real_q6xl_tensor_220w_mtp,2,100,11669,209.67,72,1485,9251,3,16
1784679832.314,real_q6xl_tensor_220w_mtp,3,100,11669,210.90,69,1560,9251,3,16
1784679832.875,real_q6xl_tensor_220w_mtp,0,100,11669,210.99,64,1665,9251,3,16
1784679832.875,real_q6xl_tensor_220w_mtp,1,100,11669,210.18,68,1455,9251,3,16
1784679832.875,real_q6xl_tensor_220w_mtp,2,100,11669,208.85,72,1545,9251,3,16
1784679832.875,real_q6xl_tensor_220w_mtp,3,100,11669,213.71,69,1500,9251,3,16
1784679833.471,real_q6xl_tensor_220w_mtp,0,100,11669,206.60,64,1695,9251,3,16
1784679833.471,real_q6xl_tensor_220w_mtp,1,100,11669,212.85,68,1590,9251,3,16
1784679833.471,real_q6xl_tensor_220w_mtp,2,100,11669,203.83,73,1650,9251,3,16
1784679833.471,real_q6xl_tensor_220w_mtp,3,100,11669,209.71,69,1635,9251,3,16
1784679834.044,real_q6xl_tensor_220w_mtp,0,100,11669,180.23,62,1875,9251,3,16
1784679834.044,real_q6xl_tensor_220w_mtp,1,100,11669,187.38,66,1890,9251,3,16
1784679834.044,real_q6xl_tensor_220w_mtp,2,100,11669,184.79,70,1725,9251,3,16
1784679834.044,real_q6xl_tensor_220w_mtp,3,100,11669,188.53,67,1905,9251,3,16
1784679834.648,real_q6xl_tensor_220w_mtp,0,100,11669,175.50,64,1665,9251,3,16
1784679834.648,real_q6xl_tensor_220w_mtp,1,100,11669,183.42,68,1620,9251,3,16
1784679834.648,real_q6xl_tensor_220w_mtp,2,100,11669,179.95,72,1545,9251,3,16
1784679834.648,real_q6xl_tensor_220w_mtp,3,100,11669,185.46,68,1635,9251,3,16
1784679835.263,real_q6xl_tensor_220w_mtp,0,100,11669,207.09,63,1710,9251,3,16
1784679835.263,real_q6xl_tensor_220w_mtp,1,100,11669,205.33,68,1605,9251,3,16
1784679835.263,real_q6xl_tensor_220w_mtp,2,100,11669,203.85,72,1650,9251,3,16
1784679835.263,real_q6xl_tensor_220w_mtp,3,100,11669,210.27,69,1635,9251,3,16
1784679835.838,real_q6xl_tensor_220w_mtp,0,100,11669,202.14,64,1575,9251,3,16
1784679835.838,real_q6xl_tensor_220w_mtp,1,100,11669,206.67,68,1560,9251,3,16
1784679835.838,real_q6xl_tensor_220w_mtp,2,100,11669,204.20,73,1500,9251,3,16
1784679835.838,real_q6xl_tensor_220w_mtp,3,100,11669,206.43,69,1530,9251,3,16
1784679836.408,real_q6xl_tensor_220w_mtp,0,100,11669,201.54,64,1590,9251,3,16
1784679836.408,real_q6xl_tensor_220w_mtp,1,100,11669,204.70,68,1560,9251,3,16
1784679836.408,real_q6xl_tensor_220w_mtp,2,100,11669,204.40,72,1500,9251,3,16
1784679836.408,real_q6xl_tensor_220w_mtp,3,100,11669,207.07,69,1590,9251,3,16
1784679836.980,real_q6xl_tensor_220w_mtp,0,33,11669,191.54,62,1905,9251,3,16
1784679836.980,real_q6xl_tensor_220w_mtp,1,33,11669,191.69,66,1830,9251,3,16
1784679836.980,real_q6xl_tensor_220w_mtp,2,33,11669,188.94,70,1845,9251,3,16
1784679836.980,real_q6xl_tensor_220w_mtp,3,33,11669,197.74,67,1845,9251,3,16
1784679837.540,real_q6xl_tensor_220w_mtp,0,33,11669,174.88,63,1680,9251,3,16
1784679837.540,real_q6xl_tensor_220w_mtp,1,33,11669,182.96,67,1605,9251,3,16
1784679837.540,real_q6xl_tensor_220w_mtp,2,33,11669,178.25,72,1635,9251,3,16
1784679837.540,real_q6xl_tensor_220w_mtp,3,33,11669,183.63,68,1650,9251,3,16
1784679838.111,real_q6xl_tensor_220w_mtp,0,100,11669,190.99,63,1680,9251,3,16
1784679838.111,real_q6xl_tensor_220w_mtp,1,100,11669,195.41,68,1440,9251,3,16
1784679838.111,real_q6xl_tensor_220w_mtp,2,100,11669,192.09,72,1605,9251,3,16
1784679838.111,real_q6xl_tensor_220w_mtp,3,100,11669,197.35,68,1500,9251,3,16
1784679838.708,real_q6xl_tensor_220w_mtp,0,100,11669,202.57,63,1695,9251,3,16
1784679838.708,real_q6xl_tensor_220w_mtp,1,100,11669,205.16,68,1605,9251,3,16
1784679838.708,real_q6xl_tensor_220w_mtp,2,100,11669,202.81,72,1620,9251,3,16
1784679838.708,real_q6xl_tensor_220w_mtp,3,100,11669,205.90,68,1650,9251,3,16
1784679839.279,real_q6xl_tensor_220w_mtp,0,32,11669,200.28,63,1590,9251,3,16
1784679839.279,real_q6xl_tensor_220w_mtp,1,53,11669,204.90,68,1455,9251,3,16
1784679839.279,real_q6xl_tensor_220w_mtp,2,68,11669,204.23,72,1500,9251,3,16
1784679839.279,real_q6xl_tensor_220w_mtp,3,33,11669,203.30,67,1500,9251,3,16
1784679839.875,real_q6xl_tensor_220w_mtp,0,32,11669,204.38,62,1905,9251,3,16
1784679839.875,real_q6xl_tensor_220w_mtp,1,53,11669,203.21,68,1890,9251,3,16
1784679839.875,real_q6xl_tensor_220w_mtp,2,68,11669,199.70,72,1875,9251,3,16
1784679839.875,real_q6xl_tensor_220w_mtp,3,33,11669,207.83,67,1905,9251,3,16
1784679840.461,real_q6xl_tensor_220w_mtp,0,37,11669,174.64,63,1650,9251,3,16
1784679840.461,real_q6xl_tensor_220w_mtp,1,82,11669,183.12,65,1590,9251,3,16
1784679840.461,real_q6xl_tensor_220w_mtp,2,91,11669,177.90,69,1575,9251,3,16
1784679840.461,real_q6xl_tensor_220w_mtp,3,49,11669,183.65,68,1620,9251,3,16
1784679841.056,real_q6xl_tensor_220w_mtp,0,37,11669,176.99,62,1605,9251,3,16
1784679841.056,real_q6xl_tensor_220w_mtp,1,82,11669,188.57,68,1440,9251,3,16
1784679841.056,real_q6xl_tensor_220w_mtp,2,91,11669,186.34,72,1455,9251,3,16
1784679841.056,real_q6xl_tensor_220w_mtp,3,49,11669,192.56,67,1470,9251,3,16
1784679841.690,real_q6xl_tensor_220w_mtp,0,97,11669,205.39,62,1875,9251,3,16
1784679841.690,real_q6xl_tensor_220w_mtp,1,56,11669,204.36,68,1845,9251,3,16
1784679841.690,real_q6xl_tensor_220w_mtp,2,47,11669,202.59,72,1860,9251,3,16
1784679841.690,real_q6xl_tensor_220w_mtp,3,89,11669,209.82,68,1875,9251,3,16
1784679842.252,real_q6xl_tensor_220w_mtp,0,97,11669,208.12,64,1590,9251,3,16
1784679842.252,real_q6xl_tensor_220w_mtp,1,56,11669,210.44,68,1470,9251,3,16
1784679842.252,real_q6xl_tensor_220w_mtp,2,47,11669,208.70,72,1485,9251,3,16
1784679842.252,real_q6xl_tensor_220w_mtp,3,89,11669,211.48,69,1500,9251,3,16
1784679842.819,real_q6xl_tensor_220w_mtp,0,100,11669,202.70,64,1560,9251,3,16
1784679842.819,real_q6xl_tensor_220w_mtp,1,100,11669,211.16,68,1470,9251,3,16
1784679842.819,real_q6xl_tensor_220w_mtp,2,100,11669,209.68,72,1500,9251,3,16
1784679842.819,real_q6xl_tensor_220w_mtp,3,100,11669,211.10,69,1515,9251,3,16
1784679843.390,real_q6xl_tensor_220w_mtp,0,100,11669,180.02,62,1920,9251,3,16
1784679843.390,real_q6xl_tensor_220w_mtp,1,100,11669,184.59,65,1815,9251,3,16
1784679843.390,real_q6xl_tensor_220w_mtp,2,100,11669,179.81,71,1890,9251,3,16
1784679843.390,real_q6xl_tensor_220w_mtp,3,100,11669,189.09,66,1830,9251,3,16
1784679843.973,real_q6xl_tensor_220w_mtp,0,100,11669,170.71,63,1560,9251,3,16
1784679843.973,real_q6xl_tensor_220w_mtp,1,100,11669,180.87,68,1425,9251,3,16
1784679843.973,real_q6xl_tensor_220w_mtp,2,100,11669,173.96,72,1545,9251,3,16
1784679843.973,real_q6xl_tensor_220w_mtp,3,100,11669,182.48,68,1470,9251,3,16
1784679844.543,real_q6xl_tensor_220w_mtp,0,100,11669,197.78,64,1710,9251,3,16
1784679844.543,real_q6xl_tensor_220w_mtp,1,100,11669,206.44,68,1575,9251,3,16
1784679844.543,real_q6xl_tensor_220w_mtp,2,100,11669,198.44,72,1650,9251,3,16
1784679844.543,real_q6xl_tensor_220w_mtp,3,100,11669,203.13,68,1620,9251,3,16
1784679845.139,real_q6xl_tensor_220w_mtp,0,100,11669,202.12,63,1560,9251,3,16
1784679845.139,real_q6xl_tensor_220w_mtp,1,100,11669,204.83,68,1440,9251,3,16
1784679845.139,real_q6xl_tensor_220w_mtp,2,100,11669,204.52,72,1500,9251,3,16
1784679845.139,real_q6xl_tensor_220w_mtp,3,100,11669,205.48,69,1485,9251,3,16
1784679845.772,real_q6xl_tensor_220w_mtp,0,100,11669,201.70,63,1635,9251,3,16
1784679845.772,real_q6xl_tensor_220w_mtp,1,100,11669,204.76,68,1440,9251,3,16
1784679845.772,real_q6xl_tensor_220w_mtp,2,84,11669,203.76,72,1530,9251,3,16
1784679845.772,real_q6xl_tensor_220w_mtp,3,66,11669,205.13,68,1485,9251,3,16
1784679846.347,real_q6xl_tensor_220w_mtp,0,33,11669,189.14,63,1905,9251,3,16
1784679846.347,real_q6xl_tensor_220w_mtp,1,35,11669,200.47,66,1890,9251,3,16
1784679846.347,real_q6xl_tensor_220w_mtp,2,34,11669,196.10,70,1875,9251,3,16
1784679846.347,real_q6xl_tensor_220w_mtp,3,26,11669,195.52,68,1905,9251,3,16
1784679846.909,real_q6xl_tensor_220w_mtp,0,33,11669,173.48,63,1590,9251,3,16
1784679846.909,real_q6xl_tensor_220w_mtp,1,35,11669,181.85,67,1410,9251,3,16
1784679846.909,real_q6xl_tensor_220w_mtp,2,34,11669,176.32,71,1590,9251,3,16
1784679846.909,real_q6xl_tensor_220w_mtp,3,26,11669,183.14,68,1470,9251,3,16
1784679847.479,real_q6xl_tensor_220w_mtp,0,54,11669,184.53,63,1680,9251,3,16
1784679847.479,real_q6xl_tensor_220w_mtp,1,99,11669,191.72,66,1560,9251,3,16
1784679847.479,real_q6xl_tensor_220w_mtp,2,100,11669,188.64,70,1650,9251,3,16
1784679847.479,real_q6xl_tensor_220w_mtp,3,66,11669,193.19,68,1575,9251,3,16
1784679848.048,real_q6xl_tensor_220w_mtp,0,54,11669,199.43,64,1905,9251,3,16
1784679848.048,real_q6xl_tensor_220w_mtp,1,99,11669,207.63,67,1890,9251,3,16
1784679848.048,real_q6xl_tensor_220w_mtp,2,100,11669,205.02,71,1875,9251,3,16
1784679848.048,real_q6xl_tensor_220w_mtp,3,66,11669,204.19,67,1905,9251,3,16
1784679848.613,real_q6xl_tensor_220w_mtp,0,100,11669,208.14,63,1710,9251,3,16
1784679848.613,real_q6xl_tensor_220w_mtp,1,100,11669,209.78,68,1575,9251,3,16
1784679848.613,real_q6xl_tensor_220w_mtp,2,100,11669,207.92,72,1650,9251,3,16
1784679848.613,real_q6xl_tensor_220w_mtp,3,100,11669,209.17,69,1620,9251,3,16
1784679849.175,real_q6xl_tensor_220w_mtp,0,100,11669,209.80,64,1635,9251,3,16
1784679849.175,real_q6xl_tensor_220w_mtp,1,100,11669,208.24,68,1440,9251,3,16
1784679849.175,real_q6xl_tensor_220w_mtp,2,100,11669,208.08,72,1530,9251,3,16
1784679849.175,real_q6xl_tensor_220w_mtp,3,100,11669,212.40,68,1485,9251,3,16
1784679849.764,real_q6xl_tensor_220w_mtp,0,27,11669,178.96,62,1800,9251,3,16
1784679849.764,real_q6xl_tensor_220w_mtp,1,26,11669,187.51,66,1785,9251,3,16
1784679849.764,real_q6xl_tensor_220w_mtp,2,33,11669,183.63,70,1590,9251,3,16
1784679849.764,real_q6xl_tensor_220w_mtp,3,25,11669,186.01,67,1800,9251,3,16
1784679850.326,real_q6xl_tensor_220w_mtp,0,100,11669,172.40,63,1680,9251,3,16
1784679850.326,real_q6xl_tensor_220w_mtp,1,100,11669,181.53,68,1560,9251,3,16
1784679850.326,real_q6xl_tensor_220w_mtp,2,100,11669,177.94,72,1650,9251,3,16
1784679850.326,real_q6xl_tensor_220w_mtp,3,100,11669,182.85,68,1575,9251,3,16
1784679850.899,real_q6xl_tensor_220w_mtp,0,100,11669,197.80,64,1710,9251,3,16
1784679850.899,real_q6xl_tensor_220w_mtp,1,100,11669,203.10,68,1575,9251,3,16
1784679850.899,real_q6xl_tensor_220w_mtp,2,100,11669,200.75,72,1650,9251,3,16
1784679850.899,real_q6xl_tensor_220w_mtp,3,100,11669,202.75,68,1605,9251,3,16
1784679851.468,real_q6xl_tensor_220w_mtp,0,100,11669,202.13,64,1695,9251,3,16
1784679851.468,real_q6xl_tensor_220w_mtp,1,100,11669,204.42,68,1575,9251,3,16
1784679851.468,real_q6xl_tensor_220w_mtp,2,100,11669,201.83,72,1650,9251,3,16
1784679851.468,real_q6xl_tensor_220w_mtp,3,100,11669,205.43,68,1605,9251,3,16
1784679852.037,real_q6xl_tensor_220w_mtp,0,100,11669,200.95,63,1650,9251,3,16
1784679852.037,real_q6xl_tensor_220w_mtp,1,95,11669,204.08,67,1590,9251,3,16
1784679852.037,real_q6xl_tensor_220w_mtp,2,100,11669,203.41,72,1635,9251,3,16
1784679852.037,real_q6xl_tensor_220w_mtp,3,100,11669,206.29,69,1620,9251,3,16
1784679852.606,real_q6xl_tensor_220w_mtp,0,100,11669,199.69,62,1920,9251,3,16
1784679852.606,real_q6xl_tensor_220w_mtp,1,95,11669,200.35,67,1755,9251,3,16
1784679852.606,real_q6xl_tensor_220w_mtp,2,100,11669,197.40,71,1890,9251,3,16
1784679852.606,real_q6xl_tensor_220w_mtp,3,100,11669,204.27,67,1785,9251,3,16
1784679853.167,real_q6xl_tensor_220w_mtp,0,49,11669,173.50,63,1695,9251,3,16
1784679853.167,real_q6xl_tensor_220w_mtp,1,92,11669,181.57,65,1605,9251,3,16
1784679853.167,real_q6xl_tensor_220w_mtp,2,100,11669,176.18,69,1650,9251,3,16
1784679853.167,real_q6xl_tensor_220w_mtp,3,61,11669,183.24,68,1635,9251,3,16
1784679853.757,real_q6xl_tensor_220w_mtp,0,49,11669,178.20,64,1920,9251,3,16
1784679853.757,real_q6xl_tensor_220w_mtp,1,92,11669,190.52,67,1890,9251,3,16
1784679853.757,real_q6xl_tensor_220w_mtp,2,100,11669,184.27,71,1860,9251,3,16
1784679853.757,real_q6xl_tensor_220w_mtp,3,61,11669,187.22,67,1920,9251,3,16
1784679854.324,real_q6xl_tensor_220w_mtp,0,100,11669,206.87,64,1680,9251,3,16
1784679854.324,real_q6xl_tensor_220w_mtp,1,100,11669,209.06,68,1560,9251,3,16
1784679854.324,real_q6xl_tensor_220w_mtp,2,100,11669,207.55,72,1635,9251,3,16
1784679854.324,real_q6xl_tensor_220w_mtp,3,100,11669,210.00,69,1590,9251,3,16
1784679854.889,real_q6xl_tensor_220w_mtp,0,100,11669,207.38,63,1695,9251,3,16
1784679854.889,real_q6xl_tensor_220w_mtp,1,100,11669,208.66,68,1560,9251,3,16
1784679854.889,real_q6xl_tensor_220w_mtp,2,100,11669,207.44,72,1635,9251,3,16
1784679854.889,real_q6xl_tensor_220w_mtp,3,100,11669,210.31,69,1590,9251,3,16
1784679855.457,real_q6xl_tensor_220w_mtp,0,100,11669,200.44,63,1605,9251,3,16
1784679855.457,real_q6xl_tensor_220w_mtp,1,100,11669,204.60,67,1605,9251,3,16
1784679855.457,real_q6xl_tensor_220w_mtp,2,100,11669,201.32,72,1500,9251,3,16
1784679855.457,real_q6xl_tensor_220w_mtp,3,100,11669,204.59,69,1635,9251,3,16
1784679856.026,real_q6xl_tensor_220w_mtp,0,100,11669,190.09,62,1920,9251,3,16
1784679856.026,real_q6xl_tensor_220w_mtp,1,100,11669,191.74,66,1905,9251,3,16
1784679856.026,real_q6xl_tensor_220w_mtp,2,100,11669,186.45,69,1875,9251,3,16
1784679856.026,real_q6xl_tensor_220w_mtp,3,100,11669,190.59,67,1920,9251,3,16
1784679856.589,real_q6xl_tensor_220w_mtp,0,100,11669,171.48,63,1695,9251,3,16
1784679856.589,real_q6xl_tensor_220w_mtp,1,100,11669,180.16,67,1590,9251,3,16
1784679856.589,real_q6xl_tensor_220w_mtp,2,100,11669,175.04,72,1635,9251,3,16
1784679856.589,real_q6xl_tensor_220w_mtp,3,100,11669,183.04,68,1620,9251,3,16
1784679857.158,real_q6xl_tensor_220w_mtp,0,100,11669,187.66,63,1575,9251,3,16
1784679857.158,real_q6xl_tensor_220w_mtp,1,100,11669,194.23,67,1515,9251,3,16
1784679857.158,real_q6xl_tensor_220w_mtp,2,100,11669,190.05,72,1515,9251,3,16
1784679857.158,real_q6xl_tensor_220w_mtp,3,100,11669,197.46,68,1545,9251,3,16
1784679857.727,real_q6xl_tensor_220w_mtp,0,37,11669,199.80,62,1560,9251,3,16
1784679857.727,real_q6xl_tensor_220w_mtp,1,49,11669,204.76,68,1500,9251,3,16
1784679857.727,real_q6xl_tensor_220w_mtp,2,63,11669,201.96,72,1500,9251,3,16
1784679857.727,real_q6xl_tensor_220w_mtp,3,88,11669,204.97,67,1560,9251,3,16
1784679858.299,real_q6xl_tensor_220w_mtp,0,100,11669,206.83,62,1905,9251,3,16
1784679858.299,real_q6xl_tensor_220w_mtp,1,100,11669,204.55,66,1875,9251,3,16
1784679858.299,real_q6xl_tensor_220w_mtp,2,77,11669,201.97,72,1830,9251,3,16
1784679858.299,real_q6xl_tensor_220w_mtp,3,97,11669,209.99,68,1905,9251,3,16
1784679858.865,real_q6xl_tensor_220w_mtp,0,100,11669,207.22,64,1515,9251,3,16
1784679858.865,real_q6xl_tensor_220w_mtp,1,100,11669,208.42,68,1410,9251,3,16
1784679858.865,real_q6xl_tensor_220w_mtp,2,100,11669,208.45,72,1500,9251,3,16
1784679858.865,real_q6xl_tensor_220w_mtp,3,100,11669,211.05,68,1440,9251,3,16
1784679859.433,real_q6xl_tensor_220w_mtp,0,100,11669,179.95,61,1905,9251,3,16
1784679859.433,real_q6xl_tensor_220w_mtp,1,100,11669,189.99,67,1890,9251,3,16
1784679859.433,real_q6xl_tensor_220w_mtp,2,100,11669,186.29,70,1875,9251,3,16
1784679859.433,real_q6xl_tensor_220w_mtp,3,100,11669,186.62,66,1845,9251,3,16
1784679860.018,real_q6xl_tensor_220w_mtp,0,100,11669,172.10,63,1650,9251,3,16
1784679860.018,real_q6xl_tensor_220w_mtp,1,100,11669,180.82,67,1590,9251,3,16
1784679860.018,real_q6xl_tensor_220w_mtp,2,100,11669,174.90,72,1530,9251,3,16
1784679860.018,real_q6xl_tensor_220w_mtp,3,100,11669,180.74,68,1620,9251,3,16
1784679860.590,real_q6xl_tensor_220w_mtp,0,100,11669,199.02,63,1560,9251,3,16
1784679860.590,real_q6xl_tensor_220w_mtp,1,100,11669,206.36,68,1425,9251,3,16
1784679860.590,real_q6xl_tensor_220w_mtp,2,100,11669,205.74,72,1455,9251,3,16
1784679860.590,real_q6xl_tensor_220w_mtp,3,100,11669,210.87,68,1470,9251,3,16
1784679861.187,real_q6xl_tensor_220w_mtp,0,100,11669,199.91,63,1560,9251,3,16
1784679861.187,real_q6xl_tensor_220w_mtp,1,100,11669,202.49,68,1440,9251,3,16
1784679861.187,real_q6xl_tensor_220w_mtp,2,100,11669,200.87,72,1470,9251,3,16
1784679861.187,real_q6xl_tensor_220w_mtp,3,100,11669,204.47,68,1470,9251,3,16
1784679861.784,real_q6xl_tensor_220w_mtp,0,86,11669,201.46,63,1530,9251,3,16
1784679861.784,real_q6xl_tensor_220w_mtp,1,100,11669,205.10,68,1425,9251,3,16
1784679861.784,real_q6xl_tensor_220w_mtp,2,72,11669,201.69,72,1545,9251,3,16
1784679861.784,real_q6xl_tensor_220w_mtp,3,64,11669,204.36,68,1470,9251,3,16
1784679862.358,real_q6xl_tensor_220w_mtp,0,100,11669,207.38,63,1680,9251,3,16
1784679862.358,real_q6xl_tensor_220w_mtp,1,100,11669,209.83,68,1500,9251,3,16
1784679862.358,real_q6xl_tensor_220w_mtp,2,57,11669,204.41,71,1860,9251,3,16
1784679862.358,real_q6xl_tensor_220w_mtp,3,18,11669,199.51,67,1710,9251,3,16
1784679862.929,real_q6xl_tensor_220w_mtp,0,31,11669,170.18,63,1545,9251,3,16
1784679862.929,real_q6xl_tensor_220w_mtp,1,77,11669,180.51,67,1575,9251,3,16
1784679862.929,real_q6xl_tensor_220w_mtp,2,84,11669,168.56,71,1470,9251,3,16
1784679862.929,real_q6xl_tensor_220w_mtp,3,100,11669,181.28,67,1605,9251,3,16
1784679863.499,real_q6xl_tensor_220w_mtp,0,31,11669,179.83,62,1530,9251,3,16
1784679863.499,real_q6xl_tensor_220w_mtp,1,77,11669,186.94,66,1305,9251,3,16
1784679863.499,real_q6xl_tensor_220w_mtp,2,84,11669,177.26,71,1485,9251,3,16
1784679863.499,real_q6xl_tensor_220w_mtp,3,100,11669,191.34,67,1395,9251,3,16
1784679864.093,real_q6xl_tensor_220w_mtp,0,100,11669,207.48,63,1785,9251,3,16
1784679864.093,real_q6xl_tensor_220w_mtp,1,92,11669,208.32,68,1770,9251,3,16
1784679864.093,real_q6xl_tensor_220w_mtp,2,81,11669,205.67,72,1500,9251,3,16
1784679864.093,real_q6xl_tensor_220w_mtp,3,100,11669,210.45,68,1680,9251,3,16
1784679864.653,real_q6xl_tensor_220w_mtp,0,100,11669,207.31,63,1695,9251,3,16
1784679864.653,real_q6xl_tensor_220w_mtp,1,92,11669,208.97,68,1575,9251,3,16
1784679864.653,real_q6xl_tensor_220w_mtp,2,81,11669,209.22,72,1650,9251,3,16
1784679864.653,real_q6xl_tensor_220w_mtp,3,100,11669,209.96,69,1605,9251,3,16
1784679865.233,real_q6xl_tensor_220w_mtp,0,100,11669,206.32,63,1635,9251,3,16
1784679865.233,real_q6xl_tensor_220w_mtp,1,100,11669,203.97,68,1410,9251,3,16
1784679865.233,real_q6xl_tensor_220w_mtp,2,100,11669,202.86,72,1590,9251,3,16
1784679865.233,real_q6xl_tensor_220w_mtp,3,100,11669,209.95,68,1470,9251,3,16
1784679865.803,real_q6xl_tensor_220w_mtp,0,33,11669,185.58,61,1920,9251,3,16
1784679865.803,real_q6xl_tensor_220w_mtp,1,28,11669,187.27,67,1815,9251,3,16
1784679865.803,real_q6xl_tensor_220w_mtp,2,33,11669,183.90,69,1890,9251,3,16
1784679865.803,real_q6xl_tensor_220w_mtp,3,19,11669,189.37,66,1830,9251,3,16
1784679866.370,real_q6xl_tensor_220w_mtp,0,100,11669,171.35,63,1530,9251,3,16
1784679866.370,real_q6xl_tensor_220w_mtp,1,100,11669,176.84,67,1455,9251,3,16
1784679866.370,real_q6xl_tensor_220w_mtp,2,100,11669,174.39,72,1635,9251,3,16
1784679866.370,real_q6xl_tensor_220w_mtp,3,100,11669,181.65,68,1530,9251,3,16
1784679866.939,real_q6xl_tensor_220w_mtp,0,100,11669,189.99,63,1605,9251,3,16
1784679866.939,real_q6xl_tensor_220w_mtp,1,100,11669,193.12,67,1440,9251,3,16
1784679866.939,real_q6xl_tensor_220w_mtp,2,100,11669,192.06,72,1590,9251,3,16
1784679866.939,real_q6xl_tensor_220w_mtp,3,100,11669,197.12,68,1470,9251,3,16
1784679867.507,real_q6xl_tensor_220w_mtp,0,93,11669,199.92,62,1695,9251,3,16
1784679867.507,real_q6xl_tensor_220w_mtp,1,48,11669,203.90,68,1560,9251,3,16
1784679867.507,real_q6xl_tensor_220w_mtp,2,65,11669,201.99,72,1620,9251,3,16
1784679867.507,real_q6xl_tensor_220w_mtp,3,90,11669,205.19,68,1590,9251,3,16
1784679868.104,real_q6xl_tensor_220w_mtp,0,93,11669,206.10,63,1890,9251,3,16
1784679868.104,real_q6xl_tensor_220w_mtp,1,48,11669,203.95,66,1875,9251,3,16
1784679868.104,real_q6xl_tensor_220w_mtp,2,65,11669,202.37,70,1845,9251,3,16
1784679868.104,real_q6xl_tensor_220w_mtp,3,90,11669,210.25,68,1890,9251,3,16
1784679868.670,real_q6xl_tensor_220w_mtp,0,100,11669,207.57,63,1680,9251,3,16
1784679868.670,real_q6xl_tensor_220w_mtp,1,100,11669,208.87,68,1575,9251,3,16
1784679868.670,real_q6xl_tensor_220w_mtp,2,100,11669,207.21,72,1455,9251,3,16
1784679868.670,real_q6xl_tensor_220w_mtp,3,100,11669,210.39,68,1605,9251,3,16
1784679869.259,real_q6xl_tensor_220w_mtp,0,100,11669,183.51,61,1875,9251,3,16
1784679869.259,real_q6xl_tensor_220w_mtp,1,28,11669,184.01,65,1875,9251,3,16
1784679869.259,real_q6xl_tensor_220w_mtp,2,22,11669,177.59,71,1845,9251,3,16
1784679869.259,real_q6xl_tensor_220w_mtp,3,35,11669,185.73,66,1785,9251,3,16
1784679869.848,real_q6xl_tensor_220w_mtp,0,100,11669,171.57,63,1665,9251,3,16
1784679869.848,real_q6xl_tensor_220w_mtp,1,100,11669,185.18,67,1545,9251,3,16
1784679869.848,real_q6xl_tensor_220w_mtp,2,100,11669,181.07,72,1635,9251,3,16
1784679869.848,real_q6xl_tensor_220w_mtp,3,100,11669,172.64,68,1560,9251,3,16
1784679870.445,real_q6xl_tensor_220w_mtp,0,100,11669,204.98,63,1680,9251,3,16
1784679870.445,real_q6xl_tensor_220w_mtp,1,100,11669,204.49,67,1545,9251,3,16
1784679870.445,real_q6xl_tensor_220w_mtp,2,100,11669,203.09,72,1650,9251,3,16
1784679870.445,real_q6xl_tensor_220w_mtp,3,100,11669,207.15,69,1605,9251,3,16
1784679871.016,real_q6xl_tensor_220w_mtp,0,100,11669,200.69,63,1545,9251,3,16
1784679871.016,real_q6xl_tensor_220w_mtp,1,100,11669,202.82,67,1560,9251,3,16
1784679871.016,real_q6xl_tensor_220w_mtp,2,100,11669,201.99,71,1470,9251,3,16
1784679871.016,real_q6xl_tensor_220w_mtp,3,100,11669,204.13,68,1605,9251,3,16
1784679871.613,real_q6xl_tensor_220w_mtp,0,100,11669,200.29,63,1665,9251,3,16
1784679871.613,real_q6xl_tensor_220w_mtp,1,100,11669,204.72,68,1575,9251,3,16
1784679871.613,real_q6xl_tensor_220w_mtp,2,100,11669,200.34,72,1545,9251,3,16
1784679871.613,real_q6xl_tensor_220w_mtp,3,100,11669,204.43,68,1605,9251,3,16
1784679872.183,real_q6xl_tensor_220w_mtp,0,100,11669,194.82,61,1605,9251,3,16
1784679872.183,real_q6xl_tensor_220w_mtp,1,35,11669,200.77,66,1710,9251,3,16
1784679872.183,real_q6xl_tensor_220w_mtp,2,35,11669,196.60,70,1455,9251,3,16
1784679872.183,real_q6xl_tensor_220w_mtp,3,2,11669,200.00,66,1740,9251,3,16
1784679872.743,real_q6xl_tensor_220w_mtp,0,58,11669,170.57,63,1635,9251,3,16
1784679872.743,real_q6xl_tensor_220w_mtp,1,35,11669,178.83,66,1560,9251,3,16
1784679872.743,real_q6xl_tensor_220w_mtp,2,35,11669,174.67,70,1515,9251,3,16
1784679872.743,real_q6xl_tensor_220w_mtp,3,18,11669,180.08,67,1590,9251,3,16
1784679873.336,real_q6xl_tensor_220w_mtp,0,79,11669,181.18,63,1875,9251,3,16
1784679873.336,real_q6xl_tensor_220w_mtp,1,94,11669,187.55,67,1875,9251,3,16
1784679873.336,real_q6xl_tensor_220w_mtp,2,92,11669,183.88,71,1845,9251,3,16
1784679873.336,real_q6xl_tensor_220w_mtp,3,43,11669,187.38,67,1890,9251,3,16
1784679873.899,real_q6xl_tensor_220w_mtp,0,100,11669,205.52,63,1665,9251,3,16
1784679873.899,real_q6xl_tensor_220w_mtp,1,94,11669,208.45,68,1575,9251,3,16
1784679873.899,real_q6xl_tensor_220w_mtp,2,100,11669,206.31,72,1545,9251,3,16
1784679873.899,real_q6xl_tensor_220w_mtp,3,43,11669,208.85,68,1605,9251,3,16
1784679874.471,real_q6xl_tensor_220w_mtp,0,100,11669,205.66,63,1650,9251,3,16
1784679874.471,real_q6xl_tensor_220w_mtp,1,100,11669,209.29,67,1590,9251,3,16
1784679874.471,real_q6xl_tensor_220w_mtp,2,100,11669,207.20,72,1545,9251,3,16
1784679874.471,real_q6xl_tensor_220w_mtp,3,100,11669,208.55,68,1620,9251,3,16
1784679875.041,real_q6xl_tensor_220w_mtp,0,100,11669,199.26,63,1650,9251,3,16
1784679875.041,real_q6xl_tensor_220w_mtp,1,100,11669,201.09,67,1425,9251,3,16
1784679875.041,real_q6xl_tensor_220w_mtp,2,100,11669,200.53,72,1605,9251,3,16
1784679875.041,real_q6xl_tensor_220w_mtp,3,100,11669,202.71,68,1455,9251,3,16
1784679875.610,real_q6xl_tensor_220w_mtp,0,100,11669,186.70,61,1905,9251,3,16
1784679875.610,real_q6xl_tensor_220w_mtp,1,31,11669,188.57,65,1875,9251,3,16
1784679875.610,real_q6xl_tensor_220w_mtp,2,100,11669,182.45,69,1755,9251,3,16
1784679875.610,real_q6xl_tensor_220w_mtp,3,35,11669,194.44,67,1875,9251,3,16
1784679876.254,real_q6xl_tensor_220w_mtp,0,100,11669,170.45,63,1665,9251,3,16
1784679876.254,real_q6xl_tensor_220w_mtp,1,81,11669,177.60,67,1575,9251,3,16
1784679876.254,real_q6xl_tensor_220w_mtp,2,100,11669,164.61,71,1635,9251,3,16
1784679876.254,real_q6xl_tensor_220w_mtp,3,100,11669,178.41,68,1620,9251,3,16
1784679876.869,real_q6xl_tensor_220w_mtp,0,100,11669,186.55,63,1545,9251,3,16
1784679876.869,real_q6xl_tensor_220w_mtp,1,100,11669,192.98,67,1440,9251,3,16
1784679876.869,real_q6xl_tensor_220w_mtp,2,100,11669,189.67,72,1425,9251,3,16
1784679876.869,real_q6xl_tensor_220w_mtp,3,100,11669,193.83,68,1485,9251,3,16
1784679877.462,real_q6xl_tensor_220w_mtp,0,34,11669,199.28,63,1695,9251,3,16
1784679877.462,real_q6xl_tensor_220w_mtp,1,100,11669,202.77,67,1590,9251,3,16
1784679877.462,real_q6xl_tensor_220w_mtp,2,88,11669,199.87,70,1635,9251,3,16
1784679877.462,real_q6xl_tensor_220w_mtp,3,100,11669,204.19,68,1605,9251,3,16
1784679878.061,real_q6xl_tensor_220w_mtp,0,34,11669,201.80,62,1875,9251,3,16
1784679878.061,real_q6xl_tensor_220w_mtp,1,100,11669,202.21,68,1845,9251,3,16
1784679878.061,real_q6xl_tensor_220w_mtp,2,88,11669,205.67,72,1860,9251,3,16
1784679878.061,real_q6xl_tensor_220w_mtp,3,69,11669,206.84,67,1860,9251,3,16
1784679878.621,real_q6xl_tensor_220w_mtp,0,100,11669,205.36,64,1665,9251,3,16
1784679878.621,real_q6xl_tensor_220w_mtp,1,100,11669,208.20,67,1560,9251,3,16
1784679878.621,real_q6xl_tensor_220w_mtp,2,100,11669,207.16,72,1605,9251,3,16
1784679878.621,real_q6xl_tensor_220w_mtp,3,69,11669,208.85,68,1605,9251,3,16
1784679879.211,real_q6xl_tensor_220w_mtp,0,100,11669,180.77,61,1860,9251,3,16
1784679879.211,real_q6xl_tensor_220w_mtp,1,24,11669,188.18,66,1695,9251,3,16
1784679879.211,real_q6xl_tensor_220w_mtp,2,100,11669,184.05,71,1905,9251,3,16
1784679879.211,real_q6xl_tensor_220w_mtp,3,36,11669,179.77,65,1755,9251,3,16
1784679879.773,real_q6xl_tensor_220w_mtp,0,100,11669,171.37,63,1530,9251,3,16
1784679879.773,real_q6xl_tensor_220w_mtp,1,24,11669,180.17,67,1425,9251,3,16
1784679879.773,real_q6xl_tensor_220w_mtp,2,100,11669,172.29,71,1440,9251,3,16
1784679879.773,real_q6xl_tensor_220w_mtp,3,100,11669,170.06,67,1470,9251,3,16
1784679880.345,real_q6xl_tensor_220w_mtp,0,100,11669,196.97,63,1500,9251,3,16
1784679880.345,real_q6xl_tensor_220w_mtp,1,100,11669,201.27,67,1410,9251,3,16
1784679880.345,real_q6xl_tensor_220w_mtp,2,100,11669,197.70,72,1455,9251,3,16
1784679880.345,real_q6xl_tensor_220w_mtp,3,100,11669,197.84,68,1470,9251,3,16
1784679880.917,real_q6xl_tensor_220w_mtp,0,100,11669,200.69,63,1665,9251,3,16
1784679880.917,real_q6xl_tensor_220w_mtp,1,100,11669,202.90,67,1575,9251,3,16
1784679880.917,real_q6xl_tensor_220w_mtp,2,100,11669,201.26,72,1620,9251,3,16
1784679880.917,real_q6xl_tensor_220w_mtp,3,100,11669,204.11,68,1605,9251,3,16
1784679881.530,real_q6xl_tensor_220w_mtp,0,100,11669,198.26,61,1665,9251,3,16
1784679881.530,real_q6xl_tensor_220w_mtp,1,46,11669,203.24,67,1530,9251,3,16
1784679881.530,real_q6xl_tensor_220w_mtp,2,100,11669,200.43,72,1635,9251,3,16
1784679881.530,real_q6xl_tensor_220w_mtp,3,84,11669,203.45,68,1605,9251,3,16
1784679882.101,real_q6xl_tensor_220w_mtp,0,34,11669,197.77,63,1905,9251,3,16
1784679882.101,real_q6xl_tensor_220w_mtp,1,46,11669,204.50,66,1890,9251,3,16
1784679882.101,real_q6xl_tensor_220w_mtp,2,64,11669,202.82,70,1890,9251,3,16
1784679882.101,real_q6xl_tensor_220w_mtp,3,84,11669,202.26,66,1905,9251,3,16
1784679882.703,real_q6xl_tensor_220w_mtp,0,34,11669,173.93,61,1920,9251,3,16
1784679882.703,real_q6xl_tensor_220w_mtp,1,20,11669,180.69,65,1905,9251,3,16
1784679882.703,real_q6xl_tensor_220w_mtp,2,64,11669,172.12,69,1905,9251,3,16
1784679882.703,real_q6xl_tensor_220w_mtp,3,35,11669,177.26,66,1920,9251,3,16
1784679883.265,real_q6xl_tensor_220w_mtp,0,100,11669,175.16,63,1665,9251,3,16
1784679883.265,real_q6xl_tensor_220w_mtp,1,20,11669,188.30,68,1560,9251,3,16
1784679883.265,real_q6xl_tensor_220w_mtp,2,100,11669,183.60,72,1485,9251,3,16
1784679883.265,real_q6xl_tensor_220w_mtp,3,35,11669,186.37,68,1605,9251,3,16
1784679883.835,real_q6xl_tensor_220w_mtp,0,100,11669,206.79,63,1650,9251,3,16
1784679883.835,real_q6xl_tensor_220w_mtp,1,100,11669,204.48,67,1425,9251,3,16
1784679883.835,real_q6xl_tensor_220w_mtp,2,100,11669,205.24,71,1605,9251,3,16
1784679883.835,real_q6xl_tensor_220w_mtp,3,100,11669,209.84,69,1470,9251,3,16
1784679884.405,real_q6xl_tensor_220w_mtp,0,100,11669,197.65,63,1680,9251,3,16
1784679884.405,real_q6xl_tensor_220w_mtp,1,100,11669,200.12,67,1575,9251,3,16
1784679884.405,real_q6xl_tensor_220w_mtp,2,100,11669,200.63,72,1620,9251,3,16
1784679884.405,real_q6xl_tensor_220w_mtp,3,100,11669,202.08,68,1605,9251,3,16
1784679884.978,real_q6xl_tensor_220w_mtp,0,100,11669,199.14,63,1515,9251,3,16
1784679884.978,real_q6xl_tensor_220w_mtp,1,100,11669,200.77,67,1365,9251,3,16
1784679884.978,real_q6xl_tensor_220w_mtp,2,100,11669,200.45,72,1545,9251,3,16
1784679884.978,real_q6xl_tensor_220w_mtp,3,100,11669,202.69,68,1425,9251,3,16
1784679885.548,real_q6xl_tensor_220w_mtp,0,22,11669,196.05,61,1920,9251,3,16
1784679885.548,real_q6xl_tensor_220w_mtp,1,100,11669,195.66,66,1905,9251,3,16
1784679885.548,real_q6xl_tensor_220w_mtp,2,100,11669,196.74,70,1905,9251,3,16
1784679885.548,real_q6xl_tensor_220w_mtp,3,8,11669,199.86,66,1920,9251,3,16
1784679886.135,real_q6xl_tensor_220w_mtp,0,22,11669,165.71,61,1920,9251,3,16
1784679886.135,real_q6xl_tensor_220w_mtp,1,20,11669,175.98,65,1875,9251,3,16
1784679886.135,real_q6xl_tensor_220w_mtp,2,19,11669,172.41,69,1905,9251,3,16
1784679886.135,real_q6xl_tensor_220w_mtp,3,8,11669,174.77,67,1890,9251,3,16
1784679886.706,real_q6xl_tensor_220w_mtp,0,100,11669,176.19,63,1665,9251,3,16
1784679886.706,real_q6xl_tensor_220w_mtp,1,100,11669,186.88,67,1545,9251,3,16
1784679886.706,real_q6xl_tensor_220w_mtp,2,100,11669,181.82,71,1620,9251,3,16
1784679886.706,real_q6xl_tensor_220w_mtp,3,99,11669,189.40,68,1575,9251,3,16
1784679887.273,real_q6xl_tensor_220w_mtp,0,100,11669,206.57,63,1545,9251,3,16
1784679887.273,real_q6xl_tensor_220w_mtp,1,100,11669,207.27,68,1350,9251,3,16
1784679887.273,real_q6xl_tensor_220w_mtp,2,100,11669,204.18,71,1590,9251,3,16
1784679887.273,real_q6xl_tensor_220w_mtp,3,100,11669,211.97,68,1395,9251,3,16
1784679887.842,real_q6xl_tensor_220w_mtp,0,100,11669,197.86,63,1530,9251,3,16
1784679887.842,real_q6xl_tensor_220w_mtp,1,100,11669,200.64,67,1575,9251,3,16
1784679887.842,real_q6xl_tensor_220w_mtp,2,100,11669,199.99,72,1425,9251,3,16
1784679887.842,real_q6xl_tensor_220w_mtp,3,100,11669,202.69,68,1605,9251,3,16
1784679888.411,real_q6xl_tensor_220w_mtp,0,100,11669,198.69,63,1665,9251,3,16
1784679888.411,real_q6xl_tensor_220w_mtp,1,100,11669,200.71,67,1545,9251,3,16
1784679888.411,real_q6xl_tensor_220w_mtp,2,100,11669,200.85,72,1635,9251,3,16
1784679888.411,real_q6xl_tensor_220w_mtp,3,100,11669,202.42,68,1605,9251,3,16
1784679889.007,real_q6xl_tensor_220w_mtp,0,26,11669,196.80,61,1815,9251,3,16
1784679889.007,real_q6xl_tensor_220w_mtp,1,100,11669,197.01,66,1695,9251,3,16
1784679889.007,real_q6xl_tensor_220w_mtp,2,100,11669,195.72,70,1830,9251,3,16
1784679889.007,real_q6xl_tensor_220w_mtp,3,37,11669,197.84,66,1695,9251,3,16
1784679889.569,real_q6xl_tensor_220w_mtp,0,26,11669,166.68,62,1620,9251,3,16
1784679889.569,real_q6xl_tensor_220w_mtp,1,50,11669,166.71,64,1560,9251,3,16
1784679889.569,real_q6xl_tensor_220w_mtp,2,65,11669,172.39,69,1500,9251,3,16
1784679889.569,real_q6xl_tensor_220w_mtp,3,37,11669,175.65,66,1560,9251,3,16
1784679890.138,real_q6xl_tensor_220w_mtp,0,100,11669,183.22,63,1695,9251,3,16
1784679890.138,real_q6xl_tensor_220w_mtp,1,50,11669,178.32,67,1665,9251,3,16
1784679890.138,real_q6xl_tensor_220w_mtp,2,65,11669,183.90,72,1680,9251,3,16
1784679890.138,real_q6xl_tensor_220w_mtp,3,100,11669,189.19,68,1680,9251,3,16
1784679890.718,real_q6xl_tensor_220w_mtp,0,100,11669,204.70,63,1590,9251,3,16
1784679890.718,real_q6xl_tensor_220w_mtp,1,100,11669,205.37,67,1575,9251,3,16
1784679890.718,real_q6xl_tensor_220w_mtp,2,100,11669,207.19,72,1470,9251,3,16
1784679890.718,real_q6xl_tensor_220w_mtp,3,100,11669,207.82,68,1530,9251,3,16
1784679891.313,real_q6xl_tensor_220w_mtp,0,100,11669,208.38,63,1485,9251,3,16
1784679891.313,real_q6xl_tensor_220w_mtp,1,100,11669,205.56,67,1395,9251,3,16
1784679891.313,real_q6xl_tensor_220w_mtp,2,100,11669,205.15,72,1485,9251,3,16
1784679891.313,real_q6xl_tensor_220w_mtp,3,100,11669,210.63,68,1440,9251,3,16
1784679891.885,real_q6xl_tensor_220w_mtp,0,100,11669,199.30,63,1665,9251,3,16
1784679891.885,real_q6xl_tensor_220w_mtp,1,100,11669,201.64,67,1560,9251,3,16
1784679891.885,real_q6xl_tensor_220w_mtp,2,100,11669,199.55,71,1410,9251,3,16
1784679891.885,real_q6xl_tensor_220w_mtp,3,100,11669,203.56,68,1605,9251,3,16
1784679892.454,real_q6xl_tensor_220w_mtp,0,34,11669,192.76,61,1890,9251,3,16
1784679892.454,real_q6xl_tensor_220w_mtp,1,100,11669,193.55,65,1815,9251,3,16
1784679892.454,real_q6xl_tensor_220w_mtp,2,100,11669,193.94,70,1815,9251,3,16
1784679892.454,real_q6xl_tensor_220w_mtp,3,37,11669,199.52,67,1830,9251,3,16
1784679893.015,real_q6xl_tensor_220w_mtp,0,34,11669,168.85,60,1620,9251,3,16
1784679893.015,real_q6xl_tensor_220w_mtp,1,42,11669,176.35,67,1485,9251,3,16
1784679893.015,real_q6xl_tensor_220w_mtp,2,51,11669,171.80,71,1590,9251,3,16
1784679893.015,real_q6xl_tensor_220w_mtp,3,37,11669,179.14,65,1515,9251,3,16
1784679893.586,real_q6xl_tensor_220w_mtp,0,100,11669,179.76,63,1785,9251,3,16
1784679893.586,real_q6xl_tensor_220w_mtp,1,42,11669,190.47,66,1785,9251,3,16
1784679893.586,real_q6xl_tensor_220w_mtp,2,51,11669,184.98,72,1500,9251,3,16
1784679893.586,real_q6xl_tensor_220w_mtp,3,100,11669,187.13,68,1695,9251,3,16
1784679894.145,real_q6xl_tensor_220w_mtp,0,100,11669,204.33,63,1575,9251,3,16
1784679894.145,real_q6xl_tensor_220w_mtp,1,100,11669,209.30,67,1335,9251,3,16
1784679894.145,real_q6xl_tensor_220w_mtp,2,100,11669,204.73,72,1590,9251,3,16
1784679894.145,real_q6xl_tensor_220w_mtp,3,100,11669,209.25,68,1380,9251,3,16
1784679894.715,real_q6xl_tensor_220w_mtp,0,100,11669,204.73,63,1455,9251,3,16
1784679894.715,real_q6xl_tensor_220w_mtp,1,100,11669,202.64,67,1395,9251,3,16
1784679894.715,real_q6xl_tensor_220w_mtp,2,100,11669,202.03,72,1455,9251,3,16
1784679894.715,real_q6xl_tensor_220w_mtp,3,100,11669,208.07,68,1425,9251,3,16
1784679895.283,real_q6xl_tensor_220w_mtp,0,100,11669,196.88,63,1665,9251,3,16
1784679895.283,real_q6xl_tensor_220w_mtp,1,100,11669,201.14,67,1530,9251,3,16
1784679895.283,real_q6xl_tensor_220w_mtp,2,100,11669,200.81,72,1500,9251,3,16
1784679895.283,real_q6xl_tensor_220w_mtp,3,79,11669,201.73,68,1590,9251,3,16
1784679895.896,real_q6xl_tensor_220w_mtp,0,38,11669,186.67,61,1890,9251,3,16
1784679895.896,real_q6xl_tensor_220w_mtp,1,100,11669,198.65,66,1905,9251,3,16
1784679895.896,real_q6xl_tensor_220w_mtp,2,100,11669,193.12,70,1785,9251,3,16
1784679895.896,real_q6xl_tensor_220w_mtp,3,38,11669,195.04,66,1905,9251,3,16
1784679896.490,real_q6xl_tensor_220w_mtp,0,38,11669,166.75,62,1665,9251,3,16
1784679896.490,real_q6xl_tensor_220w_mtp,1,75,11669,179.32,66,1395,9251,3,16
1784679896.490,real_q6xl_tensor_220w_mtp,2,83,11669,169.84,71,1635,9251,3,16
1784679896.490,real_q6xl_tensor_220w_mtp,3,38,11669,178.77,68,1440,9251,3,16
1784679897.073,real_q6xl_tensor_220w_mtp,0,28,11669,178.71,62,1650,9251,3,16
1784679897.073,real_q6xl_tensor_220w_mtp,1,61,11669,197.30,67,1410,9251,3,16
1784679897.073,real_q6xl_tensor_220w_mtp,2,83,11669,192.71,71,1425,9251,3,16
1784679897.073,real_q6xl_tensor_220w_mtp,3,100,11669,194.51,68,1470,9251,3,16
1784679897.852,real_q6xl_tensor_220w_mtp,0,100,11669,196.21,61,1455,9251,3,16
1784679897.852,real_q6xl_tensor_220w_mtp,1,44,11669,203.66,65,1410,9251,3,16
1784679897.852,real_q6xl_tensor_220w_mtp,2,61,11669,199.16,70,1380,9251,3,16
1784679897.852,real_q6xl_tensor_220w_mtp,3,100,11669,202.31,67,1485,9251,3,16
1784679898.446,real_q6xl_tensor_220w_mtp,0,100,11669,205.00,63,1710,9251,3,16
1784679898.446,real_q6xl_tensor_220w_mtp,1,44,11669,204.18,67,1755,9251,3,16
1784679898.446,real_q6xl_tensor_220w_mtp,2,65,11669,203.13,72,1665,9251,3,16
1784679898.446,real_q6xl_tensor_220w_mtp,3,100,11669,207.50,68,1770,9251,3,16
1784679899.038,real_q6xl_tensor_220w_mtp,0,100,11669,203.91,63,1530,9251,3,16
1784679899.038,real_q6xl_tensor_220w_mtp,1,100,11669,204.91,67,1455,9251,3,16
1784679899.038,real_q6xl_tensor_220w_mtp,2,65,11669,205.23,72,1410,9251,3,16
1784679899.038,real_q6xl_tensor_220w_mtp,3,100,11669,206.96,68,1500,9251,3,16
1784679899.611,real_q6xl_tensor_220w_mtp,0,40,11669,181.28,61,1920,9251,3,16
1784679899.611,real_q6xl_tensor_220w_mtp,1,100,11669,183.87,66,1890,9251,3,16
1784679899.611,real_q6xl_tensor_220w_mtp,2,37,11669,185.03,70,1890,9251,3,16
1784679899.611,real_q6xl_tensor_220w_mtp,3,38,11669,190.06,66,1905,9251,3,16
1784679900.222,real_q6xl_tensor_220w_mtp,0,40,11669,166.35,63,1485,9251,3,16
1784679900.222,real_q6xl_tensor_220w_mtp,1,100,11669,176.68,67,1380,9251,3,16
1784679900.222,real_q6xl_tensor_220w_mtp,2,37,11669,173.13,72,1455,9251,3,16
1784679900.222,real_q6xl_tensor_220w_mtp,3,38,11669,177.82,68,1455,9251,3,16
1784679900.827,real_q6xl_tensor_220w_mtp,0,100,11669,193.84,63,1515,9251,3,16
1784679900.827,real_q6xl_tensor_220w_mtp,1,93,11669,201.19,67,1530,9251,3,16
1784679900.827,real_q6xl_tensor_220w_mtp,2,100,11669,202.35,72,1530,9251,3,16
1784679900.827,real_q6xl_tensor_220w_mtp,3,100,11669,198.84,68,1410,9251,3,16
1784679901.427,real_q6xl_tensor_220w_mtp,0,100,11669,196.05,63,1665,9251,3,16
1784679901.427,real_q6xl_tensor_220w_mtp,1,100,11669,199.74,67,1485,9251,3,16
1784679901.427,real_q6xl_tensor_220w_mtp,2,100,11669,198.51,72,1620,9251,3,16
1784679901.427,real_q6xl_tensor_220w_mtp,3,100,11669,201.35,68,1515,9251,3,16
1784679902.065,real_q6xl_tensor_220w_mtp,0,22,11669,194.84,61,1470,9251,3,16
1784679902.065,real_q6xl_tensor_220w_mtp,1,100,11669,200.12,65,1425,9251,3,16
1784679902.065,real_q6xl_tensor_220w_mtp,2,65,11669,199.65,70,1425,9251,3,16
1784679902.065,real_q6xl_tensor_220w_mtp,3,26,11669,198.50,67,1485,9251,3,16
1784679902.643,real_q6xl_tensor_220w_mtp,0,22,11669,205.87,63,1815,9251,3,16
1784679902.643,real_q6xl_tensor_220w_mtp,1,81,11669,202.16,66,1785,9251,3,16
1784679902.643,real_q6xl_tensor_220w_mtp,2,65,11669,206.60,70,1785,9251,3,16
1784679902.643,real_q6xl_tensor_220w_mtp,3,26,11669,205.43,68,1800,9251,3,16
1784679903.253,real_q6xl_tensor_220w_mtp,0,25,11669,177.90,62,1845,9251,3,16
1784679903.253,real_q6xl_tensor_220w_mtp,1,81,11669,178.38,65,1755,9251,3,16
1784679903.253,real_q6xl_tensor_220w_mtp,2,21,11669,181.20,70,1845,9251,3,16
1784679903.253,real_q6xl_tensor_220w_mtp,3,37,11669,184.74,66,1785,9251,3,16
1784679903.815,real_q6xl_tensor_220w_mtp,0,100,11669,169.92,63,1665,9251,3,16
1784679903.815,real_q6xl_tensor_220w_mtp,1,100,11669,175.40,66,1575,9251,3,16
1784679903.815,real_q6xl_tensor_220w_mtp,2,100,11669,171.42,71,1395,9251,3,16
1784679903.815,real_q6xl_tensor_220w_mtp,3,100,11669,180.94,68,1605,9251,3,16
1784679904.394,real_q6xl_tensor_220w_mtp,0,100,11669,199.62,63,1470,9251,3,16
1784679904.394,real_q6xl_tensor_220w_mtp,1,100,11669,199.83,67,1545,9251,3,16
1784679904.394,real_q6xl_tensor_220w_mtp,2,100,11669,199.70,72,1455,9251,3,16
1784679904.394,real_q6xl_tensor_220w_mtp,3,100,11669,204.90,68,1590,9251,3,16
1784679904.987,real_q6xl_tensor_220w_mtp,0,100,11669,196.49,63,1575,9251,3,16
1784679904.987,real_q6xl_tensor_220w_mtp,1,100,11669,201.26,67,1335,9251,3,16
1784679904.987,real_q6xl_tensor_220w_mtp,2,100,11669,198.37,72,1605,9251,3,16
1784679904.987,real_q6xl_tensor_220w_mtp,3,100,11669,201.02,68,1395,9251,3,16
1784679905.582,real_q6xl_tensor_220w_mtp,0,42,11669,195.97,61,1605,9251,3,16
1784679905.582,real_q6xl_tensor_220w_mtp,1,100,11669,198.38,67,1485,9251,3,16
1784679905.582,real_q6xl_tensor_220w_mtp,2,54,11669,199.40,71,1575,9251,3,16
1784679905.582,real_q6xl_tensor_220w_mtp,3,84,11669,200.65,66,1530,9251,3,16
1784679906.171,real_q6xl_tensor_220w_mtp,0,42,11669,205.07,63,1680,9251,3,16
1784679906.171,real_q6xl_tensor_220w_mtp,1,97,11669,204.56,66,1635,9251,3,16
1784679906.171,real_q6xl_tensor_220w_mtp,2,54,11669,206.00,70,1665,9251,3,16
1784679906.171,real_q6xl_tensor_220w_mtp,3,84,11669,205.46,68,1665,9251,3,16
1784679906.749,real_q6xl_tensor_220w_mtp,0,37,11669,178.77,62,1740,9251,3,16
1784679906.749,real_q6xl_tensor_220w_mtp,1,97,11669,186.06,65,1785,9251,3,16
1784679906.749,real_q6xl_tensor_220w_mtp,2,30,11669,181.53,69,1650,9251,3,16
1784679906.749,real_q6xl_tensor_220w_mtp,3,39,11669,185.62,67,1800,9251,3,16
1784679907.309,real_q6xl_tensor_220w_mtp,0,100,11669,171.93,63,1590,9251,3,16
1784679907.309,real_q6xl_tensor_220w_mtp,1,100,11669,177.50,67,1350,9251,3,16
1784679907.309,real_q6xl_tensor_220w_mtp,2,100,11669,170.41,71,1605,9251,3,16
1784679907.309,real_q6xl_tensor_220w_mtp,3,100,11669,182.69,68,1395,9251,3,16
1784679907.883,real_q6xl_tensor_220w_mtp,0,100,11669,192.15,63,1530,9251,3,16
1784679907.883,real_q6xl_tensor_220w_mtp,1,100,11669,200.75,67,1560,9251,3,16
1784679907.883,real_q6xl_tensor_220w_mtp,2,100,11669,199.67,71,1425,9251,3,16
1784679907.883,real_q6xl_tensor_220w_mtp,3,100,11669,197.79,68,1590,9251,3,16
1784679908.452,real_q6xl_tensor_220w_mtp,0,100,11669,198.72,63,1635,9251,3,16
1784679908.452,real_q6xl_tensor_220w_mtp,1,100,11669,201.07,67,1380,9251,3,16
1784679908.452,real_q6xl_tensor_220w_mtp,2,100,11669,200.42,71,1590,9251,3,16
1784679908.452,real_q6xl_tensor_220w_mtp,3,100,11669,202.08,68,1425,9251,3,16
1784679909.046,real_q6xl_tensor_220w_mtp,0,59,11669,197.93,61,1905,9251,3,16
1784679909.046,real_q6xl_tensor_220w_mtp,1,100,11669,205.46,67,1905,9251,3,16
1784679909.046,real_q6xl_tensor_220w_mtp,2,85,11669,203.12,70,1845,9251,3,16
1784679909.046,real_q6xl_tensor_220w_mtp,3,43,11669,201.46,66,1905,9251,3,16
1784679909.608,real_q6xl_tensor_220w_mtp,0,59,11669,203.88,63,1440,9251,3,16
1784679909.608,real_q6xl_tensor_220w_mtp,1,100,11669,205.07,67,1350,9251,3,16
1784679909.608,real_q6xl_tensor_220w_mtp,2,85,11669,205.30,72,1440,9251,3,16
1784679909.608,real_q6xl_tensor_220w_mtp,3,43,11669,205.71,68,1425,9251,3,16
1784679910.176,real_q6xl_tensor_220w_mtp,0,31,11669,183.97,62,1905,9251,3,16
1784679910.176,real_q6xl_tensor_220w_mtp,1,100,11669,188.62,65,1845,9251,3,16
1784679910.176,real_q6xl_tensor_220w_mtp,2,21,11669,186.33,70,1875,9251,3,16
1784679910.176,real_q6xl_tensor_220w_mtp,3,38,11669,191.01,66,1860,9251,3,16
1784679910.735,real_q6xl_tensor_220w_mtp,0,31,11669,164.79,63,1680,9251,3,16
1784679910.735,real_q6xl_tensor_220w_mtp,1,100,11669,176.12,67,1440,9251,3,16
1784679910.735,real_q6xl_tensor_220w_mtp,2,21,11669,167.94,71,1620,9251,3,16
1784679910.735,real_q6xl_tensor_220w_mtp,3,38,11669,176.33,67,1605,9251,3,16
1784679911.324,real_q6xl_tensor_220w_mtp,0,100,11669,194.15,63,1515,9251,3,16
1784679911.324,real_q6xl_tensor_220w_mtp,1,60,11669,196.07,67,1335,9251,3,16
1784679911.324,real_q6xl_tensor_220w_mtp,2,100,11669,190.56,71,1575,9251,3,16
1784679911.324,real_q6xl_tensor_220w_mtp,3,100,11669,200.93,68,1395,9251,3,16
1784679911.893,real_q6xl_tensor_220w_mtp,0,100,11669,198.57,61,1920,9251,3,16
1784679911.893,real_q6xl_tensor_220w_mtp,1,21,11669,196.78,66,1845,9251,3,16
1784679911.893,real_q6xl_tensor_220w_mtp,2,100,11669,197.33,72,1905,9251,3,16
1784679911.893,real_q6xl_tensor_220w_mtp,3,100,11669,202.07,66,1845,9251,3,16
1784679912.461,real_q6xl_tensor_220w_mtp,0,100,11669,201.93,63,1620,9251,3,16
1784679912.461,real_q6xl_tensor_220w_mtp,1,21,11669,204.49,67,1560,9251,3,16
1784679912.461,real_q6xl_tensor_220w_mtp,2,100,11669,203.45,72,1470,9251,3,16
1784679912.461,real_q6xl_tensor_220w_mtp,3,100,11669,207.09,68,1590,9251,3,16
1784679913.028,real_q6xl_tensor_220w_mtp,0,100,11669,203.26,63,1500,9251,3,16
1784679913.028,real_q6xl_tensor_220w_mtp,1,100,11669,208.84,67,1320,9251,3,16
1784679913.028,real_q6xl_tensor_220w_mtp,2,100,11669,207.57,72,1500,9251,3,16
1784679913.028,real_q6xl_tensor_220w_mtp,3,100,11669,207.34,68,1380,9251,3,16
1784679913.596,real_q6xl_tensor_220w_mtp,0,38,11669,185.12,62,1890,9251,3,16
1784679913.596,real_q6xl_tensor_220w_mtp,1,100,11669,182.38,65,1710,9251,3,16
1784679913.596,real_q6xl_tensor_220w_mtp,2,32,11669,185.86,69,1875,9251,3,16
1784679913.596,real_q6xl_tensor_220w_mtp,3,32,11669,184.94,67,1860,9251,3,16
1784679914.156,real_q6xl_tensor_220w_mtp,0,38,11669,164.35,63,1635,9251,3,16
1784679914.156,real_q6xl_tensor_220w_mtp,1,100,11669,160.44,66,1335,9251,3,16
1784679914.156,real_q6xl_tensor_220w_mtp,2,32,11669,169.26,71,1560,9251,3,16
1784679914.156,real_q6xl_tensor_220w_mtp,3,32,11669,175.10,67,1590,9251,3,16
1784679914.725,real_q6xl_tensor_220w_mtp,0,31,11669,184.42,61,1485,9251,3,16
1784679914.725,real_q6xl_tensor_220w_mtp,1,100,11669,174.62,65,1215,9251,3,16
1784679914.725,real_q6xl_tensor_220w_mtp,2,33,11669,183.96,69,1515,9251,3,16
1784679914.725,real_q6xl_tensor_220w_mtp,3,46,11669,189.66,68,1365,9251,3,16
1784679915.295,real_q6xl_tensor_220w_mtp,0,100,11669,201.07,62,1650,9251,3,16
1784679915.295,real_q6xl_tensor_220w_mtp,1,100,11669,200.45,67,1530,9251,3,16
1784679915.295,real_q6xl_tensor_220w_mtp,2,100,11669,205.52,71,1440,9251,3,16
1784679915.295,real_q6xl_tensor_220w_mtp,3,100,11669,203.79,68,1575,9251,3,16
1784679915.866,real_q6xl_tensor_220w_mtp,0,100,11669,201.23,63,1455,9251,3,16
1784679915.866,real_q6xl_tensor_220w_mtp,1,100,11669,200.74,67,1365,9251,3,16
1784679915.866,real_q6xl_tensor_220w_mtp,2,100,11669,203.70,71,1425,9251,3,16
1784679915.866,real_q6xl_tensor_220w_mtp,3,100,11669,205.29,68,1410,9251,3,16
1784679916.433,real_q6xl_tensor_220w_mtp,0,100,11669,193.14,62,1455,9251,3,16
1784679916.433,real_q6xl_tensor_220w_mtp,1,100,11669,199.64,67,1545,9251,3,16
1784679916.433,real_q6xl_tensor_220w_mtp,2,100,11669,201.00,71,1425,9251,3,16
1784679916.433,real_q6xl_tensor_220w_mtp,3,100,11669,199.60,68,1590,9251,3,16
1784679917.023,real_q6xl_tensor_220w_mtp,0,34,11669,186.08,61,1890,9251,3,16
1784679917.023,real_q6xl_tensor_220w_mtp,1,100,11669,192.35,66,1905,9251,3,16
1784679917.023,real_q6xl_tensor_220w_mtp,2,39,11669,192.95,70,1845,9251,3,16
1784679917.023,real_q6xl_tensor_220w_mtp,3,40,11669,192.68,66,1905,9251,3,16
1784679917.607,real_q6xl_tensor_220w_mtp,0,21,11669,162.56,60,1620,9251,3,16
1784679917.607,real_q6xl_tensor_220w_mtp,1,45,11669,173.96,66,1560,9251,3,16
1784679917.607,real_q6xl_tensor_220w_mtp,2,20,11669,167.53,71,1530,9251,3,16
1784679917.607,real_q6xl_tensor_220w_mtp,3,50,11669,174.91,67,1575,9251,3,16
1784679918.198,real_q6xl_tensor_220w_mtp,0,100,11669,181.71,63,1815,9251,3,16
1784679918.198,real_q6xl_tensor_220w_mtp,1,45,11669,190.79,66,1770,9251,3,16
1784679918.198,real_q6xl_tensor_220w_mtp,2,94,11669,190.37,71,1680,9251,3,16
1784679918.198,real_q6xl_tensor_220w_mtp,3,52,11669,184.52,68,1650,9251,3,16
1784679918.757,real_q6xl_tensor_220w_mtp,0,100,11669,204.53,63,1650,9251,3,16
1784679918.757,real_q6xl_tensor_220w_mtp,1,100,11669,203.31,67,1515,9251,3,16
1784679918.757,real_q6xl_tensor_220w_mtp,2,94,11669,210.95,71,1545,9251,3,16
1784679918.757,real_q6xl_tensor_220w_mtp,3,52,11669,203.07,67,1575,9251,3,16
1784679919.325,real_q6xl_tensor_220w_mtp,0,100,11669,200.14,63,1500,9251,3,16
1784679919.325,real_q6xl_tensor_220w_mtp,1,77,11669,197.28,66,1335,9251,3,16
1784679919.325,real_q6xl_tensor_220w_mtp,2,100,11669,202.15,72,1530,9251,3,16
1784679919.325,real_q6xl_tensor_220w_mtp,3,100,11669,202.47,68,1365,9251,3,16
1784679919.894,real_q6xl_tensor_220w_mtp,0,100,11669,196.13,62,1500,9251,3,16
1784679919.894,real_q6xl_tensor_220w_mtp,1,100,11669,198.31,67,1335,9251,3,16
1784679919.894,real_q6xl_tensor_220w_mtp,2,100,11669,201.53,71,1605,9251,3,16
1784679919.894,real_q6xl_tensor_220w_mtp,3,100,11669,199.30,68,1380,9251,3,16
1784679920.463,real_q6xl_tensor_220w_mtp,0,68,11669,198.44,61,1905,9251,3,16
1784679920.463,real_q6xl_tensor_220w_mtp,1,100,11669,195.37,67,1890,9251,3,16
1784679920.463,real_q6xl_tensor_220w_mtp,2,15,11669,201.15,72,1860,9251,3,16
1784679920.463,real_q6xl_tensor_220w_mtp,3,71,11669,201.41,66,1890,9251,3,16
1784679921.021,real_q6xl_tensor_220w_mtp,0,68,11669,169.90,60,1890,9251,3,16
1784679921.021,real_q6xl_tensor_220w_mtp,1,38,11669,181.22,65,1905,9251,3,16
1784679921.021,real_q6xl_tensor_220w_mtp,2,15,11669,181.70,69,1800,9251,3,16
1784679921.021,real_q6xl_tensor_220w_mtp,3,71,11669,178.34,65,1905,9251,3,16
1784679921.579,real_q6xl_tensor_220w_mtp,0,100,11669,166.03,63,1635,9251,3,16
1784679921.579,real_q6xl_tensor_220w_mtp,1,38,11669,180.59,66,1560,9251,3,16
1784679921.579,real_q6xl_tensor_220w_mtp,2,100,11669,175.48,71,1590,9251,3,16
1784679921.579,real_q6xl_tensor_220w_mtp,3,100,11669,177.46,68,1590,9251,3,16
1784679922.146,real_q6xl_tensor_220w_mtp,0,100,11669,193.41,62,1455,9251,3,16
1784679922.146,real_q6xl_tensor_220w_mtp,1,100,11669,202.24,66,1380,9251,3,16
1784679922.146,real_q6xl_tensor_220w_mtp,2,100,11669,193.10,71,1440,9251,3,16
1784679922.146,real_q6xl_tensor_220w_mtp,3,100,11669,200.38,68,1440,9251,3,16
1784679922.713,real_q6xl_tensor_220w_mtp,0,21,11669,194.54,62,1665,9251,3,16
1784679922.713,real_q6xl_tensor_220w_mtp,1,100,11669,197.93,66,1335,9251,3,16
1784679922.713,real_q6xl_tensor_220w_mtp,2,64,11669,198.17,71,1605,9251,3,16
1784679922.713,real_q6xl_tensor_220w_mtp,3,100,11669,199.18,66,1380,9251,3,16
1784679923.281,real_q6xl_tensor_220w_mtp,0,21,11669,201.88,63,1815,9251,3,16
1784679923.281,real_q6xl_tensor_220w_mtp,1,85,11669,201.86,65,1755,9251,3,16
1784679923.281,real_q6xl_tensor_220w_mtp,2,87,11669,206.15,72,1800,9251,3,16
1784679923.281,real_q6xl_tensor_220w_mtp,3,100,11669,203.50,67,1785,9251,3,16
1784679923.841,real_q6xl_tensor_220w_mtp,0,100,11669,204.04,63,1650,9251,3,16
1784679923.841,real_q6xl_tensor_220w_mtp,1,100,11669,202.46,66,1515,9251,3,16
1784679923.841,real_q6xl_tensor_220w_mtp,2,100,11669,211.08,72,1620,9251,3,16
1784679923.841,real_q6xl_tensor_220w_mtp,3,100,11669,203.31,68,1560,9251,3,16
1784679924.409,real_q6xl_tensor_220w_mtp,0,100,11669,184.03,61,1920,9251,3,16
1784679924.409,real_q6xl_tensor_220w_mtp,1,37,11669,184.35,65,1905,9251,3,16
1784679924.409,real_q6xl_tensor_220w_mtp,2,100,11669,188.16,69,1890,9251,3,16
1784679924.409,real_q6xl_tensor_220w_mtp,3,100,11669,187.35,66,1920,9251,3,16
1784679924.970,real_q6xl_tensor_220w_mtp,0,100,11669,164.55,63,1620,9251,3,16
1784679924.970,real_q6xl_tensor_220w_mtp,1,37,11669,172.80,66,1380,9251,3,16
1784679924.970,real_q6xl_tensor_220w_mtp,2,100,11669,169.99,71,1620,9251,3,16
1784679924.970,real_q6xl_tensor_220w_mtp,3,100,11669,173.37,67,1425,9251,3,16
1784679925.537,real_q6xl_tensor_220w_mtp,0,100,11669,187.84,63,1545,9251,3,16
1784679925.537,real_q6xl_tensor_220w_mtp,1,25,11669,185.90,65,1335,9251,3,16
1784679925.537,real_q6xl_tensor_220w_mtp,2,100,11669,187.66,71,1560,9251,3,16
1784679925.537,real_q6xl_tensor_220w_mtp,3,100,11669,191.78,67,1380,9251,3,16
1784679926.108,real_q6xl_tensor_220w_mtp,0,100,11669,207.18,63,1560,9251,3,16
1784679926.108,real_q6xl_tensor_220w_mtp,1,25,11669,204.25,67,1305,9251,3,16
1784679926.108,real_q6xl_tensor_220w_mtp,2,100,11669,213.81,72,1620,9251,3,16
1784679926.108,real_q6xl_tensor_220w_mtp,3,94,11669,203.58,68,1350,9251,3,16
1784679926.670,real_q6xl_tensor_220w_mtp,0,100,11669,207.27,63,1650,9251,3,16
1784679926.670,real_q6xl_tensor_220w_mtp,1,100,11669,203.98,66,1335,9251,3,16
1784679926.670,real_q6xl_tensor_220w_mtp,2,100,11669,213.67,72,1605,9251,3,16
1784679926.670,real_q6xl_tensor_220w_mtp,3,94,11669,203.24,68,1380,9251,3,16
1784679927.239,real_q6xl_tensor_220w_mtp,0,100,11669,201.76,63,1635,9251,3,16
1784679927.239,real_q6xl_tensor_220w_mtp,1,100,11669,204.12,67,1380,9251,3,16
1784679927.239,real_q6xl_tensor_220w_mtp,2,100,11669,211.20,72,1635,9251,3,16
1784679927.239,real_q6xl_tensor_220w_mtp,3,100,11669,199.20,68,1425,9251,3,16
1784679927.837,real_q6xl_tensor_220w_mtp,0,47,11669,192.51,61,1905,9251,3,16
1784679927.837,real_q6xl_tensor_220w_mtp,1,39,11669,196.46,65,1875,9251,3,16
1784679927.837,real_q6xl_tensor_220w_mtp,2,59,11669,200.65,71,1860,9251,3,16
1784679927.837,real_q6xl_tensor_220w_mtp,3,41,11669,192.51,66,1890,9251,3,16
1784679928.398,real_q6xl_tensor_220w_mtp,0,76,11669,165.95,60,1470,9251,3,16
1784679928.398,real_q6xl_tensor_220w_mtp,1,39,11669,171.01,66,1410,9251,3,16
1784679928.398,real_q6xl_tensor_220w_mtp,2,50,11669,169.83,71,1395,9251,3,16
1784679928.398,real_q6xl_tensor_220w_mtp,3,41,11669,174.29,67,1515,9251,3,16
1784679928.990,real_q6xl_tensor_220w_mtp,0,76,11669,177.67,63,1545,9251,3,16
1784679928.990,real_q6xl_tensor_220w_mtp,1,100,11669,188.26,67,1305,9251,3,16
1784679928.990,real_q6xl_tensor_220w_mtp,2,50,11669,188.69,72,1590,9251,3,16
1784679928.990,real_q6xl_tensor_220w_mtp,3,100,11669,186.42,67,1365,9251,3,16
1784679929.551,real_q6xl_tensor_220w_mtp,0,100,11669,204.67,63,1620,9251,3,16
1784679929.551,real_q6xl_tensor_220w_mtp,1,100,11669,203.33,66,1380,9251,3,16
1784679929.551,real_q6xl_tensor_220w_mtp,2,100,11669,210.49,72,1575,9251,3,16
1784679929.551,real_q6xl_tensor_220w_mtp,3,100,11669,203.19,68,1425,9251,3,16
1784679930.121,real_q6xl_tensor_220w_mtp,0,100,11669,206.04,63,1635,9251,3,16
1784679930.121,real_q6xl_tensor_220w_mtp,1,100,11669,200.46,67,1560,9251,3,16
1784679930.121,real_q6xl_tensor_220w_mtp,2,100,11669,202.89,71,1470,9251,3,16
1784679930.121,real_q6xl_tensor_220w_mtp,3,100,11669,202.64,67,1575,9251,3,16
1784679930.689,real_q6xl_tensor_220w_mtp,0,100,11669,202.91,63,1635,9251,3,16
1784679930.689,real_q6xl_tensor_220w_mtp,1,100,11669,201.52,66,1455,9251,3,16
1784679930.689,real_q6xl_tensor_220w_mtp,2,98,11669,198.96,72,1470,9251,3,16
1784679930.689,real_q6xl_tensor_220w_mtp,3,100,11669,201.13,68,1485,9251,3,16
1784679931.281,real_q6xl_tensor_220w_mtp,0,100,11669,211.15,63,1905,9251,3,16
1784679931.281,real_q6xl_tensor_220w_mtp,1,48,11669,204.39,65,1890,9251,3,16
1784679931.281,real_q6xl_tensor_220w_mtp,2,69,11669,200.17,70,1860,9251,3,16
1784679931.281,real_q6xl_tensor_220w_mtp,3,97,11669,207.88,67,1890,9251,3,16
1784679931.839,real_q6xl_tensor_220w_mtp,0,32,11669,178.96,62,1800,9251,3,16
1784679931.839,real_q6xl_tensor_220w_mtp,1,32,11669,183.75,64,1815,9251,3,16
1784679931.839,real_q6xl_tensor_220w_mtp,2,25,11669,177.40,69,1665,9251,3,16
1784679931.839,real_q6xl_tensor_220w_mtp,3,97,11669,184.91,66,1815,9251,3,16
1784679932.400,real_q6xl_tensor_220w_mtp,0,32,11669,168.67,62,1665,9251,3,16
1784679932.400,real_q6xl_tensor_220w_mtp,1,100,11669,176.91,67,1575,9251,3,16
1784679932.400,real_q6xl_tensor_220w_mtp,2,25,11669,168.91,71,1590,9251,3,16
1784679932.400,real_q6xl_tensor_220w_mtp,3,100,11669,179.79,68,1605,9251,3,16
1784679932.993,real_q6xl_tensor_220w_mtp,0,100,11669,197.00,62,1590,9251,3,16
1784679932.993,real_q6xl_tensor_220w_mtp,1,100,11669,198.66,67,1335,9251,3,16
1784679932.993,real_q6xl_tensor_220w_mtp,2,100,11669,194.33,71,1620,9251,3,16
1784679932.993,real_q6xl_tensor_220w_mtp,3,100,11669,202.35,67,1365,9251,3,16
1784679933.584,real_q6xl_tensor_220w_mtp,0,100,11669,197.44,63,1620,9251,3,16
1784679933.584,real_q6xl_tensor_220w_mtp,1,68,11669,200.11,66,1545,9251,3,16
1784679933.584,real_q6xl_tensor_220w_mtp,2,100,11669,201.51,71,1500,9251,3,16
1784679933.584,real_q6xl_tensor_220w_mtp,3,40,11669,199.60,67,1560,9251,3,16
1784679934.152,real_q6xl_tensor_220w_mtp,0,100,11669,210.47,64,1800,9251,3,16
1784679934.152,real_q6xl_tensor_220w_mtp,1,68,11669,206.55,67,1770,9251,3,16
1784679934.152,real_q6xl_tensor_220w_mtp,2,100,11669,203.78,71,1485,9251,3,16
1784679934.152,real_q6xl_tensor_220w_mtp,3,40,11669,208.58,68,1650,9251,3,16
1784679934.712,real_q6xl_tensor_220w_mtp,0,100,11669,208.04,63,1500,9251,3,16
1784679934.712,real_q6xl_tensor_220w_mtp,1,100,11669,210.78,67,1500,9251,3,16
1784679934.712,real_q6xl_tensor_220w_mtp,2,100,11669,203.95,72,1425,9251,3,16
1784679934.712,real_q6xl_tensor_220w_mtp,3,100,11669,212.92,68,1560,9251,3,16
1784679935.280,real_q6xl_tensor_220w_mtp,0,21,11669,182.16,61,1920,9251,3,16
1784679935.280,real_q6xl_tensor_220w_mtp,1,100,11669,191.25,65,1905,9251,3,16
1784679935.280,real_q6xl_tensor_220w_mtp,2,27,11669,181.73,69,1890,9251,3,16
1784679935.280,real_q6xl_tensor_220w_mtp,3,40,11669,194.97,66,1830,9251,3,16
1784679935.841,real_q6xl_tensor_220w_mtp,0,51,11669,161.17,63,1485,9251,3,16
1784679935.841,real_q6xl_tensor_220w_mtp,1,100,11669,174.78,66,1500,9251,3,16
1784679935.841,real_q6xl_tensor_220w_mtp,2,27,11669,165.81,71,1410,9251,3,16
1784679935.841,real_q6xl_tensor_220w_mtp,3,100,11669,170.71,67,1560,9251,3,16
1784679936.410,real_q6xl_tensor_220w_mtp,0,37,11669,182.51,63,1470,9251,3,16
1784679936.410,real_q6xl_tensor_220w_mtp,1,100,11669,195.22,65,1425,9251,3,16
1784679936.410,real_q6xl_tensor_220w_mtp,2,91,11669,188.51,69,1380,9251,3,16
1784679936.410,real_q6xl_tensor_220w_mtp,3,100,11669,192.32,68,1485,9251,3,16
1784679937.023,real_q6xl_tensor_220w_mtp,0,37,11669,202.87,63,1695,9251,3,16
1784679937.023,real_q6xl_tensor_220w_mtp,1,100,11669,203.42,66,1560,9251,3,16
1784679937.023,real_q6xl_tensor_220w_mtp,2,91,11669,204.67,72,1575,9251,3,16
1784679937.023,real_q6xl_tensor_220w_mtp,3,100,11669,206.45,68,1635,9251,3,16
1784679937.602,real_q6xl_tensor_220w_mtp,0,100,11669,204.48,63,1470,9251,3,16
1784679937.602,real_q6xl_tensor_220w_mtp,1,100,11669,205.87,67,1560,9251,3,16
1784679937.602,real_q6xl_tensor_220w_mtp,2,100,11669,206.59,71,1410,9251,3,16
1784679937.602,real_q6xl_tensor_220w_mtp,3,100,11669,208.43,68,1605,9251,3,16
1784679938.203,real_q6xl_tensor_220w_mtp,0,100,11669,202.53,63,1605,9251,3,16
1784679938.203,real_q6xl_tensor_220w_mtp,1,100,11669,205.87,67,1365,9251,3,16
1784679938.203,real_q6xl_tensor_220w_mtp,2,100,11669,200.72,71,1635,9251,3,16
1784679938.203,real_q6xl_tensor_220w_mtp,3,100,11669,212.00,68,1380,9251,3,16
1784679938.772,real_q6xl_tensor_220w_mtp,0,31,11669,193.29,62,1905,9251,3,16
1784679938.772,real_q6xl_tensor_220w_mtp,1,100,11669,192.20,65,1890,9251,3,16
1784679938.772,real_q6xl_tensor_220w_mtp,2,23,11669,188.91,70,1740,9251,3,16
1784679938.772,real_q6xl_tensor_220w_mtp,3,100,11669,197.56,66,1875,9251,3,16
1784679939.331,real_q6xl_tensor_220w_mtp,0,22,11669,163.69,61,1425,9251,3,16
1784679939.331,real_q6xl_tensor_220w_mtp,1,23,11669,172.30,64,1335,9251,3,16
1784679939.331,real_q6xl_tensor_220w_mtp,2,25,11669,159.04,68,1380,9251,3,16
1784679939.331,real_q6xl_tensor_220w_mtp,3,36,11669,170.22,67,1410,9251,3,16
1784679939.909,real_q6xl_tensor_220w_mtp,0,100,11669,165.77,62,1650,9251,3,16
1784679939.909,real_q6xl_tensor_220w_mtp,1,23,11669,172.86,66,1320,9251,3,16
1784679939.909,real_q6xl_tensor_220w_mtp,2,100,11669,155.19,70,1545,9251,3,16
1784679939.909,real_q6xl_tensor_220w_mtp,3,36,11669,178.88,67,1560,9251,3,16
1784679940.475,real_q6xl_tensor_220w_mtp,0,100,11669,205.59,63,1650,9251,3,16
1784679940.475,real_q6xl_tensor_220w_mtp,1,100,11669,203.21,66,1500,9251,3,16
1784679940.475,real_q6xl_tensor_220w_mtp,2,100,11669,204.18,72,1605,9251,3,16
1784679940.475,real_q6xl_tensor_220w_mtp,3,100,11669,207.04,68,1560,9251,3,16
1784679941.044,real_q6xl_tensor_220w_mtp,0,100,11669,196.80,63,1455,9251,3,16
1784679941.044,real_q6xl_tensor_220w_mtp,1,100,11669,199.75,67,1575,9251,3,16
1784679941.044,real_q6xl_tensor_220w_mtp,2,100,11669,200.13,71,1395,9251,3,16
1784679941.044,real_q6xl_tensor_220w_mtp,3,100,11669,200.45,68,1605,9251,3,16
1784679941.637,real_q6xl_tensor_220w_mtp,0,100,11669,195.80,62,1605,9251,3,16
1784679941.637,real_q6xl_tensor_220w_mtp,1,26,11669,200.71,65,1410,9251,3,16
1784679941.637,real_q6xl_tensor_220w_mtp,2,100,11669,196.05,69,1560,9251,3,16
1784679941.637,real_q6xl_tensor_220w_mtp,3,63,11669,202.07,68,1440,9251,3,16
1784679942.206,real_q6xl_tensor_220w_mtp,0,100,11669,203.87,63,1650,9251,3,16
1784679942.206,real_q6xl_tensor_220w_mtp,1,26,11669,208.65,67,1560,9251,3,16
1784679942.206,real_q6xl_tensor_220w_mtp,2,100,11669,202.96,72,1590,9251,3,16
1784679942.206,real_q6xl_tensor_220w_mtp,3,63,11669,210.30,68,1590,9251,3,16
1784679942.767,real_q6xl_tensor_220w_mtp,0,100,11669,179.61,60,1890,9251,3,16
1784679942.767,real_q6xl_tensor_220w_mtp,1,35,11669,187.78,66,1905,9251,3,16
1784679942.767,real_q6xl_tensor_220w_mtp,2,100,11669,175.98,70,1875,9251,3,16
1784679942.767,real_q6xl_tensor_220w_mtp,3,42,11669,191.02,66,1905,9251,3,16
1784679943.327,real_q6xl_tensor_220w_mtp,0,100,11669,161.99,63,1665,9251,3,16
1784679943.327,real_q6xl_tensor_220w_mtp,1,84,11669,176.11,67,1560,9251,3,16
1784679943.327,real_q6xl_tensor_220w_mtp,2,100,11669,164.15,71,1395,9251,3,16
1784679943.327,real_q6xl_tensor_220w_mtp,3,100,11669,175.13,67,1575,9251,3,16
1784679943.898,real_q6xl_tensor_220w_mtp,0,100,11669,187.36,63,1545,9251,3,16
1784679943.898,real_q6xl_tensor_220w_mtp,1,100,11669,200.70,67,1320,9251,3,16
1784679943.898,real_q6xl_tensor_220w_mtp,2,100,11669,190.96,71,1590,9251,3,16
1784679943.898,real_q6xl_tensor_220w_mtp,3,100,11669,199.83,67,1365,9251,3,16
1784679944.466,real_q6xl_tensor_220w_mtp,0,97,11669,203.63,62,1875,9251,3,16
1784679944.466,real_q6xl_tensor_220w_mtp,1,100,11669,204.16,67,1890,9251,3,16
1784679944.466,real_q6xl_tensor_220w_mtp,2,46,11669,197.75,71,1845,9251,3,16
1784679944.466,real_q6xl_tensor_220w_mtp,3,100,11669,208.96,67,1890,9251,3,16
1784679945.022,real_q6xl_tensor_220w_mtp,0,97,11669,207.43,63,1665,9251,3,16
1784679945.022,real_q6xl_tensor_220w_mtp,1,100,11669,206.87,67,1515,9251,3,16
1784679945.022,real_q6xl_tensor_220w_mtp,2,46,11669,206.32,71,1605,9251,3,16
1784679945.022,real_q6xl_tensor_220w_mtp,3,100,11669,207.02,68,1560,9251,3,16
1784679945.591,real_q6xl_tensor_220w_mtp,0,100,11669,199.55,63,1650,9251,3,16
1784679945.591,real_q6xl_tensor_220w_mtp,1,100,11669,205.97,67,1530,9251,3,16
1784679945.591,real_q6xl_tensor_220w_mtp,2,100,11669,205.90,72,1515,9251,3,16
1784679945.591,real_q6xl_tensor_220w_mtp,3,100,11669,209.33,67,1560,9251,3,16
1784679946.158,real_q6xl_tensor_220w_mtp,0,100,11669,192.99,61,1875,9251,3,16
1784679946.158,real_q6xl_tensor_220w_mtp,1,34,11669,193.80,65,1890,9251,3,16
1784679946.158,real_q6xl_tensor_220w_mtp,2,100,11669,187.19,70,1830,9251,3,16
1784679946.158,real_q6xl_tensor_220w_mtp,3,41,11669,199.19,67,1890,9251,3,16
1784679946.715,real_q6xl_tensor_220w_mtp,0,27,11669,162.23,60,1635,9251,3,16
1784679946.715,real_q6xl_tensor_220w_mtp,1,34,11669,175.37,64,1290,9251,3,16
1784679946.715,real_q6xl_tensor_220w_mtp,2,23,11669,164.68,68,1710,9251,3,16
1784679946.715,real_q6xl_tensor_220w_mtp,3,41,11669,174.15,67,1365,9251,3,16
1784679947.284,real_q6xl_tensor_220w_mtp,0,27,11669,175.98,62,1410,9251,3,16
1784679947.284,real_q6xl_tensor_220w_mtp,1,100,11669,191.39,67,1350,9251,3,16
1784679947.284,real_q6xl_tensor_220w_mtp,2,100,11669,181.40,71,1560,9251,3,16
1784679947.284,real_q6xl_tensor_220w_mtp,3,100,11669,195.24,68,1410,9251,3,16
1784679947.856,real_q6xl_tensor_220w_mtp,0,100,11669,206.79,63,1500,9251,3,16
1784679947.856,real_q6xl_tensor_220w_mtp,1,100,11669,209.61,67,1545,9251,3,16
1784679947.856,real_q6xl_tensor_220w_mtp,2,100,11669,202.50,71,1395,9251,3,16
1784679947.856,real_q6xl_tensor_220w_mtp,3,100,11669,212.69,68,1575,9251,3,16
1784679948.425,real_q6xl_tensor_220w_mtp,0,100,11669,198.14,63,1665,9251,3,16
1784679948.425,real_q6xl_tensor_220w_mtp,1,100,11669,202.29,67,1485,9251,3,16
1784679948.425,real_q6xl_tensor_220w_mtp,2,57,11669,197.08,71,1455,9251,3,16
1784679948.425,real_q6xl_tensor_220w_mtp,3,100,11669,203.38,67,1530,9251,3,16
1784679948.996,real_q6xl_tensor_220w_mtp,0,100,11669,197.16,61,1560,9251,3,16
1784679948.996,real_q6xl_tensor_220w_mtp,1,100,11669,200.98,65,1185,9251,3,16
1784679948.996,real_q6xl_tensor_220w_mtp,2,24,11669,193.13,70,1605,9251,3,16
1784679948.996,real_q6xl_tensor_220w_mtp,3,100,11669,205.00,66,1320,9251,3,16
1784679949.564,real_q6xl_tensor_220w_mtp,0,100,11669,204.54,63,1425,9251,3,16
1784679949.564,real_q6xl_tensor_220w_mtp,1,100,11669,209.52,67,1320,9251,3,16
1784679949.564,real_q6xl_tensor_220w_mtp,2,24,11669,202.27,71,1560,9251,3,16
1784679949.564,real_q6xl_tensor_220w_mtp,3,100,11669,210.37,68,1380,9251,3,16
1784679950.134,real_q6xl_tensor_220w_mtp,0,100,11669,180.31,61,1890,9251,3,16
1784679950.134,real_q6xl_tensor_220w_mtp,1,100,11669,186.10,65,1755,9251,3,16
1784679950.134,real_q6xl_tensor_220w_mtp,2,31,11669,185.26,69,1875,9251,3,16
1784679950.134,real_q6xl_tensor_220w_mtp,3,100,11669,188.40,66,1860,9251,3,16
1784679950.691,real_q6xl_tensor_220w_mtp,0,100,11669,161.14,62,1620,9251,3,16
1784679950.691,real_q6xl_tensor_220w_mtp,1,100,11669,160.10,66,1545,9251,3,16
1784679950.691,real_q6xl_tensor_220w_mtp,2,31,11669,166.40,71,1470,9251,3,16
1784679950.691,real_q6xl_tensor_220w_mtp,3,100,11669,171.26,67,1560,9251,3,16
1784679951.261,real_q6xl_tensor_220w_mtp,0,100,11669,186.05,62,1650,9251,3,16
1784679951.261,real_q6xl_tensor_220w_mtp,1,100,11669,190.87,65,1515,9251,3,16
1784679951.261,real_q6xl_tensor_220w_mtp,2,100,11669,191.69,69,1620,9251,3,16
1784679951.261,real_q6xl_tensor_220w_mtp,3,100,11669,194.14,68,1560,9251,3,16
1784679951.829,real_q6xl_tensor_220w_mtp,0,100,11669,204.21,62,1680,9251,3,16
1784679951.829,real_q6xl_tensor_220w_mtp,1,100,11669,209.11,66,1575,9251,3,16
1784679951.829,real_q6xl_tensor_220w_mtp,2,100,11669,203.16,71,1515,9251,3,16
1784679951.829,real_q6xl_tensor_220w_mtp,3,100,11669,211.07,68,1635,9251,3,16
1784679952.391,real_q6xl_tensor_220w_mtp,0,100,11669,202.13,63,1575,9251,3,16
1784679952.391,real_q6xl_tensor_220w_mtp,1,100,11669,206.91,66,1305,9251,3,16
1784679952.391,real_q6xl_tensor_220w_mtp,2,100,11669,202.45,71,1605,9251,3,16
1784679952.391,real_q6xl_tensor_220w_mtp,3,100,11669,209.32,68,1350,9251,3,16
1784679952.981,real_q6xl_tensor_220w_mtp,0,100,11669,195.08,63,1665,9251,3,16
1784679952.981,real_q6xl_tensor_220w_mtp,1,100,11669,201.45,66,1515,9251,3,16
1784679952.981,real_q6xl_tensor_220w_mtp,2,100,11669,201.26,72,1650,9251,3,16
1784679952.981,real_q6xl_tensor_220w_mtp,3,100,11669,206.75,67,1440,9251,3,16
1784679953.548,real_q6xl_tensor_220w_mtp,0,100,11669,190.86,62,1725,9251,3,16
1784679953.548,real_q6xl_tensor_220w_mtp,1,100,11669,196.02,65,1485,9251,3,16
1784679953.548,real_q6xl_tensor_220w_mtp,2,42,11669,190.07,69,1575,9251,3,16
1784679953.548,real_q6xl_tensor_220w_mtp,3,100,11669,195.05,67,1290,9251,3,16
1784679954.108,real_q6xl_tensor_220w_mtp,0,23,11669,161.66,60,1920,9251,3,16
1784679954.108,real_q6xl_tensor_220w_mtp,1,4,11669,176.95,64,1905,9251,3,16
1784679954.108,real_q6xl_tensor_220w_mtp,2,42,11669,164.30,68,1830,9251,3,16
1784679954.108,real_q6xl_tensor_220w_mtp,3,1,11669,173.84,66,1920,9251,3,16
1784679954.666,real_q6xl_tensor_220w_mtp,0,23,11669,173.12,62,1665,9251,3,16
1784679954.666,real_q6xl_tensor_220w_mtp,1,4,11669,180.56,67,1500,9251,3,16
1784679954.666,real_q6xl_tensor_220w_mtp,2,100,11669,172.99,71,1485,9251,3,16
1784679954.666,real_q6xl_tensor_220w_mtp,3,1,11669,182.42,67,1530,9251,3,16
1784679955.234,real_q6xl_tensor_220w_mtp,0,100,11669,203.17,63,1530,9251,3,16
1784679955.234,real_q6xl_tensor_220w_mtp,1,100,11669,210.03,67,1530,9251,3,16
1784679955.234,real_q6xl_tensor_220w_mtp,2,100,11669,206.98,71,1395,9251,3,16
1784679955.234,real_q6xl_tensor_220w_mtp,3,100,11669,206.46,68,1575,9251,3,16
1784679955.824,real_q6xl_tensor_220w_mtp,0,57,11669,196.43,63,1635,9251,3,16
1784679955.824,real_q6xl_tensor_220w_mtp,1,57,11669,202.45,66,1575,9251,3,16
1784679955.824,real_q6xl_tensor_220w_mtp,2,76,11669,198.29,71,1605,9251,3,16
1784679955.824,real_q6xl_tensor_220w_mtp,3,70,11669,203.66,68,1620,9251,3,16
1784679956.399,real_q6xl_tensor_220w_mtp,0,100,11669,196.63,63,1800,9251,3,16
1784679956.399,real_q6xl_tensor_220w_mtp,1,94,11669,206.70,66,1830,9251,3,16
1784679956.399,real_q6xl_tensor_220w_mtp,2,76,11669,202.69,71,1770,9251,3,16
1784679956.399,real_q6xl_tensor_220w_mtp,3,44,11669,202.95,68,1845,9251,3,16
1784679956.959,real_q6xl_tensor_220w_mtp,0,100,11669,203.68,63,1410,9251,3,16
1784679956.959,real_q6xl_tensor_220w_mtp,1,94,11669,207.72,67,1320,9251,3,16
1784679956.959,real_q6xl_tensor_220w_mtp,2,100,11669,204.01,71,1365,9251,3,16
1784679956.959,real_q6xl_tensor_220w_mtp,3,44,11669,208.69,68,1395,9251,3,16
1784679957.526,real_q6xl_tensor_220w_mtp,0,44,11669,182.76,61,1890,9251,3,16
1784679957.526,real_q6xl_tensor_220w_mtp,1,43,11669,190.91,66,1905,9251,3,16
1784679957.526,real_q6xl_tensor_220w_mtp,2,100,11669,182.61,69,1770,9251,3,16
1784679957.526,real_q6xl_tensor_220w_mtp,3,43,11669,191.77,66,1875,9251,3,16
1784679958.083,real_q6xl_tensor_220w_mtp,0,44,11669,158.39,62,1650,9251,3,16
1784679958.083,real_q6xl_tensor_220w_mtp,1,43,11669,170.21,65,1530,9251,3,16
1784679958.083,real_q6xl_tensor_220w_mtp,2,100,11669,155.02,71,1620,9251,3,16
1784679958.083,real_q6xl_tensor_220w_mtp,3,43,11669,171.07,67,1560,9251,3,16
1784679958.652,real_q6xl_tensor_220w_mtp,0,95,11669,182.92,61,1920,9251,3,16
1784679958.652,real_q6xl_tensor_220w_mtp,1,49,11669,189.57,65,1905,9251,3,16
1784679958.652,real_q6xl_tensor_220w_mtp,2,100,11669,179.85,71,1875,9251,3,16
1784679958.652,real_q6xl_tensor_220w_mtp,3,75,11669,191.38,66,1905,9251,3,16
1784679959.232,real_q6xl_tensor_220w_mtp,0,100,11669,203.49,63,1455,9251,3,16
1784679959.232,real_q6xl_tensor_220w_mtp,1,100,11669,206.12,67,1515,9251,3,16
1784679959.232,real_q6xl_tensor_220w_mtp,2,100,11669,205.23,71,1365,9251,3,16
1784679959.232,real_q6xl_tensor_220w_mtp,3,100,11669,206.81,68,1560,9251,3,16
1784679959.803,real_q6xl_tensor_220w_mtp,0,100,11669,205.53,63,1425,9251,3,16
1784679959.803,real_q6xl_tensor_220w_mtp,1,100,11669,207.70,66,1305,9251,3,16
1784679959.803,real_q6xl_tensor_220w_mtp,2,100,11669,203.89,71,1380,9251,3,16
1784679959.803,real_q6xl_tensor_220w_mtp,3,100,11669,210.41,68,1380,9251,3,16
1784679960.397,real_q6xl_tensor_220w_mtp,0,100,11669,195.80,63,1650,9251,3,16
1784679960.397,real_q6xl_tensor_220w_mtp,1,100,11669,201.45,66,1395,9251,3,16
1784679960.397,real_q6xl_tensor_220w_mtp,2,100,11669,196.61,71,1635,9251,3,16
1784679960.397,real_q6xl_tensor_220w_mtp,3,100,11669,201.16,68,1425,9251,3,16
1784679960.966,real_q6xl_tensor_220w_mtp,0,94,11669,204.26,62,1890,9251,3,16
1784679960.966,real_q6xl_tensor_220w_mtp,1,49,11669,201.95,65,1890,9251,3,16
1784679960.966,real_q6xl_tensor_220w_mtp,2,100,11669,199.92,71,1815,9251,3,16
1784679960.966,real_q6xl_tensor_220w_mtp,3,98,11669,206.71,68,1845,9251,3,16
1784679961.524,real_q6xl_tensor_220w_mtp,0,94,11669,172.93,62,1770,9251,3,16
1784679961.524,real_q6xl_tensor_220w_mtp,1,49,11669,182.54,64,1560,9251,3,16
1784679961.524,real_q6xl_tensor_220w_mtp,2,22,11669,176.92,69,1815,9251,3,16
1784679961.524,real_q6xl_tensor_220w_mtp,3,98,11669,181.40,67,1365,9251,3,16
1784679962.085,real_q6xl_tensor_220w_mtp,0,100,11669,159.16,63,1635,9251,3,16
1784679962.085,real_q6xl_tensor_220w_mtp,1,100,11669,175.84,66,1515,9251,3,16
1784679962.085,real_q6xl_tensor_220w_mtp,2,22,11669,167.96,71,1575,9251,3,16
1784679962.085,real_q6xl_tensor_220w_mtp,3,100,11669,180.66,67,1560,9251,3,16
1784679962.653,real_q6xl_tensor_220w_mtp,0,100,11669,190.87,63,1515,9251,3,16
1784679962.653,real_q6xl_tensor_220w_mtp,1,100,11669,198.80,66,1530,9251,3,16
1784679962.653,real_q6xl_tensor_220w_mtp,2,100,11669,193.34,71,1395,9251,3,16
1784679962.653,real_q6xl_tensor_220w_mtp,3,100,11669,197.93,67,1575,9251,3,16
1784679963.220,real_q6xl_tensor_220w_mtp,0,62,11669,198.60,63,1875,9251,3,16
1784679963.220,real_q6xl_tensor_220w_mtp,1,93,11669,207.49,66,1890,9251,3,16
1784679963.220,real_q6xl_tensor_220w_mtp,2,100,11669,203.35,70,1845,9251,3,16
1784679963.220,real_q6xl_tensor_220w_mtp,3,43,11669,202.46,66,1890,9251,3,16
1784679963.777,real_q6xl_tensor_220w_mtp,0,62,11669,203.45,63,1620,9251,3,16
1784679963.777,real_q6xl_tensor_220w_mtp,1,93,11669,207.50,67,1485,9251,3,16
1784679963.777,real_q6xl_tensor_220w_mtp,2,100,11669,204.12,71,1575,9251,3,16
1784679963.777,real_q6xl_tensor_220w_mtp,3,100,11669,208.02,68,1530,9251,3,16
1784679964.346,real_q6xl_tensor_220w_mtp,0,100,11669,202.26,63,1425,9251,3,16
1784679964.346,real_q6xl_tensor_220w_mtp,1,100,11669,209.85,67,1395,9251,3,16
1784679964.346,real_q6xl_tensor_220w_mtp,2,100,11669,207.46,71,1350,9251,3,16
1784679964.346,real_q6xl_tensor_220w_mtp,3,100,11669,206.24,68,1470,9251,3,16
1784679964.934,real_q6xl_tensor_220w_mtp,0,100,11669,191.52,62,1800,9251,3,16
1784679964.934,real_q6xl_tensor_220w_mtp,1,100,11669,192.72,65,1680,9251,3,16
1784679964.934,real_q6xl_tensor_220w_mtp,2,23,11669,191.34,71,1800,9251,3,16
1784679964.934,real_q6xl_tensor_220w_mtp,3,100,11669,196.59,66,1740,9251,3,16
1784679965.493,real_q6xl_tensor_220w_mtp,0,16,11669,166.45,60,1920,9251,3,16
1784679965.493,real_q6xl_tensor_220w_mtp,1,21,11669,172.35,64,1905,9251,3,16
1784679965.493,real_q6xl_tensor_220w_mtp,2,23,11669,165.04,68,1905,9251,3,16
1784679965.493,real_q6xl_tensor_220w_mtp,3,24,11669,167.56,65,1920,9251,3,16
1784679966.053,real_q6xl_tensor_220w_mtp,0,16,11669,171.26,63,1650,9251,3,16
1784679966.053,real_q6xl_tensor_220w_mtp,1,21,11669,185.39,66,1380,9251,3,16
1784679966.053,real_q6xl_tensor_220w_mtp,2,100,11669,180.81,71,1635,9251,3,16
1784679966.053,real_q6xl_tensor_220w_mtp,3,24,11669,181.17,68,1425,9251,3,16
1784679966.622,real_q6xl_tensor_220w_mtp,0,100,11669,204.90,63,1410,9251,3,16
1784679966.622,real_q6xl_tensor_220w_mtp,1,100,11669,206.10,67,1335,9251,3,16
1784679966.622,real_q6xl_tensor_220w_mtp,2,100,11669,202.07,71,1365,9251,3,16
1784679966.622,real_q6xl_tensor_220w_mtp,3,100,11669,210.59,68,1410,9251,3,16
1784679967.195,real_q6xl_tensor_220w_mtp,0,100,11669,196.66,63,1575,9251,3,16
1784679967.195,real_q6xl_tensor_220w_mtp,1,100,11669,202.08,66,1545,9251,3,16
1784679967.195,real_q6xl_tensor_220w_mtp,2,83,11669,197.11,71,1410,9251,3,16
1784679967.195,real_q6xl_tensor_220w_mtp,3,100,11669,202.12,67,1575,9251,3,16
1784679967.782,real_q6xl_tensor_220w_mtp,0,100,11669,204.82,63,1800,9251,3,16
1784679967.782,real_q6xl_tensor_220w_mtp,1,95,11669,207.77,67,1815,9251,3,16
1784679967.782,real_q6xl_tensor_220w_mtp,2,100,11669,203.76,70,1635,9251,3,16
1784679967.782,real_q6xl_tensor_220w_mtp,3,45,11669,202.81,68,1725,9251,3,16
1784679968.342,real_q6xl_tensor_220w_mtp,0,100,11669,203.15,63,1650,9251,3,16
1784679968.342,real_q6xl_tensor_220w_mtp,1,100,11669,207.48,67,1395,9251,3,16
1784679968.342,real_q6xl_tensor_220w_mtp,2,100,11669,204.08,71,1635,9251,3,16
1784679968.342,real_q6xl_tensor_220w_mtp,3,45,11669,207.13,68,1425,9251,3,16
1784679968.915,real_q6xl_tensor_220w_mtp,0,35,11669,184.99,60,1875,9251,3,16
1784679968.915,real_q6xl_tensor_220w_mtp,1,35,11669,190.45,66,1860,9251,3,16
1784679968.915,real_q6xl_tensor_220w_mtp,2,39,11669,181.41,69,1710,9251,3,16
1784679968.915,real_q6xl_tensor_220w_mtp,3,46,11669,192.37,66,1860,9251,3,16
1784679969.477,real_q6xl_tensor_220w_mtp,0,35,11669,160.00,62,1500,9251,3,16
1784679969.477,real_q6xl_tensor_220w_mtp,1,35,11669,171.83,66,1560,9251,3,16
1784679969.477,real_q6xl_tensor_220w_mtp,2,100,11669,150.67,70,1395,9251,3,16
1784679969.477,real_q6xl_tensor_220w_mtp,3,46,11669,172.78,67,1560,9251,3,16
1784679970.046,real_q6xl_tensor_220w_mtp,0,100,11669,184.36,63,1860,9251,3,16
1784679970.046,real_q6xl_tensor_220w_mtp,1,72,11669,191.76,65,1845,9251,3,16
1784679970.046,real_q6xl_tensor_220w_mtp,2,100,11669,178.28,70,1770,9251,3,16
1784679970.046,real_q6xl_tensor_220w_mtp,3,100,11669,192.31,67,1860,9251,3,16
1784679970.626,real_q6xl_tensor_220w_mtp,0,100,11669,201.34,63,1650,9251,3,16
1784679970.626,real_q6xl_tensor_220w_mtp,1,72,11669,205.53,67,1575,9251,3,16
1784679970.626,real_q6xl_tensor_220w_mtp,2,100,11669,204.11,71,1575,9251,3,16
1784679970.626,real_q6xl_tensor_220w_mtp,3,100,11669,206.28,68,1620,9251,3,16
1784679971.210,real_q6xl_tensor_220w_mtp,0,100,11669,203.03,63,1575,9251,3,16
1784679971.210,real_q6xl_tensor_220w_mtp,1,100,11669,201.73,66,1545,9251,3,16
1784679971.210,real_q6xl_tensor_220w_mtp,2,100,11669,201.27,71,1410,9251,3,16
1784679971.210,real_q6xl_tensor_220w_mtp,3,100,11669,207.64,68,1575,9251,3,16
1784679971.779,real_q6xl_tensor_220w_mtp,0,100,11669,192.27,62,1665,9251,3,16
1784679971.779,real_q6xl_tensor_220w_mtp,1,100,11669,199.04,67,1500,9251,3,16
1784679971.779,real_q6xl_tensor_220w_mtp,2,65,11669,196.62,71,1560,9251,3,16
1784679971.779,real_q6xl_tensor_220w_mtp,3,65,11669,198.17,66,1560,9251,3,16
1784679972.348,real_q6xl_tensor_220w_mtp,0,100,11669,202.79,63,1620,9251,3,16
1784679972.348,real_q6xl_tensor_220w_mtp,1,100,11669,205.85,67,1560,9251,3,16
1784679972.348,real_q6xl_tensor_220w_mtp,2,65,11669,204.48,71,1545,9251,3,16
1784679972.348,real_q6xl_tensor_220w_mtp,3,100,11669,206.81,68,1590,9251,3,16
1784679972.912,real_q6xl_tensor_220w_mtp,0,100,11669,175.53,60,1875,9251,3,16
1784679972.912,real_q6xl_tensor_220w_mtp,1,100,11669,189.86,66,1800,9251,3,16
1784679972.912,real_q6xl_tensor_220w_mtp,2,43,11669,183.80,70,1860,9251,3,16
1784679972.912,real_q6xl_tensor_220w_mtp,3,100,11669,186.53,65,1845,9251,3,16
1784679973.470,real_q6xl_tensor_220w_mtp,0,100,11669,155.41,62,1605,9251,3,16
1784679973.470,real_q6xl_tensor_220w_mtp,1,100,11669,170.29,66,1365,9251,3,16
1784679973.470,real_q6xl_tensor_220w_mtp,2,43,11669,162.72,71,1620,9251,3,16
1784679973.470,real_q6xl_tensor_220w_mtp,3,100,11669,172.57,67,1395,9251,3,16
1784679974.038,real_q6xl_tensor_220w_mtp,0,100,11669,184.21,62,1425,9251,3,16
1784679974.038,real_q6xl_tensor_220w_mtp,1,100,11669,195.15,65,1335,9251,3,16
1784679974.038,real_q6xl_tensor_220w_mtp,2,24,11669,192.95,69,1500,9251,3,16
1784679974.038,real_q6xl_tensor_220w_mtp,3,100,11669,191.63,68,1365,9251,3,16
1784679974.607,real_q6xl_tensor_220w_mtp,0,100,11669,204.03,63,1410,9251,3,16
1784679974.607,real_q6xl_tensor_220w_mtp,1,100,11669,205.92,67,1440,9251,3,16
1784679974.607,real_q6xl_tensor_220w_mtp,2,24,11669,205.66,71,1350,9251,3,16
1784679974.607,real_q6xl_tensor_220w_mtp,3,100,11669,207.30,68,1485,9251,3,16
1784679975.175,real_q6xl_tensor_220w_mtp,0,100,11669,201.24,62,1560,9251,3,16
1784679975.175,real_q6xl_tensor_220w_mtp,1,100,11669,205.92,66,1515,9251,3,16
1784679975.175,real_q6xl_tensor_220w_mtp,2,100,11669,202.86,72,1635,9251,3,16
1784679975.175,real_q6xl_tensor_220w_mtp,3,100,11669,205.82,68,1545,9251,3,16
1784679975.744,real_q6xl_tensor_220w_mtp,0,100,11669,192.74,63,1500,9251,3,16
1784679975.744,real_q6xl_tensor_220w_mtp,1,100,11669,198.70,67,1515,9251,3,16
1784679975.744,real_q6xl_tensor_220w_mtp,2,100,11669,196.80,71,1380,9251,3,16
1784679975.744,real_q6xl_tensor_220w_mtp,3,100,11669,198.75,67,1560,9251,3,16
1784679976.330,real_q6xl_tensor_220w_mtp,0,63,11669,195.59,61,1905,9251,3,16
1784679976.330,real_q6xl_tensor_220w_mtp,1,100,11669,196.39,66,1905,9251,3,16
1784679976.330,real_q6xl_tensor_220w_mtp,2,69,11669,200.75,70,1890,9251,3,16
1784679976.330,real_q6xl_tensor_220w_mtp,3,100,11669,201.18,66,1905,9251,3,16
1784679976.892,real_q6xl_tensor_220w_mtp,0,21,11669,168.52,60,1785,9251,3,16
1784679976.892,real_q6xl_tensor_220w_mtp,1,29,11669,179.84,66,1755,9251,3,16
1784679976.892,real_q6xl_tensor_220w_mtp,2,69,11669,174.92,70,1770,9251,3,16
1784679976.892,real_q6xl_tensor_220w_mtp,3,43,11669,179.60,65,1785,9251,3,16
1784679977.476,real_q6xl_tensor_220w_mtp,0,21,11669,164.79,62,1635,9251,3,16
1784679977.476,real_q6xl_tensor_220w_mtp,1,29,11669,179.93,67,1515,9251,3,16
1784679977.476,real_q6xl_tensor_220w_mtp,2,100,11669,173.83,71,1620,9251,3,16
1784679977.476,real_q6xl_tensor_220w_mtp,3,43,11669,182.23,67,1545,9251,3,16
1784679978.045,real_q6xl_tensor_220w_mtp,0,100,11669,191.67,62,1590,9251,3,16
1784679978.045,real_q6xl_tensor_220w_mtp,1,100,11669,200.78,66,1320,9251,3,16
1784679978.045,real_q6xl_tensor_220w_mtp,2,100,11669,198.79,71,1605,9251,3,16
1784679978.045,real_q6xl_tensor_220w_mtp,3,100,11669,197.29,68,1335,9251,3,16
1784679978.613,real_q6xl_tensor_220w_mtp,0,100,11669,195.64,63,1890,9251,3,16
1784679978.613,real_q6xl_tensor_220w_mtp,1,100,11669,203.54,66,1905,9251,3,16
1784679978.613,real_q6xl_tensor_220w_mtp,2,66,11669,201.67,70,1875,9251,3,16
1784679978.613,real_q6xl_tensor_220w_mtp,3,100,11669,200.36,66,1905,9251,3,16
1784679979.171,real_q6xl_tensor_220w_mtp,0,100,11669,202.14,62,1620,9251,3,16
1784679979.171,real_q6xl_tensor_220w_mtp,1,100,11669,206.59,67,1500,9251,3,16
1784679979.171,real_q6xl_tensor_220w_mtp,2,66,11669,203.22,71,1365,9251,3,16
1784679979.171,real_q6xl_tensor_220w_mtp,3,100,11669,206.46,68,1560,9251,3,16
1784679979.766,real_q6xl_tensor_220w_mtp,0,100,11669,201.31,63,1485,9251,3,16
1784679979.766,real_q6xl_tensor_220w_mtp,1,100,11669,208.01,66,1305,9251,3,16
1784679979.766,real_q6xl_tensor_220w_mtp,2,100,11669,204.70,71,1545,9251,3,16
1784679979.766,real_q6xl_tensor_220w_mtp,3,100,11669,205.84,68,1335,9251,3,16
1784679980.339,real_q6xl_tensor_220w_mtp,0,35,11669,190.18,61,1860,9251,3,16
1784679980.339,real_q6xl_tensor_220w_mtp,1,23,11669,192.44,65,1815,9251,3,16
1784679980.339,real_q6xl_tensor_220w_mtp,2,27,11669,188.63,69,1845,9251,3,16
1784679980.339,real_q6xl_tensor_220w_mtp,3,100,11669,195.56,67,1830,9251,3,16
1784679980.923,real_q6xl_tensor_220w_mtp,0,35,11669,158.75,60,1920,9251,3,16
1784679980.923,real_q6xl_tensor_220w_mtp,1,23,11669,173.46,64,1905,9251,3,16
1784679980.923,real_q6xl_tensor_220w_mtp,2,27,11669,167.45,68,1905,9251,3,16
1784679980.923,real_q6xl_tensor_220w_mtp,3,1,11669,170.22,65,1920,9251,3,16
1784679981.486,real_q6xl_tensor_220w_mtp,0,100,11669,179.36,63,1545,9251,3,16
1784679981.486,real_q6xl_tensor_220w_mtp,1,100,11669,182.13,66,1515,9251,3,16
1784679981.486,real_q6xl_tensor_220w_mtp,2,100,11669,178.96,71,1380,9251,3,16
1784679981.486,real_q6xl_tensor_220w_mtp,3,1,11669,186.74,67,1560,9251,3,16
1784679982.077,real_q6xl_tensor_220w_mtp,0,100,11669,201.62,62,1650,9251,3,16
1784679982.077,real_q6xl_tensor_220w_mtp,1,100,11669,207.89,66,1575,9251,3,16
1784679982.077,real_q6xl_tensor_220w_mtp,2,100,11669,205.83,71,1350,9251,3,16
1784679982.077,real_q6xl_tensor_220w_mtp,3,100,11669,204.84,68,1620,9251,3,16
1784679982.666,real_q6xl_tensor_220w_mtp,0,66,11669,194.06,62,1455,9251,3,16
1784679982.666,real_q6xl_tensor_220w_mtp,1,100,11669,199.42,67,1440,9251,3,16
1784679982.666,real_q6xl_tensor_220w_mtp,2,100,11669,196.36,71,1335,9251,3,16
1784679982.666,real_q6xl_tensor_220w_mtp,3,100,11669,200.91,68,1515,9251,3,16
1784679983.236,real_q6xl_tensor_220w_mtp,0,66,11669,202.18,63,1755,9251,3,16
1784679983.236,real_q6xl_tensor_220w_mtp,1,100,11669,204.03,67,1755,9251,3,16
1784679983.236,real_q6xl_tensor_220w_mtp,2,100,11669,199.71,71,1395,9251,3,16
1784679983.236,real_q6xl_tensor_220w_mtp,3,100,11669,206.40,67,1605,9251,3,16
1784679983.796,real_q6xl_tensor_220w_mtp,0,100,11669,202.30,63,1395,9251,3,16
1784679983.796,real_q6xl_tensor_220w_mtp,1,100,11669,205.43,67,1410,9251,3,16
1784679983.796,real_q6xl_tensor_220w_mtp,2,100,11669,203.37,71,1350,9251,3,16
1784679983.796,real_q6xl_tensor_220w_mtp,3,100,11669,206.35,68,1485,9251,3,16
1784679984.365,real_q6xl_tensor_220w_mtp,0,100,11669,182.29,60,1635,9251,3,16
1784679984.365,real_q6xl_tensor_220w_mtp,1,100,11669,188.69,66,1680,9251,3,16
1784679984.365,real_q6xl_tensor_220w_mtp,2,100,11669,187.54,71,1590,9251,3,16
1784679984.365,real_q6xl_tensor_220w_mtp,3,44,11669,193.58,65,1725,9251,3,16
1784679984.949,real_q6xl_tensor_220w_mtp,0,50,11669,156.27,62,1710,9251,3,16
1784679984.949,real_q6xl_tensor_220w_mtp,1,93,11669,169.18,66,1470,9251,3,16
1784679984.949,real_q6xl_tensor_220w_mtp,2,100,11669,162.14,70,1680,9251,3,16
1784679984.949,real_q6xl_tensor_220w_mtp,3,44,11669,169.54,67,1560,9251,3,16
1784679985.542,real_q6xl_tensor_220w_mtp,0,50,11669,180.66,62,1605,9251,3,16
1784679985.542,real_q6xl_tensor_220w_mtp,1,93,11669,192.98,67,1560,9251,3,16
1784679985.542,real_q6xl_tensor_220w_mtp,2,100,11669,188.51,71,1410,9251,3,16
1784679985.542,real_q6xl_tensor_220w_mtp,3,100,11669,189.73,67,1590,9251,3,16
1784679986.102,real_q6xl_tensor_220w_mtp,0,100,11669,202.07,63,1650,9251,3,16
1784679986.102,real_q6xl_tensor_220w_mtp,1,100,11669,205.40,66,1575,9251,3,16
1784679986.102,real_q6xl_tensor_220w_mtp,2,100,11669,203.82,71,1575,9251,3,16
1784679986.102,real_q6xl_tensor_220w_mtp,3,100,11669,206.11,68,1620,9251,3,16
1784679986.671,real_q6xl_tensor_220w_mtp,0,100,11669,194.92,62,1410,9251,3,16
1784679986.671,real_q6xl_tensor_220w_mtp,1,100,11669,199.40,66,1500,9251,3,16
1784679986.671,real_q6xl_tensor_220w_mtp,2,100,11669,196.85,71,1395,9251,3,16
1784679986.671,real_q6xl_tensor_220w_mtp,3,100,11669,205.25,68,1305,9251,3,16
1784679987.239,real_q6xl_tensor_220w_mtp,0,64,11669,197.24,61,1905,9251,3,16
1784679987.239,real_q6xl_tensor_220w_mtp,1,24,11669,197.33,66,1905,9251,3,16
1784679987.239,real_q6xl_tensor_220w_mtp,2,24,11669,193.22,70,1875,9251,3,16
1784679987.239,real_q6xl_tensor_220w_mtp,3,100,11669,201.59,66,1920,9251,3,16
1784679987.802,real_q6xl_tensor_220w_mtp,0,100,11669,202.37,62,1605,9251,3,16
1784679987.802,real_q6xl_tensor_220w_mtp,1,100,11669,206.16,67,1485,9251,3,16
1784679987.802,real_q6xl_tensor_220w_mtp,2,100,11669,203.31,71,1590,9251,3,16
1784679987.802,real_q6xl_tensor_220w_mtp,3,100,11669,206.46,68,1530,9251,3,16
1784679988.396,real_q6xl_tensor_220w_mtp,0,25,11669,178.32,61,1920,9251,3,16
1784679988.396,real_q6xl_tensor_220w_mtp,1,24,11669,193.00,64,1905,9251,3,16
1784679988.396,real_q6xl_tensor_220w_mtp,2,24,11669,183.99,68,1770,9251,3,16
1784679988.396,real_q6xl_tensor_220w_mtp,3,100,11669,185.62,65,1920,9251,3,16
1784679988.985,real_q6xl_tensor_220w_mtp,0,25,11669,161.71,62,1665,9251,3,16
1784679988.985,real_q6xl_tensor_220w_mtp,1,24,11669,174.23,66,1590,9251,3,16
1784679988.985,real_q6xl_tensor_220w_mtp,2,24,11669,156.13,70,1620,9251,3,16
1784679988.985,real_q6xl_tensor_220w_mtp,3,100,11669,173.90,67,1605,9251,3,16
1784679989.554,real_q6xl_tensor_220w_mtp,0,3,11669,171.77,60,1920,9251,3,16
1784679989.554,real_q6xl_tensor_220w_mtp,1,0,11669,175.43,64,1890,9251,3,16
1784679989.554,real_q6xl_tensor_220w_mtp,2,0,11669,167.30,68,1905,9251,3,16
1784679989.554,real_q6xl_tensor_220w_mtp,3,2,11669,176.98,65,1920,9251,3,16
1784679990.134,real_q6xl_tensor_220w_mtp,0,3,11669,135.39,59,1920,9251,3,16
1784679990.134,real_q6xl_tensor_220w_mtp,1,0,11669,144.85,63,1890,9251,3,16
1784679990.134,real_q6xl_tensor_220w_mtp,2,0,11669,137.97,67,1905,9251,3,16
1784679990.134,real_q6xl_tensor_220w_mtp,3,3,11669,151.75,64,1920,9251,3,16
1784679990.692,real_q6xl_tensor_220w_mtp,0,50,11669,120.45,59,1560,9251,3,16
1784679990.692,real_q6xl_tensor_220w_mtp,1,24,11669,129.07,64,1320,9251,3,16
1784679990.692,real_q6xl_tensor_220w_mtp,2,28,11669,122.17,67,1575,9251,3,16
1784679990.692,real_q6xl_tensor_220w_mtp,3,3,11669,142.23,66,1455,9251,3,16
1784679991.260,real_q6xl_tensor_220w_mtp,0,50,11669,164.29,62,1620,9251,3,16
1784679991.260,real_q6xl_tensor_220w_mtp,1,24,11669,176.51,66,1470,9251,3,16
1784679991.260,real_q6xl_tensor_220w_mtp,2,28,11669,173.84,70,1560,9251,3,16
1784679991.260,real_q6xl_tensor_220w_mtp,3,100,11669,176.68,67,1515,9251,3,16
1784679991.827,real_q6xl_tensor_220w_mtp,0,0,11669,173.11,59,1920,9251,3,16
1784679991.827,real_q6xl_tensor_220w_mtp,1,1,11669,178.56,64,1905,9251,3,16
1784679991.827,real_q6xl_tensor_220w_mtp,2,1,11669,182.48,67,1875,9251,3,16
1784679991.827,real_q6xl_tensor_220w_mtp,3,2,11669,181.28,64,1920,9251,3,16
1784679992.386,real_q6xl_tensor_220w_mtp,0,0,11669,120.87,59,1935,9251,3,16
1784679992.386,real_q6xl_tensor_220w_mtp,1,1,11669,142.81,63,1905,9251,3,16
1784679992.386,real_q6xl_tensor_220w_mtp,2,1,11669,126.67,67,1875,9251,3,16
1784679992.386,real_q6xl_tensor_220w_mtp,3,11,11669,139.81,64,1920,9251,3,16
1784679992.959,real_q6xl_tensor_220w_mtp,0,46,11669,125.57,60,1935,9251,3,16
1784679992.959,real_q6xl_tensor_220w_mtp,1,41,11669,146.69,65,1905,9251,3,16
1784679992.959,real_q6xl_tensor_220w_mtp,2,35,11669,129.03,68,1875,9251,3,16
1784679992.959,real_q6xl_tensor_220w_mtp,3,11,11669,145.13,65,1920,9251,3,16
1784679993.522,real_q6xl_tensor_220w_mtp,0,46,11669,177.82,62,1755,9251,3,16
1784679993.522,real_q6xl_tensor_220w_mtp,1,41,11669,191.11,66,1710,9251,3,16
1784679993.522,real_q6xl_tensor_220w_mtp,2,35,11669,173.64,69,1695,9251,3,16
1784679993.522,real_q6xl_tensor_220w_mtp,3,77,11669,188.19,66,1725,9251,3,16
1784679994.091,real_q6xl_tensor_220w_mtp,0,79,11669,214.08,62,1680,9251,3,16
1784679994.091,real_q6xl_tensor_220w_mtp,1,77,11669,213.93,66,1575,9251,3,16
1784679994.091,real_q6xl_tensor_220w_mtp,2,77,11669,212.73,70,1710,9251,3,16
1784679994.091,real_q6xl_tensor_220w_mtp,3,77,11669,215.46,67,1590,9251,3,16
1784679994.661,real_q6xl_tensor_220w_mtp,0,79,11669,212.30,62,1695,9251,3,16
1784679994.661,real_q6xl_tensor_220w_mtp,1,77,11669,212.84,66,1560,9251,3,16
1784679994.661,real_q6xl_tensor_220w_mtp,2,77,11669,212.89,70,1695,9251,3,16
1784679994.661,real_q6xl_tensor_220w_mtp,3,75,11669,213.18,67,1575,9251,3,16
1784679995.231,real_q6xl_tensor_220w_mtp,0,21,11669,206.38,61,1935,9251,3,16
1784679995.231,real_q6xl_tensor_220w_mtp,1,35,11669,206.72,65,1905,9251,3,16
1784679995.231,real_q6xl_tensor_220w_mtp,2,39,11669,204.88,69,1905,9251,3,16
1784679995.231,real_q6xl_tensor_220w_mtp,3,75,11669,208.06,66,1905,9251,3,16
1784679995.792,real_q6xl_tensor_220w_mtp,0,77,11669,205.86,62,1755,9251,3,16
1784679995.792,real_q6xl_tensor_220w_mtp,1,76,11669,208.04,66,1605,9251,3,16
1784679995.792,real_q6xl_tensor_220w_mtp,2,77,11669,207.22,70,1740,9251,3,16
1784679995.792,real_q6xl_tensor_220w_mtp,3,76,11669,208.63,67,1620,9251,3,16
1784679996.364,real_q6xl_tensor_220w_mtp,0,74,11669,211.65,62,1845,9251,3,16
1784679996.364,real_q6xl_tensor_220w_mtp,1,72,11669,214.69,66,1800,9251,3,16
1784679996.364,real_q6xl_tensor_220w_mtp,2,67,11669,213.99,69,1815,9251,3,16
1784679996.364,real_q6xl_tensor_220w_mtp,3,76,11669,214.78,67,1815,9251,3,16
1784679996.926,real_q6xl_tensor_220w_mtp,0,74,11669,166.26,59,1935,9251,3,16
1784679996.926,real_q6xl_tensor_220w_mtp,1,72,11669,173.19,63,1905,9251,3,16
1784679996.926,real_q6xl_tensor_220w_mtp,2,67,11669,165.94,67,1905,9251,3,16
1784679996.926,real_q6xl_tensor_220w_mtp,3,0,11669,177.42,64,1920,9251,3,16
1784679997.507,real_q6xl_tensor_220w_mtp,0,100,11669,136.32,62,1875,9251,3,16
1784679997.507,real_q6xl_tensor_220w_mtp,1,100,11669,153.66,65,1785,9251,3,16
1784679997.507,real_q6xl_tensor_220w_mtp,2,100,11669,144.92,70,1830,9251,3,16
1784679997.507,real_q6xl_tensor_220w_mtp,3,0,11669,153.75,67,1815,9251,3,16
1784679998.098,real_q6xl_tensor_220w_mtp,0,100,11669,185.85,62,1845,9251,3,16
1784679998.098,real_q6xl_tensor_220w_mtp,1,100,11669,192.04,66,1785,9251,3,16
1784679998.098,real_q6xl_tensor_220w_mtp,2,100,11669,186.97,70,1815,9251,3,16
1784679998.098,real_q6xl_tensor_220w_mtp,3,76,11669,194.96,67,1800,9251,3,16
1784679998.688,real_q6xl_tensor_220w_mtp,0,100,11669,212.56,62,1860,9251,3,16
1784679998.688,real_q6xl_tensor_220w_mtp,1,100,11669,217.53,67,1770,9251,3,16
1784679998.688,real_q6xl_tensor_220w_mtp,2,100,11669,215.13,71,1830,9251,3,16
1784679998.688,real_q6xl_tensor_220w_mtp,3,76,11669,217.95,68,1785,9251,3,16
1784679999.283,real_q6xl_tensor_220w_mtp,0,100,11669,205.18,62,1860,9251,3,16
1784679999.283,real_q6xl_tensor_220w_mtp,1,100,11669,212.00,66,1785,9251,3,16
1784679999.283,real_q6xl_tensor_220w_mtp,2,100,11669,208.88,71,1830,9251,3,16
1784679999.283,real_q6xl_tensor_220w_mtp,3,100,11669,212.47,68,1800,9251,3,16
1784679999.853,real_q6xl_tensor_220w_mtp,0,80,11669,203.43,62,1860,9251,3,16
1784679999.853,real_q6xl_tensor_220w_mtp,1,100,11669,210.87,67,1785,9251,3,16
1784679999.853,real_q6xl_tensor_220w_mtp,2,100,11669,207.45,71,1815,9251,3,16
1784679999.853,real_q6xl_tensor_220w_mtp,3,100,11669,210.96,68,1800,9251,3,16
1784680000.443,real_q6xl_tensor_220w_mtp,0,95,11669,212.89,63,1860,9251,3,16
1784680000.443,real_q6xl_tensor_220w_mtp,1,100,11669,219.76,67,1860,9251,3,16
1784680000.443,real_q6xl_tensor_220w_mtp,2,100,11669,218.33,71,1815,9251,3,16
1784680000.443,real_q6xl_tensor_220w_mtp,3,72,11669,217.25,68,1800,9251,3,16
1784680001.035,real_q6xl_tensor_220w_mtp,0,79,11669,204.82,62,1860,9251,3,16
1784680001.035,real_q6xl_tensor_220w_mtp,1,79,11669,211.53,67,1770,9251,3,16
1784680001.035,real_q6xl_tensor_220w_mtp,2,79,11669,207.98,71,1830,9251,3,16
1784680001.035,real_q6xl_tensor_220w_mtp,3,72,11669,211.68,68,1770,9251,3,16
1784680001.606,real_q6xl_tensor_220w_mtp,0,79,11669,208.22,63,1860,9251,3,16
1784680001.606,real_q6xl_tensor_220w_mtp,1,79,11669,211.21,67,1785,9251,3,16
1784680001.606,real_q6xl_tensor_220w_mtp,2,79,11669,208.09,71,1815,9251,3,16
1784680001.606,real_q6xl_tensor_220w_mtp,3,100,11669,214.21,68,1785,9251,3,16
1784680002.175,real_q6xl_tensor_220w_mtp,0,52,11669,210.74,63,1935,9251,3,16
1784680002.175,real_q6xl_tensor_220w_mtp,1,78,11669,217.48,66,1905,9251,3,16
1784680002.175,real_q6xl_tensor_220w_mtp,2,70,11669,214.58,70,1905,9251,3,16
1784680002.175,real_q6xl_tensor_220w_mtp,3,100,11669,215.14,68,1920,9251,3,16
1784680002.754,real_q6xl_tensor_220w_mtp,0,52,11669,204.50,63,1860,9251,3,16
1784680002.754,real_q6xl_tensor_220w_mtp,1,78,11669,211.46,67,1770,9251,3,16
1784680002.754,real_q6xl_tensor_220w_mtp,2,70,11669,208.31,71,1815,9251,3,16
1784680002.754,real_q6xl_tensor_220w_mtp,3,78,11669,210.92,68,1785,9251,3,16
1784680003.322,real_q6xl_tensor_220w_mtp,0,100,11669,209.10,63,1845,9251,3,16
1784680003.322,real_q6xl_tensor_220w_mtp,1,100,11669,217.80,67,1770,9251,3,16
1784680003.322,real_q6xl_tensor_220w_mtp,2,100,11669,210.94,72,1815,9251,3,16
1784680003.322,real_q6xl_tensor_220w_mtp,3,89,11669,215.42,68,1785,9251,3,16
1784680003.891,real_q6xl_tensor_220w_mtp,0,100,11669,208.60,62,1935,9251,3,16
1784680003.891,real_q6xl_tensor_220w_mtp,1,100,11669,216.20,66,1905,9251,3,16
1784680003.891,real_q6xl_tensor_220w_mtp,2,100,11669,213.66,70,1905,9251,3,16
1784680003.891,real_q6xl_tensor_220w_mtp,3,35,11669,215.01,67,1920,9251,3,16
1784680004.467,real_q6xl_tensor_220w_mtp,0,79,11669,203.98,63,1845,9251,3,16
1784680004.467,real_q6xl_tensor_220w_mtp,1,100,11669,211.46,67,1770,9251,3,16
1784680004.467,real_q6xl_tensor_220w_mtp,2,100,11669,207.65,71,1800,9251,3,16
1784680004.467,real_q6xl_tensor_220w_mtp,3,35,11669,212.11,68,1785,9251,3,16
1784680005.038,real_q6xl_tensor_220w_mtp,0,79,11669,209.77,63,1845,9251,3,16
1784680005.038,real_q6xl_tensor_220w_mtp,1,100,11669,220.01,67,1770,9251,3,16
1784680005.038,real_q6xl_tensor_220w_mtp,2,100,11669,218.42,71,1800,9251,3,16
1784680005.038,real_q6xl_tensor_220w_mtp,3,100,11669,216.37,68,1785,9251,3,16
1784680005.607,real_q6xl_tensor_220w_mtp,0,39,11669,206.64,62,1935,9251,3,16
1784680005.607,real_q6xl_tensor_220w_mtp,1,56,11669,216.00,66,1905,9251,3,16
1784680005.607,real_q6xl_tensor_220w_mtp,2,48,11669,213.34,70,1905,9251,3,16
1784680005.607,real_q6xl_tensor_220w_mtp,3,100,11669,213.99,67,1920,9251,3,16
1784680006.166,real_q6xl_tensor_220w_mtp,0,39,11669,203.18,63,1845,9251,3,16
1784680006.166,real_q6xl_tensor_220w_mtp,1,56,11669,210.75,67,1770,9251,3,16
1784680006.166,real_q6xl_tensor_220w_mtp,2,48,11669,207.57,71,1800,9251,3,16
1784680006.166,real_q6xl_tensor_220w_mtp,3,100,11669,211.65,68,1785,9251,3,16
1784680006.735,real_q6xl_tensor_220w_mtp,0,100,11669,210.89,63,1860,9251,3,16
1784680006.735,real_q6xl_tensor_220w_mtp,1,100,11669,220.41,67,1770,9251,3,16
1784680006.735,real_q6xl_tensor_220w_mtp,2,100,11669,217.77,72,1800,9251,3,16
1784680006.735,real_q6xl_tensor_220w_mtp,3,100,11669,216.90,69,1785,9251,3,16
1784680007.304,real_q6xl_tensor_220w_mtp,0,65,11669,208.72,62,1935,9251,3,16
1784680007.304,real_q6xl_tensor_220w_mtp,1,100,11669,216.00,66,1905,9251,3,16
1784680007.304,real_q6xl_tensor_220w_mtp,2,77,11669,213.21,71,1905,9251,3,16
1784680007.304,real_q6xl_tensor_220w_mtp,3,38,11669,214.61,68,1920,9251,3,16
1784680007.865,real_q6xl_tensor_220w_mtp,0,78,11669,203.77,63,1845,9251,3,16
1784680007.865,real_q6xl_tensor_220w_mtp,1,95,11669,210.59,67,1770,9251,3,16
1784680007.865,real_q6xl_tensor_220w_mtp,2,100,11669,207.11,71,1800,9251,3,16
1784680007.865,real_q6xl_tensor_220w_mtp,3,38,11669,210.61,68,1785,9251,3,16
1784680008.435,real_q6xl_tensor_220w_mtp,0,78,11669,209.98,63,1845,9251,3,16
1784680008.435,real_q6xl_tensor_220w_mtp,1,95,11669,218.89,67,1770,9251,3,16
1784680008.435,real_q6xl_tensor_220w_mtp,2,100,11669,218.12,72,1800,9251,3,16
1784680008.435,real_q6xl_tensor_220w_mtp,3,100,11669,215.38,69,1785,9251,3,16
1784680009.003,real_q6xl_tensor_220w_mtp,0,40,11669,208.93,62,1935,9251,3,16
1784680009.003,real_q6xl_tensor_220w_mtp,1,65,11669,216.04,66,1905,9251,3,16
1784680009.003,real_q6xl_tensor_220w_mtp,2,63,11669,214.94,71,1905,9251,3,16
1784680009.003,real_q6xl_tensor_220w_mtp,3,100,11669,214.67,68,1920,9251,3,16
1784680009.561,real_q6xl_tensor_220w_mtp,0,40,11669,202.87,63,1845,9251,3,16
1784680009.561,real_q6xl_tensor_220w_mtp,1,65,11669,210.69,67,1755,9251,3,16
1784680009.561,real_q6xl_tensor_220w_mtp,2,63,11669,207.39,72,1800,9251,3,16
1784680009.561,real_q6xl_tensor_220w_mtp,3,76,11669,210.90,68,1785,9251,3,16
1784680010.130,real_q6xl_tensor_220w_mtp,0,100,11669,208.47,63,1830,9251,3,16
1784680010.130,real_q6xl_tensor_220w_mtp,1,100,11669,217.60,68,1755,9251,3,16
1784680010.130,real_q6xl_tensor_220w_mtp,2,100,11669,215.98,72,1800,9251,3,16
1784680010.130,real_q6xl_tensor_220w_mtp,3,76,11669,220.30,69,1770,9251,3,16
1784680010.729,real_q6xl_tensor_220w_mtp,0,78,11669,209.50,62,1935,9251,3,16
1784680010.729,real_q6xl_tensor_220w_mtp,1,66,11669,213.69,66,1905,9251,3,16
1784680010.729,real_q6xl_tensor_220w_mtp,2,94,11669,211.79,71,1905,9251,3,16
1784680010.729,real_q6xl_tensor_220w_mtp,3,30,11669,211.19,68,1920,9251,3,16
1784680011.340,real_q6xl_tensor_220w_mtp,0,77,11669,201.73,63,1845,9251,3,16
1784680011.340,real_q6xl_tensor_220w_mtp,1,100,11669,210.10,67,1755,9251,3,16
1784680011.340,real_q6xl_tensor_220w_mtp,2,100,11669,206.43,72,1800,9251,3,16
1784680011.340,real_q6xl_tensor_220w_mtp,3,76,11669,210.35,69,1770,9251,3,16
1784680011.910,real_q6xl_tensor_220w_mtp,0,77,11669,212.24,63,1845,9251,3,16
1784680011.910,real_q6xl_tensor_220w_mtp,1,100,11669,215.05,68,1770,9251,3,16
1784680011.910,real_q6xl_tensor_220w_mtp,2,100,11669,212.32,72,1800,9251,3,16
1784680011.910,real_q6xl_tensor_220w_mtp,3,76,11669,217.80,69,1785,9251,3,16
1784680012.479,real_q6xl_tensor_220w_mtp,0,100,11669,214.18,63,1935,9251,3,16
1784680012.479,real_q6xl_tensor_220w_mtp,1,61,11669,215.23,66,1905,9251,3,16
1784680012.479,real_q6xl_tensor_220w_mtp,2,58,11669,214.28,71,1905,9251,3,16
1784680012.479,real_q6xl_tensor_220w_mtp,3,36,11669,214.33,69,1920,9251,3,16
1784680013.038,real_q6xl_tensor_220w_mtp,0,100,11669,201.39,62,1845,9251,3,16
1784680013.038,real_q6xl_tensor_220w_mtp,1,61,11669,210.43,67,1740,9251,3,16
1784680013.038,real_q6xl_tensor_220w_mtp,2,58,11669,205.94,72,1800,9251,3,16
1784680013.038,real_q6xl_tensor_220w_mtp,3,36,11669,209.18,68,1755,9251,3,16
1784680013.607,real_q6xl_tensor_220w_mtp,0,100,11669,208.01,63,1845,9251,3,16
1784680013.607,real_q6xl_tensor_220w_mtp,1,100,11669,213.13,67,1740,9251,3,16
1784680013.607,real_q6xl_tensor_220w_mtp,2,100,11669,210.74,72,1800,9251,3,16
1784680013.607,real_q6xl_tensor_220w_mtp,3,100,11669,214.53,69,1755,9251,3,16
1784680014.177,real_q6xl_tensor_220w_mtp,0,100,11669,214.53,63,1890,9251,3,16
1784680014.177,real_q6xl_tensor_220w_mtp,1,100,11669,217.94,67,1845,9251,3,16
1784680014.177,real_q6xl_tensor_220w_mtp,2,100,11669,219.44,72,1860,9251,3,16
1784680014.177,real_q6xl_tensor_220w_mtp,3,100,11669,216.37,69,1845,9251,3,16
1784680014.739,real_q6xl_tensor_220w_mtp,0,100,11669,203.45,63,1890,9251,3,16
1784680014.739,real_q6xl_tensor_220w_mtp,1,88,11669,209.76,67,1830,9251,3,16
1784680014.739,real_q6xl_tensor_220w_mtp,2,80,11669,207.41,72,1830,9251,3,16
1784680014.739,real_q6xl_tensor_220w_mtp,3,100,11669,210.92,69,1845,9251,3,16
1784680015.303,real_q6xl_tensor_220w_mtp,0,86,11669,204.30,63,1830,9251,3,16
1784680015.303,real_q6xl_tensor_220w_mtp,1,97,11669,208.14,67,1755,9251,3,16
1784680015.303,real_q6xl_tensor_220w_mtp,2,86,11669,207.32,72,1785,9251,3,16
1784680015.303,real_q6xl_tensor_220w_mtp,3,86,11669,211.80,69,1770,9251,3,16
1784680015.877,real_q6xl_tensor_220w_mtp,0,100,11669,213.00,63,1830,9251,3,16
1784680015.877,real_q6xl_tensor_220w_mtp,1,100,11669,216.60,68,1740,9251,3,16
1784680015.877,real_q6xl_tensor_220w_mtp,2,100,11669,218.54,72,1800,9251,3,16
1784680015.877,real_q6xl_tensor_220w_mtp,3,100,11669,218.54,69,1755,9251,3,16
1784680016.446,real_q6xl_tensor_220w_mtp,0,100,11669,202.85,63,1830,9251,3,16
1784680016.446,real_q6xl_tensor_220w_mtp,1,100,11669,210.48,68,1755,9251,3,16
1784680016.446,real_q6xl_tensor_220w_mtp,2,100,11669,208.33,72,1800,9251,3,16
1784680016.446,real_q6xl_tensor_220w_mtp,3,100,11669,210.99,69,1755,9251,3,16
1784680017.015,real_q6xl_tensor_220w_mtp,0,100,11669,202.76,64,1830,9251,3,16
1784680017.015,real_q6xl_tensor_220w_mtp,1,88,11669,208.90,67,1755,9251,3,16
1784680017.015,real_q6xl_tensor_220w_mtp,2,92,11669,206.42,71,1770,9251,3,16
1784680017.015,real_q6xl_tensor_220w_mtp,3,72,11669,208.92,69,1755,9251,3,16
1784680017.619,real_q6xl_tensor_220w_mtp,0,100,11669,213.03,63,1830,9251,3,16
1784680017.619,real_q6xl_tensor_220w_mtp,1,88,11669,219.42,68,1755,9251,3,16
1784680017.619,real_q6xl_tensor_220w_mtp,2,92,11669,212.45,72,1785,9251,3,16
1784680017.619,real_q6xl_tensor_220w_mtp,3,72,11669,215.11,69,1770,9251,3,16
1784680018.226,real_q6xl_tensor_220w_mtp,0,57,11669,202.67,63,1815,9251,3,16
1784680018.226,real_q6xl_tensor_220w_mtp,1,100,11669,210.12,67,1755,9251,3,16
1784680018.226,real_q6xl_tensor_220w_mtp,2,99,11669,208.11,72,1800,9251,3,16
1784680018.226,real_q6xl_tensor_220w_mtp,3,59,11669,210.68,69,1755,9251,3,16
1784680018.795,real_q6xl_tensor_220w_mtp,0,67,11669,198.74,63,1830,9251,3,16
1784680018.795,real_q6xl_tensor_220w_mtp,1,66,11669,208.11,68,1740,9251,3,16
1784680018.795,real_q6xl_tensor_220w_mtp,2,72,11669,205.00,72,1785,9251,3,16
1784680018.795,real_q6xl_tensor_220w_mtp,3,67,11669,211.94,69,1755,9251,3,16
1784680019.428,real_q6xl_tensor_220w_mtp,0,67,11669,210.49,63,1830,9251,3,16
1784680019.428,real_q6xl_tensor_220w_mtp,1,66,11669,216.79,68,1740,9251,3,16
1784680019.428,real_q6xl_tensor_220w_mtp,2,72,11669,216.88,72,1785,9251,3,16
1784680019.428,real_q6xl_tensor_220w_mtp,3,67,11669,216.00,69,1770,9251,3,16
1784680019.998,real_q6xl_tensor_220w_mtp,0,100,11669,202.62,63,1815,9251,3,16
1784680019.998,real_q6xl_tensor_220w_mtp,1,100,11669,209.38,67,1740,9251,3,16
1784680019.998,real_q6xl_tensor_220w_mtp,2,100,11669,207.58,72,1800,9251,3,16
1784680019.998,real_q6xl_tensor_220w_mtp,3,100,11669,209.91,69,1755,9251,3,16
1784680020.566,real_q6xl_tensor_220w_mtp,0,100,11669,200.59,64,1890,9251,3,16
1784680020.566,real_q6xl_tensor_220w_mtp,1,100,11669,209.66,68,1830,9251,3,16
1784680020.566,real_q6xl_tensor_220w_mtp,2,100,11669,207.49,72,1800,9251,3,16
1784680020.566,real_q6xl_tensor_220w_mtp,3,100,11669,209.23,69,1845,9251,3,16
1784680021.151,real_q6xl_tensor_220w_mtp,0,74,11669,210.01,63,1815,9251,3,16
1784680021.151,real_q6xl_tensor_220w_mtp,1,100,11669,216.87,68,1740,9251,3,16
1784680021.151,real_q6xl_tensor_220w_mtp,2,100,11669,214.74,72,1770,9251,3,16
1784680021.151,real_q6xl_tensor_220w_mtp,3,100,11669,216.58,69,1770,9251,3,16
1784680021.740,real_q6xl_tensor_220w_mtp,0,74,11669,200.60,63,1830,9251,3,16
1784680021.740,real_q6xl_tensor_220w_mtp,1,100,11669,210.21,67,1740,9251,3,16
1784680021.740,real_q6xl_tensor_220w_mtp,2,100,11669,206.09,72,1800,9251,3,16
1784680021.740,real_q6xl_tensor_220w_mtp,3,100,11669,208.82,68,1755,9251,3,16
1784680022.310,real_q6xl_tensor_220w_mtp,0,100,11669,201.91,64,1815,9251,3,16
1784680022.310,real_q6xl_tensor_220w_mtp,1,100,11669,209.29,68,1755,9251,3,16
1784680022.310,real_q6xl_tensor_220w_mtp,2,100,11669,207.25,73,1785,9251,3,16
1784680022.310,real_q6xl_tensor_220w_mtp,3,100,11669,209.00,69,1770,9251,3,16
1784680022.879,real_q6xl_tensor_220w_mtp,0,100,11669,210.31,64,1920,9251,3,16
1784680022.879,real_q6xl_tensor_220w_mtp,1,100,11669,217.66,68,1710,9251,3,16
1784680022.879,real_q6xl_tensor_220w_mtp,2,100,11669,217.67,72,1875,9251,3,16
1784680022.879,real_q6xl_tensor_220w_mtp,3,100,11669,214.43,69,1875,9251,3,16
1784680023.448,real_q6xl_tensor_220w_mtp,0,48,11669,205.58,62,1935,9251,3,16
1784680023.448,real_q6xl_tensor_220w_mtp,1,27,11669,208.46,66,1905,9251,3,16
1784680023.448,real_q6xl_tensor_220w_mtp,2,24,11669,205.97,70,1905,9251,3,16
1784680023.448,real_q6xl_tensor_220w_mtp,3,25,11669,206.20,68,1920,9251,3,16
1784680024.042,real_q6xl_tensor_220w_mtp,0,48,11669,202.18,63,1800,9251,3,16
1784680024.042,real_q6xl_tensor_220w_mtp,1,27,11669,209.24,68,1755,9251,3,16
1784680024.042,real_q6xl_tensor_220w_mtp,2,24,11669,206.19,72,1785,9251,3,16
1784680024.042,real_q6xl_tensor_220w_mtp,3,25,11669,209.54,69,1770,9251,3,16
1784680024.633,real_q6xl_tensor_220w_mtp,0,100,11669,214.51,64,1845,9251,3,16
1784680024.633,real_q6xl_tensor_220w_mtp,1,100,11669,217.64,68,1725,9251,3,16
1784680024.633,real_q6xl_tensor_220w_mtp,2,100,11669,216.22,73,1755,9251,3,16
1784680024.633,real_q6xl_tensor_220w_mtp,3,100,11669,217.63,69,1740,9251,3,16
1784680025.241,real_q6xl_tensor_220w_mtp,0,100,11669,210.75,63,1935,9251,3,16
1784680025.241,real_q6xl_tensor_220w_mtp,1,100,11669,212.16,67,1905,9251,3,16
1784680025.241,real_q6xl_tensor_220w_mtp,2,100,11669,210.31,71,1905,9251,3,16
1784680025.241,real_q6xl_tensor_220w_mtp,3,100,11669,213.29,68,1920,9251,3,16
1784680025.801,real_q6xl_tensor_220w_mtp,0,71,11669,198.95,64,1815,9251,3,16
1784680025.801,real_q6xl_tensor_220w_mtp,1,100,11669,208.49,68,1740,9251,3,16
1784680025.801,real_q6xl_tensor_220w_mtp,2,96,11669,205.39,72,1890,9251,3,16
1784680025.801,real_q6xl_tensor_220w_mtp,3,71,11669,205.97,69,1755,9251,3,16
1784680026.369,real_q6xl_tensor_220w_mtp,0,71,11669,205.64,64,1815,9251,3,16
1784680026.369,real_q6xl_tensor_220w_mtp,1,100,11669,211.73,68,1725,9251,3,16
1784680026.369,real_q6xl_tensor_220w_mtp,2,96,11669,210.06,73,1755,9251,3,16
1784680026.369,real_q6xl_tensor_220w_mtp,3,71,11669,214.09,69,1740,9251,3,16
1784680026.938,real_q6xl_tensor_220w_mtp,0,100,11669,217.91,64,1830,9251,3,16
1784680026.938,real_q6xl_tensor_220w_mtp,1,100,11669,217.34,68,1755,9251,3,16
1784680026.938,real_q6xl_tensor_220w_mtp,2,100,11669,216.09,73,1755,9251,3,16
1784680026.938,real_q6xl_tensor_220w_mtp,3,100,11669,218.70,69,1770,9251,3,16
1784680027.507,real_q6xl_tensor_220w_mtp,0,100,11669,203.13,64,1800,9251,3,16
1784680027.507,real_q6xl_tensor_220w_mtp,1,100,11669,208.78,68,1740,9251,3,16
1784680027.507,real_q6xl_tensor_220w_mtp,2,100,11669,204.65,72,1755,9251,3,16
1784680027.507,real_q6xl_tensor_220w_mtp,3,100,11669,208.87,69,1755,9251,3,16
1784680028.079,real_q6xl_tensor_220w_mtp,0,100,11669,198.98,64,1860,9251,3,16
1784680028.079,real_q6xl_tensor_220w_mtp,1,100,11669,208.80,68,1845,9251,3,16
1784680028.079,real_q6xl_tensor_220w_mtp,2,100,11669,204.95,72,1815,9251,3,16
1784680028.079,real_q6xl_tensor_220w_mtp,3,77,11669,206.08,69,1845,9251,3,16
1784680028.645,real_q6xl_tensor_220w_mtp,0,100,11669,212.45,64,1800,9251,3,16
1784680028.645,real_q6xl_tensor_220w_mtp,1,100,11669,215.12,68,1710,9251,3,16
1784680028.645,real_q6xl_tensor_220w_mtp,2,100,11669,213.25,72,1770,9251,3,16
1784680028.645,real_q6xl_tensor_220w_mtp,3,77,11669,215.02,69,1725,9251,3,16
1784680029.213,real_q6xl_tensor_220w_mtp,0,30,11669,202.66,63,1800,9251,3,16
1784680029.213,real_q6xl_tensor_220w_mtp,1,23,11669,207.08,66,1710,9251,3,16
1784680029.213,real_q6xl_tensor_220w_mtp,2,24,11669,201.97,70,1785,9251,3,16
1784680029.213,real_q6xl_tensor_220w_mtp,3,26,11669,207.36,68,1725,9251,3,16
1784680029.782,real_q6xl_tensor_220w_mtp,0,30,11669,201.88,64,1800,9251,3,16
1784680029.782,real_q6xl_tensor_220w_mtp,1,23,11669,207.18,68,1725,9251,3,16
1784680029.782,real_q6xl_tensor_220w_mtp,2,85,11669,204.60,73,1740,9251,3,16
1784680029.782,real_q6xl_tensor_220w_mtp,3,96,11669,208.00,69,1740,9251,3,16
1784680030.355,real_q6xl_tensor_220w_mtp,0,100,11669,214.44,64,1815,9251,3,16
1784680030.355,real_q6xl_tensor_220w_mtp,1,100,11669,217.51,68,1725,9251,3,16
1784680030.355,real_q6xl_tensor_220w_mtp,2,100,11669,216.58,73,1800,9251,3,16
1784680030.355,real_q6xl_tensor_220w_mtp,3,100,11669,217.98,69,1740,9251,3,16
1784680030.960,real_q6xl_tensor_220w_mtp,0,82,11669,206.12,63,1920,9251,3,16
1784680030.960,real_q6xl_tensor_220w_mtp,1,68,11669,212.15,67,1905,9251,3,16
1784680030.960,real_q6xl_tensor_220w_mtp,2,100,11669,210.05,72,1905,9251,3,16
1784680030.960,real_q6xl_tensor_220w_mtp,3,53,11669,211.00,68,1920,9251,3,16
1784680031.567,real_q6xl_tensor_220w_mtp,0,100,11669,201.96,63,1815,9251,3,16
1784680031.567,real_q6xl_tensor_220w_mtp,1,69,11669,205.10,67,1695,9251,3,16
1784680031.567,real_q6xl_tensor_220w_mtp,2,69,11669,203.97,72,1755,9251,3,16
1784680031.567,real_q6xl_tensor_220w_mtp,3,69,11669,207.49,69,1710,9251,3,16
1784680032.139,real_q6xl_tensor_220w_mtp,0,100,11669,206.58,64,1815,9251,3,16
1784680032.139,real_q6xl_tensor_220w_mtp,1,69,11669,213.80,68,1725,9251,3,16
1784680032.139,real_q6xl_tensor_220w_mtp,2,69,11669,213.07,73,1770,9251,3,16
1784680032.139,real_q6xl_tensor_220w_mtp,3,69,11669,218.88,69,1725,9251,3,16
1784680032.731,real_q6xl_tensor_220w_mtp,0,100,11669,214.71,64,1785,9251,3,16
1784680032.731,real_q6xl_tensor_220w_mtp,1,100,11669,217.16,68,1725,9251,3,16
1784680032.731,real_q6xl_tensor_220w_mtp,2,100,11669,217.04,73,1755,9251,3,16
1784680032.731,real_q6xl_tensor_220w_mtp,3,100,11669,218.65,70,1740,9251,3,16
1784680033.325,real_q6xl_tensor_220w_mtp,0,100,11669,199.10,64,1815,9251,3,16
1784680033.325,real_q6xl_tensor_220w_mtp,1,100,11669,205.35,68,1725,9251,3,16
1784680033.325,real_q6xl_tensor_220w_mtp,2,93,11669,202.57,73,1785,9251,3,16
1784680033.325,real_q6xl_tensor_220w_mtp,3,66,11669,206.47,69,1740,9251,3,16
1784680033.898,real_q6xl_tensor_220w_mtp,0,100,11669,198.91,64,1845,9251,3,16
1784680033.898,real_q6xl_tensor_220w_mtp,1,100,11669,206.17,68,1830,9251,3,16
1784680033.898,real_q6xl_tensor_220w_mtp,2,100,11669,201.52,73,1800,9251,3,16
1784680033.898,real_q6xl_tensor_220w_mtp,3,100,11669,206.20,69,1845,9251,3,16
1784680034.484,real_q6xl_tensor_220w_mtp,0,100,11669,212.78,64,1785,9251,3,16
1784680034.484,real_q6xl_tensor_220w_mtp,1,100,11669,215.76,68,1725,9251,3,16
1784680034.484,real_q6xl_tensor_220w_mtp,2,100,11669,213.27,73,1755,9251,3,16
1784680034.484,real_q6xl_tensor_220w_mtp,3,100,11669,215.70,69,1740,9251,3,16
1784680035.079,real_q6xl_tensor_220w_mtp,0,65,11669,202.85,62,1785,9251,3,16
1784680035.079,real_q6xl_tensor_220w_mtp,1,17,11669,206.88,67,1725,9251,3,16
1784680035.079,real_q6xl_tensor_220w_mtp,2,19,11669,204.48,72,1740,9251,3,16
1784680035.079,real_q6xl_tensor_220w_mtp,3,61,11669,208.22,69,1740,9251,3,16
1784680035.651,real_q6xl_tensor_220w_mtp,0,65,11669,200.99,64,1800,9251,3,16
1784680035.651,real_q6xl_tensor_220w_mtp,1,17,11669,206.62,68,1710,9251,3,16
1784680035.651,real_q6xl_tensor_220w_mtp,2,19,11669,204.19,73,1755,9251,3,16
1784680035.651,real_q6xl_tensor_220w_mtp,3,61,11669,207.82,69,1740,9251,3,16
1784680036.223,real_q6xl_tensor_220w_mtp,0,100,11669,213.52,64,1815,9251,3,16
1784680036.223,real_q6xl_tensor_220w_mtp,1,100,11669,216.44,68,1725,9251,3,16
1784680036.223,real_q6xl_tensor_220w_mtp,2,100,11669,215.92,73,1770,9251,3,16
1784680036.223,real_q6xl_tensor_220w_mtp,3,100,11669,217.00,70,1740,9251,3,16
1784680036.822,real_q6xl_tensor_220w_mtp,0,100,11669,211.37,63,1920,9251,3,16
1784680036.822,real_q6xl_tensor_220w_mtp,1,100,11669,211.80,68,1905,9251,3,16
1784680036.822,real_q6xl_tensor_220w_mtp,2,65,11669,210.30,73,1905,9251,3,16
1784680036.822,real_q6xl_tensor_220w_mtp,3,84,11669,213.94,68,1920,9251,3,16
1784680037.389,real_q6xl_tensor_220w_mtp,0,100,11669,200.60,64,1785,9251,3,16
1784680037.389,real_q6xl_tensor_220w_mtp,1,100,11669,206.84,68,1710,9251,3,16
1784680037.389,real_q6xl_tensor_220w_mtp,2,100,11669,204.15,73,1755,9251,3,16
1784680037.389,real_q6xl_tensor_220w_mtp,3,100,11669,206.88,70,1725,9251,3,16
1784680037.953,real_q6xl_tensor_220w_mtp,0,100,11669,200.77,63,1770,9251,3,16
1784680037.953,real_q6xl_tensor_220w_mtp,1,100,11669,209.94,68,1710,9251,3,16
1784680037.953,real_q6xl_tensor_220w_mtp,2,100,11669,208.07,73,1725,9251,3,16
1784680037.953,real_q6xl_tensor_220w_mtp,3,100,11669,211.04,68,1725,9251,3,16
1784680038.523,real_q6xl_tensor_220w_mtp,0,100,11669,215.20,64,1800,9251,3,16
1784680038.523,real_q6xl_tensor_220w_mtp,1,100,11669,216.43,68,1710,9251,3,16
1784680038.523,real_q6xl_tensor_220w_mtp,2,100,11669,217.19,73,1755,9251,3,16
1784680038.523,real_q6xl_tensor_220w_mtp,3,100,11669,216.27,70,1725,9251,3,16
1784680039.157,real_q6xl_tensor_220w_mtp,0,100,11669,200.52,64,1785,9251,3,16
1784680039.157,real_q6xl_tensor_220w_mtp,1,100,11669,206.83,68,1740,9251,3,16
1784680039.157,real_q6xl_tensor_220w_mtp,2,100,11669,203.55,73,1770,9251,3,16
1784680039.157,real_q6xl_tensor_220w_mtp,3,100,11669,206.99,69,1755,9251,3,16
1784680039.728,real_q6xl_tensor_220w_mtp,0,100,11669,199.60,64,1785,9251,3,16
1784680039.728,real_q6xl_tensor_220w_mtp,1,100,11669,207.02,68,1710,9251,3,16
1784680039.728,real_q6xl_tensor_220w_mtp,2,100,11669,202.82,73,1740,9251,3,16
1784680039.728,real_q6xl_tensor_220w_mtp,3,100,11669,207.29,69,1725,9251,3,16
1784680040.297,real_q6xl_tensor_220w_mtp,0,100,11669,214.47,64,1890,9251,3,16
1784680040.297,real_q6xl_tensor_220w_mtp,1,86,11669,214.11,68,1875,9251,3,16
1784680040.297,real_q6xl_tensor_220w_mtp,2,100,11669,212.66,73,1770,9251,3,16
1784680040.297,real_q6xl_tensor_220w_mtp,3,100,11669,217.00,70,1875,9251,3,16
1784680040.890,real_q6xl_tensor_220w_mtp,0,43,11669,207.07,63,1920,9251,3,16
1784680040.890,real_q6xl_tensor_220w_mtp,1,34,11669,208.89,67,1905,9251,3,16
1784680040.890,real_q6xl_tensor_220w_mtp,2,26,11669,209.21,72,1890,9251,3,16
1784680040.890,real_q6xl_tensor_220w_mtp,3,40,11669,210.10,69,1905,9251,3,16
1784680041.474,real_q6xl_tensor_220w_mtp,0,83,11669,200.33,64,1800,9251,3,16
1784680041.474,real_q6xl_tensor_220w_mtp,1,100,11669,209.11,68,1680,9251,3,16
1784680041.474,real_q6xl_tensor_220w_mtp,2,92,11669,204.72,72,1770,9251,3,16
1784680041.474,real_q6xl_tensor_220w_mtp,3,100,11669,206.11,69,1695,9251,3,16
1784680042.072,real_q6xl_tensor_220w_mtp,0,79,11669,214.71,64,1785,9251,3,16
1784680042.072,real_q6xl_tensor_220w_mtp,1,100,11669,212.14,68,1710,9251,3,16
1784680042.072,real_q6xl_tensor_220w_mtp,2,100,11669,211.04,73,1740,9251,3,16
1784680042.072,real_q6xl_tensor_220w_mtp,3,100,11669,215.73,69,1710,9251,3,16
1784680042.642,real_q6xl_tensor_220w_mtp,0,79,11669,216.71,64,1785,9251,3,16
1784680042.642,real_q6xl_tensor_220w_mtp,1,100,11669,216.77,69,1710,9251,3,16
1784680042.642,real_q6xl_tensor_220w_mtp,2,100,11669,215.91,73,1740,9251,3,16
1784680042.642,real_q6xl_tensor_220w_mtp,3,100,11669,216.57,70,1725,9251,3,16
1784680043.214,real_q6xl_tensor_220w_mtp,0,100,11669,199.73,64,1785,9251,3,16
1784680043.214,real_q6xl_tensor_220w_mtp,1,100,11669,206.67,68,1695,9251,3,16
1784680043.214,real_q6xl_tensor_220w_mtp,2,100,11669,201.64,73,1740,9251,3,16
1784680043.214,real_q6xl_tensor_220w_mtp,3,100,11669,206.49,69,1710,9251,3,16
1784680043.812,real_q6xl_tensor_220w_mtp,0,97,11669,199.33,64,1785,9251,3,16
1784680043.812,real_q6xl_tensor_220w_mtp,1,100,11669,206.21,68,1695,9251,3,16
1784680043.812,real_q6xl_tensor_220w_mtp,2,83,11669,202.20,73,1740,9251,3,16
1784680043.812,real_q6xl_tensor_220w_mtp,3,100,11669,206.12,70,1710,9251,3,16
1784680044.386,real_q6xl_tensor_220w_mtp,0,76,11669,212.31,64,1890,9251,3,16
1784680044.386,real_q6xl_tensor_220w_mtp,1,100,11669,216.56,68,1875,9251,3,16
1784680044.386,real_q6xl_tensor_220w_mtp,2,100,11669,216.31,73,1845,9251,3,16
1784680044.386,real_q6xl_tensor_220w_mtp,3,79,11669,213.80,69,1875,9251,3,16
1784680044.952,real_q6xl_tensor_220w_mtp,0,76,11669,209.54,63,1920,9251,3,16
1784680044.952,real_q6xl_tensor_220w_mtp,1,100,11669,209.99,67,1905,9251,3,16
1784680044.952,real_q6xl_tensor_220w_mtp,2,100,11669,207.89,72,1890,9251,3,16
1784680044.952,real_q6xl_tensor_220w_mtp,3,79,11669,211.86,69,1905,9251,3,16
1784680045.512,real_q6xl_tensor_220w_mtp,0,100,11669,201.96,64,1785,9251,3,16
1784680045.512,real_q6xl_tensor_220w_mtp,1,100,11669,205.41,68,1755,9251,3,16
1784680045.512,real_q6xl_tensor_220w_mtp,2,100,11669,202.48,73,1740,9251,3,16
1784680045.512,real_q6xl_tensor_220w_mtp,3,100,11669,207.01,69,1770,9251,3,16
1784680046.071,real_q6xl_tensor_220w_mtp,0,100,11669,207.10,63,1785,9251,3,16
1784680046.071,real_q6xl_tensor_220w_mtp,1,100,11669,209.13,68,1725,9251,3,16
1784680046.071,real_q6xl_tensor_220w_mtp,2,100,11669,207.53,73,1740,9251,3,16
1784680046.071,real_q6xl_tensor_220w_mtp,3,100,11669,211.21,69,1740,9251,3,16
1784680046.643,real_q6xl_tensor_220w_mtp,0,100,11669,211.44,64,1785,9251,3,16
1784680046.643,real_q6xl_tensor_220w_mtp,1,100,11669,216.40,68,1680,9251,3,16
1784680046.643,real_q6xl_tensor_220w_mtp,2,100,11669,216.04,73,1725,9251,3,16
1784680046.643,real_q6xl_tensor_220w_mtp,3,100,11669,215.03,70,1710,9251,3,16
1784680047.213,real_q6xl_tensor_220w_mtp,0,100,11669,199.18,64,1800,9251,3,16
1784680047.213,real_q6xl_tensor_220w_mtp,1,100,11669,204.61,66,1725,9251,3,16
1784680047.213,real_q6xl_tensor_220w_mtp,2,100,11669,199.86,70,1770,9251,3,16
1784680047.213,real_q6xl_tensor_220w_mtp,3,100,11669,205.03,69,1755,9251,3,16
1784680047.805,real_q6xl_tensor_220w_mtp,0,100,11669,198.63,64,1785,9251,3,16
1784680047.805,real_q6xl_tensor_220w_mtp,1,100,11669,204.16,68,1710,9251,3,16
1784680047.805,real_q6xl_tensor_220w_mtp,2,100,11669,199.61,73,1740,9251,3,16
1784680047.805,real_q6xl_tensor_220w_mtp,3,100,11669,204.86,70,1725,9251,3,16
1784680048.373,real_q6xl_tensor_220w_mtp,0,100,11669,214.30,64,1800,9251,3,16
1784680048.373,real_q6xl_tensor_220w_mtp,1,100,11669,215.91,68,1695,9251,3,16
1784680048.373,real_q6xl_tensor_220w_mtp,2,100,11669,215.30,73,1725,9251,3,16
1784680048.373,real_q6xl_tensor_220w_mtp,3,100,11669,216.32,70,1710,9251,3,16
1784680048.968,real_q6xl_tensor_220w_mtp,0,63,11669,210.81,64,1890,9251,3,16
1784680048.968,real_q6xl_tensor_220w_mtp,1,100,11669,215.87,68,1875,9251,3,16
1784680048.968,real_q6xl_tensor_220w_mtp,2,100,11669,215.37,73,1860,9251,3,16
1784680048.968,real_q6xl_tensor_220w_mtp,3,65,11669,213.17,68,1875,9251,3,16
1784680049.555,real_q6xl_tensor_220w_mtp,0,63,11669,197.59,64,1785,9251,3,16
1784680049.555,real_q6xl_tensor_220w_mtp,1,100,11669,203.94,68,1725,9251,3,16
1784680049.555,real_q6xl_tensor_220w_mtp,2,100,11669,199.93,73,1755,9251,3,16
1784680049.555,real_q6xl_tensor_220w_mtp,3,65,11669,203.82,69,1740,9251,3,16
1784680050.124,real_q6xl_tensor_220w_mtp,0,100,11669,201.96,64,1830,9251,3,16
1784680050.124,real_q6xl_tensor_220w_mtp,1,91,11669,208.22,68,1800,9251,3,16
1784680050.124,real_q6xl_tensor_220w_mtp,2,83,11669,205.01,73,1770,9251,3,16
1784680050.124,real_q6xl_tensor_220w_mtp,3,100,11669,207.22,70,1815,9251,3,16
1784680050.685,real_q6xl_tensor_220w_mtp,0,100,11669,211.26,64,1785,9251,3,16
1784680050.685,real_q6xl_tensor_220w_mtp,1,91,11669,213.13,68,1710,9251,3,16
1784680050.685,real_q6xl_tensor_220w_mtp,2,83,11669,210.89,73,1710,9251,3,16
1784680050.685,real_q6xl_tensor_220w_mtp,3,100,11669,214.71,70,1740,9251,3,16
1784680051.254,real_q6xl_tensor_220w_mtp,0,37,11669,204.10,63,1920,9251,3,16
1784680051.254,real_q6xl_tensor_220w_mtp,1,39,11669,207.28,67,1860,9251,3,16
1784680051.254,real_q6xl_tensor_220w_mtp,2,40,11669,203.96,72,1890,9251,3,16
1784680051.254,real_q6xl_tensor_220w_mtp,3,33,11669,207.45,68,1860,9251,3,16
1784680051.813,real_q6xl_tensor_220w_mtp,0,100,11669,198.18,63,1755,9251,3,16
1784680051.813,real_q6xl_tensor_220w_mtp,1,100,11669,203.46,68,1665,9251,3,16
1784680051.813,real_q6xl_tensor_220w_mtp,2,82,11669,199.53,73,1860,9251,3,16
1784680051.813,real_q6xl_tensor_220w_mtp,3,90,11669,204.94,69,1680,9251,3,16
1784680052.388,real_q6xl_tensor_220w_mtp,0,100,11669,209.41,64,1755,9251,3,16
1784680052.388,real_q6xl_tensor_220w_mtp,1,100,11669,217.86,68,1710,9251,3,16
1784680052.388,real_q6xl_tensor_220w_mtp,2,78,11669,215.92,73,1725,9251,3,16
1784680052.388,real_q6xl_tensor_220w_mtp,3,100,11669,214.29,69,1725,9251,3,16
1784680052.983,real_q6xl_tensor_220w_mtp,0,100,11669,214.29,64,1800,9251,3,16
1784680052.983,real_q6xl_tensor_220w_mtp,1,100,11669,215.98,68,1680,9251,3,16
1784680052.983,real_q6xl_tensor_220w_mtp,2,78,11669,215.37,73,1755,9251,3,16
1784680052.983,real_q6xl_tensor_220w_mtp,3,100,11669,215.57,70,1695,9251,3,16
1784680053.554,real_q6xl_tensor_220w_mtp,0,41,11669,197.99,64,1785,9251,3,16
1784680053.554,real_q6xl_tensor_220w_mtp,1,79,11669,203.32,68,1680,9251,3,16
1784680053.554,real_q6xl_tensor_220w_mtp,2,88,11669,200.34,73,1710,9251,3,16
1784680053.554,real_q6xl_tensor_220w_mtp,3,100,11669,203.20,69,1710,9251,3,16
1784680054.126,real_q6xl_tensor_220w_mtp,0,41,11669,197.54,64,1785,9251,3,16
1784680054.126,real_q6xl_tensor_220w_mtp,1,79,11669,203.72,68,1680,9251,3,16
1784680054.126,real_q6xl_tensor_220w_mtp,2,88,11669,200.08,73,1755,9251,3,16
1784680054.126,real_q6xl_tensor_220w_mtp,3,100,11669,203.89,70,1695,9251,3,16
1784680054.695,real_q6xl_tensor_220w_mtp,0,100,11669,214.21,65,1755,9251,3,16
1784680054.695,real_q6xl_tensor_220w_mtp,1,100,11669,215.77,68,1695,9251,3,16
1784680054.695,real_q6xl_tensor_220w_mtp,2,100,11669,214.01,73,1710,9251,3,16
1784680054.695,real_q6xl_tensor_220w_mtp,3,100,11669,215.62,70,1695,9251,3,16
1784680055.266,real_q6xl_tensor_220w_mtp,0,100,11669,213.21,65,1785,9251,3,16
1784680055.266,real_q6xl_tensor_220w_mtp,1,100,11669,215.34,69,1725,9251,3,16
1784680055.266,real_q6xl_tensor_220w_mtp,2,100,11669,214.34,73,1710,9251,3,16
1784680055.266,real_q6xl_tensor_220w_mtp,3,100,11669,215.44,70,1740,9251,3,16
1784680055.828,real_q6xl_tensor_220w_mtp,0,100,11669,195.88,64,1800,9251,3,16
1784680055.828,real_q6xl_tensor_220w_mtp,1,100,11669,201.91,68,1665,9251,3,16
1784680055.828,real_q6xl_tensor_220w_mtp,2,100,11669,199.34,73,1740,9251,3,16
1784680055.828,real_q6xl_tensor_220w_mtp,3,100,11669,202.88,69,1695,9251,3,16
1784680056.417,real_q6xl_tensor_220w_mtp,0,100,11669,197.03,64,1785,9251,3,16
1784680056.417,real_q6xl_tensor_220w_mtp,1,100,11669,206.99,69,1680,9251,3,16
1784680056.417,real_q6xl_tensor_220w_mtp,2,100,11669,205.10,73,1755,9251,3,16
1784680056.417,real_q6xl_tensor_220w_mtp,3,100,11669,202.88,70,1695,9251,3,16
1784680056.986,real_q6xl_tensor_220w_mtp,0,77,11669,210.67,65,1890,9251,3,16
1784680056.986,real_q6xl_tensor_220w_mtp,1,100,11669,216.13,69,1860,9251,3,16
1784680056.986,real_q6xl_tensor_220w_mtp,2,100,11669,214.37,73,1830,9251,3,16
1784680056.986,real_q6xl_tensor_220w_mtp,3,78,11669,213.18,69,1875,9251,3,16
1784680057.555,real_q6xl_tensor_220w_mtp,0,77,11669,207.40,63,1920,9251,3,16
1784680057.555,real_q6xl_tensor_220w_mtp,1,100,11669,208.66,68,1905,9251,3,16
1784680057.555,real_q6xl_tensor_220w_mtp,2,100,11669,205.67,72,1890,9251,3,16
1784680057.555,real_q6xl_tensor_220w_mtp,3,78,11669,206.49,68,1890,9251,3,16
1784680058.117,real_q6xl_tensor_220w_mtp,0,100,11669,198.59,64,1740,9251,3,16
1784680058.117,real_q6xl_tensor_220w_mtp,1,100,11669,205.06,69,1725,9251,3,16
1784680058.117,real_q6xl_tensor_220w_mtp,2,100,11669,202.06,73,1710,9251,3,16
1784680058.117,real_q6xl_tensor_220w_mtp,3,100,11669,204.56,70,1725,9251,3,16
1784680058.685,real_q6xl_tensor_220w_mtp,0,100,11669,202.98,63,1875,9251,3,16
1784680058.685,real_q6xl_tensor_220w_mtp,1,100,11669,209.00,68,1635,9251,3,16
1784680058.685,real_q6xl_tensor_220w_mtp,2,100,11669,207.29,73,1845,9251,3,16
1784680058.685,real_q6xl_tensor_220w_mtp,3,100,11669,207.46,68,1665,9251,3,16
1784680059.271,real_q6xl_tensor_220w_mtp,0,62,11669,211.40,64,1740,9251,3,16
1784680059.271,real_q6xl_tensor_220w_mtp,1,71,11669,212.84,68,1680,9251,3,16
1784680059.271,real_q6xl_tensor_220w_mtp,2,80,11669,211.17,73,1710,9251,3,16
1784680059.271,real_q6xl_tensor_220w_mtp,3,100,11669,213.86,70,1695,9251,3,16
1784680059.840,real_q6xl_tensor_220w_mtp,0,65,11669,204.83,63,1920,9251,3,16
1784680059.840,real_q6xl_tensor_220w_mtp,1,49,11669,206.68,67,1905,9251,3,16
1784680059.840,real_q6xl_tensor_220w_mtp,2,35,11669,202.76,72,1860,9251,3,16
1784680059.840,real_q6xl_tensor_220w_mtp,3,32,11669,208.90,68,1920,9251,3,16
1784680060.402,real_q6xl_tensor_220w_mtp,0,61,11669,194.87,64,1770,9251,3,16
1784680060.402,real_q6xl_tensor_220w_mtp,1,100,11669,201.96,68,1635,9251,3,16
1784680060.402,real_q6xl_tensor_220w_mtp,2,97,11669,202.19,73,1845,9251,3,16
1784680060.402,real_q6xl_tensor_220w_mtp,3,62,11669,200.70,69,1665,9251,3,16
1784680060.974,real_q6xl_tensor_220w_mtp,0,61,11669,211.67,64,1800,9251,3,16
1784680060.974,real_q6xl_tensor_220w_mtp,1,100,11669,210.65,68,1695,9251,3,16
1784680060.974,real_q6xl_tensor_220w_mtp,2,97,11669,210.03,73,1740,9251,3,16
1784680060.974,real_q6xl_tensor_220w_mtp,3,62,11669,215.04,70,1710,9251,3,16
1784680061.546,real_q6xl_tensor_220w_mtp,0,100,11669,213.45,64,1755,9251,3,16
1784680061.546,real_q6xl_tensor_220w_mtp,1,100,11669,215.04,68,1695,9251,3,16
1784680061.546,real_q6xl_tensor_220w_mtp,2,100,11669,213.16,73,1710,9251,3,16
1784680061.546,real_q6xl_tensor_220w_mtp,3,100,11669,215.20,70,1710,9251,3,16
1784680062.138,real_q6xl_tensor_220w_mtp,0,28,11669,195.86,62,1770,9251,3,16
1784680062.138,real_q6xl_tensor_220w_mtp,1,34,11669,200.94,68,1665,9251,3,16
1784680062.138,real_q6xl_tensor_220w_mtp,2,32,11669,197.19,72,1740,9251,3,16
1784680062.138,real_q6xl_tensor_220w_mtp,3,28,11669,200.05,68,1680,9251,3,16
1784680062.712,real_q6xl_tensor_220w_mtp,0,100,11669,194.82,64,1740,9251,3,16
1784680062.712,real_q6xl_tensor_220w_mtp,1,100,11669,201.13,68,1725,9251,3,16
1784680062.712,real_q6xl_tensor_220w_mtp,2,68,11669,197.06,73,1755,9251,3,16
1784680062.712,real_q6xl_tensor_220w_mtp,3,100,11669,200.76,70,1740,9251,3,16
1784680063.282,real_q6xl_tensor_220w_mtp,0,100,11669,212.10,64,1740,9251,3,16
1784680063.282,real_q6xl_tensor_220w_mtp,1,100,11669,215.40,69,1695,9251,3,16
1784680063.282,real_q6xl_tensor_220w_mtp,2,90,11669,213.36,73,1680,9251,3,16
1784680063.282,real_q6xl_tensor_220w_mtp,3,80,11669,214.24,70,1710,9251,3,16
1784680063.853,real_q6xl_tensor_220w_mtp,0,100,11669,211.94,64,1725,9251,3,16
1784680063.853,real_q6xl_tensor_220w_mtp,1,100,11669,214.89,68,1665,9251,3,16
1784680063.853,real_q6xl_tensor_220w_mtp,2,100,11669,213.18,73,1695,9251,3,16
1784680063.853,real_q6xl_tensor_220w_mtp,3,100,11669,214.96,70,1680,9251,3,16
1784680064.422,real_q6xl_tensor_220w_mtp,0,100,11669,194.42,64,1770,9251,3,16
1784680064.422,real_q6xl_tensor_220w_mtp,1,100,11669,200.65,68,1710,9251,3,16
1784680064.422,real_q6xl_tensor_220w_mtp,2,100,11669,197.14,73,1740,9251,3,16
1784680064.422,real_q6xl_tensor_220w_mtp,3,100,11669,201.98,69,1725,9251,3,16
1784680064.993,real_q6xl_tensor_220w_mtp,0,100,11669,194.66,65,1725,9251,3,16
1784680064.993,real_q6xl_tensor_220w_mtp,1,100,11669,201.35,68,1665,9251,3,16
1784680064.993,real_q6xl_tensor_220w_mtp,2,100,11669,197.29,73,1710,9251,3,16
1784680064.993,real_q6xl_tensor_220w_mtp,3,100,11669,201.38,70,1680,9251,3,16
1784680065.563,real_q6xl_tensor_220w_mtp,0,100,11669,212.51,64,1785,9251,3,16
1784680065.563,real_q6xl_tensor_220w_mtp,1,100,11669,215.30,68,1650,9251,3,16
1784680065.563,real_q6xl_tensor_220w_mtp,2,100,11669,214.02,73,1740,9251,3,16
1784680065.563,real_q6xl_tensor_220w_mtp,3,100,11669,214.71,70,1665,9251,3,16
1784680066.131,real_q6xl_tensor_220w_mtp,0,100,11669,212.04,65,1785,9251,3,16
1784680066.131,real_q6xl_tensor_220w_mtp,1,100,11669,215.12,68,1665,9251,3,16
1784680066.131,real_q6xl_tensor_220w_mtp,2,100,11669,213.87,74,1695,9251,3,16
1784680066.131,real_q6xl_tensor_220w_mtp,3,100,11669,214.86,70,1740,9251,3,16
1784680066.699,real_q6xl_tensor_220w_mtp,0,100,11669,193.22,64,1785,9251,3,16
1784680066.699,real_q6xl_tensor_220w_mtp,1,100,11669,201.01,68,1710,9251,3,16
1784680066.699,real_q6xl_tensor_220w_mtp,2,100,11669,197.35,73,1710,9251,3,16
1784680066.699,real_q6xl_tensor_220w_mtp,3,100,11669,200.53,69,1725,9251,3,16
1784680067.272,real_q6xl_tensor_220w_mtp,0,100,11669,194.02,64,1740,9251,3,16
1784680067.272,real_q6xl_tensor_220w_mtp,1,100,11669,201.47,68,1650,9251,3,16
1784680067.272,real_q6xl_tensor_220w_mtp,2,100,11669,196.76,73,1680,9251,3,16
1784680067.272,real_q6xl_tensor_220w_mtp,3,100,11669,200.97,70,1665,9251,3,16
1784680067.851,real_q6xl_tensor_220w_mtp,0,93,11669,212.06,65,1755,9251,3,16
1784680067.851,real_q6xl_tensor_220w_mtp,1,100,11669,215.09,68,1635,9251,3,16
1784680067.851,real_q6xl_tensor_220w_mtp,2,100,11669,212.22,74,1695,9251,3,16
1784680067.851,real_q6xl_tensor_220w_mtp,3,100,11669,215.04,70,1665,9251,3,16
1784680068.425,real_q6xl_tensor_220w_mtp,0,100,11669,212.11,65,1725,9251,3,16
1784680068.425,real_q6xl_tensor_220w_mtp,1,98,11669,215.19,69,1665,9251,3,16
1784680068.425,real_q6xl_tensor_220w_mtp,2,88,11669,211.40,74,1710,9251,3,16
1784680068.425,real_q6xl_tensor_220w_mtp,3,100,11669,214.57,70,1680,9251,3,16
1784680068.984,real_q6xl_tensor_220w_mtp,0,100,11669,193.43,64,1725,9251,3,16
1784680068.984,real_q6xl_tensor_220w_mtp,1,98,11669,199.26,68,1650,9251,3,16
1784680068.984,real_q6xl_tensor_220w_mtp,2,88,11669,196.35,73,1695,9251,3,16
1784680068.984,real_q6xl_tensor_220w_mtp,3,100,11669,199.51,69,1665,9251,3,16
1784680069.554,real_q6xl_tensor_220w_mtp,0,100,11669,193.04,65,1740,9251,3,16
1784680069.554,real_q6xl_tensor_220w_mtp,1,100,11669,199.32,69,1650,9251,3,16
1784680069.554,real_q6xl_tensor_220w_mtp,2,100,11669,196.96,73,1710,9251,3,16
1784680069.554,real_q6xl_tensor_220w_mtp,3,100,11669,203.89,70,1665,9251,3,16
1784680070.125,real_q6xl_tensor_220w_mtp,0,100,11669,211.28,65,1785,9251,3,16
1784680070.125,real_q6xl_tensor_220w_mtp,1,100,11669,214.79,69,1665,9251,3,16
1784680070.125,real_q6xl_tensor_220w_mtp,2,100,11669,213.09,73,1740,9251,3,16
1784680070.125,real_q6xl_tensor_220w_mtp,3,100,11669,213.86,70,1680,9251,3,16
1784680070.694,real_q6xl_tensor_220w_mtp,0,95,11669,211.18,64,1845,9251,3,16
1784680070.694,real_q6xl_tensor_220w_mtp,1,100,11669,214.57,69,1830,9251,3,16
1784680070.694,real_q6xl_tensor_220w_mtp,2,100,11669,212.83,74,1680,9251,3,16
1784680070.694,real_q6xl_tensor_220w_mtp,3,100,11669,214.20,69,1755,9251,3,16
1784680071.256,real_q6xl_tensor_220w_mtp,0,95,11669,192.48,64,1740,9251,3,16
1784680071.256,real_q6xl_tensor_220w_mtp,1,100,11669,199.40,68,1695,9251,3,16
1784680071.256,real_q6xl_tensor_220w_mtp,2,100,11669,192.07,73,1695,9251,3,16
1784680071.256,real_q6xl_tensor_220w_mtp,3,100,11669,199.28,69,1710,9251,3,16
1784680071.851,real_q6xl_tensor_220w_mtp,0,100,11669,192.49,64,1740,9251,3,16
1784680071.851,real_q6xl_tensor_220w_mtp,1,100,11669,203.45,68,1710,9251,3,16
1784680071.851,real_q6xl_tensor_220w_mtp,2,100,11669,197.50,74,1740,9251,3,16
1784680071.851,real_q6xl_tensor_220w_mtp,3,100,11669,205.12,70,1710,9251,3,16
1784680072.423,real_q6xl_tensor_220w_mtp,0,100,11669,212.01,64,1740,9251,3,16
1784680072.423,real_q6xl_tensor_220w_mtp,1,100,11669,215.02,69,1635,9251,3,16
1784680072.423,real_q6xl_tensor_220w_mtp,2,100,11669,212.31,73,1725,9251,3,16
1784680072.423,real_q6xl_tensor_220w_mtp,3,100,11669,214.74,70,1650,9251,3,16
1784680072.993,real_q6xl_tensor_220w_mtp,0,67,11669,209.46,63,1905,9251,3,16
1784680072.993,real_q6xl_tensor_220w_mtp,1,100,11669,214.92,69,1890,9251,3,16
1784680072.993,real_q6xl_tensor_220w_mtp,2,100,11669,212.89,73,1845,9251,3,16
1784680072.993,real_q6xl_tensor_220w_mtp,3,100,11669,212.30,68,1860,9251,3,16
1784680073.556,real_q6xl_tensor_220w_mtp,0,67,11669,192.83,64,1725,9251,3,16
1784680073.556,real_q6xl_tensor_220w_mtp,1,100,11669,198.58,68,1725,9251,3,16
1784680073.556,real_q6xl_tensor_220w_mtp,2,100,11669,194.74,73,1695,9251,3,16
1784680073.556,real_q6xl_tensor_220w_mtp,3,100,11669,201.87,69,1725,9251,3,16
1784680074.128,real_q6xl_tensor_220w_mtp,0,100,11669,194.88,64,1725,9251,3,16
1784680074.128,real_q6xl_tensor_220w_mtp,1,100,11669,204.95,68,1710,9251,3,16
1784680074.128,real_q6xl_tensor_220w_mtp,2,100,11669,200.30,73,1740,9251,3,16
1784680074.128,real_q6xl_tensor_220w_mtp,3,100,11669,202.30,70,1725,9251,3,16
1784680074.699,real_q6xl_tensor_220w_mtp,0,100,11669,211.40,65,1785,9251,3,16
1784680074.699,real_q6xl_tensor_220w_mtp,1,100,11669,214.01,69,1650,9251,3,16
1784680074.699,real_q6xl_tensor_220w_mtp,2,100,11669,212.67,73,1740,9251,3,16
1784680074.699,real_q6xl_tensor_220w_mtp,3,100,11669,214.78,70,1665,9251,3,16
1784680075.268,real_q6xl_tensor_220w_mtp,0,100,11669,207.14,64,1845,9251,3,16
1784680075.268,real_q6xl_tensor_220w_mtp,1,100,11669,213.92,68,1830,9251,3,16
1784680075.268,real_q6xl_tensor_220w_mtp,2,100,11669,212.85,74,1785,9251,3,16
1784680075.268,real_q6xl_tensor_220w_mtp,3,100,11669,211.64,70,1845,9251,3,16
1784680075.831,real_q6xl_tensor_220w_mtp,0,53,11669,190.54,64,1725,9251,3,16
1784680075.831,real_q6xl_tensor_220w_mtp,1,71,11669,198.70,68,1635,9251,3,16
1784680075.831,real_q6xl_tensor_220w_mtp,2,100,11669,193.43,73,1710,9251,3,16
1784680075.831,real_q6xl_tensor_220w_mtp,3,100,11669,199.34,69,1665,9251,3,16
1784680076.404,real_q6xl_tensor_220w_mtp,0,100,11669,195.73,65,1725,9251,3,16
1784680076.404,real_q6xl_tensor_220w_mtp,1,100,11669,203.89,68,1635,9251,3,16
1784680076.404,real_q6xl_tensor_220w_mtp,2,100,11669,200.07,73,1680,9251,3,16
1784680076.404,real_q6xl_tensor_220w_mtp,3,100,11669,203.20,70,1665,9251,3,16
1784680076.975,real_q6xl_tensor_220w_mtp,0,100,11669,212.09,64,1725,9251,3,16
1784680076.975,real_q6xl_tensor_220w_mtp,1,100,11669,214.79,69,1635,9251,3,16
1784680076.975,real_q6xl_tensor_220w_mtp,2,100,11669,212.52,73,1710,9251,3,16
1784680076.975,real_q6xl_tensor_220w_mtp,3,100,11669,214.82,70,1650,9251,3,16
1784680077.546,real_q6xl_tensor_220w_mtp,0,100,11669,211.55,65,1725,9251,3,16
1784680077.546,real_q6xl_tensor_220w_mtp,1,100,11669,214.21,69,1650,9251,3,16
1784680077.546,real_q6xl_tensor_220w_mtp,2,100,11669,211.95,73,1680,9251,3,16
1784680077.546,real_q6xl_tensor_220w_mtp,3,100,11669,211.69,70,1665,9251,3,16
1784680078.110,real_q6xl_tensor_220w_mtp,0,100,11669,191.68,64,1770,9251,3,16
1784680078.110,real_q6xl_tensor_220w_mtp,1,100,11669,197.86,68,1620,9251,3,16
1784680078.110,real_q6xl_tensor_220w_mtp,2,100,11669,194.04,73,1725,9251,3,16
1784680078.110,real_q6xl_tensor_220w_mtp,3,100,11669,198.36,69,1650,9251,3,16
1784680078.684,real_q6xl_tensor_220w_mtp,0,100,11669,195.16,64,1770,9251,3,16
1784680078.684,real_q6xl_tensor_220w_mtp,1,100,11669,197.09,69,1635,9251,3,16
1784680078.684,real_q6xl_tensor_220w_mtp,2,100,11669,194.81,73,1725,9251,3,16
1784680078.684,real_q6xl_tensor_220w_mtp,3,100,11669,201.21,70,1650,9251,3,16
1784680079.255,real_q6xl_tensor_220w_mtp,0,100,11669,210.87,64,1725,9251,3,16
1784680079.255,real_q6xl_tensor_220w_mtp,1,100,11669,213.90,69,1695,9251,3,16
1784680079.255,real_q6xl_tensor_220w_mtp,2,100,11669,212.20,73,1695,9251,3,16
1784680079.255,real_q6xl_tensor_220w_mtp,3,100,11669,215.37,70,1710,9251,3,16
1784680079.825,real_q6xl_tensor_220w_mtp,0,100,11669,211.93,65,1740,9251,3,16
1784680079.825,real_q6xl_tensor_220w_mtp,1,100,11669,214.09,69,1635,9251,3,16
1784680079.825,real_q6xl_tensor_220w_mtp,2,100,11669,212.17,73,1665,9251,3,16
1784680079.825,real_q6xl_tensor_220w_mtp,3,100,11669,215.72,70,1665,9251,3,16
1784680080.395,real_q6xl_tensor_220w_mtp,0,100,11669,189.53,64,1725,9251,3,16
1784680080.395,real_q6xl_tensor_220w_mtp,1,100,11669,198.78,68,1620,9251,3,16
1784680080.395,real_q6xl_tensor_220w_mtp,2,100,11669,192.05,73,1710,9251,3,16
1784680080.395,real_q6xl_tensor_220w_mtp,3,100,11669,199.18,69,1650,9251,3,16
1784680080.966,real_q6xl_tensor_220w_mtp,0,100,11669,190.32,65,1740,9251,3,16
1784680080.966,real_q6xl_tensor_220w_mtp,1,100,11669,203.84,69,1635,9251,3,16
1784680080.966,real_q6xl_tensor_220w_mtp,2,100,11669,199.32,73,1725,9251,3,16
1784680080.966,real_q6xl_tensor_220w_mtp,3,100,11669,198.66,70,1650,9251,3,16
1784680081.591,real_q6xl_tensor_220w_mtp,0,100,11669,211.74,65,1740,9251,3,16
1784680081.591,real_q6xl_tensor_220w_mtp,1,100,11669,213.93,68,1680,9251,3,16
1784680081.591,real_q6xl_tensor_220w_mtp,2,100,11669,212.74,74,1665,9251,3,16
1784680081.591,real_q6xl_tensor_220w_mtp,3,100,11669,213.87,70,1710,9251,3,16
1784680082.162,real_q6xl_tensor_220w_mtp,0,100,11669,211.71,65,1725,9251,3,16
1784680082.162,real_q6xl_tensor_220w_mtp,1,100,11669,214.00,69,1635,9251,3,16
1784680082.162,real_q6xl_tensor_220w_mtp,2,100,11669,212.12,73,1665,9251,3,16
1784680082.162,real_q6xl_tensor_220w_mtp,3,100,11669,214.43,70,1665,9251,3,16
1784680082.731,real_q6xl_tensor_220w_mtp,0,100,11669,191.43,64,1755,9251,3,16
1784680082.731,real_q6xl_tensor_220w_mtp,1,100,11669,196.22,68,1695,9251,3,16
1784680082.731,real_q6xl_tensor_220w_mtp,2,100,11669,193.90,73,1680,9251,3,16
1784680082.731,real_q6xl_tensor_220w_mtp,3,92,11669,196.91,69,1710,9251,3,16
1784680083.303,real_q6xl_tensor_220w_mtp,0,100,11669,190.09,64,1710,9251,3,16
1784680083.303,real_q6xl_tensor_220w_mtp,1,100,11669,197.07,68,1635,9251,3,16
1784680083.303,real_q6xl_tensor_220w_mtp,2,77,11669,194.60,73,1665,9251,3,16
1784680083.303,real_q6xl_tensor_220w_mtp,3,77,11669,196.18,70,1665,9251,3,16
1784680083.876,real_q6xl_tensor_220w_mtp,0,100,11669,211.16,64,1770,9251,3,16
1784680083.876,real_q6xl_tensor_220w_mtp,1,100,11669,212.62,69,1650,9251,3,16
1784680083.876,real_q6xl_tensor_220w_mtp,2,100,11669,211.13,73,1725,9251,3,16
1784680083.876,real_q6xl_tensor_220w_mtp,3,100,11669,214.07,70,1680,9251,3,16
1784680084.446,real_q6xl_tensor_220w_mtp,0,100,11669,212.07,65,1725,9251,3,16
1784680084.446,real_q6xl_tensor_220w_mtp,1,100,11669,212.53,69,1680,9251,3,16
1784680084.446,real_q6xl_tensor_220w_mtp,2,100,11669,212.18,73,1665,9251,3,16
1784680084.446,real_q6xl_tensor_220w_mtp,3,100,11669,213.60,70,1710,9251,3,16
1784680085.014,real_q6xl_tensor_220w_mtp,0,100,11669,190.84,64,1725,9251,3,16
1784680085.014,real_q6xl_tensor_220w_mtp,1,100,11669,196.11,68,1635,9251,3,16
1784680085.014,real_q6xl_tensor_220w_mtp,2,84,11669,194.98,73,1665,9251,3,16
1784680085.014,real_q6xl_tensor_220w_mtp,3,36,11669,196.13,69,1665,9251,3,16
1784680085.606,real_q6xl_tensor_220w_mtp,0,100,11669,191.80,64,1710,9251,3,16
1784680085.606,real_q6xl_tensor_220w_mtp,1,100,11669,195.97,69,1620,9251,3,16
1784680085.606,real_q6xl_tensor_220w_mtp,2,84,11669,195.12,73,1665,9251,3,16
1784680085.606,real_q6xl_tensor_220w_mtp,3,36,11669,196.37,70,1635,9251,3,16
1784680086.218,real_q6xl_tensor_220w_mtp,0,100,11669,211.83,64,1770,9251,3,16
1784680086.218,real_q6xl_tensor_220w_mtp,1,100,11669,212.60,69,1695,9251,3,16
1784680086.218,real_q6xl_tensor_220w_mtp,2,100,11669,211.92,73,1680,9251,3,16
1784680086.218,real_q6xl_tensor_220w_mtp,3,100,11669,213.40,70,1710,9251,3,16
1784680086.789,real_q6xl_tensor_220w_mtp,0,100,11669,210.50,65,1755,9251,3,16
1784680086.789,real_q6xl_tensor_220w_mtp,1,100,11669,212.97,69,1695,9251,3,16
1784680086.789,real_q6xl_tensor_220w_mtp,2,100,11669,211.82,73,1680,9251,3,16
1784680086.789,real_q6xl_tensor_220w_mtp,3,100,11669,214.19,70,1695,9251,3,16
1784680087.385,real_q6xl_tensor_220w_mtp,0,100,11669,189.87,62,1770,9251,3,16
1784680087.385,real_q6xl_tensor_220w_mtp,1,100,11669,195.11,67,1620,9251,3,16
1784680087.385,real_q6xl_tensor_220w_mtp,2,10,11669,191.09,72,1725,9251,3,16
1784680087.385,real_q6xl_tensor_220w_mtp,3,52,11669,197.46,69,1650,9251,3,16
1784680087.955,real_q6xl_tensor_220w_mtp,0,56,11669,189.92,64,1710,9251,3,16
1784680087.955,real_q6xl_tensor_220w_mtp,1,76,11669,196.77,68,1620,9251,3,16
1784680087.955,real_q6xl_tensor_220w_mtp,2,10,11669,192.86,73,1695,9251,3,16
1784680087.955,real_q6xl_tensor_220w_mtp,3,52,11669,196.50,69,1635,9251,3,16
1784680088.524,real_q6xl_tensor_220w_mtp,0,56,11669,211.35,64,1725,9251,3,16
1784680088.524,real_q6xl_tensor_220w_mtp,1,76,11669,214.17,69,1680,9251,3,16
1784680088.524,real_q6xl_tensor_220w_mtp,2,100,11669,212.28,73,1665,9251,3,16
1784680088.524,real_q6xl_tensor_220w_mtp,3,100,11669,213.56,70,1695,9251,3,16
1784680089.093,real_q6xl_tensor_220w_mtp,0,100,11669,211.43,65,1755,9251,3,16
1784680089.093,real_q6xl_tensor_220w_mtp,1,100,11669,214.43,69,1695,9251,3,16
1784680089.093,real_q6xl_tensor_220w_mtp,2,100,11669,212.07,73,1665,9251,3,16
1784680089.093,real_q6xl_tensor_220w_mtp,3,100,11669,213.22,70,1710,9251,3,16
1784680089.664,real_q6xl_tensor_220w_mtp,0,100,11669,193.64,63,1920,9251,3,16
1784680089.664,real_q6xl_tensor_220w_mtp,1,100,11669,202.26,67,1890,9251,3,16
1784680089.664,real_q6xl_tensor_220w_mtp,2,42,11669,200.23,72,1860,9251,3,16
1784680089.664,real_q6xl_tensor_220w_mtp,3,21,11669,198.06,68,1905,9251,3,16
1784680090.223,real_q6xl_tensor_220w_mtp,0,100,11669,193.11,65,1815,9251,3,16
1784680090.223,real_q6xl_tensor_220w_mtp,1,83,11669,196.53,69,1815,9251,3,16
1784680090.223,real_q6xl_tensor_220w_mtp,2,42,11669,193.67,73,1770,9251,3,16
1784680090.223,real_q6xl_tensor_220w_mtp,3,21,11669,199.29,70,1815,9251,3,16
1784680090.783,real_q6xl_tensor_220w_mtp,0,100,11669,205.16,64,1905,9251,3,16
1784680090.783,real_q6xl_tensor_220w_mtp,1,83,11669,209.97,68,1890,9251,3,16
1784680090.783,real_q6xl_tensor_220w_mtp,2,85,11669,206.22,72,1860,9251,3,16
1784680090.783,real_q6xl_tensor_220w_mtp,3,54,11669,209.54,69,1905,9251,3,16
1784680091.354,real_q6xl_tensor_220w_mtp,0,68,11669,206.24,63,1695,9251,3,16
1784680091.354,real_q6xl_tensor_220w_mtp,1,55,11669,212.11,68,1650,9251,3,16
1784680091.354,real_q6xl_tensor_220w_mtp,2,54,11669,209.99,73,1665,9251,3,16
1784680091.354,real_q6xl_tensor_220w_mtp,3,54,11669,214.79,68,1665,9251,3,16
1784680091.923,real_q6xl_tensor_220w_mtp,0,68,11669,206.10,63,1830,9251,3,16
1784680091.923,real_q6xl_tensor_220w_mtp,1,55,11669,207.57,67,1725,9251,3,16
1784680091.923,real_q6xl_tensor_220w_mtp,2,54,11669,203.47,72,1830,9251,3,16
1784680091.923,real_q6xl_tensor_220w_mtp,3,24,11669,211.65,68,1755,9251,3,16
1784680092.484,real_q6xl_tensor_220w_mtp,0,100,11669,191.66,64,1695,9251,3,16
1784680092.484,real_q6xl_tensor_220w_mtp,1,100,11669,198.15,68,1620,9251,3,16
1784680092.484,real_q6xl_tensor_220w_mtp,2,100,11669,194.85,73,1650,9251,3,16
1784680092.484,real_q6xl_tensor_220w_mtp,3,24,11669,198.13,70,1650,9251,3,16
1784680093.054,real_q6xl_tensor_220w_mtp,0,100,11669,202.18,65,1710,9251,3,16
1784680093.054,real_q6xl_tensor_220w_mtp,1,100,11669,203.41,68,1620,9251,3,16
1784680093.054,real_q6xl_tensor_220w_mtp,2,100,11669,202.65,73,1650,9251,3,16
1784680093.054,real_q6xl_tensor_220w_mtp,3,100,11669,206.72,70,1635,9251,3,16
1784680093.630,real_q6xl_tensor_220w_mtp,0,100,11669,211.02,64,1695,9251,3,16
1784680093.630,real_q6xl_tensor_220w_mtp,1,100,11669,212.53,69,1620,9251,3,16
1784680093.630,real_q6xl_tensor_220w_mtp,2,100,11669,211.95,73,1635,9251,3,16
1784680093.630,real_q6xl_tensor_220w_mtp,3,100,11669,212.70,70,1635,9251,3,16
1784680094.197,real_q6xl_tensor_220w_mtp,0,100,11669,210.72,65,1785,9251,3,16
1784680094.197,real_q6xl_tensor_220w_mtp,1,100,11669,212.45,69,1755,9251,3,16
1784680094.197,real_q6xl_tensor_220w_mtp,2,100,11669,211.96,73,1695,9251,3,16
1784680094.197,real_q6xl_tensor_220w_mtp,3,100,11669,213.07,70,1770,9251,3,16
1784680094.764,real_q6xl_tensor_220w_mtp,0,28,11669,205.96,65,1815,9251,3,16
1784680094.764,real_q6xl_tensor_220w_mtp,1,32,11669,208.83,67,1830,9251,3,16
1784680094.764,real_q6xl_tensor_220w_mtp,2,35,11669,200.72,72,1890,9251,3,16
1784680094.764,real_q6xl_tensor_220w_mtp,3,100,11669,195.40,68,1920,9251,3,16
1784680095.332,real_q6xl_tensor_220w_mtp,0,100,11669,187.74,65,1710,9251,3,16
1784680095.332,real_q6xl_tensor_220w_mtp,1,100,11669,197.97,68,1620,9251,3,16
1784680095.332,real_q6xl_tensor_220w_mtp,2,100,11669,194.15,73,1650,9251,3,16
1784680095.332,real_q6xl_tensor_220w_mtp,3,76,11669,195.63,69,1650,9251,3,16
1784680095.903,real_q6xl_tensor_220w_mtp,0,100,11669,209.30,64,1725,9251,3,16
1784680095.903,real_q6xl_tensor_220w_mtp,1,100,11669,213.46,68,1605,9251,3,16
1784680095.903,real_q6xl_tensor_220w_mtp,2,100,11669,210.55,73,1635,9251,3,16
1784680095.903,real_q6xl_tensor_220w_mtp,3,100,11669,213.16,70,1680,9251,3,16
1784680096.473,real_q6xl_tensor_220w_mtp,0,100,11669,210.10,65,1710,9251,3,16
1784680096.473,real_q6xl_tensor_220w_mtp,1,100,11669,212.82,68,1605,9251,3,16
1784680096.473,real_q6xl_tensor_220w_mtp,2,100,11669,210.57,73,1650,9251,3,16
1784680096.473,real_q6xl_tensor_220w_mtp,3,100,11669,212.52,69,1605,9251,3,16
1784680097.045,real_q6xl_tensor_220w_mtp,0,100,11669,194.08,63,1920,9251,3,16
1784680097.045,real_q6xl_tensor_220w_mtp,1,100,11669,195.12,66,1905,9251,3,16
1784680097.045,real_q6xl_tensor_220w_mtp,2,100,11669,191.12,71,1890,9251,3,16
1784680097.045,real_q6xl_tensor_220w_mtp,3,26,11669,192.53,68,1920,9251,3,16
1784680097.617,real_q6xl_tensor_220w_mtp,0,62,11669,186.64,63,1680,9251,3,16
1784680097.617,real_q6xl_tensor_220w_mtp,1,51,11669,195.06,68,1575,9251,3,16
1784680097.617,real_q6xl_tensor_220w_mtp,2,55,11669,189.93,73,1635,9251,3,16
1784680097.617,real_q6xl_tensor_220w_mtp,3,26,11669,193.48,68,1605,9251,3,16
1784680098.186,real_q6xl_tensor_220w_mtp,0,62,11669,211.97,64,1740,9251,3,16
1784680098.186,real_q6xl_tensor_220w_mtp,1,51,11669,209.44,68,1605,9251,3,16
1784680098.186,real_q6xl_tensor_220w_mtp,2,55,11669,208.80,73,1635,9251,3,16
1784680098.186,real_q6xl_tensor_220w_mtp,3,65,11669,214.42,69,1620,9251,3,16
1784680098.755,real_q6xl_tensor_220w_mtp,0,54,11669,210.13,64,1740,9251,3,16
1784680098.755,real_q6xl_tensor_220w_mtp,1,75,11669,211.98,68,1605,9251,3,16
1784680098.755,real_q6xl_tensor_220w_mtp,2,85,11669,211.29,73,1725,9251,3,16
1784680098.755,real_q6xl_tensor_220w_mtp,3,65,11669,212.12,70,1620,9251,3,16
1784680099.327,real_q6xl_tensor_220w_mtp,0,40,11669,197.63,63,1845,9251,3,16
1784680099.327,real_q6xl_tensor_220w_mtp,1,26,11669,204.94,67,1815,9251,3,16
1784680099.327,real_q6xl_tensor_220w_mtp,2,56,11669,201.01,71,1860,9251,3,16
1784680099.327,real_q6xl_tensor_220w_mtp,3,37,11669,202.89,68,1725,9251,3,16
1784680099.931,real_q6xl_tensor_220w_mtp,0,100,11669,187.87,64,1695,9251,3,16
1784680099.931,real_q6xl_tensor_220w_mtp,1,100,11669,197.24,68,1665,9251,3,16
1784680099.931,real_q6xl_tensor_220w_mtp,2,100,11669,193.05,73,1650,9251,3,16
1784680099.931,real_q6xl_tensor_220w_mtp,3,37,11669,197.43,69,1680,9251,3,16
1784680100.501,real_q6xl_tensor_220w_mtp,0,100,11669,199.53,65,1680,9251,3,16
1784680100.501,real_q6xl_tensor_220w_mtp,1,100,11669,209.62,69,1635,9251,3,16
1784680100.501,real_q6xl_tensor_220w_mtp,2,100,11669,206.22,73,1665,9251,3,16
1784680100.501,real_q6xl_tensor_220w_mtp,3,100,11669,207.26,70,1665,9251,3,16
1784680101.070,real_q6xl_tensor_220w_mtp,0,100,11669,209.66,65,1725,9251,3,16
1784680101.070,real_q6xl_tensor_220w_mtp,1,100,11669,212.08,68,1590,9251,3,16
1784680101.070,real_q6xl_tensor_220w_mtp,2,100,11669,210.18,73,1710,9251,3,16
1784680101.070,real_q6xl_tensor_220w_mtp,3,100,11669,213.05,70,1605,9251,3,16
1784680101.643,real_q6xl_tensor_220w_mtp,0,100,11669,209.65,64,1800,9251,3,16
1784680101.643,real_q6xl_tensor_220w_mtp,1,100,11669,212.38,69,1770,9251,3,16
1784680101.643,real_q6xl_tensor_220w_mtp,2,100,11669,209.25,73,1770,9251,3,16
1784680101.643,real_q6xl_tensor_220w_mtp,3,100,11669,210.46,70,1800,9251,3,16
1784680102.201,real_q6xl_tensor_220w_mtp,0,100,11669,185.06,64,1680,9251,3,16
1784680102.201,real_q6xl_tensor_220w_mtp,1,100,11669,197.99,68,1575,9251,3,16
1784680102.201,real_q6xl_tensor_220w_mtp,2,90,11669,193.01,73,1635,9251,3,16
1784680102.201,real_q6xl_tensor_220w_mtp,3,100,11669,194.93,69,1605,9251,3,16
1784680102.771,real_q6xl_tensor_220w_mtp,0,100,11669,189.81,64,1770,9251,3,16
1784680102.771,real_q6xl_tensor_220w_mtp,1,100,11669,194.03,68,1620,9251,3,16
1784680102.771,real_q6xl_tensor_220w_mtp,2,90,11669,189.64,73,1710,9251,3,16
1784680102.771,real_q6xl_tensor_220w_mtp,3,100,11669,198.97,69,1620,9251,3,16
1784680103.343,real_q6xl_tensor_220w_mtp,0,100,11669,208.86,64,1680,9251,3,16
1784680103.343,real_q6xl_tensor_220w_mtp,1,100,11669,211.74,68,1605,9251,3,16
1784680103.343,real_q6xl_tensor_220w_mtp,2,100,11669,210.88,73,1680,9251,3,16
1784680103.343,real_q6xl_tensor_220w_mtp,3,100,11669,212.22,69,1635,9251,3,16
1784680103.914,real_q6xl_tensor_220w_mtp,0,100,11669,208.62,64,1695,9251,3,16
1784680103.914,real_q6xl_tensor_220w_mtp,1,100,11669,212.37,68,1575,9251,3,16
1784680103.914,real_q6xl_tensor_220w_mtp,2,100,11669,210.74,73,1665,9251,3,16
1784680103.914,real_q6xl_tensor_220w_mtp,3,100,11669,212.37,70,1590,9251,3,16
1784680104.483,real_q6xl_tensor_220w_mtp,0,24,11669,190.70,63,1920,9251,3,16
1784680104.483,real_q6xl_tensor_220w_mtp,1,34,11669,198.90,67,1875,9251,3,16
1784680104.483,real_q6xl_tensor_220w_mtp,2,36,11669,195.14,71,1890,9251,3,16
1784680104.483,real_q6xl_tensor_220w_mtp,3,100,11669,197.21,68,1890,9251,3,16
1784680105.043,real_q6xl_tensor_220w_mtp,0,24,11669,185.88,64,1815,9251,3,16
1784680105.043,real_q6xl_tensor_220w_mtp,1,34,11669,194.95,69,1815,9251,3,16
1784680105.043,real_q6xl_tensor_220w_mtp,2,36,11669,190.80,73,1755,9251,3,16
1784680105.043,real_q6xl_tensor_220w_mtp,3,80,11669,193.14,69,1830,9251,3,16
1784680105.632,real_q6xl_tensor_220w_mtp,0,100,11669,205.89,65,1875,9251,3,16
1784680105.632,real_q6xl_tensor_220w_mtp,1,83,11669,210.75,67,1860,9251,3,16
1784680105.632,real_q6xl_tensor_220w_mtp,2,74,11669,208.23,72,1830,9251,3,16
1784680105.632,real_q6xl_tensor_220w_mtp,3,80,11669,209.55,69,1875,9251,3,16
1784680106.211,real_q6xl_tensor_220w_mtp,0,100,11669,208.23,63,1755,9251,3,16
1784680106.211,real_q6xl_tensor_220w_mtp,1,83,11669,210.58,69,1620,9251,3,16
1784680106.211,real_q6xl_tensor_220w_mtp,2,74,11669,209.66,73,1695,9251,3,16
1784680106.211,real_q6xl_tensor_220w_mtp,3,75,11669,211.59,68,1650,9251,3,16
1784680106.829,real_q6xl_tensor_220w_mtp,0,26,11669,205.49,63,1905,9251,3,16
1784680106.829,real_q6xl_tensor_220w_mtp,1,26,11669,206.79,66,1890,9251,3,16
1784680106.829,real_q6xl_tensor_220w_mtp,2,26,11669,204.11,71,1890,9251,3,16
1784680106.829,real_q6xl_tensor_220w_mtp,3,60,11669,205.54,68,1890,9251,3,16
1784680107.416,real_q6xl_tensor_220w_mtp,0,26,11669,187.24,64,1755,9251,3,16
1784680107.416,real_q6xl_tensor_220w_mtp,1,26,11669,195.21,68,1680,9251,3,16
1784680107.416,real_q6xl_tensor_220w_mtp,2,26,11669,191.58,73,1695,9251,3,16
1784680107.416,real_q6xl_tensor_220w_mtp,3,100,11669,196.21,69,1695,9251,3,16
1784680107.988,real_q6xl_tensor_220w_mtp,0,100,11669,195.58,64,1665,9251,3,16
1784680107.988,real_q6xl_tensor_220w_mtp,1,100,11669,204.99,69,1605,9251,3,16
1784680107.988,real_q6xl_tensor_220w_mtp,2,100,11669,203.07,74,1620,9251,3,16
1784680107.988,real_q6xl_tensor_220w_mtp,3,100,11669,201.88,69,1620,9251,3,16
1784680108.602,real_q6xl_tensor_220w_mtp,0,100,11669,208.51,64,1695,9251,3,16
1784680108.602,real_q6xl_tensor_220w_mtp,1,100,11669,210.81,68,1620,9251,3,16
1784680108.602,real_q6xl_tensor_220w_mtp,2,100,11669,209.16,73,1665,9251,3,16
1784680108.602,real_q6xl_tensor_220w_mtp,3,100,11669,211.04,70,1635,9251,3,16
1784680109.173,real_q6xl_tensor_220w_mtp,0,100,11669,207.78,65,1755,9251,3,16
1784680109.173,real_q6xl_tensor_220w_mtp,1,100,11669,211.20,69,1680,9251,3,16
1784680109.173,real_q6xl_tensor_220w_mtp,2,100,11669,208.95,73,1665,9251,3,16
1784680109.173,real_q6xl_tensor_220w_mtp,3,100,11669,211.58,70,1680,9251,3,16
1784680109.744,real_q6xl_tensor_220w_mtp,0,100,11669,183.50,62,1725,9251,3,16
1784680109.744,real_q6xl_tensor_220w_mtp,1,100,11669,189.67,67,1575,9251,3,16
1784680109.744,real_q6xl_tensor_220w_mtp,2,100,11669,184.89,72,1695,9251,3,16
1784680109.744,real_q6xl_tensor_220w_mtp,3,77,11669,191.38,67,1605,9251,3,16
1784680110.319,real_q6xl_tensor_220w_mtp,0,49,11669,181.05,64,1695,9251,3,16
1784680110.319,real_q6xl_tensor_220w_mtp,1,68,11669,191.95,67,1605,9251,3,16
1784680110.319,real_q6xl_tensor_220w_mtp,2,77,11669,184.06,71,1605,9251,3,16
1784680110.319,real_q6xl_tensor_220w_mtp,3,100,11669,189.95,69,1620,9251,3,16
1784680110.891,real_q6xl_tensor_220w_mtp,0,49,11669,207.48,64,1740,9251,3,16
1784680110.891,real_q6xl_tensor_220w_mtp,1,68,11669,212.32,68,1680,9251,3,16
1784680110.891,real_q6xl_tensor_220w_mtp,2,77,11669,208.52,73,1620,9251,3,16
1784680110.891,real_q6xl_tensor_220w_mtp,3,80,11669,211.34,69,1710,9251,3,16
1784680111.502,real_q6xl_tensor_220w_mtp,0,100,11669,208.22,64,1680,9251,3,16
1784680111.502,real_q6xl_tensor_220w_mtp,1,100,11669,211.82,68,1605,9251,3,16
1784680111.502,real_q6xl_tensor_220w_mtp,2,100,11669,209.67,73,1605,9251,3,16
1784680111.502,real_q6xl_tensor_220w_mtp,3,80,11669,211.59,70,1620,9251,3,16
1784680112.096,real_q6xl_tensor_220w_mtp,0,100,11669,196.63,63,1860,9251,3,16
1784680112.096,real_q6xl_tensor_220w_mtp,1,100,11669,200.04,67,1800,9251,3,16
1784680112.096,real_q6xl_tensor_220w_mtp,2,100,11669,195.67,71,1845,9251,3,16
1784680112.096,real_q6xl_tensor_220w_mtp,3,26,11669,201.68,69,1815,9251,3,16
1784680112.682,real_q6xl_tensor_220w_mtp,0,100,11669,187.12,64,1755,9251,3,16
1784680112.682,real_q6xl_tensor_220w_mtp,1,100,11669,192.84,68,1620,9251,3,16
1784680112.682,real_q6xl_tensor_220w_mtp,2,100,11669,189.58,73,1710,9251,3,16
1784680112.682,real_q6xl_tensor_220w_mtp,3,26,11669,193.58,69,1635,9251,3,16
1784680113.276,real_q6xl_tensor_220w_mtp,0,100,11669,203.51,64,1710,9251,3,16
1784680113.276,real_q6xl_tensor_220w_mtp,1,100,11669,210.11,68,1605,9251,3,16
1784680113.276,real_q6xl_tensor_220w_mtp,2,100,11669,209.74,73,1635,9251,3,16
1784680113.276,real_q6xl_tensor_220w_mtp,3,100,11669,207.53,69,1665,9251,3,16
1784680113.886,real_q6xl_tensor_220w_mtp,0,100,11669,208.77,64,1755,9251,3,16
1784680113.886,real_q6xl_tensor_220w_mtp,1,100,11669,210.73,69,1740,9251,3,16
1784680113.886,real_q6xl_tensor_220w_mtp,2,100,11669,209.47,74,1695,9251,3,16
1784680113.886,real_q6xl_tensor_220w_mtp,3,100,11669,211.78,69,1755,9251,3,16
1784680114.447,real_q6xl_tensor_220w_mtp,0,100,11669,208.62,64,1800,9251,3,16
1784680114.447,real_q6xl_tensor_220w_mtp,1,100,11669,211.80,69,1740,9251,3,16
1784680114.447,real_q6xl_tensor_220w_mtp,2,100,11669,209.21,73,1650,9251,3,16
1784680114.447,real_q6xl_tensor_220w_mtp,3,68,11669,212.07,70,1755,9251,3,16
1784680115.009,real_q6xl_tensor_220w_mtp,0,88,11669,183.02,64,1695,9251,3,16
1784680115.009,real_q6xl_tensor_220w_mtp,1,100,11669,194.60,68,1575,9251,3,16
1784680115.009,real_q6xl_tensor_220w_mtp,2,100,11669,189.13,72,1635,9251,3,16
1784680115.009,real_q6xl_tensor_220w_mtp,3,68,11669,191.88,69,1620,9251,3,16
1784680115.580,real_q6xl_tensor_220w_mtp,0,88,11669,185.54,64,1725,9251,3,16
1784680115.580,real_q6xl_tensor_220w_mtp,1,100,11669,191.39,68,1575,9251,3,16
1784680115.580,real_q6xl_tensor_220w_mtp,2,100,11669,186.24,73,1620,9251,3,16
1784680115.580,real_q6xl_tensor_220w_mtp,3,100,11669,194.38,69,1605,9251,3,16
1784680116.150,real_q6xl_tensor_220w_mtp,0,80,11669,208.15,64,1680,9251,3,16
1784680116.150,real_q6xl_tensor_220w_mtp,1,100,11669,211.26,68,1650,9251,3,16
1784680116.150,real_q6xl_tensor_220w_mtp,2,100,11669,209.22,73,1635,9251,3,16
1784680116.150,real_q6xl_tensor_220w_mtp,3,100,11669,211.45,69,1665,9251,3,16
1784680116.723,real_q6xl_tensor_220w_mtp,0,80,11669,208.58,64,1740,9251,3,16
1784680116.723,real_q6xl_tensor_220w_mtp,1,100,11669,211.19,68,1575,9251,3,16
1784680116.723,real_q6xl_tensor_220w_mtp,2,100,11669,209.08,73,1710,9251,3,16
1784680116.723,real_q6xl_tensor_220w_mtp,3,100,11669,211.84,69,1605,9251,3,16
1784680117.315,real_q6xl_tensor_220w_mtp,0,30,11669,196.02,63,1905,9251,3,16
1784680117.315,real_q6xl_tensor_220w_mtp,1,31,11669,200.33,67,1800,9251,3,16
1784680117.315,real_q6xl_tensor_220w_mtp,2,27,11669,195.13,71,1890,9251,3,16
1784680117.315,real_q6xl_tensor_220w_mtp,3,48,11669,201.74,68,1815,9251,3,16
1784680117.875,real_q6xl_tensor_220w_mtp,0,30,11669,187.17,64,1665,9251,3,16
1784680117.875,real_q6xl_tensor_220w_mtp,1,31,11669,193.90,68,1560,9251,3,16
1784680117.875,real_q6xl_tensor_220w_mtp,2,27,11669,189.76,73,1620,9251,3,16
1784680117.875,real_q6xl_tensor_220w_mtp,3,100,11669,193.72,69,1575,9251,3,16
1784680118.464,real_q6xl_tensor_220w_mtp,0,100,11669,202.74,64,1695,9251,3,16
1784680118.464,real_q6xl_tensor_220w_mtp,1,100,11669,204.86,69,1575,9251,3,16
1784680118.464,real_q6xl_tensor_220w_mtp,2,100,11669,204.00,73,1680,9251,3,16
1784680118.464,real_q6xl_tensor_220w_mtp,3,100,11669,206.52,70,1605,9251,3,16
1784680119.033,real_q6xl_tensor_220w_mtp,0,100,11669,208.09,65,1680,9251,3,16
1784680119.033,real_q6xl_tensor_220w_mtp,1,100,11669,210.55,69,1575,9251,3,16
1784680119.033,real_q6xl_tensor_220w_mtp,2,100,11669,209.08,73,1635,9251,3,16
1784680119.033,real_q6xl_tensor_220w_mtp,3,100,11669,211.80,70,1605,9251,3,16
1784680119.606,real_q6xl_tensor_220w_mtp,0,100,11669,207.64,64,1740,9251,3,16
1784680119.606,real_q6xl_tensor_220w_mtp,1,100,11669,210.69,69,1680,9251,3,16
1784680119.606,real_q6xl_tensor_220w_mtp,2,100,11669,208.98,73,1665,9251,3,16
1784680119.606,real_q6xl_tensor_220w_mtp,3,100,11669,211.80,70,1680,9251,3,16
1784680120.175,real_q6xl_tensor_220w_mtp,0,100,11669,181.44,64,1650,9251,3,16
1784680120.175,real_q6xl_tensor_220w_mtp,1,100,11669,192.90,67,1575,9251,3,16
1784680120.175,real_q6xl_tensor_220w_mtp,2,100,11669,186.48,72,1620,9251,3,16
1784680120.175,real_q6xl_tensor_220w_mtp,3,59,11669,191.20,69,1605,9251,3,16
1784680120.771,real_q6xl_tensor_220w_mtp,0,94,11669,183.23,64,1740,9251,3,16
1784680120.771,real_q6xl_tensor_220w_mtp,1,100,11669,195.88,68,1590,9251,3,16
1784680120.771,real_q6xl_tensor_220w_mtp,2,58,11669,191.26,73,1710,9251,3,16
1784680120.771,real_q6xl_tensor_220w_mtp,3,74,11669,192.07,69,1680,9251,3,16
1784680121.369,real_q6xl_tensor_220w_mtp,0,74,11669,208.04,64,1680,9251,3,16
1784680121.369,real_q6xl_tensor_220w_mtp,1,73,11669,210.72,69,1650,9251,3,16
1784680121.369,real_q6xl_tensor_220w_mtp,2,58,11669,210.01,73,1605,9251,3,16
1784680121.369,real_q6xl_tensor_220w_mtp,3,100,11669,210.68,69,1680,9251,3,16
1784680121.939,real_q6xl_tensor_220w_mtp,0,71,11669,207.85,64,1680,9251,3,16
1784680121.939,real_q6xl_tensor_220w_mtp,1,100,11669,211.30,68,1560,9251,3,16
1784680121.939,real_q6xl_tensor_220w_mtp,2,100,11669,209.22,73,1620,9251,3,16
1784680121.939,real_q6xl_tensor_220w_mtp,3,100,11669,211.19,69,1575,9251,3,16
1784680122.508,real_q6xl_tensor_220w_mtp,0,71,11669,198.95,62,1740,9251,3,16
1784680122.508,real_q6xl_tensor_220w_mtp,1,100,11669,202.40,67,1710,9251,3,16
1784680122.508,real_q6xl_tensor_220w_mtp,2,100,11669,198.24,72,1695,9251,3,16
1784680122.508,real_q6xl_tensor_220w_mtp,3,27,11669,203.78,68,1740,9251,3,16
1784680123.068,real_q6xl_tensor_220w_mtp,0,100,11669,183.18,64,1680,9251,3,16
1784680123.068,real_q6xl_tensor_220w_mtp,1,100,11669,191.84,68,1575,9251,3,16
1784680123.068,real_q6xl_tensor_220w_mtp,2,100,11669,184.76,73,1635,9251,3,16
1784680123.068,real_q6xl_tensor_220w_mtp,3,27,11669,191.66,69,1590,9251,3,16
1784680123.638,real_q6xl_tensor_220w_mtp,0,100,11669,191.45,64,1725,9251,3,16
1784680123.638,real_q6xl_tensor_220w_mtp,1,100,11669,200.57,68,1665,9251,3,16
1784680123.638,real_q6xl_tensor_220w_mtp,2,100,11669,195.22,73,1680,9251,3,16
1784680123.638,real_q6xl_tensor_220w_mtp,3,100,11669,205.17,69,1680,9251,3,16
1784680124.209,real_q6xl_tensor_220w_mtp,0,100,11669,207.34,64,1650,9251,3,16
1784680124.209,real_q6xl_tensor_220w_mtp,1,100,11669,211.22,68,1560,9251,3,16
1784680124.209,real_q6xl_tensor_220w_mtp,2,100,11669,208.71,73,1620,9251,3,16
1784680124.209,real_q6xl_tensor_220w_mtp,3,100,11669,211.06,69,1575,9251,3,16
1784680124.805,real_q6xl_tensor_220w_mtp,0,92,11669,207.19,64,1635,9251,3,16
1784680124.805,real_q6xl_tensor_220w_mtp,1,100,11669,211.08,68,1575,9251,3,16
1784680124.805,real_q6xl_tensor_220w_mtp,2,100,11669,207.88,73,1605,9251,3,16
1784680124.805,real_q6xl_tensor_220w_mtp,3,100,11669,210.82,69,1590,9251,3,16
1784680125.402,real_q6xl_tensor_220w_mtp,0,26,11669,188.47,62,1920,9251,3,16
1784680125.402,real_q6xl_tensor_220w_mtp,1,22,11669,191.76,67,1905,9251,3,16
1784680125.402,real_q6xl_tensor_220w_mtp,2,17,11669,183.99,72,1890,9251,3,16
1784680125.402,real_q6xl_tensor_220w_mtp,3,100,11669,194.66,67,1920,9251,3,16
1784680125.980,real_q6xl_tensor_220w_mtp,0,26,11669,186.17,64,1860,9251,3,16
1784680125.980,real_q6xl_tensor_220w_mtp,1,22,11669,194.15,68,1830,9251,3,16
1784680125.980,real_q6xl_tensor_220w_mtp,2,17,11669,188.29,73,1740,9251,3,16
1784680125.980,real_q6xl_tensor_220w_mtp,3,92,11669,193.21,68,1755,9251,3,16
1784680126.539,real_q6xl_tensor_220w_mtp,0,100,11669,205.88,64,1710,9251,3,16
1784680126.539,real_q6xl_tensor_220w_mtp,1,100,11669,212.96,69,1695,9251,3,16
1784680126.539,real_q6xl_tensor_220w_mtp,2,100,11669,212.00,73,1605,9251,3,16
1784680126.539,real_q6xl_tensor_220w_mtp,3,92,11669,212.55,70,1710,9251,3,16
1784680127.099,real_q6xl_tensor_220w_mtp,0,100,11669,208.24,64,1785,9251,3,16
1784680127.099,real_q6xl_tensor_220w_mtp,1,100,11669,213.73,69,1740,9251,3,16
1784680127.099,real_q6xl_tensor_220w_mtp,2,100,11669,211.67,73,1620,9251,3,16
1784680127.099,real_q6xl_tensor_220w_mtp,3,100,11669,210.63,70,1590,9251,3,16
1784680127.661,real_q6xl_tensor_220w_mtp,0,90,11669,210.45,64,1755,9251,3,16
1784680127.661,real_q6xl_tensor_220w_mtp,1,100,11669,211.34,69,1725,9251,3,16
1784680127.661,real_q6xl_tensor_220w_mtp,2,100,11669,208.31,73,1695,9251,3,16
1784680127.661,real_q6xl_tensor_220w_mtp,3,100,11669,214.44,69,1755,9251,3,16
1784680128.238,real_q6xl_tensor_220w_mtp,0,90,11669,186.45,63,1680,9251,3,16
1784680128.238,real_q6xl_tensor_220w_mtp,1,100,11669,190.61,68,1650,9251,3,16
1784680128.238,real_q6xl_tensor_220w_mtp,2,100,11669,189.13,73,1620,9251,3,16
1784680128.238,real_q6xl_tensor_220w_mtp,3,100,11669,194.06,69,1665,9251,3,16
1784680128.832,real_q6xl_tensor_220w_mtp,0,65,11669,188.17,64,1740,9251,3,16
1784680128.832,real_q6xl_tensor_220w_mtp,1,100,11669,192.58,68,1635,9251,3,16
1784680128.832,real_q6xl_tensor_220w_mtp,2,100,11669,191.98,73,1695,9251,3,16
1784680128.832,real_q6xl_tensor_220w_mtp,3,73,11669,195.72,69,1650,9251,3,16
1784680129.428,real_q6xl_tensor_220w_mtp,0,65,11669,207.26,64,1635,9251,3,16
1784680129.428,real_q6xl_tensor_220w_mtp,1,100,11669,210.62,68,1560,9251,3,16
1784680129.428,real_q6xl_tensor_220w_mtp,2,100,11669,207.68,73,1620,9251,3,16
1784680129.428,real_q6xl_tensor_220w_mtp,3,90,11669,210.97,69,1575,9251,3,16
1784680130.000,real_q6xl_tensor_220w_mtp,0,100,11669,207.56,64,1650,9251,3,16
1784680130.000,real_q6xl_tensor_220w_mtp,1,100,11669,210.91,68,1560,9251,3,16
1784680130.000,real_q6xl_tensor_220w_mtp,2,100,11669,207.89,73,1590,9251,3,16
1784680130.000,real_q6xl_tensor_220w_mtp,3,90,11669,209.32,69,1590,9251,3,16
1784680130.571,real_q6xl_tensor_220w_mtp,0,100,11669,197.30,63,1830,9251,3,16
1784680130.571,real_q6xl_tensor_220w_mtp,1,100,11669,203.73,66,1770,9251,3,16
1784680130.571,real_q6xl_tensor_220w_mtp,2,100,11669,200.85,71,1815,9251,3,16
1784680130.571,real_q6xl_tensor_220w_mtp,3,29,11669,201.26,68,1800,9251,3,16
1784680131.130,real_q6xl_tensor_220w_mtp,0,100,11669,182.65,64,1680,9251,3,16
1784680131.130,real_q6xl_tensor_220w_mtp,1,100,11669,190.86,68,1560,9251,3,16
1784680131.130,real_q6xl_tensor_220w_mtp,2,100,11669,188.02,73,1650,9251,3,16
1784680131.130,real_q6xl_tensor_220w_mtp,3,29,11669,190.49,69,1590,9251,3,16
1784680131.723,real_q6xl_tensor_220w_mtp,0,100,11669,193.24,64,1725,9251,3,16
1784680131.723,real_q6xl_tensor_220w_mtp,1,100,11669,203.08,68,1575,9251,3,16
1784680131.723,real_q6xl_tensor_220w_mtp,2,100,11669,200.54,73,1695,9251,3,16
1784680131.723,real_q6xl_tensor_220w_mtp,3,100,11669,204.63,69,1590,9251,3,16
1784680132.319,real_q6xl_tensor_220w_mtp,0,100,11669,207.71,64,1650,9251,3,16
1784680132.319,real_q6xl_tensor_220w_mtp,1,100,11669,209.33,68,1560,9251,3,16
1784680132.319,real_q6xl_tensor_220w_mtp,2,100,11669,208.17,73,1590,9251,3,16
1784680132.319,real_q6xl_tensor_220w_mtp,3,100,11669,210.15,69,1590,9251,3,16
1784680132.932,real_q6xl_tensor_220w_mtp,0,100,11669,207.88,64,1650,9251,3,16
1784680132.932,real_q6xl_tensor_220w_mtp,1,100,11669,210.24,68,1560,9251,3,16
1784680132.932,real_q6xl_tensor_220w_mtp,2,100,11669,206.88,73,1605,9251,3,16
1784680132.932,real_q6xl_tensor_220w_mtp,3,100,11669,210.06,70,1575,9251,3,16
1784680133.526,real_q6xl_tensor_220w_mtp,0,25,11669,184.62,62,1920,9251,3,16
1784680133.526,real_q6xl_tensor_220w_mtp,1,26,11669,188.82,66,1905,9251,3,16
1784680133.526,real_q6xl_tensor_220w_mtp,2,15,11669,182.18,70,1890,9251,3,16
1784680133.526,real_q6xl_tensor_220w_mtp,3,100,11669,191.86,67,1920,9251,3,16
1784680134.091,real_q6xl_tensor_220w_mtp,0,98,11669,182.47,63,1830,9251,3,16
1784680134.091,real_q6xl_tensor_220w_mtp,1,100,11669,187.11,68,1830,9251,3,16
1784680134.091,real_q6xl_tensor_220w_mtp,2,100,11669,187.37,73,1770,9251,3,16
1784680134.091,real_q6xl_tensor_220w_mtp,3,96,11669,190.78,68,1830,9251,3,16
1784680134.655,real_q6xl_tensor_220w_mtp,0,100,11669,210.67,64,1785,9251,3,16
1784680134.655,real_q6xl_tensor_220w_mtp,1,100,11669,213.40,68,1740,9251,3,16
1784680134.655,real_q6xl_tensor_220w_mtp,2,100,11669,212.52,73,1695,9251,3,16
1784680134.655,real_q6xl_tensor_220w_mtp,3,96,11669,212.99,69,1755,9251,3,16
1784680135.216,real_q6xl_tensor_220w_mtp,0,100,11669,206.77,64,1695,9251,3,16
1784680135.216,real_q6xl_tensor_220w_mtp,1,100,11669,214.68,68,1725,9251,3,16
1784680135.216,real_q6xl_tensor_220w_mtp,2,100,11669,213.46,73,1695,9251,3,16
1784680135.216,real_q6xl_tensor_220w_mtp,3,100,11669,209.42,69,1575,9251,3,16
1784680135.778,real_q6xl_tensor_220w_mtp,0,100,11669,209.38,64,1680,9251,3,16
1784680135.778,real_q6xl_tensor_220w_mtp,1,100,11669,209.12,68,1545,9251,3,16
1784680135.778,real_q6xl_tensor_220w_mtp,2,100,11669,207.56,73,1590,9251,3,16
1784680135.778,real_q6xl_tensor_220w_mtp,3,100,11669,212.31,69,1590,9251,3,16
1784680136.341,real_q6xl_tensor_220w_mtp,0,27,11669,183.65,61,1725,9251,3,16
1784680136.341,real_q6xl_tensor_220w_mtp,1,30,11669,186.28,68,1635,9251,3,16
1784680136.341,real_q6xl_tensor_220w_mtp,2,26,11669,181.80,72,1665,9251,3,16
1784680136.341,real_q6xl_tensor_220w_mtp,3,83,11669,192.68,68,1665,9251,3,16
1784680136.938,real_q6xl_tensor_220w_mtp,0,47,11669,177.17,63,1725,9251,3,16
1784680136.938,real_q6xl_tensor_220w_mtp,1,54,11669,189.44,68,1635,9251,3,16
1784680136.938,real_q6xl_tensor_220w_mtp,2,63,11669,183.52,73,1650,9251,3,16
1784680136.938,real_q6xl_tensor_220w_mtp,3,83,11669,194.30,68,1665,9251,3,16
1784680137.509,real_q6xl_tensor_220w_mtp,0,47,11669,204.87,64,1710,9251,3,16
1784680137.509,real_q6xl_tensor_220w_mtp,1,54,11669,209.72,68,1650,9251,3,16
1784680137.509,real_q6xl_tensor_220w_mtp,2,63,11669,207.64,73,1635,9251,3,16
1784680137.509,real_q6xl_tensor_220w_mtp,3,100,11669,209.40,69,1680,9251,3,16
1784680138.102,real_q6xl_tensor_220w_mtp,0,45,11669,206.17,64,1695,9251,3,16
1784680138.102,real_q6xl_tensor_220w_mtp,1,78,11669,209.83,67,1635,9251,3,16
1784680138.102,real_q6xl_tensor_220w_mtp,2,87,11669,207.99,71,1590,9251,3,16
1784680138.102,real_q6xl_tensor_220w_mtp,3,100,11669,209.03,69,1665,9251,3,16
1784680138.673,real_q6xl_tensor_220w_mtp,0,45,11669,203.18,63,1815,9251,3,16
1784680138.673,real_q6xl_tensor_220w_mtp,1,78,11669,202.57,67,1770,9251,3,16
1784680138.673,real_q6xl_tensor_220w_mtp,2,87,11669,199.49,71,1800,9251,3,16
1784680138.673,real_q6xl_tensor_220w_mtp,3,26,11669,206.69,69,1785,9251,3,16
1784680139.257,real_q6xl_tensor_220w_mtp,0,100,11669,183.00,64,1635,9251,3,16
1784680139.257,real_q6xl_tensor_220w_mtp,1,100,11669,190.71,68,1530,9251,3,16
1784680139.257,real_q6xl_tensor_220w_mtp,2,100,11669,186.08,73,1605,9251,3,16
1784680139.257,real_q6xl_tensor_220w_mtp,3,26,11669,190.52,69,1575,9251,3,16
1784680139.828,real_q6xl_tensor_220w_mtp,0,72,11669,186.08,64,1650,9251,3,16
1784680139.828,real_q6xl_tensor_220w_mtp,1,72,11669,197.19,68,1620,9251,3,16
1784680139.828,real_q6xl_tensor_220w_mtp,2,96,11669,194.65,73,1575,9251,3,16
1784680139.828,real_q6xl_tensor_220w_mtp,3,100,11669,198.17,69,1650,9251,3,16
1784680140.400,real_q6xl_tensor_220w_mtp,0,100,11669,206.31,64,1620,9251,3,16
1784680140.400,real_q6xl_tensor_220w_mtp,1,100,11669,209.62,68,1530,9251,3,16
1784680140.400,real_q6xl_tensor_220w_mtp,2,100,11669,207.55,73,1590,9251,3,16
1784680140.400,real_q6xl_tensor_220w_mtp,3,100,11669,209.30,69,1560,9251,3,16
1784680140.974,real_q6xl_tensor_220w_mtp,0,100,11669,206.46,64,1650,9251,3,16
1784680140.974,real_q6xl_tensor_220w_mtp,1,100,11669,209.38,68,1515,9251,3,16
1784680140.974,real_q6xl_tensor_220w_mtp,2,100,11669,206.80,73,1620,9251,3,16
1784680140.974,real_q6xl_tensor_220w_mtp,3,100,11669,209.79,69,1575,9251,3,16
1784680141.545,real_q6xl_tensor_220w_mtp,0,40,11669,200.16,63,1830,9251,3,16
1784680141.545,real_q6xl_tensor_220w_mtp,1,37,11669,201.48,67,1905,9251,3,16
1784680141.545,real_q6xl_tensor_220w_mtp,2,40,11669,199.53,71,1770,9251,3,16
1784680141.545,real_q6xl_tensor_220w_mtp,3,100,11669,199.62,68,1905,9251,3,16
1784680142.104,real_q6xl_tensor_220w_mtp,0,40,11669,182.78,64,1635,9251,3,16
1784680142.104,real_q6xl_tensor_220w_mtp,1,37,11669,191.58,68,1530,9251,3,16
1784680142.104,real_q6xl_tensor_220w_mtp,2,40,11669,185.07,72,1605,9251,3,16
1784680142.104,real_q6xl_tensor_220w_mtp,3,100,11669,190.97,69,1575,9251,3,16
1784680142.673,real_q6xl_tensor_220w_mtp,0,100,11669,195.14,64,1635,9251,3,16
1784680142.673,real_q6xl_tensor_220w_mtp,1,100,11669,198.79,68,1560,9251,3,16
1784680142.673,real_q6xl_tensor_220w_mtp,2,100,11669,193.14,73,1575,9251,3,16
1784680142.673,real_q6xl_tensor_220w_mtp,3,100,11669,201.06,69,1575,9251,3,16
1784680143.244,real_q6xl_tensor_220w_mtp,0,100,11669,206.47,64,1650,9251,3,16
1784680143.244,real_q6xl_tensor_220w_mtp,1,100,11669,208.93,68,1560,9251,3,16
1784680143.244,real_q6xl_tensor_220w_mtp,2,100,11669,207.26,73,1635,9251,3,16
1784680143.244,real_q6xl_tensor_220w_mtp,3,100,11669,209.73,69,1575,9251,3,16
1784680143.813,real_q6xl_tensor_220w_mtp,0,100,11669,205.72,64,1725,9251,3,16
1784680143.813,real_q6xl_tensor_220w_mtp,1,100,11669,209.55,68,1605,9251,3,16
1784680143.813,real_q6xl_tensor_220w_mtp,2,100,11669,205.98,73,1575,9251,3,16
1784680143.813,real_q6xl_tensor_220w_mtp,3,92,11669,209.12,69,1635,9251,3,16
1784680144.385,real_q6xl_tensor_220w_mtp,0,38,11669,192.16,63,1905,9251,3,16
1784680144.385,real_q6xl_tensor_220w_mtp,1,28,11669,202.68,67,1650,9251,3,16
1784680144.385,real_q6xl_tensor_220w_mtp,2,54,11669,197.46,71,1890,9251,3,16
1784680144.385,real_q6xl_tensor_220w_mtp,3,28,11669,197.85,67,1680,9251,3,16
1784680144.948,real_q6xl_tensor_220w_mtp,0,100,11669,183.02,64,1725,9251,3,16
1784680144.948,real_q6xl_tensor_220w_mtp,1,100,11669,190.72,68,1650,9251,3,16
1784680144.948,real_q6xl_tensor_220w_mtp,2,100,11669,184.63,73,1665,9251,3,16
1784680144.948,real_q6xl_tensor_220w_mtp,3,28,11669,191.25,69,1665,9251,3,16
1784680145.521,real_q6xl_tensor_220w_mtp,0,100,11669,196.95,64,1650,9251,3,16
1784680145.521,real_q6xl_tensor_220w_mtp,1,100,11669,202.80,68,1560,9251,3,16
1784680145.521,real_q6xl_tensor_220w_mtp,2,100,11669,200.01,73,1575,9251,3,16
1784680145.521,real_q6xl_tensor_220w_mtp,3,100,11669,202.01,69,1575,9251,3,16
1784680146.091,real_q6xl_tensor_220w_mtp,0,100,11669,205.70,64,1650,9251,3,16
1784680146.091,real_q6xl_tensor_220w_mtp,1,100,11669,208.90,68,1590,9251,3,16
1784680146.091,real_q6xl_tensor_220w_mtp,2,100,11669,206.45,73,1560,9251,3,16
1784680146.091,real_q6xl_tensor_220w_mtp,3,100,11669,209.18,69,1605,9251,3,16
1784680146.663,real_q6xl_tensor_220w_mtp,0,100,11669,205.97,64,1740,9251,3,16
1784680146.663,real_q6xl_tensor_220w_mtp,1,100,11669,209.02,68,1515,9251,3,16
1784680146.663,real_q6xl_tensor_220w_mtp,2,100,11669,205.95,73,1695,9251,3,16
1784680146.663,real_q6xl_tensor_220w_mtp,3,100,11669,209.51,69,1605,9251,3,16
1784680147.232,real_q6xl_tensor_220w_mtp,0,29,11669,187.24,62,1905,9251,3,16
1784680147.232,real_q6xl_tensor_220w_mtp,1,33,11669,197.65,67,1785,9251,3,16
1784680147.232,real_q6xl_tensor_220w_mtp,2,29,11669,192.95,71,1875,9251,3,16
1784680147.232,real_q6xl_tensor_220w_mtp,3,100,11669,193.81,67,1890,9251,3,16
1784680147.837,real_q6xl_tensor_220w_mtp,0,100,11669,180.36,64,1635,9251,3,16
1784680147.837,real_q6xl_tensor_220w_mtp,1,100,11669,188.87,68,1605,9251,3,16
1784680147.837,real_q6xl_tensor_220w_mtp,2,100,11669,183.74,73,1605,9251,3,16
1784680147.837,real_q6xl_tensor_220w_mtp,3,100,11669,190.35,69,1635,9251,3,16
1784680148.433,real_q6xl_tensor_220w_mtp,0,100,11669,199.15,64,1680,9251,3,16
1784680148.433,real_q6xl_tensor_220w_mtp,1,100,11669,205.56,68,1530,9251,3,16
1784680148.433,real_q6xl_tensor_220w_mtp,2,100,11669,203.17,73,1575,9251,3,16
1784680148.433,real_q6xl_tensor_220w_mtp,3,100,11669,210.24,69,1560,9251,3,16
1784680149.002,real_q6xl_tensor_220w_mtp,0,100,11669,205.15,64,1710,9251,3,16
1784680149.002,real_q6xl_tensor_220w_mtp,1,100,11669,209.27,68,1560,9251,3,16
1784680149.002,real_q6xl_tensor_220w_mtp,2,100,11669,206.53,73,1695,9251,3,16
1784680149.002,real_q6xl_tensor_220w_mtp,3,100,11669,208.56,69,1575,9251,3,16
1784680149.573,real_q6xl_tensor_220w_mtp,0,100,11669,205.18,64,1635,9251,3,16
1784680149.573,real_q6xl_tensor_220w_mtp,1,100,11669,209.24,68,1620,9251,3,16
1784680149.573,real_q6xl_tensor_220w_mtp,2,100,11669,206.29,73,1695,9251,3,16
1784680149.573,real_q6xl_tensor_220w_mtp,3,100,11669,209.17,69,1635,9251,3,16
1784680150.142,real_q6xl_tensor_220w_mtp,0,100,11669,190.25,62,1890,9251,3,16
1784680150.142,real_q6xl_tensor_220w_mtp,1,100,11669,191.31,66,1785,9251,3,16
1784680150.142,real_q6xl_tensor_220w_mtp,2,100,11669,186.74,71,1860,9251,3,16
1784680150.142,real_q6xl_tensor_220w_mtp,3,28,11669,191.62,67,1800,9251,3,16
1784680150.702,real_q6xl_tensor_220w_mtp,0,100,11669,181.79,64,1740,9251,3,16
1784680150.702,real_q6xl_tensor_220w_mtp,1,100,11669,187.57,68,1620,9251,3,16
1784680150.702,real_q6xl_tensor_220w_mtp,2,100,11669,185.60,73,1680,9251,3,16
1784680150.702,real_q6xl_tensor_220w_mtp,3,28,11669,189.61,69,1665,9251,3,16
1784680151.274,real_q6xl_tensor_220w_mtp,0,100,11669,202.97,64,1635,9251,3,16
1784680151.274,real_q6xl_tensor_220w_mtp,1,100,11669,205.05,68,1515,9251,3,16
1784680151.274,real_q6xl_tensor_220w_mtp,2,100,11669,205.13,73,1605,9251,3,16
1784680151.274,real_q6xl_tensor_220w_mtp,3,100,11669,207.47,69,1560,9251,3,16
1784680151.845,real_q6xl_tensor_220w_mtp,0,100,11669,205.01,64,1680,9251,3,16
1784680151.845,real_q6xl_tensor_220w_mtp,1,100,11669,208.79,68,1500,9251,3,16
1784680151.845,real_q6xl_tensor_220w_mtp,2,100,11669,206.26,73,1650,9251,3,16
1784680151.845,real_q6xl_tensor_220w_mtp,3,100,11669,208.91,69,1530,9251,3,16
1784680152.414,real_q6xl_tensor_220w_mtp,0,100,11669,205.11,64,1635,9251,3,16
1784680152.414,real_q6xl_tensor_220w_mtp,1,100,11669,208.85,68,1620,9251,3,16
1784680152.414,real_q6xl_tensor_220w_mtp,2,100,11669,206.06,73,1695,9251,3,16
1784680152.414,real_q6xl_tensor_220w_mtp,3,100,11669,209.17,69,1635,9251,3,16
1784680152.983,real_q6xl_tensor_220w_mtp,0,34,11669,184.24,62,1770,9251,3,16
1784680152.983,real_q6xl_tensor_220w_mtp,1,30,11669,196.18,66,1860,9251,3,16
1784680152.983,real_q6xl_tensor_220w_mtp,2,29,11669,190.18,70,1620,9251,3,16
1784680152.983,real_q6xl_tensor_220w_mtp,3,100,11669,192.15,68,1875,9251,3,16
1784680153.543,real_q6xl_tensor_220w_mtp,0,34,11669,180.37,64,1635,9251,3,16
1784680153.543,real_q6xl_tensor_220w_mtp,1,30,11669,189.61,68,1575,9251,3,16
1784680153.543,real_q6xl_tensor_220w_mtp,2,29,11669,182.29,73,1560,9251,3,16
1784680153.543,real_q6xl_tensor_220w_mtp,3,100,11669,189.38,69,1590,9251,3,16
1784680154.117,real_q6xl_tensor_220w_mtp,0,100,11669,200.94,64,1725,9251,3,16
1784680154.117,real_q6xl_tensor_220w_mtp,1,100,11669,207.39,68,1635,9251,3,16
1784680154.117,real_q6xl_tensor_220w_mtp,2,100,11669,204.25,73,1650,9251,3,16
1784680154.117,real_q6xl_tensor_220w_mtp,3,100,11669,206.57,69,1650,9251,3,16
1784680154.688,real_q6xl_tensor_220w_mtp,0,100,11669,205.52,65,1635,9251,3,16
1784680154.688,real_q6xl_tensor_220w_mtp,1,100,11669,208.18,68,1560,9251,3,16
1784680154.688,real_q6xl_tensor_220w_mtp,2,100,11669,206.06,73,1560,9251,3,16
1784680154.688,real_q6xl_tensor_220w_mtp,3,100,11669,208.85,69,1575,9251,3,16
1784680155.259,real_q6xl_tensor_220w_mtp,0,100,11669,205.55,64,1710,9251,3,16
1784680155.259,real_q6xl_tensor_220w_mtp,1,100,11669,207.24,68,1500,9251,3,16
1784680155.259,real_q6xl_tensor_220w_mtp,2,100,11669,205.64,73,1650,9251,3,16
1784680155.259,real_q6xl_tensor_220w_mtp,3,100,11669,208.32,69,1665,9251,3,16
1784680155.830,real_q6xl_tensor_220w_mtp,0,29,11669,191.14,62,1905,9251,3,16
1784680155.830,real_q6xl_tensor_220w_mtp,1,32,11669,192.94,66,1905,9251,3,16
1784680155.830,real_q6xl_tensor_220w_mtp,2,35,11669,187.03,70,1860,9251,3,16
1784680155.830,real_q6xl_tensor_220w_mtp,3,34,11669,192.92,68,1920,9251,3,16
1784680156.393,real_q6xl_tensor_220w_mtp,0,100,11669,179.46,64,1725,9251,3,16
1784680156.393,real_q6xl_tensor_220w_mtp,1,100,11669,188.02,68,1635,9251,3,16
1784680156.393,real_q6xl_tensor_220w_mtp,2,100,11669,183.27,73,1650,9251,3,16
1784680156.393,real_q6xl_tensor_220w_mtp,3,34,11669,188.57,69,1680,9251,3,16
1784680156.966,real_q6xl_tensor_220w_mtp,0,100,11669,200.24,64,1620,9251,3,16
1784680156.966,real_q6xl_tensor_220w_mtp,1,100,11669,202.65,68,1575,9251,3,16
1784680156.966,real_q6xl_tensor_220w_mtp,2,100,11669,201.48,73,1545,9251,3,16
1784680156.966,real_q6xl_tensor_220w_mtp,3,100,11669,204.27,69,1605,9251,3,16
1784680157.538,real_q6xl_tensor_220w_mtp,0,100,11669,205.95,64,1710,9251,3,16
1784680157.538,real_q6xl_tensor_220w_mtp,1,100,11669,208.30,68,1650,9251,3,16
1784680157.538,real_q6xl_tensor_220w_mtp,2,100,11669,205.06,73,1605,9251,3,16
1784680157.538,real_q6xl_tensor_220w_mtp,3,100,11669,208.23,69,1680,9251,3,16
1784680158.108,real_q6xl_tensor_220w_mtp,0,100,11669,205.89,64,1725,9251,3,16
1784680158.108,real_q6xl_tensor_220w_mtp,1,100,11669,207.67,68,1590,9251,3,16
1784680158.108,real_q6xl_tensor_220w_mtp,2,100,11669,205.89,73,1680,9251,3,16
1784680158.108,real_q6xl_tensor_220w_mtp,3,100,11669,207.11,69,1620,9251,3,16
1784680158.696,real_q6xl_tensor_220w_mtp,0,30,11669,189.92,63,1905,9251,3,16
1784680158.696,real_q6xl_tensor_220w_mtp,1,32,11669,191.45,66,1905,9251,3,16
1784680158.696,real_q6xl_tensor_220w_mtp,2,36,11669,186.60,71,1785,9251,3,16
1784680158.696,real_q6xl_tensor_220w_mtp,3,100,11669,195.66,68,1875,9251,3,16
1784680159.256,real_q6xl_tensor_220w_mtp,0,30,11669,178.74,64,1620,9251,3,16
1784680159.256,real_q6xl_tensor_220w_mtp,1,32,11669,187.74,68,1560,9251,3,16
1784680159.256,real_q6xl_tensor_220w_mtp,2,36,11669,181.93,73,1545,9251,3,16
1784680159.256,real_q6xl_tensor_220w_mtp,3,100,11669,188.76,69,1590,9251,3,16
1784680159.852,real_q6xl_tensor_220w_mtp,0,100,11669,200.50,64,1650,9251,3,16
1784680159.852,real_q6xl_tensor_220w_mtp,1,100,11669,203.12,68,1515,9251,3,16
1784680159.852,real_q6xl_tensor_220w_mtp,2,100,11669,201.90,73,1620,9251,3,16
1784680159.852,real_q6xl_tensor_220w_mtp,3,100,11669,205.33,69,1560,9251,3,16
1784680160.448,real_q6xl_tensor_220w_mtp,0,100,11669,205.72,64,1725,9251,3,16
1784680160.448,real_q6xl_tensor_220w_mtp,1,100,11669,206.86,68,1605,9251,3,16
1784680160.448,real_q6xl_tensor_220w_mtp,2,100,11669,205.72,73,1575,9251,3,16
1784680160.448,real_q6xl_tensor_220w_mtp,3,100,11669,208.40,69,1635,9251,3,16
1784680161.043,real_q6xl_tensor_220w_mtp,0,100,11669,204.62,64,1590,9251,3,16
1784680161.043,real_q6xl_tensor_220w_mtp,1,100,11669,207.88,68,1515,9251,3,16
1784680161.043,real_q6xl_tensor_220w_mtp,2,100,11669,205.64,73,1560,9251,3,16
1784680161.043,real_q6xl_tensor_220w_mtp,3,100,11669,207.28,69,1545,9251,3,16
1784680161.615,real_q6xl_tensor_220w_mtp,0,100,11669,190.09,62,1890,9251,3,16
1784680161.615,real_q6xl_tensor_220w_mtp,1,100,11669,192.13,66,1905,9251,3,16
1784680161.615,real_q6xl_tensor_220w_mtp,2,100,11669,187.54,70,1830,9251,3,16
1784680161.615,real_q6xl_tensor_220w_mtp,3,33,11669,195.75,68,1905,9251,3,16
1784680162.176,real_q6xl_tensor_220w_mtp,0,100,11669,180.15,64,1665,9251,3,16
1784680162.176,real_q6xl_tensor_220w_mtp,1,100,11669,187.19,68,1455,9251,3,16
1784680162.176,real_q6xl_tensor_220w_mtp,2,100,11669,183.02,73,1650,9251,3,16
1784680162.176,real_q6xl_tensor_220w_mtp,3,33,11669,188.26,69,1515,9251,3,16
1784680162.748,real_q6xl_tensor_220w_mtp,0,100,11669,200.77,64,1650,9251,3,16
1784680162.748,real_q6xl_tensor_220w_mtp,1,100,11669,202.99,68,1530,9251,3,16
1784680162.748,real_q6xl_tensor_220w_mtp,2,100,11669,201.27,73,1590,9251,3,16
1784680162.748,real_q6xl_tensor_220w_mtp,3,100,11669,203.27,69,1560,9251,3,16
1784680163.319,real_q6xl_tensor_220w_mtp,0,100,11669,204.03,64,1635,9251,3,16
1784680163.319,real_q6xl_tensor_220w_mtp,1,100,11669,207.64,68,1620,9251,3,16
1784680163.319,real_q6xl_tensor_220w_mtp,2,100,11669,205.38,73,1575,9251,3,16
1784680163.319,real_q6xl_tensor_220w_mtp,3,80,11669,208.14,69,1650,9251,3,16
1784680163.891,real_q6xl_tensor_220w_mtp,0,100,11669,204.32,64,1635,9251,3,16
1784680163.891,real_q6xl_tensor_220w_mtp,1,100,11669,207.35,68,1605,9251,3,16
1784680163.891,real_q6xl_tensor_220w_mtp,2,100,11669,205.36,73,1545,9251,3,16
1784680163.891,real_q6xl_tensor_220w_mtp,3,100,11669,208.72,69,1635,9251,3,16
1784680164.461,real_q6xl_tensor_220w_mtp,0,30,11669,189.24,62,1920,9251,3,16
1784680164.461,real_q6xl_tensor_220w_mtp,1,32,11669,199.22,66,1890,9251,3,16
1784680164.461,real_q6xl_tensor_220w_mtp,2,31,11669,194.92,71,1890,9251,3,16
1784680164.461,real_q6xl_tensor_220w_mtp,3,100,11669,195.44,68,1905,9251,3,16
1784680165.022,real_q6xl_tensor_220w_mtp,0,73,11669,178.33,64,1635,9251,3,16
1784680165.022,real_q6xl_tensor_220w_mtp,1,96,11669,186.82,68,1530,9251,3,16
1784680165.022,real_q6xl_tensor_220w_mtp,2,100,11669,182.22,72,1575,9251,3,16
1784680165.022,real_q6xl_tensor_220w_mtp,3,100,11669,188.46,69,1560,9251,3,16
1784680165.598,real_q6xl_tensor_220w_mtp,0,100,11669,194.66,64,1605,9251,3,16
1784680165.598,real_q6xl_tensor_220w_mtp,1,100,11669,200.21,68,1545,9251,3,16
1784680165.598,real_q6xl_tensor_220w_mtp,2,100,11669,197.40,73,1530,9251,3,16
1784680165.598,real_q6xl_tensor_220w_mtp,3,100,11669,201.47,69,1575,9251,3,16
1784680166.167,real_q6xl_tensor_220w_mtp,0,100,11669,203.83,64,1710,9251,3,16
1784680166.167,real_q6xl_tensor_220w_mtp,1,100,11669,207.48,68,1560,9251,3,16
1784680166.167,real_q6xl_tensor_220w_mtp,2,100,11669,205.59,73,1665,9251,3,16
1784680166.167,real_q6xl_tensor_220w_mtp,3,100,11669,208.21,69,1590,9251,3,16
1784680166.763,real_q6xl_tensor_220w_mtp,0,100,11669,204.44,64,1575,9251,3,16
1784680166.763,real_q6xl_tensor_220w_mtp,1,100,11669,206.69,68,1485,9251,3,16
1784680166.763,real_q6xl_tensor_220w_mtp,2,100,11669,206.02,73,1560,9251,3,16
1784680166.763,real_q6xl_tensor_220w_mtp,3,100,11669,207.80,69,1530,9251,3,16
1784680167.333,real_q6xl_tensor_220w_mtp,0,39,11669,198.60,62,1890,9251,3,16
1784680167.333,real_q6xl_tensor_220w_mtp,1,23,11669,198.61,67,1770,9251,3,16
1784680167.333,real_q6xl_tensor_220w_mtp,2,50,11669,195.18,71,1875,9251,3,16
1784680167.333,real_q6xl_tensor_220w_mtp,3,30,11669,197.76,68,1785,9251,3,16
1784680167.894,real_q6xl_tensor_220w_mtp,0,100,11669,178.01,64,1680,9251,3,16
1784680167.894,real_q6xl_tensor_220w_mtp,1,100,11669,187.13,67,1635,9251,3,16
1784680167.894,real_q6xl_tensor_220w_mtp,2,100,11669,181.18,72,1560,9251,3,16
1784680167.894,real_q6xl_tensor_220w_mtp,3,30,11669,187.07,69,1650,9251,3,16
1784680168.469,real_q6xl_tensor_220w_mtp,0,100,11669,189.13,64,1605,9251,3,16
1784680168.469,real_q6xl_tensor_220w_mtp,1,100,11669,196.20,68,1575,9251,3,16
1784680168.469,real_q6xl_tensor_220w_mtp,2,100,11669,190.96,72,1680,9251,3,16
1784680168.469,real_q6xl_tensor_220w_mtp,3,100,11669,196.49,69,1605,9251,3,16
1784680169.038,real_q6xl_tensor_220w_mtp,0,67,11669,203.03,64,1695,9251,3,16
1784680169.038,real_q6xl_tensor_220w_mtp,1,100,11669,207.06,68,1620,9251,3,16
1784680169.038,real_q6xl_tensor_220w_mtp,2,100,11669,204.45,73,1635,9251,3,16
1784680169.038,real_q6xl_tensor_220w_mtp,3,100,11669,207.52,69,1650,9251,3,16
1784680169.610,real_q6xl_tensor_220w_mtp,0,67,11669,203.95,64,1620,9251,3,16
1784680169.610,real_q6xl_tensor_220w_mtp,1,100,11669,206.65,68,1605,9251,3,16
1784680169.610,real_q6xl_tensor_220w_mtp,2,100,11669,204.73,72,1680,9251,3,16
1784680169.610,real_q6xl_tensor_220w_mtp,3,57,11669,207.76,69,1635,9251,3,16
1784680170.180,real_q6xl_tensor_220w_mtp,0,15,11669,199.85,62,1920,9251,3,16
1784680170.180,real_q6xl_tensor_220w_mtp,1,52,11669,207.03,67,1650,9251,3,16
1784680170.180,real_q6xl_tensor_220w_mtp,2,43,11669,204.94,71,1890,9251,3,16
1784680170.180,real_q6xl_tensor_220w_mtp,3,57,11669,203.00,68,1695,9251,3,16
1784680170.741,real_q6xl_tensor_220w_mtp,0,15,11669,178.87,63,1635,9251,3,16
1784680170.741,real_q6xl_tensor_220w_mtp,1,52,11669,185.41,67,1620,9251,3,16
1784680170.741,real_q6xl_tensor_220w_mtp,2,43,11669,181.67,72,1575,9251,3,16
1784680170.741,real_q6xl_tensor_220w_mtp,3,100,11669,185.86,68,1635,9251,3,16
1784680171.333,real_q6xl_tensor_220w_mtp,0,100,11669,187.07,64,1710,9251,3,16
1784680171.333,real_q6xl_tensor_220w_mtp,1,65,11669,190.57,67,1575,9251,3,16
1784680171.333,real_q6xl_tensor_220w_mtp,2,75,11669,187.04,73,1665,9251,3,16
1784680171.333,real_q6xl_tensor_220w_mtp,3,68,11669,194.28,69,1605,9251,3,16
1784680171.928,real_q6xl_tensor_220w_mtp,0,100,11669,204.59,64,1695,9251,3,16
1784680171.928,real_q6xl_tensor_220w_mtp,1,65,11669,212.56,68,1620,9251,3,16
1784680171.928,real_q6xl_tensor_220w_mtp,2,75,11669,207.24,71,1860,9251,3,16
1784680171.928,real_q6xl_tensor_220w_mtp,3,42,11669,207.22,67,1650,9251,3,16
1784680172.548,real_q6xl_tensor_220w_mtp,0,100,11669,204.11,64,1680,9251,3,16
1784680172.548,real_q6xl_tensor_220w_mtp,1,100,11669,203.96,68,1515,9251,3,16
1784680172.548,real_q6xl_tensor_220w_mtp,2,100,11669,204.90,72,1665,9251,3,16
1784680172.548,real_q6xl_tensor_220w_mtp,3,82,11669,207.68,69,1560,9251,3,16
1784680173.144,real_q6xl_tensor_220w_mtp,0,23,11669,198.32,63,1920,9251,3,16
1784680173.144,real_q6xl_tensor_220w_mtp,1,33,11669,204.70,66,1680,9251,3,16
1784680173.144,real_q6xl_tensor_220w_mtp,2,23,11669,203.32,70,1890,9251,3,16
1784680173.144,real_q6xl_tensor_220w_mtp,3,82,11669,202.24,68,1695,9251,3,16
1784680173.730,real_q6xl_tensor_220w_mtp,0,23,11669,177.67,63,1635,9251,3,16
1784680173.730,real_q6xl_tensor_220w_mtp,1,33,11669,185.75,67,1620,9251,3,16
1784680173.730,real_q6xl_tensor_220w_mtp,2,23,11669,182.35,72,1575,9251,3,16
1784680173.730,real_q6xl_tensor_220w_mtp,3,100,11669,184.08,68,1635,9251,3,16
1784680174.342,real_q6xl_tensor_220w_mtp,0,100,11669,188.15,64,1725,9251,3,16
1784680174.342,real_q6xl_tensor_220w_mtp,1,77,11669,191.74,68,1620,9251,3,16
1784680174.342,real_q6xl_tensor_220w_mtp,2,86,11669,189.03,72,1590,9251,3,16
1784680174.342,real_q6xl_tensor_220w_mtp,3,71,11669,194.68,69,1650,9251,3,16
1784680174.941,real_q6xl_tensor_220w_mtp,0,100,11669,203.53,63,1725,9251,3,16
1784680174.941,real_q6xl_tensor_220w_mtp,1,77,11669,206.36,68,1590,9251,3,16
1784680174.941,real_q6xl_tensor_220w_mtp,2,86,11669,204.91,72,1665,9251,3,16
1784680174.941,real_q6xl_tensor_220w_mtp,3,100,11669,208.25,67,1635,9251,3,16
1784680175.512,real_q6xl_tensor_220w_mtp,0,59,11669,202.77,62,1590,9251,3,16
1784680175.512,real_q6xl_tensor_220w_mtp,1,39,11669,205.11,68,1455,9251,3,16
1784680175.512,real_q6xl_tensor_220w_mtp,2,47,11669,204.94,73,1530,9251,3,16
1784680175.512,real_q6xl_tensor_220w_mtp,3,100,11669,207.00,68,1545,9251,3,16
1784680176.083,real_q6xl_tensor_220w_mtp,0,59,11669,206.71,63,1905,9251,3,16
1784680176.083,real_q6xl_tensor_220w_mtp,1,39,11669,204.62,68,1905,9251,3,16
1784680176.083,real_q6xl_tensor_220w_mtp,2,47,11669,202.61,73,1860,9251,3,16
1784680176.083,real_q6xl_tensor_220w_mtp,3,75,11669,209.15,68,1905,9251,3,16
1784680176.669,real_q6xl_tensor_220w_mtp,0,57,11669,178.19,63,1605,9251,3,16
1784680176.669,real_q6xl_tensor_220w_mtp,1,100,11669,185.23,66,1455,9251,3,16
1784680176.669,real_q6xl_tensor_220w_mtp,2,100,11669,181.53,70,1605,9251,3,16
1784680176.669,real_q6xl_tensor_220w_mtp,3,75,11669,184.90,68,1515,9251,3,16
1784680177.264,real_q6xl_tensor_220w_mtp,0,57,11669,181.20,63,1635,9251,3,16
1784680177.264,real_q6xl_tensor_220w_mtp,1,100,11669,186.23,66,1425,9251,3,16
1784680177.264,real_q6xl_tensor_220w_mtp,2,100,11669,184.01,71,1650,9251,3,16
1784680177.264,real_q6xl_tensor_220w_mtp,3,39,11669,187.88,69,1515,9251,3,16
1784680177.834,real_q6xl_tensor_220w_mtp,0,100,11669,208.52,64,1890,9251,3,16
1784680177.834,real_q6xl_tensor_220w_mtp,1,81,11669,208.54,67,1875,9251,3,16
1784680177.834,real_q6xl_tensor_220w_mtp,2,69,11669,206.81,71,1815,9251,3,16
1784680177.834,real_q6xl_tensor_220w_mtp,3,100,11669,205.78,69,1875,9251,3,16
1784680178.395,real_q6xl_tensor_220w_mtp,0,100,11669,209.10,64,1650,9251,3,16
1784680178.395,real_q6xl_tensor_220w_mtp,1,81,11669,209.54,68,1665,9251,3,16
1784680178.395,real_q6xl_tensor_220w_mtp,2,69,11669,210.82,73,1545,9251,3,16
1784680178.395,real_q6xl_tensor_220w_mtp,3,100,11669,212.55,69,1695,9251,3,16
1784680178.976,real_q6xl_tensor_220w_mtp,0,100,11669,210.29,64,1680,9251,3,16
1784680178.976,real_q6xl_tensor_220w_mtp,1,100,11669,210.55,68,1560,9251,3,16
1784680178.976,real_q6xl_tensor_220w_mtp,2,100,11669,209.46,73,1665,9251,3,16
1784680178.976,real_q6xl_tensor_220w_mtp,3,100,11669,212.93,69,1575,9251,3,16
1784680179.571,real_q6xl_tensor_220w_mtp,0,100,11669,178.94,61,1920,9251,3,16
1784680179.571,real_q6xl_tensor_220w_mtp,1,100,11669,185.83,66,1905,9251,3,16
1784680179.571,real_q6xl_tensor_220w_mtp,2,100,11669,180.08,70,1890,9251,3,16
1784680179.571,real_q6xl_tensor_220w_mtp,3,23,11669,186.78,66,1920,9251,3,16
1784680180.156,real_q6xl_tensor_220w_mtp,0,100,11669,177.45,64,1710,9251,3,16
1784680180.156,real_q6xl_tensor_220w_mtp,1,100,11669,184.24,68,1575,9251,3,16
1784680180.156,real_q6xl_tensor_220w_mtp,2,100,11669,180.71,73,1665,9251,3,16
1784680180.156,real_q6xl_tensor_220w_mtp,3,23,11669,184.98,69,1605,9251,3,16
1784680180.719,real_q6xl_tensor_220w_mtp,0,100,11669,208.13,64,1575,9251,3,16
1784680180.719,real_q6xl_tensor_220w_mtp,1,100,11669,211.59,68,1500,9251,3,16
1784680180.719,real_q6xl_tensor_220w_mtp,2,100,11669,211.26,73,1545,9251,3,16
1784680180.719,real_q6xl_tensor_220w_mtp,3,100,11669,210.39,69,1575,9251,3,16
1784680181.316,real_q6xl_tensor_220w_mtp,0,100,11669,203.46,64,1710,9251,3,16
1784680181.316,real_q6xl_tensor_220w_mtp,1,100,11669,209.22,68,1620,9251,3,16
1784680181.316,real_q6xl_tensor_220w_mtp,2,100,11669,207.24,73,1650,9251,3,16
1784680181.316,real_q6xl_tensor_220w_mtp,3,100,11669,213.85,69,1650,9251,3,16
1784680181.886,real_q6xl_tensor_220w_mtp,0,100,11669,202.96,64,1665,9251,3,16
1784680181.886,real_q6xl_tensor_220w_mtp,1,100,11669,206.27,68,1455,9251,3,16
1784680181.886,real_q6xl_tensor_220w_mtp,2,100,11669,204.11,73,1545,9251,3,16
1784680181.886,real_q6xl_tensor_220w_mtp,3,100,11669,207.32,69,1500,9251,3,16
1784680182.454,real_q6xl_tensor_220w_mtp,0,32,11669,183.73,62,1860,9251,3,16
1784680182.454,real_q6xl_tensor_220w_mtp,1,29,11669,190.57,67,1815,9251,3,16
1784680182.454,real_q6xl_tensor_220w_mtp,2,30,11669,188.53,71,1845,9251,3,16
1784680182.454,real_q6xl_tensor_220w_mtp,3,100,11669,190.97,66,1830,9251,3,16
1784680183.012,real_q6xl_tensor_220w_mtp,0,32,11669,175.80,64,1620,9251,3,16
1784680183.012,real_q6xl_tensor_220w_mtp,1,29,11669,183.29,68,1605,9251,3,16
1784680183.012,real_q6xl_tensor_220w_mtp,2,30,11669,179.77,73,1545,9251,3,16
1784680183.012,real_q6xl_tensor_220w_mtp,3,100,11669,184.38,69,1635,9251,3,16
1784680183.581,real_q6xl_tensor_220w_mtp,0,100,11669,194.58,64,1575,9251,3,16
1784680183.581,real_q6xl_tensor_220w_mtp,1,100,11669,202.40,68,1470,9251,3,16
1784680183.581,real_q6xl_tensor_220w_mtp,2,100,11669,195.63,72,1515,9251,3,16
1784680183.581,real_q6xl_tensor_220w_mtp,3,100,11669,200.16,69,1530,9251,3,16
1784680184.149,real_q6xl_tensor_220w_mtp,0,100,11669,202.84,64,1560,9251,3,16
1784680184.149,real_q6xl_tensor_220w_mtp,1,100,11669,205.16,68,1455,9251,3,16
1784680184.149,real_q6xl_tensor_220w_mtp,2,100,11669,204.50,73,1560,9251,3,16
1784680184.149,real_q6xl_tensor_220w_mtp,3,100,11669,206.65,69,1515,9251,3,16
1784680184.742,real_q6xl_tensor_220w_mtp,0,100,11669,202.75,64,1635,9251,3,16
1784680184.742,real_q6xl_tensor_220w_mtp,1,100,11669,205.37,67,1440,9251,3,16
1784680184.742,real_q6xl_tensor_220w_mtp,2,100,11669,204.31,73,1560,9251,3,16
1784680184.742,real_q6xl_tensor_220w_mtp,3,100,11669,206.33,69,1515,9251,3,16
1784680185.334,real_q6xl_tensor_220w_mtp,0,48,11669,197.36,63,1890,9251,3,16
1784680185.334,real_q6xl_tensor_220w_mtp,1,33,11669,201.13,66,1905,9251,3,16
1784680185.334,real_q6xl_tensor_220w_mtp,2,62,11669,196.16,70,1860,9251,3,16
1784680185.334,real_q6xl_tensor_220w_mtp,3,31,11669,197.08,68,1905,9251,3,16
1784680185.901,real_q6xl_tensor_220w_mtp,0,100,11669,176.16,63,1605,9251,3,16
1784680185.901,real_q6xl_tensor_220w_mtp,1,100,11669,186.14,67,1560,9251,3,16
1784680185.901,real_q6xl_tensor_220w_mtp,2,100,11669,177.59,72,1515,9251,3,16
1784680185.901,real_q6xl_tensor_220w_mtp,3,35,11669,185.48,68,1590,9251,3,16
1784680186.472,real_q6xl_tensor_220w_mtp,0,100,11669,187.56,63,1695,9251,3,16
1784680186.472,real_q6xl_tensor_220w_mtp,1,100,11669,190.76,67,1590,9251,3,16
1784680186.472,real_q6xl_tensor_220w_mtp,2,100,11669,185.58,72,1650,9251,3,16
1784680186.472,real_q6xl_tensor_220w_mtp,3,94,11669,194.20,68,1635,9251,3,16
1784680187.042,real_q6xl_tensor_220w_mtp,0,78,11669,203.65,62,1530,9251,3,16
1784680187.042,real_q6xl_tensor_220w_mtp,1,33,11669,203.21,67,1425,9251,3,16
1784680187.042,real_q6xl_tensor_220w_mtp,2,34,11669,202.05,72,1485,9251,3,16
1784680187.042,real_q6xl_tensor_220w_mtp,3,94,11669,206.29,67,1485,9251,3,16
1784680187.611,real_q6xl_tensor_220w_mtp,0,78,11669,209.26,64,1890,9251,3,16
1784680187.611,real_q6xl_tensor_220w_mtp,1,33,11669,206.69,66,1875,9251,3,16
1784680187.611,real_q6xl_tensor_220w_mtp,2,34,11669,204.43,73,1800,9251,3,16
1784680187.611,real_q6xl_tensor_220w_mtp,3,100,11669,211.52,68,1875,9251,3,16
1784680188.172,real_q6xl_tensor_220w_mtp,0,100,11669,208.24,64,1560,9251,3,16
1784680188.172,real_q6xl_tensor_220w_mtp,1,99,11669,210.10,68,1425,9251,3,16
1784680188.172,real_q6xl_tensor_220w_mtp,2,89,11669,209.11,73,1545,9251,3,16
1784680188.172,real_q6xl_tensor_220w_mtp,3,100,11669,210.73,69,1500,9251,3,16
1784680188.761,real_q6xl_tensor_220w_mtp,0,100,11669,179.05,61,1920,9251,3,16
1784680188.761,real_q6xl_tensor_220w_mtp,1,99,11669,181.35,66,1905,9251,3,16
1784680188.761,real_q6xl_tensor_220w_mtp,2,89,11669,177.47,70,1890,9251,3,16
1784680188.761,real_q6xl_tensor_220w_mtp,3,1,11669,187.08,66,1920,9251,3,16
1784680189.350,real_q6xl_tensor_220w_mtp,0,100,11669,180.43,64,1560,9251,3,16
1784680189.350,real_q6xl_tensor_220w_mtp,1,100,11669,183.62,68,1575,9251,3,16
1784680189.350,real_q6xl_tensor_220w_mtp,2,100,11669,179.65,72,1500,9251,3,16
1784680189.350,real_q6xl_tensor_220w_mtp,3,100,11669,189.34,68,1620,9251,3,16
1784680189.914,real_q6xl_tensor_220w_mtp,0,100,11669,206.71,64,1680,9251,3,16
1784680189.914,real_q6xl_tensor_220w_mtp,1,100,11669,212.12,68,1530,9251,3,16
1784680189.914,real_q6xl_tensor_220w_mtp,2,100,11669,210.57,72,1650,9251,3,16
1784680189.914,real_q6xl_tensor_220w_mtp,3,100,11669,210.53,69,1560,9251,3,16
1784680190.482,real_q6xl_tensor_220w_mtp,0,100,11669,202.35,64,1695,9251,3,16
1784680190.482,real_q6xl_tensor_220w_mtp,1,100,11669,209.71,68,1605,9251,3,16
1784680190.482,real_q6xl_tensor_220w_mtp,2,100,11669,208.80,72,1590,9251,3,16
1784680190.482,real_q6xl_tensor_220w_mtp,3,100,11669,206.04,69,1635,9251,3,16
1784680191.075,real_q6xl_tensor_220w_mtp,0,100,11669,202.53,64,1575,9251,3,16
1784680191.075,real_q6xl_tensor_220w_mtp,1,100,11669,204.57,68,1485,9251,3,16
1784680191.075,real_q6xl_tensor_220w_mtp,2,100,11669,204.35,72,1500,9251,3,16
1784680191.075,real_q6xl_tensor_220w_mtp,3,100,11669,207.29,69,1530,9251,3,16
1784680191.644,real_q6xl_tensor_220w_mtp,0,33,11669,184.94,62,1650,9251,3,16
1784680191.644,real_q6xl_tensor_220w_mtp,1,34,11669,192.29,66,1440,9251,3,16
1784680191.644,real_q6xl_tensor_220w_mtp,2,33,11669,187.48,70,1665,9251,3,16
1784680191.644,real_q6xl_tensor_220w_mtp,3,100,11669,193.78,67,1515,9251,3,16
1784680192.202,real_q6xl_tensor_220w_mtp,0,33,11669,173.64,64,1575,9251,3,16
1784680192.202,real_q6xl_tensor_220w_mtp,1,34,11669,184.46,68,1485,9251,3,16
1784680192.202,real_q6xl_tensor_220w_mtp,2,33,11669,177.69,72,1530,9251,3,16
1784680192.202,real_q6xl_tensor_220w_mtp,3,100,11669,183.87,68,1530,9251,3,16
1784680192.840,real_q6xl_tensor_220w_mtp,0,100,11669,197.55,64,1590,9251,3,16
1784680192.840,real_q6xl_tensor_220w_mtp,1,100,11669,200.64,67,1515,9251,3,16
1784680192.840,real_q6xl_tensor_220w_mtp,2,100,11669,199.75,73,1650,9251,3,16
1784680192.840,real_q6xl_tensor_220w_mtp,3,100,11669,201.61,69,1545,9251,3,16
1784680193.413,real_q6xl_tensor_220w_mtp,0,100,11669,202.63,63,1710,9251,3,16
1784680193.413,real_q6xl_tensor_220w_mtp,1,100,11669,205.99,68,1590,9251,3,16
1784680193.413,real_q6xl_tensor_220w_mtp,2,100,11669,202.72,72,1635,9251,3,16
1784680193.413,real_q6xl_tensor_220w_mtp,3,100,11669,205.84,69,1620,9251,3,16
1784680193.981,real_q6xl_tensor_220w_mtp,0,100,11669,202.01,64,1575,9251,3,16
1784680193.981,real_q6xl_tensor_220w_mtp,1,100,11669,205.44,68,1455,9251,3,16
1784680193.981,real_q6xl_tensor_220w_mtp,2,73,11669,203.95,72,1500,9251,3,16
1784680193.981,real_q6xl_tensor_220w_mtp,3,100,11669,205.86,69,1515,9251,3,16
1784680194.550,real_q6xl_tensor_220w_mtp,0,100,11669,198.66,62,1890,9251,3,16
1784680194.550,real_q6xl_tensor_220w_mtp,1,100,11669,201.09,66,1740,9251,3,16
1784680194.550,real_q6xl_tensor_220w_mtp,2,73,11669,199.48,71,1890,9251,3,16
1784680194.550,real_q6xl_tensor_220w_mtp,3,33,11669,202.96,67,1770,9251,3,16
1784680195.108,real_q6xl_tensor_220w_mtp,0,48,11669,175.10,63,1605,9251,3,16
1784680195.108,real_q6xl_tensor_220w_mtp,1,93,11669,183.94,67,1560,9251,3,16
1784680195.108,real_q6xl_tensor_220w_mtp,2,100,11669,177.71,72,1500,9251,3,16
1784680195.108,real_q6xl_tensor_220w_mtp,3,33,11669,177.93,67,1605,9251,3,16
1784680195.677,real_q6xl_tensor_220w_mtp,0,48,11669,177.29,62,1530,9251,3,16
1784680195.677,real_q6xl_tensor_220w_mtp,1,93,11669,192.11,66,1320,9251,3,16
1784680195.677,real_q6xl_tensor_220w_mtp,2,100,11669,186.51,71,1500,9251,3,16
1784680195.677,real_q6xl_tensor_220w_mtp,3,38,11669,179.11,67,1410,9251,3,16
1784680196.267,real_q6xl_tensor_220w_mtp,0,90,11669,205.66,63,1890,9251,3,16
1784680196.267,real_q6xl_tensor_220w_mtp,1,45,11669,203.67,68,1890,9251,3,16
1784680196.267,real_q6xl_tensor_220w_mtp,2,36,11669,201.92,72,1860,9251,3,16
1784680196.267,real_q6xl_tensor_220w_mtp,3,100,11669,207.85,68,1905,9251,3,16
1784680196.859,real_q6xl_tensor_220w_mtp,0,100,11669,207.81,64,1755,9251,3,16
1784680196.859,real_q6xl_tensor_220w_mtp,1,91,11669,207.69,68,1665,9251,3,16
1784680196.859,real_q6xl_tensor_220w_mtp,2,100,11669,206.45,73,1710,9251,3,16
1784680196.859,real_q6xl_tensor_220w_mtp,3,100,11669,210.70,69,1695,9251,3,16
1784680197.466,real_q6xl_tensor_220w_mtp,0,100,11669,207.19,64,1680,9251,3,16
1784680197.466,real_q6xl_tensor_220w_mtp,1,100,11669,210.97,68,1590,9251,3,16
1784680197.466,real_q6xl_tensor_220w_mtp,2,100,11669,209.77,72,1605,9251,3,16
1784680197.466,real_q6xl_tensor_220w_mtp,3,100,11669,210.37,69,1605,9251,3,16
1784680198.036,real_q6xl_tensor_220w_mtp,0,100,11669,181.07,61,1860,9251,3,16
1784680198.036,real_q6xl_tensor_220w_mtp,1,100,11669,189.24,66,1800,9251,3,16
1784680198.036,real_q6xl_tensor_220w_mtp,2,100,11669,183.92,71,1830,9251,3,16
1784680198.036,real_q6xl_tensor_220w_mtp,3,32,11669,189.57,66,1815,9251,3,16
1784680198.595,real_q6xl_tensor_220w_mtp,0,100,11669,173.48,64,1695,9251,3,16
1784680198.595,real_q6xl_tensor_220w_mtp,1,100,11669,183.12,68,1545,9251,3,16
1784680198.595,real_q6xl_tensor_220w_mtp,2,100,11669,178.23,72,1665,9251,3,16
1784680198.595,real_q6xl_tensor_220w_mtp,3,32,11669,183.97,69,1575,9251,3,16
1784680199.165,real_q6xl_tensor_220w_mtp,0,100,11669,201.88,64,1695,9251,3,16
1784680199.165,real_q6xl_tensor_220w_mtp,1,100,11669,199.91,68,1575,9251,3,16
1784680199.165,real_q6xl_tensor_220w_mtp,2,100,11669,199.35,72,1650,9251,3,16
1784680199.165,real_q6xl_tensor_220w_mtp,3,100,11669,206.39,69,1590,9251,3,16
1784680199.734,real_q6xl_tensor_220w_mtp,0,100,11669,201.90,63,1590,9251,3,16
1784680199.734,real_q6xl_tensor_220w_mtp,1,100,11669,204.16,68,1425,9251,3,16
1784680199.734,real_q6xl_tensor_220w_mtp,2,100,11669,203.57,72,1590,9251,3,16
1784680199.734,real_q6xl_tensor_220w_mtp,3,100,11669,205.56,69,1485,9251,3,16
1784680200.303,real_q6xl_tensor_220w_mtp,0,71,11669,201.22,63,1665,9251,3,16
1784680200.303,real_q6xl_tensor_220w_mtp,1,93,11669,204.00,67,1605,9251,3,16
1784680200.303,real_q6xl_tensor_220w_mtp,2,66,11669,203.35,72,1545,9251,3,16
1784680200.303,real_q6xl_tensor_220w_mtp,3,100,11669,205.66,68,1635,9251,3,16
1784680200.898,real_q6xl_tensor_220w_mtp,0,29,11669,195.58,62,1905,9251,3,16
1784680200.898,real_q6xl_tensor_220w_mtp,1,33,11669,196.46,66,1905,9251,3,16
1784680200.898,real_q6xl_tensor_220w_mtp,2,34,11669,191.76,70,1875,9251,3,16
1784680200.898,real_q6xl_tensor_220w_mtp,3,100,11669,197.45,67,1920,9251,3,16
1784680201.482,real_q6xl_tensor_220w_mtp,0,29,11669,172.54,63,1695,9251,3,16
1784680201.482,real_q6xl_tensor_220w_mtp,1,33,11669,180.90,67,1560,9251,3,16
1784680201.482,real_q6xl_tensor_220w_mtp,2,34,11669,175.65,72,1650,9251,3,16
1784680201.482,real_q6xl_tensor_220w_mtp,3,100,11669,182.54,68,1575,9251,3,16
1784680202.078,real_q6xl_tensor_220w_mtp,0,82,11669,183.11,63,1695,9251,3,16
1784680202.078,real_q6xl_tensor_220w_mtp,1,100,11669,193.63,68,1590,9251,3,16
1784680202.078,real_q6xl_tensor_220w_mtp,2,100,11669,191.95,72,1650,9251,3,16
1784680202.078,real_q6xl_tensor_220w_mtp,3,100,11669,190.60,69,1635,9251,3,16
1784680202.667,real_q6xl_tensor_220w_mtp,0,82,11669,199.16,63,1560,9251,3,16
1784680202.667,real_q6xl_tensor_220w_mtp,1,100,11669,204.75,66,1470,9251,3,16
1784680202.667,real_q6xl_tensor_220w_mtp,2,100,11669,202.75,70,1455,9251,3,16
1784680202.667,real_q6xl_tensor_220w_mtp,3,32,11669,204.03,69,1530,9251,3,16
1784680203.241,real_q6xl_tensor_220w_mtp,0,72,11669,202.70,64,1860,9251,3,16
1784680203.241,real_q6xl_tensor_220w_mtp,1,100,11669,209.34,68,1860,9251,3,16
1784680203.241,real_q6xl_tensor_220w_mtp,2,100,11669,208.13,72,1710,9251,3,16
1784680203.241,real_q6xl_tensor_220w_mtp,3,32,11669,206.32,69,1800,9251,3,16
1784680203.802,real_q6xl_tensor_220w_mtp,0,100,11669,209.49,64,1530,9251,3,16
1784680203.802,real_q6xl_tensor_220w_mtp,1,100,11669,209.46,68,1485,9251,3,16
1784680203.802,real_q6xl_tensor_220w_mtp,2,100,11669,207.79,73,1470,9251,3,16
1784680203.802,real_q6xl_tensor_220w_mtp,3,100,11669,210.32,69,1545,9251,3,16
1784680204.394,real_q6xl_tensor_220w_mtp,0,35,11669,182.06,62,1890,9251,3,16
1784680204.394,real_q6xl_tensor_220w_mtp,1,17,11669,189.53,65,1905,9251,3,16
1784680204.394,real_q6xl_tensor_220w_mtp,2,24,11669,182.68,69,1845,9251,3,16
1784680204.394,real_q6xl_tensor_220w_mtp,3,100,11669,191.00,68,1905,9251,3,16
1784680204.977,real_q6xl_tensor_220w_mtp,0,35,11669,172.27,64,1605,9251,3,16
1784680204.977,real_q6xl_tensor_220w_mtp,1,17,11669,184.90,68,1425,9251,3,16
1784680204.977,real_q6xl_tensor_220w_mtp,2,24,11669,178.22,72,1515,9251,3,16
1784680204.977,real_q6xl_tensor_220w_mtp,3,100,11669,182.45,68,1620,9251,3,16
1784680205.547,real_q6xl_tensor_220w_mtp,0,100,11669,205.90,64,1530,9251,3,16
1784680205.547,real_q6xl_tensor_220w_mtp,1,100,11669,204.11,68,1470,9251,3,16
1784680205.547,real_q6xl_tensor_220w_mtp,2,100,11669,202.17,72,1485,9251,3,16
1784680205.547,real_q6xl_tensor_220w_mtp,3,100,11669,209.55,69,1515,9251,3,16
1784680206.118,real_q6xl_tensor_220w_mtp,0,100,11669,200.68,64,1695,9251,3,16
1784680206.118,real_q6xl_tensor_220w_mtp,1,100,11669,203.33,67,1560,9251,3,16
1784680206.118,real_q6xl_tensor_220w_mtp,2,100,11669,203.17,72,1455,9251,3,16
1784680206.118,real_q6xl_tensor_220w_mtp,3,100,11669,205.68,68,1590,9251,3,16
1784680206.689,real_q6xl_tensor_220w_mtp,0,100,11669,199.30,64,1650,9251,3,16
1784680206.689,real_q6xl_tensor_220w_mtp,1,100,11669,204.68,67,1470,9251,3,16
1784680206.689,real_q6xl_tensor_220w_mtp,2,100,11669,202.68,72,1620,9251,3,16
1784680206.689,real_q6xl_tensor_220w_mtp,3,65,11669,205.29,69,1500,9251,3,16
1784680207.259,real_q6xl_tensor_220w_mtp,0,100,11669,193.34,62,1860,9251,3,16
1784680207.259,real_q6xl_tensor_220w_mtp,1,100,11669,199.17,67,1800,9251,3,16
1784680207.259,real_q6xl_tensor_220w_mtp,2,100,11669,197.38,71,1830,9251,3,16
1784680207.259,real_q6xl_tensor_220w_mtp,3,34,11669,199.75,67,1815,9251,3,16
1784680207.817,real_q6xl_tensor_220w_mtp,0,57,11669,173.35,63,1590,9251,3,16
1784680207.817,real_q6xl_tensor_220w_mtp,1,100,11669,181.14,67,1425,9251,3,16
1784680207.817,real_q6xl_tensor_220w_mtp,2,100,11669,175.39,71,1605,9251,3,16
1784680207.817,real_q6xl_tensor_220w_mtp,3,35,11669,182.12,68,1485,9251,3,16
1784680208.390,real_q6xl_tensor_220w_mtp,0,57,11669,179.06,62,1515,9251,3,16
1784680208.390,real_q6xl_tensor_220w_mtp,1,100,11669,191.72,66,1305,9251,3,16
1784680208.390,real_q6xl_tensor_220w_mtp,2,100,11669,187.43,70,1500,9251,3,16
1784680208.390,real_q6xl_tensor_220w_mtp,3,42,11669,186.83,67,1395,9251,3,16
1784680208.957,real_q6xl_tensor_220w_mtp,0,97,11669,206.38,64,1770,9251,3,16
1784680208.957,real_q6xl_tensor_220w_mtp,1,100,11669,208.45,68,1650,9251,3,16
1784680208.957,real_q6xl_tensor_220w_mtp,2,100,11669,208.29,72,1680,9251,3,16
1784680208.957,real_q6xl_tensor_220w_mtp,3,42,11669,210.33,68,1680,9251,3,16
1784680209.516,real_q6xl_tensor_220w_mtp,0,97,11669,207.56,64,1695,9251,3,16
1784680209.516,real_q6xl_tensor_220w_mtp,1,100,11669,208.77,67,1590,9251,3,16
1784680209.516,real_q6xl_tensor_220w_mtp,2,100,11669,208.21,73,1620,9251,3,16
1784680209.516,real_q6xl_tensor_220w_mtp,3,100,11669,210.00,69,1635,9251,3,16
1784680210.084,real_q6xl_tensor_220w_mtp,0,100,11669,200.56,64,1590,9251,3,16
1784680210.084,real_q6xl_tensor_220w_mtp,1,100,11669,209.23,67,1380,9251,3,16
1784680210.084,real_q6xl_tensor_220w_mtp,2,100,11669,208.35,72,1590,9251,3,16
1784680210.084,real_q6xl_tensor_220w_mtp,3,100,11669,204.68,69,1440,9251,3,16
1784680210.653,real_q6xl_tensor_220w_mtp,0,100,11669,184.11,62,1620,9251,3,16
1784680210.653,real_q6xl_tensor_220w_mtp,1,100,11669,190.46,66,1380,9251,3,16
1784680210.653,real_q6xl_tensor_220w_mtp,2,100,11669,186.58,70,1575,9251,3,16
1784680210.653,real_q6xl_tensor_220w_mtp,3,31,11669,191.83,68,1470,9251,3,16
1784680211.214,real_q6xl_tensor_220w_mtp,0,100,11669,171.67,63,1590,9251,3,16
1784680211.214,real_q6xl_tensor_220w_mtp,1,100,11669,179.55,67,1530,9251,3,16
1784680211.214,real_q6xl_tensor_220w_mtp,2,100,11669,175.25,72,1515,9251,3,16
1784680211.214,real_q6xl_tensor_220w_mtp,3,31,11669,182.41,68,1575,9251,3,16
1784680211.783,real_q6xl_tensor_220w_mtp,0,100,11669,187.67,63,1710,9251,3,16
1784680211.783,real_q6xl_tensor_220w_mtp,1,100,11669,196.96,67,1560,9251,3,16
1784680211.783,real_q6xl_tensor_220w_mtp,2,100,11669,195.27,72,1635,9251,3,16
1784680211.783,real_q6xl_tensor_220w_mtp,3,100,11669,195.24,69,1590,9251,3,16
1784680212.351,real_q6xl_tensor_220w_mtp,0,92,11669,199.83,61,1695,9251,3,16
1784680212.351,real_q6xl_tensor_220w_mtp,1,51,11669,204.22,68,1575,9251,3,16
1784680212.351,real_q6xl_tensor_220w_mtp,2,62,11669,201.57,72,1650,9251,3,16
1784680212.351,real_q6xl_tensor_220w_mtp,3,64,11669,204.95,69,1605,9251,3,16
1784680212.922,real_q6xl_tensor_220w_mtp,0,92,11669,198.79,63,1890,9251,3,16
1784680212.922,real_q6xl_tensor_220w_mtp,1,51,11669,204.74,66,1530,9251,3,16
1784680212.922,real_q6xl_tensor_220w_mtp,2,62,11669,201.95,70,1860,9251,3,16
1784680212.922,real_q6xl_tensor_220w_mtp,3,34,11669,203.59,69,1575,9251,3,16
1784680213.511,real_q6xl_tensor_220w_mtp,0,100,11669,206.77,63,1530,9251,3,16
1784680213.511,real_q6xl_tensor_220w_mtp,1,100,11669,208.69,68,1455,9251,3,16
1784680213.511,real_q6xl_tensor_220w_mtp,2,100,11669,208.41,72,1470,9251,3,16
1784680213.511,real_q6xl_tensor_220w_mtp,3,34,11669,210.86,69,1515,9251,3,16
1784680214.072,real_q6xl_tensor_220w_mtp,0,100,11669,173.94,61,1755,9251,3,16
1784680214.072,real_q6xl_tensor_220w_mtp,1,100,11669,187.05,67,1875,9251,3,16
1784680214.072,real_q6xl_tensor_220w_mtp,2,100,11669,182.35,71,1860,9251,3,16
1784680214.072,real_q6xl_tensor_220w_mtp,3,33,11669,189.80,66,1875,9251,3,16
1784680214.631,real_q6xl_tensor_220w_mtp,0,100,11669,163.02,63,1665,9251,3,16
1784680214.631,real_q6xl_tensor_220w_mtp,1,100,11669,179.37,68,1590,9251,3,16
1784680214.631,real_q6xl_tensor_220w_mtp,2,100,11669,171.39,72,1545,9251,3,16
1784680214.631,real_q6xl_tensor_220w_mtp,3,33,11669,182.12,68,1620,9251,3,16
1784680215.200,real_q6xl_tensor_220w_mtp,0,100,11669,194.15,63,1665,9251,3,16
1784680215.200,real_q6xl_tensor_220w_mtp,1,100,11669,204.78,68,1485,9251,3,16
1784680215.200,real_q6xl_tensor_220w_mtp,2,100,11669,202.64,72,1500,9251,3,16
1784680215.200,real_q6xl_tensor_220w_mtp,3,100,11669,201.56,68,1530,9251,3,16
1784680215.768,real_q6xl_tensor_220w_mtp,0,100,11669,201.21,63,1680,9251,3,16
1784680215.768,real_q6xl_tensor_220w_mtp,1,100,11669,202.97,67,1575,9251,3,16
1784680215.768,real_q6xl_tensor_220w_mtp,2,100,11669,202.17,72,1635,9251,3,16
1784680215.768,real_q6xl_tensor_220w_mtp,3,100,11669,204.42,69,1590,9251,3,16
1784680216.338,real_q6xl_tensor_220w_mtp,0,65,11669,200.90,63,1680,9251,3,16
1784680216.338,real_q6xl_tensor_220w_mtp,1,64,11669,203.57,67,1590,9251,3,16
1784680216.338,real_q6xl_tensor_220w_mtp,2,66,11669,202.09,72,1485,9251,3,16
1784680216.338,real_q6xl_tensor_220w_mtp,3,100,11669,204.14,68,1605,9251,3,16
1784680216.929,real_q6xl_tensor_220w_mtp,0,43,11669,200.54,62,1920,9251,3,16
1784680216.929,real_q6xl_tensor_220w_mtp,1,18,11669,200.17,66,1905,9251,3,16
1784680216.929,real_q6xl_tensor_220w_mtp,2,11,11669,198.47,70,1890,9251,3,16
1784680216.929,real_q6xl_tensor_220w_mtp,3,100,11669,202.11,67,1770,9251,3,16
1784680217.490,real_q6xl_tensor_220w_mtp,0,43,11669,167.92,63,1665,9251,3,16
1784680217.490,real_q6xl_tensor_220w_mtp,1,18,11669,181.36,65,1545,9251,3,16
1784680217.490,real_q6xl_tensor_220w_mtp,2,11,11669,175.87,69,1590,9251,3,16
1784680217.490,real_q6xl_tensor_220w_mtp,3,25,11669,171.72,66,1620,9251,3,16
1784680218.060,real_q6xl_tensor_220w_mtp,0,93,11669,178.44,64,1845,9251,3,16
1784680218.060,real_q6xl_tensor_220w_mtp,1,100,11669,190.28,67,1860,9251,3,16
1784680218.060,real_q6xl_tensor_220w_mtp,2,100,11669,184.03,72,1695,9251,3,16
1784680218.060,real_q6xl_tensor_220w_mtp,3,25,11669,179.53,67,1800,9251,3,16
1784680218.618,real_q6xl_tensor_220w_mtp,0,93,11669,208.54,64,1545,9251,3,16
1784680218.618,real_q6xl_tensor_220w_mtp,1,100,11669,209.47,67,1470,9251,3,16
1784680218.618,real_q6xl_tensor_220w_mtp,2,100,11669,206.76,72,1635,9251,3,16
1784680218.618,real_q6xl_tensor_220w_mtp,3,100,11669,209.18,69,1530,9251,3,16
1784680219.188,real_q6xl_tensor_220w_mtp,0,100,11669,202.28,64,1575,9251,3,16
1784680219.188,real_q6xl_tensor_220w_mtp,1,100,11669,209.90,68,1410,9251,3,16
1784680219.188,real_q6xl_tensor_220w_mtp,2,100,11669,209.03,72,1590,9251,3,16
1784680219.188,real_q6xl_tensor_220w_mtp,3,100,11669,206.34,69,1455,9251,3,16
1784680219.757,real_q6xl_tensor_220w_mtp,0,100,11669,200.60,63,1590,9251,3,16
1784680219.757,real_q6xl_tensor_220w_mtp,1,100,11669,203.31,68,1590,9251,3,16
1784680219.757,real_q6xl_tensor_220w_mtp,2,100,11669,201.73,72,1635,9251,3,16
1784680219.757,real_q6xl_tensor_220w_mtp,3,100,11669,205.07,68,1635,9251,3,16
1784680220.325,real_q6xl_tensor_220w_mtp,0,24,11669,188.04,61,1800,9251,3,16
1784680220.325,real_q6xl_tensor_220w_mtp,1,32,11669,193.14,67,1860,9251,3,16
1784680220.325,real_q6xl_tensor_220w_mtp,2,22,11669,189.82,70,1680,9251,3,16
1784680220.325,real_q6xl_tensor_220w_mtp,3,35,11669,194.67,67,1860,9251,3,16
1784680220.908,real_q6xl_tensor_220w_mtp,0,24,11669,170.26,63,1560,9251,3,16
1784680220.908,real_q6xl_tensor_220w_mtp,1,32,11669,179.36,67,1530,9251,3,16
1784680220.908,real_q6xl_tensor_220w_mtp,2,22,11669,171.71,71,1470,9251,3,16
1784680220.908,real_q6xl_tensor_220w_mtp,3,100,11669,179.82,68,1575,9251,3,16
1784680221.504,real_q6xl_tensor_220w_mtp,0,64,11669,183.46,63,1680,9251,3,16
1784680221.504,real_q6xl_tensor_220w_mtp,1,100,11669,194.08,67,1575,9251,3,16
1784680221.504,real_q6xl_tensor_220w_mtp,2,100,11669,189.36,72,1620,9251,3,16
1784680221.504,real_q6xl_tensor_220w_mtp,3,100,11669,191.17,68,1620,9251,3,16
1784680222.074,real_q6xl_tensor_220w_mtp,0,64,11669,199.67,61,1920,9251,3,16
1784680222.074,real_q6xl_tensor_220w_mtp,1,100,11669,203.06,67,1905,9251,3,16
1784680222.074,real_q6xl_tensor_220w_mtp,2,100,11669,201.81,71,1890,9251,3,16
1784680222.074,real_q6xl_tensor_220w_mtp,3,44,11669,203.98,67,1905,9251,3,16
1784680222.641,real_q6xl_tensor_220w_mtp,0,100,11669,207.31,64,1530,9251,3,16
1784680222.641,real_q6xl_tensor_220w_mtp,1,100,11669,207.55,67,1575,9251,3,16
1784680222.641,real_q6xl_tensor_220w_mtp,2,100,11669,206.41,72,1605,9251,3,16
1784680222.641,real_q6xl_tensor_220w_mtp,3,44,11669,209.65,69,1440,9251,3,16
1784680223.202,real_q6xl_tensor_220w_mtp,0,100,11669,207.72,63,1695,9251,3,16
1784680223.202,real_q6xl_tensor_220w_mtp,1,100,11669,207.38,68,1560,9251,3,16
1784680223.202,real_q6xl_tensor_220w_mtp,2,100,11669,207.03,72,1635,9251,3,16
1784680223.202,real_q6xl_tensor_220w_mtp,3,100,11669,210.31,68,1590,9251,3,16
1784680223.771,real_q6xl_tensor_220w_mtp,0,20,11669,179.55,61,1920,9251,3,16
1784680223.771,real_q6xl_tensor_220w_mtp,1,27,11669,187.73,66,1875,9251,3,16
1784680223.771,real_q6xl_tensor_220w_mtp,2,22,11669,183.86,71,1845,9251,3,16
1784680223.771,real_q6xl_tensor_220w_mtp,3,100,11669,188.25,66,1890,9251,3,16
1784680224.328,real_q6xl_tensor_220w_mtp,0,100,11669,171.33,63,1635,9251,3,16
1784680224.328,real_q6xl_tensor_220w_mtp,1,100,11669,179.73,67,1590,9251,3,16
1784680224.328,real_q6xl_tensor_220w_mtp,2,100,11669,174.60,72,1605,9251,3,16
1784680224.328,real_q6xl_tensor_220w_mtp,3,100,11669,181.00,68,1620,9251,3,16
1784680224.925,real_q6xl_tensor_220w_mtp,0,100,11669,195.51,63,1530,9251,3,16
1784680224.925,real_q6xl_tensor_220w_mtp,1,100,11669,199.39,67,1455,9251,3,16
1784680224.925,real_q6xl_tensor_220w_mtp,2,100,11669,198.15,72,1425,9251,3,16
1784680224.925,real_q6xl_tensor_220w_mtp,3,100,11669,199.96,68,1515,9251,3,16
1784680225.495,real_q6xl_tensor_220w_mtp,0,100,11669,199.30,63,1545,9251,3,16
1784680225.495,real_q6xl_tensor_220w_mtp,1,100,11669,202.41,67,1515,9251,3,16
1784680225.495,real_q6xl_tensor_220w_mtp,2,100,11669,201.19,72,1635,9251,3,16
1784680225.495,real_q6xl_tensor_220w_mtp,3,86,11669,205.10,68,1575,9251,3,16
1784680226.065,real_q6xl_tensor_220w_mtp,0,29,11669,197.14,62,1740,9251,3,16
1784680226.065,real_q6xl_tensor_220w_mtp,1,78,11669,204.44,66,1380,9251,3,16
1784680226.065,real_q6xl_tensor_220w_mtp,2,61,11669,202.05,71,1800,9251,3,16
1784680226.065,real_q6xl_tensor_220w_mtp,3,86,11669,202.46,67,1455,9251,3,16
1784680226.632,real_q6xl_tensor_220w_mtp,0,29,11669,205.43,64,1710,9251,3,16
1784680226.632,real_q6xl_tensor_220w_mtp,1,78,11669,207.90,68,1635,9251,3,16
1784680226.632,real_q6xl_tensor_220w_mtp,2,61,11669,207.06,72,1605,9251,3,16
1784680226.632,real_q6xl_tensor_220w_mtp,3,95,11669,208.96,69,1695,9251,3,16
1784680227.205,real_q6xl_tensor_220w_mtp,0,37,11669,171.86,62,1905,9251,3,16
1784680227.205,real_q6xl_tensor_220w_mtp,1,19,11669,184.10,65,1890,9251,3,16
1784680227.205,real_q6xl_tensor_220w_mtp,2,28,11669,180.10,70,1875,9251,3,16
1784680227.205,real_q6xl_tensor_220w_mtp,3,34,11669,181.12,67,1890,9251,3,16
1784680227.791,real_q6xl_tensor_220w_mtp,0,37,11669,168.78,63,1695,9251,3,16
1784680227.791,real_q6xl_tensor_220w_mtp,1,19,11669,183.34,67,1575,9251,3,16
1784680227.791,real_q6xl_tensor_220w_mtp,2,28,11669,178.75,72,1590,9251,3,16
1784680227.791,real_q6xl_tensor_220w_mtp,3,100,11669,178.10,69,1440,9251,3,16
1784680228.361,real_q6xl_tensor_220w_mtp,0,100,11669,202.29,64,1515,9251,3,16
1784680228.361,real_q6xl_tensor_220w_mtp,1,100,11669,202.69,68,1410,9251,3,16
1784680228.361,real_q6xl_tensor_220w_mtp,2,100,11669,199.75,72,1470,9251,3,16
1784680228.361,real_q6xl_tensor_220w_mtp,3,100,11669,206.85,68,1470,9251,3,16
1784680228.930,real_q6xl_tensor_220w_mtp,0,100,11669,200.38,63,1680,9251,3,16
1784680228.930,real_q6xl_tensor_220w_mtp,1,100,11669,202.42,67,1560,9251,3,16
1784680228.930,real_q6xl_tensor_220w_mtp,2,100,11669,202.14,72,1605,9251,3,16
1784680228.930,real_q6xl_tensor_220w_mtp,3,100,11669,204.16,68,1605,9251,3,16
1784680229.499,real_q6xl_tensor_220w_mtp,0,73,11669,200.68,63,1590,9251,3,16
1784680229.499,real_q6xl_tensor_220w_mtp,1,100,11669,204.15,67,1590,9251,3,16
1784680229.499,real_q6xl_tensor_220w_mtp,2,100,11669,200.18,72,1470,9251,3,16
1784680229.499,real_q6xl_tensor_220w_mtp,3,100,11669,203.74,68,1620,9251,3,16
1784680230.089,real_q6xl_tensor_220w_mtp,0,73,11669,199.56,61,1920,9251,3,16
1784680230.089,real_q6xl_tensor_220w_mtp,1,100,11669,198.97,66,1905,9251,3,16
1784680230.089,real_q6xl_tensor_220w_mtp,2,100,11669,195.45,70,1890,9251,3,16
1784680230.089,real_q6xl_tensor_220w_mtp,3,29,11669,202.75,67,1920,9251,3,16
1784680230.651,real_q6xl_tensor_220w_mtp,0,29,11669,167.91,61,1920,9251,3,16
1784680230.651,real_q6xl_tensor_220w_mtp,1,19,11669,181.06,65,1305,9251,3,16
1784680230.651,real_q6xl_tensor_220w_mtp,2,18,11669,173.26,69,1890,9251,3,16
1784680230.651,real_q6xl_tensor_220w_mtp,3,29,11669,178.48,68,1920,9251,3,16
1784680231.220,real_q6xl_tensor_220w_mtp,0,29,11669,175.58,63,1590,9251,3,16
1784680231.220,real_q6xl_tensor_220w_mtp,1,19,11669,191.12,67,1350,9251,3,16
1784680231.220,real_q6xl_tensor_220w_mtp,2,18,11669,183.17,72,1590,9251,3,16
1784680231.220,real_q6xl_tensor_220w_mtp,3,92,11669,190.48,68,1395,9251,3,16
1784680231.782,real_q6xl_tensor_220w_mtp,0,100,11669,207.98,63,1680,9251,3,16
1784680231.782,real_q6xl_tensor_220w_mtp,1,100,11669,208.14,67,1545,9251,3,16
1784680231.782,real_q6xl_tensor_220w_mtp,2,100,11669,206.52,72,1620,9251,3,16
1784680231.782,real_q6xl_tensor_220w_mtp,3,92,11669,212.36,68,1605,9251,3,16
1784680232.351,real_q6xl_tensor_220w_mtp,0,100,11669,200.23,64,1680,9251,3,16
1784680232.351,real_q6xl_tensor_220w_mtp,1,100,11669,202.58,68,1545,9251,3,16
1784680232.351,real_q6xl_tensor_220w_mtp,2,91,11669,201.19,72,1590,9251,3,16
1784680232.351,real_q6xl_tensor_220w_mtp,3,100,11669,204.12,69,1590,9251,3,16
1784680232.924,real_q6xl_tensor_220w_mtp,0,100,11669,197.41,63,1590,9251,3,16
1784680232.924,real_q6xl_tensor_220w_mtp,1,100,11669,203.82,68,1350,9251,3,16
1784680232.924,real_q6xl_tensor_220w_mtp,2,100,11669,200.75,72,1590,9251,3,16
1784680232.924,real_q6xl_tensor_220w_mtp,3,100,11669,204.11,69,1395,9251,3,16
1784680233.494,real_q6xl_tensor_220w_mtp,0,100,11669,192.61,63,1755,9251,3,16
1784680233.494,real_q6xl_tensor_220w_mtp,1,100,11669,197.84,66,1650,9251,3,16
1784680233.494,real_q6xl_tensor_220w_mtp,2,100,11669,194.51,70,1725,9251,3,16
1784680233.494,real_q6xl_tensor_220w_mtp,3,14,11669,198.62,67,1680,9251,3,16
1784680234.053,real_q6xl_tensor_220w_mtp,0,64,11669,164.02,62,1680,9251,3,16
1784680234.053,real_q6xl_tensor_220w_mtp,1,27,11669,175.84,65,1545,9251,3,16
1784680234.053,real_q6xl_tensor_220w_mtp,2,36,11669,170.50,71,1560,9251,3,16
1784680234.053,real_q6xl_tensor_220w_mtp,3,14,11669,179.65,68,1605,9251,3,16
1784680234.621,real_q6xl_tensor_220w_mtp,0,64,11669,175.78,63,1830,9251,3,16
1784680234.621,real_q6xl_tensor_220w_mtp,1,27,11669,187.89,67,1845,9251,3,16
1784680234.621,real_q6xl_tensor_220w_mtp,2,36,11669,182.91,71,1680,9251,3,16
1784680234.621,real_q6xl_tensor_220w_mtp,3,42,11669,188.47,68,1845,9251,3,16
1784680235.179,real_q6xl_tensor_220w_mtp,0,100,11669,203.73,63,1530,9251,3,16
1784680235.179,real_q6xl_tensor_220w_mtp,1,100,11669,206.16,67,1515,9251,3,16
1784680235.179,real_q6xl_tensor_220w_mtp,2,100,11669,206.42,72,1455,9251,3,16
1784680235.179,real_q6xl_tensor_220w_mtp,3,42,11669,209.54,69,1560,9251,3,16
1784680235.775,real_q6xl_tensor_220w_mtp,0,100,11669,204.56,63,1545,9251,3,16
1784680235.775,real_q6xl_tensor_220w_mtp,1,100,11669,210.52,67,1455,9251,3,16
1784680235.775,real_q6xl_tensor_220w_mtp,2,100,11669,206.73,72,1605,9251,3,16
1784680235.775,real_q6xl_tensor_220w_mtp,3,100,11669,210.48,68,1515,9251,3,16
1784680236.343,real_q6xl_tensor_220w_mtp,0,100,11669,198.86,63,1680,9251,3,16
1784680236.343,real_q6xl_tensor_220w_mtp,1,100,11669,204.01,67,1575,9251,3,16
1784680236.343,real_q6xl_tensor_220w_mtp,2,100,11669,199.57,72,1605,9251,3,16
1784680236.343,real_q6xl_tensor_220w_mtp,3,100,11669,204.21,68,1635,9251,3,16
1784680236.912,real_q6xl_tensor_220w_mtp,0,100,11669,193.57,62,1905,9251,3,16
1784680236.912,real_q6xl_tensor_220w_mtp,1,100,11669,194.06,65,1890,9251,3,16
1784680236.912,real_q6xl_tensor_220w_mtp,2,100,11669,191.23,70,1875,9251,3,16
1784680236.912,real_q6xl_tensor_220w_mtp,3,35,11669,195.22,67,1890,9251,3,16
1784680237.475,real_q6xl_tensor_220w_mtp,0,97,11669,168.30,63,1650,9251,3,16
1784680237.475,real_q6xl_tensor_220w_mtp,1,100,11669,178.63,66,1410,9251,3,16
1784680237.475,real_q6xl_tensor_220w_mtp,2,100,11669,172.41,71,1605,9251,3,16
1784680237.475,real_q6xl_tensor_220w_mtp,3,27,11669,177.62,67,1470,9251,3,16
1784680238.046,real_q6xl_tensor_220w_mtp,0,97,11669,177.51,61,1905,9251,3,16
1784680238.046,real_q6xl_tensor_220w_mtp,1,100,11669,189.98,66,1560,9251,3,16
1784680238.046,real_q6xl_tensor_220w_mtp,2,100,11669,187.89,70,1875,9251,3,16
1784680238.046,real_q6xl_tensor_220w_mtp,3,28,11669,184.28,66,1605,9251,3,16
1784680238.641,real_q6xl_tensor_220w_mtp,0,100,11669,207.01,64,1455,9251,3,16
1784680238.641,real_q6xl_tensor_220w_mtp,1,100,11669,207.04,67,1395,9251,3,16
1784680238.641,real_q6xl_tensor_220w_mtp,2,100,11669,207.46,72,1455,9251,3,16
1784680238.641,real_q6xl_tensor_220w_mtp,3,28,11669,208.32,68,1425,9251,3,16
1784680239.203,real_q6xl_tensor_220w_mtp,0,100,11669,207.72,63,1665,9251,3,16
1784680239.203,real_q6xl_tensor_220w_mtp,1,100,11669,207.81,68,1560,9251,3,16
1784680239.203,real_q6xl_tensor_220w_mtp,2,100,11669,207.43,72,1560,9251,3,16
1784680239.203,real_q6xl_tensor_220w_mtp,3,100,11669,208.81,69,1590,9251,3,16
1784680239.773,real_q6xl_tensor_220w_mtp,0,100,11669,198.15,63,1530,9251,3,16
1784680239.773,real_q6xl_tensor_220w_mtp,1,100,11669,204.70,67,1500,9251,3,16
1784680239.773,real_q6xl_tensor_220w_mtp,2,100,11669,205.55,72,1620,9251,3,16
1784680239.773,real_q6xl_tensor_220w_mtp,3,100,11669,202.16,68,1545,9251,3,16
1784680240.341,real_q6xl_tensor_220w_mtp,0,24,11669,186.86,61,1860,9251,3,16
1784680240.341,real_q6xl_tensor_220w_mtp,1,29,11669,190.81,65,1770,9251,3,16
1784680240.341,real_q6xl_tensor_220w_mtp,2,39,11669,189.18,70,1830,9251,3,16
1784680240.341,real_q6xl_tensor_220w_mtp,3,35,11669,192.21,67,1800,9251,3,16
1784680240.921,real_q6xl_tensor_220w_mtp,0,100,11669,168.73,63,1530,9251,3,16
1784680240.921,real_q6xl_tensor_220w_mtp,1,100,11669,177.77,67,1515,9251,3,16
1784680240.921,real_q6xl_tensor_220w_mtp,2,100,11669,172.49,71,1455,9251,3,16
1784680240.921,real_q6xl_tensor_220w_mtp,3,35,11669,177.53,67,1575,9251,3,16
1784680241.489,real_q6xl_tensor_220w_mtp,0,100,11669,177.61,61,1500,9251,3,16
1784680241.489,real_q6xl_tensor_220w_mtp,1,100,11669,191.98,67,1440,9251,3,16
1784680241.489,real_q6xl_tensor_220w_mtp,2,100,11669,188.54,70,1590,9251,3,16
1784680241.489,real_q6xl_tensor_220w_mtp,3,25,11669,184.62,68,1470,9251,3,16
1784680242.062,real_q6xl_tensor_220w_mtp,0,100,11669,205.15,63,1725,9251,3,16
1784680242.062,real_q6xl_tensor_220w_mtp,1,100,11669,207.20,67,1740,9251,3,16
1784680242.062,real_q6xl_tensor_220w_mtp,2,100,11669,206.45,72,1650,9251,3,16
1784680242.062,real_q6xl_tensor_220w_mtp,3,25,11669,208.85,67,1755,9251,3,16
1784680242.622,real_q6xl_tensor_220w_mtp,0,100,11669,203.67,63,1680,9251,3,16
1784680242.622,real_q6xl_tensor_220w_mtp,1,100,11669,207.83,67,1545,9251,3,16
1784680242.622,real_q6xl_tensor_220w_mtp,2,100,11669,204.94,72,1605,9251,3,16
1784680242.622,real_q6xl_tensor_220w_mtp,3,100,11669,207.94,69,1590,9251,3,16
1784680243.214,real_q6xl_tensor_220w_mtp,0,100,11669,199.30,63,1500,9251,3,16
1784680243.214,real_q6xl_tensor_220w_mtp,1,100,11669,205.27,67,1425,9251,3,16
1784680243.214,real_q6xl_tensor_220w_mtp,2,100,11669,205.31,72,1410,9251,3,16
1784680243.214,real_q6xl_tensor_220w_mtp,3,100,11669,210.20,68,1470,9251,3,16
1784680243.785,real_q6xl_tensor_220w_mtp,0,100,11669,188.49,62,1890,9251,3,16
1784680243.785,real_q6xl_tensor_220w_mtp,1,100,11669,188.75,65,1875,9251,3,16
1784680243.785,real_q6xl_tensor_220w_mtp,2,100,11669,184.84,69,1815,9251,3,16
1784680243.785,real_q6xl_tensor_220w_mtp,3,37,11669,193.93,67,1875,9251,3,16
1784680244.342,real_q6xl_tensor_220w_mtp,0,100,11669,169.49,63,1695,9251,3,16
1784680244.342,real_q6xl_tensor_220w_mtp,1,100,11669,179.15,67,1545,9251,3,16
1784680244.342,real_q6xl_tensor_220w_mtp,2,100,11669,171.01,71,1620,9251,3,16
1784680244.342,real_q6xl_tensor_220w_mtp,3,98,11669,180.12,68,1590,9251,3,16
1784680244.911,real_q6xl_tensor_220w_mtp,0,100,11669,178.10,62,1560,9251,3,16
1784680244.911,real_q6xl_tensor_220w_mtp,1,100,11669,191.74,68,1485,9251,3,16
1784680244.911,real_q6xl_tensor_220w_mtp,2,100,11669,186.62,72,1590,9251,3,16
1784680244.911,real_q6xl_tensor_220w_mtp,3,91,11669,196.09,67,1545,9251,3,16
1784680245.480,real_q6xl_tensor_220w_mtp,0,100,11669,205.30,63,1755,9251,3,16
1784680245.480,real_q6xl_tensor_220w_mtp,1,78,11669,205.03,67,1785,9251,3,16
1784680245.480,real_q6xl_tensor_220w_mtp,2,62,11669,201.90,72,1665,9251,3,16
1784680245.480,real_q6xl_tensor_220w_mtp,3,91,11669,208.09,68,1800,9251,3,16
1784680246.040,real_q6xl_tensor_220w_mtp,0,100,11669,205.71,63,1575,9251,3,16
1784680246.040,real_q6xl_tensor_220w_mtp,1,78,11669,206.91,67,1350,9251,3,16
1784680246.040,real_q6xl_tensor_220w_mtp,2,62,11669,204.17,72,1605,9251,3,16
1784680246.040,real_q6xl_tensor_220w_mtp,3,100,11669,209.54,68,1395,9251,3,16
1784680246.610,real_q6xl_tensor_220w_mtp,0,100,11669,199.17,63,1680,9251,3,16
1784680246.610,real_q6xl_tensor_220w_mtp,1,100,11669,203.21,67,1575,9251,3,16
1784680246.610,real_q6xl_tensor_220w_mtp,2,100,11669,204.34,72,1425,9251,3,16
1784680246.610,real_q6xl_tensor_220w_mtp,3,100,11669,209.48,68,1605,9251,3,16
1784680247.179,real_q6xl_tensor_220w_mtp,0,100,11669,185.00,62,1755,9251,3,16
1784680247.179,real_q6xl_tensor_220w_mtp,1,100,11669,189.91,65,1830,9251,3,16
1784680247.179,real_q6xl_tensor_220w_mtp,2,100,11669,186.19,69,1650,9251,3,16
1784680247.179,real_q6xl_tensor_220w_mtp,3,21,11669,190.94,67,1830,9251,3,16
1784680247.738,real_q6xl_tensor_220w_mtp,0,100,11669,166.03,62,1665,9251,3,16
1784680247.738,real_q6xl_tensor_220w_mtp,1,100,11669,178.89,67,1545,9251,3,16
1784680247.738,real_q6xl_tensor_220w_mtp,2,100,11669,168.82,71,1620,9251,3,16
1784680247.738,real_q6xl_tensor_220w_mtp,3,92,11669,178.59,68,1590,9251,3,16
1784680248.310,real_q6xl_tensor_220w_mtp,0,100,11669,180.75,61,1590,9251,3,16
1784680248.310,real_q6xl_tensor_220w_mtp,1,100,11669,186.09,68,1500,9251,3,16
1784680248.310,real_q6xl_tensor_220w_mtp,2,93,11669,182.02,71,1740,9251,3,16
1784680248.310,real_q6xl_tensor_220w_mtp,3,80,11669,194.06,67,1545,9251,3,16
1784680248.879,real_q6xl_tensor_220w_mtp,0,100,11669,204.43,63,1740,9251,3,16
1784680248.879,real_q6xl_tensor_220w_mtp,1,100,11669,206.27,67,1605,9251,3,16
1784680248.879,real_q6xl_tensor_220w_mtp,2,94,11669,205.68,71,1680,9251,3,16
1784680248.879,real_q6xl_tensor_220w_mtp,3,80,11669,208.06,69,1650,9251,3,16
1784680249.467,real_q6xl_tensor_220w_mtp,0,100,11669,198.29,63,1500,9251,3,16
1784680249.467,real_q6xl_tensor_220w_mtp,1,100,11669,201.97,68,1425,9251,3,16
1784680249.467,real_q6xl_tensor_220w_mtp,2,94,11669,200.42,72,1605,9251,3,16
1784680249.467,real_q6xl_tensor_220w_mtp,3,100,11669,208.66,68,1440,9251,3,16
1784680250.061,real_q6xl_tensor_220w_mtp,0,42,11669,203.79,63,1470,9251,3,16
1784680250.061,real_q6xl_tensor_220w_mtp,1,89,11669,208.91,67,1560,9251,3,16
1784680250.061,real_q6xl_tensor_220w_mtp,2,95,11669,208.81,72,1440,9251,3,16
1784680250.061,real_q6xl_tensor_220w_mtp,3,100,11669,206.92,68,1440,9251,3,16
1784680250.653,real_q6xl_tensor_220w_mtp,0,28,11669,183.12,61,1875,9251,3,16
1784680250.653,real_q6xl_tensor_220w_mtp,1,23,11669,189.45,66,1845,9251,3,16
1784680250.653,real_q6xl_tensor_220w_mtp,2,33,11669,188.53,71,1800,9251,3,16
1784680250.653,real_q6xl_tensor_220w_mtp,3,100,11669,190.73,66,1800,9251,3,16
1784680251.212,real_q6xl_tensor_220w_mtp,0,28,11669,165.90,63,1665,9251,3,16
1784680251.212,real_q6xl_tensor_220w_mtp,1,23,11669,176.80,66,1575,9251,3,16
1784680251.212,real_q6xl_tensor_220w_mtp,2,33,11669,171.17,72,1605,9251,3,16
1784680251.212,real_q6xl_tensor_220w_mtp,3,100,11669,178.25,68,1605,9251,3,16
1784680251.783,real_q6xl_tensor_220w_mtp,0,25,11669,179.59,63,1545,9251,3,16
1784680251.783,real_q6xl_tensor_220w_mtp,1,60,11669,192.50,67,1485,9251,3,16
1784680251.783,real_q6xl_tensor_220w_mtp,2,68,11669,190.04,72,1410,9251,3,16
1784680251.783,real_q6xl_tensor_220w_mtp,3,100,11669,193.18,68,1530,9251,3,16
1784680252.372,real_q6xl_tensor_220w_mtp,0,100,11669,204.82,62,1875,9251,3,16
1784680252.372,real_q6xl_tensor_220w_mtp,1,100,11669,203.61,66,1860,9251,3,16
1784680252.372,real_q6xl_tensor_220w_mtp,2,58,11669,200.77,72,1830,9251,3,16
1784680252.372,real_q6xl_tensor_220w_mtp,3,30,11669,208.62,68,1875,9251,3,16
1784680252.956,real_q6xl_tensor_220w_mtp,0,100,11669,204.96,63,1680,9251,3,16
1784680252.956,real_q6xl_tensor_220w_mtp,1,100,11669,205.39,67,1560,9251,3,16
1784680252.956,real_q6xl_tensor_220w_mtp,2,58,11669,207.08,72,1620,9251,3,16
1784680252.956,real_q6xl_tensor_220w_mtp,3,100,11669,206.89,68,1590,9251,3,16
1784680253.527,real_q6xl_tensor_220w_mtp,0,100,11669,206.77,63,1530,9251,3,16
1784680253.527,real_q6xl_tensor_220w_mtp,1,100,11669,203.78,67,1455,9251,3,16
1784680253.527,real_q6xl_tensor_220w_mtp,2,100,11669,205.23,72,1590,9251,3,16
1784680253.527,real_q6xl_tensor_220w_mtp,3,100,11669,209.70,68,1515,9251,3,16
1784680254.097,real_q6xl_tensor_220w_mtp,0,21,11669,183.54,61,1875,9251,3,16
1784680254.097,real_q6xl_tensor_220w_mtp,1,37,11669,191.95,65,1875,9251,3,16
1784680254.097,real_q6xl_tensor_220w_mtp,2,100,11669,184.87,69,1845,9251,3,16
1784680254.097,real_q6xl_tensor_220w_mtp,3,23,11669,188.78,66,1875,9251,3,16
1784680254.680,real_q6xl_tensor_220w_mtp,0,21,11669,166.68,62,1665,9251,3,16
1784680254.680,real_q6xl_tensor_220w_mtp,1,37,11669,177.36,66,1545,9251,3,16
1784680254.680,real_q6xl_tensor_220w_mtp,2,100,11669,170.73,71,1620,9251,3,16
1784680254.680,real_q6xl_tensor_220w_mtp,3,23,11669,177.96,67,1590,9251,3,16
1784680255.251,real_q6xl_tensor_220w_mtp,0,47,11669,184.67,63,1545,9251,3,16
1784680255.251,real_q6xl_tensor_220w_mtp,1,29,11669,184.61,66,1350,9251,3,16
1784680255.251,real_q6xl_tensor_220w_mtp,2,100,11669,181.11,69,1560,9251,3,16
1784680255.251,real_q6xl_tensor_220w_mtp,3,63,11669,192.83,68,1395,9251,3,16
1784680255.819,real_q6xl_tensor_220w_mtp,0,47,11669,199.71,63,1665,9251,3,16
1784680255.819,real_q6xl_tensor_220w_mtp,1,100,11669,206.37,68,1620,9251,3,16
1784680255.819,real_q6xl_tensor_220w_mtp,2,100,11669,203.97,72,1545,9251,3,16
1784680255.819,real_q6xl_tensor_220w_mtp,3,100,11669,206.02,68,1680,9251,3,16
1784680256.383,real_q6xl_tensor_220w_mtp,0,100,11669,202.64,63,1665,9251,3,16
1784680256.383,real_q6xl_tensor_220w_mtp,1,100,11669,205.33,67,1560,9251,3,16
1784680256.383,real_q6xl_tensor_220w_mtp,2,100,11669,205.12,72,1605,9251,3,16
1784680256.383,real_q6xl_tensor_220w_mtp,3,100,11669,206.26,68,1605,9251,3,16
1784680256.973,real_q6xl_tensor_220w_mtp,0,100,11669,198.88,63,1455,9251,3,16
1784680256.973,real_q6xl_tensor_220w_mtp,1,100,11669,206.01,67,1380,9251,3,16
1784680256.973,real_q6xl_tensor_220w_mtp,2,100,11669,206.50,72,1440,9251,3,16
1784680256.973,real_q6xl_tensor_220w_mtp,3,100,11669,203.08,68,1425,9251,3,16
1784680257.541,real_q6xl_tensor_220w_mtp,0,100,11669,184.22,62,1875,9251,3,16
1784680257.541,real_q6xl_tensor_220w_mtp,1,27,11669,188.58,65,1860,9251,3,16
1784680257.541,real_q6xl_tensor_220w_mtp,2,100,11669,181.14,69,1755,9251,3,16
1784680257.541,real_q6xl_tensor_220w_mtp,3,27,11669,190.86,68,1875,9251,3,16
1784680258.161,real_q6xl_tensor_220w_mtp,0,100,11669,164.36,63,1500,9251,3,16
1784680258.161,real_q6xl_tensor_220w_mtp,1,66,11669,175.13,67,1575,9251,3,16
1784680258.161,real_q6xl_tensor_220w_mtp,2,100,11669,160.13,71,1470,9251,3,16
1784680258.161,real_q6xl_tensor_220w_mtp,3,92,11669,176.50,67,1440,9251,3,16
1784680258.734,real_q6xl_tensor_220w_mtp,0,100,11669,182.79,61,1590,9251,3,16
1784680258.734,real_q6xl_tensor_220w_mtp,1,31,11669,184.69,65,1470,9251,3,16
1784680258.734,real_q6xl_tensor_220w_mtp,2,100,11669,174.71,70,1470,9251,3,16
1784680258.734,real_q6xl_tensor_220w_mtp,3,61,11669,193.35,68,1530,9251,3,16
1784680259.302,real_q6xl_tensor_220w_mtp,0,100,11669,203.16,63,1650,9251,3,16
1784680259.302,real_q6xl_tensor_220w_mtp,1,31,11669,204.30,67,1560,9251,3,16
1784680259.302,real_q6xl_tensor_220w_mtp,2,100,11669,204.43,71,1590,9251,3,16
1784680259.302,real_q6xl_tensor_220w_mtp,3,61,11669,204.52,68,1590,9251,3,16
1784680259.865,real_q6xl_tensor_220w_mtp,0,100,11669,205.04,63,1455,9251,3,16
1784680259.865,real_q6xl_tensor_220w_mtp,1,100,11669,203.73,67,1365,9251,3,16
1784680259.865,real_q6xl_tensor_220w_mtp,2,100,11669,207.36,72,1605,9251,3,16
1784680259.865,real_q6xl_tensor_220w_mtp,3,100,11669,204.56,68,1395,9251,3,16
1784680260.437,real_q6xl_tensor_220w_mtp,0,100,11669,200.79,63,1665,9251,3,16
1784680260.437,real_q6xl_tensor_220w_mtp,1,100,11669,206.05,67,1530,9251,3,16
1784680260.437,real_q6xl_tensor_220w_mtp,2,100,11669,199.80,72,1620,9251,3,16
1784680260.437,real_q6xl_tensor_220w_mtp,3,100,11669,202.17,68,1560,9251,3,16
1784680261.030,real_q6xl_tensor_220w_mtp,0,100,11669,185.19,62,1920,9251,3,16
1784680261.030,real_q6xl_tensor_220w_mtp,1,22,11669,191.45,65,1905,9251,3,16
1784680261.030,real_q6xl_tensor_220w_mtp,2,100,11669,191.47,69,1890,9251,3,16
1784680261.030,real_q6xl_tensor_220w_mtp,3,15,11669,188.95,67,1920,9251,3,16
1784680261.591,real_q6xl_tensor_220w_mtp,0,52,11669,165.43,62,1455,9251,3,16
1784680261.591,real_q6xl_tensor_220w_mtp,1,22,11669,173.54,67,1350,9251,3,16
1784680261.591,real_q6xl_tensor_220w_mtp,2,100,11669,170.52,71,1440,9251,3,16
1784680261.591,real_q6xl_tensor_220w_mtp,3,15,11669,175.83,67,1410,9251,3,16
1784680262.160,real_q6xl_tensor_220w_mtp,0,52,11669,182.33,62,1875,9251,3,16
1784680262.160,real_q6xl_tensor_220w_mtp,1,100,11669,189.24,67,1845,9251,3,16
1784680262.160,real_q6xl_tensor_220w_mtp,2,100,11669,182.53,71,1830,9251,3,16
1784680262.160,real_q6xl_tensor_220w_mtp,3,76,11669,192.17,67,1860,9251,3,16
1784680262.717,real_q6xl_tensor_220w_mtp,0,100,11669,201.03,63,1455,9251,3,16
1784680262.717,real_q6xl_tensor_220w_mtp,1,100,11669,206.12,67,1395,9251,3,16
1784680262.717,real_q6xl_tensor_220w_mtp,2,100,11669,203.32,71,1425,9251,3,16
1784680262.717,real_q6xl_tensor_220w_mtp,3,76,11669,207.17,68,1425,9251,3,16
1784680263.285,real_q6xl_tensor_220w_mtp,0,100,11669,199.38,63,1665,9251,3,16
1784680263.285,real_q6xl_tensor_220w_mtp,1,100,11669,205.85,67,1530,9251,3,16
1784680263.285,real_q6xl_tensor_220w_mtp,2,100,11669,206.55,72,1620,9251,3,16
1784680263.285,real_q6xl_tensor_220w_mtp,3,100,11669,207.52,68,1560,9251,3,16
1784680263.871,real_q6xl_tensor_220w_mtp,0,100,11669,198.89,63,1680,9251,3,16
1784680263.871,real_q6xl_tensor_220w_mtp,1,100,11669,200.10,67,1560,9251,3,16
1784680263.871,real_q6xl_tensor_220w_mtp,2,100,11669,200.26,71,1605,9251,3,16
1784680263.871,real_q6xl_tensor_220w_mtp,3,100,11669,201.06,68,1605,9251,3,16
1784680264.442,real_q6xl_tensor_220w_mtp,0,100,11669,191.86,63,1455,9251,3,16
1784680264.442,real_q6xl_tensor_220w_mtp,1,8,11669,196.68,65,1575,9251,3,16
1784680264.442,real_q6xl_tensor_220w_mtp,2,100,11669,196.75,69,1425,9251,3,16
1784680264.442,real_q6xl_tensor_220w_mtp,3,100,11669,196.31,67,1605,9251,3,16
1784680265.022,real_q6xl_tensor_220w_mtp,0,22,11669,165.55,61,1920,9251,3,16
1784680265.022,real_q6xl_tensor_220w_mtp,1,8,11669,177.17,65,1905,9251,3,16
1784680265.022,real_q6xl_tensor_220w_mtp,2,21,11669,167.62,69,1905,9251,3,16
1784680265.022,real_q6xl_tensor_220w_mtp,3,45,11669,176.20,66,1920,9251,3,16
1784680265.588,real_q6xl_tensor_220w_mtp,0,22,11669,177.22,63,1440,9251,3,16
1784680265.588,real_q6xl_tensor_220w_mtp,1,100,11669,183.78,67,1350,9251,3,16
1784680265.588,real_q6xl_tensor_220w_mtp,2,21,11669,183.53,72,1425,9251,3,16
1784680265.588,real_q6xl_tensor_220w_mtp,3,45,11669,186.31,68,1395,9251,3,16
1784680266.156,real_q6xl_tensor_220w_mtp,0,100,11669,203.03,63,1650,9251,3,16
1784680266.156,real_q6xl_tensor_220w_mtp,1,100,11669,203.80,67,1530,9251,3,16
1784680266.156,real_q6xl_tensor_220w_mtp,2,100,11669,204.71,71,1530,9251,3,16
1784680266.156,real_q6xl_tensor_220w_mtp,3,100,11669,208.04,68,1560,9251,3,16
1784680266.744,real_q6xl_tensor_220w_mtp,0,100,11669,198.15,63,1650,9251,3,16
1784680266.744,real_q6xl_tensor_220w_mtp,1,100,11669,200.91,67,1575,9251,3,16
1784680266.744,real_q6xl_tensor_220w_mtp,2,100,11669,198.62,71,1440,9251,3,16
1784680266.744,real_q6xl_tensor_220w_mtp,3,100,11669,202.22,68,1455,9251,3,16
1784680267.312,real_q6xl_tensor_220w_mtp,0,36,11669,197.43,63,1500,9251,3,16
1784680267.312,real_q6xl_tensor_220w_mtp,1,100,11669,198.31,67,1440,9251,3,16
1784680267.312,real_q6xl_tensor_220w_mtp,2,90,11669,199.61,72,1395,9251,3,16
1784680267.312,real_q6xl_tensor_220w_mtp,3,100,11669,199.50,68,1515,9251,3,16
1784680267.884,real_q6xl_tensor_220w_mtp,0,95,11669,202.50,62,1905,9251,3,16
1784680267.884,real_q6xl_tensor_220w_mtp,1,43,11669,201.19,66,1890,9251,3,16
1784680267.884,real_q6xl_tensor_220w_mtp,2,90,11669,198.99,72,1860,9251,3,16
1784680267.884,real_q6xl_tensor_220w_mtp,3,100,11669,206.76,68,1890,9251,3,16
1784680268.451,real_q6xl_tensor_220w_mtp,0,19,11669,174.02,61,1905,9251,3,16
1784680268.451,real_q6xl_tensor_220w_mtp,1,30,11669,188.08,67,1890,9251,3,16
1784680268.451,real_q6xl_tensor_220w_mtp,2,38,11669,180.31,70,1890,9251,3,16
1784680268.451,real_q6xl_tensor_220w_mtp,3,38,11669,183.59,66,1890,9251,3,16
1784680269.018,real_q6xl_tensor_220w_mtp,0,19,11669,176.43,63,1560,9251,3,16
1784680269.018,real_q6xl_tensor_220w_mtp,1,100,11669,181.64,67,1335,9251,3,16
1784680269.018,real_q6xl_tensor_220w_mtp,2,38,11669,175.62,72,1575,9251,3,16
1784680269.018,real_q6xl_tensor_220w_mtp,3,38,11669,184.19,68,1380,9251,3,16
1784680269.589,real_q6xl_tensor_220w_mtp,0,100,11669,197.58,63,1485,9251,3,16
1784680269.589,real_q6xl_tensor_220w_mtp,1,100,11669,202.18,67,1320,9251,3,16
1784680269.589,real_q6xl_tensor_220w_mtp,2,100,11669,205.84,72,1560,9251,3,16
1784680269.589,real_q6xl_tensor_220w_mtp,3,100,11669,199.22,68,1380,9251,3,16
1784680270.157,real_q6xl_tensor_220w_mtp,0,100,11669,196.65,62,1635,9251,3,16
1784680270.157,real_q6xl_tensor_220w_mtp,1,58,11669,197.95,67,1560,9251,3,16
1784680270.157,real_q6xl_tensor_220w_mtp,2,100,11669,202.99,71,1590,9251,3,16
1784680270.157,real_q6xl_tensor_220w_mtp,3,100,11669,198.89,68,1590,9251,3,16
1784680270.726,real_q6xl_tensor_220w_mtp,0,46,11669,193.76,63,1860,9251,3,16
1784680270.726,real_q6xl_tensor_220w_mtp,1,58,11669,201.31,66,1845,9251,3,16
1784680270.726,real_q6xl_tensor_220w_mtp,2,71,11669,202.93,70,1845,9251,3,16
1784680270.726,real_q6xl_tensor_220w_mtp,3,36,11669,198.37,68,1860,9251,3,16
1784680271.283,real_q6xl_tensor_220w_mtp,0,46,11669,199.85,63,1635,9251,3,16
1784680271.283,real_q6xl_tensor_220w_mtp,1,100,11669,202.25,67,1545,9251,3,16
1784680271.283,real_q6xl_tensor_220w_mtp,2,71,11669,203.32,71,1425,9251,3,16
1784680271.283,real_q6xl_tensor_220w_mtp,3,36,11669,204.46,68,1395,9251,3,16
1784680271.850,real_q6xl_tensor_220w_mtp,0,37,11669,182.64,62,1740,9251,3,16
1784680271.850,real_q6xl_tensor_220w_mtp,1,30,11669,184.04,65,1815,9251,3,16
1784680271.850,real_q6xl_tensor_220w_mtp,2,30,11669,181.25,70,1350,9251,3,16
1784680271.850,real_q6xl_tensor_220w_mtp,3,39,11669,191.24,66,1815,9251,3,16
1784680272.409,real_q6xl_tensor_220w_mtp,0,37,11669,163.91,62,1680,9251,3,16
1784680272.409,real_q6xl_tensor_220w_mtp,1,100,11669,173.96,67,1530,9251,3,16
1784680272.409,real_q6xl_tensor_220w_mtp,2,30,11669,168.01,71,1575,9251,3,16
1784680272.409,real_q6xl_tensor_220w_mtp,3,39,11669,175.22,67,1575,9251,3,16
1784680272.977,real_q6xl_tensor_220w_mtp,0,71,11669,187.66,63,1485,9251,3,16
1784680272.977,real_q6xl_tensor_220w_mtp,1,100,11669,193.95,66,1320,9251,3,16
1784680272.977,real_q6xl_tensor_220w_mtp,2,100,11669,194.65,72,1485,9251,3,16
1784680272.977,real_q6xl_tensor_220w_mtp,3,84,11669,190.05,68,1395,9251,3,16
1784680273.545,real_q6xl_tensor_220w_mtp,0,71,11669,201.86,63,1815,9251,3,16
1784680273.545,real_q6xl_tensor_220w_mtp,1,100,11669,202.69,67,1770,9251,3,16
1784680273.545,real_q6xl_tensor_220w_mtp,2,100,11669,209.99,72,1800,9251,3,16
1784680273.545,real_q6xl_tensor_220w_mtp,3,84,11669,201.96,67,1785,9251,3,16
1784680274.104,real_q6xl_tensor_220w_mtp,0,100,11669,202.38,63,1485,9251,3,16
1784680274.104,real_q6xl_tensor_220w_mtp,1,100,11669,201.79,67,1335,9251,3,16
1784680274.104,real_q6xl_tensor_220w_mtp,2,100,11669,209.46,72,1620,9251,3,16
1784680274.104,real_q6xl_tensor_220w_mtp,3,100,11669,202.77,68,1365,9251,3,16
1784680274.674,real_q6xl_tensor_220w_mtp,0,100,11669,198.74,63,1515,9251,3,16
1784680274.674,real_q6xl_tensor_220w_mtp,1,100,11669,203.74,67,1350,9251,3,16
1784680274.674,real_q6xl_tensor_220w_mtp,2,100,11669,210.51,72,1560,9251,3,16
1784680274.674,real_q6xl_tensor_220w_mtp,3,100,11669,200.52,68,1380,9251,3,16
1784680275.261,real_q6xl_tensor_220w_mtp,0,39,11669,184.30,61,1860,9251,3,16
1784680275.261,real_q6xl_tensor_220w_mtp,1,100,11669,189.02,65,1455,9251,3,16
1784680275.261,real_q6xl_tensor_220w_mtp,2,40,11669,191.88,70,1890,9251,3,16
1784680275.261,real_q6xl_tensor_220w_mtp,3,22,11669,189.58,66,1920,9251,3,16
1784680275.825,real_q6xl_tensor_220w_mtp,0,61,11669,164.02,61,1440,9251,3,16
1784680275.825,real_q6xl_tensor_220w_mtp,1,60,11669,174.60,66,1350,9251,3,16
1784680275.825,real_q6xl_tensor_220w_mtp,2,45,11669,171.78,71,1440,9251,3,16
1784680275.825,real_q6xl_tensor_220w_mtp,3,24,11669,174.88,67,1410,9251,3,16
1784680276.396,real_q6xl_tensor_220w_mtp,0,100,11669,178.50,62,1875,9251,3,16
1784680276.396,real_q6xl_tensor_220w_mtp,1,60,11669,186.45,66,1845,9251,3,16
1784680276.396,real_q6xl_tensor_220w_mtp,2,73,11669,182.79,70,1845,9251,3,16
1784680276.396,real_q6xl_tensor_220w_mtp,3,34,11669,186.73,68,1860,9251,3,16
1784680276.980,real_q6xl_tensor_220w_mtp,0,100,11669,201.28,63,1500,9251,3,16
1784680276.980,real_q6xl_tensor_220w_mtp,1,100,11669,202.61,67,1320,9251,3,16
1784680276.980,real_q6xl_tensor_220w_mtp,2,73,11669,206.79,72,1560,9251,3,16
1784680276.980,real_q6xl_tensor_220w_mtp,3,34,11669,204.16,68,1365,9251,3,16
1784680277.575,real_q6xl_tensor_220w_mtp,0,100,11669,203.74,63,1665,9251,3,16
1784680277.575,real_q6xl_tensor_220w_mtp,1,100,11669,205.21,67,1515,9251,3,16
1784680277.575,real_q6xl_tensor_220w_mtp,2,100,11669,211.60,72,1620,9251,3,16
1784680277.575,real_q6xl_tensor_220w_mtp,3,100,11669,204.14,68,1560,9251,3,16
1784680278.144,real_q6xl_tensor_220w_mtp,0,100,11669,200.09,63,1650,9251,3,16
1784680278.144,real_q6xl_tensor_220w_mtp,1,100,11669,197.63,67,1515,9251,3,16
1784680278.144,real_q6xl_tensor_220w_mtp,2,100,11669,204.96,72,1620,9251,3,16
1784680278.144,real_q6xl_tensor_220w_mtp,3,100,11669,198.42,68,1560,9251,3,16
1784680278.713,real_q6xl_tensor_220w_mtp,0,50,11669,204.17,61,1920,9251,3,16
1784680278.713,real_q6xl_tensor_220w_mtp,1,54,11669,195.73,65,1905,9251,3,16
1784680278.713,real_q6xl_tensor_220w_mtp,2,2,11669,203.91,70,1905,9251,3,16
1784680278.713,real_q6xl_tensor_220w_mtp,3,17,11669,192.82,66,1920,9251,3,16
1784680279.275,real_q6xl_tensor_220w_mtp,0,50,11669,172.10,60,1920,9251,3,16
1784680279.275,real_q6xl_tensor_220w_mtp,1,21,11669,173.49,65,1905,9251,3,16
1784680279.275,real_q6xl_tensor_220w_mtp,2,2,11669,172.63,70,1905,9251,3,16
1784680279.275,real_q6xl_tensor_220w_mtp,3,17,11669,177.38,65,1920,9251,3,16
1784680279.834,real_q6xl_tensor_220w_mtp,0,100,11669,180.33,63,1665,9251,3,16
1784680279.834,real_q6xl_tensor_220w_mtp,1,100,11669,184.66,67,1515,9251,3,16
1784680279.834,real_q6xl_tensor_220w_mtp,2,100,11669,179.13,72,1590,9251,3,16
1784680279.834,real_q6xl_tensor_220w_mtp,3,100,11669,185.04,68,1560,9251,3,16
1784680280.423,real_q6xl_tensor_220w_mtp,0,100,11669,212.67,63,1620,9251,3,16
1784680280.423,real_q6xl_tensor_220w_mtp,1,100,11669,204.21,67,1350,9251,3,16
1784680280.423,real_q6xl_tensor_220w_mtp,2,100,11669,209.62,72,1620,9251,3,16
1784680280.423,real_q6xl_tensor_220w_mtp,3,100,11669,207.66,68,1395,9251,3,16
1784680281.018,real_q6xl_tensor_220w_mtp,0,100,11669,202.32,63,1665,9251,3,16
1784680281.018,real_q6xl_tensor_220w_mtp,1,100,11669,198.20,67,1530,9251,3,16
1784680281.018,real_q6xl_tensor_220w_mtp,2,100,11669,202.89,72,1620,9251,3,16
1784680281.018,real_q6xl_tensor_220w_mtp,3,100,11669,198.71,68,1560,9251,3,16
1784680281.609,real_q6xl_tensor_220w_mtp,0,100,11669,202.99,62,1605,9251,3,16
1784680281.609,real_q6xl_tensor_220w_mtp,1,41,11669,200.16,67,1380,9251,3,16
1784680281.609,real_q6xl_tensor_220w_mtp,2,100,11669,203.69,72,1560,9251,3,16
1784680281.609,real_q6xl_tensor_220w_mtp,3,100,11669,199.99,66,1395,9251,3,16
1784680282.180,real_q6xl_tensor_220w_mtp,0,100,11669,213.03,63,1635,9251,3,16
1784680282.180,real_q6xl_tensor_220w_mtp,1,41,11669,205.53,67,1335,9251,3,16
1784680282.180,real_q6xl_tensor_220w_mtp,2,97,11669,208.86,72,1620,9251,3,16
1784680282.180,real_q6xl_tensor_220w_mtp,3,100,11669,205.28,68,1380,9251,3,16
1784680282.741,real_q6xl_tensor_220w_mtp,0,100,11669,180.04,62,1620,9251,3,16
1784680282.741,real_q6xl_tensor_220w_mtp,1,22,11669,185.46,65,1905,9251,3,16
1784680282.741,real_q6xl_tensor_220w_mtp,2,97,11669,183.54,69,1905,9251,3,16
1784680282.741,real_q6xl_tensor_220w_mtp,3,100,11669,181.68,67,1920,9251,3,16
1784680283.302,real_q6xl_tensor_220w_mtp,0,100,11669,163.81,63,1650,9251,3,16
1784680283.302,real_q6xl_tensor_220w_mtp,1,22,11669,176.25,67,1530,9251,3,16
1784680283.302,real_q6xl_tensor_220w_mtp,2,100,11669,167.74,71,1395,9251,3,16
1784680283.302,real_q6xl_tensor_220w_mtp,3,100,11669,180.92,68,1560,9251,3,16
1784680283.873,real_q6xl_tensor_220w_mtp,0,78,11669,193.00,63,1470,9251,3,16
1784680283.873,real_q6xl_tensor_220w_mtp,1,100,11669,201.88,67,1410,9251,3,16
1784680283.873,real_q6xl_tensor_220w_mtp,2,66,11669,192.52,71,1395,9251,3,16
1784680283.873,real_q6xl_tensor_220w_mtp,3,57,11669,202.77,68,1470,9251,3,16
1784680284.443,real_q6xl_tensor_220w_mtp,0,23,11669,191.93,61,1605,9251,3,16
1784680284.443,real_q6xl_tensor_220w_mtp,1,100,11669,200.65,65,1470,9251,3,16
1784680284.443,real_q6xl_tensor_220w_mtp,2,63,11669,196.35,70,1500,9251,3,16
1784680284.443,real_q6xl_tensor_220w_mtp,3,24,11669,198.48,66,1530,9251,3,16
1784680285.033,real_q6xl_tensor_220w_mtp,0,23,11669,208.02,63,1650,9251,3,16
1784680285.033,real_q6xl_tensor_220w_mtp,1,100,11669,203.88,67,1515,9251,3,16
1784680285.033,real_q6xl_tensor_220w_mtp,2,63,11669,207.71,72,1545,9251,3,16
1784680285.033,real_q6xl_tensor_220w_mtp,3,24,11669,204.59,68,1560,9251,3,16
1784680285.598,real_q6xl_tensor_220w_mtp,0,100,11669,214.02,63,1665,9251,3,16
1784680285.598,real_q6xl_tensor_220w_mtp,1,100,11669,206.12,67,1545,9251,3,16
1784680285.598,real_q6xl_tensor_220w_mtp,2,100,11669,207.89,72,1605,9251,3,16
1784680285.598,real_q6xl_tensor_220w_mtp,3,100,11669,206.07,68,1470,9251,3,16
1784680286.166,real_q6xl_tensor_220w_mtp,0,100,11669,188.57,61,1875,9251,3,16
1784680286.166,real_q6xl_tensor_220w_mtp,1,29,11669,188.13,65,1815,9251,3,16
1784680286.166,real_q6xl_tensor_220w_mtp,2,100,11669,182.79,69,1815,9251,3,16
1784680286.166,real_q6xl_tensor_220w_mtp,3,100,11669,191.95,66,1770,9251,3,16
1784680286.724,real_q6xl_tensor_220w_mtp,0,100,11669,164.82,63,1665,9251,3,16
1784680286.724,real_q6xl_tensor_220w_mtp,1,29,11669,174.79,66,1380,9251,3,16
1784680286.724,real_q6xl_tensor_220w_mtp,2,100,11669,166.39,71,1530,9251,3,16
1784680286.724,real_q6xl_tensor_220w_mtp,3,100,11669,168.51,67,1425,9251,3,16
1784680287.310,real_q6xl_tensor_220w_mtp,0,100,11669,184.38,61,1920,9251,3,16
1784680287.310,real_q6xl_tensor_220w_mtp,1,49,11669,188.27,65,1905,9251,3,16
1784680287.310,real_q6xl_tensor_220w_mtp,2,100,11669,182.35,69,1905,9251,3,16
1784680287.310,real_q6xl_tensor_220w_mtp,3,100,11669,184.32,66,1920,9251,3,16
1784680287.876,real_q6xl_tensor_220w_mtp,0,100,11669,208.39,63,1545,9251,3,16
1784680287.876,real_q6xl_tensor_220w_mtp,1,100,11669,209.91,67,1545,9251,3,16
1784680287.876,real_q6xl_tensor_220w_mtp,2,100,11669,203.93,71,1410,9251,3,16
1784680287.876,real_q6xl_tensor_220w_mtp,3,40,11669,209.40,68,1590,9251,3,16
1784680288.447,real_q6xl_tensor_220w_mtp,0,100,11669,205.31,63,1470,9251,3,16
1784680288.447,real_q6xl_tensor_220w_mtp,1,100,11669,212.10,67,1515,9251,3,16
1784680288.447,real_q6xl_tensor_220w_mtp,2,100,11669,202.62,72,1395,9251,3,16
1784680288.447,real_q6xl_tensor_220w_mtp,3,100,11669,214.29,68,1545,9251,3,16
1784680289.018,real_q6xl_tensor_220w_mtp,0,100,11669,194.87,62,1470,9251,3,16
1784680289.018,real_q6xl_tensor_220w_mtp,1,58,11669,203.85,67,1335,9251,3,16
1784680289.018,real_q6xl_tensor_220w_mtp,2,95,11669,195.68,71,1470,9251,3,16
1784680289.018,real_q6xl_tensor_220w_mtp,3,77,11669,205.18,68,1365,9251,3,16
1784680289.593,real_q6xl_tensor_220w_mtp,0,100,11669,195.90,61,1920,9251,3,16
1784680289.593,real_q6xl_tensor_220w_mtp,1,22,11669,195.53,65,1905,9251,3,16
1784680289.593,real_q6xl_tensor_220w_mtp,2,22,11669,193.81,70,1905,9251,3,16
1784680289.593,real_q6xl_tensor_220w_mtp,3,18,11669,199.89,66,1920,9251,3,16
1784680290.154,real_q6xl_tensor_220w_mtp,0,23,11669,167.78,60,1920,9251,3,16
1784680290.154,real_q6xl_tensor_220w_mtp,1,22,11669,171.36,65,1905,9251,3,16
1784680290.154,real_q6xl_tensor_220w_mtp,2,22,11669,176.88,69,1905,9251,3,16
1784680290.154,real_q6xl_tensor_220w_mtp,3,18,11669,174.59,65,1920,9251,3,16
1784680290.714,real_q6xl_tensor_220w_mtp,0,23,11669,175.36,63,1665,9251,3,16
1784680290.714,real_q6xl_tensor_220w_mtp,1,100,11669,185.88,67,1500,9251,3,16
1784680290.714,real_q6xl_tensor_220w_mtp,2,100,11669,178.29,72,1605,9251,3,16
1784680290.714,real_q6xl_tensor_220w_mtp,3,100,11669,185.49,68,1545,9251,3,16
1784680291.282,real_q6xl_tensor_220w_mtp,0,100,11669,200.26,62,1635,9251,3,16
1784680291.282,real_q6xl_tensor_220w_mtp,1,100,11669,210.23,67,1530,9251,3,16
1784680291.282,real_q6xl_tensor_220w_mtp,2,100,11669,203.34,71,1590,9251,3,16
1784680291.282,real_q6xl_tensor_220w_mtp,3,100,11669,207.79,68,1575,9251,3,16
1784680291.851,real_q6xl_tensor_220w_mtp,0,61,11669,196.10,63,1665,9251,3,16
1784680291.851,real_q6xl_tensor_220w_mtp,1,68,11669,199.94,67,1515,9251,3,16
1784680291.851,real_q6xl_tensor_220w_mtp,2,77,11669,198.89,71,1605,9251,3,16
1784680291.851,real_q6xl_tensor_220w_mtp,3,100,11669,200.69,67,1545,9251,3,16
1784680292.420,real_q6xl_tensor_220w_mtp,0,41,11669,196.48,63,1875,9251,3,16
1784680292.420,real_q6xl_tensor_220w_mtp,1,68,11669,206.70,66,1890,9251,3,16
1784680292.420,real_q6xl_tensor_220w_mtp,2,77,11669,202.01,70,1845,9251,3,16
1784680292.420,real_q6xl_tensor_220w_mtp,3,100,11669,203.30,68,1890,9251,3,16
1784680292.977,real_q6xl_tensor_220w_mtp,0,41,11669,202.98,63,1635,9251,3,16
1784680292.977,real_q6xl_tensor_220w_mtp,1,100,11669,208.82,67,1530,9251,3,16
1784680292.977,real_q6xl_tensor_220w_mtp,2,100,11669,205.12,72,1620,9251,3,16
1784680292.977,real_q6xl_tensor_220w_mtp,3,100,11669,208.69,68,1425,9251,3,16
1784680293.544,real_q6xl_tensor_220w_mtp,0,22,11669,183.95,61,1785,9251,3,16
1784680293.544,real_q6xl_tensor_220w_mtp,1,100,11669,189.76,65,1545,9251,3,16
1784680293.544,real_q6xl_tensor_220w_mtp,2,100,11669,185.35,69,1770,9251,3,16
1784680293.544,real_q6xl_tensor_220w_mtp,3,100,11669,187.56,67,1365,9251,3,16
1784680294.123,real_q6xl_tensor_220w_mtp,0,22,11669,162.30,62,1635,9251,3,16
1784680294.123,real_q6xl_tensor_220w_mtp,1,100,11669,172.34,66,1530,9251,3,16
1784680294.123,real_q6xl_tensor_220w_mtp,2,100,11669,166.11,71,1575,9251,3,16
1784680294.123,real_q6xl_tensor_220w_mtp,3,100,11669,172.45,68,1590,9251,3,16
1784680294.693,real_q6xl_tensor_220w_mtp,0,100,11669,189.56,61,1515,9251,3,16
1784680294.693,real_q6xl_tensor_220w_mtp,1,100,11669,187.88,67,1530,9251,3,16
1784680294.693,real_q6xl_tensor_220w_mtp,2,100,11669,189.74,71,1425,9251,3,16
1784680294.693,real_q6xl_tensor_220w_mtp,3,100,11669,192.49,66,1545,9251,3,16
1784680295.285,real_q6xl_tensor_220w_mtp,0,100,11669,204.73,63,1695,9251,3,16
1784680295.285,real_q6xl_tensor_220w_mtp,1,100,11669,207.43,66,1590,9251,3,16
1784680295.285,real_q6xl_tensor_220w_mtp,2,94,11669,205.43,72,1650,9251,3,16
1784680295.285,real_q6xl_tensor_220w_mtp,3,100,11669,207.24,68,1650,9251,3,16
1784680295.845,real_q6xl_tensor_220w_mtp,0,100,11669,204.07,63,1650,9251,3,16
1784680295.845,real_q6xl_tensor_220w_mtp,1,100,11669,208.10,67,1560,9251,3,16
1784680295.845,real_q6xl_tensor_220w_mtp,2,100,11669,203.20,72,1590,9251,3,16
1784680295.845,real_q6xl_tensor_220w_mtp,3,100,11669,210.27,68,1590,9251,3,16
1784680296.415,real_q6xl_tensor_220w_mtp,0,100,11669,201.99,63,1650,9251,3,16
1784680296.415,real_q6xl_tensor_220w_mtp,1,100,11669,202.67,67,1515,9251,3,16
1784680296.415,real_q6xl_tensor_220w_mtp,2,100,11669,198.35,72,1635,9251,3,16
1784680296.415,real_q6xl_tensor_220w_mtp,3,100,11669,208.16,68,1395,9251,3,16
1784680296.984,real_q6xl_tensor_220w_mtp,0,22,11669,191.67,61,1830,9251,3,16
1784680296.984,real_q6xl_tensor_220w_mtp,1,100,11669,198.23,66,1875,9251,3,16
1784680296.984,real_q6xl_tensor_220w_mtp,2,100,11669,193.54,70,1770,9251,3,16
1784680296.984,real_q6xl_tensor_220w_mtp,3,100,11669,194.64,66,1875,9251,3,16
1784680297.567,real_q6xl_tensor_220w_mtp,0,22,11669,164.89,60,1920,9251,3,16
1784680297.567,real_q6xl_tensor_220w_mtp,1,38,11669,172.88,64,1905,9251,3,16
1784680297.567,real_q6xl_tensor_220w_mtp,2,47,11669,165.97,69,1905,9251,3,16
1784680297.567,real_q6xl_tensor_220w_mtp,3,6,11669,174.11,65,1920,9251,3,16
1784680298.136,real_q6xl_tensor_220w_mtp,0,100,11669,182.55,63,1665,9251,3,16
1784680298.136,real_q6xl_tensor_220w_mtp,1,38,11669,183.77,67,1545,9251,3,16
1784680298.136,real_q6xl_tensor_220w_mtp,2,47,11669,180.09,71,1380,9251,3,16
1784680298.136,real_q6xl_tensor_220w_mtp,3,6,11669,188.72,68,1575,9251,3,16
1784680298.705,real_q6xl_tensor_220w_mtp,0,100,11669,205.58,63,1665,9251,3,16
1784680298.705,real_q6xl_tensor_220w_mtp,1,100,11669,209.55,67,1425,9251,3,16
1784680298.705,real_q6xl_tensor_220w_mtp,2,100,11669,207.57,71,1605,9251,3,16
1784680298.705,real_q6xl_tensor_220w_mtp,3,100,11669,206.03,68,1455,9251,3,16
1784680299.274,real_q6xl_tensor_220w_mtp,0,100,11669,197.50,63,1650,9251,3,16
1784680299.274,real_q6xl_tensor_220w_mtp,1,100,11669,200.85,67,1515,9251,3,16
1784680299.274,real_q6xl_tensor_220w_mtp,2,100,11669,198.77,71,1590,9251,3,16
1784680299.274,real_q6xl_tensor_220w_mtp,3,100,11669,201.32,68,1365,9251,3,16
1784680299.843,real_q6xl_tensor_220w_mtp,0,61,11669,196.43,61,1920,9251,3,16
1784680299.843,real_q6xl_tensor_220w_mtp,1,74,11669,204.22,66,1905,9251,3,16
1784680299.843,real_q6xl_tensor_220w_mtp,2,53,11669,199.53,69,1905,9251,3,16
1784680299.843,real_q6xl_tensor_220w_mtp,3,24,11669,200.64,67,1905,9251,3,16
1784680300.412,real_q6xl_tensor_220w_mtp,0,100,11669,206.56,63,1440,9251,3,16
1784680300.412,real_q6xl_tensor_220w_mtp,1,74,11669,208.91,67,1500,9251,3,16
1784680300.412,real_q6xl_tensor_220w_mtp,2,53,11669,205.07,72,1380,9251,3,16
1784680300.412,real_q6xl_tensor_220w_mtp,3,24,11669,208.99,68,1560,9251,3,16
1784680300.981,real_q6xl_tensor_220w_mtp,0,100,11669,179.55,61,1785,9251,3,16
1784680300.981,real_q6xl_tensor_220w_mtp,1,30,11669,190.74,65,1890,9251,3,16
1784680300.981,real_q6xl_tensor_220w_mtp,2,42,11669,182.17,69,1845,9251,3,16
1784680300.981,real_q6xl_tensor_220w_mtp,3,22,11669,187.11,66,1890,9251,3,16
1784680301.566,real_q6xl_tensor_220w_mtp,0,100,11669,150.74,63,1440,9251,3,16
1784680301.566,real_q6xl_tensor_220w_mtp,1,30,11669,175.85,67,1395,9251,3,16
1784680301.566,real_q6xl_tensor_220w_mtp,2,42,11669,164.35,71,1380,9251,3,16
1784680301.566,real_q6xl_tensor_220w_mtp,3,22,11669,179.41,68,1470,9251,3,16
1784680302.156,real_q6xl_tensor_220w_mtp,0,100,11669,183.15,63,1650,9251,3,16
1784680302.156,real_q6xl_tensor_220w_mtp,1,100,11669,197.51,67,1575,9251,3,16
1784680302.156,real_q6xl_tensor_220w_mtp,2,62,11669,191.85,71,1380,9251,3,16
1784680302.156,real_q6xl_tensor_220w_mtp,3,97,11669,196.03,67,1605,9251,3,16
1784680302.725,real_q6xl_tensor_220w_mtp,0,78,11669,198.52,63,1860,9251,3,16
1784680302.725,real_q6xl_tensor_220w_mtp,1,100,11669,204.79,67,1845,9251,3,16
1784680302.725,real_q6xl_tensor_220w_mtp,2,62,11669,205.60,72,1800,9251,3,16
1784680302.725,real_q6xl_tensor_220w_mtp,3,97,11669,201.04,66,1845,9251,3,16
1784680303.283,real_q6xl_tensor_220w_mtp,0,78,11669,204.63,63,1515,9251,3,16
1784680303.283,real_q6xl_tensor_220w_mtp,1,100,11669,204.76,67,1545,9251,3,16
1784680303.283,real_q6xl_tensor_220w_mtp,2,100,11669,206.00,72,1395,9251,3,16
1784680303.283,real_q6xl_tensor_220w_mtp,3,100,11669,204.79,68,1590,9251,3,16
1784680303.854,real_q6xl_tensor_220w_mtp,0,100,11669,201.72,63,1575,9251,3,16
1784680303.854,real_q6xl_tensor_220w_mtp,1,100,11669,208.55,67,1500,9251,3,16
1784680303.854,real_q6xl_tensor_220w_mtp,2,100,11669,207.84,72,1440,9251,3,16
1784680303.854,real_q6xl_tensor_220w_mtp,3,92,11669,204.71,68,1545,9251,3,16
1784680304.426,real_q6xl_tensor_220w_mtp,0,100,11669,188.66,61,1740,9251,3,16
1784680304.426,real_q6xl_tensor_220w_mtp,1,23,11669,197.48,65,1470,9251,3,16
1784680304.426,real_q6xl_tensor_220w_mtp,2,22,11669,188.35,70,1710,9251,3,16
1784680304.426,real_q6xl_tensor_220w_mtp,3,41,11669,196.01,66,1635,9251,3,16
1784680304.985,real_q6xl_tensor_220w_mtp,0,11,11669,164.47,60,1920,9251,3,16
1784680304.985,real_q6xl_tensor_220w_mtp,1,23,11669,172.22,64,1905,9251,3,16
1784680304.985,real_q6xl_tensor_220w_mtp,2,22,11669,162.26,69,1905,9251,3,16
1784680304.985,real_q6xl_tensor_220w_mtp,3,41,11669,170.12,65,1815,9251,3,16
1784680305.542,real_q6xl_tensor_220w_mtp,0,11,11669,171.67,62,1590,9251,3,16
1784680305.542,real_q6xl_tensor_220w_mtp,1,100,11669,182.70,66,1320,9251,3,16
1784680305.542,real_q6xl_tensor_220w_mtp,2,100,11669,176.18,71,1605,9251,3,16
1784680305.542,real_q6xl_tensor_220w_mtp,3,100,11669,175.52,68,1350,9251,3,16
1784680306.111,real_q6xl_tensor_220w_mtp,0,100,11669,205.88,63,1680,9251,3,16
1784680306.111,real_q6xl_tensor_220w_mtp,1,100,11669,204.28,66,1440,9251,3,16
1784680306.111,real_q6xl_tensor_220w_mtp,2,100,11669,204.10,72,1515,9251,3,16
1784680306.111,real_q6xl_tensor_220w_mtp,3,100,11669,207.69,68,1470,9251,3,16
1784680306.705,real_q6xl_tensor_220w_mtp,0,100,11669,197.45,63,1680,9251,3,16
1784680306.705,real_q6xl_tensor_220w_mtp,1,100,11669,200.72,67,1440,9251,3,16
1784680306.705,real_q6xl_tensor_220w_mtp,2,100,11669,198.88,71,1635,9251,3,16
1784680306.705,real_q6xl_tensor_220w_mtp,3,100,11669,201.51,68,1485,9251,3,16
1784680307.273,real_q6xl_tensor_220w_mtp,0,97,11669,202.66,62,1875,9251,3,16
1784680307.273,real_q6xl_tensor_220w_mtp,1,100,11669,204.57,67,1830,9251,3,16
1784680307.273,real_q6xl_tensor_220w_mtp,2,100,11669,197.15,71,1845,9251,3,16
1784680307.273,real_q6xl_tensor_220w_mtp,3,100,11669,209.03,67,1860,9251,3,16
1784680307.831,real_q6xl_tensor_220w_mtp,0,100,11669,201.76,63,1680,9251,3,16
1784680307.831,real_q6xl_tensor_220w_mtp,1,100,11669,206.70,67,1440,9251,3,16
1784680307.831,real_q6xl_tensor_220w_mtp,2,100,11669,203.23,72,1515,9251,3,16
1784680307.831,real_q6xl_tensor_220w_mtp,3,100,11669,207.65,68,1545,9251,3,16
1784680308.403,real_q6xl_tensor_220w_mtp,0,22,11669,182.60,61,1920,9251,3,16
1784680308.403,real_q6xl_tensor_220w_mtp,1,100,11669,189.31,65,1905,9251,3,16
1784680308.403,real_q6xl_tensor_220w_mtp,2,100,11669,185.23,69,1905,9251,3,16
1784680308.403,real_q6xl_tensor_220w_mtp,3,100,11669,190.13,65,1830,9251,3,16
1784680308.988,real_q6xl_tensor_220w_mtp,0,22,11669,160.97,62,1590,9251,3,16
1784680308.988,real_q6xl_tensor_220w_mtp,1,100,11669,171.89,67,1515,9251,3,16
1784680308.988,real_q6xl_tensor_220w_mtp,2,100,11669,166.31,71,1455,9251,3,16
1784680308.988,real_q6xl_tensor_220w_mtp,3,100,11669,168.41,67,1560,9251,3,16
1784680309.558,real_q6xl_tensor_220w_mtp,0,33,11669,182.52,61,1845,9251,3,16
1784680309.558,real_q6xl_tensor_220w_mtp,1,87,11669,189.30,65,1515,9251,3,16
1784680309.558,real_q6xl_tensor_220w_mtp,2,57,11669,187.21,70,1875,9251,3,16
1784680309.558,real_q6xl_tensor_220w_mtp,3,65,11669,186.51,66,1560,9251,3,16
1784680310.129,real_q6xl_tensor_220w_mtp,0,33,11669,201.76,63,1575,9251,3,16
1784680310.129,real_q6xl_tensor_220w_mtp,1,100,11669,206.62,67,1530,9251,3,16
1784680310.129,real_q6xl_tensor_220w_mtp,2,100,11669,203.02,71,1425,9251,3,16
1784680310.129,real_q6xl_tensor_220w_mtp,3,100,11669,207.90,67,1560,9251,3,16
1784680310.697,real_q6xl_tensor_220w_mtp,0,100,11669,204.60,63,1665,9251,3,16
1784680310.697,real_q6xl_tensor_220w_mtp,1,100,11669,207.11,67,1575,9251,3,16
1784680310.697,real_q6xl_tensor_220w_mtp,2,100,11669,204.23,71,1590,9251,3,16
1784680310.697,real_q6xl_tensor_220w_mtp,3,100,11669,207.54,68,1605,9251,3,16
1784680311.266,real_q6xl_tensor_220w_mtp,0,100,11669,195.34,62,1425,9251,3,16
1784680311.266,real_q6xl_tensor_220w_mtp,1,100,11669,200.17,67,1320,9251,3,16
1784680311.266,real_q6xl_tensor_220w_mtp,2,100,11669,197.76,71,1365,9251,3,16
1784680311.266,real_q6xl_tensor_220w_mtp,3,100,11669,202.18,68,1380,9251,3,16
1784680311.858,real_q6xl_tensor_220w_mtp,0,26,11669,194.32,61,1920,9251,3,16
1784680311.858,real_q6xl_tensor_220w_mtp,1,49,11669,195.73,66,1905,9251,3,16
1784680311.858,real_q6xl_tensor_220w_mtp,2,83,11669,192.82,70,1890,9251,3,16
1784680311.858,real_q6xl_tensor_220w_mtp,3,100,11669,199.85,66,1920,9251,3,16
1784680312.419,real_q6xl_tensor_220w_mtp,0,26,11669,168.83,61,1905,9251,3,16
1784680312.419,real_q6xl_tensor_220w_mtp,1,43,11669,182.75,65,1890,9251,3,16
1784680312.419,real_q6xl_tensor_220w_mtp,2,42,11669,176.36,70,1800,9251,3,16
1784680312.419,real_q6xl_tensor_220w_mtp,3,35,11669,178.36,65,1890,9251,3,16
1784680312.979,real_q6xl_tensor_220w_mtp,0,100,11669,167.25,63,1485,9251,3,16
1784680312.979,real_q6xl_tensor_220w_mtp,1,43,11669,182.24,67,1305,9251,3,16
1784680312.979,real_q6xl_tensor_220w_mtp,2,42,11669,175.26,71,1515,9251,3,16
1784680312.979,real_q6xl_tensor_220w_mtp,3,35,11669,180.05,67,1350,9251,3,16
1784680313.547,real_q6xl_tensor_220w_mtp,0,100,11669,196.13,63,1680,9251,3,16
1784680313.547,real_q6xl_tensor_220w_mtp,1,100,11669,204.29,67,1485,9251,3,16
1784680313.547,real_q6xl_tensor_220w_mtp,2,100,11669,201.87,71,1620,9251,3,16
1784680313.547,real_q6xl_tensor_220w_mtp,3,100,11669,201.54,67,1530,9251,3,16
1784680314.115,real_q6xl_tensor_220w_mtp,0,37,11669,197.43,61,1365,9251,3,16
1784680314.115,real_q6xl_tensor_220w_mtp,1,100,11669,198.01,65,1155,9251,3,16
1784680314.115,real_q6xl_tensor_220w_mtp,2,100,11669,196.52,69,1305,9251,3,16
1784680314.115,real_q6xl_tensor_220w_mtp,3,100,11669,200.36,68,1320,9251,3,16
1784680314.687,real_q6xl_tensor_220w_mtp,0,37,11669,203.50,62,1620,9251,3,16
1784680314.687,real_q6xl_tensor_220w_mtp,1,100,11669,206.32,67,1515,9251,3,16
1784680314.687,real_q6xl_tensor_220w_mtp,2,100,11669,203.99,71,1560,9251,3,16
1784680314.687,real_q6xl_tensor_220w_mtp,3,100,11669,206.56,68,1560,9251,3,16
1784680315.257,real_q6xl_tensor_220w_mtp,0,100,11669,201.56,63,1680,9251,3,16
1784680315.257,real_q6xl_tensor_220w_mtp,1,100,11669,204.53,67,1485,9251,3,16
1784680315.257,real_q6xl_tensor_220w_mtp,2,100,11669,205.24,72,1620,9251,3,16
1784680315.257,real_q6xl_tensor_220w_mtp,3,100,11669,204.42,68,1515,9251,3,16
1784680315.827,real_q6xl_tensor_220w_mtp,0,100,11669,181.20,62,1920,9251,3,16
1784680315.827,real_q6xl_tensor_220w_mtp,1,25,11669,189.11,65,1740,9251,3,16
1784680315.827,real_q6xl_tensor_220w_mtp,2,23,11669,187.66,69,1905,9251,3,16
1784680315.827,real_q6xl_tensor_220w_mtp,3,7,11669,188.24,66,1920,9251,3,16
1784680316.389,real_q6xl_tensor_220w_mtp,0,93,11669,158.65,60,1620,9251,3,16
1784680316.389,real_q6xl_tensor_220w_mtp,1,40,11669,160.87,65,1515,9251,3,16
1784680316.389,real_q6xl_tensor_220w_mtp,2,23,11669,163.29,71,1455,9251,3,16
1784680316.389,real_q6xl_tensor_220w_mtp,3,7,11669,172.87,65,1575,9251,3,16
1784680316.982,real_q6xl_tensor_220w_mtp,0,93,11669,181.45,62,1620,9251,3,16
1784680316.982,real_q6xl_tensor_220w_mtp,1,40,11669,179.71,67,1320,9251,3,16
1784680316.982,real_q6xl_tensor_220w_mtp,2,100,11669,183.53,71,1620,9251,3,16
1784680316.982,real_q6xl_tensor_220w_mtp,3,100,11669,190.57,68,1350,9251,3,16
1784680317.544,real_q6xl_tensor_220w_mtp,0,100,11669,204.09,63,1650,9251,3,16
1784680317.544,real_q6xl_tensor_220w_mtp,1,100,11669,206.47,67,1590,9251,3,16
1784680317.544,real_q6xl_tensor_220w_mtp,2,100,11669,205.23,72,1590,9251,3,16
1784680317.544,real_q6xl_tensor_220w_mtp,3,100,11669,206.02,68,1620,9251,3,16
1784680318.114,real_q6xl_tensor_220w_mtp,0,100,11669,196.52,62,1665,9251,3,16
1784680318.114,real_q6xl_tensor_220w_mtp,1,100,11669,197.76,67,1380,9251,3,16
1784680318.114,real_q6xl_tensor_220w_mtp,2,100,11669,197.56,71,1560,9251,3,16
1784680318.114,real_q6xl_tensor_220w_mtp,3,100,11669,200.57,67,1425,9251,3,16
1784680318.683,real_q6xl_tensor_220w_mtp,0,57,11669,194.97,61,1920,9251,3,16
1784680318.683,real_q6xl_tensor_220w_mtp,1,24,11669,194.93,67,1785,9251,3,16
1784680318.683,real_q6xl_tensor_220w_mtp,2,100,11669,194.69,70,1905,9251,3,16
1784680318.683,real_q6xl_tensor_220w_mtp,3,100,11669,200.23,66,1815,9251,3,16
1784680319.252,real_q6xl_tensor_220w_mtp,0,57,11669,202.67,63,1620,9251,3,16
1784680319.252,real_q6xl_tensor_220w_mtp,1,24,11669,205.37,67,1485,9251,3,16
1784680319.252,real_q6xl_tensor_220w_mtp,2,100,11669,202.77,71,1575,9251,3,16
1784680319.252,real_q6xl_tensor_220w_mtp,3,100,11669,207.75,68,1545,9251,3,16
1784680319.821,real_q6xl_tensor_220w_mtp,0,24,11669,181.04,60,1755,9251,3,16
1784680319.821,real_q6xl_tensor_220w_mtp,1,24,11669,189.58,64,1515,9251,3,16
1784680319.821,real_q6xl_tensor_220w_mtp,2,33,11669,186.14,69,1695,9251,3,16
1784680319.821,real_q6xl_tensor_220w_mtp,3,25,11669,188.88,66,1635,9251,3,16
1784680320.384,real_q6xl_tensor_220w_mtp,0,100,11669,160.08,62,1410,9251,3,16
1784680320.384,real_q6xl_tensor_220w_mtp,1,100,11669,171.16,67,1320,9251,3,16
1784680320.384,real_q6xl_tensor_220w_mtp,2,100,11669,165.52,71,1365,9251,3,16
1784680320.384,real_q6xl_tensor_220w_mtp,3,100,11669,173.52,68,1365,9251,3,16
1784680320.952,real_q6xl_tensor_220w_mtp,0,100,11669,178.63,62,1620,9251,3,16
1784680320.952,real_q6xl_tensor_220w_mtp,1,100,11669,194.11,66,1425,9251,3,16
1784680320.952,real_q6xl_tensor_220w_mtp,2,100,11669,188.74,71,1575,9251,3,16
1784680320.952,real_q6xl_tensor_220w_mtp,3,100,11669,187.17,67,1440,9251,3,16
1784680321.547,real_q6xl_tensor_220w_mtp,0,100,11669,202.04,63,1410,9251,3,16
1784680321.547,real_q6xl_tensor_220w_mtp,1,100,11669,206.82,67,1425,9251,3,16
1784680321.547,real_q6xl_tensor_220w_mtp,2,100,11669,203.90,72,1350,9251,3,16
1784680321.547,real_q6xl_tensor_220w_mtp,3,100,11669,207.58,68,1470,9251,3,16
1784680322.116,real_q6xl_tensor_220w_mtp,0,100,11669,202.12,63,1635,9251,3,16
1784680322.116,real_q6xl_tensor_220w_mtp,1,100,11669,207.41,67,1485,9251,3,16
1784680322.116,real_q6xl_tensor_220w_mtp,2,100,11669,202.78,71,1590,9251,3,16
1784680322.116,real_q6xl_tensor_220w_mtp,3,100,11669,208.62,68,1530,9251,3,16
1784680322.684,real_q6xl_tensor_220w_mtp,0,100,11669,194.23,63,1410,9251,3,16
1784680322.684,real_q6xl_tensor_220w_mtp,1,100,11669,201.87,67,1395,9251,3,16
1784680322.684,real_q6xl_tensor_220w_mtp,2,100,11669,195.64,71,1350,9251,3,16
1784680322.684,real_q6xl_tensor_220w_mtp,3,100,11669,205.43,68,1470,9251,3,16
1784680323.252,real_q6xl_tensor_220w_mtp,0,100,11669,195.59,61,1905,9251,3,16
1784680323.252,real_q6xl_tensor_220w_mtp,1,100,11669,198.43,66,1905,9251,3,16
1784680323.252,real_q6xl_tensor_220w_mtp,2,100,11669,191.88,70,1890,9251,3,16
1784680323.252,real_q6xl_tensor_220w_mtp,3,100,11669,202.23,66,1905,9251,3,16
1784680323.811,real_q6xl_tensor_220w_mtp,0,26,11669,168.37,60,1845,9251,3,16
1784680323.811,real_q6xl_tensor_220w_mtp,1,38,11669,182.48,66,1755,9251,3,16
1784680323.811,real_q6xl_tensor_220w_mtp,2,43,11669,175.97,70,1770,9251,3,16
1784680323.811,real_q6xl_tensor_220w_mtp,3,43,11669,178.90,65,1770,9251,3,16
1784680324.369,real_q6xl_tensor_220w_mtp,0,100,11669,165.46,62,1680,9251,3,16
1784680324.369,real_q6xl_tensor_220w_mtp,1,100,11669,181.03,67,1470,9251,3,16
1784680324.369,real_q6xl_tensor_220w_mtp,2,100,11669,174.39,71,1635,9251,3,16
1784680324.369,real_q6xl_tensor_220w_mtp,3,100,11669,183.79,68,1500,9251,3,16
1784680324.966,real_q6xl_tensor_220w_mtp,0,100,11669,191.95,63,1620,9251,3,16
1784680324.966,real_q6xl_tensor_220w_mtp,1,100,11669,203.58,67,1530,9251,3,16
1784680324.966,real_q6xl_tensor_220w_mtp,2,100,11669,198.39,71,1560,9251,3,16
1784680324.966,real_q6xl_tensor_220w_mtp,3,100,11669,199.76,68,1590,9251,3,16
1784680325.536,real_q6xl_tensor_220w_mtp,0,100,11669,191.40,61,1905,9251,3,16
1784680325.536,real_q6xl_tensor_220w_mtp,1,100,11669,202.04,65,1620,9251,3,16
1784680325.536,real_q6xl_tensor_220w_mtp,2,100,11669,196.51,69,1905,9251,3,16
1784680325.536,real_q6xl_tensor_220w_mtp,3,100,11669,199.06,66,1650,9251,3,16
1784680326.104,real_q6xl_tensor_220w_mtp,0,100,11669,201.75,63,1530,9251,3,16
1784680326.104,real_q6xl_tensor_220w_mtp,1,100,11669,205.65,67,1290,9251,3,16
1784680326.104,real_q6xl_tensor_220w_mtp,2,100,11669,203.06,71,1560,9251,3,16
1784680326.104,real_q6xl_tensor_220w_mtp,3,100,11669,205.87,68,1350,9251,3,16
1784680326.673,real_q6xl_tensor_220w_mtp,0,100,11669,204.36,63,1515,9251,3,16
1784680326.673,real_q6xl_tensor_220w_mtp,1,100,11669,204.15,67,1410,9251,3,16
1784680326.673,real_q6xl_tensor_220w_mtp,2,100,11669,201.65,72,1650,9251,3,16
1784680326.673,real_q6xl_tensor_220w_mtp,3,100,11669,205.01,68,1455,9251,3,16
1784680327.289,real_q6xl_tensor_220w_mtp,0,100,11669,203.46,63,1680,9251,3,16
1784680327.289,real_q6xl_tensor_220w_mtp,1,100,11669,204.96,65,1620,9251,3,16
1784680327.289,real_q6xl_tensor_220w_mtp,2,100,11669,183.64,69,1905,9251,3,16
1784680327.289,real_q6xl_tensor_220w_mtp,3,100,11669,187.39,66,1920,9251,3,16
1784680327.888,real_q6xl_tensor_220w_mtp,0,23,11669,155.79,60,1560,9251,3,16
1784680327.888,real_q6xl_tensor_220w_mtp,1,39,11669,170.44,67,1335,9251,3,16
1784680327.888,real_q6xl_tensor_220w_mtp,2,60,11669,160.65,70,1560,9251,3,16
1784680327.888,real_q6xl_tensor_220w_mtp,3,88,11669,169.43,65,1350,9251,3,16
1784680328.475,real_q6xl_tensor_220w_mtp,0,23,11669,184.78,61,1860,9251,3,16
1784680328.475,real_q6xl_tensor_220w_mtp,1,39,11669,191.70,67,1830,9251,3,16
1784680328.475,real_q6xl_tensor_220w_mtp,2,60,11669,189.99,69,1335,9251,3,16
1784680328.475,real_q6xl_tensor_220w_mtp,3,88,11669,187.16,66,1275,9251,3,16
1784680329.245,real_q6xl_tensor_220w_mtp,0,100,11669,202.19,63,1635,9251,3,16
1784680329.245,real_q6xl_tensor_220w_mtp,1,100,11669,203.90,67,1575,9251,3,16
1784680329.245,real_q6xl_tensor_220w_mtp,2,100,11669,203.71,71,1575,9251,3,16
1784680329.245,real_q6xl_tensor_220w_mtp,3,100,11669,205.10,68,1605,9251,3,16
1784680329.844,real_q6xl_tensor_220w_mtp,0,100,11669,201.72,63,1530,9251,3,16
1784680329.844,real_q6xl_tensor_220w_mtp,1,100,11669,206.17,67,1560,9251,3,16
1784680329.844,real_q6xl_tensor_220w_mtp,2,100,11669,204.14,71,1395,9251,3,16
1784680329.844,real_q6xl_tensor_220w_mtp,3,100,11669,206.50,68,1590,9251,3,16
1784680330.419,real_q6xl_tensor_220w_mtp,0,100,11669,195.36,62,1620,9251,3,16
1784680330.419,real_q6xl_tensor_220w_mtp,1,100,11669,205.45,67,1575,9251,3,16
1784680330.419,real_q6xl_tensor_220w_mtp,2,100,11669,201.68,71,1560,9251,3,16
1784680330.419,real_q6xl_tensor_220w_mtp,3,100,11669,202.58,68,1605,9251,3,16
1784680331.015,real_q6xl_tensor_220w_mtp,0,100,11669,189.11,60,1920,9251,3,16
1784680331.015,real_q6xl_tensor_220w_mtp,1,100,11669,191.05,65,1905,9251,3,16
1784680331.015,real_q6xl_tensor_220w_mtp,2,100,11669,189.49,69,1905,9251,3,16
1784680331.015,real_q6xl_tensor_220w_mtp,3,100,11669,195.87,66,1920,9251,3,16
1784680331.623,real_q6xl_tensor_220w_mtp,0,21,11669,163.88,62,1890,9251,3,16
1784680331.623,real_q6xl_tensor_220w_mtp,1,27,11669,177.55,65,1905,9251,3,16
1784680331.623,real_q6xl_tensor_220w_mtp,2,41,11669,171.18,69,1875,9251,3,16
1784680331.623,real_q6xl_tensor_220w_mtp,3,21,11669,174.51,65,1905,9251,3,16
1784680332.188,real_q6xl_tensor_220w_mtp,0,21,11669,172.09,63,1650,9251,3,16
1784680332.188,real_q6xl_tensor_220w_mtp,1,27,11669,181.76,67,1575,9251,3,16
1784680332.188,real_q6xl_tensor_220w_mtp,2,41,11669,174.35,71,1575,9251,3,16
1784680332.188,real_q6xl_tensor_220w_mtp,3,21,11669,181.60,68,1605,9251,3,16
1784680332.783,real_q6xl_tensor_220w_mtp,0,100,11669,204.32,62,1605,9251,3,16
1784680332.783,real_q6xl_tensor_220w_mtp,1,100,11669,203.47,67,1515,9251,3,16
1784680332.783,real_q6xl_tensor_220w_mtp,2,100,11669,201.16,71,1560,9251,3,16
1784680332.783,real_q6xl_tensor_220w_mtp,3,100,11669,209.09,68,1560,9251,3,16
1784680333.403,real_q6xl_tensor_220w_mtp,0,100,11669,193.14,61,1695,9251,3,16
1784680333.403,real_q6xl_tensor_220w_mtp,1,100,11669,200.29,68,1485,9251,3,16
1784680333.403,real_q6xl_tensor_220w_mtp,2,100,11669,195.28,71,1605,9251,3,16
1784680333.403,real_q6xl_tensor_220w_mtp,3,100,11669,199.95,67,1530,9251,3,16
1784680333.999,real_q6xl_tensor_220w_mtp,0,100,11669,200.97,62,1485,9251,3,16
1784680333.999,real_q6xl_tensor_220w_mtp,1,100,11669,205.84,67,1290,9251,3,16
1784680333.999,real_q6xl_tensor_220w_mtp,2,100,11669,203.13,71,1545,9251,3,16
1784680333.999,real_q6xl_tensor_220w_mtp,3,95,11669,206.09,68,1320,9251,3,16
1784680334.563,real_q6xl_tensor_220w_mtp,0,100,11669,201.66,63,1470,9251,3,16
1784680334.563,real_q6xl_tensor_220w_mtp,1,100,11669,204.97,67,1530,9251,3,16
1784680334.563,real_q6xl_tensor_220w_mtp,2,100,11669,202.34,71,1350,9251,3,16
1784680334.563,real_q6xl_tensor_220w_mtp,3,95,11669,205.60,67,1560,9251,3,16
1784680335.132,real_q6xl_tensor_220w_mtp,0,24,11669,179.92,61,1920,9251,3,16
1784680335.132,real_q6xl_tensor_220w_mtp,1,23,11669,188.97,65,1650,9251,3,16
1784680335.132,real_q6xl_tensor_220w_mtp,2,24,11669,185.01,69,1905,9251,3,16
1784680335.132,real_q6xl_tensor_220w_mtp,3,8,11669,186.51,65,1710,9251,3,16
1784680335.693,real_q6xl_tensor_220w_mtp,0,24,11669,157.71,60,1575,9251,3,16
1784680335.693,real_q6xl_tensor_220w_mtp,1,23,11669,166.99,66,1410,9251,3,16
1784680335.693,real_q6xl_tensor_220w_mtp,2,24,11669,162.32,71,1515,9251,3,16
1784680335.693,real_q6xl_tensor_220w_mtp,3,8,11669,168.16,65,1530,9251,3,16
1784680336.261,real_q6xl_tensor_220w_mtp,0,100,11669,180.12,63,1380,9251,3,16
1784680336.261,real_q6xl_tensor_220w_mtp,1,100,11669,185.96,67,1395,9251,3,16
1784680336.261,real_q6xl_tensor_220w_mtp,2,100,11669,183.03,71,1350,9251,3,16
1784680336.261,real_q6xl_tensor_220w_mtp,3,100,11669,190.37,68,1455,9251,3,16
1784680336.853,real_q6xl_tensor_220w_mtp,0,100,11669,201.82,63,1605,9251,3,16
1784680336.853,real_q6xl_tensor_220w_mtp,1,100,11669,205.50,67,1530,9251,3,16
1784680336.853,real_q6xl_tensor_220w_mtp,2,100,11669,203.23,71,1545,9251,3,16
1784680336.853,real_q6xl_tensor_220w_mtp,3,100,11669,206.37,68,1590,9251,3,16
1784680337.450,real_q6xl_tensor_220w_mtp,0,100,11669,192.59,62,1605,9251,3,16
1784680337.450,real_q6xl_tensor_220w_mtp,1,100,11669,202.50,67,1500,9251,3,16
1784680337.450,real_q6xl_tensor_220w_mtp,2,100,11669,199.81,71,1560,9251,3,16
1784680337.450,real_q6xl_tensor_220w_mtp,3,100,11669,207.29,68,1545,9251,3,16
1784680338.061,real_q6xl_tensor_220w_mtp,0,100,11669,193.04,61,1575,9251,3,16
1784680338.061,real_q6xl_tensor_220w_mtp,1,100,11669,201.18,65,1005,9251,3,16
1784680338.061,real_q6xl_tensor_220w_mtp,2,100,11669,197.24,69,1605,9251,3,16
1784680338.061,real_q6xl_tensor_220w_mtp,3,100,11669,197.87,66,1230,9251,3,16
1784680338.630,real_q6xl_tensor_220w_mtp,0,100,11669,203.08,63,1620,9251,3,16
1784680338.630,real_q6xl_tensor_220w_mtp,1,100,11669,205.20,67,1485,9251,3,16
1784680338.630,real_q6xl_tensor_220w_mtp,2,100,11669,202.87,71,1605,9251,3,16
1784680338.630,real_q6xl_tensor_220w_mtp,3,100,11669,205.84,68,1500,9251,3,16
1784680339.196,real_q6xl_tensor_220w_mtp,0,100,11669,186.10,60,1920,9251,3,16
1784680339.196,real_q6xl_tensor_220w_mtp,1,100,11669,185.30,64,1605,9251,3,16
1784680339.196,real_q6xl_tensor_220w_mtp,2,100,11669,180.95,69,1905,9251,3,16
1784680339.196,real_q6xl_tensor_220w_mtp,3,100,11669,187.60,65,1650,9251,3,16
1784680339.757,real_q6xl_tensor_220w_mtp,0,100,11669,157.55,62,1410,9251,3,16
1784680339.757,real_q6xl_tensor_220w_mtp,1,100,11669,169.92,66,1290,9251,3,16
1784680339.757,real_q6xl_tensor_220w_mtp,2,100,11669,160.72,71,1440,9251,3,16
1784680339.757,real_q6xl_tensor_220w_mtp,3,100,11669,170.15,67,1335,9251,3,16
1784680340.326,real_q6xl_tensor_220w_mtp,0,100,11669,178.68,61,1920,9251,3,16
1784680340.326,real_q6xl_tensor_220w_mtp,1,88,11669,188.68,66,1905,9251,3,16
1784680340.326,real_q6xl_tensor_220w_mtp,2,54,11669,184.89,70,1905,9251,3,16
1784680340.326,real_q6xl_tensor_220w_mtp,3,63,11669,186.43,66,1920,9251,3,16
1784680340.920,real_q6xl_tensor_220w_mtp,0,100,11669,202.00,62,1620,9251,3,16
1784680340.920,real_q6xl_tensor_220w_mtp,1,100,11669,205.50,67,1485,9251,3,16
1784680340.920,real_q6xl_tensor_220w_mtp,2,100,11669,203.32,71,1530,9251,3,16
1784680340.920,real_q6xl_tensor_220w_mtp,3,100,11669,205.57,67,1515,9251,3,16
1784680341.534,real_q6xl_tensor_220w_mtp,0,100,11669,201.26,63,1470,9251,3,16
1784680341.534,real_q6xl_tensor_220w_mtp,1,100,11669,208.16,66,1515,9251,3,16
1784680341.534,real_q6xl_tensor_220w_mtp,2,100,11669,203.93,71,1365,9251,3,16
1784680341.534,real_q6xl_tensor_220w_mtp,3,100,11669,204.78,68,1545,9251,3,16
1784680342.102,real_q6xl_tensor_220w_mtp,0,100,11669,194.90,62,1395,9251,3,16
1784680342.102,real_q6xl_tensor_220w_mtp,1,100,11669,200.04,67,1350,9251,3,16
1784680342.102,real_q6xl_tensor_220w_mtp,2,100,11669,196.02,71,1575,9251,3,16
1784680342.102,real_q6xl_tensor_220w_mtp,3,100,11669,201.45,68,1410,9251,3,16
1784680342.674,real_q6xl_tensor_220w_mtp,0,100,11669,201.85,63,1800,9251,3,16
1784680342.674,real_q6xl_tensor_220w_mtp,1,100,11669,203.84,66,1830,9251,3,16
1784680342.674,real_q6xl_tensor_220w_mtp,2,100,11669,199.91,72,1755,9251,3,16
1784680342.674,real_q6xl_tensor_220w_mtp,3,100,11669,206.15,68,1845,9251,3,16
1784680343.232,real_q6xl_tensor_220w_mtp,0,38,11669,172.20,60,1920,9251,3,16
1784680343.232,real_q6xl_tensor_220w_mtp,1,23,11669,185.70,65,1905,9251,3,16
1784680343.232,real_q6xl_tensor_220w_mtp,2,39,11669,179.80,69,1875,9251,3,16
1784680343.232,real_q6xl_tensor_220w_mtp,3,19,11669,180.45,65,1905,9251,3,16
1784680343.792,real_q6xl_tensor_220w_mtp,0,38,11669,164.61,63,1650,9251,3,16
1784680343.792,real_q6xl_tensor_220w_mtp,1,23,11669,175.34,67,1455,9251,3,16
1784680343.792,real_q6xl_tensor_220w_mtp,2,39,11669,170.44,71,1620,9251,3,16
1784680343.792,real_q6xl_tensor_220w_mtp,3,19,11669,180.53,68,1515,9251,3,16
1784680344.361,real_q6xl_tensor_220w_mtp,0,0,11669,168.13,60,1920,9251,3,16
1784680344.361,real_q6xl_tensor_220w_mtp,1,0,11669,176.57,64,1905,9251,3,16
1784680344.361,real_q6xl_tensor_220w_mtp,2,0,11669,169.35,68,1905,9251,3,16
1784680344.361,real_q6xl_tensor_220w_mtp,3,0,11669,172.72,65,1920,9251,3,16
1784680344.943,real_q6xl_tensor_220w_mtp,0,0,11669,124.06,59,1920,9251,3,16
1784680344.943,real_q6xl_tensor_220w_mtp,1,0,11669,137.84,63,1905,9251,3,16
1784680344.943,real_q6xl_tensor_220w_mtp,2,0,11669,126.38,68,1905,9251,3,16
1784680344.943,real_q6xl_tensor_220w_mtp,3,0,11669,142.33,64,1920,9251,3,16
1784680345.528,real_q6xl_tensor_220w_mtp,0,100,11669,131.31,62,1620,9251,3,16
1784680345.528,real_q6xl_tensor_220w_mtp,1,100,11669,144.54,65,1575,9251,3,16
1784680345.528,real_q6xl_tensor_220w_mtp,2,100,11669,135.08,70,1545,9251,3,16
1784680345.528,real_q6xl_tensor_220w_mtp,3,100,11669,149.89,67,1605,9251,3,16
1784680346.097,real_q6xl_tensor_220w_mtp,0,100,11669,176.24,63,1860,9251,3,16
1784680346.097,real_q6xl_tensor_220w_mtp,1,100,11669,185.11,65,1875,9251,3,16
1784680346.097,real_q6xl_tensor_220w_mtp,2,100,11669,180.35,69,1830,9251,3,16
1784680346.097,real_q6xl_tensor_220w_mtp,3,100,11669,184.74,67,1890,9251,3,16
1784680346.659,real_q6xl_tensor_220w_mtp,0,0,11669,162.39,59,1920,9251,3,16
1784680346.659,real_q6xl_tensor_220w_mtp,1,0,11669,169.87,64,1905,9251,3,16
1784680346.659,real_q6xl_tensor_220w_mtp,2,0,11669,160.35,67,1875,9251,3,16
1784680346.659,real_q6xl_tensor_220w_mtp,3,0,11669,173.32,64,1920,9251,3,16
1784680347.217,real_q6xl_tensor_220w_mtp,0,0,11669,117.35,59,1920,9251,3,16
1784680347.217,real_q6xl_tensor_220w_mtp,1,0,11669,137.14,63,1905,9251,3,16
1784680347.217,real_q6xl_tensor_220w_mtp,2,0,11669,119.24,67,1875,9251,3,16
1784680347.217,real_q6xl_tensor_220w_mtp,3,0,11669,138.31,64,1920,9251,3,16
1784680347.797,real_q6xl_tensor_220w_mtp,0,37,11669,142.18,62,1725,9251,3,16
1784680347.797,real_q6xl_tensor_220w_mtp,1,54,11669,155.76,65,1680,9251,3,16
1784680347.797,real_q6xl_tensor_220w_mtp,2,59,11669,138.60,69,1635,9251,3,16
1784680347.797,real_q6xl_tensor_220w_mtp,3,75,11669,159.80,67,1695,9251,3,16
1784680348.367,real_q6xl_tensor_220w_mtp,0,74,11669,187.80,62,1665,9251,3,16
1784680348.367,real_q6xl_tensor_220w_mtp,1,75,11669,199.09,66,1680,9251,3,16
1784680348.367,real_q6xl_tensor_220w_mtp,2,75,11669,191.73,70,1635,9251,3,16
1784680348.367,real_q6xl_tensor_220w_mtp,3,73,11669,203.39,67,1680,9251,3,16
1784680348.967,real_q6xl_tensor_220w_mtp,0,73,11669,212.58,62,1800,9251,3,16
1784680348.967,real_q6xl_tensor_220w_mtp,1,72,11669,214.27,66,1740,9251,3,16
1784680348.967,real_q6xl_tensor_220w_mtp,2,72,11669,213.02,70,1635,9251,3,16
1784680348.967,real_q6xl_tensor_220w_mtp,3,71,11669,214.52,67,1755,9251,3,16
1784680349.534,real_q6xl_tensor_220w_mtp,0,73,11669,212.88,62,1800,9251,3,16
1784680349.534,real_q6xl_tensor_220w_mtp,1,72,11669,214.04,66,1710,9251,3,16
1784680349.534,real_q6xl_tensor_220w_mtp,2,72,11669,213.99,70,1770,9251,3,16
1784680349.534,real_q6xl_tensor_220w_mtp,3,71,11669,214.69,67,1725,9251,3,16
1784680350.103,real_q6xl_tensor_220w_mtp,0,73,11669,204.50,61,1770,9251,3,16
1784680350.103,real_q6xl_tensor_220w_mtp,1,69,11669,208.69,66,1710,9251,3,16
1784680350.103,real_q6xl_tensor_220w_mtp,2,71,11669,206.87,70,1620,9251,3,16
1784680350.103,real_q6xl_tensor_220w_mtp,3,73,11669,208.22,67,1755,9251,3,16
1784680350.673,real_q6xl_tensor_220w_mtp,0,73,11669,205.06,62,1785,9251,3,16
1784680350.673,real_q6xl_tensor_220w_mtp,1,69,11669,208.69,66,1710,9251,3,16
1784680350.673,real_q6xl_tensor_220w_mtp,2,71,11669,206.85,70,1725,9251,3,16
1784680350.673,real_q6xl_tensor_220w_mtp,3,73,11669,208.72,67,1755,9251,3,16
