t_unix,tag,index,utilization.gpu,memory.used,power.draw,temperature.gpu,clocks.sm,clocks.mem,pcie.link.gen.current,pcie.link.width.current
1784685940.194,real_q8_tensor_220w_ngram,0,0,11397,102.01,57,1710,9251,3,16
1784685940.194,real_q8_tensor_220w_ngram,1,0,11397,117.46,61,1710,9251,3,16
1784685940.194,real_q8_tensor_220w_ngram,2,0,11397,107.65,65,1710,9251,3,16
1784685940.194,real_q8_tensor_220w_ngram,3,0,11397,114.56,61,1710,9251,3,16
1784685940.778,real_q8_tensor_220w_ngram,0,0,11423,133.07,59,1935,9251,3,16
1784685940.778,real_q8_tensor_220w_ngram,1,0,11423,148.10,64,1905,9251,3,16
1784685940.778,real_q8_tensor_220w_ngram,2,0,11423,141.57,67,1905,9251,3,16
1784685940.778,real_q8_tensor_220w_ngram,3,0,11425,142.18,64,1935,9251,3,16
1784685941.394,real_q8_tensor_220w_ngram,0,27,11449,165.67,59,1935,9251,3,16
1784685941.394,real_q8_tensor_220w_ngram,1,19,11449,175.68,64,1905,9251,3,16
1784685941.394,real_q8_tensor_220w_ngram,2,17,11449,169.11,67,1905,9251,3,16
1784685941.394,real_q8_tensor_220w_ngram,3,22,11449,176.10,63,1935,9251,3,16
1784685941.965,real_q8_tensor_220w_ngram,0,27,11451,161.28,60,1890,9251,3,16
1784685941.965,real_q8_tensor_220w_ngram,1,19,11451,175.40,65,1800,9251,3,16
1784685941.965,real_q8_tensor_220w_ngram,2,17,11451,165.37,68,1845,9251,3,16
1784685941.965,real_q8_tensor_220w_ngram,3,22,11451,176.95,65,1815,9251,3,16
1784685942.540,real_q8_tensor_220w_ngram,0,54,11451,174.55,60,1875,9251,3,16
1784685942.540,real_q8_tensor_220w_ngram,1,85,11451,193.36,65,1800,9251,3,16
1784685942.540,real_q8_tensor_220w_ngram,2,85,11451,185.95,69,1755,9251,3,16
1784685942.540,real_q8_tensor_220w_ngram,3,48,11451,189.60,65,1815,9251,3,16
1784685943.107,real_q8_tensor_220w_ngram,0,54,11453,165.48,59,1935,9251,3,16
1784685943.107,real_q8_tensor_220w_ngram,1,85,11453,177.66,63,1905,9251,3,16
1784685943.107,real_q8_tensor_220w_ngram,2,85,11453,168.35,67,1905,9251,3,16
1784685943.107,real_q8_tensor_220w_ngram,3,48,11453,179.72,64,1935,9251,3,16
1784685943.698,real_q8_tensor_220w_ngram,0,34,11453,150.54,59,1935,9251,3,16
1784685943.698,real_q8_tensor_220w_ngram,1,43,11453,169.34,64,1905,9251,3,16
1784685943.698,real_q8_tensor_220w_ngram,2,42,11453,158.22,67,1905,9251,3,16
1784685943.698,real_q8_tensor_220w_ngram,3,24,11453,169.03,64,1935,9251,3,16
1784685944.266,real_q8_tensor_220w_ngram,0,34,11453,159.82,60,1935,9251,3,16
1784685944.266,real_q8_tensor_220w_ngram,1,43,11453,176.15,64,1905,9251,3,16
1784685944.266,real_q8_tensor_220w_ngram,2,42,11453,164.81,67,1905,9251,3,16
1784685944.266,real_q8_tensor_220w_ngram,3,24,11453,178.52,65,1920,9251,3,16
1784685944.859,real_q8_tensor_220w_ngram,0,41,11453,159.45,60,1935,9251,3,16
1784685944.859,real_q8_tensor_220w_ngram,1,45,11453,175.16,64,1905,9251,3,16
1784685944.859,real_q8_tensor_220w_ngram,2,44,11453,163.74,68,1905,9251,3,16
1784685944.859,real_q8_tensor_220w_ngram,3,37,11453,178.98,64,1935,9251,3,16
1784685945.435,real_q8_tensor_220w_ngram,0,47,11453,159.88,59,1935,9251,3,16
1784685945.435,real_q8_tensor_220w_ngram,1,45,11453,175.71,64,1905,9251,3,16
1784685945.435,real_q8_tensor_220w_ngram,2,44,11453,164.70,67,1905,9251,3,16
1784685945.435,real_q8_tensor_220w_ngram,3,37,11453,168.91,63,1710,9251,3,16
1784685946.029,real_q8_tensor_220w_ngram,0,25,11453,151.51,59,1935,9251,3,16
1784685946.029,real_q8_tensor_220w_ngram,1,36,11453,167.07,64,1905,9251,3,16
1784685946.029,real_q8_tensor_220w_ngram,2,32,11453,155.92,67,1905,9251,3,16
1784685946.029,real_q8_tensor_220w_ngram,3,34,11453,143.04,62,1710,9251,3,16
1784685946.628,real_q8_tensor_220w_ngram,0,33,11453,163.63,59,1935,9251,3,16
1784685946.628,real_q8_tensor_220w_ngram,1,34,11453,181.48,64,1875,9251,3,16
1784685946.628,real_q8_tensor_220w_ngram,2,25,11453,172.34,68,1905,9251,3,16
1784685946.628,real_q8_tensor_220w_ngram,3,25,11453,157.57,63,1905,9251,3,16
1784685947.198,real_q8_tensor_220w_ngram,0,42,11453,172.67,59,1935,9251,3,16
1784685947.198,real_q8_tensor_220w_ngram,1,19,11453,179.67,65,1905,9251,3,16
1784685947.198,real_q8_tensor_220w_ngram,2,21,11453,171.42,68,1905,9251,3,16
1784685947.198,real_q8_tensor_220w_ngram,3,38,11453,183.08,64,1935,9251,3,16
1784685947.794,real_q8_tensor_220w_ngram,0,42,11453,159.94,60,1935,9251,3,16
1784685947.794,real_q8_tensor_220w_ngram,1,19,11453,175.10,64,1905,9251,3,16
1784685947.794,real_q8_tensor_220w_ngram,2,21,11453,164.71,68,1905,9251,3,16
1784685947.794,real_q8_tensor_220w_ngram,3,38,11453,179.15,64,1845,9251,3,16
1784685948.358,real_q8_tensor_220w_ngram,0,42,11453,160.24,59,1935,9251,3,16
1784685948.358,real_q8_tensor_220w_ngram,1,29,11453,178.22,64,1905,9251,3,16
1784685948.358,real_q8_tensor_220w_ngram,2,28,11453,167.34,68,1905,9251,3,16
1784685948.358,real_q8_tensor_220w_ngram,3,38,11453,177.31,64,1935,9251,3,16
1784685948.926,real_q8_tensor_220w_ngram,0,34,11453,159.90,59,1935,9251,3,16
1784685948.926,real_q8_tensor_220w_ngram,1,29,11453,176.98,63,1905,9251,3,16
1784685948.926,real_q8_tensor_220w_ngram,2,35,11453,166.42,67,1905,9251,3,16
1784685948.926,real_q8_tensor_220w_ngram,3,38,11453,175.89,64,1935,9251,3,16
1784685949.500,real_q8_tensor_220w_ngram,0,39,11453,165.70,59,1935,9251,3,16
1784685949.500,real_q8_tensor_220w_ngram,1,25,11453,181.01,64,1905,9251,3,16
1784685949.500,real_q8_tensor_220w_ngram,2,35,11453,174.90,67,1905,9251,3,16
1784685949.500,real_q8_tensor_220w_ngram,3,31,11453,182.01,64,1935,9251,3,16
1784685950.067,real_q8_tensor_220w_ngram,0,39,11453,162.46,59,1935,9251,3,16
1784685950.067,real_q8_tensor_220w_ngram,1,25,11453,180.26,63,1905,9251,3,16
1784685950.067,real_q8_tensor_220w_ngram,2,33,11453,171.20,67,1905,9251,3,16
1784685950.067,real_q8_tensor_220w_ngram,3,31,11453,178.20,64,1935,9251,3,16
1784685950.657,real_q8_tensor_220w_ngram,0,15,11453,152.92,59,1935,9251,3,16
1784685950.657,real_q8_tensor_220w_ngram,1,29,11453,171.42,63,1905,9251,3,16
1784685950.657,real_q8_tensor_220w_ngram,2,33,11453,160.02,67,1905,9251,3,16
1784685950.657,real_q8_tensor_220w_ngram,3,12,11453,172.40,64,1935,9251,3,16
1784685951.226,real_q8_tensor_220w_ngram,0,15,11453,162.59,59,1935,9251,3,16
1784685951.226,real_q8_tensor_220w_ngram,1,29,11453,179.99,64,1905,9251,3,16
1784685951.226,real_q8_tensor_220w_ngram,2,24,11453,170.21,67,1905,9251,3,16
1784685951.226,real_q8_tensor_220w_ngram,3,12,11453,177.95,64,1935,9251,3,16
1784685951.794,real_q8_tensor_220w_ngram,0,40,11453,168.30,59,1935,9251,3,16
1784685951.794,real_q8_tensor_220w_ngram,1,30,11453,181.72,64,1905,9251,3,16
1784685951.794,real_q8_tensor_220w_ngram,2,24,11453,172.54,67,1905,9251,3,16
1784685951.794,real_q8_tensor_220w_ngram,3,33,11453,183.21,65,1935,9251,3,16
1784685952.358,real_q8_tensor_220w_ngram,0,75,11453,168.00,59,1935,9251,3,16
1784685952.358,real_q8_tensor_220w_ngram,1,61,11453,181.77,64,1905,9251,3,16
1784685952.358,real_q8_tensor_220w_ngram,2,29,11453,171.99,68,1905,9251,3,16
1784685952.358,real_q8_tensor_220w_ngram,3,54,11453,183.83,64,1935,9251,3,16
1784685952.952,real_q8_tensor_220w_ngram,0,95,11453,167.73,60,1815,9251,3,16
1784685952.952,real_q8_tensor_220w_ngram,1,87,11453,180.10,65,1710,9251,3,16
1784685952.952,real_q8_tensor_220w_ngram,2,29,11453,170.38,68,1755,9251,3,16
1784685952.952,real_q8_tensor_220w_ngram,3,94,11453,183.72,65,1740,9251,3,16
1784685953.552,real_q8_tensor_220w_ngram,0,95,11453,173.01,60,1815,9251,3,16
1784685953.552,real_q8_tensor_220w_ngram,1,87,11453,185.30,64,1695,9251,3,16
1784685953.552,real_q8_tensor_220w_ngram,2,35,11453,176.77,67,1905,9251,3,16
1784685953.552,real_q8_tensor_220w_ngram,3,94,11453,187.34,65,1740,9251,3,16
1784685954.152,real_q8_tensor_220w_ngram,0,82,11453,177.89,59,1815,9251,3,16
1784685954.152,real_q8_tensor_220w_ngram,1,57,11453,189.90,65,1710,9251,3,16
1784685954.152,real_q8_tensor_220w_ngram,2,35,11453,181.93,68,1770,9251,3,16
1784685954.152,real_q8_tensor_220w_ngram,3,79,11453,190.74,65,1740,9251,3,16
1784685954.730,real_q8_tensor_220w_ngram,0,82,11453,181.92,60,1815,9251,3,16
1784685954.730,real_q8_tensor_220w_ngram,1,57,11453,193.57,65,1710,9251,3,16
1784685954.730,real_q8_tensor_220w_ngram,2,94,11453,186.31,69,1755,9251,3,16
1784685954.730,real_q8_tensor_220w_ngram,3,79,11453,190.74,65,1740,9251,3,16
1784685955.321,real_q8_tensor_220w_ngram,0,18,11453,187.40,60,1935,9251,3,16
1784685955.321,real_q8_tensor_220w_ngram,1,28,11453,193.74,64,1905,9251,3,16
1784685955.321,real_q8_tensor_220w_ngram,2,94,11453,187.82,68,1905,9251,3,16
1784685955.321,real_q8_tensor_220w_ngram,3,19,11453,193.96,65,1935,9251,3,16
1784685955.891,real_q8_tensor_220w_ngram,0,24,11453,174.12,59,1935,9251,3,16
1784685955.891,real_q8_tensor_220w_ngram,1,36,11453,188.50,63,1905,9251,3,16
1784685955.891,real_q8_tensor_220w_ngram,2,48,11453,181.37,67,1905,9251,3,16
1784685955.891,real_q8_tensor_220w_ngram,3,31,11453,186.48,64,1935,9251,3,16
1784685956.498,real_q8_tensor_220w_ngram,0,42,11453,159.91,59,1935,9251,3,16
1784685956.498,real_q8_tensor_220w_ngram,1,43,11453,175.63,64,1905,9251,3,16
1784685956.498,real_q8_tensor_220w_ngram,2,48,11453,160.35,67,1905,9251,3,16
1784685956.498,real_q8_tensor_220w_ngram,3,34,11453,176.49,64,1905,9251,3,16
1784685957.063,real_q8_tensor_220w_ngram,0,42,11453,154.98,58,1935,9251,3,16
1784685957.063,real_q8_tensor_220w_ngram,1,43,11453,173.15,63,1905,9251,3,16
1784685957.063,real_q8_tensor_220w_ngram,2,24,11453,162.18,67,1905,9251,3,16
1784685957.063,real_q8_tensor_220w_ngram,3,34,11453,173.74,64,1935,9251,3,16
1784685957.648,real_q8_tensor_220w_ngram,0,34,11453,155.73,59,1815,9251,3,16
1784685957.648,real_q8_tensor_220w_ngram,1,55,11453,174.52,65,1725,9251,3,16
1784685957.648,real_q8_tensor_220w_ngram,2,24,11453,162.90,68,1785,9251,3,16
1784685957.648,real_q8_tensor_220w_ngram,3,55,11453,173.49,64,1740,9251,3,16
1784685958.213,real_q8_tensor_220w_ngram,0,34,11453,154.66,59,1935,9251,3,16
1784685958.213,real_q8_tensor_220w_ngram,1,55,11453,167.83,63,1875,9251,3,16
1784685958.213,real_q8_tensor_220w_ngram,2,35,11453,161.11,67,1890,9251,3,16
1784685958.213,real_q8_tensor_220w_ngram,3,55,11453,173.79,64,1920,9251,3,16
1784685958.800,real_q8_tensor_220w_ngram,0,95,11453,162.02,60,1815,9251,3,16
1784685958.800,real_q8_tensor_220w_ngram,1,95,11453,174.50,64,1725,9251,3,16
1784685958.800,real_q8_tensor_220w_ngram,2,35,11453,173.08,68,1770,9251,3,16
1784685958.800,real_q8_tensor_220w_ngram,3,94,11453,179.91,65,1740,9251,3,16
1784685959.367,real_q8_tensor_220w_ngram,0,22,11453,160.69,59,1935,9251,3,16
1784685959.367,real_q8_tensor_220w_ngram,1,28,11453,174.71,63,1905,9251,3,16
1784685959.367,real_q8_tensor_220w_ngram,2,28,11453,169.12,67,1905,9251,3,16
1784685959.367,real_q8_tensor_220w_ngram,3,16,11453,177.96,64,1935,9251,3,16
1784685959.968,real_q8_tensor_220w_ngram,0,29,11453,158.09,58,1935,9251,3,16
1784685959.968,real_q8_tensor_220w_ngram,1,43,11453,174.21,64,1905,9251,3,16
1784685959.968,real_q8_tensor_220w_ngram,2,28,11453,164.13,67,1905,9251,3,16
1784685959.968,real_q8_tensor_220w_ngram,3,19,11453,175.65,63,1935,9251,3,16
1784685960.561,real_q8_tensor_220w_ngram,0,29,11453,156.01,59,1935,9251,3,16
1784685960.561,real_q8_tensor_220w_ngram,1,43,11453,177.36,64,1905,9251,3,16
1784685960.561,real_q8_tensor_220w_ngram,2,24,11453,167.60,67,1905,9251,3,16
1784685960.561,real_q8_tensor_220w_ngram,3,19,11453,173.35,64,1935,9251,3,16
1784685961.150,real_q8_tensor_220w_ngram,0,26,11453,161.16,60,1935,9251,3,16
1784685961.150,real_q8_tensor_220w_ngram,1,51,11453,181.24,64,1905,9251,3,16
1784685961.150,real_q8_tensor_220w_ngram,2,24,11453,171.35,67,1905,9251,3,16
1784685961.150,real_q8_tensor_220w_ngram,3,27,11453,179.41,65,1935,9251,3,16
1784685961.735,real_q8_tensor_220w_ngram,0,26,11453,175.33,59,1935,9251,3,16
1784685961.735,real_q8_tensor_220w_ngram,1,51,11453,187.72,64,1905,9251,3,16
1784685961.735,real_q8_tensor_220w_ngram,2,27,11453,179.45,68,1905,9251,3,16
1784685961.735,real_q8_tensor_220w_ngram,3,27,11453,189.45,64,1920,9251,3,16
1784685962.303,real_q8_tensor_220w_ngram,0,40,11453,165.75,59,1935,9251,3,16
1784685962.303,real_q8_tensor_220w_ngram,1,46,11453,180.65,64,1905,9251,3,16
1784685962.303,real_q8_tensor_220w_ngram,2,27,11453,171.12,67,1905,9251,3,16
1784685962.303,real_q8_tensor_220w_ngram,3,32,11453,182.37,64,1935,9251,3,16
1784685962.893,real_q8_tensor_220w_ngram,0,30,11453,150.90,59,1935,9251,3,16
1784685962.893,real_q8_tensor_220w_ngram,1,35,11453,170.05,63,1905,9251,3,16
1784685962.893,real_q8_tensor_220w_ngram,2,26,11453,158.56,66,1905,9251,3,16
1784685962.893,real_q8_tensor_220w_ngram,3,36,11453,171.96,64,1935,9251,3,16
1784685963.464,real_q8_tensor_220w_ngram,0,67,11453,163.15,60,1905,9251,3,16
1784685963.464,real_q8_tensor_220w_ngram,1,94,11453,179.03,64,1875,9251,3,16
1784685963.464,real_q8_tensor_220w_ngram,2,26,11453,168.86,68,1875,9251,3,16
1784685963.464,real_q8_tensor_220w_ngram,3,59,11453,180.66,65,1875,9251,3,16
1784685964.029,real_q8_tensor_220w_ngram,0,67,11453,166.95,58,1935,9251,3,16
1784685964.029,real_q8_tensor_220w_ngram,1,94,11453,181.24,64,1905,9251,3,16
1784685964.029,real_q8_tensor_220w_ngram,2,13,11453,171.96,67,1905,9251,3,16
1784685964.029,real_q8_tensor_220w_ngram,3,59,11453,182.10,63,1935,9251,3,16
1784685964.619,real_q8_tensor_220w_ngram,0,25,11453,154.33,58,1935,9251,3,16
1784685964.619,real_q8_tensor_220w_ngram,1,40,11453,175.35,64,1905,9251,3,16
1784685964.619,real_q8_tensor_220w_ngram,2,13,11453,164.20,67,1905,9251,3,16
1784685964.619,real_q8_tensor_220w_ngram,3,23,11453,178.87,64,1935,9251,3,16
1784685965.213,real_q8_tensor_220w_ngram,0,25,11453,157.25,58,1935,9251,3,16
1784685965.213,real_q8_tensor_220w_ngram,1,40,11453,175.39,63,1905,9251,3,16
1784685965.213,real_q8_tensor_220w_ngram,2,13,11453,164.40,66,1905,9251,3,16
1784685965.213,real_q8_tensor_220w_ngram,3,23,11453,174.71,63,1935,9251,3,16
1784685965.838,real_q8_tensor_220w_ngram,0,38,11453,173.24,59,1935,9251,3,16
1784685965.838,real_q8_tensor_220w_ngram,1,43,11453,183.86,64,1905,9251,3,16
1784685965.838,real_q8_tensor_220w_ngram,2,13,11453,176.53,67,1905,9251,3,16
1784685965.838,real_q8_tensor_220w_ngram,3,29,11453,184.05,64,1920,9251,3,16
1784685966.404,real_q8_tensor_220w_ngram,0,87,11453,186.85,59,1935,9251,3,16
1784685966.404,real_q8_tensor_220w_ngram,1,89,11453,198.35,64,1875,9251,3,16
1784685966.404,real_q8_tensor_220w_ngram,2,31,11453,192.86,68,1905,9251,3,16
1784685966.404,real_q8_tensor_220w_ngram,3,67,11453,196.87,64,1890,9251,3,16
1784685966.975,real_q8_tensor_220w_ngram,0,16,11453,171.82,58,1935,9251,3,16
1784685966.975,real_q8_tensor_220w_ngram,1,35,11453,185.64,63,1905,9251,3,16
1784685966.975,real_q8_tensor_220w_ngram,2,64,11453,177.81,67,1905,9251,3,16
1784685966.975,real_q8_tensor_220w_ngram,3,15,11453,187.02,64,1935,9251,3,16
1784685967.543,real_q8_tensor_220w_ngram,0,16,11453,182.73,60,1890,9251,3,16
1784685967.543,real_q8_tensor_220w_ngram,1,35,11453,191.91,65,1815,9251,3,16
1784685967.543,real_q8_tensor_220w_ngram,2,100,11453,185.51,69,1860,9251,3,16
1784685967.543,real_q8_tensor_220w_ngram,3,15,11453,195.75,65,1845,9251,3,16
1784685968.119,real_q8_tensor_220w_ngram,0,100,11453,205.53,61,1920,9251,3,16
1784685968.119,real_q8_tensor_220w_ngram,1,82,11453,212.32,66,1800,9251,3,16
1784685968.119,real_q8_tensor_220w_ngram,2,100,11453,209.63,69,1875,9251,3,16
1784685968.119,real_q8_tensor_220w_ngram,3,100,11453,211.87,66,1890,9251,3,16
1784685968.695,real_q8_tensor_220w_ngram,0,100,11453,213.57,61,1875,9251,3,16
1784685968.695,real_q8_tensor_220w_ngram,1,82,11453,217.44,65,1800,9251,3,16
1784685968.695,real_q8_tensor_220w_ngram,2,100,11453,215.52,70,1830,9251,3,16
1784685968.695,real_q8_tensor_220w_ngram,3,100,11453,217.06,66,1830,9251,3,16
1784685969.294,real_q8_tensor_220w_ngram,0,82,11455,213.65,61,1890,9251,3,16
1784685969.294,real_q8_tensor_220w_ngram,1,86,11455,217.41,65,1815,9251,3,16
1784685969.294,real_q8_tensor_220w_ngram,2,100,11455,215.16,69,1830,9251,3,16
1784685969.294,real_q8_tensor_220w_ngram,3,82,11455,217.02,66,1830,9251,3,16
1784685969.869,real_q8_tensor_220w_ngram,0,100,11455,213.61,61,1890,9251,3,16
1784685969.869,real_q8_tensor_220w_ngram,1,90,11455,216.90,66,1815,9251,3,16
1784685969.869,real_q8_tensor_220w_ngram,2,100,11455,215.22,70,1845,9251,3,16
1784685969.869,real_q8_tensor_220w_ngram,3,90,11455,217.16,66,1815,9251,3,16
1784685970.447,real_q8_tensor_220w_ngram,0,100,11455,199.77,61,1875,9251,3,16
1784685970.447,real_q8_tensor_220w_ngram,1,100,11455,206.12,66,1800,9251,3,16
1784685970.447,real_q8_tensor_220w_ngram,2,100,11455,202.66,69,1845,9251,3,16
1784685970.447,real_q8_tensor_220w_ngram,3,100,11455,206.32,66,1830,9251,3,16
1784685971.023,real_q8_tensor_220w_ngram,0,100,11455,176.11,59,1935,9251,3,16
1784685971.023,real_q8_tensor_220w_ngram,1,100,11455,188.37,65,1905,9251,3,16
1784685971.023,real_q8_tensor_220w_ngram,2,34,11455,181.10,68,1905,9251,3,16
1784685971.023,real_q8_tensor_220w_ngram,3,100,11455,187.92,64,1935,9251,3,16
1784685971.614,real_q8_tensor_220w_ngram,0,43,11455,158.40,59,1815,9251,3,16
1784685971.614,real_q8_tensor_220w_ngram,1,66,11455,177.06,65,1710,9251,3,16
1784685971.614,real_q8_tensor_220w_ngram,2,34,11455,166.17,68,1755,9251,3,16
1784685971.614,real_q8_tensor_220w_ngram,3,30,11455,175.19,65,1740,9251,3,16
1784685972.202,real_q8_tensor_220w_ngram,0,43,11455,155.26,59,1935,9251,3,16
1784685972.202,real_q8_tensor_220w_ngram,1,66,11455,174.45,64,1905,9251,3,16
1784685972.202,real_q8_tensor_220w_ngram,2,44,11455,163.45,67,1905,9251,3,16
1784685972.202,real_q8_tensor_220w_ngram,3,30,11455,174.75,64,1935,9251,3,16
1784685972.778,real_q8_tensor_220w_ngram,0,55,11455,162.12,59,1935,9251,3,16
1784685972.778,real_q8_tensor_220w_ngram,1,74,11455,180.69,64,1905,9251,3,16
1784685972.778,real_q8_tensor_220w_ngram,2,44,11455,169.91,68,1890,9251,3,16
1784685972.778,real_q8_tensor_220w_ngram,3,46,11455,178.04,64,1935,9251,3,16
1784685973.364,real_q8_tensor_220w_ngram,0,55,11455,160.92,59,1935,9251,3,16
1784685973.364,real_q8_tensor_220w_ngram,1,47,11455,180.56,63,1905,9251,3,16
1784685973.364,real_q8_tensor_220w_ngram,2,49,11455,171.55,67,1905,9251,3,16
1784685973.364,real_q8_tensor_220w_ngram,3,26,11455,176.32,64,1935,9251,3,16
1784685973.930,real_q8_tensor_220w_ngram,0,25,11455,156.71,59,1935,9251,3,16
1784685973.930,real_q8_tensor_220w_ngram,1,36,11455,172.40,63,1905,9251,3,16
1784685973.930,real_q8_tensor_220w_ngram,2,49,11455,162.50,67,1905,9251,3,16
1784685973.930,real_q8_tensor_220w_ngram,3,30,11455,174.88,64,1920,9251,3,16
1784685974.497,real_q8_tensor_220w_ngram,0,25,11455,163.02,59,1920,9251,3,16
1784685974.497,real_q8_tensor_220w_ngram,1,36,11455,179.28,64,1815,9251,3,16
1784685974.497,real_q8_tensor_220w_ngram,2,35,11455,169.29,67,1905,9251,3,16
1784685974.497,real_q8_tensor_220w_ngram,3,30,11455,177.28,64,1890,9251,3,16
1784685975.064,real_q8_tensor_220w_ngram,0,27,11455,155.79,58,1935,9251,3,16
1784685975.064,real_q8_tensor_220w_ngram,1,16,11455,172.42,63,1905,9251,3,16
1784685975.064,real_q8_tensor_220w_ngram,2,35,11455,161.06,66,1905,9251,3,16
1784685975.064,real_q8_tensor_220w_ngram,3,19,11455,172.07,63,1935,9251,3,16
1784685975.630,real_q8_tensor_220w_ngram,0,27,11455,145.87,59,1935,9251,3,16
1784685975.630,real_q8_tensor_220w_ngram,1,16,11455,164.57,63,1905,9251,3,16
1784685975.630,real_q8_tensor_220w_ngram,2,28,11455,152.47,66,1905,9251,3,16
1784685975.630,real_q8_tensor_220w_ngram,3,19,11455,166.91,64,1935,9251,3,16
1784685976.195,real_q8_tensor_220w_ngram,0,94,11455,162.84,60,1815,9251,3,16
1784685976.195,real_q8_tensor_220w_ngram,1,94,11455,181.32,65,1725,9251,3,16
1784685976.195,real_q8_tensor_220w_ngram,2,28,11455,171.98,68,1770,9251,3,16
1784685976.195,real_q8_tensor_220w_ngram,3,94,11455,180.76,65,1740,9251,3,16
1784685976.795,real_q8_tensor_220w_ngram,0,94,11455,180.63,59,1935,9251,3,16
1784685976.795,real_q8_tensor_220w_ngram,1,94,11455,190.60,64,1905,9251,3,16
1784685976.795,real_q8_tensor_220w_ngram,2,30,11455,184.48,67,1905,9251,3,16
1784685976.795,real_q8_tensor_220w_ngram,3,94,11455,192.54,64,1935,9251,3,16
1784685977.362,real_q8_tensor_220w_ngram,0,24,11455,155.54,58,1935,9251,3,16
1784685977.362,real_q8_tensor_220w_ngram,1,26,11455,174.55,63,1905,9251,3,16
1784685977.362,real_q8_tensor_220w_ngram,2,28,11455,165.21,67,1905,9251,3,16
1784685977.362,real_q8_tensor_220w_ngram,3,16,11455,171.32,64,1935,9251,3,16
1784685977.934,real_q8_tensor_220w_ngram,0,24,11455,151.67,58,1935,9251,3,16
1784685977.934,real_q8_tensor_220w_ngram,1,26,11455,169.49,64,1890,9251,3,16
1784685977.934,real_q8_tensor_220w_ngram,2,26,11455,159.40,67,1905,9251,3,16
1784685977.934,real_q8_tensor_220w_ngram,3,16,11455,169.89,63,1935,9251,3,16
1784685978.539,real_q8_tensor_220w_ngram,0,32,11455,156.49,58,1935,9251,3,16
1784685978.539,real_q8_tensor_220w_ngram,1,26,11455,177.05,63,1905,9251,3,16
1784685978.539,real_q8_tensor_220w_ngram,2,29,11455,166.71,67,1905,9251,3,16
1784685978.539,real_q8_tensor_220w_ngram,3,30,11455,173.41,64,1935,9251,3,16
1784685979.128,real_q8_tensor_220w_ngram,0,32,11455,167.34,60,1845,9251,3,16
1784685979.128,real_q8_tensor_220w_ngram,1,26,11455,181.50,65,1770,9251,3,16
1784685979.128,real_q8_tensor_220w_ngram,2,80,11455,170.85,68,1770,9251,3,16
1784685979.128,real_q8_tensor_220w_ngram,3,30,11455,184.08,65,1755,9251,3,16
1784685979.737,real_q8_tensor_220w_ngram,0,31,11455,161.96,58,1935,9251,3,16
1784685979.737,real_q8_tensor_220w_ngram,1,42,11455,182.20,63,1905,9251,3,16
1784685979.737,real_q8_tensor_220w_ngram,2,80,11455,165.79,67,1905,9251,3,16
1784685979.737,real_q8_tensor_220w_ngram,3,22,11455,176.87,64,1935,9251,3,16
1784685980.370,real_q8_tensor_220w_ngram,0,29,11455,149.69,58,1935,9251,3,16
1784685980.370,real_q8_tensor_220w_ngram,1,38,11455,169.13,63,1905,9251,3,16
1784685980.370,real_q8_tensor_220w_ngram,2,32,11455,157.24,67,1905,9251,3,16
1784685980.370,real_q8_tensor_220w_ngram,3,23,11455,168.90,64,1935,9251,3,16
1784685980.978,real_q8_tensor_220w_ngram,0,18,11455,145.81,58,1935,9251,3,16
1784685980.978,real_q8_tensor_220w_ngram,1,19,11455,165.14,63,1905,9251,3,16
1784685980.978,real_q8_tensor_220w_ngram,2,32,11455,152.81,66,1905,9251,3,16
1784685980.978,real_q8_tensor_220w_ngram,3,11,11455,166.18,63,1710,9251,3,16
1784685981.575,real_q8_tensor_220w_ngram,0,18,11455,132.19,57,1710,9251,3,16
1784685981.575,real_q8_tensor_220w_ngram,1,19,11455,161.01,63,1710,9251,3,16
1784685981.575,real_q8_tensor_220w_ngram,2,20,11455,136.55,65,1710,9251,3,16
1784685981.575,real_q8_tensor_220w_ngram,3,11,11455,145.92,62,1710,9251,3,16
1784685982.190,real_q8_tensor_220w_ngram,0,28,11455,122.68,57,1710,9251,3,16
1784685982.190,real_q8_tensor_220w_ngram,1,22,11455,151.48,62,1710,9251,3,16
1784685982.190,real_q8_tensor_220w_ngram,2,20,11455,127.40,65,1710,9251,3,16
1784685982.190,real_q8_tensor_220w_ngram,3,23,11455,135.62,61,1710,9251,3,16
1784685982.757,real_q8_tensor_220w_ngram,0,28,11455,119.82,56,1710,9251,3,16
1784685982.757,real_q8_tensor_220w_ngram,1,22,11455,134.75,61,1710,9251,3,16
1784685982.757,real_q8_tensor_220w_ngram,2,18,11455,124.86,65,1710,9251,3,16
1784685982.757,real_q8_tensor_220w_ngram,3,23,11455,132.46,61,1710,9251,3,16
1784685983.383,real_q8_tensor_220w_ngram,0,31,11455,117.10,56,1710,9251,3,16
1784685983.383,real_q8_tensor_220w_ngram,1,49,11455,134.41,61,1710,9251,3,16
1784685983.383,real_q8_tensor_220w_ngram,2,18,11455,124.45,64,1710,9251,3,16
1784685983.383,real_q8_tensor_220w_ngram,3,19,11455,129.44,61,1710,9251,3,16
1784685983.955,real_q8_tensor_220w_ngram,0,31,11455,120.24,57,1710,9251,3,16
1784685983.955,real_q8_tensor_220w_ngram,1,49,11455,135.12,61,1710,9251,3,16
1784685983.955,real_q8_tensor_220w_ngram,2,43,11455,125.05,65,1710,9251,3,16
1784685983.955,real_q8_tensor_220w_ngram,3,19,11455,134.17,62,1755,9251,3,16
1784685984.533,real_q8_tensor_220w_ngram,0,79,11455,164.57,60,1920,9251,3,16
1784685984.533,real_q8_tensor_220w_ngram,1,97,11455,175.26,64,1860,9251,3,16
1784685984.533,real_q8_tensor_220w_ngram,2,43,11455,168.16,67,1890,9251,3,16
1784685984.533,real_q8_tensor_220w_ngram,3,79,11455,175.35,65,1890,9251,3,16
1784685985.125,real_q8_tensor_220w_ngram,0,79,11455,206.83,60,1890,9251,3,16
1784685985.125,real_q8_tensor_220w_ngram,1,97,11455,211.90,65,1815,9251,3,16
1784685985.125,real_q8_tensor_220w_ngram,2,100,11455,208.99,69,1845,9251,3,16
1784685985.125,real_q8_tensor_220w_ngram,3,79,11455,210.64,65,1830,9251,3,16
1784685985.728,real_q8_tensor_220w_ngram,0,100,11455,213.60,60,1890,9251,3,16
1784685985.728,real_q8_tensor_220w_ngram,1,81,11455,218.01,65,1815,9251,3,16
1784685985.728,real_q8_tensor_220w_ngram,2,100,11455,215.41,69,1860,9251,3,16
1784685985.728,real_q8_tensor_220w_ngram,3,100,11455,216.97,65,1815,9251,3,16
1784685986.327,real_q8_tensor_220w_ngram,0,100,11455,213.60,60,1875,9251,3,16
1784685986.327,real_q8_tensor_220w_ngram,1,81,11455,217.66,65,1815,9251,3,16
1784685986.327,real_q8_tensor_220w_ngram,2,100,11455,215.18,69,1845,9251,3,16
1784685986.327,real_q8_tensor_220w_ngram,3,100,11455,217.11,66,1830,9251,3,16
1784685986.923,real_q8_tensor_220w_ngram,0,26,11455,206.48,59,1935,9251,3,16
1784685986.923,real_q8_tensor_220w_ngram,1,3,11455,207.60,63,1905,9251,3,16
1784685986.923,real_q8_tensor_220w_ngram,2,76,11455,203.34,66,1905,9251,3,16
1784685986.923,real_q8_tensor_220w_ngram,3,16,11455,210.32,64,1935,9251,3,16
1784685987.494,real_q8_tensor_220w_ngram,0,38,11455,188.34,59,1935,9251,3,16
1784685987.494,real_q8_tensor_220w_ngram,1,92,11455,197.12,64,1905,9251,3,16
1784685987.494,real_q8_tensor_220w_ngram,2,27,11455,191.37,68,1905,9251,3,16
1784685987.494,real_q8_tensor_220w_ngram,3,68,11455,197.75,65,1935,9251,3,16
1784685988.065,real_q8_tensor_220w_ngram,0,26,11455,177.26,59,1935,9251,3,16
1784685988.065,real_q8_tensor_220w_ngram,1,28,11455,186.87,63,1905,9251,3,16
1784685988.065,real_q8_tensor_220w_ngram,2,27,11455,179.41,66,1890,9251,3,16
1784685988.065,real_q8_tensor_220w_ngram,3,30,11455,189.65,64,1905,9251,3,16
1784685988.650,real_q8_tensor_220w_ngram,0,26,11455,158.99,58,1935,9251,3,16
1784685988.650,real_q8_tensor_220w_ngram,1,28,11455,175.37,63,1905,9251,3,16
1784685988.650,real_q8_tensor_220w_ngram,2,27,11455,165.84,66,1905,9251,3,16
1784685988.650,real_q8_tensor_220w_ngram,3,30,11455,174.44,63,1935,9251,3,16
1784685989.241,real_q8_tensor_220w_ngram,0,25,11455,155.56,58,1935,9251,3,16
1784685989.241,real_q8_tensor_220w_ngram,1,28,11455,172.38,63,1905,9251,3,16
1784685989.241,real_q8_tensor_220w_ngram,2,27,11455,160.99,66,1905,9251,3,16
1784685989.241,real_q8_tensor_220w_ngram,3,15,11455,173.02,63,1935,9251,3,16
1784685989.828,real_q8_tensor_220w_ngram,0,25,11455,157.11,58,1890,9251,3,16
1784685989.828,real_q8_tensor_220w_ngram,1,28,11455,177.14,63,1830,9251,3,16
1784685989.828,real_q8_tensor_220w_ngram,2,56,11455,165.48,67,1815,9251,3,16
1784685989.828,real_q8_tensor_220w_ngram,3,15,11455,175.55,64,1845,9251,3,16
1784685990.392,real_q8_tensor_220w_ngram,0,47,11455,158.78,58,1935,9251,3,16
1784685990.392,real_q8_tensor_220w_ngram,1,38,11455,172.85,63,1905,9251,3,16
1784685990.392,real_q8_tensor_220w_ngram,2,34,11455,162.81,66,1905,9251,3,16
1784685990.392,real_q8_tensor_220w_ngram,3,34,11455,177.03,63,1815,9251,3,16
1784685990.964,real_q8_tensor_220w_ngram,0,47,11455,152.64,59,1935,9251,3,16
1784685990.964,real_q8_tensor_220w_ngram,1,38,11455,166.92,63,1905,9251,3,16
1784685990.964,real_q8_tensor_220w_ngram,2,64,11455,162.95,66,1905,9251,3,16
1784685990.964,real_q8_tensor_220w_ngram,3,34,11455,157.40,62,1935,9251,3,16
1784685991.565,real_q8_tensor_220w_ngram,0,29,11455,158.21,58,1935,9251,3,16
1784685991.565,real_q8_tensor_220w_ngram,1,27,11455,176.89,63,1905,9251,3,16
1784685991.565,real_q8_tensor_220w_ngram,2,64,11455,165.81,66,1905,9251,3,16
1784685991.565,real_q8_tensor_220w_ngram,3,24,11455,160.90,63,1935,9251,3,16
1784685992.161,real_q8_tensor_220w_ngram,0,29,11455,149.91,58,1935,9251,3,16
1784685992.161,real_q8_tensor_220w_ngram,1,27,11455,169.11,63,1785,9251,3,16
1784685992.161,real_q8_tensor_220w_ngram,2,20,11455,159.42,66,1860,9251,3,16
1784685992.161,real_q8_tensor_220w_ngram,3,24,11455,167.77,64,1800,9251,3,16
1784685992.729,real_q8_tensor_220w_ngram,0,92,11455,158.29,59,1815,9251,3,16
1784685992.729,real_q8_tensor_220w_ngram,1,79,11455,173.68,64,1710,9251,3,16
1784685992.729,real_q8_tensor_220w_ngram,2,20,11455,162.94,68,1755,9251,3,16
1784685992.729,real_q8_tensor_220w_ngram,3,93,11455,176.75,64,1740,9251,3,16
1784685993.322,real_q8_tensor_220w_ngram,0,92,11455,176.94,58,1935,9251,3,16
1784685993.322,real_q8_tensor_220w_ngram,1,79,11455,188.33,63,1905,9251,3,16
1784685993.322,real_q8_tensor_220w_ngram,2,23,11455,181.19,66,1905,9251,3,16
1784685993.322,real_q8_tensor_220w_ngram,3,93,11455,188.59,64,1935,9251,3,16
1784685993.892,real_q8_tensor_220w_ngram,0,34,11455,166.57,58,1935,9251,3,16
1784685993.892,real_q8_tensor_220w_ngram,1,33,11455,175.82,63,1905,9251,3,16
1784685993.892,real_q8_tensor_220w_ngram,2,30,11455,167.74,66,1905,9251,3,16
1784685993.892,real_q8_tensor_220w_ngram,3,26,11455,179.58,63,1935,9251,3,16
1784685994.463,real_q8_tensor_220w_ngram,0,34,11455,151.11,58,1935,9251,3,16
1784685994.463,real_q8_tensor_220w_ngram,1,33,11455,169.14,63,1905,9251,3,16
1784685994.463,real_q8_tensor_220w_ngram,2,35,11455,158.18,66,1905,9251,3,16
1784685994.463,real_q8_tensor_220w_ngram,3,26,11455,169.45,63,1935,9251,3,16
1784685995.029,real_q8_tensor_220w_ngram,0,36,11455,158.49,58,1935,9251,3,16
1784685995.029,real_q8_tensor_220w_ngram,1,27,11455,173.69,63,1905,9251,3,16
1784685995.029,real_q8_tensor_220w_ngram,2,35,11455,163.68,66,1905,9251,3,16
1784685995.029,real_q8_tensor_220w_ngram,3,26,11455,175.50,63,1935,9251,3,16
1784685995.614,real_q8_tensor_220w_ngram,0,36,11455,160.39,58,1935,9251,3,16
1784685995.614,real_q8_tensor_220w_ngram,1,27,11455,179.13,63,1905,9251,3,16
1784685995.614,real_q8_tensor_220w_ngram,2,42,11455,170.02,67,1905,9251,3,16
1784685995.614,real_q8_tensor_220w_ngram,3,26,11455,176.71,63,1905,9251,3,16
1784685996.181,real_q8_tensor_220w_ngram,0,45,11455,164.24,58,1935,9251,3,16
1784685996.181,real_q8_tensor_220w_ngram,1,19,11455,180.35,63,1905,9251,3,16
1784685996.181,real_q8_tensor_220w_ngram,2,42,11455,171.55,67,1905,9251,3,16
1784685996.181,real_q8_tensor_220w_ngram,3,40,11455,179.81,63,1935,9251,3,16
1784685996.773,real_q8_tensor_220w_ngram,0,45,11455,158.34,57,1935,9251,3,16
1784685996.773,real_q8_tensor_220w_ngram,1,19,11455,174.38,63,1905,9251,3,16
1784685996.773,real_q8_tensor_220w_ngram,2,12,11455,164.40,66,1905,9251,3,16
1784685996.773,real_q8_tensor_220w_ngram,3,40,11455,175.92,63,1935,9251,3,16
1784685997.359,real_q8_tensor_220w_ngram,0,40,11455,152.43,58,1935,9251,3,16
1784685997.359,real_q8_tensor_220w_ngram,1,24,11455,169.66,63,1905,9251,3,16
1784685997.359,real_q8_tensor_220w_ngram,2,30,11455,158.40,66,1905,9251,3,16
1784685997.359,real_q8_tensor_220w_ngram,3,38,11455,172.62,64,1935,9251,3,16
1784685997.950,real_q8_tensor_220w_ngram,0,17,11455,147.71,58,1935,9251,3,16
1784685997.950,real_q8_tensor_220w_ngram,1,30,11455,167.38,63,1725,9251,3,16
1784685997.950,real_q8_tensor_220w_ngram,2,30,11455,153.24,65,1710,9251,3,16
1784685997.950,real_q8_tensor_220w_ngram,3,23,11455,161.08,62,1710,9251,3,16
1784685998.549,real_q8_tensor_220w_ngram,0,28,11455,154.25,57,1935,9251,3,16
1784685998.549,real_q8_tensor_220w_ngram,1,19,11455,169.16,63,1905,9251,3,16
1784685998.549,real_q8_tensor_220w_ngram,2,30,11455,149.05,66,1905,9251,3,16
1784685998.549,real_q8_tensor_220w_ngram,3,23,11455,155.08,62,1935,9251,3,16
1784685999.113,real_q8_tensor_220w_ngram,0,28,11455,154.41,58,1935,9251,3,16
1784685999.113,real_q8_tensor_220w_ngram,1,19,11455,166.57,62,1905,9251,3,16
1784685999.113,real_q8_tensor_220w_ngram,2,30,11455,152.53,66,1905,9251,3,16
1784685999.113,real_q8_tensor_220w_ngram,3,23,11455,162.64,63,1935,9251,3,16
1784685999.683,real_q8_tensor_220w_ngram,0,43,11455,146.29,57,1935,9251,3,16
1784685999.683,real_q8_tensor_220w_ngram,1,14,11455,164.75,63,1905,9251,3,16
1784685999.683,real_q8_tensor_220w_ngram,2,30,11455,153.66,66,1905,9251,3,16
1784685999.683,real_q8_tensor_220w_ngram,3,28,11455,165.36,63,1935,9251,3,16
1784686000.271,real_q8_tensor_220w_ngram,0,43,11455,146.73,58,1815,9251,3,16
1784686000.271,real_q8_tensor_220w_ngram,1,14,11455,164.39,62,1710,9251,3,16
1784686000.271,real_q8_tensor_220w_ngram,2,73,11455,156.48,66,1710,9251,3,16
1784686000.271,real_q8_tensor_220w_ngram,3,28,11455,162.74,63,1710,9251,3,16
1784686000.874,real_q8_tensor_220w_ngram,0,100,11455,177.19,60,1890,9251,3,16
1784686000.874,real_q8_tensor_220w_ngram,1,100,11455,181.94,65,1875,9251,3,16
1784686000.874,real_q8_tensor_220w_ngram,2,100,11455,175.00,68,1860,9251,3,16
1784686000.874,real_q8_tensor_220w_ngram,3,100,11455,184.66,65,1890,9251,3,16
1784686001.448,real_q8_tensor_220w_ngram,0,100,11455,202.80,60,1890,9251,3,16
1784686001.448,real_q8_tensor_220w_ngram,1,100,11455,208.79,65,1815,9251,3,16
1784686001.448,real_q8_tensor_220w_ngram,2,100,11455,203.23,68,1860,9251,3,16
1784686001.448,real_q8_tensor_220w_ngram,3,100,11455,207.67,65,1830,9251,3,16
1784686002.044,real_q8_tensor_220w_ngram,0,82,11455,213.12,60,1890,9251,3,16
1784686002.044,real_q8_tensor_220w_ngram,1,81,11455,217.66,65,1800,9251,3,16
1784686002.044,real_q8_tensor_220w_ngram,2,100,11455,214.03,68,1845,9251,3,16
1784686002.044,real_q8_tensor_220w_ngram,3,81,11455,216.18,66,1830,9251,3,16
1784686002.622,real_q8_tensor_220w_ngram,0,82,11455,213.01,60,1890,9251,3,16
1784686002.622,real_q8_tensor_220w_ngram,1,81,11455,217.46,65,1815,9251,3,16
1784686002.622,real_q8_tensor_220w_ngram,2,100,11455,213.48,69,1845,9251,3,16
1784686002.622,real_q8_tensor_220w_ngram,3,81,11455,216.45,66,1815,9251,3,16
1784686003.224,real_q8_tensor_220w_ngram,0,79,11455,212.97,60,1875,9251,3,16
1784686003.224,real_q8_tensor_220w_ngram,1,100,11455,217.27,65,1815,9251,3,16
1784686003.224,real_q8_tensor_220w_ngram,2,100,11455,213.35,69,1845,9251,3,16
1784686003.224,real_q8_tensor_220w_ngram,3,80,11455,216.15,66,1830,9251,3,16
1784686003.799,real_q8_tensor_220w_ngram,0,79,11455,212.82,60,1905,9251,3,16
1784686003.799,real_q8_tensor_220w_ngram,1,100,11455,217.91,65,1845,9251,3,16
1784686003.799,real_q8_tensor_220w_ngram,2,100,11455,213.40,69,1845,9251,3,16
1784686003.799,real_q8_tensor_220w_ngram,3,80,11455,216.40,66,1860,9251,3,16
1784686004.388,real_q8_tensor_220w_ngram,0,100,11455,212.85,60,1875,9251,3,16
1784686004.388,real_q8_tensor_220w_ngram,1,96,11455,217.72,65,1800,9251,3,16
1784686004.388,real_q8_tensor_220w_ngram,2,97,11455,213.38,69,1845,9251,3,16
1784686004.388,real_q8_tensor_220w_ngram,3,100,11455,217.02,66,1830,9251,3,16
1784686004.963,real_q8_tensor_220w_ngram,0,100,11455,213.73,60,1920,9251,3,16
1784686004.963,real_q8_tensor_220w_ngram,1,96,11455,217.23,65,1905,9251,3,16
1784686004.963,real_q8_tensor_220w_ngram,2,100,11455,213.70,69,1875,9251,3,16
1784686004.963,real_q8_tensor_220w_ngram,3,100,11455,216.05,66,1920,9251,3,16
1784686005.540,real_q8_tensor_220w_ngram,0,100,11455,212.54,60,1875,9251,3,16
1784686005.540,real_q8_tensor_220w_ngram,1,100,11455,217.54,65,1815,9251,3,16
1784686005.540,real_q8_tensor_220w_ngram,2,100,11455,213.67,69,1830,9251,3,16
1784686005.540,real_q8_tensor_220w_ngram,3,100,11455,215.83,66,1830,9251,3,16
1784686006.117,real_q8_tensor_220w_ngram,0,100,11455,213.20,61,1875,9251,3,16
1784686006.117,real_q8_tensor_220w_ngram,1,100,11455,217.54,65,1785,9251,3,16
1784686006.117,real_q8_tensor_220w_ngram,2,81,11455,213.92,69,1860,9251,3,16
1784686006.117,real_q8_tensor_220w_ngram,3,100,11455,218.08,66,1815,9251,3,16
1784686006.694,real_q8_tensor_220w_ngram,0,100,11455,211.92,61,1875,9251,3,16
1784686006.694,real_q8_tensor_220w_ngram,1,100,11455,216.93,65,1785,9251,3,16
1784686006.694,real_q8_tensor_220w_ngram,2,81,11455,213.76,69,1845,9251,3,16
1784686006.694,real_q8_tensor_220w_ngram,3,100,11455,216.09,66,1830,9251,3,16
1784686007.295,real_q8_tensor_220w_ngram,0,100,11455,212.40,61,1875,9251,3,16
1784686007.295,real_q8_tensor_220w_ngram,1,100,11455,217.82,65,1785,9251,3,16
1784686007.295,real_q8_tensor_220w_ngram,2,100,11455,213.60,69,1845,9251,3,16
1784686007.295,real_q8_tensor_220w_ngram,3,100,11455,216.27,66,1830,9251,3,16
1784686007.868,real_q8_tensor_220w_ngram,0,100,11455,212.97,61,1875,9251,3,16
1784686007.868,real_q8_tensor_220w_ngram,1,100,11455,218.38,66,1800,9251,3,16
1784686007.868,real_q8_tensor_220w_ngram,2,100,11455,213.60,69,1830,9251,3,16
1784686007.868,real_q8_tensor_220w_ngram,3,100,11455,216.70,66,1815,9251,3,16
1784686008.477,real_q8_tensor_220w_ngram,0,88,11455,212.27,61,1875,9251,3,16
1784686008.477,real_q8_tensor_220w_ngram,1,100,11455,217.16,65,1800,9251,3,16
1784686008.477,real_q8_tensor_220w_ngram,2,77,11455,212.93,69,1845,9251,3,16
1784686008.477,real_q8_tensor_220w_ngram,3,88,11455,215.51,66,1815,9251,3,16
1784686009.055,real_q8_tensor_220w_ngram,0,100,11455,213.19,61,1860,9251,3,16
1784686009.055,real_q8_tensor_220w_ngram,1,100,11455,217.32,66,1800,9251,3,16
1784686009.055,real_q8_tensor_220w_ngram,2,77,11455,213.43,70,1845,9251,3,16
1784686009.055,real_q8_tensor_220w_ngram,3,100,11455,216.82,67,1815,9251,3,16
1784686009.627,real_q8_tensor_220w_ngram,0,100,11455,213.23,61,1875,9251,3,16
1784686009.627,real_q8_tensor_220w_ngram,1,100,11455,217.64,66,1785,9251,3,16
1784686009.627,real_q8_tensor_220w_ngram,2,100,11455,214.03,70,1830,9251,3,16
1784686009.627,real_q8_tensor_220w_ngram,3,100,11455,217.36,67,1815,9251,3,16
1784686010.202,real_q8_tensor_220w_ngram,0,100,11455,213.19,61,1875,9251,3,16
1784686010.202,real_q8_tensor_220w_ngram,1,100,11455,219.75,66,1785,9251,3,16
1784686010.202,real_q8_tensor_220w_ngram,2,100,11455,215.66,70,1830,9251,3,16
1784686010.202,real_q8_tensor_220w_ngram,3,100,11455,218.15,67,1815,9251,3,16
1784686010.770,real_q8_tensor_220w_ngram,0,100,11455,213.41,61,1860,9251,3,16
1784686010.770,real_q8_tensor_220w_ngram,1,100,11455,217.66,66,1800,9251,3,16
1784686010.770,real_q8_tensor_220w_ngram,2,100,11455,214.04,70,1830,9251,3,16
1784686010.770,real_q8_tensor_220w_ngram,3,100,11455,218.35,67,1800,9251,3,16
1784686011.389,real_q8_tensor_220w_ngram,0,100,11455,215.41,61,1905,9251,3,16
1784686011.389,real_q8_tensor_220w_ngram,1,78,11455,217.00,66,1860,9251,3,16
1784686011.389,real_q8_tensor_220w_ngram,2,89,11455,214.15,70,1875,9251,3,16
1784686011.389,real_q8_tensor_220w_ngram,3,100,11455,220.21,67,1920,9251,3,16
1784686011.965,real_q8_tensor_220w_ngram,0,100,11455,213.02,61,1875,9251,3,16
1784686011.965,real_q8_tensor_220w_ngram,1,78,11455,217.97,66,1785,9251,3,16
1784686011.965,real_q8_tensor_220w_ngram,2,100,11455,214.27,70,1830,9251,3,16
1784686011.965,real_q8_tensor_220w_ngram,3,100,11455,218.09,67,1800,9251,3,16
1784686012.558,real_q8_tensor_220w_ngram,0,80,11455,213.48,61,1875,9251,3,16
1784686012.558,real_q8_tensor_220w_ngram,1,100,11455,218.03,66,1785,9251,3,16
1784686012.558,real_q8_tensor_220w_ngram,2,100,11455,213.93,70,1845,9251,3,16
1784686012.558,real_q8_tensor_220w_ngram,3,79,11455,216.90,67,1800,9251,3,16
1784686013.161,real_q8_tensor_220w_ngram,0,80,11455,213.74,61,1860,9251,3,16
1784686013.161,real_q8_tensor_220w_ngram,1,100,11455,218.23,66,1785,9251,3,16
1784686013.161,real_q8_tensor_220w_ngram,2,100,11455,214.01,70,1830,9251,3,16
1784686013.161,real_q8_tensor_220w_ngram,3,79,11455,217.96,67,1815,9251,3,16
1784686013.754,real_q8_tensor_220w_ngram,0,78,11455,212.63,61,1860,9251,3,16
1784686013.754,real_q8_tensor_220w_ngram,1,79,11455,217.57,65,1785,9251,3,16
1784686013.754,real_q8_tensor_220w_ngram,2,100,11455,214.35,69,1830,9251,3,16
1784686013.754,real_q8_tensor_220w_ngram,3,79,11455,218.34,67,1800,9251,3,16
1784686014.347,real_q8_tensor_220w_ngram,0,78,11455,213.21,62,1860,9251,3,16
1784686014.347,real_q8_tensor_220w_ngram,1,79,11455,217.87,66,1800,9251,3,16
1784686014.347,real_q8_tensor_220w_ngram,2,100,11455,214.73,70,1830,9251,3,16
1784686014.347,real_q8_tensor_220w_ngram,3,79,11455,217.67,67,1815,9251,3,16
1784686014.923,real_q8_tensor_220w_ngram,0,100,11455,214.99,62,1860,9251,3,16
1784686014.923,real_q8_tensor_220w_ngram,1,79,11455,217.61,66,1785,9251,3,16
1784686014.923,real_q8_tensor_220w_ngram,2,100,11455,214.81,70,1830,9251,3,16
1784686014.923,real_q8_tensor_220w_ngram,3,82,11455,217.59,66,1800,9251,3,16
1784686015.501,real_q8_tensor_220w_ngram,0,100,11455,212.79,62,1860,9251,3,16
1784686015.501,real_q8_tensor_220w_ngram,1,79,11455,217.61,66,1785,9251,3,16
1784686015.501,real_q8_tensor_220w_ngram,2,100,11455,214.56,70,1815,9251,3,16
1784686015.501,real_q8_tensor_220w_ngram,3,82,11455,217.04,67,1800,9251,3,16
1784686016.080,real_q8_tensor_220w_ngram,0,80,11455,213.02,61,1860,9251,3,16
1784686016.080,real_q8_tensor_220w_ngram,1,78,11455,218.00,66,1770,9251,3,16
1784686016.080,real_q8_tensor_220w_ngram,2,100,11455,213.53,70,1815,9251,3,16
1784686016.080,real_q8_tensor_220w_ngram,3,78,11455,216.42,67,1800,9251,3,16
1784686016.681,real_q8_tensor_220w_ngram,0,80,11455,213.00,62,1860,9251,3,16
1784686016.681,real_q8_tensor_220w_ngram,1,78,11455,217.69,66,1770,9251,3,16
1784686016.681,real_q8_tensor_220w_ngram,2,100,11455,213.04,70,1815,9251,3,16
1784686016.681,real_q8_tensor_220w_ngram,3,78,11455,217.59,67,1800,9251,3,16
1784686017.272,real_q8_tensor_220w_ngram,0,78,11455,212.26,61,1845,9251,3,16
1784686017.272,real_q8_tensor_220w_ngram,1,99,11455,219.48,65,1770,9251,3,16
1784686017.272,real_q8_tensor_220w_ngram,2,100,11455,214.42,70,1815,9251,3,16
1784686017.272,real_q8_tensor_220w_ngram,3,77,11455,217.79,67,1800,9251,3,16
1784686017.849,real_q8_tensor_220w_ngram,0,100,11455,212.45,62,1845,9251,3,16
1784686017.849,real_q8_tensor_220w_ngram,1,88,11455,217.83,66,1770,9251,3,16
1784686017.849,real_q8_tensor_220w_ngram,2,100,11455,212.48,70,1815,9251,3,16
1784686017.849,real_q8_tensor_220w_ngram,3,88,11455,217.99,67,1800,9251,3,16
1784686018.447,real_q8_tensor_220w_ngram,0,76,11455,212.38,61,1860,9251,3,16
1784686018.447,real_q8_tensor_220w_ngram,1,87,11455,217.14,66,1785,9251,3,16
1784686018.447,real_q8_tensor_220w_ngram,2,100,11455,212.70,70,1815,9251,3,16
1784686018.447,real_q8_tensor_220w_ngram,3,76,11455,217.41,67,1785,9251,3,16
1784686019.075,real_q8_tensor_220w_ngram,0,100,11455,212.29,62,1845,9251,3,16
1784686019.075,real_q8_tensor_220w_ngram,1,100,11455,217.83,66,1770,9251,3,16
1784686019.075,real_q8_tensor_220w_ngram,2,100,11455,213.32,70,1800,9251,3,16
1784686019.075,real_q8_tensor_220w_ngram,3,88,11455,217.86,67,1800,9251,3,16
1784686019.678,real_q8_tensor_220w_ngram,0,77,11455,211.68,62,1845,9251,3,16
1784686019.678,real_q8_tensor_220w_ngram,1,91,11455,216.72,66,1755,9251,3,16
1784686019.678,real_q8_tensor_220w_ngram,2,100,11455,212.58,70,1800,9251,3,16
1784686019.678,real_q8_tensor_220w_ngram,3,76,11455,217.65,67,1815,9251,3,16
1784686020.269,real_q8_tensor_220w_ngram,0,77,11455,212.05,62,1860,9251,3,16
1784686020.269,real_q8_tensor_220w_ngram,1,91,11455,218.01,67,1770,9251,3,16
1784686020.269,real_q8_tensor_220w_ngram,2,100,11455,214.14,70,1815,9251,3,16
1784686020.269,real_q8_tensor_220w_ngram,3,76,11455,217.48,68,1785,9251,3,16
1784686020.861,real_q8_tensor_220w_ngram,0,76,11455,212.12,62,1845,9251,3,16
1784686020.861,real_q8_tensor_220w_ngram,1,86,11455,216.64,66,1770,9251,3,16
1784686020.861,real_q8_tensor_220w_ngram,2,94,11455,212.65,70,1800,9251,3,16
1784686020.861,real_q8_tensor_220w_ngram,3,76,11455,216.56,67,1785,9251,3,16
1784686021.456,real_q8_tensor_220w_ngram,0,76,11455,211.76,62,1860,9251,3,16
1784686021.456,real_q8_tensor_220w_ngram,1,86,11455,216.84,67,1785,9251,3,16
1784686021.456,real_q8_tensor_220w_ngram,2,100,11455,213.90,71,1830,9251,3,16
1784686021.456,real_q8_tensor_220w_ngram,3,76,11455,216.97,68,1770,9251,3,16
1784686022.032,real_q8_tensor_220w_ngram,0,75,11455,211.63,62,1875,9251,3,16
1784686022.032,real_q8_tensor_220w_ngram,1,93,11455,218.06,66,1755,9251,3,16
1784686022.032,real_q8_tensor_220w_ngram,2,100,11455,217.13,71,1890,9251,3,16
1784686022.032,real_q8_tensor_220w_ngram,3,75,11455,216.66,68,1875,9251,3,16
1784686022.610,real_q8_tensor_220w_ngram,0,75,11455,212.62,62,1830,9251,3,16
1784686022.610,real_q8_tensor_220w_ngram,1,93,11455,217.43,67,1755,9251,3,16
1784686022.610,real_q8_tensor_220w_ngram,2,100,11455,216.02,71,1800,9251,3,16
1784686022.610,real_q8_tensor_220w_ngram,3,75,11455,216.80,68,1770,9251,3,16
1784686023.184,real_q8_tensor_220w_ngram,0,100,11455,214.45,62,1845,9251,3,16
1784686023.184,real_q8_tensor_220w_ngram,1,100,11455,218.49,67,1770,9251,3,16
1784686023.184,real_q8_tensor_220w_ngram,2,100,11455,218.13,71,1785,9251,3,16
1784686023.184,real_q8_tensor_220w_ngram,3,100,11455,218.99,68,1785,9251,3,16
1784686023.753,real_q8_tensor_220w_ngram,0,100,11455,211.72,62,1845,9251,3,16
1784686023.753,real_q8_tensor_220w_ngram,1,100,11455,216.30,67,1770,9251,3,16
1784686023.753,real_q8_tensor_220w_ngram,2,75,11455,215.76,71,1800,9251,3,16
1784686023.753,real_q8_tensor_220w_ngram,3,100,11455,217.01,68,1770,9251,3,16
1784686024.329,real_q8_tensor_220w_ngram,0,100,11455,214.28,62,1830,9251,3,16
1784686024.329,real_q8_tensor_220w_ngram,1,100,11455,216.32,67,1755,9251,3,16
1784686024.329,real_q8_tensor_220w_ngram,2,75,11455,215.28,71,1800,9251,3,16
1784686024.329,real_q8_tensor_220w_ngram,3,100,11455,219.49,68,1770,9251,3,16
1784686024.921,real_q8_tensor_220w_ngram,0,98,11455,212.60,62,1845,9251,3,16
1784686024.921,real_q8_tensor_220w_ngram,1,90,11455,216.44,67,1770,9251,3,16
1784686024.921,real_q8_tensor_220w_ngram,2,81,11455,216.24,71,1800,9251,3,16
1784686024.921,real_q8_tensor_220w_ngram,3,90,11455,217.07,67,1785,9251,3,16
1784686025.497,real_q8_tensor_220w_ngram,0,100,11455,204.10,62,1830,9251,3,16
1784686025.497,real_q8_tensor_220w_ngram,1,100,11455,210.24,67,1770,9251,3,16
1784686025.497,real_q8_tensor_220w_ngram,2,81,11455,208.84,71,1815,9251,3,16
1784686025.497,real_q8_tensor_220w_ngram,3,100,11455,211.07,68,1755,9251,3,16
1784686026.084,real_q8_tensor_220w_ngram,0,100,11455,182.10,61,1860,9251,3,16
1784686026.084,real_q8_tensor_220w_ngram,1,100,11455,191.14,65,1770,9251,3,16
1784686026.084,real_q8_tensor_220w_ngram,2,60,11455,185.07,69,1830,9251,3,16
1784686026.084,real_q8_tensor_220w_ngram,3,100,11455,194.48,68,1770,9251,3,16
1784686026.650,real_q8_tensor_220w_ngram,0,24,11455,151.93,60,1935,9251,3,16
1784686026.650,real_q8_tensor_220w_ngram,1,12,11455,170.40,64,1905,9251,3,16
1784686026.650,real_q8_tensor_220w_ngram,2,60,11455,161.15,68,1905,9251,3,16
1784686026.650,real_q8_tensor_220w_ngram,3,18,11455,172.01,65,1920,9251,3,16
1784686027.214,real_q8_tensor_220w_ngram,0,24,11455,162.82,60,1935,9251,3,16
1784686027.214,real_q8_tensor_220w_ngram,1,12,11455,176.48,65,1905,9251,3,16
1784686027.214,real_q8_tensor_220w_ngram,2,39,11455,167.53,69,1905,9251,3,16
1784686027.214,real_q8_tensor_220w_ngram,3,18,11455,178.80,66,1920,9251,3,16
1784686027.779,real_q8_tensor_220w_ngram,0,44,11455,174.11,60,1935,9251,3,16
1784686027.779,real_q8_tensor_220w_ngram,1,38,11455,185.97,65,1905,9251,3,16
1784686027.779,real_q8_tensor_220w_ngram,2,39,11455,177.70,68,1905,9251,3,16
1784686027.779,real_q8_tensor_220w_ngram,3,39,11455,187.57,66,1920,9251,3,16
1784686028.372,real_q8_tensor_220w_ngram,0,29,11455,157.95,60,1935,9251,3,16
1784686028.372,real_q8_tensor_220w_ngram,1,26,11455,173.29,65,1905,9251,3,16
1784686028.372,real_q8_tensor_220w_ngram,2,23,11455,162.00,68,1905,9251,3,16
1784686028.372,real_q8_tensor_220w_ngram,3,33,11455,176.02,66,1920,9251,3,16
1784686028.944,real_q8_tensor_220w_ngram,0,13,11455,153.08,60,1935,9251,3,16
1784686028.944,real_q8_tensor_220w_ngram,1,40,11455,171.98,64,1905,9251,3,16
1784686028.944,real_q8_tensor_220w_ngram,2,28,11455,160.80,68,1905,9251,3,16
1784686028.944,real_q8_tensor_220w_ngram,3,16,11455,171.39,65,1920,9251,3,16
1784686029.519,real_q8_tensor_220w_ngram,0,13,11455,154.01,59,1935,9251,3,16
1784686029.519,real_q8_tensor_220w_ngram,1,40,11455,172.60,65,1875,9251,3,16
1784686029.519,real_q8_tensor_220w_ngram,2,29,11455,162.07,68,1905,9251,3,16
1784686029.519,real_q8_tensor_220w_ngram,3,16,11455,162.37,63,1710,9251,3,16
1784686030.086,real_q8_tensor_220w_ngram,0,52,11455,153.17,61,1815,9251,3,16
1784686030.086,real_q8_tensor_220w_ngram,1,33,11455,175.55,65,1710,9251,3,16
1784686030.086,real_q8_tensor_220w_ngram,2,29,11455,165.12,68,1755,9251,3,16
1784686030.086,real_q8_tensor_220w_ngram,3,51,11455,144.96,64,1710,9251,3,16
1784686030.662,real_q8_tensor_220w_ngram,0,52,11455,157.93,59,1935,9251,3,16
1784686030.662,real_q8_tensor_220w_ngram,1,33,11455,174.60,65,1905,9251,3,16
1784686030.662,real_q8_tensor_220w_ngram,2,31,11455,164.99,68,1905,9251,3,16
1784686030.662,real_q8_tensor_220w_ngram,3,51,11455,156.17,65,1920,9251,3,16
1784686031.259,real_q8_tensor_220w_ngram,0,28,11455,152.66,59,1935,9251,3,16
1784686031.259,real_q8_tensor_220w_ngram,1,25,11455,173.99,64,1905,9251,3,16
1784686031.259,real_q8_tensor_220w_ngram,2,31,11455,163.53,68,1905,9251,3,16
1784686031.259,real_q8_tensor_220w_ngram,3,19,11455,168.58,65,1890,9251,3,16
1784686031.870,real_q8_tensor_220w_ngram,0,27,11455,158.03,59,1935,9251,3,16
1784686031.870,real_q8_tensor_220w_ngram,1,28,11455,178.36,65,1905,9251,3,16
1784686031.870,real_q8_tensor_220w_ngram,2,40,11455,165.62,68,1905,9251,3,16
1784686031.870,real_q8_tensor_220w_ngram,3,32,11455,175.32,64,1920,9251,3,16
1784686032.444,real_q8_tensor_220w_ngram,0,55,11455,157.91,59,1920,9251,3,16
1784686032.444,real_q8_tensor_220w_ngram,1,53,11455,175.08,65,1875,9251,3,16
1784686032.444,real_q8_tensor_220w_ngram,2,40,11455,164.28,69,1875,9251,3,16
1784686032.444,real_q8_tensor_220w_ngram,3,43,11455,159.69,63,1710,9251,3,16
1784686033.026,real_q8_tensor_220w_ngram,0,55,11455,149.93,60,1935,9251,3,16
1784686033.026,real_q8_tensor_220w_ngram,1,53,11455,168.54,64,1905,9251,3,16
1784686033.026,real_q8_tensor_220w_ngram,2,30,11455,157.75,67,1905,9251,3,16
1784686033.026,real_q8_tensor_220w_ngram,3,43,11455,135.51,63,1710,9251,3,16
1784686033.619,real_q8_tensor_220w_ngram,0,41,11455,150.16,59,1935,9251,3,16
1784686033.619,real_q8_tensor_220w_ngram,1,14,11455,164.75,64,1905,9251,3,16
1784686033.619,real_q8_tensor_220w_ngram,2,30,11455,153.52,67,1710,9251,3,16
1784686033.619,real_q8_tensor_220w_ngram,3,33,11455,134.72,62,1710,9251,3,16
1784686034.188,real_q8_tensor_220w_ngram,0,41,11455,153.18,59,1935,9251,3,16
1784686034.188,real_q8_tensor_220w_ngram,1,14,11455,168.49,64,1905,9251,3,16
1784686034.188,real_q8_tensor_220w_ngram,2,43,11455,143.13,66,1800,9251,3,16
1784686034.188,real_q8_tensor_220w_ngram,3,33,11455,137.91,63,1725,9251,3,16
1784686034.761,real_q8_tensor_220w_ngram,0,23,11455,149.79,59,1935,9251,3,16
1784686034.761,real_q8_tensor_220w_ngram,1,31,11455,170.33,64,1905,9251,3,16
1784686034.761,real_q8_tensor_220w_ngram,2,43,11455,136.27,66,1800,9251,3,16
1784686034.761,real_q8_tensor_220w_ngram,3,14,11455,135.44,62,1725,9251,3,16
1784686035.348,real_q8_tensor_220w_ngram,0,23,11455,146.05,59,1935,9251,3,16
1784686035.348,real_q8_tensor_220w_ngram,1,31,11455,167.34,64,1815,9251,3,16
1784686035.348,real_q8_tensor_220w_ngram,2,24,11455,137.17,67,1905,9251,3,16
1784686035.348,real_q8_tensor_220w_ngram,3,14,11455,132.44,62,1725,9251,3,16
1784686035.913,real_q8_tensor_220w_ngram,0,27,11455,155.01,60,1935,9251,3,16
1784686035.913,real_q8_tensor_220w_ngram,1,44,11455,161.85,63,1905,9251,3,16
1784686035.913,real_q8_tensor_220w_ngram,2,41,11455,152.34,67,1905,9251,3,16
1784686035.913,real_q8_tensor_220w_ngram,3,30,11455,140.23,63,1710,9251,3,16
1784686036.481,real_q8_tensor_220w_ngram,0,27,11455,153.71,59,1935,9251,3,16
1784686036.481,real_q8_tensor_220w_ngram,1,44,11455,163.81,64,1905,9251,3,16
1784686036.481,real_q8_tensor_220w_ngram,2,29,11455,160.10,67,1905,9251,3,16
1784686036.481,real_q8_tensor_220w_ngram,3,30,11455,138.64,62,1710,9251,3,16
1784686037.071,real_q8_tensor_220w_ngram,0,38,11455,152.06,59,1935,9251,3,16
1784686037.071,real_q8_tensor_220w_ngram,1,25,11455,168.04,64,1905,9251,3,16
1784686037.071,real_q8_tensor_220w_ngram,2,29,11455,156.91,67,1890,9251,3,16
1784686037.071,real_q8_tensor_220w_ngram,3,39,11455,135.68,62,1710,9251,3,16
1784686037.636,real_q8_tensor_220w_ngram,0,38,11455,155.01,59,1935,9251,3,16
1784686037.636,real_q8_tensor_220w_ngram,1,25,11455,174.33,64,1905,9251,3,16
1784686037.636,real_q8_tensor_220w_ngram,2,24,11455,164.12,67,1905,9251,3,16
1784686037.636,real_q8_tensor_220w_ngram,3,39,11455,139.01,62,1710,9251,3,16
1784686038.209,real_q8_tensor_220w_ngram,0,43,11455,155.43,58,1935,9251,3,16
1784686038.209,real_q8_tensor_220w_ngram,1,29,11455,174.42,64,1905,9251,3,16
1784686038.209,real_q8_tensor_220w_ngram,2,24,11455,163.47,68,1890,9251,3,16
1784686038.209,real_q8_tensor_220w_ngram,3,41,11455,138.31,62,1710,9251,3,16
1784686038.794,real_q8_tensor_220w_ngram,0,43,11455,150.85,59,1935,9251,3,16
1784686038.794,real_q8_tensor_220w_ngram,1,29,11455,169.52,64,1905,9251,3,16
1784686038.794,real_q8_tensor_220w_ngram,2,28,11455,158.85,67,1905,9251,3,16
1784686038.794,real_q8_tensor_220w_ngram,3,41,11455,135.01,62,1710,9251,3,16
1784686039.361,real_q8_tensor_220w_ngram,0,38,11455,150.31,58,1935,9251,3,16
1784686039.361,real_q8_tensor_220w_ngram,1,36,11455,170.07,64,1725,9251,3,16
1784686039.361,real_q8_tensor_220w_ngram,2,28,11455,156.46,67,1740,9251,3,16
1784686039.361,real_q8_tensor_220w_ngram,3,36,11455,134.66,61,1710,9251,3,16
1784686039.934,real_q8_tensor_220w_ngram,0,35,11455,147.27,58,1935,9251,3,16
1784686039.934,real_q8_tensor_220w_ngram,1,35,11455,150.96,62,1710,9251,3,16
1784686039.934,real_q8_tensor_220w_ngram,2,28,11455,137.41,66,1710,9251,3,16
1784686039.934,real_q8_tensor_220w_ngram,3,36,11455,132.42,61,1710,9251,3,16
1784686040.521,real_q8_tensor_220w_ngram,0,35,11455,173.99,61,1890,9251,3,16
1784686040.521,real_q8_tensor_220w_ngram,1,35,11455,162.11,65,1815,9251,3,16
1784686040.521,real_q8_tensor_220w_ngram,2,90,11455,156.73,69,1845,9251,3,16
1784686040.521,real_q8_tensor_220w_ngram,3,100,11455,166.28,65,1845,9251,3,16
1784686041.119,real_q8_tensor_220w_ngram,0,85,11455,213.91,61,1905,9251,3,16
1784686041.119,real_q8_tensor_220w_ngram,1,100,11455,208.44,66,1860,9251,3,16
1784686041.119,real_q8_tensor_220w_ngram,2,90,11455,208.56,70,1875,9251,3,16
1784686041.119,real_q8_tensor_220w_ngram,3,100,11455,213.33,66,1890,9251,3,16
1784686041.714,real_q8_tensor_220w_ngram,0,85,11455,212.59,61,1875,9251,3,16
1784686041.714,real_q8_tensor_220w_ngram,1,100,11455,217.25,66,1800,9251,3,16
1784686041.714,real_q8_tensor_220w_ngram,2,100,11455,217.04,70,1845,9251,3,16
1784686041.714,real_q8_tensor_220w_ngram,3,100,11455,216.53,66,1830,9251,3,16
1784686042.304,real_q8_tensor_220w_ngram,0,95,11455,212.38,61,1860,9251,3,16
1784686042.304,real_q8_tensor_220w_ngram,1,82,11455,217.38,66,1800,9251,3,16
1784686042.304,real_q8_tensor_220w_ngram,2,100,11455,217.23,70,1845,9251,3,16
1784686042.304,real_q8_tensor_220w_ngram,3,100,11455,217.23,66,1845,9251,3,16
1784686042.903,real_q8_tensor_220w_ngram,0,100,11455,212.27,61,1875,9251,3,16
1784686042.903,real_q8_tensor_220w_ngram,1,100,11455,217.30,66,1800,9251,3,16
1784686042.903,real_q8_tensor_220w_ngram,2,100,11455,217.38,70,1845,9251,3,16
1784686042.903,real_q8_tensor_220w_ngram,3,100,11455,217.32,66,1830,9251,3,16
1784686043.481,real_q8_tensor_220w_ngram,0,86,11455,212.49,61,1875,9251,3,16
1784686043.481,real_q8_tensor_220w_ngram,1,100,11455,217.25,66,1815,9251,3,16
1784686043.481,real_q8_tensor_220w_ngram,2,100,11455,217.42,70,1830,9251,3,16
1784686043.481,real_q8_tensor_220w_ngram,3,100,11455,216.46,66,1815,9251,3,16
1784686044.074,real_q8_tensor_220w_ngram,0,86,11455,212.53,61,1920,9251,3,16
1784686044.074,real_q8_tensor_220w_ngram,1,100,11455,217.12,66,1890,9251,3,16
1784686044.074,real_q8_tensor_220w_ngram,2,80,11455,217.53,70,1875,9251,3,16
1784686044.074,real_q8_tensor_220w_ngram,3,100,11455,216.93,66,1890,9251,3,16
1784686044.666,real_q8_tensor_220w_ngram,0,100,11455,212.46,61,1875,9251,3,16
1784686044.666,real_q8_tensor_220w_ngram,1,100,11455,217.20,66,1785,9251,3,16
1784686044.666,real_q8_tensor_220w_ngram,2,80,11455,217.73,70,1845,9251,3,16
1784686044.666,real_q8_tensor_220w_ngram,3,100,11455,216.98,66,1815,9251,3,16
1784686045.268,real_q8_tensor_220w_ngram,0,100,11455,212.65,61,1875,9251,3,16
1784686045.268,real_q8_tensor_220w_ngram,1,100,11455,218.26,65,1785,9251,3,16
1784686045.268,real_q8_tensor_220w_ngram,2,88,11455,217.46,70,1845,9251,3,16
1784686045.268,real_q8_tensor_220w_ngram,3,81,11455,217.23,66,1830,9251,3,16
1784686045.862,real_q8_tensor_220w_ngram,0,100,11455,212.94,62,1860,9251,3,16
1784686045.862,real_q8_tensor_220w_ngram,1,100,11455,218.39,66,1785,9251,3,16
1784686045.862,real_q8_tensor_220w_ngram,2,100,11455,217.51,71,1845,9251,3,16
1784686045.862,real_q8_tensor_220w_ngram,3,90,11455,217.66,67,1830,9251,3,16
1784686046.466,real_q8_tensor_220w_ngram,0,100,11455,212.68,62,1875,9251,3,16
1784686046.466,real_q8_tensor_220w_ngram,1,100,11455,218.00,66,1800,9251,3,16
1784686046.466,real_q8_tensor_220w_ngram,2,80,11455,217.60,70,1830,9251,3,16
1784686046.466,real_q8_tensor_220w_ngram,3,100,11455,217.17,67,1830,9251,3,16
1784686047.041,real_q8_tensor_220w_ngram,0,100,11455,212.96,62,1875,9251,3,16
1784686047.041,real_q8_tensor_220w_ngram,1,100,11455,217.76,66,1800,9251,3,16
1784686047.041,real_q8_tensor_220w_ngram,2,80,11455,217.36,71,1830,9251,3,16
1784686047.041,real_q8_tensor_220w_ngram,3,100,11455,217.43,67,1815,9251,3,16
1784686047.609,real_q8_tensor_220w_ngram,0,100,11455,213.34,62,1875,9251,3,16
1784686047.609,real_q8_tensor_220w_ngram,1,100,11455,218.67,66,1785,9251,3,16
1784686047.609,real_q8_tensor_220w_ngram,2,100,11455,217.12,71,1830,9251,3,16
1784686047.609,real_q8_tensor_220w_ngram,3,100,11455,217.34,67,1815,9251,3,16
1784686048.217,real_q8_tensor_220w_ngram,0,79,11455,212.74,62,1920,9251,3,16
1784686048.217,real_q8_tensor_220w_ngram,1,100,11455,220.41,65,1785,9251,3,16
1784686048.217,real_q8_tensor_220w_ngram,2,100,11455,219.77,70,1890,9251,3,16
1784686048.217,real_q8_tensor_220w_ngram,3,100,11455,216.86,67,1815,9251,3,16
1784686048.818,real_q8_tensor_220w_ngram,0,79,11455,213.21,62,1860,9251,3,16
1784686048.818,real_q8_tensor_220w_ngram,1,100,11455,217.79,66,1800,9251,3,16
1784686048.818,real_q8_tensor_220w_ngram,2,100,11455,217.69,71,1830,9251,3,16
1784686048.818,real_q8_tensor_220w_ngram,3,100,11455,217.51,67,1815,9251,3,16
1784686049.410,real_q8_tensor_220w_ngram,0,79,11455,212.79,62,1875,9251,3,16
1784686049.410,real_q8_tensor_220w_ngram,1,100,11455,218.06,66,1785,9251,3,16
1784686049.410,real_q8_tensor_220w_ngram,2,89,11455,217.67,71,1845,9251,3,16
1784686049.410,real_q8_tensor_220w_ngram,3,90,11455,218.32,67,1800,9251,3,16
1784686050.100,real_q8_tensor_220w_ngram,0,100,11455,212.19,62,1920,9251,3,16
1784686050.100,real_q8_tensor_220w_ngram,1,100,11455,219.79,66,1845,9251,3,16
1784686050.100,real_q8_tensor_220w_ngram,2,100,11455,219.90,71,1890,9251,3,16
1784686050.100,real_q8_tensor_220w_ngram,3,77,11455,217.23,67,1875,9251,3,16
1784686050.721,real_q8_tensor_220w_ngram,0,100,11455,212.48,62,1875,9251,3,16
1784686050.721,real_q8_tensor_220w_ngram,1,100,11455,217.53,66,1785,9251,3,16
1784686050.721,real_q8_tensor_220w_ngram,2,100,11455,217.36,71,1830,9251,3,16
1784686050.721,real_q8_tensor_220w_ngram,3,77,11455,218.36,67,1800,9251,3,16
1784686051.318,real_q8_tensor_220w_ngram,0,100,11455,212.98,62,1845,9251,3,16
1784686051.318,real_q8_tensor_220w_ngram,1,100,11455,217.50,66,1785,9251,3,16
1784686051.318,real_q8_tensor_220w_ngram,2,79,11455,216.59,71,1815,9251,3,16
1784686051.318,real_q8_tensor_220w_ngram,3,79,11455,217.89,67,1815,9251,3,16
1784686051.927,real_q8_tensor_220w_ngram,0,100,11455,213.09,62,1860,9251,3,16
1784686051.927,real_q8_tensor_220w_ngram,1,100,11455,217.99,67,1770,9251,3,16
1784686051.927,real_q8_tensor_220w_ngram,2,89,11455,217.06,71,1830,9251,3,16
1784686051.927,real_q8_tensor_220w_ngram,3,100,11455,217.51,67,1815,9251,3,16
1784686052.507,real_q8_tensor_220w_ngram,0,100,11455,212.75,62,1860,9251,3,16
1784686052.507,real_q8_tensor_220w_ngram,1,100,11455,217.36,66,1800,9251,3,16
1784686052.507,real_q8_tensor_220w_ngram,2,77,11455,217.27,71,1830,9251,3,16
1784686052.507,real_q8_tensor_220w_ngram,3,95,11455,217.48,67,1815,9251,3,16
1784686053.108,real_q8_tensor_220w_ngram,0,100,11455,212.90,62,1860,9251,3,16
1784686053.108,real_q8_tensor_220w_ngram,1,100,11455,217.68,67,1770,9251,3,16
1784686053.108,real_q8_tensor_220w_ngram,2,77,11455,217.39,71,1815,9251,3,16
1784686053.108,real_q8_tensor_220w_ngram,3,95,11455,218.87,67,1800,9251,3,16
1784686053.703,real_q8_tensor_220w_ngram,0,100,11455,213.20,62,1860,9251,3,16
1784686053.703,real_q8_tensor_220w_ngram,1,100,11455,218.08,67,1770,9251,3,16
1784686053.703,real_q8_tensor_220w_ngram,2,83,11455,217.26,71,1830,9251,3,16
1784686053.703,real_q8_tensor_220w_ngram,3,78,11455,218.10,67,1800,9251,3,16
1784686054.279,real_q8_tensor_220w_ngram,0,100,11455,213.51,62,1860,9251,3,16
1784686054.279,real_q8_tensor_220w_ngram,1,100,11455,217.71,67,1785,9251,3,16
1784686054.279,real_q8_tensor_220w_ngram,2,83,11455,216.92,71,1815,9251,3,16
1784686054.279,real_q8_tensor_220w_ngram,3,78,11455,217.78,67,1800,9251,3,16
1784686054.879,real_q8_tensor_220w_ngram,0,79,11455,213.26,62,1860,9251,3,16
1784686054.879,real_q8_tensor_220w_ngram,1,89,11455,218.22,67,1770,9251,3,16
1784686054.879,real_q8_tensor_220w_ngram,2,100,11455,216.56,70,1815,9251,3,16
1784686054.879,real_q8_tensor_220w_ngram,3,78,11455,217.63,67,1815,9251,3,16
1784686055.458,real_q8_tensor_220w_ngram,0,79,11455,212.86,62,1845,9251,3,16
1784686055.458,real_q8_tensor_220w_ngram,1,100,11455,218.22,67,1785,9251,3,16
1784686055.458,real_q8_tensor_220w_ngram,2,100,11455,218.23,71,1815,9251,3,16
1784686055.458,real_q8_tensor_220w_ngram,3,78,11455,218.69,68,1875,9251,3,16
1784686056.049,real_q8_tensor_220w_ngram,0,78,11455,212.85,62,1860,9251,3,16
1784686056.049,real_q8_tensor_220w_ngram,1,100,11455,217.60,67,1770,9251,3,16
1784686056.049,real_q8_tensor_220w_ngram,2,100,11455,216.51,71,1800,9251,3,16
1784686056.049,real_q8_tensor_220w_ngram,3,83,11455,217.58,68,1800,9251,3,16
1784686056.648,real_q8_tensor_220w_ngram,0,78,11455,212.44,62,1845,9251,3,16
1784686056.648,real_q8_tensor_220w_ngram,1,100,11455,217.94,67,1770,9251,3,16
1784686056.648,real_q8_tensor_220w_ngram,2,100,11455,216.66,71,1815,9251,3,16
1784686056.648,real_q8_tensor_220w_ngram,3,83,11455,217.44,68,1800,9251,3,16
1784686057.222,real_q8_tensor_220w_ngram,0,89,11455,211.66,62,1860,9251,3,16
1784686057.222,real_q8_tensor_220w_ngram,1,100,11455,217.64,67,1770,9251,3,16
1784686057.222,real_q8_tensor_220w_ngram,2,77,11455,216.57,71,1800,9251,3,16
1784686057.222,real_q8_tensor_220w_ngram,3,99,11455,218.00,67,1800,9251,3,16
1784686057.796,real_q8_tensor_220w_ngram,0,89,11455,211.58,63,1845,9251,3,16
1784686057.796,real_q8_tensor_220w_ngram,1,100,11455,217.37,67,1800,9251,3,16
1784686057.796,real_q8_tensor_220w_ngram,2,77,11455,216.40,72,1800,9251,3,16
1784686057.796,real_q8_tensor_220w_ngram,3,99,11455,218.34,68,1785,9251,3,16
1784686058.370,real_q8_tensor_220w_ngram,0,77,11455,212.11,62,1845,9251,3,16
1784686058.370,real_q8_tensor_220w_ngram,1,100,11455,217.12,67,1785,9251,3,16
1784686058.370,real_q8_tensor_220w_ngram,2,77,11455,216.63,72,1830,9251,3,16
1784686058.370,real_q8_tensor_220w_ngram,3,77,11455,217.56,67,1785,9251,3,16
1784686058.949,real_q8_tensor_220w_ngram,0,77,11455,212.81,62,1845,9251,3,16
1784686058.949,real_q8_tensor_220w_ngram,1,100,11455,216.83,67,1770,9251,3,16
1784686058.949,real_q8_tensor_220w_ngram,2,77,11455,216.95,72,1800,9251,3,16
1784686058.949,real_q8_tensor_220w_ngram,3,77,11455,217.80,68,1785,9251,3,16
1784686059.544,real_q8_tensor_220w_ngram,0,75,11455,211.98,62,1845,9251,3,16
1784686059.544,real_q8_tensor_220w_ngram,1,100,11455,218.80,67,1755,9251,3,16
1784686059.544,real_q8_tensor_220w_ngram,2,100,11455,218.45,72,1890,9251,3,16
1784686059.544,real_q8_tensor_220w_ngram,3,76,11455,216.56,68,1770,9251,3,16
1784686060.122,real_q8_tensor_220w_ngram,0,75,11455,212.45,63,1860,9251,3,16
1784686060.122,real_q8_tensor_220w_ngram,1,100,11455,217.22,67,1785,9251,3,16
1784686060.122,real_q8_tensor_220w_ngram,2,100,11455,216.35,72,1815,9251,3,16
1784686060.122,real_q8_tensor_220w_ngram,3,76,11455,217.55,68,1785,9251,3,16
1784686060.696,real_q8_tensor_220w_ngram,0,100,11455,215.31,63,1860,9251,3,16
1784686060.696,real_q8_tensor_220w_ngram,1,100,11455,218.76,67,1755,9251,3,16
1784686060.696,real_q8_tensor_220w_ngram,2,100,11455,218.46,72,1800,9251,3,16
1784686060.696,real_q8_tensor_220w_ngram,3,100,11455,219.72,68,1770,9251,3,16
1784686061.260,real_q8_tensor_220w_ngram,0,100,11455,213.07,63,1860,9251,3,16
1784686061.260,real_q8_tensor_220w_ngram,1,100,11455,216.79,67,1785,9251,3,16
1784686061.260,real_q8_tensor_220w_ngram,2,100,11455,216.53,72,1800,9251,3,16
1784686061.260,real_q8_tensor_220w_ngram,3,100,11455,217.16,68,1770,9251,3,16
1784686061.850,real_q8_tensor_220w_ngram,0,100,11455,214.43,63,1845,9251,3,16
1784686061.850,real_q8_tensor_220w_ngram,1,100,11455,216.61,67,1755,9251,3,16
1784686061.850,real_q8_tensor_220w_ngram,2,100,11455,216.02,72,1800,9251,3,16
1784686061.850,real_q8_tensor_220w_ngram,3,100,11455,220.51,68,1770,9251,3,16
1784686062.424,real_q8_tensor_220w_ngram,0,88,11455,211.23,62,1830,9251,3,16
1784686062.424,real_q8_tensor_220w_ngram,1,75,11455,216.72,67,1770,9251,3,16
1784686062.424,real_q8_tensor_220w_ngram,2,88,11455,215.57,72,1800,9251,3,16
1784686062.424,real_q8_tensor_220w_ngram,3,90,11455,217.71,67,1785,9251,3,16
1784686063.001,real_q8_tensor_220w_ngram,0,100,11455,211.49,63,1830,9251,3,16
1784686063.001,real_q8_tensor_220w_ngram,1,75,11455,217.09,67,1755,9251,3,16
1784686063.001,real_q8_tensor_220w_ngram,2,100,11455,215.50,72,1800,9251,3,16
1784686063.001,real_q8_tensor_220w_ngram,3,100,11455,217.09,68,1785,9251,3,16
1784686063.576,real_q8_tensor_220w_ngram,0,100,11455,213.58,63,1920,9251,3,16
1784686063.576,real_q8_tensor_220w_ngram,1,74,11455,216.82,67,1755,9251,3,16
1784686063.576,real_q8_tensor_220w_ngram,2,100,11455,214.94,72,1890,9251,3,16
1784686063.576,real_q8_tensor_220w_ngram,3,100,11455,218.67,68,1785,9251,3,16
1784686064.153,real_q8_tensor_220w_ngram,0,100,11455,211.52,63,1830,9251,3,16
1784686064.153,real_q8_tensor_220w_ngram,1,74,11455,216.96,67,1740,9251,3,16
1784686064.153,real_q8_tensor_220w_ngram,2,100,11455,215.39,72,1800,9251,3,16
1784686064.153,real_q8_tensor_220w_ngram,3,100,11455,216.79,68,1755,9251,3,16
1784686064.730,real_q8_tensor_220w_ngram,0,100,11455,205.41,62,1845,9251,3,16
1784686064.730,real_q8_tensor_220w_ngram,1,22,11455,210.85,66,1755,9251,3,16
1784686064.730,real_q8_tensor_220w_ngram,2,100,11455,208.16,70,1800,9251,3,16
1784686064.730,real_q8_tensor_220w_ngram,3,100,11455,211.69,68,1785,9251,3,16
1784686065.333,real_q8_tensor_220w_ngram,0,44,11455,192.59,62,1935,9251,3,16
1784686065.333,real_q8_tensor_220w_ngram,1,35,11455,198.78,66,1905,9251,3,16
1784686065.333,real_q8_tensor_220w_ngram,2,37,11455,193.16,70,1905,9251,3,16
1784686065.333,real_q8_tensor_220w_ngram,3,36,11455,202.76,67,1920,9251,3,16
1784686065.947,real_q8_tensor_220w_ngram,0,44,11455,170.70,61,1935,9251,3,16
1784686065.947,real_q8_tensor_220w_ngram,1,27,11455,185.71,65,1875,9251,3,16
1784686065.947,real_q8_tensor_220w_ngram,2,37,11455,177.13,69,1875,9251,3,16
1784686065.947,real_q8_tensor_220w_ngram,3,36,11455,186.61,66,1860,9251,3,16
1784686066.515,real_q8_tensor_220w_ngram,0,88,11455,166.75,61,1935,9251,3,16
1784686066.515,real_q8_tensor_220w_ngram,1,27,11455,181.57,65,1860,9251,3,16
1784686066.515,real_q8_tensor_220w_ngram,2,37,11455,172.29,69,1905,9251,3,16
1784686066.515,real_q8_tensor_220w_ngram,3,35,11455,182.91,66,1875,9251,3,16
1784686067.085,real_q8_tensor_220w_ngram,0,88,11455,171.05,60,1935,9251,3,16
1784686067.085,real_q8_tensor_220w_ngram,1,27,11455,185.91,65,1905,9251,3,16
1784686067.085,real_q8_tensor_220w_ngram,2,37,11455,177.01,69,1905,9251,3,16
1784686067.085,real_q8_tensor_220w_ngram,3,35,11455,183.23,66,1920,9251,3,16
1784686067.649,real_q8_tensor_220w_ngram,0,43,11455,160.31,60,1935,9251,3,16
1784686067.649,real_q8_tensor_220w_ngram,1,27,11455,176.14,65,1905,9251,3,16
1784686067.649,real_q8_tensor_220w_ngram,2,56,11455,165.79,69,1905,9251,3,16
1784686067.649,real_q8_tensor_220w_ngram,3,39,11455,176.13,66,1920,9251,3,16
1784686068.241,real_q8_tensor_220w_ngram,0,43,11455,154.60,61,1935,9251,3,16
1784686068.241,real_q8_tensor_220w_ngram,1,29,11455,170.10,64,1905,9251,3,16
1784686068.241,real_q8_tensor_220w_ngram,2,56,11455,160.18,69,1905,9251,3,16
1784686068.241,real_q8_tensor_220w_ngram,3,39,11455,173.84,66,1920,9251,3,16
1784686068.806,real_q8_tensor_220w_ngram,0,45,11455,148.21,59,1740,9251,3,16
1784686068.806,real_q8_tensor_220w_ngram,1,29,11455,173.02,65,1905,9251,3,16
1784686068.806,real_q8_tensor_220w_ngram,2,44,11455,163.56,69,1905,9251,3,16
1784686068.806,real_q8_tensor_220w_ngram,3,43,11455,169.13,64,1710,9251,3,16
1784686069.414,real_q8_tensor_220w_ngram,0,17,11455,139.09,59,1710,9251,3,16
1784686069.414,real_q8_tensor_220w_ngram,1,88,11455,175.50,66,1815,9251,3,16
1784686069.414,real_q8_tensor_220w_ngram,2,62,11455,166.43,70,1755,9251,3,16
1784686069.414,real_q8_tensor_220w_ngram,3,40,11455,155.24,65,1710,9251,3,16
1784686069.982,real_q8_tensor_220w_ngram,0,44,11455,141.99,60,1935,9251,3,16
1784686069.982,real_q8_tensor_220w_ngram,1,88,11455,170.61,65,1905,9251,3,16
1784686069.982,real_q8_tensor_220w_ngram,2,20,11455,161.86,69,1905,9251,3,16
1784686069.982,real_q8_tensor_220w_ngram,3,40,11455,153.13,64,1920,9251,3,16
1784686070.552,real_q8_tensor_220w_ngram,0,44,11455,152.23,60,1935,9251,3,16
1784686070.552,real_q8_tensor_220w_ngram,1,43,11455,168.35,65,1905,9251,3,16
1784686070.552,real_q8_tensor_220w_ngram,2,20,11455,159.54,69,1905,9251,3,16
1784686070.552,real_q8_tensor_220w_ngram,3,40,11455,166.01,65,1920,9251,3,16
1784686071.140,real_q8_tensor_220w_ngram,0,29,11455,151.98,60,1935,9251,3,16
1784686071.140,real_q8_tensor_220w_ngram,1,30,11455,168.79,64,1860,9251,3,16
1784686071.140,real_q8_tensor_220w_ngram,2,22,11455,159.46,68,1905,9251,3,16
1784686071.140,real_q8_tensor_220w_ngram,3,33,11455,170.91,65,1875,9251,3,16
1784686071.708,real_q8_tensor_220w_ngram,0,29,11455,148.90,60,1935,9251,3,16
1784686071.708,real_q8_tensor_220w_ngram,1,32,11455,155.58,63,1710,9251,3,16
1784686071.708,real_q8_tensor_220w_ngram,2,22,11455,155.79,69,1905,9251,3,16
1784686071.708,real_q8_tensor_220w_ngram,3,33,11455,156.45,63,1710,9251,3,16
1784686072.277,real_q8_tensor_220w_ngram,0,27,11455,152.54,60,1935,9251,3,16
1784686072.277,real_q8_tensor_220w_ngram,1,32,11455,147.85,64,1905,9251,3,16
1784686072.277,real_q8_tensor_220w_ngram,2,39,11455,160.64,68,1905,9251,3,16
1784686072.277,real_q8_tensor_220w_ngram,3,22,11455,141.62,63,1710,9251,3,16
1784686072.861,real_q8_tensor_220w_ngram,0,27,11455,151.84,60,1935,9251,3,16
1784686072.861,real_q8_tensor_220w_ngram,1,35,11455,159.41,64,1905,9251,3,16
1784686072.861,real_q8_tensor_220w_ngram,2,39,11455,161.13,68,1905,9251,3,16
1784686072.861,real_q8_tensor_220w_ngram,3,22,11455,135.93,63,1710,9251,3,16
1784686073.427,real_q8_tensor_220w_ngram,0,40,11455,153.39,59,1905,9251,3,16
1784686073.427,real_q8_tensor_220w_ngram,1,35,11455,172.36,65,1875,9251,3,16
1784686073.427,real_q8_tensor_220w_ngram,2,57,11455,162.30,69,1860,9251,3,16
1784686073.427,real_q8_tensor_220w_ngram,3,41,11455,137.91,63,1710,9251,3,16
1784686073.996,real_q8_tensor_220w_ngram,0,40,11455,155.14,59,1845,9251,3,16
1784686073.996,real_q8_tensor_220w_ngram,1,17,11455,172.39,64,1905,9251,3,16
1784686073.996,real_q8_tensor_220w_ngram,2,57,11455,161.66,68,1905,9251,3,16
1784686073.996,real_q8_tensor_220w_ngram,3,41,11455,141.06,63,1755,9251,3,16
1784686074.568,real_q8_tensor_220w_ngram,0,40,11455,139.97,58,1740,9251,3,16
1784686074.568,real_q8_tensor_220w_ngram,1,17,11455,171.53,65,1905,9251,3,16
1784686074.568,real_q8_tensor_220w_ngram,2,31,11455,160.41,68,1905,9251,3,16
1784686074.568,real_q8_tensor_220w_ngram,3,35,11455,139.96,63,1755,9251,3,16
1784686075.139,real_q8_tensor_220w_ngram,0,40,11455,128.91,58,1710,9251,3,16
1784686075.139,real_q8_tensor_220w_ngram,1,43,11455,175.15,65,1905,9251,3,16
1784686075.139,real_q8_tensor_220w_ngram,2,31,11455,164.57,68,1905,9251,3,16
1784686075.139,real_q8_tensor_220w_ngram,3,35,11455,141.89,63,1755,9251,3,16
1784686075.709,real_q8_tensor_220w_ngram,0,26,11455,124.75,58,1710,9251,3,16
1784686075.709,real_q8_tensor_220w_ngram,1,43,11455,172.60,65,1890,9251,3,16
1784686075.709,real_q8_tensor_220w_ngram,2,39,11455,161.57,69,1905,9251,3,16
1784686075.709,real_q8_tensor_220w_ngram,3,24,11455,139.67,63,1710,9251,3,16
1784686076.275,real_q8_tensor_220w_ngram,0,26,11455,132.72,59,1935,9251,3,16
1784686076.275,real_q8_tensor_220w_ngram,1,34,11455,171.27,65,1905,9251,3,16
1784686076.275,real_q8_tensor_220w_ngram,2,39,11455,161.01,69,1905,9251,3,16
1784686076.275,real_q8_tensor_220w_ngram,3,24,11455,136.72,63,1710,9251,3,16
1784686076.844,real_q8_tensor_220w_ngram,0,24,11455,153.30,59,1935,9251,3,16
1784686076.844,real_q8_tensor_220w_ngram,1,34,11455,170.67,64,1875,9251,3,16
1784686076.844,real_q8_tensor_220w_ngram,2,25,11455,163.78,68,1905,9251,3,16
1784686076.844,real_q8_tensor_220w_ngram,3,25,11455,149.97,64,1935,9251,3,16
1784686077.429,real_q8_tensor_220w_ngram,0,39,11455,154.43,59,1935,9251,3,16
1784686077.429,real_q8_tensor_220w_ngram,1,42,11455,167.86,64,1905,9251,3,16
1784686077.429,real_q8_tensor_220w_ngram,2,46,11455,163.62,68,1905,9251,3,16
1784686077.429,real_q8_tensor_220w_ngram,3,34,11455,165.56,64,1920,9251,3,16
1784686077.998,real_q8_tensor_220w_ngram,0,26,11455,151.10,59,1935,9251,3,16
1784686077.998,real_q8_tensor_220w_ngram,1,42,11455,166.23,64,1905,9251,3,16
1784686077.998,real_q8_tensor_220w_ngram,2,30,11455,158.32,68,1905,9251,3,16
1784686077.998,real_q8_tensor_220w_ngram,3,34,11455,168.45,64,1935,9251,3,16
1784686078.568,real_q8_tensor_220w_ngram,0,26,11455,146.05,58,1815,9251,3,16
1784686078.568,real_q8_tensor_220w_ngram,1,31,11455,167.09,64,1905,9251,3,16
1784686078.568,real_q8_tensor_220w_ngram,2,30,11455,155.89,68,1905,9251,3,16
1784686078.568,real_q8_tensor_220w_ngram,3,9,11455,162.58,63,1710,9251,3,16
1784686079.137,real_q8_tensor_220w_ngram,0,100,11455,132.50,59,1710,9251,3,16
1784686079.137,real_q8_tensor_220w_ngram,1,31,11455,165.93,65,1710,9251,3,16
1784686079.137,real_q8_tensor_220w_ngram,2,66,11455,158.39,69,1860,9251,3,16
1784686079.137,real_q8_tensor_220w_ngram,3,9,11455,145.38,64,1845,9251,3,16
1784686079.731,real_q8_tensor_220w_ngram,0,100,11455,170.99,61,1920,9251,3,16
1784686079.731,real_q8_tensor_220w_ngram,1,100,11455,188.68,66,1890,9251,3,16
1784686079.731,real_q8_tensor_220w_ngram,2,66,11455,187.13,70,1875,9251,3,16
1784686079.731,real_q8_tensor_220w_ngram,3,100,11455,182.29,66,1905,9251,3,16
1784686080.325,real_q8_tensor_220w_ngram,0,100,11455,213.95,61,1875,9251,3,16
1784686080.325,real_q8_tensor_220w_ngram,1,100,11455,215.19,66,1800,9251,3,16
1784686080.325,real_q8_tensor_220w_ngram,2,100,11455,214.91,71,1845,9251,3,16
1784686080.325,real_q8_tensor_220w_ngram,3,100,11455,216.54,66,1830,9251,3,16
1784686080.901,real_q8_tensor_220w_ngram,0,100,11455,212.74,61,1875,9251,3,16
1784686080.901,real_q8_tensor_220w_ngram,1,81,11455,217.04,66,1800,9251,3,16
1784686080.901,real_q8_tensor_220w_ngram,2,90,11455,214.65,70,1845,9251,3,16
1784686080.901,real_q8_tensor_220w_ngram,3,80,11455,216.49,67,1830,9251,3,16
1784686081.536,real_q8_tensor_220w_ngram,0,100,11455,212.02,62,1875,9251,3,16
1784686081.536,real_q8_tensor_220w_ngram,1,100,11455,217.99,66,1785,9251,3,16
1784686081.536,real_q8_tensor_220w_ngram,2,100,11455,214.51,71,1845,9251,3,16
1784686081.536,real_q8_tensor_220w_ngram,3,100,11455,216.71,67,1830,9251,3,16
1784686082.112,real_q8_tensor_220w_ngram,0,100,11455,212.36,62,1875,9251,3,16
1784686082.112,real_q8_tensor_220w_ngram,1,100,11455,218.55,66,1785,9251,3,16
1784686082.112,real_q8_tensor_220w_ngram,2,100,11455,214.87,71,1830,9251,3,16
1784686082.112,real_q8_tensor_220w_ngram,3,100,11455,217.25,67,1815,9251,3,16
1784686082.687,real_q8_tensor_220w_ngram,0,100,11455,212.60,62,1875,9251,3,16
1784686082.687,real_q8_tensor_220w_ngram,1,100,11455,218.16,67,1815,9251,3,16
1784686082.687,real_q8_tensor_220w_ngram,2,100,11455,215.47,71,1830,9251,3,16
1784686082.687,real_q8_tensor_220w_ngram,3,100,11455,216.88,67,1830,9251,3,16
1784686083.258,real_q8_tensor_220w_ngram,0,100,11455,212.22,62,1875,9251,3,16
1784686083.258,real_q8_tensor_220w_ngram,1,100,11455,217.77,67,1785,9251,3,16
1784686083.258,real_q8_tensor_220w_ngram,2,100,11455,215.30,71,1845,9251,3,16
1784686083.258,real_q8_tensor_220w_ngram,3,100,11455,217.06,67,1830,9251,3,16
1784686083.836,real_q8_tensor_220w_ngram,0,82,11455,212.73,61,1920,9251,3,16
1784686083.836,real_q8_tensor_220w_ngram,1,100,11455,218.07,67,1875,9251,3,16
1784686083.836,real_q8_tensor_220w_ngram,2,100,11455,215.24,71,1875,9251,3,16
1784686083.836,real_q8_tensor_220w_ngram,3,100,11455,216.77,67,1905,9251,3,16
1784686084.412,real_q8_tensor_220w_ngram,0,100,11455,212.54,62,1875,9251,3,16
1784686084.412,real_q8_tensor_220w_ngram,1,100,11455,217.91,67,1785,9251,3,16
1784686084.412,real_q8_tensor_220w_ngram,2,91,11455,215.51,71,1845,9251,3,16
1784686084.412,real_q8_tensor_220w_ngram,3,100,11455,217.27,67,1815,9251,3,16
1784686085.007,real_q8_tensor_220w_ngram,0,81,11455,212.95,62,1875,9251,3,16
1784686085.007,real_q8_tensor_220w_ngram,1,100,11455,217.88,67,1785,9251,3,16
1784686085.007,real_q8_tensor_220w_ngram,2,80,11455,215.46,71,1845,9251,3,16
1784686085.007,real_q8_tensor_220w_ngram,3,100,11455,217.45,67,1815,9251,3,16
1784686085.601,real_q8_tensor_220w_ngram,0,81,11455,213.23,62,1875,9251,3,16
1784686085.601,real_q8_tensor_220w_ngram,1,100,11455,218.13,67,1785,9251,3,16
1784686085.601,real_q8_tensor_220w_ngram,2,80,11455,215.32,71,1845,9251,3,16
1784686085.601,real_q8_tensor_220w_ngram,3,100,11455,217.32,67,1815,9251,3,16
1784686086.177,real_q8_tensor_220w_ngram,0,80,11455,213.26,62,1875,9251,3,16
1784686086.177,real_q8_tensor_220w_ngram,1,100,11455,217.45,67,1800,9251,3,16
1784686086.177,real_q8_tensor_220w_ngram,2,100,11455,214.86,71,1830,9251,3,16
1784686086.177,real_q8_tensor_220w_ngram,3,100,11455,217.04,67,1815,9251,3,16
1784686086.771,real_q8_tensor_220w_ngram,0,80,11455,213.41,62,1860,9251,3,16
1784686086.771,real_q8_tensor_220w_ngram,1,100,11455,218.23,67,1800,9251,3,16
1784686086.771,real_q8_tensor_220w_ngram,2,100,11455,215.07,71,1830,9251,3,16
1784686086.771,real_q8_tensor_220w_ngram,3,100,11455,216.97,67,1830,9251,3,16
1784686087.344,real_q8_tensor_220w_ngram,0,100,11455,213.04,62,1875,9251,3,16
1784686087.344,real_q8_tensor_220w_ngram,1,89,11455,217.85,67,1785,9251,3,16
1784686087.344,real_q8_tensor_220w_ngram,2,100,11455,215.57,71,1830,9251,3,16
1784686087.344,real_q8_tensor_220w_ngram,3,89,11455,217.28,67,1815,9251,3,16
1784686087.945,real_q8_tensor_220w_ngram,0,100,11455,214.39,62,1875,9251,3,16
1784686087.945,real_q8_tensor_220w_ngram,1,100,11455,218.06,67,1785,9251,3,16
1784686087.945,real_q8_tensor_220w_ngram,2,100,11455,215.70,71,1845,9251,3,16
1784686087.945,real_q8_tensor_220w_ngram,3,100,11455,218.86,68,1800,9251,3,16
1784686088.515,real_q8_tensor_220w_ngram,0,100,11455,212.97,62,1860,9251,3,16
1784686088.515,real_q8_tensor_220w_ngram,1,100,11455,218.30,67,1785,9251,3,16
1784686088.515,real_q8_tensor_220w_ngram,2,100,11455,215.16,71,1815,9251,3,16
1784686088.515,real_q8_tensor_220w_ngram,3,100,11455,216.97,68,1800,9251,3,16
1784686089.113,real_q8_tensor_220w_ngram,0,100,11455,211.91,62,1905,9251,3,16
1784686089.113,real_q8_tensor_220w_ngram,1,100,11455,219.53,67,1875,9251,3,16
1784686089.113,real_q8_tensor_220w_ngram,2,100,11455,216.90,71,1860,9251,3,16
1784686089.113,real_q8_tensor_220w_ngram,3,78,11455,216.69,68,1860,9251,3,16
1784686089.688,real_q8_tensor_220w_ngram,0,100,11455,212.09,62,1875,9251,3,16
1784686089.688,real_q8_tensor_220w_ngram,1,100,11455,217.24,67,1785,9251,3,16
1784686089.688,real_q8_tensor_220w_ngram,2,100,11455,214.96,72,1815,9251,3,16
1784686089.688,real_q8_tensor_220w_ngram,3,78,11455,217.43,68,1800,9251,3,16
1784686090.263,real_q8_tensor_220w_ngram,0,100,11455,214.60,62,1920,9251,3,16
1784686090.263,real_q8_tensor_220w_ngram,1,78,11455,217.50,67,1890,9251,3,16
1784686090.263,real_q8_tensor_220w_ngram,2,100,11455,214.83,71,1890,9251,3,16
1784686090.263,real_q8_tensor_220w_ngram,3,100,11455,219.65,68,1890,9251,3,16
1784686090.858,real_q8_tensor_220w_ngram,0,100,11455,212.64,62,1875,9251,3,16
1784686090.858,real_q8_tensor_220w_ngram,1,78,11455,217.98,67,1785,9251,3,16
1784686090.858,real_q8_tensor_220w_ngram,2,100,11455,214.47,72,1815,9251,3,16
1784686090.858,real_q8_tensor_220w_ngram,3,100,11455,217.02,68,1800,9251,3,16
1784686091.434,real_q8_tensor_220w_ngram,0,96,11455,213.73,62,1860,9251,3,16
1784686091.434,real_q8_tensor_220w_ngram,1,100,11455,219.89,67,1785,9251,3,16
1784686091.434,real_q8_tensor_220w_ngram,2,100,11455,214.66,72,1890,9251,3,16
1784686091.434,real_q8_tensor_220w_ngram,3,100,11455,217.87,67,1815,9251,3,16
1784686092.035,real_q8_tensor_220w_ngram,0,100,11455,212.25,62,1860,9251,3,16
1784686092.035,real_q8_tensor_220w_ngram,1,100,11455,218.24,67,1785,9251,3,16
1784686092.035,real_q8_tensor_220w_ngram,2,100,11455,214.82,72,1815,9251,3,16
1784686092.035,real_q8_tensor_220w_ngram,3,100,11455,217.98,68,1800,9251,3,16
1784686092.610,real_q8_tensor_220w_ngram,0,100,11455,212.06,62,1860,9251,3,16
1784686092.610,real_q8_tensor_220w_ngram,1,99,11455,219.87,67,1785,9251,3,16
1784686092.610,real_q8_tensor_220w_ngram,2,100,11455,215.98,71,1890,9251,3,16
1784686092.610,real_q8_tensor_220w_ngram,3,100,11455,217.48,68,1800,9251,3,16
1784686093.208,real_q8_tensor_220w_ngram,0,100,11455,212.92,62,1860,9251,3,16
1784686093.208,real_q8_tensor_220w_ngram,1,99,11455,218.20,67,1770,9251,3,16
1784686093.208,real_q8_tensor_220w_ngram,2,100,11455,214.43,72,1830,9251,3,16
1784686093.208,real_q8_tensor_220w_ngram,3,100,11455,217.94,68,1800,9251,3,16
1784686093.783,real_q8_tensor_220w_ngram,0,100,11455,215.13,63,1920,9251,3,16
1784686093.783,real_q8_tensor_220w_ngram,1,76,11455,216.96,67,1890,9251,3,16
1784686093.783,real_q8_tensor_220w_ngram,2,100,11455,213.56,71,1890,9251,3,16
1784686093.783,real_q8_tensor_220w_ngram,3,100,11455,220.05,68,1800,9251,3,16
1784686094.360,real_q8_tensor_220w_ngram,0,100,11455,212.55,63,1860,9251,3,16
1784686094.360,real_q8_tensor_220w_ngram,1,88,11455,217.85,67,1770,9251,3,16
1784686094.360,real_q8_tensor_220w_ngram,2,100,11455,214.28,72,1815,9251,3,16
1784686094.360,real_q8_tensor_220w_ngram,3,100,11455,217.68,68,1800,9251,3,16
1784686094.954,real_q8_tensor_220w_ngram,0,100,11455,214.88,63,1920,9251,3,16
1784686094.954,real_q8_tensor_220w_ngram,1,100,11455,219.69,67,1875,9251,3,16
1784686094.954,real_q8_tensor_220w_ngram,2,100,11455,214.38,72,1860,9251,3,16
1784686094.954,real_q8_tensor_220w_ngram,3,100,11455,219.53,67,1875,9251,3,16
1784686095.530,real_q8_tensor_220w_ngram,0,100,11455,212.79,63,1860,9251,3,16
1784686095.530,real_q8_tensor_220w_ngram,1,100,11455,217.24,67,1785,9251,3,16
1784686095.530,real_q8_tensor_220w_ngram,2,100,11455,214.94,72,1815,9251,3,16
1784686095.530,real_q8_tensor_220w_ngram,3,100,11455,217.73,68,1800,9251,3,16
1784686096.104,real_q8_tensor_220w_ngram,0,100,11455,214.34,63,1845,9251,3,16
1784686096.104,real_q8_tensor_220w_ngram,1,100,11455,219.43,68,1770,9251,3,16
1784686096.104,real_q8_tensor_220w_ngram,2,100,11455,216.63,72,1815,9251,3,16
1784686096.104,real_q8_tensor_220w_ngram,3,100,11455,218.31,68,1770,9251,3,16
1784686096.669,real_q8_tensor_220w_ngram,0,82,11455,211.88,63,1845,9251,3,16
1784686096.669,real_q8_tensor_220w_ngram,1,100,11455,217.13,67,1755,9251,3,16
1784686096.669,real_q8_tensor_220w_ngram,2,100,11455,214.13,72,1815,9251,3,16
1784686096.669,real_q8_tensor_220w_ngram,3,92,11455,218.21,68,1785,9251,3,16
1784686097.267,real_q8_tensor_220w_ngram,0,82,11455,212.01,63,1860,9251,3,16
1784686097.267,real_q8_tensor_220w_ngram,1,100,11455,218.41,67,1755,9251,3,16
1784686097.267,real_q8_tensor_220w_ngram,2,100,11455,216.63,72,1815,9251,3,16
1784686097.267,real_q8_tensor_220w_ngram,3,92,11455,218.64,68,1800,9251,3,16
1784686097.841,real_q8_tensor_220w_ngram,0,88,11455,211.97,63,1845,9251,3,16
1784686097.841,real_q8_tensor_220w_ngram,1,100,11455,217.76,67,1755,9251,3,16
1784686097.841,real_q8_tensor_220w_ngram,2,100,11455,214.09,72,1800,9251,3,16
1784686097.841,real_q8_tensor_220w_ngram,3,99,11455,217.12,68,1770,9251,3,16
1784686098.436,real_q8_tensor_220w_ngram,0,100,11455,213.31,63,1860,9251,3,16
1784686098.436,real_q8_tensor_220w_ngram,1,100,11455,219.28,67,1755,9251,3,16
1784686098.436,real_q8_tensor_220w_ngram,2,100,11455,216.11,72,1815,9251,3,16
1784686098.436,real_q8_tensor_220w_ngram,3,99,11455,219.49,69,1770,9251,3,16
1784686099.029,real_q8_tensor_220w_ngram,0,88,11455,211.82,63,1845,9251,3,16
1784686099.029,real_q8_tensor_220w_ngram,1,100,11455,217.43,68,1770,9251,3,16
1784686099.029,real_q8_tensor_220w_ngram,2,100,11455,214.37,72,1815,9251,3,16
1784686099.029,real_q8_tensor_220w_ngram,3,99,11455,217.45,68,1785,9251,3,16
1784686099.603,real_q8_tensor_220w_ngram,0,88,11455,213.35,63,1845,9251,3,16
1784686099.603,real_q8_tensor_220w_ngram,1,100,11455,217.38,68,1755,9251,3,16
1784686099.603,real_q8_tensor_220w_ngram,2,100,11455,214.30,72,1800,9251,3,16
1784686099.603,real_q8_tensor_220w_ngram,3,99,11455,219.36,69,1770,9251,3,16
1784686100.203,real_q8_tensor_220w_ngram,0,94,11455,212.30,62,1845,9251,3,16
1784686100.203,real_q8_tensor_220w_ngram,1,100,11455,217.23,68,1755,9251,3,16
1784686100.203,real_q8_tensor_220w_ngram,2,100,11455,215.19,72,1815,9251,3,16
1784686100.203,real_q8_tensor_220w_ngram,3,92,11455,217.38,68,1785,9251,3,16
1784686100.782,real_q8_tensor_220w_ngram,0,94,11455,212.84,63,1845,9251,3,16
1784686100.782,real_q8_tensor_220w_ngram,1,100,11455,216.81,68,1755,9251,3,16
1784686100.782,real_q8_tensor_220w_ngram,2,100,11455,215.96,73,1800,9251,3,16
1784686100.782,real_q8_tensor_220w_ngram,3,92,11455,219.18,68,1800,9251,3,16
1784686101.376,real_q8_tensor_220w_ngram,0,100,11455,213.99,62,1830,9251,3,16
1784686101.376,real_q8_tensor_220w_ngram,1,100,11455,216.85,68,1755,9251,3,16
1784686101.376,real_q8_tensor_220w_ngram,2,88,11455,215.26,72,1785,9251,3,16
1784686101.376,real_q8_tensor_220w_ngram,3,92,11455,218.36,68,1755,9251,3,16
1784686101.957,real_q8_tensor_220w_ngram,0,87,11455,211.53,63,1845,9251,3,16
1784686101.957,real_q8_tensor_220w_ngram,1,100,11455,216.70,67,1755,9251,3,16
1784686101.957,real_q8_tensor_220w_ngram,2,100,11455,214.98,72,1815,9251,3,16
1784686101.957,real_q8_tensor_220w_ngram,3,88,11455,217.23,69,1770,9251,3,16
1784686102.532,real_q8_tensor_220w_ngram,0,100,11455,213.40,63,1830,9251,3,16
1784686102.532,real_q8_tensor_220w_ngram,1,100,11455,218.82,68,1770,9251,3,16
1784686102.532,real_q8_tensor_220w_ngram,2,100,11455,217.55,73,1800,9251,3,16
1784686102.532,real_q8_tensor_220w_ngram,3,100,11455,219.29,68,1770,9251,3,16
1784686103.097,real_q8_tensor_220w_ngram,0,100,11455,211.72,63,1860,9251,3,16
1784686103.097,real_q8_tensor_220w_ngram,1,100,11455,217.13,68,1770,9251,3,16
1784686103.097,real_q8_tensor_220w_ngram,2,100,11455,215.51,73,1785,9251,3,16
1784686103.097,real_q8_tensor_220w_ngram,3,100,11455,216.44,68,1785,9251,3,16
1784686103.713,real_q8_tensor_220w_ngram,0,100,11455,213.46,63,1860,9251,3,16
1784686103.713,real_q8_tensor_220w_ngram,1,100,11455,219.66,68,1770,9251,3,16
1784686103.713,real_q8_tensor_220w_ngram,2,100,11455,218.13,73,1785,9251,3,16
1784686103.713,real_q8_tensor_220w_ngram,3,100,11455,217.86,69,1785,9251,3,16
1784686104.313,real_q8_tensor_220w_ngram,0,100,11455,210.83,63,1830,9251,3,16
1784686104.313,real_q8_tensor_220w_ngram,1,76,11455,217.31,68,1770,9251,3,16
1784686104.313,real_q8_tensor_220w_ngram,2,75,11455,215.32,72,1770,9251,3,16
1784686104.313,real_q8_tensor_220w_ngram,3,100,11455,216.64,69,1770,9251,3,16
1784686104.911,real_q8_tensor_220w_ngram,0,100,11455,213.65,63,1845,9251,3,16
1784686104.911,real_q8_tensor_220w_ngram,1,100,11455,217.79,68,1740,9251,3,16
1784686104.911,real_q8_tensor_220w_ngram,2,87,11455,215.79,73,1785,9251,3,16
1784686104.911,real_q8_tensor_220w_ngram,3,100,11455,218.64,69,1770,9251,3,16
1784686105.513,real_q8_tensor_220w_ngram,0,100,11455,211.04,63,1830,9251,3,16
1784686105.513,real_q8_tensor_220w_ngram,1,74,11455,216.07,68,1755,9251,3,16
1784686105.513,real_q8_tensor_220w_ngram,2,74,11455,214.41,73,1785,9251,3,16
1784686105.513,real_q8_tensor_220w_ngram,3,100,11455,216.59,68,1755,9251,3,16
1784686106.088,real_q8_tensor_220w_ngram,0,100,11455,211.67,63,1830,9251,3,16
1784686106.088,real_q8_tensor_220w_ngram,1,74,11455,216.00,68,1755,9251,3,16
1784686106.088,real_q8_tensor_220w_ngram,2,74,11455,214.76,73,1785,9251,3,16
1784686106.088,real_q8_tensor_220w_ngram,3,100,11455,218.76,69,1770,9251,3,16
1784686106.687,real_q8_tensor_220w_ngram,0,100,11455,210.18,63,1815,9251,3,16
1784686106.687,real_q8_tensor_220w_ngram,1,77,11455,216.12,67,1755,9251,3,16
1784686106.687,real_q8_tensor_220w_ngram,2,80,11455,214.67,72,1875,9251,3,16
1784686106.687,real_q8_tensor_220w_ngram,3,100,11455,216.17,69,1770,9251,3,16
1784686107.291,real_q8_tensor_220w_ngram,0,100,11455,210.69,63,1830,9251,3,16
1784686107.291,real_q8_tensor_220w_ngram,1,77,11455,216.43,68,1740,9251,3,16
1784686107.291,real_q8_tensor_220w_ngram,2,80,11455,214.95,73,1785,9251,3,16
1784686107.291,real_q8_tensor_220w_ngram,3,100,11455,216.32,69,1755,9251,3,16
1784686107.891,real_q8_tensor_220w_ngram,0,100,11455,213.05,63,1845,9251,3,16
1784686107.891,real_q8_tensor_220w_ngram,1,100,11455,217.88,68,1740,9251,3,16
1784686107.891,real_q8_tensor_220w_ngram,2,100,11455,217.94,73,1770,9251,3,16
1784686107.891,real_q8_tensor_220w_ngram,3,100,11455,218.29,69,1785,9251,3,16
1784686108.458,real_q8_tensor_220w_ngram,0,73,11455,210.21,63,1830,9251,3,16
1784686108.458,real_q8_tensor_220w_ngram,1,100,11455,215.62,68,1755,9251,3,16
1784686108.458,real_q8_tensor_220w_ngram,2,100,11455,214.01,73,1770,9251,3,16
1784686108.458,real_q8_tensor_220w_ngram,3,80,11455,215.44,69,1755,9251,3,16
1784686109.054,real_q8_tensor_220w_ngram,0,73,11455,211.52,63,1860,9251,3,16
1784686109.054,real_q8_tensor_220w_ngram,1,100,11455,217.70,68,1755,9251,3,16
1784686109.054,real_q8_tensor_220w_ngram,2,100,11455,215.30,73,1800,9251,3,16
1784686109.054,real_q8_tensor_220w_ngram,3,80,11455,217.32,69,1755,9251,3,16
1784686109.655,real_q8_tensor_220w_ngram,0,71,11455,208.78,62,1860,9251,3,16
1784686109.655,real_q8_tensor_220w_ngram,1,100,11455,215.38,67,1755,9251,3,16
1784686109.655,real_q8_tensor_220w_ngram,2,100,11455,212.13,73,1800,9251,3,16
1784686109.655,real_q8_tensor_220w_ngram,3,70,11455,213.54,68,1755,9251,3,16
1784686110.257,real_q8_tensor_220w_ngram,0,71,11455,209.56,63,1830,9251,3,16
1784686110.257,real_q8_tensor_220w_ngram,1,100,11455,217.40,68,1740,9251,3,16
1784686110.257,real_q8_tensor_220w_ngram,2,100,11455,214.69,73,1770,9251,3,16
1784686110.257,real_q8_tensor_220w_ngram,3,70,11455,214.84,69,1755,9251,3,16
1784686110.831,real_q8_tensor_220w_ngram,0,100,11455,212.78,63,1845,9251,3,16
1784686110.831,real_q8_tensor_220w_ngram,1,100,11455,218.09,68,1770,9251,3,16
1784686110.831,real_q8_tensor_220w_ngram,2,100,11455,216.54,73,1770,9251,3,16
1784686110.831,real_q8_tensor_220w_ngram,3,100,11455,217.96,69,1755,9251,3,16
1784686111.397,real_q8_tensor_220w_ngram,0,100,11455,210.46,63,1815,9251,3,16
1784686111.397,real_q8_tensor_220w_ngram,1,78,11455,215.76,68,1770,9251,3,16
1784686111.397,real_q8_tensor_220w_ngram,2,79,11455,214.85,73,1755,9251,3,16
1784686111.397,real_q8_tensor_220w_ngram,3,86,11455,217.24,69,1770,9251,3,16
1784686111.974,real_q8_tensor_220w_ngram,0,100,11455,210.07,63,1815,9251,3,16
1784686111.974,real_q8_tensor_220w_ngram,1,78,11455,218.24,68,1740,9251,3,16
1784686111.974,real_q8_tensor_220w_ngram,2,79,11455,218.64,73,1755,9251,3,16
1784686111.974,real_q8_tensor_220w_ngram,3,100,11455,218.32,69,1770,9251,3,16
1784686112.602,real_q8_tensor_220w_ngram,0,100,11455,209.58,63,1800,9251,3,16
1784686112.602,real_q8_tensor_220w_ngram,1,71,11455,214.32,68,1725,9251,3,16
1784686112.602,real_q8_tensor_220w_ngram,2,71,11455,214.98,72,1755,9251,3,16
1784686112.602,real_q8_tensor_220w_ngram,3,100,11455,215.90,69,1725,9251,3,16
1784686113.223,real_q8_tensor_220w_ngram,0,100,11455,209.74,63,1815,9251,3,16
1784686113.223,real_q8_tensor_220w_ngram,1,71,11455,215.72,68,1740,9251,3,16
1784686113.223,real_q8_tensor_220w_ngram,2,71,11455,215.11,73,1785,9251,3,16
1784686113.223,real_q8_tensor_220w_ngram,3,100,11455,217.05,69,1755,9251,3,16
1784686113.815,real_q8_tensor_220w_ngram,0,100,11455,211.92,63,1890,9251,3,16
1784686113.815,real_q8_tensor_220w_ngram,1,100,11455,217.59,68,1845,9251,3,16
1784686113.815,real_q8_tensor_220w_ngram,2,100,11455,217.72,73,1830,9251,3,16
1784686113.815,real_q8_tensor_220w_ngram,3,100,11455,217.55,69,1860,9251,3,16
1784686114.412,real_q8_tensor_220w_ngram,0,100,11455,209.70,63,1815,9251,3,16
1784686114.412,real_q8_tensor_220w_ngram,1,89,11455,215.61,68,1725,9251,3,16
1784686114.412,real_q8_tensor_220w_ngram,2,85,11455,214.86,73,1740,9251,3,16
1784686114.412,real_q8_tensor_220w_ngram,3,100,11455,215.50,69,1755,9251,3,16
1784686114.988,real_q8_tensor_220w_ngram,0,100,11455,212.13,64,1815,9251,3,16
1784686114.988,real_q8_tensor_220w_ngram,1,100,11455,217.64,68,1725,9251,3,16
1784686114.988,real_q8_tensor_220w_ngram,2,100,11455,217.30,73,1785,9251,3,16
1784686114.988,real_q8_tensor_220w_ngram,3,100,11455,217.25,69,1740,9251,3,16
1784686115.580,real_q8_tensor_220w_ngram,0,100,11455,211.77,64,1920,9251,3,16
1784686115.580,real_q8_tensor_220w_ngram,1,100,11455,214.15,68,1725,9251,3,16
1784686115.580,real_q8_tensor_220w_ngram,2,100,11455,213.21,72,1860,9251,3,16
1784686115.580,real_q8_tensor_220w_ngram,3,100,11455,217.50,69,1860,9251,3,16
1784686116.154,real_q8_tensor_220w_ngram,0,100,11455,211.59,64,1815,9251,3,16
1784686116.154,real_q8_tensor_220w_ngram,1,74,11455,215.40,68,1710,9251,3,16
1784686116.154,real_q8_tensor_220w_ngram,2,100,11455,213.34,73,1770,9251,3,16
1784686116.154,real_q8_tensor_220w_ngram,3,100,11455,215.18,69,1740,9251,3,16
1784686116.728,real_q8_tensor_220w_ngram,0,100,11455,216.09,64,1800,9251,3,16
1784686116.728,real_q8_tensor_220w_ngram,1,74,11455,217.95,69,1770,9251,3,16
1784686116.728,real_q8_tensor_220w_ngram,2,100,11455,215.59,73,1755,9251,3,16
1784686116.728,real_q8_tensor_220w_ngram,3,100,11455,216.64,69,1785,9251,3,16
1784686117.322,real_q8_tensor_220w_ngram,0,100,11455,209.52,64,1890,9251,3,16
1784686117.322,real_q8_tensor_220w_ngram,1,97,11455,217.02,68,1680,9251,3,16
1784686117.322,real_q8_tensor_220w_ngram,2,99,11455,216.10,73,1860,9251,3,16
1784686117.322,real_q8_tensor_220w_ngram,3,100,11455,214.54,69,1725,9251,3,16
1784686117.899,real_q8_tensor_220w_ngram,0,100,11455,208.67,63,1800,9251,3,16
1784686117.899,real_q8_tensor_220w_ngram,1,84,11455,214.73,68,1740,9251,3,16
1784686117.899,real_q8_tensor_220w_ngram,2,84,11455,213.63,73,1755,9251,3,16
1784686117.899,real_q8_tensor_220w_ngram,3,100,11455,215.12,69,1785,9251,3,16
1784686118.476,real_q8_tensor_220w_ngram,0,100,11455,213.29,64,1830,9251,3,16
1784686118.476,real_q8_tensor_220w_ngram,1,100,11455,217.43,68,1755,9251,3,16
1784686118.476,real_q8_tensor_220w_ngram,2,100,11455,217.34,73,1785,9251,3,16
1784686118.476,real_q8_tensor_220w_ngram,3,100,11455,217.80,69,1725,9251,3,16
1784686119.069,real_q8_tensor_220w_ngram,0,100,11455,213.83,64,1830,9251,3,16
1784686119.069,real_q8_tensor_220w_ngram,1,100,11455,214.48,68,1695,9251,3,16
1784686119.069,real_q8_tensor_220w_ngram,2,100,11455,212.96,73,1755,9251,3,16
1784686119.069,real_q8_tensor_220w_ngram,3,93,11455,217.91,69,1830,9251,3,16
1784686119.648,real_q8_tensor_220w_ngram,0,100,11455,209.62,64,1815,9251,3,16
1784686119.648,real_q8_tensor_220w_ngram,1,86,11455,214.47,68,1725,9251,3,16
1784686119.648,real_q8_tensor_220w_ngram,2,100,11455,212.82,73,1770,9251,3,16
1784686119.648,real_q8_tensor_220w_ngram,3,93,11455,215.48,69,1740,9251,3,16
1784686120.222,real_q8_tensor_220w_ngram,0,100,11455,212.21,64,1800,9251,3,16
1784686120.222,real_q8_tensor_220w_ngram,1,86,11455,216.33,68,1725,9251,3,16
1784686120.222,real_q8_tensor_220w_ngram,2,100,11455,215.61,73,1740,9251,3,16
1784686120.222,real_q8_tensor_220w_ngram,3,100,11455,216.43,69,1740,9251,3,16
1784686120.796,real_q8_tensor_220w_ngram,0,100,11455,208.01,64,1890,9251,3,16
1784686120.796,real_q8_tensor_220w_ngram,1,99,11455,216.59,68,1875,9251,3,16
1784686120.796,real_q8_tensor_220w_ngram,2,100,11455,215.38,73,1860,9251,3,16
1784686120.796,real_q8_tensor_220w_ngram,3,100,11455,213.26,70,1875,9251,3,16
1784686121.390,real_q8_tensor_220w_ngram,0,100,11455,208.38,64,1800,9251,3,16
1784686121.390,real_q8_tensor_220w_ngram,1,84,11455,213.89,68,1710,9251,3,16
1784686121.390,real_q8_tensor_220w_ngram,2,84,11455,212.45,73,1755,9251,3,16
1784686121.390,real_q8_tensor_220w_ngram,3,100,11455,214.74,70,1740,9251,3,16
1784686121.983,real_q8_tensor_220w_ngram,0,100,11455,212.26,64,1830,9251,3,16
1784686121.983,real_q8_tensor_220w_ngram,1,100,11455,217.71,69,1740,9251,3,16
1784686121.983,real_q8_tensor_220w_ngram,2,100,11455,216.12,74,1740,9251,3,16
1784686121.983,real_q8_tensor_220w_ngram,3,100,11455,219.13,70,1770,9251,3,16
1784686122.560,real_q8_tensor_220w_ngram,0,100,11455,212.33,64,1860,9251,3,16
1784686122.560,real_q8_tensor_220w_ngram,1,100,11455,215.16,69,1800,9251,3,16
1784686122.560,real_q8_tensor_220w_ngram,2,88,11455,213.76,73,1845,9251,3,16
1784686122.560,real_q8_tensor_220w_ngram,3,100,11455,217.89,70,1770,9251,3,16
1784686123.129,real_q8_tensor_220w_ngram,0,100,11455,210.48,64,1785,9251,3,16
1784686123.129,real_q8_tensor_220w_ngram,1,68,11455,214.35,68,1710,9251,3,16
1784686123.129,real_q8_tensor_220w_ngram,2,100,11455,212.65,73,1740,9251,3,16
1784686123.129,real_q8_tensor_220w_ngram,3,100,11455,214.41,69,1725,9251,3,16
1784686123.723,real_q8_tensor_220w_ngram,0,100,11455,214.36,64,1785,9251,3,16
1784686123.723,real_q8_tensor_220w_ngram,1,68,11455,217.45,69,1710,9251,3,16
1784686123.723,real_q8_tensor_220w_ngram,2,100,11455,215.09,74,1755,9251,3,16
1784686123.723,real_q8_tensor_220w_ngram,3,100,11455,217.34,70,1725,9251,3,16
1784686124.298,real_q8_tensor_220w_ngram,0,100,11455,214.06,64,1800,9251,3,16
1784686124.298,real_q8_tensor_220w_ngram,1,100,11455,217.74,69,1710,9251,3,16
1784686124.298,real_q8_tensor_220w_ngram,2,100,11455,215.77,74,1740,9251,3,16
1784686124.298,real_q8_tensor_220w_ngram,3,100,11455,218.13,70,1725,9251,3,16
1784686124.879,real_q8_tensor_220w_ngram,0,68,11455,209.74,63,1770,9251,3,16
1784686124.879,real_q8_tensor_220w_ngram,1,84,11455,214.91,68,1695,9251,3,16
1784686124.879,real_q8_tensor_220w_ngram,2,100,11455,212.73,73,1755,9251,3,16
1784686124.879,real_q8_tensor_220w_ngram,3,67,11455,213.78,69,1710,9251,3,16
1784686125.459,real_q8_tensor_220w_ngram,0,68,11455,211.83,64,1785,9251,3,16
1784686125.459,real_q8_tensor_220w_ngram,1,100,11455,218.04,69,1710,9251,3,16
1784686125.459,real_q8_tensor_220w_ngram,2,100,11455,216.60,74,1740,9251,3,16
1784686125.459,real_q8_tensor_220w_ngram,3,67,11455,214.53,70,1725,9251,3,16
1784686126.052,real_q8_tensor_220w_ngram,0,100,11455,213.65,64,1785,9251,3,16
1784686126.052,real_q8_tensor_220w_ngram,1,100,11455,217.41,69,1710,9251,3,16
1784686126.052,real_q8_tensor_220w_ngram,2,100,11455,216.03,74,1740,9251,3,16
1784686126.052,real_q8_tensor_220w_ngram,3,100,11455,216.67,70,1710,9251,3,16
1784686126.626,real_q8_tensor_220w_ngram,0,100,11455,209.07,63,1770,9251,3,16
1784686126.626,real_q8_tensor_220w_ngram,1,97,11455,217.68,68,1695,9251,3,16
1784686126.626,real_q8_tensor_220w_ngram,2,98,11455,215.42,73,1860,9251,3,16
1784686126.626,real_q8_tensor_220w_ngram,3,100,11455,212.64,69,1740,9251,3,16
1784686127.202,real_q8_tensor_220w_ngram,0,100,11455,210.93,64,1830,9251,3,16
1784686127.202,real_q8_tensor_220w_ngram,1,97,11455,215.31,69,1755,9251,3,16
1784686127.202,real_q8_tensor_220w_ngram,2,98,11455,212.50,74,1785,9251,3,16
1784686127.202,real_q8_tensor_220w_ngram,3,100,11455,213.93,70,1755,9251,3,16
1784686127.802,real_q8_tensor_220w_ngram,0,100,11455,213.25,64,1815,9251,3,16
1784686127.802,real_q8_tensor_220w_ngram,1,100,11455,217.33,69,1755,9251,3,16
1784686127.802,real_q8_tensor_220w_ngram,2,100,11455,216.19,74,1740,9251,3,16
1784686127.802,real_q8_tensor_220w_ngram,3,100,11455,216.15,70,1755,9251,3,16
1784686128.376,real_q8_tensor_220w_ngram,0,100,11455,212.86,64,1800,9251,3,16
1784686128.376,real_q8_tensor_220w_ngram,1,100,11455,216.17,69,1815,9251,3,16
1784686128.376,real_q8_tensor_220w_ngram,2,100,11455,215.89,73,1710,9251,3,16
1784686128.376,real_q8_tensor_220w_ngram,3,100,11455,216.08,70,1755,9251,3,16
1784686128.943,real_q8_tensor_220w_ngram,0,100,11455,211.12,64,1770,9251,3,16
1784686128.943,real_q8_tensor_220w_ngram,1,100,11455,213.57,68,1680,9251,3,16
1784686128.943,real_q8_tensor_220w_ngram,2,100,11455,212.49,73,1740,9251,3,16
1784686128.943,real_q8_tensor_220w_ngram,3,100,11455,214.71,70,1710,9251,3,16
1784686129.542,real_q8_tensor_220w_ngram,0,100,11455,215.22,64,1815,9251,3,16
1784686129.542,real_q8_tensor_220w_ngram,1,100,11455,213.08,69,1740,9251,3,16
1784686129.542,real_q8_tensor_220w_ngram,2,100,11455,214.47,74,1725,9251,3,16
1784686129.542,real_q8_tensor_220w_ngram,3,100,11455,217.32,70,1755,9251,3,16
1784686130.116,real_q8_tensor_220w_ngram,0,100,11455,214.12,64,1770,9251,3,16
1784686130.116,real_q8_tensor_220w_ngram,1,100,11455,216.52,69,1695,9251,3,16
1784686130.116,real_q8_tensor_220w_ngram,2,100,11455,216.11,74,1725,9251,3,16
1784686130.116,real_q8_tensor_220w_ngram,3,100,11455,216.35,70,1710,9251,3,16
1784686130.731,real_q8_tensor_220w_ngram,0,65,11455,208.78,63,1770,9251,3,16
1784686130.731,real_q8_tensor_220w_ngram,1,100,11455,214.11,67,1695,9251,3,16
1784686130.731,real_q8_tensor_220w_ngram,2,100,11455,212.95,72,1725,9251,3,16
1784686130.731,real_q8_tensor_220w_ngram,3,66,11455,214.32,70,1695,9251,3,16
1784686131.333,real_q8_tensor_220w_ngram,0,65,11455,210.90,64,1815,9251,3,16
1784686131.333,real_q8_tensor_220w_ngram,1,100,11455,216.11,69,1755,9251,3,16
1784686131.333,real_q8_tensor_220w_ngram,2,100,11455,214.21,74,1770,9251,3,16
1784686131.333,real_q8_tensor_220w_ngram,3,66,11455,215.96,70,1740,9251,3,16
1784686131.925,real_q8_tensor_220w_ngram,0,100,11455,212.36,64,1770,9251,3,16
1784686131.925,real_q8_tensor_220w_ngram,1,100,11455,215.59,69,1680,9251,3,16
1784686131.925,real_q8_tensor_220w_ngram,2,83,11455,213.73,74,1740,9251,3,16
1784686131.925,real_q8_tensor_220w_ngram,3,100,11455,215.94,70,1695,9251,3,16
1784686132.502,real_q8_tensor_220w_ngram,0,100,11455,209.39,64,1770,9251,3,16
1784686132.502,real_q8_tensor_220w_ngram,1,100,11455,215.43,69,1740,9251,3,16
1784686132.502,real_q8_tensor_220w_ngram,2,100,11455,214.51,74,1740,9251,3,16
1784686132.502,real_q8_tensor_220w_ngram,3,100,11455,214.00,69,1860,9251,3,16
1784686133.094,real_q8_tensor_220w_ngram,0,100,11455,210.36,64,1770,9251,3,16
1784686133.094,real_q8_tensor_220w_ngram,1,75,11455,213.15,69,1695,9251,3,16
1784686133.094,real_q8_tensor_220w_ngram,2,78,11455,211.08,74,1710,9251,3,16
1784686133.094,real_q8_tensor_220w_ngram,3,76,11455,213.85,70,1740,9251,3,16
1784686133.706,real_q8_tensor_220w_ngram,0,100,11455,213.52,64,1770,9251,3,16
1784686133.706,real_q8_tensor_220w_ngram,1,75,11455,216.19,69,1695,9251,3,16
1784686133.706,real_q8_tensor_220w_ngram,2,78,11455,214.69,74,1755,9251,3,16
1784686133.706,real_q8_tensor_220w_ngram,3,100,11455,216.19,70,1710,9251,3,16
1784686134.296,real_q8_tensor_220w_ngram,0,100,11455,213.10,64,1755,9251,3,16
1784686134.296,real_q8_tensor_220w_ngram,1,100,11455,216.44,69,1740,9251,3,16
1784686134.296,real_q8_tensor_220w_ngram,2,100,11455,214.79,74,1710,9251,3,16
1784686134.296,real_q8_tensor_220w_ngram,3,100,11455,215.88,70,1755,9251,3,16
1784686134.869,real_q8_tensor_220w_ngram,0,98,11455,213.17,64,1905,9251,3,16
1784686134.869,real_q8_tensor_220w_ngram,1,82,11455,212.10,69,1860,9251,3,16
1784686134.869,real_q8_tensor_220w_ngram,2,100,11455,209.62,74,1845,9251,3,16
1784686134.869,real_q8_tensor_220w_ngram,3,90,11455,214.19,69,1680,9251,3,16
1784686135.449,real_q8_tensor_220w_ngram,0,82,11455,210.19,64,1755,9251,3,16
1784686135.449,real_q8_tensor_220w_ngram,1,100,11455,215.34,69,1710,9251,3,16
1784686135.449,real_q8_tensor_220w_ngram,2,100,11455,212.11,74,1710,9251,3,16
1784686135.449,real_q8_tensor_220w_ngram,3,90,11455,213.36,70,1755,9251,3,16
1784686136.026,real_q8_tensor_220w_ngram,0,100,11455,213.43,64,1770,9251,3,16
1784686136.026,real_q8_tensor_220w_ngram,1,100,11455,216.04,69,1680,9251,3,16
1784686136.026,real_q8_tensor_220w_ngram,2,100,11455,214.08,74,1710,9251,3,16
1784686136.026,real_q8_tensor_220w_ngram,3,100,11455,215.66,70,1740,9251,3,16
1784686136.644,real_q8_tensor_220w_ngram,0,100,11455,213.00,64,1755,9251,3,16
1784686136.644,real_q8_tensor_220w_ngram,1,100,11455,215.20,69,1665,9251,3,16
1784686136.644,real_q8_tensor_220w_ngram,2,100,11455,214.40,74,1710,9251,3,16
1784686136.644,real_q8_tensor_220w_ngram,3,100,11455,216.03,70,1680,9251,3,16
1784686137.214,real_q8_tensor_220w_ngram,0,65,11455,209.72,65,1740,9251,3,16
1784686137.214,real_q8_tensor_220w_ngram,1,100,11455,212.77,68,1725,9251,3,16
1784686137.214,real_q8_tensor_220w_ngram,2,100,11455,211.66,73,1695,9251,3,16
1784686137.214,real_q8_tensor_220w_ngram,3,64,11455,213.64,69,1740,9251,3,16
1784686137.790,real_q8_tensor_220w_ngram,0,65,11455,213.64,64,1770,9251,3,16
1784686137.790,real_q8_tensor_220w_ngram,1,100,11455,212.73,69,1665,9251,3,16
1784686137.790,real_q8_tensor_220w_ngram,2,100,11455,211.25,74,1725,9251,3,16
1784686137.790,real_q8_tensor_220w_ngram,3,64,11455,216.74,70,1725,9251,3,16
1784686138.363,real_q8_tensor_220w_ngram,0,100,11455,214.34,65,1770,9251,3,16
1784686138.363,real_q8_tensor_220w_ngram,1,100,11455,215.57,69,1650,9251,3,16
1784686138.363,real_q8_tensor_220w_ngram,2,100,11455,213.96,74,1725,9251,3,16
1784686138.363,real_q8_tensor_220w_ngram,3,100,11455,215.58,70,1680,9251,3,16
1784686138.939,real_q8_tensor_220w_ngram,0,100,11455,214.12,65,1800,9251,3,16
1784686138.939,real_q8_tensor_220w_ngram,1,100,11455,215.90,69,1710,9251,3,16
1784686138.939,real_q8_tensor_220w_ngram,2,100,11455,213.69,74,1710,9251,3,16
1784686138.939,real_q8_tensor_220w_ngram,3,100,11455,215.60,70,1740,9251,3,16
1784686139.551,real_q8_tensor_220w_ngram,0,93,11455,214.19,63,1755,9251,3,16
1784686139.551,real_q8_tensor_220w_ngram,1,100,11455,212.48,69,1650,9251,3,16
1784686139.551,real_q8_tensor_220w_ngram,2,100,11455,210.43,74,1725,9251,3,16
1784686139.551,real_q8_tensor_220w_ngram,3,78,11455,213.00,69,1710,9251,3,16
1784686140.146,real_q8_tensor_220w_ngram,0,93,11455,211.64,64,1770,9251,3,16
1784686140.146,real_q8_tensor_220w_ngram,1,100,11455,216.91,69,1665,9251,3,16
1784686140.146,real_q8_tensor_220w_ngram,2,100,11455,214.65,74,1695,9251,3,16
1784686140.146,real_q8_tensor_220w_ngram,3,78,11455,212.36,70,1740,9251,3,16
1784686140.740,real_q8_tensor_220w_ngram,0,100,11455,214.95,65,1785,9251,3,16
1784686140.740,real_q8_tensor_220w_ngram,1,100,11455,214.86,69,1725,9251,3,16
1784686140.740,real_q8_tensor_220w_ngram,2,100,11455,213.54,74,1770,9251,3,16
1784686140.740,real_q8_tensor_220w_ngram,3,100,11455,214.90,70,1710,9251,3,16
1784686141.338,real_q8_tensor_220w_ngram,0,100,11455,213.79,65,1770,9251,3,16
1784686141.338,real_q8_tensor_220w_ngram,1,100,11455,214.89,69,1665,9251,3,16
1784686141.338,real_q8_tensor_220w_ngram,2,100,11455,214.16,74,1740,9251,3,16
1784686141.338,real_q8_tensor_220w_ngram,3,100,11455,214.69,70,1695,9251,3,16
1784686141.912,real_q8_tensor_220w_ngram,0,67,11455,208.54,65,1875,9251,3,16
1784686141.912,real_q8_tensor_220w_ngram,1,100,11455,215.59,68,1875,9251,3,16
1784686141.912,real_q8_tensor_220w_ngram,2,100,11455,213.86,73,1845,9251,3,16
1784686141.912,real_q8_tensor_220w_ngram,3,62,11455,210.95,70,1890,9251,3,16
1784686142.488,real_q8_tensor_220w_ngram,0,67,11455,210.74,64,1800,9251,3,16
1784686142.488,real_q8_tensor_220w_ngram,1,79,11455,212.90,69,1695,9251,3,16
1784686142.488,real_q8_tensor_220w_ngram,2,78,11455,210.43,74,1755,9251,3,16
1784686142.488,real_q8_tensor_220w_ngram,3,62,11455,214.62,70,1695,9251,3,16
1784686143.062,real_q8_tensor_220w_ngram,0,100,11455,214.17,64,1785,9251,3,16
1784686143.062,real_q8_tensor_220w_ngram,1,79,11455,215.39,69,1665,9251,3,16
1784686143.062,real_q8_tensor_220w_ngram,2,78,11455,213.42,74,1770,9251,3,16
1784686143.062,real_q8_tensor_220w_ngram,3,100,11455,216.55,70,1665,9251,3,16
1784686143.635,real_q8_tensor_220w_ngram,0,100,11455,213.32,65,1755,9251,3,16
1784686143.635,real_q8_tensor_220w_ngram,1,100,11455,215.68,69,1665,9251,3,16
1784686143.635,real_q8_tensor_220w_ngram,2,100,11455,213.72,74,1710,9251,3,16
1784686143.635,real_q8_tensor_220w_ngram,3,100,11455,215.12,70,1725,9251,3,16
1784686144.234,real_q8_tensor_220w_ngram,0,100,11455,212.71,65,1770,9251,3,16
1784686144.234,real_q8_tensor_220w_ngram,1,100,11455,214.66,69,1710,9251,3,16
1784686144.234,real_q8_tensor_220w_ngram,2,100,11455,213.01,74,1710,9251,3,16
1784686144.234,real_q8_tensor_220w_ngram,3,100,11455,214.70,70,1680,9251,3,16
1784686144.804,real_q8_tensor_220w_ngram,0,100,11455,208.26,64,1725,9251,3,16
1784686144.804,real_q8_tensor_220w_ngram,1,82,11455,212.55,68,1635,9251,3,16
1784686144.804,real_q8_tensor_220w_ngram,2,83,11455,211.37,73,1710,9251,3,16
1784686144.804,real_q8_tensor_220w_ngram,3,100,11455,212.32,70,1665,9251,3,16
1784686145.405,real_q8_tensor_220w_ngram,0,100,11455,214.07,65,1740,9251,3,16
1784686145.405,real_q8_tensor_220w_ngram,1,82,11455,212.26,69,1650,9251,3,16
1784686145.405,real_q8_tensor_220w_ngram,2,81,11455,209.80,74,1695,9251,3,16
1784686145.405,real_q8_tensor_220w_ngram,3,100,11455,216.47,70,1740,9251,3,16
1784686145.982,real_q8_tensor_220w_ngram,0,100,11455,214.43,65,1800,9251,3,16
1784686145.982,real_q8_tensor_220w_ngram,1,100,11455,214.78,69,1740,9251,3,16
1784686145.982,real_q8_tensor_220w_ngram,2,100,11455,213.18,74,1755,9251,3,16
1784686145.982,real_q8_tensor_220w_ngram,3,100,11455,215.18,70,1725,9251,3,16
1784686146.556,real_q8_tensor_220w_ngram,0,100,11455,213.03,65,1755,9251,3,16
1784686146.556,real_q8_tensor_220w_ngram,1,100,11455,215.11,69,1620,9251,3,16
1784686146.556,real_q8_tensor_220w_ngram,2,100,11455,213.20,74,1710,9251,3,16
1784686146.556,real_q8_tensor_220w_ngram,3,100,11455,215.17,70,1665,9251,3,16
1784686147.131,real_q8_tensor_220w_ngram,0,100,11455,212.27,65,1800,9251,3,16
1784686147.131,real_q8_tensor_220w_ngram,1,90,11455,214.23,69,1740,9251,3,16
1784686147.131,real_q8_tensor_220w_ngram,2,93,11455,212.60,74,1755,9251,3,16
1784686147.131,real_q8_tensor_220w_ngram,3,100,11455,214.61,70,1710,9251,3,16
1784686147.716,real_q8_tensor_220w_ngram,0,60,11455,208.18,64,1725,9251,3,16
1784686147.716,real_q8_tensor_220w_ngram,1,90,11455,212.50,68,1620,9251,3,16
1784686147.716,real_q8_tensor_220w_ngram,2,93,11455,210.77,73,1875,9251,3,16
1784686147.716,real_q8_tensor_220w_ngram,3,61,11455,211.40,70,1635,9251,3,16
1784686148.293,real_q8_tensor_220w_ngram,0,60,11455,214.31,65,1800,9251,3,16
1784686148.293,real_q8_tensor_220w_ngram,1,89,11455,212.88,69,1650,9251,3,16
1784686148.293,real_q8_tensor_220w_ngram,2,87,11455,210.01,74,1740,9251,3,16
1784686148.293,real_q8_tensor_220w_ngram,3,61,11455,216.20,70,1665,9251,3,16
1784686148.885,real_q8_tensor_220w_ngram,0,100,11455,213.28,65,1755,9251,3,16
1784686148.885,real_q8_tensor_220w_ngram,1,100,11455,214.61,69,1710,9251,3,16
1784686148.885,real_q8_tensor_220w_ngram,2,80,11455,213.49,74,1710,9251,3,16
1784686148.885,real_q8_tensor_220w_ngram,3,100,11455,214.10,70,1740,9251,3,16
1784686149.463,real_q8_tensor_220w_ngram,0,100,11455,213.01,65,1755,9251,3,16
1784686149.463,real_q8_tensor_220w_ngram,1,100,11455,214.32,69,1635,9251,3,16
1784686149.463,real_q8_tensor_220w_ngram,2,100,11455,212.80,74,1710,9251,3,16
1784686149.463,real_q8_tensor_220w_ngram,3,100,11455,214.22,70,1665,9251,3,16
1784686150.038,real_q8_tensor_220w_ngram,0,100,11455,212.07,65,1800,9251,3,16
1784686150.038,real_q8_tensor_220w_ngram,1,100,11455,214.18,69,1725,9251,3,16
1784686150.038,real_q8_tensor_220w_ngram,2,100,11455,212.56,74,1680,9251,3,16
1784686150.038,real_q8_tensor_220w_ngram,3,100,11455,215.09,70,1710,9251,3,16
1784686150.613,real_q8_tensor_220w_ngram,0,100,11455,210.25,64,1860,9251,3,16
1784686150.613,real_q8_tensor_220w_ngram,1,100,11455,213.89,69,1710,9251,3,16
1784686150.613,real_q8_tensor_220w_ngram,2,100,11455,209.48,74,1875,9251,3,16
1784686150.613,real_q8_tensor_220w_ngram,3,100,11455,211.31,69,1875,9251,3,16
1784686151.209,real_q8_tensor_220w_ngram,0,89,11455,210.94,63,1725,9251,3,16
1784686151.209,real_q8_tensor_220w_ngram,1,100,11455,211.34,69,1635,9251,3,16
1784686151.209,real_q8_tensor_220w_ngram,2,100,11455,209.65,74,1695,9251,3,16
1784686151.209,real_q8_tensor_220w_ngram,3,100,11455,213.82,70,1665,9251,3,16
1784686151.783,real_q8_tensor_220w_ngram,0,89,11455,212.09,65,1740,9251,3,16
1784686151.783,real_q8_tensor_220w_ngram,1,100,11455,214.44,69,1650,9251,3,16
1784686151.783,real_q8_tensor_220w_ngram,2,100,11455,212.91,74,1725,9251,3,16
1784686151.783,real_q8_tensor_220w_ngram,3,100,11455,213.94,70,1680,9251,3,16
1784686152.358,real_q8_tensor_220w_ngram,0,100,11455,212.02,65,1785,9251,3,16
1784686152.358,real_q8_tensor_220w_ngram,1,100,11455,213.91,69,1695,9251,3,16
1784686152.358,real_q8_tensor_220w_ngram,2,100,11455,213.08,74,1755,9251,3,16
1784686152.358,real_q8_tensor_220w_ngram,3,100,11455,213.91,70,1680,9251,3,16
1784686152.935,real_q8_tensor_220w_ngram,0,100,11455,211.87,65,1800,9251,3,16
1784686152.935,real_q8_tensor_220w_ngram,1,100,11455,213.85,69,1710,9251,3,16
1784686152.935,real_q8_tensor_220w_ngram,2,100,11455,212.96,74,1680,9251,3,16
1784686152.935,real_q8_tensor_220w_ngram,3,100,11455,214.20,70,1710,9251,3,16
1784686153.511,real_q8_tensor_220w_ngram,0,100,11455,212.09,65,1785,9251,3,16
1784686153.511,real_q8_tensor_220w_ngram,1,100,11455,214.72,69,1710,9251,3,16
1784686153.511,real_q8_tensor_220w_ngram,2,100,11455,213.22,74,1680,9251,3,16
1784686153.511,real_q8_tensor_220w_ngram,3,100,11455,214.29,70,1740,9251,3,16
1784686154.079,real_q8_tensor_220w_ngram,0,100,11455,207.50,65,1860,9251,3,16
1784686154.079,real_q8_tensor_220w_ngram,1,74,11455,211.86,68,1710,9251,3,16
1784686154.079,real_q8_tensor_220w_ngram,2,77,11455,210.52,73,1710,9251,3,16
1784686154.079,real_q8_tensor_220w_ngram,3,57,11455,211.39,70,1860,9251,3,16
1784686154.680,real_q8_tensor_220w_ngram,0,59,11455,207.13,65,1785,9251,3,16
1784686154.680,real_q8_tensor_220w_ngram,1,79,11455,213.95,69,1695,9251,3,16
1784686154.680,real_q8_tensor_220w_ngram,2,88,11455,211.26,74,1710,9251,3,16
1784686154.680,real_q8_tensor_220w_ngram,3,79,11455,214.37,70,1680,9251,3,16
1784686155.258,real_q8_tensor_220w_ngram,0,59,11455,211.97,65,1740,9251,3,16
1784686155.258,real_q8_tensor_220w_ngram,1,100,11455,213.39,69,1650,9251,3,16
1784686155.258,real_q8_tensor_220w_ngram,2,100,11455,211.19,74,1740,9251,3,16
1784686155.258,real_q8_tensor_220w_ngram,3,100,11455,214.38,70,1665,9251,3,16
1784686155.851,real_q8_tensor_220w_ngram,0,100,11455,211.21,65,1725,9251,3,16
1784686155.851,real_q8_tensor_220w_ngram,1,100,11455,214.01,69,1635,9251,3,16
1784686155.851,real_q8_tensor_220w_ngram,2,100,11455,212.69,74,1740,9251,3,16
1784686155.851,real_q8_tensor_220w_ngram,3,100,11455,213.98,70,1665,9251,3,16
1784686156.427,real_q8_tensor_220w_ngram,0,100,11455,210.62,65,1725,9251,3,16
1784686156.427,real_q8_tensor_220w_ngram,1,100,11455,213.61,69,1650,9251,3,16
1784686156.427,real_q8_tensor_220w_ngram,2,100,11455,212.32,74,1665,9251,3,16
1784686156.427,real_q8_tensor_220w_ngram,3,100,11455,214.44,70,1710,9251,3,16
1784686157.022,real_q8_tensor_220w_ngram,0,100,11455,211.32,65,1710,9251,3,16
1784686157.022,real_q8_tensor_220w_ngram,1,100,11455,213.31,69,1620,9251,3,16
1784686157.022,real_q8_tensor_220w_ngram,2,100,11455,211.99,74,1665,9251,3,16
1784686157.022,real_q8_tensor_220w_ngram,3,100,11455,214.04,70,1665,9251,3,16
1784686157.589,real_q8_tensor_220w_ngram,0,100,11455,206.46,65,1905,9251,3,16
1784686157.589,real_q8_tensor_220w_ngram,1,73,11455,210.49,68,1620,9251,3,16
1784686157.589,real_q8_tensor_220w_ngram,2,75,11455,208.79,73,1875,9251,3,16
1784686157.589,real_q8_tensor_220w_ngram,3,58,11455,210.77,70,1740,9251,3,16
1784686158.164,real_q8_tensor_220w_ngram,0,57,11455,206.38,64,1725,9251,3,16
1784686158.164,real_q8_tensor_220w_ngram,1,73,11455,214.09,68,1695,9251,3,16
1784686158.164,real_q8_tensor_220w_ngram,2,75,11455,211.56,74,1665,9251,3,16
1784686158.164,real_q8_tensor_220w_ngram,3,58,11455,210.94,70,1710,9251,3,16
1784686158.740,real_q8_tensor_220w_ngram,0,57,11455,212.87,65,1785,9251,3,16
1784686158.740,real_q8_tensor_220w_ngram,1,78,11455,213.94,69,1710,9251,3,16
1784686158.740,real_q8_tensor_220w_ngram,2,100,11455,211.60,74,1740,9251,3,16
1784686158.740,real_q8_tensor_220w_ngram,3,100,11455,214.39,70,1710,9251,3,16
1784686159.316,real_q8_tensor_220w_ngram,0,100,11455,211.15,65,1725,9251,3,16
1784686159.316,real_q8_tensor_220w_ngram,1,78,11455,213.66,69,1620,9251,3,16
1784686159.316,real_q8_tensor_220w_ngram,2,100,11455,212.58,74,1740,9251,3,16
1784686159.316,real_q8_tensor_220w_ngram,3,100,11455,213.89,70,1650,9251,3,16
1784686159.890,real_q8_tensor_220w_ngram,0,100,11455,211.41,65,1740,9251,3,16
1784686159.890,real_q8_tensor_220w_ngram,1,100,11455,213.47,69,1620,9251,3,16
1784686159.890,real_q8_tensor_220w_ngram,2,100,11455,212.23,74,1665,9251,3,16
1784686159.890,real_q8_tensor_220w_ngram,3,100,11455,213.30,70,1695,9251,3,16
1784686160.466,real_q8_tensor_220w_ngram,0,100,11455,211.80,65,1800,9251,3,16
1784686160.466,real_q8_tensor_220w_ngram,1,100,11455,213.44,69,1650,9251,3,16
1784686160.466,real_q8_tensor_220w_ngram,2,100,11455,211.76,74,1710,9251,3,16
1784686160.466,real_q8_tensor_220w_ngram,3,100,11455,214.16,70,1650,9251,3,16
1784686161.040,real_q8_tensor_220w_ngram,0,100,11455,212.18,65,1710,9251,3,16
1784686161.040,real_q8_tensor_220w_ngram,1,100,11455,213.84,69,1620,9251,3,16
1784686161.040,real_q8_tensor_220w_ngram,2,100,11455,212.13,74,1665,9251,3,16
1784686161.040,real_q8_tensor_220w_ngram,3,100,11455,214.62,70,1650,9251,3,16
1784686161.609,real_q8_tensor_220w_ngram,0,78,11455,208.15,65,1875,9251,3,16
1784686161.609,real_q8_tensor_220w_ngram,1,100,11455,213.78,69,1875,9251,3,16
1784686161.609,real_q8_tensor_220w_ngram,2,100,11455,211.79,74,1845,9251,3,16
1784686161.609,real_q8_tensor_220w_ngram,3,100,11455,210.94,69,1875,9251,3,16
1784686162.180,real_q8_tensor_220w_ngram,0,78,11455,210.31,64,1770,9251,3,16
1784686162.180,real_q8_tensor_220w_ngram,1,56,11455,209.92,69,1665,9251,3,16
1784686162.180,real_q8_tensor_220w_ngram,2,57,11455,207.38,74,1680,9251,3,16
1784686162.180,real_q8_tensor_220w_ngram,3,85,11455,214.97,69,1710,9251,3,16
1784686162.757,real_q8_tensor_220w_ngram,0,82,11457,211.79,65,1740,9251,3,16
1784686162.757,real_q8_tensor_220w_ngram,1,56,11457,214.57,69,1665,9251,3,16
1784686162.757,real_q8_tensor_220w_ngram,2,57,11457,213.52,74,1695,9251,3,16
1784686162.757,real_q8_tensor_220w_ngram,3,85,11457,216.19,70,1665,9251,3,16
1784686163.329,real_q8_tensor_220w_ngram,0,82,11457,203.96,65,1770,9251,3,16
1784686163.329,real_q8_tensor_220w_ngram,1,100,11457,207.37,69,1665,9251,3,16
1784686163.329,real_q8_tensor_220w_ngram,2,100,11457,205.45,74,1665,9251,3,16
1784686163.329,real_q8_tensor_220w_ngram,3,100,11457,206.99,70,1725,9251,3,16
1784686163.903,real_q8_tensor_220w_ngram,0,4,11457,177.19,62,1920,9251,3,16
1784686163.903,real_q8_tensor_220w_ngram,1,40,11457,188.76,67,1830,9251,3,16
1784686163.903,real_q8_tensor_220w_ngram,2,42,11457,183.49,71,1890,9251,3,16
1784686163.903,real_q8_tensor_220w_ngram,3,33,11457,187.03,68,1920,9251,3,16
1784686164.495,real_q8_tensor_220w_ngram,0,29,11457,155.57,62,1920,9251,3,16
1784686164.495,real_q8_tensor_220w_ngram,1,28,11457,164.47,66,1830,9251,3,16
1784686164.495,real_q8_tensor_220w_ngram,2,26,11457,163.02,72,1890,9251,3,16
1784686164.495,real_q8_tensor_220w_ngram,3,30,11457,173.31,68,1920,9251,3,16
1784686165.080,real_q8_tensor_220w_ngram,0,25,11457,161.32,63,1890,9251,3,16
1784686165.080,real_q8_tensor_220w_ngram,1,28,11457,166.11,66,1845,9251,3,16
1784686165.080,real_q8_tensor_220w_ngram,2,26,11457,169.02,71,1815,9251,3,16
1784686165.080,real_q8_tensor_220w_ngram,3,30,11457,178.58,69,1875,9251,3,16
1784686165.644,real_q8_tensor_220w_ngram,0,25,11457,159.83,63,1920,9251,3,16
1784686165.644,real_q8_tensor_220w_ngram,1,26,11457,171.29,66,1875,9251,3,16
1784686165.644,real_q8_tensor_220w_ngram,2,27,11457,163.99,71,1860,9251,3,16
1784686165.644,real_q8_tensor_220w_ngram,3,47,11457,177.17,67,1905,9251,3,16
1784686166.208,real_q8_tensor_220w_ngram,0,50,11457,155.70,62,1920,9251,3,16
1784686166.208,real_q8_tensor_220w_ngram,1,26,11457,169.19,66,1890,9251,3,16
1784686166.208,real_q8_tensor_220w_ngram,2,27,11457,155.57,71,1890,9251,3,16
1784686166.208,real_q8_tensor_220w_ngram,3,47,11457,174.82,68,1905,9251,3,16
1784686166.778,real_q8_tensor_220w_ngram,0,50,11457,157.23,63,1920,9251,3,16
1784686166.778,real_q8_tensor_220w_ngram,1,40,11457,171.28,66,1740,9251,3,16
1784686166.778,real_q8_tensor_220w_ngram,2,35,11457,161.92,71,1890,9251,3,16
1784686166.778,real_q8_tensor_220w_ngram,3,28,11457,175.67,68,1920,9251,3,16
1784686167.347,real_q8_tensor_220w_ngram,0,33,11457,146.47,61,1740,9251,3,16
1784686167.347,real_q8_tensor_220w_ngram,1,40,11457,155.29,65,1710,9251,3,16
1784686167.347,real_q8_tensor_220w_ngram,2,35,11457,163.68,71,1890,9251,3,16
1784686167.347,real_q8_tensor_220w_ngram,3,28,11457,173.63,67,1905,9251,3,16
1784686167.914,real_q8_tensor_220w_ngram,0,44,11457,133.14,61,1860,9251,3,16
1784686167.914,real_q8_tensor_220w_ngram,1,37,11457,144.63,65,1710,9251,3,16
1784686167.914,real_q8_tensor_220w_ngram,2,35,11457,165.57,72,1890,9251,3,16
1784686167.914,real_q8_tensor_220w_ngram,3,34,11457,174.78,68,1920,9251,3,16
1784686168.479,real_q8_tensor_220w_ngram,0,31,11457,135.02,61,1860,9251,3,16
1784686168.479,real_q8_tensor_220w_ngram,1,37,11457,141.12,65,1710,9251,3,16
1784686168.479,real_q8_tensor_220w_ngram,2,35,11457,152.07,70,1740,9251,3,16
1784686168.479,real_q8_tensor_220w_ngram,3,34,11457,161.19,66,1710,9251,3,16
1784686169.076,real_q8_tensor_220w_ngram,0,31,11457,143.15,62,1920,9251,3,16
1784686169.076,real_q8_tensor_220w_ngram,1,45,11457,149.54,66,1845,9251,3,16
1784686169.076,real_q8_tensor_220w_ngram,2,46,11457,145.66,71,1890,9251,3,16
1784686169.076,real_q8_tensor_220w_ngram,3,26,11457,153.53,68,1905,9251,3,16
1784686169.640,real_q8_tensor_220w_ngram,0,45,11457,156.16,62,1920,9251,3,16
1784686169.640,real_q8_tensor_220w_ngram,1,45,11457,161.83,66,1845,9251,3,16
1784686169.640,real_q8_tensor_220w_ngram,2,46,11457,161.71,71,1875,9251,3,16
1784686169.640,real_q8_tensor_220w_ngram,3,26,11457,170.30,67,1890,9251,3,16
1784686170.223,real_q8_tensor_220w_ngram,0,45,11457,169.34,62,1890,9251,3,16
1784686170.223,real_q8_tensor_220w_ngram,1,93,11457,175.04,67,1845,9251,3,16
1784686170.223,real_q8_tensor_220w_ngram,2,92,11457,172.29,72,1860,9251,3,16
1784686170.223,real_q8_tensor_220w_ngram,3,76,11457,186.60,67,1845,9251,3,16
1784686170.788,real_q8_tensor_220w_ngram,0,44,11457,168.76,62,1920,9251,3,16
1784686170.788,real_q8_tensor_220w_ngram,1,93,11457,183.54,67,1890,9251,3,16
1784686170.788,real_q8_tensor_220w_ngram,2,92,11457,174.53,71,1875,9251,3,16
1784686170.788,real_q8_tensor_220w_ngram,3,76,11457,183.69,68,1905,9251,3,16
1784686171.352,real_q8_tensor_220w_ngram,0,44,11457,162.15,62,1920,9251,3,16
1784686171.352,real_q8_tensor_220w_ngram,1,43,11457,178.50,67,1860,9251,3,16
1784686171.352,real_q8_tensor_220w_ngram,2,46,11457,169.48,70,1875,9251,3,16
1784686171.352,real_q8_tensor_220w_ngram,3,41,11457,179.11,68,1920,9251,3,16
1784686171.916,real_q8_tensor_220w_ngram,0,47,11457,173.35,61,1920,9251,3,16
1784686171.916,real_q8_tensor_220w_ngram,1,55,11457,184.43,66,1905,9251,3,16
1784686171.916,real_q8_tensor_220w_ngram,2,80,11457,178.55,71,1890,9251,3,16
1784686171.916,real_q8_tensor_220w_ngram,3,32,11457,187.38,67,1920,9251,3,16
1784686172.489,real_q8_tensor_220w_ngram,0,47,11457,181.23,63,1785,9251,3,16
1784686172.489,real_q8_tensor_220w_ngram,1,92,11457,189.19,67,1695,9251,3,16
1784686172.489,real_q8_tensor_220w_ngram,2,92,11457,183.70,72,1755,9251,3,16
1784686172.489,real_q8_tensor_220w_ngram,3,92,11457,193.99,68,1710,9251,3,16
1784686173.087,real_q8_tensor_220w_ngram,0,34,11457,181.47,62,1920,9251,3,16
1784686173.087,real_q8_tensor_220w_ngram,1,92,11457,191.74,67,1905,9251,3,16
1784686173.087,real_q8_tensor_220w_ngram,2,92,11457,185.38,71,1890,9251,3,16
1784686173.087,real_q8_tensor_220w_ngram,3,92,11457,193.49,68,1920,9251,3,16
1784686173.682,real_q8_tensor_220w_ngram,0,34,11457,168.79,61,1905,9251,3,16
1784686173.682,real_q8_tensor_220w_ngram,1,38,11457,184.84,66,1845,9251,3,16
1784686173.682,real_q8_tensor_220w_ngram,2,36,11457,176.46,71,1875,9251,3,16
1784686173.682,real_q8_tensor_220w_ngram,3,43,11457,182.72,67,1860,9251,3,16
1784686174.248,real_q8_tensor_220w_ngram,0,33,11457,164.88,61,1815,9251,3,16
1784686174.248,real_q8_tensor_220w_ngram,1,38,11457,182.61,66,1710,9251,3,16
1784686174.248,real_q8_tensor_220w_ngram,2,36,11457,172.58,70,1860,9251,3,16
1784686174.248,real_q8_tensor_220w_ngram,3,43,11457,181.65,67,1725,9251,3,16
1784686174.816,real_q8_tensor_220w_ngram,0,33,11457,171.90,63,1800,9251,3,16
1784686174.816,real_q8_tensor_220w_ngram,1,93,11457,191.54,67,1695,9251,3,16
1784686174.816,real_q8_tensor_220w_ngram,2,93,11457,182.41,72,1740,9251,3,16
1784686174.816,real_q8_tensor_220w_ngram,3,92,11457,188.91,68,1725,9251,3,16
1784686175.410,real_q8_tensor_220w_ngram,0,31,11457,166.22,61,1920,9251,3,16
1784686175.410,real_q8_tensor_220w_ngram,1,33,11457,181.04,66,1905,9251,3,16
1784686175.410,real_q8_tensor_220w_ngram,2,31,11457,171.84,70,1890,9251,3,16
1784686175.410,real_q8_tensor_220w_ngram,3,20,11457,183.24,67,1920,9251,3,16
1784686175.988,real_q8_tensor_220w_ngram,0,31,11457,155.32,61,1920,9251,3,16
1784686175.988,real_q8_tensor_220w_ngram,1,20,11457,170.70,66,1905,9251,3,16
1784686175.988,real_q8_tensor_220w_ngram,2,19,11457,160.47,70,1890,9251,3,16
1784686175.988,real_q8_tensor_220w_ngram,3,21,11457,173.36,66,1920,9251,3,16
1784686176.553,real_q8_tensor_220w_ngram,0,25,11457,155.09,61,1920,9251,3,16
1784686176.553,real_q8_tensor_220w_ngram,1,20,11457,168.28,66,1905,9251,3,16
1784686176.553,real_q8_tensor_220w_ngram,2,19,11457,157.79,70,1890,9251,3,16
1784686176.553,real_q8_tensor_220w_ngram,3,21,11457,172.94,66,1920,9251,3,16
1784686177.124,real_q8_tensor_220w_ngram,0,25,11457,152.74,61,1905,9251,3,16
1784686177.124,real_q8_tensor_220w_ngram,1,33,11457,173.57,65,1830,9251,3,16
1784686177.124,real_q8_tensor_220w_ngram,2,31,11457,151.86,69,1710,9251,3,16
1784686177.124,real_q8_tensor_220w_ngram,3,19,11457,159.76,65,1710,9251,3,16
1784686177.708,real_q8_tensor_220w_ngram,0,46,11457,160.07,61,1920,9251,3,16
1784686177.708,real_q8_tensor_220w_ngram,1,33,11457,176.07,66,1875,9251,3,16
1784686177.708,real_q8_tensor_220w_ngram,2,31,11457,141.10,69,1710,9251,3,16
1784686177.708,real_q8_tensor_220w_ngram,3,19,11457,145.01,65,1710,9251,3,16
1784686178.274,real_q8_tensor_220w_ngram,0,46,11457,160.43,61,1920,9251,3,16
1784686178.274,real_q8_tensor_220w_ngram,1,28,11457,175.86,65,1905,9251,3,16
1784686178.274,real_q8_tensor_220w_ngram,2,30,11457,142.47,69,1890,9251,3,16
1784686178.274,real_q8_tensor_220w_ngram,3,31,11457,141.86,65,1710,9251,3,16
1784686178.850,real_q8_tensor_220w_ngram,0,27,11457,158.42,61,1905,9251,3,16
1784686178.850,real_q8_tensor_220w_ngram,1,28,11457,177.91,65,1875,9251,3,16
1784686178.850,real_q8_tensor_220w_ngram,2,30,11457,160.32,70,1860,9251,3,16
1784686178.850,real_q8_tensor_220w_ngram,3,31,11457,142.47,65,1710,9251,3,16
1784686179.416,real_q8_tensor_220w_ngram,0,3,11457,150.55,60,1890,9251,3,16
1784686179.416,real_q8_tensor_220w_ngram,1,68,11457,170.77,65,1815,9251,3,16
1784686179.416,real_q8_tensor_220w_ngram,2,66,11457,160.29,71,1845,9251,3,16
1784686179.416,real_q8_tensor_220w_ngram,3,20,11457,140.20,64,1710,9251,3,16
1784686180.048,real_q8_tensor_220w_ngram,0,100,11457,181.19,63,1875,9251,3,16
1784686180.048,real_q8_tensor_220w_ngram,1,68,11457,193.63,68,1800,9251,3,16
1784686180.048,real_q8_tensor_220w_ngram,2,66,11457,187.61,72,1830,9251,3,16
1784686180.048,real_q8_tensor_220w_ngram,3,20,11457,175.55,68,1815,9251,3,16
1784686180.624,real_q8_tensor_220w_ngram,0,100,11457,214.09,63,1875,9251,3,16
1784686180.624,real_q8_tensor_220w_ngram,1,80,11457,218.21,68,1770,9251,3,16
1784686180.624,real_q8_tensor_220w_ngram,2,80,11457,215.15,72,1845,9251,3,16
1784686180.624,real_q8_tensor_220w_ngram,3,100,11457,216.81,68,1830,9251,3,16
1784686181.203,real_q8_tensor_220w_ngram,0,100,11457,213.91,63,1905,9251,3,16
1784686181.203,real_q8_tensor_220w_ngram,1,80,11457,217.78,68,1860,9251,3,16
1784686181.203,real_q8_tensor_220w_ngram,2,80,11457,215.26,72,1830,9251,3,16
1784686181.203,real_q8_tensor_220w_ngram,3,100,11457,216.74,69,1875,9251,3,16
1784686181.803,real_q8_tensor_220w_ngram,0,100,11457,214.71,64,1875,9251,3,16
1784686181.803,real_q8_tensor_220w_ngram,1,100,11457,217.98,68,1785,9251,3,16
1784686181.803,real_q8_tensor_220w_ngram,2,100,11457,215.44,73,1830,9251,3,16
1784686181.803,real_q8_tensor_220w_ngram,3,100,11457,217.02,69,1815,9251,3,16
1784686182.403,real_q8_tensor_220w_ngram,0,82,11457,215.03,63,1875,9251,3,16
1784686182.403,real_q8_tensor_220w_ngram,1,100,11457,218.14,68,1785,9251,3,16
1784686182.403,real_q8_tensor_220w_ngram,2,91,11457,215.30,72,1815,9251,3,16
1784686182.403,real_q8_tensor_220w_ngram,3,100,11457,217.10,69,1800,9251,3,16
1784686182.982,real_q8_tensor_220w_ngram,0,82,11457,214.73,64,1860,9251,3,16
1784686182.982,real_q8_tensor_220w_ngram,1,100,11457,218.13,68,1800,9251,3,16
1784686182.982,real_q8_tensor_220w_ngram,2,100,11457,215.00,73,1830,9251,3,16
1784686182.982,real_q8_tensor_220w_ngram,3,100,11457,217.61,69,1815,9251,3,16
1784686183.557,real_q8_tensor_220w_ngram,0,80,11457,214.34,63,1860,9251,3,16
1784686183.557,real_q8_tensor_220w_ngram,1,100,11457,218.09,68,1800,9251,3,16
1784686183.557,real_q8_tensor_220w_ngram,2,100,11457,215.17,72,1815,9251,3,16
1784686183.557,real_q8_tensor_220w_ngram,3,100,11457,217.98,69,1815,9251,3,16
1784686184.132,real_q8_tensor_220w_ngram,0,80,11457,214.29,64,1860,9251,3,16
1784686184.132,real_q8_tensor_220w_ngram,1,100,11457,218.24,68,1785,9251,3,16
1784686184.132,real_q8_tensor_220w_ngram,2,100,11457,215.15,73,1830,9251,3,16
1784686184.132,real_q8_tensor_220w_ngram,3,100,11457,217.40,69,1815,9251,3,16
1784686184.709,real_q8_tensor_220w_ngram,0,100,11457,214.29,64,1875,9251,3,16
1784686184.709,real_q8_tensor_220w_ngram,1,100,11457,218.82,68,1755,9251,3,16
1784686184.709,real_q8_tensor_220w_ngram,2,100,11457,215.50,73,1830,9251,3,16
1784686184.709,real_q8_tensor_220w_ngram,3,100,11457,217.22,69,1800,9251,3,16
1784686185.283,real_q8_tensor_220w_ngram,0,100,11457,214.96,64,1875,9251,3,16
1784686185.283,real_q8_tensor_220w_ngram,1,100,11457,218.16,68,1815,9251,3,16
1784686185.283,real_q8_tensor_220w_ngram,2,100,11457,215.34,73,1815,9251,3,16
1784686185.283,real_q8_tensor_220w_ngram,3,100,11457,219.18,69,1815,9251,3,16
1784686185.874,real_q8_tensor_220w_ngram,0,83,11457,213.19,63,1860,9251,3,16
1784686185.874,real_q8_tensor_220w_ngram,1,89,11457,218.06,68,1770,9251,3,16
1784686185.874,real_q8_tensor_220w_ngram,2,89,11457,214.52,73,1815,9251,3,16
1784686185.874,real_q8_tensor_220w_ngram,3,96,11457,216.97,69,1815,9251,3,16
1784686186.453,real_q8_tensor_220w_ngram,0,100,11457,212.90,64,1890,9251,3,16
1784686186.453,real_q8_tensor_220w_ngram,1,91,11457,219.07,68,1845,9251,3,16
1784686186.453,real_q8_tensor_220w_ngram,2,94,11457,215.60,73,1860,9251,3,16
1784686186.453,real_q8_tensor_220w_ngram,3,100,11457,216.48,69,1845,9251,3,16
1784686187.026,real_q8_tensor_220w_ngram,0,100,11457,213.39,64,1860,9251,3,16
1784686187.026,real_q8_tensor_220w_ngram,1,91,11457,217.44,68,1785,9251,3,16
1784686187.026,real_q8_tensor_220w_ngram,2,94,11457,215.12,73,1830,9251,3,16
1784686187.026,real_q8_tensor_220w_ngram,3,100,11457,216.55,69,1800,9251,3,16
1784686187.602,real_q8_tensor_220w_ngram,0,91,11457,215.33,64,1905,9251,3,16
1784686187.602,real_q8_tensor_220w_ngram,1,100,11457,218.46,68,1875,9251,3,16
1784686187.602,real_q8_tensor_220w_ngram,2,100,11457,215.87,73,1860,9251,3,16
1784686187.602,real_q8_tensor_220w_ngram,3,82,11457,216.72,69,1890,9251,3,16
1784686188.178,real_q8_tensor_220w_ngram,0,91,11457,214.10,64,1860,9251,3,16
1784686188.178,real_q8_tensor_220w_ngram,1,100,11457,217.85,68,1785,9251,3,16
1784686188.178,real_q8_tensor_220w_ngram,2,100,11457,215.31,73,1815,9251,3,16
1784686188.178,real_q8_tensor_220w_ngram,3,82,11457,217.56,69,1800,9251,3,16
1784686188.770,real_q8_tensor_220w_ngram,0,79,11457,213.99,64,1860,9251,3,16
1784686188.770,real_q8_tensor_220w_ngram,1,78,11457,216.94,68,1770,9251,3,16
1784686188.770,real_q8_tensor_220w_ngram,2,79,11457,215.56,73,1830,9251,3,16
1784686188.770,real_q8_tensor_220w_ngram,3,79,11457,217.98,69,1815,9251,3,16
1784686189.364,real_q8_tensor_220w_ngram,0,79,11457,213.57,64,1860,9251,3,16
1784686189.364,real_q8_tensor_220w_ngram,1,78,11457,217.62,68,1785,9251,3,16
1784686189.364,real_q8_tensor_220w_ngram,2,79,11457,215.52,73,1815,9251,3,16
1784686189.364,real_q8_tensor_220w_ngram,3,79,11457,218.16,69,1800,9251,3,16
1784686189.939,real_q8_tensor_220w_ngram,0,86,11457,214.63,63,1860,9251,3,16
1784686189.939,real_q8_tensor_220w_ngram,1,78,11457,217.92,69,1770,9251,3,16
1784686189.939,real_q8_tensor_220w_ngram,2,79,11457,215.91,73,1815,9251,3,16
1784686189.939,real_q8_tensor_220w_ngram,3,100,11457,217.52,69,1785,9251,3,16
1784686190.517,real_q8_tensor_220w_ngram,0,86,11457,214.97,64,1860,9251,3,16
1784686190.517,real_q8_tensor_220w_ngram,1,78,11457,218.25,68,1755,9251,3,16
1784686190.517,real_q8_tensor_220w_ngram,2,79,11457,216.22,73,1815,9251,3,16
1784686190.517,real_q8_tensor_220w_ngram,3,100,11457,217.96,69,1785,9251,3,16
1784686191.093,real_q8_tensor_220w_ngram,0,78,11457,214.55,64,1860,9251,3,16
1784686191.093,real_q8_tensor_220w_ngram,1,81,11457,217.51,68,1770,9251,3,16
1784686191.093,real_q8_tensor_220w_ngram,2,84,11457,215.91,72,1815,9251,3,16
1784686191.093,real_q8_tensor_220w_ngram,3,100,11457,218.14,69,1800,9251,3,16
1784686191.671,real_q8_tensor_220w_ngram,0,78,11457,214.74,64,1860,9251,3,16
1784686191.671,real_q8_tensor_220w_ngram,1,81,11457,217.70,68,1770,9251,3,16
1784686191.671,real_q8_tensor_220w_ngram,2,84,11457,215.79,73,1815,9251,3,16
1784686191.671,real_q8_tensor_220w_ngram,3,100,11457,218.17,69,1785,9251,3,16
1784686192.246,real_q8_tensor_220w_ngram,0,100,11457,216.50,63,1845,9251,3,16
1784686192.246,real_q8_tensor_220w_ngram,1,78,11457,218.03,69,1770,9251,3,16
1784686192.246,real_q8_tensor_220w_ngram,2,78,11457,215.76,73,1815,9251,3,16
1784686192.246,real_q8_tensor_220w_ngram,3,100,11457,217.83,69,1785,9251,3,16
1784686192.845,real_q8_tensor_220w_ngram,0,100,11457,214.19,64,1860,9251,3,16
1784686192.845,real_q8_tensor_220w_ngram,1,78,11457,218.03,68,1785,9251,3,16
1784686192.845,real_q8_tensor_220w_ngram,2,78,11457,216.18,73,1815,9251,3,16
1784686192.845,real_q8_tensor_220w_ngram,3,100,11457,217.84,70,1785,9251,3,16
1784686193.420,real_q8_tensor_220w_ngram,0,78,11457,214.18,64,1860,9251,3,16
1784686193.420,real_q8_tensor_220w_ngram,1,100,11457,219.52,69,1770,9251,3,16
1784686193.420,real_q8_tensor_220w_ngram,2,100,11457,215.78,73,1815,9251,3,16
1784686193.420,real_q8_tensor_220w_ngram,3,100,11457,217.65,69,1815,9251,3,16
1784686193.999,real_q8_tensor_220w_ngram,0,78,11457,214.69,64,1845,9251,3,16
1784686193.999,real_q8_tensor_220w_ngram,1,100,11457,218.11,69,1770,9251,3,16
1784686193.999,real_q8_tensor_220w_ngram,2,100,11457,215.25,74,1800,9251,3,16
1784686193.999,real_q8_tensor_220w_ngram,3,100,11457,218.24,70,1785,9251,3,16
1784686194.600,real_q8_tensor_220w_ngram,0,78,11457,213.63,64,1845,9251,3,16
1784686194.600,real_q8_tensor_220w_ngram,1,89,11457,218.83,68,1755,9251,3,16
1784686194.600,real_q8_tensor_220w_ngram,2,87,11457,214.66,73,1800,9251,3,16
1784686194.600,real_q8_tensor_220w_ngram,3,100,11457,218.08,70,1785,9251,3,16
1784686195.200,real_q8_tensor_220w_ngram,0,78,11457,214.07,64,1845,9251,3,16
1784686195.200,real_q8_tensor_220w_ngram,1,89,11457,218.30,69,1755,9251,3,16
1784686195.200,real_q8_tensor_220w_ngram,2,87,11457,214.80,73,1800,9251,3,16
1784686195.200,real_q8_tensor_220w_ngram,3,100,11457,217.54,70,1785,9251,3,16
1784686195.779,real_q8_tensor_220w_ngram,0,77,11457,213.69,64,1845,9251,3,16
1784686195.779,real_q8_tensor_220w_ngram,1,76,11457,216.67,68,1755,9251,3,16
1784686195.779,real_q8_tensor_220w_ngram,2,77,11457,214.41,73,1800,9251,3,16
1784686195.779,real_q8_tensor_220w_ngram,3,100,11457,218.22,70,1770,9251,3,16
1784686196.383,real_q8_tensor_220w_ngram,0,100,11457,213.16,64,1860,9251,3,16
1784686196.383,real_q8_tensor_220w_ngram,1,88,11457,217.72,69,1755,9251,3,16
1784686196.383,real_q8_tensor_220w_ngram,2,100,11457,215.05,73,1800,9251,3,16
1784686196.383,real_q8_tensor_220w_ngram,3,100,11457,217.95,70,1770,9251,3,16
1784686196.986,real_q8_tensor_220w_ngram,0,77,11457,213.85,64,1845,9251,3,16
1784686196.986,real_q8_tensor_220w_ngram,1,76,11457,217.28,69,1755,9251,3,16
1784686196.986,real_q8_tensor_220w_ngram,2,77,11457,213.73,73,1800,9251,3,16
1784686196.986,real_q8_tensor_220w_ngram,3,100,11457,217.27,70,1770,9251,3,16
1784686197.564,real_q8_tensor_220w_ngram,0,77,11457,213.88,64,1845,9251,3,16
1784686197.564,real_q8_tensor_220w_ngram,1,76,11457,217.53,69,1755,9251,3,16
1784686197.564,real_q8_tensor_220w_ngram,2,77,11457,213.82,74,1800,9251,3,16
1784686197.564,real_q8_tensor_220w_ngram,3,100,11457,217.55,70,1770,9251,3,16
1784686198.141,real_q8_tensor_220w_ngram,0,100,11457,215.62,64,1905,9251,3,16
1784686198.141,real_q8_tensor_220w_ngram,1,75,11457,216.65,69,1845,9251,3,16
1784686198.141,real_q8_tensor_220w_ngram,2,75,11457,213.93,74,1860,9251,3,16
1784686198.141,real_q8_tensor_220w_ngram,3,100,11457,218.77,69,1890,9251,3,16
1784686198.716,real_q8_tensor_220w_ngram,0,100,11457,213.05,64,1845,9251,3,16
1784686198.716,real_q8_tensor_220w_ngram,1,75,11457,217.42,69,1770,9251,3,16
1784686198.716,real_q8_tensor_220w_ngram,2,75,11457,214.93,74,1785,9251,3,16
1784686198.716,real_q8_tensor_220w_ngram,3,100,11457,217.31,70,1785,9251,3,16
1784686199.291,real_q8_tensor_220w_ngram,0,100,11457,215.35,65,1845,9251,3,16
1784686199.291,real_q8_tensor_220w_ngram,1,100,11457,220.10,69,1755,9251,3,16
1784686199.291,real_q8_tensor_220w_ngram,2,100,11457,216.97,74,1815,9251,3,16
1784686199.291,real_q8_tensor_220w_ngram,3,100,11457,219.30,70,1845,9251,3,16
1784686199.888,real_q8_tensor_220w_ngram,0,88,11457,213.44,64,1845,9251,3,16
1784686199.888,real_q8_tensor_220w_ngram,1,88,11457,217.00,69,1740,9251,3,16
1784686199.888,real_q8_tensor_220w_ngram,2,88,11457,214.44,73,1800,9251,3,16
1784686199.888,real_q8_tensor_220w_ngram,3,100,11457,217.80,70,1770,9251,3,16
1784686200.484,real_q8_tensor_220w_ngram,0,100,11457,215.22,64,1890,9251,3,16
1784686200.484,real_q8_tensor_220w_ngram,1,100,11457,219.30,69,1845,9251,3,16
1784686200.484,real_q8_tensor_220w_ngram,2,100,11457,217.16,74,1800,9251,3,16
1784686200.484,real_q8_tensor_220w_ngram,3,100,11457,219.45,70,1860,9251,3,16
1784686201.092,real_q8_tensor_220w_ngram,0,100,11457,212.96,64,1845,9251,3,16
1784686201.092,real_q8_tensor_220w_ngram,1,100,11457,216.96,69,1740,9251,3,16
1784686201.092,real_q8_tensor_220w_ngram,2,100,11457,214.36,74,1800,9251,3,16
1784686201.092,real_q8_tensor_220w_ngram,3,100,11457,217.09,70,1785,9251,3,16
1784686201.665,real_q8_tensor_220w_ngram,0,100,11457,213.16,64,1845,9251,3,16
1784686201.665,real_q8_tensor_220w_ngram,1,100,11457,219.34,69,1740,9251,3,16
1784686201.665,real_q8_tensor_220w_ngram,2,100,11457,216.94,74,1785,9251,3,16
1784686201.665,real_q8_tensor_220w_ngram,3,100,11457,217.82,70,1755,9251,3,16
1784686202.240,real_q8_tensor_220w_ngram,0,100,11457,212.91,64,1830,9251,3,16
1784686202.240,real_q8_tensor_220w_ngram,1,100,11457,216.61,69,1755,9251,3,16
1784686202.240,real_q8_tensor_220w_ngram,2,100,11457,213.79,74,1800,9251,3,16
1784686202.240,real_q8_tensor_220w_ngram,3,75,11457,216.36,70,1770,9251,3,16
1784686202.834,real_q8_tensor_220w_ngram,0,100,11457,215.58,65,1830,9251,3,16
1784686202.834,real_q8_tensor_220w_ngram,1,100,11457,218.13,69,1740,9251,3,16
1784686202.834,real_q8_tensor_220w_ngram,2,100,11457,215.49,74,1785,9251,3,16
1784686202.834,real_q8_tensor_220w_ngram,3,100,11457,218.69,70,1755,9251,3,16
1784686203.451,real_q8_tensor_220w_ngram,0,92,11457,212.58,64,1845,9251,3,16
1784686203.451,real_q8_tensor_220w_ngram,1,100,11457,216.41,69,1755,9251,3,16
1784686203.451,real_q8_tensor_220w_ngram,2,100,11457,213.89,73,1785,9251,3,16
1784686203.451,real_q8_tensor_220w_ngram,3,100,11457,217.11,69,1785,9251,3,16
1784686204.052,real_q8_tensor_220w_ngram,0,100,11457,212.29,65,1830,9251,3,16
1784686204.052,real_q8_tensor_220w_ngram,1,100,11457,216.57,69,1740,9251,3,16
1784686204.052,real_q8_tensor_220w_ngram,2,100,11457,213.99,74,1770,9251,3,16
1784686204.052,real_q8_tensor_220w_ngram,3,100,11457,217.25,70,1770,9251,3,16
1784686204.627,real_q8_tensor_220w_ngram,0,100,11457,214.71,65,1905,9251,3,16
1784686204.627,real_q8_tensor_220w_ngram,1,100,11457,215.92,69,1860,9251,3,16
1784686204.627,real_q8_tensor_220w_ngram,2,100,11457,213.80,74,1875,9251,3,16
1784686204.627,real_q8_tensor_220w_ngram,3,99,11457,218.31,70,1875,9251,3,16
1784686205.202,real_q8_tensor_220w_ngram,0,100,11457,213.11,65,1830,9251,3,16
1784686205.202,real_q8_tensor_220w_ngram,1,100,11457,216.07,69,1740,9251,3,16
1784686205.202,real_q8_tensor_220w_ngram,2,100,11457,214.21,74,1770,9251,3,16
1784686205.202,real_q8_tensor_220w_ngram,3,99,11457,216.44,70,1785,9251,3,16
1784686205.802,real_q8_tensor_220w_ngram,0,100,11457,214.84,65,1845,9251,3,16
1784686205.802,real_q8_tensor_220w_ngram,1,100,11457,218.76,69,1770,9251,3,16
1784686205.802,real_q8_tensor_220w_ngram,2,100,11457,217.07,74,1770,9251,3,16
1784686205.802,real_q8_tensor_220w_ngram,3,100,11457,218.83,70,1785,9251,3,16
1784686206.382,real_q8_tensor_220w_ngram,0,100,11457,212.26,64,1815,9251,3,16
1784686206.382,real_q8_tensor_220w_ngram,1,74,11457,216.39,69,1755,9251,3,16
1784686206.382,real_q8_tensor_220w_ngram,2,74,11457,213.94,74,1770,9251,3,16
1784686206.382,real_q8_tensor_220w_ngram,3,87,11457,216.95,70,1755,9251,3,16
1784686206.959,real_q8_tensor_220w_ngram,0,100,11457,214.53,65,1830,9251,3,16
1784686206.959,real_q8_tensor_220w_ngram,1,74,11457,216.47,69,1740,9251,3,16
1784686206.959,real_q8_tensor_220w_ngram,2,74,11457,214.76,74,1770,9251,3,16
1784686206.959,real_q8_tensor_220w_ngram,3,100,11457,217.69,70,1755,9251,3,16
1784686207.552,real_q8_tensor_220w_ngram,0,73,11457,212.26,64,1845,9251,3,16
1784686207.552,real_q8_tensor_220w_ngram,1,72,11457,215.28,69,1725,9251,3,16
1784686207.552,real_q8_tensor_220w_ngram,2,73,11457,214.08,74,1785,9251,3,16
1784686207.552,real_q8_tensor_220w_ngram,3,100,11457,216.70,69,1740,9251,3,16
1784686208.152,real_q8_tensor_220w_ngram,0,73,11457,212.29,65,1815,9251,3,16
1784686208.152,real_q8_tensor_220w_ngram,1,72,11457,215.49,69,1725,9251,3,16
1784686208.152,real_q8_tensor_220w_ngram,2,73,11457,214.14,74,1785,9251,3,16
1784686208.152,real_q8_tensor_220w_ngram,3,100,11457,216.47,70,1755,9251,3,16
1784686208.728,real_q8_tensor_220w_ngram,0,100,11457,214.21,65,1830,9251,3,16
1784686208.728,real_q8_tensor_220w_ngram,1,99,11457,217.23,69,1710,9251,3,16
1784686208.728,real_q8_tensor_220w_ngram,2,100,11457,215.77,74,1755,9251,3,16
1784686208.728,real_q8_tensor_220w_ngram,3,100,11457,217.51,70,1755,9251,3,16
1784686209.312,real_q8_tensor_220w_ngram,0,100,11457,211.30,65,1830,9251,3,16
1784686209.312,real_q8_tensor_220w_ngram,1,99,11457,214.79,69,1725,9251,3,16
1784686209.312,real_q8_tensor_220w_ngram,2,100,11457,213.75,74,1785,9251,3,16
1784686209.312,real_q8_tensor_220w_ngram,3,98,11457,215.74,70,1755,9251,3,16
1784686209.887,real_q8_tensor_220w_ngram,0,100,11457,214.40,65,1815,9251,3,16
1784686209.887,real_q8_tensor_220w_ngram,1,73,11457,214.57,69,1725,9251,3,16
1784686209.887,real_q8_tensor_220w_ngram,2,100,11457,213.33,74,1770,9251,3,16
1784686209.887,real_q8_tensor_220w_ngram,3,100,11457,217.80,70,1755,9251,3,16
1784686210.483,real_q8_tensor_220w_ngram,0,100,11457,211.35,64,1815,9251,3,16
1784686210.483,real_q8_tensor_220w_ngram,1,100,11457,216.07,68,1725,9251,3,16
1784686210.483,real_q8_tensor_220w_ngram,2,100,11457,214.82,73,1770,9251,3,16
1784686210.483,real_q8_tensor_220w_ngram,3,100,11457,214.29,70,1755,9251,3,16
1784686211.084,real_q8_tensor_220w_ngram,0,100,11457,211.01,65,1830,9251,3,16
1784686211.084,real_q8_tensor_220w_ngram,1,100,11457,216.11,69,1710,9251,3,16
1784686211.084,real_q8_tensor_220w_ngram,2,100,11457,213.46,74,1770,9251,3,16
1784686211.084,real_q8_tensor_220w_ngram,3,100,11457,214.67,70,1725,9251,3,16
1784686211.659,real_q8_tensor_220w_ngram,0,100,11457,214.40,65,1830,9251,3,16
1784686211.659,real_q8_tensor_220w_ngram,1,100,11457,218.35,69,1740,9251,3,16
1784686211.659,real_q8_tensor_220w_ngram,2,100,11457,216.20,75,1785,9251,3,16
1784686211.659,real_q8_tensor_220w_ngram,3,100,11457,217.83,70,1725,9251,3,16
1784686212.249,real_q8_tensor_220w_ngram,0,100,11457,211.93,65,1830,9251,3,16
1784686212.249,real_q8_tensor_220w_ngram,1,92,11457,216.66,69,1725,9251,3,16
1784686212.249,real_q8_tensor_220w_ngram,2,90,11457,214.64,74,1785,9251,3,16
1784686212.249,real_q8_tensor_220w_ngram,3,100,11457,216.60,70,1740,9251,3,16
1784686212.846,real_q8_tensor_220w_ngram,0,100,11457,213.66,65,1830,9251,3,16
1784686212.846,real_q8_tensor_220w_ngram,1,100,11457,218.32,69,1710,9251,3,16
1784686212.846,real_q8_tensor_220w_ngram,2,86,11457,216.79,74,1785,9251,3,16
1784686212.846,real_q8_tensor_220w_ngram,3,100,11457,218.02,70,1740,9251,3,16
1784686213.448,real_q8_tensor_220w_ngram,0,100,11457,213.60,65,1905,9251,3,16
1784686213.448,real_q8_tensor_220w_ngram,1,71,11457,214.30,69,1710,9251,3,16
1784686213.448,real_q8_tensor_220w_ngram,2,70,11457,212.70,74,1875,9251,3,16
1784686213.448,real_q8_tensor_220w_ngram,3,100,11457,217.98,70,1710,9251,3,16
1784686214.026,real_q8_tensor_220w_ngram,0,100,11457,210.97,65,1830,9251,3,16
1784686214.026,real_q8_tensor_220w_ngram,1,71,11457,214.91,69,1755,9251,3,16
1784686214.026,real_q8_tensor_220w_ngram,2,70,11457,214.39,74,1785,9251,3,16
1784686214.026,real_q8_tensor_220w_ngram,3,100,11457,215.29,70,1725,9251,3,16
1784686214.600,real_q8_tensor_220w_ngram,0,100,11457,214.04,65,1815,9251,3,16
1784686214.600,real_q8_tensor_220w_ngram,1,100,11457,218.81,69,1725,9251,3,16
1784686214.600,real_q8_tensor_220w_ngram,2,100,11457,218.24,74,1755,9251,3,16
1784686214.600,real_q8_tensor_220w_ngram,3,100,11457,217.70,70,1755,9251,3,16
1784686215.176,real_q8_tensor_220w_ngram,0,100,11457,211.56,65,1800,9251,3,16
1784686215.176,real_q8_tensor_220w_ngram,1,100,11457,215.49,69,1710,9251,3,16
1784686215.176,real_q8_tensor_220w_ngram,2,100,11457,213.35,73,1785,9251,3,16
1784686215.176,real_q8_tensor_220w_ngram,3,100,11457,216.56,70,1755,9251,3,16
1784686215.754,real_q8_tensor_220w_ngram,0,100,11457,211.10,65,1800,9251,3,16
1784686215.754,real_q8_tensor_220w_ngram,1,100,11457,215.31,69,1740,9251,3,16
1784686215.754,real_q8_tensor_220w_ngram,2,100,11457,213.12,74,1755,9251,3,16
1784686215.754,real_q8_tensor_220w_ngram,3,100,11457,215.54,70,1755,9251,3,16
1784686216.329,real_q8_tensor_220w_ngram,0,87,11457,214.65,65,1785,9251,3,16
1784686216.329,real_q8_tensor_220w_ngram,1,100,11457,217.21,70,1740,9251,3,16
1784686216.329,real_q8_tensor_220w_ngram,2,100,11457,216.00,74,1785,9251,3,16
1784686216.329,real_q8_tensor_220w_ngram,3,100,11457,217.14,70,1755,9251,3,16
1784686216.907,real_q8_tensor_220w_ngram,0,69,11457,210.23,65,1815,9251,3,16
1784686216.907,real_q8_tensor_220w_ngram,1,93,11457,217.35,69,1695,9251,3,16
1784686216.907,real_q8_tensor_220w_ngram,2,97,11457,216.56,74,1755,9251,3,16
1784686216.907,real_q8_tensor_220w_ngram,3,70,11457,214.72,70,1725,9251,3,16
1784686217.485,real_q8_tensor_220w_ngram,0,69,11457,211.17,65,1800,9251,3,16
1784686217.485,real_q8_tensor_220w_ngram,1,93,11457,214.99,69,1725,9251,3,16
1784686217.485,real_q8_tensor_220w_ngram,2,97,11457,213.98,74,1755,9251,3,16
1784686217.485,real_q8_tensor_220w_ngram,3,70,11457,215.62,70,1755,9251,3,16
1784686218.060,real_q8_tensor_220w_ngram,0,100,11457,214.28,65,1800,9251,3,16
1784686218.060,real_q8_tensor_220w_ngram,1,100,11457,217.17,69,1710,9251,3,16
1784686218.060,real_q8_tensor_220w_ngram,2,100,11457,216.06,74,1755,9251,3,16
1784686218.060,real_q8_tensor_220w_ngram,3,100,11457,218.41,70,1755,9251,3,16
1784686218.635,real_q8_tensor_220w_ngram,0,100,11457,212.35,65,1800,9251,3,16
1784686218.635,real_q8_tensor_220w_ngram,1,100,11457,214.58,69,1665,9251,3,16
1784686218.635,real_q8_tensor_220w_ngram,2,100,11457,212.53,74,1875,9251,3,16
1784686218.635,real_q8_tensor_220w_ngram,3,100,11457,216.43,69,1710,9251,3,16
1784686219.211,real_q8_tensor_220w_ngram,0,100,11457,210.93,65,1785,9251,3,16
1784686219.211,real_q8_tensor_220w_ngram,1,96,11457,214.66,69,1710,9251,3,16
1784686219.211,real_q8_tensor_220w_ngram,2,93,11457,213.55,74,1755,9251,3,16
1784686219.211,real_q8_tensor_220w_ngram,3,100,11457,214.85,70,1740,9251,3,16
1784686219.786,real_q8_tensor_220w_ngram,0,100,11457,213.51,65,1815,9251,3,16
1784686219.786,real_q8_tensor_220w_ngram,1,96,11457,218.02,70,1740,9251,3,16
1784686219.786,real_q8_tensor_220w_ngram,2,93,11457,217.59,75,1740,9251,3,16
1784686219.786,real_q8_tensor_220w_ngram,3,100,11457,218.56,71,1725,9251,3,16
1784686220.359,real_q8_tensor_220w_ngram,0,69,11457,209.74,65,1890,9251,3,16
1784686220.359,real_q8_tensor_220w_ngram,1,87,11457,216.57,68,1740,9251,3,16
1784686220.359,real_q8_tensor_220w_ngram,2,88,11457,216.19,73,1740,9251,3,16
1784686220.359,real_q8_tensor_220w_ngram,3,68,11457,216.44,71,1710,9251,3,16
1784686220.960,real_q8_tensor_220w_ngram,0,69,11457,210.62,65,1800,9251,3,16
1784686220.960,real_q8_tensor_220w_ngram,1,87,11457,214.33,69,1710,9251,3,16
1784686220.960,real_q8_tensor_220w_ngram,2,88,11457,213.96,74,1755,9251,3,16
1784686220.960,real_q8_tensor_220w_ngram,3,68,11457,215.82,70,1710,9251,3,16
1784686221.536,real_q8_tensor_220w_ngram,0,100,11457,213.64,65,1785,9251,3,16
1784686221.536,real_q8_tensor_220w_ngram,1,100,11457,216.72,69,1710,9251,3,16
1784686221.536,real_q8_tensor_220w_ngram,2,100,11457,216.02,74,1755,9251,3,16
1784686221.536,real_q8_tensor_220w_ngram,3,100,11457,216.80,70,1710,9251,3,16
1784686222.110,real_q8_tensor_220w_ngram,0,100,11457,212.84,65,1875,9251,3,16
1784686222.110,real_q8_tensor_220w_ngram,1,100,11457,217.37,70,1860,9251,3,16
1784686222.110,real_q8_tensor_220w_ngram,2,100,11457,215.88,75,1815,9251,3,16
1784686222.110,real_q8_tensor_220w_ngram,3,100,11457,216.19,70,1875,9251,3,16
1784686222.682,real_q8_tensor_220w_ngram,0,100,11457,211.08,65,1800,9251,3,16
1784686222.682,real_q8_tensor_220w_ngram,1,77,11457,215.87,70,1740,9251,3,16
1784686222.682,real_q8_tensor_220w_ngram,2,80,11457,213.55,74,1785,9251,3,16
1784686222.682,real_q8_tensor_220w_ngram,3,100,11457,215.79,70,1740,9251,3,16
1784686223.257,real_q8_tensor_220w_ngram,0,100,11457,210.99,65,1785,9251,3,16
1784686223.257,real_q8_tensor_220w_ngram,1,77,11457,219.45,70,1695,9251,3,16
1784686223.257,real_q8_tensor_220w_ngram,2,80,11457,216.85,74,1740,9251,3,16
1784686223.257,real_q8_tensor_220w_ngram,3,100,11457,218.02,71,1725,9251,3,16
1784686223.829,real_q8_tensor_220w_ngram,0,100,11457,213.85,65,1785,9251,3,16
1784686223.829,real_q8_tensor_220w_ngram,1,100,11457,217.38,70,1695,9251,3,16
1784686223.829,real_q8_tensor_220w_ngram,2,100,11457,216.37,75,1740,9251,3,16
1784686223.829,real_q8_tensor_220w_ngram,3,100,11457,217.40,71,1725,9251,3,16
1784686224.400,real_q8_tensor_220w_ngram,0,84,11457,211.86,65,1785,9251,3,16
1784686224.400,real_q8_tensor_220w_ngram,1,100,11457,214.50,69,1695,9251,3,16
1784686224.400,real_q8_tensor_220w_ngram,2,87,11457,213.13,73,1740,9251,3,16
1784686224.400,real_q8_tensor_220w_ngram,3,100,11457,215.02,70,1755,9251,3,16
1784686224.998,real_q8_tensor_220w_ngram,0,100,11457,212.37,65,1785,9251,3,16
1784686224.998,real_q8_tensor_220w_ngram,1,100,11457,214.79,69,1710,9251,3,16
1784686224.998,real_q8_tensor_220w_ngram,2,100,11457,212.49,74,1740,9251,3,16
1784686224.998,real_q8_tensor_220w_ngram,3,100,11457,216.88,70,1710,9251,3,16
1784686225.572,real_q8_tensor_220w_ngram,0,100,11457,212.55,65,1785,9251,3,16
1784686225.572,real_q8_tensor_220w_ngram,1,100,11457,216.53,69,1695,9251,3,16
1784686225.572,real_q8_tensor_220w_ngram,2,100,11457,215.53,75,1785,9251,3,16
1784686225.572,real_q8_tensor_220w_ngram,3,100,11457,216.30,71,1710,9251,3,16
1784686226.145,real_q8_tensor_220w_ngram,0,67,11457,209.49,65,1785,9251,3,16
1784686226.145,real_q8_tensor_220w_ngram,1,65,11457,213.42,69,1695,9251,3,16
1784686226.145,real_q8_tensor_220w_ngram,2,66,11457,212.97,74,1740,9251,3,16
1784686226.145,real_q8_tensor_220w_ngram,3,66,11457,214.23,70,1710,9251,3,16
1784686226.777,real_q8_tensor_220w_ngram,0,96,11457,213.12,65,1785,9251,3,16
1784686226.777,real_q8_tensor_220w_ngram,1,83,11457,216.76,70,1695,9251,3,16
1784686226.777,real_q8_tensor_220w_ngram,2,83,11457,216.36,75,1725,9251,3,16
1784686226.777,real_q8_tensor_220w_ngram,3,83,11457,217.77,71,1755,9251,3,16
1784686227.396,real_q8_tensor_220w_ngram,0,100,11457,213.57,65,1785,9251,3,16
1784686227.396,real_q8_tensor_220w_ngram,1,100,11457,216.70,70,1680,9251,3,16
1784686227.396,real_q8_tensor_220w_ngram,2,100,11457,216.49,75,1725,9251,3,16
1784686227.396,real_q8_tensor_220w_ngram,3,100,11457,215.98,71,1710,9251,3,16
1784686227.971,real_q8_tensor_220w_ngram,0,100,11457,210.60,65,1770,9251,3,16
1784686227.971,real_q8_tensor_220w_ngram,1,100,11457,213.51,69,1725,9251,3,16
1784686227.971,real_q8_tensor_220w_ngram,2,100,11457,213.42,73,1740,9251,3,16
1784686227.971,real_q8_tensor_220w_ngram,3,100,11457,214.62,70,1695,9251,3,16
1784686228.548,real_q8_tensor_220w_ngram,0,100,11457,214.26,65,1785,9251,3,16
1784686228.548,real_q8_tensor_220w_ngram,1,100,11457,214.55,70,1680,9251,3,16
1784686228.548,real_q8_tensor_220w_ngram,2,100,11457,212.85,75,1740,9251,3,16
1784686228.548,real_q8_tensor_220w_ngram,3,100,11457,217.29,70,1710,9251,3,16
1784686229.146,real_q8_tensor_220w_ngram,0,100,11457,214.42,65,1785,9251,3,16
1784686229.146,real_q8_tensor_220w_ngram,1,100,11457,216.33,70,1695,9251,3,16
1784686229.146,real_q8_tensor_220w_ngram,2,100,11457,215.68,75,1725,9251,3,16
1784686229.146,real_q8_tensor_220w_ngram,3,100,11457,215.77,71,1710,9251,3,16
1784686229.720,real_q8_tensor_220w_ngram,0,100,11457,213.30,65,1860,9251,3,16
1784686229.720,real_q8_tensor_220w_ngram,1,82,11457,214.91,70,1785,9251,3,16
1784686229.720,real_q8_tensor_220w_ngram,2,84,11457,213.89,75,1755,9251,3,16
1784686229.720,real_q8_tensor_220w_ngram,3,100,11457,217.13,71,1800,9251,3,16
1784686230.308,real_q8_tensor_220w_ngram,0,100,11457,209.66,65,1770,9251,3,16
1784686230.308,real_q8_tensor_220w_ngram,1,82,11457,213.46,69,1680,9251,3,16
1784686230.308,real_q8_tensor_220w_ngram,2,84,11457,211.44,74,1740,9251,3,16
1784686230.308,real_q8_tensor_220w_ngram,3,100,11457,214.13,70,1695,9251,3,16
1784686230.883,real_q8_tensor_220w_ngram,0,100,11457,213.16,65,1770,9251,3,16
1784686230.883,real_q8_tensor_220w_ngram,1,100,11457,214.84,70,1695,9251,3,16
1784686230.883,real_q8_tensor_220w_ngram,2,100,11457,213.53,74,1725,9251,3,16
1784686230.883,real_q8_tensor_220w_ngram,3,100,11457,216.36,71,1755,9251,3,16
1784686231.457,real_q8_tensor_220w_ngram,0,100,11457,212.76,65,1800,9251,3,16
1784686231.457,real_q8_tensor_220w_ngram,1,100,11457,217.05,70,1680,9251,3,16
1784686231.457,real_q8_tensor_220w_ngram,2,100,11457,215.45,75,1770,9251,3,16
1784686231.457,real_q8_tensor_220w_ngram,3,100,11457,216.94,71,1710,9251,3,16
1784686232.048,real_q8_tensor_220w_ngram,0,64,11457,210.65,65,1920,9251,3,16
1784686232.048,real_q8_tensor_220w_ngram,1,70,11457,213.80,69,1665,9251,3,16
1784686232.048,real_q8_tensor_220w_ngram,2,73,11457,211.88,73,1875,9251,3,16
1784686232.048,real_q8_tensor_220w_ngram,3,65,11457,214.82,71,1695,9251,3,16
1784686232.641,real_q8_tensor_220w_ngram,0,64,11457,213.22,65,1785,9251,3,16
1784686232.641,real_q8_tensor_220w_ngram,1,70,11457,214.64,70,1665,9251,3,16
1784686232.641,real_q8_tensor_220w_ngram,2,73,11457,212.64,75,1770,9251,3,16
1784686232.641,real_q8_tensor_220w_ngram,3,65,11457,218.40,71,1695,9251,3,16
1784686233.262,real_q8_tensor_220w_ngram,0,100,11457,212.89,65,1815,9251,3,16
1784686233.262,real_q8_tensor_220w_ngram,1,100,11457,216.51,70,1695,9251,3,16
1784686233.262,real_q8_tensor_220w_ngram,2,100,11457,215.17,75,1710,9251,3,16
1784686233.262,real_q8_tensor_220w_ngram,3,100,11457,216.51,71,1710,9251,3,16
1784686233.860,real_q8_tensor_220w_ngram,0,100,11457,212.40,64,1905,9251,3,16
1784686233.860,real_q8_tensor_220w_ngram,1,100,11457,213.65,69,1650,9251,3,16
1784686233.860,real_q8_tensor_220w_ngram,2,80,11457,211.38,75,1830,9251,3,16
1784686233.860,real_q8_tensor_220w_ngram,3,86,11457,213.25,70,1710,9251,3,16
1784686234.502,real_q8_tensor_220w_ngram,0,100,11457,211.07,65,1770,9251,3,16
1784686234.502,real_q8_tensor_220w_ngram,1,100,11457,216.84,70,1680,9251,3,16
1784686234.502,real_q8_tensor_220w_ngram,2,100,11457,214.83,75,1710,9251,3,16
1784686234.502,real_q8_tensor_220w_ngram,3,100,11457,213.16,71,1725,9251,3,16
1784686235.093,real_q8_tensor_220w_ngram,0,100,11457,213.36,65,1770,9251,3,16
1784686235.093,real_q8_tensor_220w_ngram,1,100,11457,216.49,70,1665,9251,3,16
1784686235.093,real_q8_tensor_220w_ngram,2,100,11457,214.64,75,1740,9251,3,16
1784686235.093,real_q8_tensor_220w_ngram,3,100,11457,215.82,71,1695,9251,3,16
1784686235.667,real_q8_tensor_220w_ngram,0,100,11457,213.46,65,1770,9251,3,16
1784686235.667,real_q8_tensor_220w_ngram,1,100,11457,216.08,70,1710,9251,3,16
1784686235.667,real_q8_tensor_220w_ngram,2,100,11457,214.76,75,1725,9251,3,16
1784686235.667,real_q8_tensor_220w_ngram,3,100,11457,215.46,71,1695,9251,3,16
1784686236.242,real_q8_tensor_220w_ngram,0,100,11457,213.35,65,1920,9251,3,16
1784686236.242,real_q8_tensor_220w_ngram,1,100,11457,212.12,70,1650,9251,3,16
1784686236.242,real_q8_tensor_220w_ngram,2,100,11457,210.74,74,1875,9251,3,16
1784686236.242,real_q8_tensor_220w_ngram,3,100,11457,215.46,70,1695,9251,3,16
1784686236.818,real_q8_tensor_220w_ngram,0,81,11457,210.30,65,1785,9251,3,16
1784686236.818,real_q8_tensor_220w_ngram,1,100,11457,214.11,70,1665,9251,3,16
1784686236.818,real_q8_tensor_220w_ngram,2,100,11457,212.68,74,1740,9251,3,16
1784686236.818,real_q8_tensor_220w_ngram,3,91,11457,213.09,71,1680,9251,3,16
1784686237.413,real_q8_tensor_220w_ngram,0,100,11457,213.27,66,1755,9251,3,16
1784686237.413,real_q8_tensor_220w_ngram,1,100,11457,214.86,70,1695,9251,3,16
1784686237.413,real_q8_tensor_220w_ngram,2,88,11457,213.32,75,1710,9251,3,16
1784686237.413,real_q8_tensor_220w_ngram,3,81,11457,215.68,71,1680,9251,3,16
1784686238.000,real_q8_tensor_220w_ngram,0,100,11457,213.52,65,1740,9251,3,16
1784686238.000,real_q8_tensor_220w_ngram,1,100,11457,215.86,70,1635,9251,3,16
1784686238.000,real_q8_tensor_220w_ngram,2,100,11457,213.86,75,1695,9251,3,16
1784686238.000,real_q8_tensor_220w_ngram,3,100,11457,215.92,71,1665,9251,3,16
1784686238.597,real_q8_tensor_220w_ngram,0,100,11457,209.76,64,1905,9251,3,16
1784686238.597,real_q8_tensor_220w_ngram,1,100,11457,215.64,70,1845,9251,3,16
1784686238.597,real_q8_tensor_220w_ngram,2,100,11457,213.46,74,1815,9251,3,16
1784686238.597,real_q8_tensor_220w_ngram,3,100,11457,211.88,70,1875,9251,3,16
1784686239.173,real_q8_tensor_220w_ngram,0,100,11457,210.64,65,1800,9251,3,16
1784686239.173,real_q8_tensor_220w_ngram,1,90,11457,212.72,70,1695,9251,3,16
1784686239.173,real_q8_tensor_220w_ngram,2,86,11457,210.87,75,1710,9251,3,16
1784686239.173,real_q8_tensor_220w_ngram,3,100,11457,215.59,71,1740,9251,3,16
1784686239.749,real_q8_tensor_220w_ngram,0,100,11457,213.81,66,1770,9251,3,16
1784686239.749,real_q8_tensor_220w_ngram,1,90,11457,215.23,70,1650,9251,3,16
1784686239.749,real_q8_tensor_220w_ngram,2,86,11457,214.50,75,1755,9251,3,16
1784686239.749,real_q8_tensor_220w_ngram,3,100,11457,215.82,71,1665,9251,3,16
1784686240.358,real_q8_tensor_220w_ngram,0,100,11457,214.01,65,1755,9251,3,16
1784686240.358,real_q8_tensor_220w_ngram,1,100,11457,214.47,70,1650,9251,3,16
1784686240.358,real_q8_tensor_220w_ngram,2,100,11457,212.93,75,1710,9251,3,16
1784686240.358,real_q8_tensor_220w_ngram,3,100,11457,214.84,71,1665,9251,3,16
1784686240.957,real_q8_tensor_220w_ngram,0,100,11457,209.18,66,1740,9251,3,16
1784686240.957,real_q8_tensor_220w_ngram,1,100,11457,211.96,69,1635,9251,3,16
1784686240.957,real_q8_tensor_220w_ngram,2,100,11457,210.51,73,1695,9251,3,16
1784686240.957,real_q8_tensor_220w_ngram,3,100,11457,212.75,71,1665,9251,3,16
1784686241.557,real_q8_tensor_220w_ngram,0,100,11457,212.85,65,1770,9251,3,16
1784686241.557,real_q8_tensor_220w_ngram,1,100,11457,213.73,70,1665,9251,3,16
1784686241.557,real_q8_tensor_220w_ngram,2,100,11457,211.56,75,1695,9251,3,16
1784686241.557,real_q8_tensor_220w_ngram,3,100,11457,216.66,71,1725,9251,3,16
1784686242.153,real_q8_tensor_220w_ngram,0,100,11457,211.77,65,1800,9251,3,16
1784686242.153,real_q8_tensor_220w_ngram,1,100,11457,215.45,70,1725,9251,3,16
1784686242.153,real_q8_tensor_220w_ngram,2,100,11457,213.38,75,1740,9251,3,16
1784686242.153,real_q8_tensor_220w_ngram,3,100,11457,215.55,71,1740,9251,3,16
1784686242.727,real_q8_tensor_220w_ngram,0,100,11457,212.98,66,1770,9251,3,16
1784686242.727,real_q8_tensor_220w_ngram,1,100,11457,214.62,70,1710,9251,3,16
1784686242.727,real_q8_tensor_220w_ngram,2,100,11457,212.47,75,1710,9251,3,16
1784686242.727,real_q8_tensor_220w_ngram,3,100,11457,214.90,71,1680,9251,3,16
1784686243.300,real_q8_tensor_220w_ngram,0,100,11457,212.83,66,1860,9251,3,16
1784686243.300,real_q8_tensor_220w_ngram,1,100,11457,214.49,70,1785,9251,3,16
1784686243.300,real_q8_tensor_220w_ngram,2,100,11457,213.21,75,1800,9251,3,16
1784686243.300,real_q8_tensor_220w_ngram,3,100,11457,214.68,70,1800,9251,3,16
1784686243.867,real_q8_tensor_220w_ngram,0,69,11457,209.32,65,1785,9251,3,16
1784686243.867,real_q8_tensor_220w_ngram,1,63,11457,212.21,70,1710,9251,3,16
1784686243.867,real_q8_tensor_220w_ngram,2,62,11457,210.74,74,1680,9251,3,16
1784686243.867,real_q8_tensor_220w_ngram,3,85,11457,212.37,70,1710,9251,3,16
1784686244.442,real_q8_tensor_220w_ngram,0,80,11457,212.93,65,1740,9251,3,16
1784686244.442,real_q8_tensor_220w_ngram,1,80,11457,215.85,70,1635,9251,3,16
1784686244.442,real_q8_tensor_220w_ngram,2,80,11457,214.53,75,1680,9251,3,16
1784686244.442,real_q8_tensor_220w_ngram,3,100,11457,214.39,71,1695,9251,3,16
1784686245.040,real_q8_tensor_220w_ngram,0,100,11457,211.98,66,1815,9251,3,16
1784686245.040,real_q8_tensor_220w_ngram,1,100,11457,214.69,70,1695,9251,3,16
1784686245.040,real_q8_tensor_220w_ngram,2,100,11457,213.17,75,1710,9251,3,16
1784686245.040,real_q8_tensor_220w_ngram,3,100,11457,214.49,71,1680,9251,3,16
1784686245.614,real_q8_tensor_220w_ngram,0,100,11457,212.07,66,1740,9251,3,16
1784686245.614,real_q8_tensor_220w_ngram,1,100,11457,214.88,70,1650,9251,3,16
1784686245.614,real_q8_tensor_220w_ngram,2,100,11457,213.13,75,1710,9251,3,16
1784686245.614,real_q8_tensor_220w_ngram,3,100,11457,214.79,71,1665,9251,3,16
1784686246.208,real_q8_tensor_220w_ngram,0,97,11457,211.79,65,1890,9251,3,16
1784686246.208,real_q8_tensor_220w_ngram,1,100,11457,214.46,70,1860,9251,3,16
1784686246.208,real_q8_tensor_220w_ngram,2,100,11457,209.57,75,1830,9251,3,16
1784686246.208,real_q8_tensor_220w_ngram,3,100,11457,214.15,70,1860,9251,3,16
1784686246.781,real_q8_tensor_220w_ngram,0,97,11457,208.99,64,1785,9251,3,16
1784686246.781,real_q8_tensor_220w_ngram,1,100,11457,211.62,70,1680,9251,3,16
1784686246.781,real_q8_tensor_220w_ngram,2,100,11457,210.01,75,1695,9251,3,16
1784686246.781,real_q8_tensor_220w_ngram,3,85,11457,212.74,71,1665,9251,3,16
1784686247.355,real_q8_tensor_220w_ngram,0,100,11457,212.02,65,1725,9251,3,16
1784686247.355,real_q8_tensor_220w_ngram,1,100,11457,214.76,70,1635,9251,3,16
1784686247.355,real_q8_tensor_220w_ngram,2,100,11457,213.79,74,1695,9251,3,16
1784686247.355,real_q8_tensor_220w_ngram,3,80,11457,215.15,71,1740,9251,3,16
1784686247.953,real_q8_tensor_220w_ngram,0,100,11457,212.07,66,1755,9251,3,16
1784686247.953,real_q8_tensor_220w_ngram,1,100,11457,213.16,70,1650,9251,3,16
1784686247.953,real_q8_tensor_220w_ngram,2,100,11457,212.72,75,1695,9251,3,16
1784686247.953,real_q8_tensor_220w_ngram,3,100,11457,214.65,71,1710,9251,3,16
1784686248.562,real_q8_tensor_220w_ngram,0,100,11457,213.17,66,1755,9251,3,16
1784686248.562,real_q8_tensor_220w_ngram,1,100,11457,214.13,70,1620,9251,3,16
1784686248.562,real_q8_tensor_220w_ngram,2,100,11457,213.44,75,1740,9251,3,16
1784686248.562,real_q8_tensor_220w_ngram,3,100,11457,213.76,71,1665,9251,3,16
1784686249.133,real_q8_tensor_220w_ngram,0,100,11457,212.14,66,1890,9251,3,16
1784686249.133,real_q8_tensor_220w_ngram,1,100,11457,210.20,70,1860,9251,3,16
1784686249.133,real_q8_tensor_220w_ngram,2,100,11457,208.62,75,1860,9251,3,16
1784686249.133,real_q8_tensor_220w_ngram,3,100,11457,213.74,70,1860,9251,3,16
1784686249.706,real_q8_tensor_220w_ngram,0,100,11457,207.26,65,1725,9251,3,16
1784686249.706,real_q8_tensor_220w_ngram,1,61,11457,210.03,69,1650,9251,3,16
1784686249.706,real_q8_tensor_220w_ngram,2,60,11457,212.38,74,1755,9251,3,16
1784686249.706,real_q8_tensor_220w_ngram,3,100,11457,211.53,71,1680,9251,3,16
1784686250.280,real_q8_tensor_220w_ngram,0,100,11457,211.15,65,1785,9251,3,16
1784686250.280,real_q8_tensor_220w_ngram,1,61,11457,215.98,70,1695,9251,3,16
1784686250.280,real_q8_tensor_220w_ngram,2,60,11457,213.22,75,1695,9251,3,16
1784686250.280,real_q8_tensor_220w_ngram,3,100,11457,215.30,71,1680,9251,3,16
1784686250.854,real_q8_tensor_220w_ngram,0,84,11457,211.68,65,1770,9251,3,16
1784686250.854,real_q8_tensor_220w_ngram,1,100,11457,214.16,70,1695,9251,3,16
1784686250.854,real_q8_tensor_220w_ngram,2,100,11457,212.07,75,1755,9251,3,16
1784686250.854,real_q8_tensor_220w_ngram,3,100,11457,215.10,71,1665,9251,3,16
1784686251.464,real_q8_tensor_220w_ngram,0,100,11457,211.39,66,1800,9251,3,16
1784686251.464,real_q8_tensor_220w_ngram,1,100,11457,214.67,70,1710,9251,3,16
1784686251.464,real_q8_tensor_220w_ngram,2,100,11457,212.29,75,1695,9251,3,16
1784686251.464,real_q8_tensor_220w_ngram,3,100,11457,214.60,71,1725,9251,3,16
1784686252.037,real_q8_tensor_220w_ngram,0,100,11457,207.76,66,1830,9251,3,16
1784686252.037,real_q8_tensor_220w_ngram,1,94,11457,214.29,70,1800,9251,3,16
1784686252.037,real_q8_tensor_220w_ngram,2,98,11457,212.47,74,1815,9251,3,16
1784686252.037,real_q8_tensor_220w_ngram,3,100,11457,210.49,71,1800,9251,3,16
1784686252.626,real_q8_tensor_220w_ngram,0,60,11457,207.42,64,1710,9251,3,16
1784686252.626,real_q8_tensor_220w_ngram,1,94,11457,211.45,70,1635,9251,3,16
1784686252.626,real_q8_tensor_220w_ngram,2,98,11457,209.72,75,1665,9251,3,16
1784686252.626,real_q8_tensor_220w_ngram,3,59,11457,210.28,71,1650,9251,3,16
1784686253.219,real_q8_tensor_220w_ngram,0,60,11457,211.86,66,1725,9251,3,16
1784686253.219,real_q8_tensor_220w_ngram,1,100,11457,214.02,70,1635,9251,3,16
1784686253.219,real_q8_tensor_220w_ngram,2,100,11457,212.58,75,1665,9251,3,16
1784686253.219,real_q8_tensor_220w_ngram,3,59,11457,215.86,71,1650,9251,3,16
1784686253.795,real_q8_tensor_220w_ngram,0,100,11457,211.51,66,1740,9251,3,16
1784686253.795,real_q8_tensor_220w_ngram,1,100,11457,213.66,70,1635,9251,3,16
1784686253.795,real_q8_tensor_220w_ngram,2,100,11457,213.04,75,1680,9251,3,16
1784686253.795,real_q8_tensor_220w_ngram,3,100,11457,214.07,71,1740,9251,3,16
1784686254.388,real_q8_tensor_220w_ngram,0,100,11457,211.75,66,1725,9251,3,16
1784686254.388,real_q8_tensor_220w_ngram,1,100,11457,214.38,70,1635,9251,3,16
1784686254.388,real_q8_tensor_220w_ngram,2,100,11457,213.81,75,1665,9251,3,16
1784686254.388,real_q8_tensor_220w_ngram,3,100,11457,214.51,71,1665,9251,3,16
1784686254.964,real_q8_tensor_220w_ngram,0,100,11457,211.59,66,1725,9251,3,16
1784686254.964,real_q8_tensor_220w_ngram,1,100,11457,214.26,70,1620,9251,3,16
1784686254.964,real_q8_tensor_220w_ngram,2,100,11457,213.57,75,1695,9251,3,16
1784686254.964,real_q8_tensor_220w_ngram,3,100,11457,214.80,71,1650,9251,3,16
1784686255.535,real_q8_tensor_220w_ngram,0,100,11457,207.22,66,1905,9251,3,16
1784686255.535,real_q8_tensor_220w_ngram,1,74,11457,211.13,69,1620,9251,3,16
1784686255.535,real_q8_tensor_220w_ngram,2,76,11457,210.01,74,1875,9251,3,16
1784686255.535,real_q8_tensor_220w_ngram,3,100,11457,211.97,71,1725,9251,3,16
1784686256.136,real_q8_tensor_220w_ngram,0,100,11457,212.33,65,1725,9251,3,16
1784686256.136,real_q8_tensor_220w_ngram,1,74,11457,213.51,70,1665,9251,3,16
1784686256.136,real_q8_tensor_220w_ngram,2,76,11457,211.99,75,1695,9251,3,16
1784686256.136,real_q8_tensor_220w_ngram,3,100,11457,214.54,70,1665,9251,3,16
1784686256.734,real_q8_tensor_220w_ngram,0,100,11457,211.85,66,1725,9251,3,16
1784686256.734,real_q8_tensor_220w_ngram,1,100,11457,212.99,70,1635,9251,3,16
1784686256.734,real_q8_tensor_220w_ngram,2,100,11457,211.75,75,1665,9251,3,16
1784686256.734,real_q8_tensor_220w_ngram,3,100,11457,214.29,71,1650,9251,3,16
1784686257.324,real_q8_tensor_220w_ngram,0,100,11457,211.64,66,1725,9251,3,16
1784686257.324,real_q8_tensor_220w_ngram,1,100,11457,214.33,70,1620,9251,3,16
1784686257.324,real_q8_tensor_220w_ngram,2,100,11457,212.76,75,1680,9251,3,16
1784686257.324,real_q8_tensor_220w_ngram,3,100,11457,214.09,71,1650,9251,3,16
1784686257.897,real_q8_tensor_220w_ngram,0,100,11457,211.38,66,1800,9251,3,16
1784686257.897,real_q8_tensor_220w_ngram,1,100,11457,213.85,70,1635,9251,3,16
1784686257.897,real_q8_tensor_220w_ngram,2,100,11457,212.37,75,1740,9251,3,16
1784686257.897,real_q8_tensor_220w_ngram,3,100,11457,214.32,71,1650,9251,3,16
1784686258.488,real_q8_tensor_220w_ngram,0,100,11457,211.41,66,1725,9251,3,16
1784686258.488,real_q8_tensor_220w_ngram,1,100,11457,213.47,70,1635,9251,3,16
1784686258.488,real_q8_tensor_220w_ngram,2,100,11457,212.63,75,1665,9251,3,16
1784686258.488,real_q8_tensor_220w_ngram,3,100,11457,214.35,71,1650,9251,3,16
1784686259.056,real_q8_tensor_220w_ngram,0,100,11457,206.91,66,1875,9251,3,16
1784686259.056,real_q8_tensor_220w_ngram,1,89,11457,212.46,69,1875,9251,3,16
1784686259.056,real_q8_tensor_220w_ngram,2,85,11457,211.19,74,1845,9251,3,16
1784686259.056,real_q8_tensor_220w_ngram,3,100,11457,209.38,71,1890,9251,3,16
1784686259.630,real_q8_tensor_220w_ngram,0,58,11457,206.75,65,1695,9251,3,16
1784686259.630,real_q8_tensor_220w_ngram,1,89,11457,212.42,69,1620,9251,3,16
1784686259.630,real_q8_tensor_220w_ngram,2,85,11457,209.98,74,1665,9251,3,16
1784686259.630,real_q8_tensor_220w_ngram,3,58,11457,209.21,71,1620,9251,3,16
1784686260.206,real_q8_tensor_220w_ngram,0,58,11457,213.07,66,1785,9251,3,16
1784686260.206,real_q8_tensor_220w_ngram,1,65,11457,213.63,70,1665,9251,3,16
1784686260.206,real_q8_tensor_220w_ngram,2,100,11457,212.65,74,1680,9251,3,16
1784686260.206,real_q8_tensor_220w_ngram,3,58,11457,215.45,71,1725,9251,3,16
1784686260.782,real_q8_tensor_220w_ngram,0,100,11457,211.50,66,1710,9251,3,16
1784686260.782,real_q8_tensor_220w_ngram,1,65,11457,213.19,70,1635,9251,3,16
1784686260.782,real_q8_tensor_220w_ngram,2,100,11457,212.81,75,1740,9251,3,16
1784686260.782,real_q8_tensor_220w_ngram,3,100,11457,213.92,71,1650,9251,3,16
1784686261.359,real_q8_tensor_220w_ngram,0,100,11457,210.53,66,1740,9251,3,16
1784686261.359,real_q8_tensor_220w_ngram,1,100,11457,213.27,70,1620,9251,3,16
1784686261.359,real_q8_tensor_220w_ngram,2,100,11457,211.43,75,1665,9251,3,16
1784686261.359,real_q8_tensor_220w_ngram,3,100,11457,214.09,71,1680,9251,3,16
1784686261.935,real_q8_tensor_220w_ngram,0,100,11457,210.83,66,1785,9251,3,16
1784686261.935,real_q8_tensor_220w_ngram,1,100,11457,213.57,70,1620,9251,3,16
1784686261.935,real_q8_tensor_220w_ngram,2,100,11457,211.76,75,1740,9251,3,16
1784686261.935,real_q8_tensor_220w_ngram,3,100,11457,214.34,71,1650,9251,3,16
1784686262.512,real_q8_tensor_220w_ngram,0,100,11457,211.19,66,1755,9251,3,16
1784686262.512,real_q8_tensor_220w_ngram,1,100,11457,212.87,70,1680,9251,3,16
1784686262.512,real_q8_tensor_220w_ngram,2,100,11457,211.01,75,1740,9251,3,16
1784686262.512,real_q8_tensor_220w_ngram,3,100,11457,213.33,71,1680,9251,3,16
1784686263.119,real_q8_tensor_220w_ngram,0,100,11457,210.97,66,1740,9251,3,16
1784686263.119,real_q8_tensor_220w_ngram,1,100,11457,211.97,70,1635,9251,3,16
1784686263.119,real_q8_tensor_220w_ngram,2,100,11457,209.13,75,1830,9251,3,16
1784686263.119,real_q8_tensor_220w_ngram,3,96,11457,214.13,71,1665,9251,3,16
1784686263.693,real_q8_tensor_220w_ngram,0,100,11457,200.07,66,1725,9251,3,16
1784686263.693,real_q8_tensor_220w_ngram,1,100,11457,205.63,70,1635,9251,3,16
1784686263.693,real_q8_tensor_220w_ngram,2,100,11457,202.34,75,1665,9251,3,16
1784686263.693,real_q8_tensor_220w_ngram,3,96,11457,206.83,70,1650,9251,3,16
1784686264.266,real_q8_tensor_220w_ngram,0,54,11457,187.23,63,1920,9251,3,16
1784686264.266,real_q8_tensor_220w_ngram,1,100,11457,190.85,68,1905,9251,3,16
1784686264.266,real_q8_tensor_220w_ngram,2,100,11457,185.20,74,1875,9251,3,16
1784686264.266,real_q8_tensor_220w_ngram,3,44,11457,194.79,69,1905,9251,3,16
1784686264.874,real_q8_tensor_220w_ngram,0,54,11457,163.71,63,1920,9251,3,16
1784686264.874,real_q8_tensor_220w_ngram,1,19,11457,179.59,68,1905,9251,3,16
1784686264.874,real_q8_tensor_220w_ngram,2,17,11457,171.64,72,1890,9251,3,16
1784686264.874,real_q8_tensor_220w_ngram,3,33,11457,178.47,69,1920,9251,3,16
1784686265.447,real_q8_tensor_220w_ngram,0,69,11457,163.42,63,1890,9251,3,16
1784686265.447,real_q8_tensor_220w_ngram,1,60,11457,179.75,69,1800,9251,3,16
1784686265.447,real_q8_tensor_220w_ngram,2,28,11457,170.79,72,1845,9251,3,16
1784686265.447,real_q8_tensor_220w_ngram,3,62,11457,184.42,68,1830,9251,3,16
1784686266.017,real_q8_tensor_220w_ngram,0,69,11457,163.83,63,1920,9251,3,16
1784686266.017,real_q8_tensor_220w_ngram,1,32,11457,177.92,67,1905,9251,3,16
1784686266.017,real_q8_tensor_220w_ngram,2,28,11457,169.17,72,1890,9251,3,16
1784686266.017,real_q8_tensor_220w_ngram,3,62,11457,181.10,68,1920,9251,3,16
1784686266.580,real_q8_tensor_220w_ngram,0,40,11457,152.69,63,1920,9251,3,16
1784686266.580,real_q8_tensor_220w_ngram,1,32,11457,173.39,67,1890,9251,3,16
1784686266.580,real_q8_tensor_220w_ngram,2,27,11457,163.84,72,1890,9251,3,16
1784686266.580,real_q8_tensor_220w_ngram,3,36,11457,172.89,69,1920,9251,3,16
1784686267.152,real_q8_tensor_220w_ngram,0,40,11457,160.27,63,1920,9251,3,16
1784686267.152,real_q8_tensor_220w_ngram,1,43,11457,175.46,67,1905,9251,3,16
1784686267.152,real_q8_tensor_220w_ngram,2,27,11457,166.31,71,1890,9251,3,16
1784686267.152,real_q8_tensor_220w_ngram,3,36,11457,178.84,68,1920,9251,3,16
1784686267.726,real_q8_tensor_220w_ngram,0,35,11457,159.69,63,1890,9251,3,16
1784686267.726,real_q8_tensor_220w_ngram,1,43,11457,176.66,67,1815,9251,3,16
1784686267.726,real_q8_tensor_220w_ngram,2,41,11457,167.11,72,1845,9251,3,16
1784686267.726,real_q8_tensor_220w_ngram,3,23,11457,165.06,67,1710,9251,3,16
1784686268.293,real_q8_tensor_220w_ngram,0,35,11459,158.58,63,1920,9251,3,16
1784686268.293,real_q8_tensor_220w_ngram,1,42,11459,175.47,68,1905,9251,3,16
1784686268.293,real_q8_tensor_220w_ngram,2,41,11459,165.28,72,1890,9251,3,16
1784686268.293,real_q8_tensor_220w_ngram,3,23,11459,152.84,67,1860,9251,3,16
1784686268.862,real_q8_tensor_220w_ngram,0,28,11459,156.47,63,1920,9251,3,16
1784686268.862,real_q8_tensor_220w_ngram,1,33,11459,173.30,68,1905,9251,3,16
1784686268.862,real_q8_tensor_220w_ngram,2,39,11459,162.84,72,1890,9251,3,16
1784686268.862,real_q8_tensor_220w_ngram,3,24,11459,158.85,67,1860,9251,3,16
1784686269.428,real_q8_tensor_220w_ngram,0,38,11459,157.29,63,1920,9251,3,16
1784686269.428,real_q8_tensor_220w_ngram,1,46,11459,173.28,67,1875,9251,3,16
1784686269.428,real_q8_tensor_220w_ngram,2,37,11459,163.50,71,1890,9251,3,16
1784686269.428,real_q8_tensor_220w_ngram,3,33,11459,162.60,68,1860,9251,3,16
1784686269.995,real_q8_tensor_220w_ngram,0,33,11459,159.06,62,1920,9251,3,16
1784686269.995,real_q8_tensor_220w_ngram,1,46,11459,173.82,66,1815,9251,3,16
1784686269.995,real_q8_tensor_220w_ngram,2,53,11459,168.54,72,1875,9251,3,16
1784686269.995,real_q8_tensor_220w_ngram,3,27,11459,157.99,66,1710,9251,3,16
1784686270.563,real_q8_tensor_220w_ngram,0,33,11459,161.58,63,1920,9251,3,16
1784686270.563,real_q8_tensor_220w_ngram,1,31,11459,161.38,66,1755,9251,3,16
1784686270.563,real_q8_tensor_220w_ngram,2,53,11459,166.83,71,1890,9251,3,16
1784686270.563,real_q8_tensor_220w_ngram,3,27,11459,148.54,66,1710,9251,3,16
1784686271.152,real_q8_tensor_220w_ngram,0,53,11459,159.07,63,1905,9251,3,16
1784686271.152,real_q8_tensor_220w_ngram,1,31,11459,156.15,66,1770,9251,3,16
1784686271.152,real_q8_tensor_220w_ngram,2,51,11459,169.78,71,1875,9251,3,16
1784686271.152,real_q8_tensor_220w_ngram,3,24,11459,144.06,67,1770,9251,3,16
1784686271.724,real_q8_tensor_220w_ngram,0,53,11459,174.97,63,1920,9251,3,16
1784686271.724,real_q8_tensor_220w_ngram,1,24,11459,174.73,68,1905,9251,3,16
1784686271.724,real_q8_tensor_220w_ngram,2,51,11459,179.14,73,1890,9251,3,16
1784686271.724,real_q8_tensor_220w_ngram,3,24,11459,162.82,67,1920,9251,3,16
1784686272.296,real_q8_tensor_220w_ngram,0,89,11459,176.01,63,1785,9251,3,16
1784686272.296,real_q8_tensor_220w_ngram,1,24,11459,190.32,68,1695,9251,3,16
1784686272.296,real_q8_tensor_220w_ngram,2,92,11459,183.39,72,1740,9251,3,16
1784686272.296,real_q8_tensor_220w_ngram,3,89,11459,182.04,68,1710,9251,3,16
1784686272.898,real_q8_tensor_220w_ngram,0,53,11459,171.64,63,1890,9251,3,16
1784686272.898,real_q8_tensor_220w_ngram,1,26,11459,188.29,67,1860,9251,3,16
1784686272.898,real_q8_tensor_220w_ngram,2,57,11459,179.67,71,1860,9251,3,16
1784686272.898,real_q8_tensor_220w_ngram,3,45,11459,185.66,67,1845,9251,3,16
1784686273.466,real_q8_tensor_220w_ngram,0,30,11459,165.85,62,1920,9251,3,16
1784686273.466,real_q8_tensor_220w_ngram,1,26,11459,182.06,67,1890,9251,3,16
1784686273.466,real_q8_tensor_220w_ngram,2,25,11459,174.96,72,1890,9251,3,16
1784686273.466,real_q8_tensor_220w_ngram,3,29,11459,178.75,67,1920,9251,3,16
1784686274.037,real_q8_tensor_220w_ngram,0,30,11459,165.13,62,1920,9251,3,16
1784686274.037,real_q8_tensor_220w_ngram,1,22,11459,180.58,67,1905,9251,3,16
1784686274.037,real_q8_tensor_220w_ngram,2,25,11459,171.93,71,1890,9251,3,16
1784686274.037,real_q8_tensor_220w_ngram,3,29,11459,180.24,67,1920,9251,3,16
1784686274.606,real_q8_tensor_220w_ngram,0,43,11459,163.85,62,1800,9251,3,16
1784686274.606,real_q8_tensor_220w_ngram,1,22,11459,175.43,66,1830,9251,3,16
1784686274.606,real_q8_tensor_220w_ngram,2,53,11459,171.21,72,1740,9251,3,16
1784686274.606,real_q8_tensor_220w_ngram,3,34,11459,181.06,67,1695,9251,3,16
1784686275.203,real_q8_tensor_220w_ngram,0,43,11459,169.43,62,1920,9251,3,16
1784686275.203,real_q8_tensor_220w_ngram,1,21,11459,175.97,67,1905,9251,3,16
1784686275.203,real_q8_tensor_220w_ngram,2,53,11459,173.23,71,1890,9251,3,16
1784686275.203,real_q8_tensor_220w_ngram,3,34,11459,184.43,67,1920,9251,3,16
1784686275.772,real_q8_tensor_220w_ngram,0,46,11459,167.07,62,1920,9251,3,16
1784686275.772,real_q8_tensor_220w_ngram,1,21,11459,183.12,67,1905,9251,3,16
1784686275.772,real_q8_tensor_220w_ngram,2,26,11459,174.89,71,1890,9251,3,16
1784686275.772,real_q8_tensor_220w_ngram,3,32,11459,182.89,67,1920,9251,3,16
1784686276.337,real_q8_tensor_220w_ngram,0,46,11459,166.82,62,1890,9251,3,16
1784686276.337,real_q8_tensor_220w_ngram,1,25,11459,182.45,68,1815,9251,3,16
1784686276.337,real_q8_tensor_220w_ngram,2,26,11459,172.67,72,1890,9251,3,16
1784686276.337,real_q8_tensor_220w_ngram,3,32,11459,183.86,67,1830,9251,3,16
1784686276.905,real_q8_tensor_220w_ngram,0,28,11459,162.11,62,1920,9251,3,16
1784686276.905,real_q8_tensor_220w_ngram,1,26,11459,178.41,66,1905,9251,3,16
1784686276.905,real_q8_tensor_220w_ngram,2,36,11459,169.22,70,1890,9251,3,16
1784686276.905,real_q8_tensor_220w_ngram,3,24,11459,178.96,67,1920,9251,3,16
1784686277.479,real_q8_tensor_220w_ngram,0,28,11459,156.90,62,1920,9251,3,16
1784686277.479,real_q8_tensor_220w_ngram,1,18,11459,175.05,66,1905,9251,3,16
1784686277.479,real_q8_tensor_220w_ngram,2,36,11459,165.99,71,1890,9251,3,16
1784686277.479,real_q8_tensor_220w_ngram,3,24,11459,175.27,67,1920,9251,3,16
1784686278.070,real_q8_tensor_220w_ngram,0,47,11459,160.19,63,1920,9251,3,16
1784686278.070,real_q8_tensor_220w_ngram,1,18,11459,175.70,67,1905,9251,3,16
1784686278.070,real_q8_tensor_220w_ngram,2,30,11459,166.66,71,1890,9251,3,16
1784686278.070,real_q8_tensor_220w_ngram,3,36,11459,177.71,68,1740,9251,3,16
1784686278.657,real_q8_tensor_220w_ngram,0,32,11459,153.54,61,1920,9251,3,16
1784686278.657,real_q8_tensor_220w_ngram,1,0,11459,171.87,66,1890,9251,3,16
1784686278.657,real_q8_tensor_220w_ngram,2,32,11459,163.84,70,1890,9251,3,16
1784686278.657,real_q8_tensor_220w_ngram,3,16,11459,154.79,65,1710,9251,3,16
1784686279.246,real_q8_tensor_220w_ngram,0,95,11459,163.24,63,1890,9251,3,16
1784686279.246,real_q8_tensor_220w_ngram,1,0,11459,172.84,68,1845,9251,3,16
1784686279.246,real_q8_tensor_220w_ngram,2,100,11459,166.43,72,1875,9251,3,16
1784686279.246,real_q8_tensor_220w_ngram,3,84,11459,152.08,68,1890,9251,3,16
1784686279.842,real_q8_tensor_220w_ngram,0,95,11459,192.33,64,1875,9251,3,16
1784686279.842,real_q8_tensor_220w_ngram,1,100,11459,204.16,69,1800,9251,3,16
1784686279.842,real_q8_tensor_220w_ngram,2,100,11459,199.97,73,1830,9251,3,16
1784686279.842,real_q8_tensor_220w_ngram,3,84,11459,200.04,69,1815,9251,3,16
1784686280.419,real_q8_tensor_220w_ngram,0,100,11459,214.53,63,1890,9251,3,16
1784686280.419,real_q8_tensor_220w_ngram,1,90,11459,217.79,69,1800,9251,3,16
1784686280.419,real_q8_tensor_220w_ngram,2,80,11459,214.12,73,1830,9251,3,16
1784686280.419,real_q8_tensor_220w_ngram,3,85,11459,216.73,68,1800,9251,3,16
1784686281.028,real_q8_tensor_220w_ngram,0,100,11459,214.58,64,1875,9251,3,16
1784686281.028,real_q8_tensor_220w_ngram,1,100,11459,218.27,69,1785,9251,3,16
1784686281.028,real_q8_tensor_220w_ngram,2,80,11459,214.84,73,1830,9251,3,16
1784686281.028,real_q8_tensor_220w_ngram,3,85,11459,216.59,69,1830,9251,3,16
1784686281.621,real_q8_tensor_220w_ngram,0,82,11459,214.47,64,1875,9251,3,16
1784686281.621,real_q8_tensor_220w_ngram,1,100,11459,218.70,69,1770,9251,3,16
1784686281.621,real_q8_tensor_220w_ngram,2,100,11459,215.06,73,1830,9251,3,16
1784686281.621,real_q8_tensor_220w_ngram,3,81,11459,217.10,69,1815,9251,3,16
1784686282.196,real_q8_tensor_220w_ngram,0,82,11459,214.65,64,1875,9251,3,16
1784686282.196,real_q8_tensor_220w_ngram,1,100,11459,218.30,69,1785,9251,3,16
1784686282.196,real_q8_tensor_220w_ngram,2,100,11459,215.86,73,1815,9251,3,16
1784686282.196,real_q8_tensor_220w_ngram,3,81,11459,217.61,69,1800,9251,3,16
1784686282.763,real_q8_tensor_220w_ngram,0,100,11459,214.78,64,1860,9251,3,16
1784686282.763,real_q8_tensor_220w_ngram,1,100,11459,218.15,69,1785,9251,3,16
1784686282.763,real_q8_tensor_220w_ngram,2,100,11459,214.87,73,1815,9251,3,16
1784686282.763,real_q8_tensor_220w_ngram,3,100,11459,217.79,69,1815,9251,3,16
1784686283.357,real_q8_tensor_220w_ngram,0,100,11459,214.63,64,1875,9251,3,16
1784686283.357,real_q8_tensor_220w_ngram,1,100,11459,218.71,69,1785,9251,3,16
1784686283.357,real_q8_tensor_220w_ngram,2,100,11459,215.55,73,1830,9251,3,16
1784686283.357,real_q8_tensor_220w_ngram,3,100,11459,217.09,69,1815,9251,3,16
1784686283.959,real_q8_tensor_220w_ngram,0,100,11459,214.24,64,1860,9251,3,16
1784686283.959,real_q8_tensor_220w_ngram,1,100,11459,217.44,69,1800,9251,3,16
1784686283.959,real_q8_tensor_220w_ngram,2,100,11459,214.94,73,1815,9251,3,16
1784686283.959,real_q8_tensor_220w_ngram,3,100,11459,217.28,69,1815,9251,3,16
1784686284.558,real_q8_tensor_220w_ngram,0,100,11459,213.82,64,1860,9251,3,16
1784686284.558,real_q8_tensor_220w_ngram,1,80,11459,217.79,69,1770,9251,3,16
1784686284.558,real_q8_tensor_220w_ngram,2,100,11459,214.54,73,1815,9251,3,16
1784686284.558,real_q8_tensor_220w_ngram,3,100,11459,217.48,69,1800,9251,3,16
1784686285.134,real_q8_tensor_220w_ngram,0,100,11459,213.95,64,1860,9251,3,16
1784686285.134,real_q8_tensor_220w_ngram,1,80,11459,217.82,69,1785,9251,3,16
1784686285.134,real_q8_tensor_220w_ngram,2,100,11459,214.21,73,1815,9251,3,16
1784686285.134,real_q8_tensor_220w_ngram,3,100,11459,217.09,69,1800,9251,3,16
1784686285.735,real_q8_tensor_220w_ngram,0,100,11459,214.29,64,1860,9251,3,16
1784686285.735,real_q8_tensor_220w_ngram,1,100,11459,218.13,69,1770,9251,3,16
1784686285.735,real_q8_tensor_220w_ngram,2,100,11459,214.37,74,1815,9251,3,16
1784686285.735,real_q8_tensor_220w_ngram,3,100,11459,217.42,69,1785,9251,3,16
1784686286.329,real_q8_tensor_220w_ngram,0,100,11459,214.46,64,1890,9251,3,16
1784686286.329,real_q8_tensor_220w_ngram,1,100,11459,219.32,69,1860,9251,3,16
1784686286.329,real_q8_tensor_220w_ngram,2,100,11459,215.86,74,1830,9251,3,16
1784686286.329,real_q8_tensor_220w_ngram,3,78,11459,217.39,70,1860,9251,3,16
1784686286.926,real_q8_tensor_220w_ngram,0,100,11459,214.31,64,1860,9251,3,16
1784686286.926,real_q8_tensor_220w_ngram,1,100,11459,217.30,69,1770,9251,3,16
1784686286.926,real_q8_tensor_220w_ngram,2,90,11459,214.53,73,1815,9251,3,16
1784686286.926,real_q8_tensor_220w_ngram,3,90,11459,218.24,70,1800,9251,3,16
1784686287.540,real_q8_tensor_220w_ngram,0,100,11459,214.44,65,1860,9251,3,16
1784686287.540,real_q8_tensor_220w_ngram,1,100,11459,217.24,69,1785,9251,3,16
1784686287.540,real_q8_tensor_220w_ngram,2,99,11459,214.59,74,1815,9251,3,16
1784686287.540,real_q8_tensor_220w_ngram,3,100,11459,218.26,70,1800,9251,3,16
1784686288.134,real_q8_tensor_220w_ngram,0,100,11459,214.13,65,1860,9251,3,16
1784686288.134,real_q8_tensor_220w_ngram,1,100,11459,217.85,69,1770,9251,3,16
1784686288.134,real_q8_tensor_220w_ngram,2,100,11459,215.07,74,1815,9251,3,16
1784686288.134,real_q8_tensor_220w_ngram,3,100,11459,218.17,70,1785,9251,3,16
1784686288.710,real_q8_tensor_220w_ngram,0,100,11459,213.02,64,1860,9251,3,16
1784686288.710,real_q8_tensor_220w_ngram,1,77,11459,218.04,69,1770,9251,3,16
1784686288.710,real_q8_tensor_220w_ngram,2,100,11459,214.92,74,1815,9251,3,16
1784686288.710,real_q8_tensor_220w_ngram,3,100,11459,218.40,69,1785,9251,3,16
1784686289.311,real_q8_tensor_220w_ngram,0,100,11459,214.05,65,1845,9251,3,16
1784686289.311,real_q8_tensor_220w_ngram,1,92,11459,218.00,69,1770,9251,3,16
1784686289.311,real_q8_tensor_220w_ngram,2,100,11459,215.24,74,1815,9251,3,16
1784686289.311,real_q8_tensor_220w_ngram,3,100,11459,220.28,70,1800,9251,3,16
1784686289.912,real_q8_tensor_220w_ngram,0,100,11459,214.55,64,1860,9251,3,16
1784686289.912,real_q8_tensor_220w_ngram,1,100,11459,217.96,69,1770,9251,3,16
1784686289.912,real_q8_tensor_220w_ngram,2,89,11459,215.51,73,1815,9251,3,16
1784686289.912,real_q8_tensor_220w_ngram,3,89,11459,218.53,70,1770,9251,3,16
1784686290.491,real_q8_tensor_220w_ngram,0,100,11459,213.83,65,1845,9251,3,16
1784686290.491,real_q8_tensor_220w_ngram,1,100,11459,217.98,69,1785,9251,3,16
1784686290.491,real_q8_tensor_220w_ngram,2,100,11459,216.84,74,1800,9251,3,16
1784686290.491,real_q8_tensor_220w_ngram,3,100,11459,217.91,70,1800,9251,3,16
1784686291.065,real_q8_tensor_220w_ngram,0,100,11459,213.88,64,1860,9251,3,16
1784686291.065,real_q8_tensor_220w_ngram,1,78,11459,218.16,69,1755,9251,3,16
1784686291.065,real_q8_tensor_220w_ngram,2,100,11459,214.78,74,1800,9251,3,16
1784686291.065,real_q8_tensor_220w_ngram,3,100,11459,218.23,70,1770,9251,3,16
1784686291.641,real_q8_tensor_220w_ngram,0,100,11459,215.08,65,1860,9251,3,16
1784686291.641,real_q8_tensor_220w_ngram,1,78,11459,218.01,69,1770,9251,3,16
1784686291.641,real_q8_tensor_220w_ngram,2,100,11459,214.82,74,1815,9251,3,16
1784686291.641,real_q8_tensor_220w_ngram,3,100,11459,219.74,70,1785,9251,3,16
1784686292.218,real_q8_tensor_220w_ngram,0,100,11459,214.38,65,1845,9251,3,16
1784686292.218,real_q8_tensor_220w_ngram,1,91,11459,218.35,68,1755,9251,3,16
1784686292.218,real_q8_tensor_220w_ngram,2,100,11459,215.20,74,1815,9251,3,16
1784686292.218,real_q8_tensor_220w_ngram,3,100,11459,218.37,70,1770,9251,3,16
1784686292.792,real_q8_tensor_220w_ngram,0,100,11459,214.80,65,1845,9251,3,16
1784686292.792,real_q8_tensor_220w_ngram,1,91,11459,218.19,69,1755,9251,3,16
1784686292.792,real_q8_tensor_220w_ngram,2,100,11459,215.11,74,1800,9251,3,16
1784686292.792,real_q8_tensor_220w_ngram,3,100,11459,218.25,70,1785,9251,3,16
1784686293.385,real_q8_tensor_220w_ngram,0,89,11459,215.10,65,1845,9251,3,16
1784686293.385,real_q8_tensor_220w_ngram,1,100,11459,217.84,69,1755,9251,3,16
1784686293.385,real_q8_tensor_220w_ngram,2,89,11459,214.74,73,1800,9251,3,16
1784686293.385,real_q8_tensor_220w_ngram,3,100,11459,218.60,70,1755,9251,3,16
1784686293.982,real_q8_tensor_220w_ngram,0,100,11459,214.24,65,1845,9251,3,16
1784686293.982,real_q8_tensor_220w_ngram,1,100,11459,217.36,69,1770,9251,3,16
1784686293.982,real_q8_tensor_220w_ngram,2,100,11459,214.96,74,1800,9251,3,16
1784686293.982,real_q8_tensor_220w_ngram,3,100,11459,218.27,70,1770,9251,3,16
1784686294.558,real_q8_tensor_220w_ngram,0,100,11459,213.81,64,1845,9251,3,16
1784686294.558,real_q8_tensor_220w_ngram,1,77,11459,217.04,69,1770,9251,3,16
1784686294.558,real_q8_tensor_220w_ngram,2,100,11459,214.73,74,1800,9251,3,16
1784686294.558,real_q8_tensor_220w_ngram,3,100,11459,217.87,69,1785,9251,3,16
1784686295.133,real_q8_tensor_220w_ngram,0,100,11459,213.78,65,1845,9251,3,16
1784686295.133,real_q8_tensor_220w_ngram,1,77,11459,217.82,69,1755,9251,3,16
1784686295.133,real_q8_tensor_220w_ngram,2,100,11459,214.48,74,1800,9251,3,16
1784686295.133,real_q8_tensor_220w_ngram,3,100,11459,218.53,70,1785,9251,3,16
1784686295.709,real_q8_tensor_220w_ngram,0,100,11459,214.13,64,1845,9251,3,16
1784686295.709,real_q8_tensor_220w_ngram,1,76,11459,218.15,69,1725,9251,3,16
1784686295.709,real_q8_tensor_220w_ngram,2,100,11459,214.87,74,1800,9251,3,16
1784686295.709,real_q8_tensor_220w_ngram,3,100,11459,217.20,70,1755,9251,3,16
1784686296.301,real_q8_tensor_220w_ngram,0,100,11459,213.85,65,1845,9251,3,16
1784686296.301,real_q8_tensor_220w_ngram,1,76,11459,217.69,69,1740,9251,3,16
1784686296.301,real_q8_tensor_220w_ngram,2,100,11459,214.69,74,1785,9251,3,16
1784686296.301,real_q8_tensor_220w_ngram,3,100,11459,217.63,70,1770,9251,3,16
1784686296.874,real_q8_tensor_220w_ngram,0,100,11459,213.32,65,1860,9251,3,16
1784686296.874,real_q8_tensor_220w_ngram,1,100,11459,218.94,69,1755,9251,3,16
1784686296.874,real_q8_tensor_220w_ngram,2,100,11459,215.98,74,1800,9251,3,16
1784686296.874,real_q8_tensor_220w_ngram,3,88,11459,216.73,70,1845,9251,3,16
1784686297.454,real_q8_tensor_220w_ngram,0,100,11459,214.05,65,1845,9251,3,16
1784686297.454,real_q8_tensor_220w_ngram,1,100,11459,217.57,69,1755,9251,3,16
1784686297.454,real_q8_tensor_220w_ngram,2,100,11459,214.04,74,1800,9251,3,16
1784686297.454,real_q8_tensor_220w_ngram,3,100,11459,217.72,70,1770,9251,3,16
1784686298.046,real_q8_tensor_220w_ngram,0,100,11459,213.51,65,1905,9251,3,16
1784686298.046,real_q8_tensor_220w_ngram,1,100,11459,219.20,69,1875,9251,3,16
1784686298.046,real_q8_tensor_220w_ngram,2,100,11459,216.22,74,1845,9251,3,16
1784686298.046,real_q8_tensor_220w_ngram,3,100,11459,216.42,70,1875,9251,3,16
1784686298.622,real_q8_tensor_220w_ngram,0,100,11459,213.77,65,1845,9251,3,16
1784686298.622,real_q8_tensor_220w_ngram,1,100,11459,216.89,69,1770,9251,3,16
1784686298.622,real_q8_tensor_220w_ngram,2,100,11459,214.00,74,1800,9251,3,16
1784686298.622,real_q8_tensor_220w_ngram,3,100,11459,218.41,70,1785,9251,3,16
1784686299.222,real_q8_tensor_220w_ngram,0,100,11459,216.30,65,1830,9251,3,16
1784686299.222,real_q8_tensor_220w_ngram,1,100,11459,218.52,69,1770,9251,3,16
1784686299.222,real_q8_tensor_220w_ngram,2,100,11459,215.68,74,1785,9251,3,16
1784686299.222,real_q8_tensor_220w_ngram,3,100,11459,219.90,70,1755,9251,3,16
1784686299.790,real_q8_tensor_220w_ngram,0,91,11459,213.44,65,1845,9251,3,16
1784686299.790,real_q8_tensor_220w_ngram,1,100,11459,217.41,69,1740,9251,3,16
1784686299.790,real_q8_tensor_220w_ngram,2,100,11459,213.60,74,1785,9251,3,16
1784686299.790,real_q8_tensor_220w_ngram,3,100,11459,216.09,70,1755,9251,3,16
1784686300.388,real_q8_tensor_220w_ngram,0,100,11459,215.11,65,1845,9251,3,16
1784686300.388,real_q8_tensor_220w_ngram,1,100,11459,218.62,69,1770,9251,3,16
1784686300.388,real_q8_tensor_220w_ngram,2,100,11459,216.01,74,1785,9251,3,16
1784686300.388,real_q8_tensor_220w_ngram,3,99,11459,219.42,70,1785,9251,3,16
1784686300.981,real_q8_tensor_220w_ngram,0,78,11459,213.24,65,1845,9251,3,16
1784686300.981,real_q8_tensor_220w_ngram,1,100,11459,216.98,69,1740,9251,3,16
1784686300.981,real_q8_tensor_220w_ngram,2,75,11459,214.93,74,1785,9251,3,16
1784686300.981,real_q8_tensor_220w_ngram,3,88,11459,216.84,70,1770,9251,3,16
1784686301.558,real_q8_tensor_220w_ngram,0,78,11459,214.06,65,1845,9251,3,16
1784686301.558,real_q8_tensor_220w_ngram,1,100,11459,216.35,69,1740,9251,3,16
1784686301.558,real_q8_tensor_220w_ngram,2,75,11459,215.88,74,1800,9251,3,16
1784686301.558,real_q8_tensor_220w_ngram,3,88,11459,218.45,70,1755,9251,3,16
1784686302.134,real_q8_tensor_220w_ngram,0,100,11459,213.54,65,1845,9251,3,16
1784686302.134,real_q8_tensor_220w_ngram,1,100,11459,215.78,69,1740,9251,3,16
1784686302.134,real_q8_tensor_220w_ngram,2,75,11459,215.42,74,1815,9251,3,16
1784686302.134,real_q8_tensor_220w_ngram,3,75,11459,216.94,70,1755,9251,3,16
1784686302.714,real_q8_tensor_220w_ngram,0,100,11459,213.24,65,1830,9251,3,16
1784686302.714,real_q8_tensor_220w_ngram,1,100,11459,216.64,70,1755,9251,3,16
1784686302.714,real_q8_tensor_220w_ngram,2,75,11459,215.57,74,1800,9251,3,16
1784686302.714,real_q8_tensor_220w_ngram,3,75,11459,217.37,70,1770,9251,3,16
1784686303.314,real_q8_tensor_220w_ngram,0,100,11459,215.17,65,1875,9251,3,16
1784686303.314,real_q8_tensor_220w_ngram,1,100,11459,216.80,69,1830,9251,3,16
1784686303.314,real_q8_tensor_220w_ngram,2,84,11459,215.48,74,1785,9251,3,16
1784686303.314,real_q8_tensor_220w_ngram,3,100,11459,218.47,70,1845,9251,3,16
1784686303.887,real_q8_tensor_220w_ngram,0,87,11459,213.03,65,1845,9251,3,16
1784686303.887,real_q8_tensor_220w_ngram,1,81,11459,216.90,69,1770,9251,3,16
1784686303.887,real_q8_tensor_220w_ngram,2,91,11459,215.22,74,1785,9251,3,16
1784686303.887,real_q8_tensor_220w_ngram,3,87,11459,216.31,70,1770,9251,3,16
1784686304.466,real_q8_tensor_220w_ngram,0,100,11459,215.04,65,1845,9251,3,16
1784686304.466,real_q8_tensor_220w_ngram,1,81,11459,218.40,70,1770,9251,3,16
1784686304.466,real_q8_tensor_220w_ngram,2,100,11459,216.54,74,1755,9251,3,16
1784686304.466,real_q8_tensor_220w_ngram,3,100,11459,218.35,70,1770,9251,3,16
1784686305.042,real_q8_tensor_220w_ngram,0,100,11459,212.46,65,1815,9251,3,16
1784686305.042,real_q8_tensor_220w_ngram,1,74,11459,217.21,69,1755,9251,3,16
1784686305.042,real_q8_tensor_220w_ngram,2,100,11459,214.37,74,1785,9251,3,16
1784686305.042,real_q8_tensor_220w_ngram,3,100,11459,216.82,70,1770,9251,3,16
1784686305.618,real_q8_tensor_220w_ngram,0,100,11459,212.38,65,1815,9251,3,16
1784686305.618,real_q8_tensor_220w_ngram,1,74,11459,216.85,70,1725,9251,3,16
1784686305.618,real_q8_tensor_220w_ngram,2,100,11459,214.27,74,1785,9251,3,16
1784686305.618,real_q8_tensor_220w_ngram,3,100,11459,216.28,70,1755,9251,3,16
1784686306.195,real_q8_tensor_220w_ngram,0,100,11459,214.39,66,1890,9251,3,16
1784686306.195,real_q8_tensor_220w_ngram,1,100,11459,215.35,70,1830,9251,3,16
1784686306.195,real_q8_tensor_220w_ngram,2,100,11459,213.54,74,1785,9251,3,16
1784686306.195,real_q8_tensor_220w_ngram,3,100,11459,217.74,70,1830,9251,3,16
1784686306.767,real_q8_tensor_220w_ngram,0,100,11459,212.70,65,1830,9251,3,16
1784686306.767,real_q8_tensor_220w_ngram,1,100,11459,216.25,69,1740,9251,3,16
1784686306.767,real_q8_tensor_220w_ngram,2,84,11459,213.99,74,1770,9251,3,16
1784686306.767,real_q8_tensor_220w_ngram,3,100,11459,216.17,70,1755,9251,3,16
1784686307.343,real_q8_tensor_220w_ngram,0,100,11459,214.35,65,1815,9251,3,16
1784686307.343,real_q8_tensor_220w_ngram,1,100,11459,218.67,70,1755,9251,3,16
1784686307.343,real_q8_tensor_220w_ngram,2,84,11459,216.34,74,1755,9251,3,16
1784686307.343,real_q8_tensor_220w_ngram,3,100,11459,217.92,70,1755,9251,3,16
1784686307.944,real_q8_tensor_220w_ngram,0,76,11459,211.67,65,1800,9251,3,16
1784686307.944,real_q8_tensor_220w_ngram,1,100,11459,215.80,69,1725,9251,3,16
1784686307.944,real_q8_tensor_220w_ngram,2,73,11459,214.08,74,1770,9251,3,16
1784686307.944,real_q8_tensor_220w_ngram,3,94,11459,216.96,70,1755,9251,3,16
1784686308.523,real_q8_tensor_220w_ngram,0,76,11459,211.92,65,1845,9251,3,16
1784686308.523,real_q8_tensor_220w_ngram,1,100,11459,216.21,69,1755,9251,3,16
1784686308.523,real_q8_tensor_220w_ngram,2,73,11459,214.55,75,1770,9251,3,16
1784686308.523,real_q8_tensor_220w_ngram,3,100,11459,216.32,70,1770,9251,3,16
1784686309.097,real_q8_tensor_220w_ngram,0,100,11459,213.62,65,1830,9251,3,16
1784686309.097,real_q8_tensor_220w_ngram,1,100,11459,217.51,70,1725,9251,3,16
1784686309.097,real_q8_tensor_220w_ngram,2,95,11459,216.49,74,1755,9251,3,16
1784686309.097,real_q8_tensor_220w_ngram,3,100,11459,218.82,70,1755,9251,3,16
1784686309.663,real_q8_tensor_220w_ngram,0,91,11459,211.11,65,1815,9251,3,16
1784686309.663,real_q8_tensor_220w_ngram,1,72,11459,215.40,69,1710,9251,3,16
1784686309.663,real_q8_tensor_220w_ngram,2,100,11459,214.48,74,1755,9251,3,16
1784686309.663,real_q8_tensor_220w_ngram,3,100,11459,216.10,70,1740,9251,3,16
1784686310.259,real_q8_tensor_220w_ngram,0,100,11459,214.11,65,1830,9251,3,16
1784686310.259,real_q8_tensor_220w_ngram,1,72,11459,214.98,70,1755,9251,3,16
1784686310.259,real_q8_tensor_220w_ngram,2,100,11459,216.23,75,1755,9251,3,16
1784686310.259,real_q8_tensor_220w_ngram,3,100,11459,217.94,70,1740,9251,3,16
1784686310.858,real_q8_tensor_220w_ngram,0,100,11459,211.10,65,1830,9251,3,16
1784686310.858,real_q8_tensor_220w_ngram,1,86,11459,215.77,69,1740,9251,3,16
1784686310.858,real_q8_tensor_220w_ngram,2,100,11459,214.80,74,1770,9251,3,16
1784686310.858,real_q8_tensor_220w_ngram,3,72,11459,216.56,70,1755,9251,3,16
1784686311.458,real_q8_tensor_220w_ngram,0,100,11459,211.44,65,1815,9251,3,16
1784686311.458,real_q8_tensor_220w_ngram,1,86,11459,216.35,70,1725,9251,3,16
1784686311.458,real_q8_tensor_220w_ngram,2,100,11459,213.77,74,1755,9251,3,16
1784686311.458,real_q8_tensor_220w_ngram,3,72,11459,216.42,71,1740,9251,3,16
1784686312.031,real_q8_tensor_220w_ngram,0,100,11459,214.30,66,1800,9251,3,16
1784686312.031,real_q8_tensor_220w_ngram,1,100,11459,218.19,70,1725,9251,3,16
1784686312.031,real_q8_tensor_220w_ngram,2,100,11459,216.17,75,1785,9251,3,16
1784686312.031,real_q8_tensor_220w_ngram,3,100,11459,217.80,71,1740,9251,3,16
1784686312.617,real_q8_tensor_220w_ngram,0,72,11459,211.72,65,1800,9251,3,16
1784686312.617,real_q8_tensor_220w_ngram,1,100,11459,215.57,70,1725,9251,3,16
1784686312.617,real_q8_tensor_220w_ngram,2,82,11459,213.74,74,1755,9251,3,16
1784686312.617,real_q8_tensor_220w_ngram,3,100,11459,215.40,70,1740,9251,3,16
1784686313.214,real_q8_tensor_220w_ngram,0,72,11459,211.84,66,1830,9251,3,16
1784686313.214,real_q8_tensor_220w_ngram,1,100,11459,218.26,70,1725,9251,3,16
1784686313.214,real_q8_tensor_220w_ngram,2,82,11459,216.98,75,1785,9251,3,16
1784686313.214,real_q8_tensor_220w_ngram,3,100,11459,214.88,70,1740,9251,3,16
1784686313.790,real_q8_tensor_220w_ngram,0,100,11459,213.29,65,1845,9251,3,16
1784686313.790,real_q8_tensor_220w_ngram,1,100,11459,216.66,70,1785,9251,3,16
1784686313.790,real_q8_tensor_220w_ngram,2,100,11459,214.53,75,1755,9251,3,16
1784686313.790,real_q8_tensor_220w_ngram,3,100,11459,216.76,71,1770,9251,3,16
1784686314.356,real_q8_tensor_220w_ngram,0,85,11459,210.69,65,1815,9251,3,16
1784686314.356,real_q8_tensor_220w_ngram,1,71,11459,214.13,69,1725,9251,3,16
1784686314.356,real_q8_tensor_220w_ngram,2,85,11459,214.99,75,1755,9251,3,16
1784686314.356,real_q8_tensor_220w_ngram,3,100,11459,214.70,70,1740,9251,3,16
1784686314.969,real_q8_tensor_220w_ngram,0,100,11459,213.56,65,1815,9251,3,16
1784686314.969,real_q8_tensor_220w_ngram,1,71,11459,216.80,70,1710,9251,3,16
1784686314.969,real_q8_tensor_220w_ngram,2,100,11459,217.02,75,1755,9251,3,16
1784686314.969,real_q8_tensor_220w_ngram,3,100,11459,217.37,71,1755,9251,3,16
1784686315.543,real_q8_tensor_220w_ngram,0,100,11459,209.81,66,1905,9251,3,16
1784686315.543,real_q8_tensor_220w_ngram,1,93,11459,216.77,69,1875,9251,3,16
1784686315.543,real_q8_tensor_220w_ngram,2,100,11459,215.47,74,1845,9251,3,16
1784686315.543,real_q8_tensor_220w_ngram,3,69,11459,215.07,71,1890,9251,3,16
1784686316.119,real_q8_tensor_220w_ngram,0,81,11459,210.65,65,1815,9251,3,16
1784686316.119,real_q8_tensor_220w_ngram,1,93,11459,215.52,70,1710,9251,3,16
1784686316.119,real_q8_tensor_220w_ngram,2,100,11459,213.51,75,1770,9251,3,16
1784686316.119,real_q8_tensor_220w_ngram,3,69,11459,215.59,70,1740,9251,3,16
1784686316.713,real_q8_tensor_220w_ngram,0,81,11459,214.38,66,1785,9251,3,16
1784686316.713,real_q8_tensor_220w_ngram,1,100,11459,216.73,70,1710,9251,3,16
1784686316.713,real_q8_tensor_220w_ngram,2,100,11459,216.11,75,1740,9251,3,16
1784686316.713,real_q8_tensor_220w_ngram,3,100,11459,217.32,71,1740,9251,3,16
1784686317.304,real_q8_tensor_220w_ngram,0,91,11459,212.56,65,1800,9251,3,16
1784686317.304,real_q8_tensor_220w_ngram,1,100,11459,214.78,70,1695,9251,3,16
1784686317.304,real_q8_tensor_220w_ngram,2,70,11459,213.58,75,1800,9251,3,16
1784686317.304,real_q8_tensor_220w_ngram,3,100,11459,215.24,70,1740,9251,3,16
1784686317.884,real_q8_tensor_220w_ngram,0,84,11459,210.32,66,1785,9251,3,16
1784686317.884,real_q8_tensor_220w_ngram,1,100,11459,215.53,70,1710,9251,3,16
1784686317.884,real_q8_tensor_220w_ngram,2,100,11459,213.67,75,1755,9251,3,16
1784686317.884,real_q8_tensor_220w_ngram,3,100,11459,216.19,71,1710,9251,3,16
1784686318.479,real_q8_tensor_220w_ngram,0,100,11459,212.40,66,1800,9251,3,16
1784686318.479,real_q8_tensor_220w_ngram,1,100,11459,216.73,70,1725,9251,3,16
1784686318.479,real_q8_tensor_220w_ngram,2,100,11459,214.60,75,1755,9251,3,16
1784686318.479,real_q8_tensor_220w_ngram,3,100,11459,217.38,70,1770,9251,3,16
1784686319.053,real_q8_tensor_220w_ngram,0,100,11459,210.44,66,1800,9251,3,16
1784686319.053,real_q8_tensor_220w_ngram,1,76,11459,214.44,69,1680,9251,3,16
1784686319.053,real_q8_tensor_220w_ngram,2,100,11459,212.62,74,1755,9251,3,16
1784686319.053,real_q8_tensor_220w_ngram,3,69,11459,214.79,71,1725,9251,3,16
1784686319.632,real_q8_tensor_220w_ngram,0,90,11459,210.11,66,1830,9251,3,16
1784686319.632,real_q8_tensor_220w_ngram,1,76,11459,214.77,70,1740,9251,3,16
1784686319.632,real_q8_tensor_220w_ngram,2,100,11459,213.70,75,1755,9251,3,16
1784686319.632,real_q8_tensor_220w_ngram,3,69,11459,216.52,71,1740,9251,3,16
1784686320.207,real_q8_tensor_220w_ngram,0,100,11459,213.50,65,1785,9251,3,16
1784686320.207,real_q8_tensor_220w_ngram,1,100,11459,217.78,70,1710,9251,3,16
1784686320.207,real_q8_tensor_220w_ngram,2,100,11459,216.71,75,1740,9251,3,16
1784686320.207,real_q8_tensor_220w_ngram,3,100,11459,217.86,71,1725,9251,3,16
1784686320.784,real_q8_tensor_220w_ngram,0,97,11459,212.90,65,1905,9251,3,16
1784686320.784,real_q8_tensor_220w_ngram,1,100,11459,217.39,70,1875,9251,3,16
1784686320.784,real_q8_tensor_220w_ngram,2,100,11459,213.97,75,1860,9251,3,16
1784686320.784,real_q8_tensor_220w_ngram,3,100,11459,216.39,70,1875,9251,3,16
1784686321.360,real_q8_tensor_220w_ngram,0,97,11459,210.02,65,1815,9251,3,16
1784686321.360,real_q8_tensor_220w_ngram,1,90,11459,215.20,69,1740,9251,3,16
1784686321.360,real_q8_tensor_220w_ngram,2,84,11459,214.06,75,1740,9251,3,16
1784686321.360,real_q8_tensor_220w_ngram,3,100,11459,215.09,70,1725,9251,3,16
1784686321.956,real_q8_tensor_220w_ngram,0,100,11459,212.89,66,1800,9251,3,16
1784686321.956,real_q8_tensor_220w_ngram,1,90,11459,216.38,70,1695,9251,3,16
1784686321.956,real_q8_tensor_220w_ngram,2,100,11459,215.45,75,1740,9251,3,16
1784686321.956,real_q8_tensor_220w_ngram,3,100,11459,216.62,71,1710,9251,3,16
1784686322.533,real_q8_tensor_220w_ngram,0,100,11459,210.34,66,1875,9251,3,16
1784686322.533,real_q8_tensor_220w_ngram,1,100,11459,215.94,70,1815,9251,3,16
1784686322.533,real_q8_tensor_220w_ngram,2,100,11459,215.33,75,1845,9251,3,16
1784686322.533,real_q8_tensor_220w_ngram,3,67,11459,213.61,71,1800,9251,3,16
1784686323.105,real_q8_tensor_220w_ngram,0,67,11459,211.37,66,1785,9251,3,16
1784686323.105,real_q8_tensor_220w_ngram,1,100,11459,215.62,70,1695,9251,3,16
1784686323.105,real_q8_tensor_220w_ngram,2,100,11459,214.12,75,1740,9251,3,16
1784686323.105,real_q8_tensor_220w_ngram,3,67,11459,215.13,71,1725,9251,3,16
1784686323.683,real_q8_tensor_220w_ngram,0,67,11459,213.35,66,1830,9251,3,16
1784686323.683,real_q8_tensor_220w_ngram,1,100,11459,215.35,70,1740,9251,3,16
1784686323.683,real_q8_tensor_220w_ngram,2,100,11459,216.40,75,1740,9251,3,16
1784686323.683,real_q8_tensor_220w_ngram,3,100,11459,217.87,71,1755,9251,3,16
1784686324.259,real_q8_tensor_220w_ngram,0,100,11459,212.35,66,1785,9251,3,16
1784686324.259,real_q8_tensor_220w_ngram,1,100,11459,216.62,70,1695,9251,3,16
1784686324.259,real_q8_tensor_220w_ngram,2,100,11459,215.78,75,1740,9251,3,16
1784686324.259,real_q8_tensor_220w_ngram,3,100,11459,216.71,71,1725,9251,3,16
1784686324.833,real_q8_tensor_220w_ngram,0,100,11459,209.57,65,1800,9251,3,16
1784686324.833,real_q8_tensor_220w_ngram,1,68,11459,215.48,70,1725,9251,3,16
1784686324.833,real_q8_tensor_220w_ngram,2,100,11459,213.02,75,1785,9251,3,16
1784686324.833,real_q8_tensor_220w_ngram,3,81,11459,214.56,70,1710,9251,3,16
1784686325.428,real_q8_tensor_220w_ngram,0,100,11459,214.29,66,1785,9251,3,16
1784686325.428,real_q8_tensor_220w_ngram,1,89,11459,216.40,70,1695,9251,3,16
1784686325.428,real_q8_tensor_220w_ngram,2,100,11459,214.40,75,1755,9251,3,16
1784686325.428,real_q8_tensor_220w_ngram,3,100,11459,217.00,71,1710,9251,3,16
1784686326.024,real_q8_tensor_220w_ngram,0,100,11459,213.54,66,1785,9251,3,16
1784686326.024,real_q8_tensor_220w_ngram,1,100,11459,216.71,70,1725,9251,3,16
1784686326.024,real_q8_tensor_220w_ngram,2,100,11459,216.12,75,1770,9251,3,16
1784686326.024,real_q8_tensor_220w_ngram,3,100,11459,216.66,71,1710,9251,3,16
1784686326.603,real_q8_tensor_220w_ngram,0,97,11459,213.32,65,1770,9251,3,16
1784686326.603,real_q8_tensor_220w_ngram,1,100,11459,214.09,70,1665,9251,3,16
1784686326.603,real_q8_tensor_220w_ngram,2,66,11459,213.79,75,1875,9251,3,16
1784686326.603,real_q8_tensor_220w_ngram,3,100,11459,215.35,70,1695,9251,3,16
1784686327.181,real_q8_tensor_220w_ngram,0,97,11459,210.76,66,1800,9251,3,16
1784686327.181,real_q8_tensor_220w_ngram,1,100,11459,216.25,70,1680,9251,3,16
1784686327.181,real_q8_tensor_220w_ngram,2,66,11459,214.23,75,1725,9251,3,16
1784686327.181,real_q8_tensor_220w_ngram,3,100,11459,215.25,71,1755,9251,3,16
1784686327.775,real_q8_tensor_220w_ngram,0,100,11459,213.80,66,1815,9251,3,16
1784686327.775,real_q8_tensor_220w_ngram,1,100,11459,216.47,70,1710,9251,3,16
1784686327.775,real_q8_tensor_220w_ngram,2,100,11459,215.54,75,1725,9251,3,16
1784686327.775,real_q8_tensor_220w_ngram,3,100,11459,216.62,71,1755,9251,3,16
1784686328.351,real_q8_tensor_220w_ngram,0,100,11459,214.05,66,1770,9251,3,16
1784686328.351,real_q8_tensor_220w_ngram,1,100,11459,216.29,70,1650,9251,3,16
1784686328.351,real_q8_tensor_220w_ngram,2,100,11459,215.86,75,1725,9251,3,16
1784686328.351,real_q8_tensor_220w_ngram,3,93,11459,216.35,71,1710,9251,3,16
1784686328.917,real_q8_tensor_220w_ngram,0,100,11459,210.99,65,1770,9251,3,16
1784686328.917,real_q8_tensor_220w_ngram,1,99,11459,214.25,70,1695,9251,3,16
1784686328.917,real_q8_tensor_220w_ngram,2,68,11459,212.69,75,1725,9251,3,16
1784686328.917,real_q8_tensor_220w_ngram,3,83,11459,214.48,70,1695,9251,3,16
1784686329.514,real_q8_tensor_220w_ngram,0,100,11459,213.79,66,1770,9251,3,16
1784686329.514,real_q8_tensor_220w_ngram,1,100,11459,217.50,70,1710,9251,3,16
1784686329.514,real_q8_tensor_220w_ngram,2,68,11459,216.29,75,1740,9251,3,16
1784686329.514,real_q8_tensor_220w_ngram,3,100,11459,216.10,71,1710,9251,3,16
1784686330.114,real_q8_tensor_220w_ngram,0,100,11459,214.22,66,1800,9251,3,16
1784686330.114,real_q8_tensor_220w_ngram,1,100,11459,216.45,70,1680,9251,3,16
1784686330.114,real_q8_tensor_220w_ngram,2,100,11459,215.48,75,1740,9251,3,16
1784686330.114,real_q8_tensor_220w_ngram,3,100,11459,216.24,71,1695,9251,3,16
1784686330.689,real_q8_tensor_220w_ngram,0,100,11459,212.66,65,1770,9251,3,16
1784686330.689,real_q8_tensor_220w_ngram,1,65,11459,214.35,70,1680,9251,3,16
1784686330.689,real_q8_tensor_220w_ngram,2,100,11459,212.77,75,1710,9251,3,16
1784686330.689,real_q8_tensor_220w_ngram,3,80,11459,214.52,70,1695,9251,3,16
1784686331.290,real_q8_tensor_220w_ngram,0,100,11459,209.84,66,1800,9251,3,16
1784686331.290,real_q8_tensor_220w_ngram,1,65,11459,216.82,70,1680,9251,3,16
1784686331.290,real_q8_tensor_220w_ngram,2,100,11459,214.59,75,1770,9251,3,16
1784686331.290,real_q8_tensor_220w_ngram,3,80,11459,214.60,71,1710,9251,3,16
1784686331.891,real_q8_tensor_220w_ngram,0,83,11459,212.20,66,1770,9251,3,16
1784686331.891,real_q8_tensor_220w_ngram,1,100,11459,216.06,70,1665,9251,3,16
1784686331.891,real_q8_tensor_220w_ngram,2,100,11459,215.25,75,1725,9251,3,16
1784686331.891,real_q8_tensor_220w_ngram,3,100,11459,216.98,71,1695,9251,3,16
1784686332.467,real_q8_tensor_220w_ngram,0,100,11459,212.68,66,1860,9251,3,16
1784686332.467,real_q8_tensor_220w_ngram,1,100,11459,213.29,70,1785,9251,3,16
1784686332.467,real_q8_tensor_220w_ngram,2,72,11459,212.24,75,1800,9251,3,16
1784686332.467,real_q8_tensor_220w_ngram,3,100,11459,217.23,71,1800,9251,3,16
1784686333.063,real_q8_tensor_220w_ngram,0,100,11459,210.54,66,1770,9251,3,16
1784686333.063,real_q8_tensor_220w_ngram,1,65,11459,213.54,70,1665,9251,3,16
1784686333.063,real_q8_tensor_220w_ngram,2,72,11459,213.02,75,1755,9251,3,16
1784686333.063,real_q8_tensor_220w_ngram,3,85,11459,213.76,71,1695,9251,3,16
1784686333.657,real_q8_tensor_220w_ngram,0,100,11459,214.22,66,1815,9251,3,16
1784686333.657,real_q8_tensor_220w_ngram,1,65,11459,216.96,70,1740,9251,3,16
1784686333.657,real_q8_tensor_220w_ngram,2,100,11459,215.12,75,1725,9251,3,16
1784686333.657,real_q8_tensor_220w_ngram,3,85,11459,216.22,71,1740,9251,3,16
1784686334.231,real_q8_tensor_220w_ngram,0,100,11459,213.66,66,1785,9251,3,16
1784686334.231,real_q8_tensor_220w_ngram,1,100,11459,215.81,70,1665,9251,3,16
1784686334.231,real_q8_tensor_220w_ngram,2,100,11459,214.00,75,1710,9251,3,16
1784686334.231,real_q8_tensor_220w_ngram,3,100,11459,215.89,71,1740,9251,3,16
1784686334.830,real_q8_tensor_220w_ngram,0,63,11459,210.48,66,1755,9251,3,16
1784686334.830,real_q8_tensor_220w_ngram,1,100,11459,213.82,69,1650,9251,3,16
1784686334.830,real_q8_tensor_220w_ngram,2,85,11459,212.63,74,1875,9251,3,16
1784686334.830,real_q8_tensor_220w_ngram,3,100,11459,213.12,71,1680,9251,3,16
1784686335.433,real_q8_tensor_220w_ngram,0,82,11459,213.01,66,1800,9251,3,16
1784686335.433,real_q8_tensor_220w_ngram,1,100,11459,213.51,70,1695,9251,3,16
1784686335.433,real_q8_tensor_220w_ngram,2,82,11459,211.36,75,1770,9251,3,16
1784686335.433,real_q8_tensor_220w_ngram,3,100,11459,217.03,71,1695,9251,3,16
1784686336.028,real_q8_tensor_220w_ngram,0,100,11459,212.99,66,1815,9251,3,16
1784686336.028,real_q8_tensor_220w_ngram,1,100,11459,215.73,70,1725,9251,3,16
1784686336.028,real_q8_tensor_220w_ngram,2,100,11459,214.31,75,1770,9251,3,16
1784686336.028,real_q8_tensor_220w_ngram,3,100,11459,216.41,71,1695,9251,3,16
1784686336.622,real_q8_tensor_220w_ngram,0,100,11459,213.57,66,1770,9251,3,16
1784686336.622,real_q8_tensor_220w_ngram,1,100,11459,214.70,70,1665,9251,3,16
1784686336.622,real_q8_tensor_220w_ngram,2,100,11459,213.91,75,1710,9251,3,16
1784686336.622,real_q8_tensor_220w_ngram,3,100,11459,216.52,71,1710,9251,3,16
1784686337.193,real_q8_tensor_220w_ngram,0,86,11459,212.09,65,1755,9251,3,16
1784686337.193,real_q8_tensor_220w_ngram,1,100,11459,212.01,70,1650,9251,3,16
1784686337.193,real_q8_tensor_220w_ngram,2,63,11459,211.05,75,1695,9251,3,16
1784686337.193,real_q8_tensor_220w_ngram,3,100,11459,213.68,70,1680,9251,3,16
1784686337.791,real_q8_tensor_220w_ngram,0,86,11459,210.36,66,1740,9251,3,16
1784686337.791,real_q8_tensor_220w_ngram,1,100,11459,216.61,70,1665,9251,3,16
1784686337.791,real_q8_tensor_220w_ngram,2,63,11459,215.79,75,1695,9251,3,16
1784686337.791,real_q8_tensor_220w_ngram,3,100,11459,213.32,71,1695,9251,3,16
1784686338.384,real_q8_tensor_220w_ngram,0,100,11459,213.25,66,1755,9251,3,16
1784686338.384,real_q8_tensor_220w_ngram,1,82,11459,215.65,70,1695,9251,3,16
1784686338.384,real_q8_tensor_220w_ngram,2,100,11459,213.74,75,1710,9251,3,16
1784686338.384,real_q8_tensor_220w_ngram,3,82,11459,215.47,71,1710,9251,3,16
1784686338.960,real_q8_tensor_220w_ngram,0,100,11459,213.14,66,1755,9251,3,16
1784686338.960,real_q8_tensor_220w_ngram,1,100,11459,215.66,70,1665,9251,3,16
1784686338.960,real_q8_tensor_220w_ngram,2,100,11459,213.26,75,1755,9251,3,16
1784686338.960,real_q8_tensor_220w_ngram,3,100,11459,215.32,71,1680,9251,3,16
1784686339.535,real_q8_tensor_220w_ngram,0,100,11459,209.11,66,1905,9251,3,16
1784686339.535,real_q8_tensor_220w_ngram,1,100,11459,212.75,69,1800,9251,3,16
1784686339.535,real_q8_tensor_220w_ngram,2,84,11459,211.70,74,1860,9251,3,16
1784686339.535,real_q8_tensor_220w_ngram,3,100,11459,212.68,71,1860,9251,3,16
1784686340.112,real_q8_tensor_220w_ngram,0,100,11459,212.76,66,1755,9251,3,16
1784686340.112,real_q8_tensor_220w_ngram,1,100,11459,212.81,70,1695,9251,3,16
1784686340.112,real_q8_tensor_220w_ngram,2,84,11459,212.14,75,1740,9251,3,16
1784686340.112,real_q8_tensor_220w_ngram,3,100,11459,217.24,71,1710,9251,3,16
1784686340.712,real_q8_tensor_220w_ngram,0,100,11459,212.50,66,1755,9251,3,16
1784686340.712,real_q8_tensor_220w_ngram,1,81,11459,214.77,70,1665,9251,3,16
1784686340.712,real_q8_tensor_220w_ngram,2,100,11459,213.64,75,1695,9251,3,16
1784686340.712,real_q8_tensor_220w_ngram,3,92,11459,215.32,71,1680,9251,3,16
1784686341.310,real_q8_tensor_220w_ngram,0,100,11459,212.67,66,1725,9251,3,16
1784686341.310,real_q8_tensor_220w_ngram,1,100,11459,215.61,70,1635,9251,3,16
1784686341.310,real_q8_tensor_220w_ngram,2,100,11459,213.79,75,1680,9251,3,16
1784686341.310,real_q8_tensor_220w_ngram,3,100,11459,215.54,71,1695,9251,3,16
1784686341.885,real_q8_tensor_220w_ngram,0,100,11459,212.20,66,1890,9251,3,16
1784686341.885,real_q8_tensor_220w_ngram,1,100,11459,211.49,70,1860,9251,3,16
1784686341.885,real_q8_tensor_220w_ngram,2,62,11459,210.27,75,1875,9251,3,16
1784686341.885,real_q8_tensor_220w_ngram,3,100,11459,215.88,71,1860,9251,3,16
1784686342.482,real_q8_tensor_220w_ngram,0,64,11459,209.70,66,1770,9251,3,16
1784686342.482,real_q8_tensor_220w_ngram,1,63,11459,213.93,70,1665,9251,3,16
1784686342.482,real_q8_tensor_220w_ngram,2,62,11459,212.36,75,1695,9251,3,16
1784686342.482,real_q8_tensor_220w_ngram,3,80,11459,212.08,71,1725,9251,3,16
1784686343.056,real_q8_tensor_220w_ngram,0,64,11459,211.85,66,1785,9251,3,16
1784686343.056,real_q8_tensor_220w_ngram,1,63,11459,215.54,70,1725,9251,3,16
1784686343.056,real_q8_tensor_220w_ngram,2,100,11459,214.36,75,1695,9251,3,16
1784686343.056,real_q8_tensor_220w_ngram,3,80,11459,213.99,71,1710,9251,3,16
1784686343.629,real_q8_tensor_220w_ngram,0,100,11459,212.85,66,1740,9251,3,16
1784686343.629,real_q8_tensor_220w_ngram,1,100,11459,214.40,70,1650,9251,3,16
1784686343.629,real_q8_tensor_220w_ngram,2,100,11459,213.82,75,1695,9251,3,16
1784686343.629,real_q8_tensor_220w_ngram,3,100,11459,214.65,71,1665,9251,3,16
1784686344.227,real_q8_tensor_220w_ngram,0,100,11459,212.64,66,1800,9251,3,16
1784686344.227,real_q8_tensor_220w_ngram,1,100,11459,214.49,70,1785,9251,3,16
1784686344.227,real_q8_tensor_220w_ngram,2,100,11459,213.70,75,1755,9251,3,16
1784686344.227,real_q8_tensor_220w_ngram,3,100,11459,214.80,71,1770,9251,3,16
1784686344.819,real_q8_tensor_220w_ngram,0,64,11459,208.58,65,1755,9251,3,16
1784686344.819,real_q8_tensor_220w_ngram,1,62,11459,211.88,70,1650,9251,3,16
1784686344.819,real_q8_tensor_220w_ngram,2,100,11459,209.77,75,1740,9251,3,16
1784686344.819,real_q8_tensor_220w_ngram,3,80,11459,212.40,70,1665,9251,3,16
1784686345.415,real_q8_tensor_220w_ngram,0,81,11459,209.81,66,1740,9251,3,16
1784686345.415,real_q8_tensor_220w_ngram,1,81,11459,215.63,70,1620,9251,3,16
1784686345.415,real_q8_tensor_220w_ngram,2,100,11459,214.18,75,1680,9251,3,16
1784686345.415,real_q8_tensor_220w_ngram,3,86,11459,214.98,71,1680,9251,3,16
1784686345.994,real_q8_tensor_220w_ngram,0,100,11459,212.57,66,1755,9251,3,16
1784686345.994,real_q8_tensor_220w_ngram,1,100,11459,214.66,70,1665,9251,3,16
1784686345.994,real_q8_tensor_220w_ngram,2,100,11459,212.44,75,1725,9251,3,16
1784686345.994,real_q8_tensor_220w_ngram,3,100,11459,215.13,71,1695,9251,3,16
1784686346.568,real_q8_tensor_220w_ngram,0,100,11459,212.73,66,1800,9251,3,16
1784686346.568,real_q8_tensor_220w_ngram,1,100,11459,214.28,70,1710,9251,3,16
1784686346.568,real_q8_tensor_220w_ngram,2,100,11459,212.65,75,1755,9251,3,16
1784686346.568,real_q8_tensor_220w_ngram,3,100,11459,215.53,71,1665,9251,3,16
1784686347.180,real_q8_tensor_220w_ngram,0,100,11459,211.62,65,1875,9251,3,16
1784686347.180,real_q8_tensor_220w_ngram,1,100,11459,214.43,70,1845,9251,3,16
1784686347.180,real_q8_tensor_220w_ngram,2,100,11459,208.24,75,1800,9251,3,16
1784686347.180,real_q8_tensor_220w_ngram,3,100,11459,214.96,70,1830,9251,3,16
1784686347.749,real_q8_tensor_220w_ngram,0,100,11459,208.69,66,1785,9251,3,16
1784686347.749,real_q8_tensor_220w_ngram,1,100,11459,210.31,70,1665,9251,3,16
1784686347.749,real_q8_tensor_220w_ngram,2,61,11459,208.88,75,1680,9251,3,16
1784686347.749,real_q8_tensor_220w_ngram,3,100,11459,212.24,71,1725,9251,3,16
1784686348.328,real_q8_tensor_220w_ngram,0,69,11459,212.09,65,1755,9251,3,16
1784686348.328,real_q8_tensor_220w_ngram,1,100,11459,215.93,70,1665,9251,3,16
1784686348.328,real_q8_tensor_220w_ngram,2,61,11459,213.69,75,1725,9251,3,16
1784686348.328,real_q8_tensor_220w_ngram,3,100,11459,214.50,71,1665,9251,3,16
1784686348.903,real_q8_tensor_220w_ngram,0,80,11459,212.57,66,1755,9251,3,16
1784686348.903,real_q8_tensor_220w_ngram,1,80,11459,214.59,70,1695,9251,3,16
1784686348.903,real_q8_tensor_220w_ngram,2,100,11459,211.71,75,1740,9251,3,16
1784686348.903,real_q8_tensor_220w_ngram,3,95,11459,214.61,71,1665,9251,3,16
1784686349.498,real_q8_tensor_220w_ngram,0,100,11459,212.98,66,1740,9251,3,16
1784686349.498,real_q8_tensor_220w_ngram,1,100,11459,214.13,70,1680,9251,3,16
1784686349.498,real_q8_tensor_220w_ngram,2,100,11459,212.50,75,1740,9251,3,16
1784686349.498,real_q8_tensor_220w_ngram,3,100,11459,214.29,71,1665,9251,3,16
1784686350.098,real_q8_tensor_220w_ngram,0,100,11459,212.79,66,1830,9251,3,16
1784686350.098,real_q8_tensor_220w_ngram,1,100,11459,212.84,70,1770,9251,3,16
1784686350.098,real_q8_tensor_220w_ngram,2,82,11459,211.88,75,1680,9251,3,16
1784686350.098,real_q8_tensor_220w_ngram,3,100,11459,214.74,71,1785,9251,3,16
1784686350.661,real_q8_tensor_220w_ngram,0,58,11459,207.90,65,1725,9251,3,16
1784686350.661,real_q8_tensor_220w_ngram,1,78,11459,212.71,69,1620,9251,3,16
1784686350.661,real_q8_tensor_220w_ngram,2,82,11459,210.34,74,1680,9251,3,16
1784686350.661,real_q8_tensor_220w_ngram,3,59,11459,211.61,71,1695,9251,3,16
1784686351.261,real_q8_tensor_220w_ngram,0,80,11459,212.91,66,1725,9251,3,16
1784686351.261,real_q8_tensor_220w_ngram,1,80,11459,213.98,70,1635,9251,3,16
1784686351.261,real_q8_tensor_220w_ngram,2,100,11459,212.97,75,1680,9251,3,16
1784686351.261,real_q8_tensor_220w_ngram,3,80,11459,215.95,71,1650,9251,3,16
1784686351.857,real_q8_tensor_220w_ngram,0,100,11459,211.33,66,1740,9251,3,16
1784686351.857,real_q8_tensor_220w_ngram,1,100,11459,214.11,70,1635,9251,3,16
1784686351.857,real_q8_tensor_220w_ngram,2,100,11459,213.27,75,1710,9251,3,16
1784686351.857,real_q8_tensor_220w_ngram,3,100,11459,214.18,71,1665,9251,3,16
1784686352.431,real_q8_tensor_220w_ngram,0,100,11459,211.92,66,1710,9251,3,16
1784686352.431,real_q8_tensor_220w_ngram,1,100,11459,214.65,70,1635,9251,3,16
1784686352.431,real_q8_tensor_220w_ngram,2,100,11459,212.80,75,1695,9251,3,16
1784686352.431,real_q8_tensor_220w_ngram,3,100,11459,214.48,71,1665,9251,3,16
1784686353.027,real_q8_tensor_220w_ngram,0,100,11459,211.70,66,1725,9251,3,16
1784686353.027,real_q8_tensor_220w_ngram,1,100,11459,213.82,70,1620,9251,3,16
1784686353.027,real_q8_tensor_220w_ngram,2,100,11459,212.57,75,1665,9251,3,16
1784686353.027,real_q8_tensor_220w_ngram,3,91,11459,213.98,71,1650,9251,3,16
1784686353.595,real_q8_tensor_220w_ngram,0,100,11459,211.21,65,1725,9251,3,16
1784686353.595,real_q8_tensor_220w_ngram,1,100,11459,209.22,70,1605,9251,3,16
1784686353.595,real_q8_tensor_220w_ngram,2,59,11459,207.28,74,1665,9251,3,16
1784686353.595,real_q8_tensor_220w_ngram,3,91,11459,211.72,70,1665,9251,3,16
1784686354.197,real_q8_tensor_220w_ngram,0,63,11459,208.07,65,1725,9251,3,16
1784686354.197,real_q8_tensor_220w_ngram,1,100,11459,215.76,70,1620,9251,3,16
1784686354.197,real_q8_tensor_220w_ngram,2,59,11459,213.84,75,1680,9251,3,16
1784686354.197,real_q8_tensor_220w_ngram,3,75,11459,213.01,71,1665,9251,3,16
1784686354.774,real_q8_tensor_220w_ngram,0,63,11459,211.29,66,1725,9251,3,16
1784686354.774,real_q8_tensor_220w_ngram,1,100,11459,214.25,70,1620,9251,3,16
1784686354.774,real_q8_tensor_220w_ngram,2,100,11459,212.02,75,1665,9251,3,16
1784686354.774,real_q8_tensor_220w_ngram,3,75,11459,215.56,71,1665,9251,3,16
1784686355.366,real_q8_tensor_220w_ngram,0,100,11459,212.07,66,1725,9251,3,16
1784686355.366,real_q8_tensor_220w_ngram,1,100,11459,214.29,70,1665,9251,3,16
1784686355.366,real_q8_tensor_220w_ngram,2,100,11459,212.10,75,1680,9251,3,16
1784686355.366,real_q8_tensor_220w_ngram,3,100,11459,214.38,71,1725,9251,3,16
1784686355.940,real_q8_tensor_220w_ngram,0,100,11459,212.15,66,1710,9251,3,16
1784686355.940,real_q8_tensor_220w_ngram,1,100,11459,213.71,70,1620,9251,3,16
1784686355.940,real_q8_tensor_220w_ngram,2,100,11459,211.96,75,1665,9251,3,16
1784686355.940,real_q8_tensor_220w_ngram,3,100,11459,214.79,71,1740,9251,3,16
1784686356.518,real_q8_tensor_220w_ngram,0,100,11459,212.29,66,1785,9251,3,16
1784686356.518,real_q8_tensor_220w_ngram,1,100,11459,214.13,70,1680,9251,3,16
1784686356.518,real_q8_tensor_220w_ngram,2,100,11459,212.31,75,1665,9251,3,16
1784686356.518,real_q8_tensor_220w_ngram,3,100,11459,215.17,71,1725,9251,3,16
1784686357.084,real_q8_tensor_220w_ngram,0,100,11459,210.90,65,1905,9251,3,16
1784686357.084,real_q8_tensor_220w_ngram,1,100,11459,209.46,70,1800,9251,3,16
1784686357.084,real_q8_tensor_220w_ngram,2,58,11459,207.26,75,1875,9251,3,16
1784686357.084,real_q8_tensor_220w_ngram,3,100,11459,213.51,70,1875,9251,3,16
1784686357.659,real_q8_tensor_220w_ngram,0,60,11459,209.63,66,1770,9251,3,16
1784686357.659,real_q8_tensor_220w_ngram,1,59,11459,209.37,70,1650,9251,3,16
1784686357.659,real_q8_tensor_220w_ngram,2,58,11459,207.41,75,1680,9251,3,16
1784686357.659,real_q8_tensor_220w_ngram,3,76,11459,214.23,71,1710,9251,3,16
1784686358.236,real_q8_tensor_220w_ngram,0,60,11459,211.50,66,1725,9251,3,16
1784686358.236,real_q8_tensor_220w_ngram,1,59,11459,215.25,70,1605,9251,3,16
1784686358.236,real_q8_tensor_220w_ngram,2,100,11459,214.09,75,1665,9251,3,16
1784686358.236,real_q8_tensor_220w_ngram,3,76,11459,214.92,71,1650,9251,3,16
1784686358.834,real_q8_tensor_220w_ngram,0,100,11459,211.96,66,1785,9251,3,16
1784686358.834,real_q8_tensor_220w_ngram,1,100,11459,213.55,70,1695,9251,3,16
1784686358.834,real_q8_tensor_220w_ngram,2,100,11459,211.73,75,1740,9251,3,16
1784686358.834,real_q8_tensor_220w_ngram,3,100,11459,214.01,71,1710,9251,3,16
1784686359.430,real_q8_tensor_220w_ngram,0,100,11459,211.07,66,1710,9251,3,16
1784686359.430,real_q8_tensor_220w_ngram,1,100,11459,213.73,70,1620,9251,3,16
1784686359.430,real_q8_tensor_220w_ngram,2,100,11459,211.88,75,1740,9251,3,16
1784686359.430,real_q8_tensor_220w_ngram,3,100,11459,214.22,71,1650,9251,3,16
1784686360.006,real_q8_tensor_220w_ngram,0,100,11459,211.67,66,1740,9251,3,16
1784686360.006,real_q8_tensor_220w_ngram,1,100,11459,213.64,70,1620,9251,3,16
1784686360.006,real_q8_tensor_220w_ngram,2,100,11459,211.61,75,1650,9251,3,16
1784686360.006,real_q8_tensor_220w_ngram,3,100,11459,214.73,71,1665,9251,3,16
1784686360.581,real_q8_tensor_220w_ngram,0,100,11459,211.21,66,1875,9251,3,16
1784686360.581,real_q8_tensor_220w_ngram,1,100,11459,210.85,70,1845,9251,3,16
1784686360.581,real_q8_tensor_220w_ngram,2,71,11459,208.09,75,1845,9251,3,16
1784686360.581,real_q8_tensor_220w_ngram,3,100,11459,214.38,71,1860,9251,3,16
1784686361.170,real_q8_tensor_220w_ngram,0,57,11459,205.59,65,1710,9251,3,16
1784686361.170,real_q8_tensor_220w_ngram,1,79,11459,211.33,69,1605,9251,3,16
1784686361.170,real_q8_tensor_220w_ngram,2,90,11459,212.07,74,1665,9251,3,16
1784686361.170,real_q8_tensor_220w_ngram,3,56,11459,210.25,71,1635,9251,3,16
1784686361.749,real_q8_tensor_220w_ngram,0,57,11459,210.51,66,1710,9251,3,16
1784686361.749,real_q8_tensor_220w_ngram,1,79,11459,214.07,70,1605,9251,3,16
1784686361.749,real_q8_tensor_220w_ngram,2,74,11459,211.83,75,1740,9251,3,16
1784686361.749,real_q8_tensor_220w_ngram,3,56,11459,213.81,71,1650,9251,3,16
1784686362.342,real_q8_tensor_220w_ngram,0,100,11459,210.76,66,1695,9251,3,16
1784686362.342,real_q8_tensor_220w_ngram,1,100,11459,214.01,70,1695,9251,3,16
1784686362.342,real_q8_tensor_220w_ngram,2,74,11459,211.93,75,1650,9251,3,16
1784686362.342,real_q8_tensor_220w_ngram,3,100,11459,214.04,71,1725,9251,3,16
1784686362.915,real_q8_tensor_220w_ngram,0,100,11459,210.62,66,1710,9251,3,16
1784686362.915,real_q8_tensor_220w_ngram,1,79,11459,212.73,70,1620,9251,3,16
1784686362.915,real_q8_tensor_220w_ngram,2,100,11459,210.99,75,1665,9251,3,16
1784686362.915,real_q8_tensor_220w_ngram,3,99,11459,214.38,71,1725,9251,3,16
1784686363.516,real_q8_tensor_220w_ngram,0,100,11459,210.04,66,1755,9251,3,16
1784686363.516,real_q8_tensor_220w_ngram,1,100,11459,212.94,70,1680,9251,3,16
1784686363.516,real_q8_tensor_220w_ngram,2,100,11459,211.01,75,1725,9251,3,16
1784686363.516,real_q8_tensor_220w_ngram,3,100,11459,214.05,71,1665,9251,3,16
1784686364.091,real_q8_tensor_220w_ngram,0,100,11459,210.88,66,1770,9251,3,16
1784686364.091,real_q8_tensor_220w_ngram,1,100,11459,213.81,70,1695,9251,3,16
1784686364.091,real_q8_tensor_220w_ngram,2,100,11459,211.54,75,1725,9251,3,16
1784686364.091,real_q8_tensor_220w_ngram,3,100,11459,213.13,71,1665,9251,3,16
1784686364.700,real_q8_tensor_220w_ngram,0,100,11459,210.76,66,1785,9251,3,16
1784686364.700,real_q8_tensor_220w_ngram,1,100,11459,214.05,70,1620,9251,3,16
1784686364.700,real_q8_tensor_220w_ngram,2,100,11459,211.55,75,1665,9251,3,16
1784686364.700,real_q8_tensor_220w_ngram,3,98,11459,214.12,70,1830,9251,3,16
1784686365.305,real_q8_tensor_220w_ngram,0,54,11459,205.73,66,1770,9251,3,16
1784686365.305,real_q8_tensor_220w_ngram,1,86,11459,215.66,70,1695,9251,3,16
1784686365.305,real_q8_tensor_220w_ngram,2,100,11459,213.27,75,1635,9251,3,16
1784686365.305,real_q8_tensor_220w_ngram,3,56,11459,211.82,71,1695,9251,3,16
1784686365.881,real_q8_tensor_220w_ngram,0,78,11459,209.98,66,1755,9251,3,16
1784686365.881,real_q8_tensor_220w_ngram,1,78,11459,213.36,70,1680,9251,3,16
1784686365.881,real_q8_tensor_220w_ngram,2,100,11459,210.76,75,1665,9251,3,16
1784686365.881,real_q8_tensor_220w_ngram,3,78,11459,213.01,71,1665,9251,3,16
1784686366.478,real_q8_tensor_220w_ngram,0,100,11459,209.78,66,1695,9251,3,16
1784686366.478,real_q8_tensor_220w_ngram,1,100,11459,212.49,70,1620,9251,3,16
1784686366.478,real_q8_tensor_220w_ngram,2,100,11459,211.08,75,1650,9251,3,16
1784686366.478,real_q8_tensor_220w_ngram,3,100,11459,213.15,71,1710,9251,3,16
1784686367.053,real_q8_tensor_220w_ngram,0,100,11459,210.04,66,1740,9251,3,16
1784686367.053,real_q8_tensor_220w_ngram,1,100,11459,213.11,70,1605,9251,3,16
1784686367.053,real_q8_tensor_220w_ngram,2,100,11459,211.55,75,1650,9251,3,16
1784686367.053,real_q8_tensor_220w_ngram,3,100,11459,213.64,71,1665,9251,3,16
1784686367.644,real_q8_tensor_220w_ngram,0,100,11459,210.46,66,1695,9251,3,16
1784686367.644,real_q8_tensor_220w_ngram,1,100,11459,213.89,70,1605,9251,3,16
1784686367.644,real_q8_tensor_220w_ngram,2,100,11459,212.15,75,1650,9251,3,16
1784686367.644,real_q8_tensor_220w_ngram,3,100,11459,213.97,71,1635,9251,3,16
1784686368.219,real_q8_tensor_220w_ngram,0,100,11459,210.38,66,1710,9251,3,16
1784686368.219,real_q8_tensor_220w_ngram,1,100,11459,213.10,70,1590,9251,3,16
1784686368.219,real_q8_tensor_220w_ngram,2,100,11459,211.69,75,1650,9251,3,16
1784686368.219,real_q8_tensor_220w_ngram,3,100,11459,214.05,71,1620,9251,3,16
1784686368.807,real_q8_tensor_220w_ngram,0,61,11459,206.26,66,1860,9251,3,16
1784686368.807,real_q8_tensor_220w_ngram,1,89,11459,212.30,69,1860,9251,3,16
1784686368.807,real_q8_tensor_220w_ngram,2,100,11459,211.50,74,1830,9251,3,16
1784686368.807,real_q8_tensor_220w_ngram,3,54,11459,208.56,71,1875,9251,3,16
1784686369.398,real_q8_tensor_220w_ngram,0,92,11459,207.88,65,1680,9251,3,16
1784686369.398,real_q8_tensor_220w_ngram,1,77,11459,212.99,70,1575,9251,3,16
1784686369.398,real_q8_tensor_220w_ngram,2,55,11459,210.80,75,1620,9251,3,16
1784686369.398,real_q8_tensor_220w_ngram,3,100,11459,210.02,70,1635,9251,3,16
1784686369.979,real_q8_tensor_220w_ngram,0,59,11459,211.02,66,1695,9251,3,16
1784686369.979,real_q8_tensor_220w_ngram,1,100,11459,212.69,70,1605,9251,3,16
1784686369.979,real_q8_tensor_220w_ngram,2,55,11459,211.08,75,1650,9251,3,16
1784686369.979,real_q8_tensor_220w_ngram,3,70,11459,215.31,71,1680,9251,3,16
1784686370.554,real_q8_tensor_220w_ngram,0,59,11459,209.73,66,1695,9251,3,16
1784686370.554,real_q8_tensor_220w_ngram,1,100,11459,212.59,70,1590,9251,3,16
1784686370.554,real_q8_tensor_220w_ngram,2,87,11459,211.75,75,1635,9251,3,16
1784686370.554,real_q8_tensor_220w_ngram,3,70,11459,212.66,70,1620,9251,3,16
1784686371.129,real_q8_tensor_220w_ngram,0,100,11459,209.07,66,1695,9251,3,16
1784686371.129,real_q8_tensor_220w_ngram,1,100,11459,211.79,70,1590,9251,3,16
1784686371.129,real_q8_tensor_220w_ngram,2,87,11459,210.79,75,1695,9251,3,16
1784686371.129,real_q8_tensor_220w_ngram,3,100,11459,212.42,71,1620,9251,3,16
1784686371.703,real_q8_tensor_220w_ngram,0,77,11459,210.05,66,1725,9251,3,16
1784686371.703,real_q8_tensor_220w_ngram,1,76,11459,212.65,70,1605,9251,3,16
1784686371.703,real_q8_tensor_220w_ngram,2,100,11459,210.66,75,1635,9251,3,16
1784686371.703,real_q8_tensor_220w_ngram,3,94,11459,212.69,71,1680,9251,3,16
1784686372.281,real_q8_tensor_220w_ngram,0,100,11459,209.54,66,1695,9251,3,16
1784686372.281,real_q8_tensor_220w_ngram,1,100,11459,212.11,70,1635,9251,3,16
1784686372.281,real_q8_tensor_220w_ngram,2,100,11459,210.12,75,1710,9251,3,16
1784686372.281,real_q8_tensor_220w_ngram,3,100,11459,213.61,71,1635,9251,3,16
1784686372.878,real_q8_tensor_220w_ngram,0,100,11459,209.75,66,1755,9251,3,16
1784686372.878,real_q8_tensor_220w_ngram,1,100,11459,213.08,70,1590,9251,3,16
1784686372.878,real_q8_tensor_220w_ngram,2,100,11459,211.59,75,1740,9251,3,16
1784686372.878,real_q8_tensor_220w_ngram,3,100,11459,212.04,71,1605,9251,3,16
1784686373.457,real_q8_tensor_220w_ngram,0,100,11459,208.64,66,1680,9251,3,16
1784686373.457,real_q8_tensor_220w_ngram,1,100,11459,211.65,70,1590,9251,3,16
1784686373.457,real_q8_tensor_220w_ngram,2,100,11459,209.95,75,1620,9251,3,16
1784686373.457,real_q8_tensor_220w_ngram,3,100,11459,212.85,71,1620,9251,3,16
1784686374.047,real_q8_tensor_220w_ngram,0,100,11459,209.92,66,1800,9251,3,16
1784686374.047,real_q8_tensor_220w_ngram,1,100,11459,211.51,70,1755,9251,3,16
1784686374.047,real_q8_tensor_220w_ngram,2,100,11459,209.34,75,1620,9251,3,16
1784686374.047,real_q8_tensor_220w_ngram,3,100,11459,212.62,70,1770,9251,3,16
1784686374.611,real_q8_tensor_220w_ngram,0,52,11459,205.86,66,1905,9251,3,16
1784686374.611,real_q8_tensor_220w_ngram,1,79,11459,209.61,69,1890,9251,3,16
1784686374.611,real_q8_tensor_220w_ngram,2,100,11459,207.74,74,1860,9251,3,16
1784686374.611,real_q8_tensor_220w_ngram,3,53,11459,212.20,71,1905,9251,3,16
1784686375.206,real_q8_tensor_220w_ngram,0,52,11459,205.02,64,1695,9251,3,16
1784686375.206,real_q8_tensor_220w_ngram,1,79,11459,213.72,69,1575,9251,3,16
1784686375.206,real_q8_tensor_220w_ngram,2,53,11459,210.92,75,1695,9251,3,16
1784686375.206,real_q8_tensor_220w_ngram,3,53,11459,209.08,70,1590,9251,3,16
1784686375.783,real_q8_tensor_220w_ngram,0,57,11459,210.59,65,1755,9251,3,16
1784686375.783,real_q8_tensor_220w_ngram,1,100,11459,211.73,70,1635,9251,3,16
1784686375.783,real_q8_tensor_220w_ngram,2,53,11459,209.53,74,1635,9251,3,16
1784686375.783,real_q8_tensor_220w_ngram,3,70,11459,214.19,71,1695,9251,3,16
1784686376.359,real_q8_tensor_220w_ngram,0,57,11459,210.81,66,1770,9251,3,16
1784686376.359,real_q8_tensor_220w_ngram,1,100,11459,211.95,70,1620,9251,3,16
1784686376.359,real_q8_tensor_220w_ngram,2,78,11459,209.88,75,1680,9251,3,16
1784686376.359,real_q8_tensor_220w_ngram,3,70,11459,213.13,71,1605,9251,3,16
1784686376.934,real_q8_tensor_220w_ngram,0,100,11459,209.68,66,1695,9251,3,16
1784686376.934,real_q8_tensor_220w_ngram,1,100,11459,212.91,70,1590,9251,3,16
1784686376.934,real_q8_tensor_220w_ngram,2,78,11459,211.00,75,1665,9251,3,16
1784686376.934,real_q8_tensor_220w_ngram,3,100,11459,212.18,71,1605,9251,3,16
1784686377.509,real_q8_tensor_220w_ngram,0,100,11459,209.36,66,1695,9251,3,16
1784686377.509,real_q8_tensor_220w_ngram,1,100,11459,212.53,70,1590,9251,3,16
1784686377.509,real_q8_tensor_220w_ngram,2,100,11459,210.10,75,1635,9251,3,16
1784686377.509,real_q8_tensor_220w_ngram,3,100,11459,212.62,71,1650,9251,3,16
1784686378.084,real_q8_tensor_220w_ngram,0,100,11459,209.35,66,1680,9251,3,16
1784686378.084,real_q8_tensor_220w_ngram,1,100,11459,212.11,70,1575,9251,3,16
1784686378.084,real_q8_tensor_220w_ngram,2,100,11459,209.62,75,1725,9251,3,16
1784686378.084,real_q8_tensor_220w_ngram,3,100,11459,212.37,71,1590,9251,3,16
1784686378.661,real_q8_tensor_220w_ngram,0,100,11459,209.01,66,1770,9251,3,16
1784686378.661,real_q8_tensor_220w_ngram,1,100,11459,211.62,70,1680,9251,3,16
1784686378.661,real_q8_tensor_220w_ngram,2,100,11459,209.34,75,1620,9251,3,16
1784686378.661,real_q8_tensor_220w_ngram,3,100,11459,211.90,71,1710,9251,3,16
1784686379.236,real_q8_tensor_220w_ngram,0,100,11459,209.58,66,1740,9251,3,16
1784686379.236,real_q8_tensor_220w_ngram,1,100,11459,211.28,70,1665,9251,3,16
1784686379.236,real_q8_tensor_220w_ngram,2,100,11459,209.66,75,1710,9251,3,16
1784686379.236,real_q8_tensor_220w_ngram,3,100,11459,212.70,71,1590,9251,3,16
1784686379.812,real_q8_tensor_220w_ngram,0,100,11459,209.76,66,1680,9251,3,16
1784686379.812,real_q8_tensor_220w_ngram,1,100,11459,211.39,70,1590,9251,3,16
1784686379.812,real_q8_tensor_220w_ngram,2,100,11459,209.88,75,1620,9251,3,16
1784686379.812,real_q8_tensor_220w_ngram,3,100,11459,212.76,71,1635,9251,3,16
1784686380.387,real_q8_tensor_220w_ngram,0,100,11459,209.50,66,1665,9251,3,16
1784686380.387,real_q8_tensor_220w_ngram,1,100,11459,211.51,70,1575,9251,3,16
1784686380.387,real_q8_tensor_220w_ngram,2,100,11459,210.10,75,1620,9251,3,16
1784686380.387,real_q8_tensor_220w_ngram,3,100,11459,211.87,71,1620,9251,3,16
1784686380.980,real_q8_tensor_220w_ngram,0,100,11459,208.40,66,1725,9251,3,16
1784686380.980,real_q8_tensor_220w_ngram,1,100,11459,211.50,70,1635,9251,3,16
1784686380.980,real_q8_tensor_220w_ngram,2,97,11459,209.97,75,1710,9251,3,16
1784686380.980,real_q8_tensor_220w_ngram,3,100,11459,211.16,71,1620,9251,3,16
1784686381.547,real_q8_tensor_220w_ngram,0,97,11459,208.69,65,1890,9251,3,16
1784686381.547,real_q8_tensor_220w_ngram,1,51,11459,209.30,70,1875,9251,3,16
1784686381.547,real_q8_tensor_220w_ngram,2,97,11459,207.55,73,1875,9251,3,16
1784686381.547,real_q8_tensor_220w_ngram,3,87,11459,210.99,70,1890,9251,3,16
1784686382.170,real_q8_tensor_220w_ngram,0,76,11459,206.82,64,1650,9251,3,16
1784686382.170,real_q8_tensor_220w_ngram,1,74,11459,211.23,69,1560,9251,3,16
1784686382.170,real_q8_tensor_220w_ngram,2,67,11459,209.00,75,1620,9251,3,16
1784686382.170,real_q8_tensor_220w_ngram,3,100,11459,210.54,70,1695,9251,3,16
1784686382.773,real_q8_tensor_220w_ngram,0,55,11459,208.94,65,1650,9251,3,16
1784686382.773,real_q8_tensor_220w_ngram,1,50,11459,211.52,69,1575,9251,3,16
1784686382.773,real_q8_tensor_220w_ngram,2,67,11459,208.92,74,1605,9251,3,16
1784686382.773,real_q8_tensor_220w_ngram,3,74,11459,211.93,70,1650,9251,3,16
1784686383.347,real_q8_tensor_220w_ngram,0,55,11459,208.50,66,1725,9251,3,16
1784686383.347,real_q8_tensor_220w_ngram,1,50,11459,211.05,70,1650,9251,3,16
1784686383.347,real_q8_tensor_220w_ngram,2,75,11459,208.75,75,1695,9251,3,16
1784686383.347,real_q8_tensor_220w_ngram,3,74,11459,212.62,71,1620,9251,3,16
1784686383.922,real_q8_tensor_220w_ngram,0,100,11459,208.35,66,1770,9251,3,16
1784686383.922,real_q8_tensor_220w_ngram,1,100,11459,211.58,70,1680,9251,3,16
1784686383.922,real_q8_tensor_220w_ngram,2,75,11459,209.85,75,1620,9251,3,16
1784686383.922,real_q8_tensor_220w_ngram,3,100,11459,211.85,71,1680,9251,3,16
1784686384.497,real_q8_tensor_220w_ngram,0,100,11459,208.02,66,1740,9251,3,16
1784686384.497,real_q8_tensor_220w_ngram,1,100,11459,211.62,70,1635,9251,3,16
1784686384.497,real_q8_tensor_220w_ngram,2,100,11459,210.12,75,1635,9251,3,16
1784686384.497,real_q8_tensor_220w_ngram,3,100,11459,210.71,71,1635,9251,3,16
1784686385.095,real_q8_tensor_220w_ngram,0,100,11459,208.79,66,1695,9251,3,16
1784686385.095,real_q8_tensor_220w_ngram,1,100,11459,211.55,70,1665,9251,3,16
1784686385.095,real_q8_tensor_220w_ngram,2,100,11459,209.80,75,1620,9251,3,16
1784686385.095,real_q8_tensor_220w_ngram,3,100,11459,210.91,71,1665,9251,3,16
1784686385.671,real_q8_tensor_220w_ngram,0,100,11459,208.67,66,1650,9251,3,16
1784686385.671,real_q8_tensor_220w_ngram,1,100,11459,211.00,70,1590,9251,3,16
1784686385.671,real_q8_tensor_220w_ngram,2,100,11459,209.35,75,1620,9251,3,16
1784686385.671,real_q8_tensor_220w_ngram,3,100,11459,211.49,71,1605,9251,3,16
1784686386.288,real_q8_tensor_220w_ngram,0,100,11459,208.22,66,1665,9251,3,16
1784686386.288,real_q8_tensor_220w_ngram,1,100,11459,211.06,70,1635,9251,3,16
1784686386.288,real_q8_tensor_220w_ngram,2,100,11459,208.78,75,1680,9251,3,16
1784686386.288,real_q8_tensor_220w_ngram,3,100,11459,211.43,71,1605,9251,3,16
1784686386.863,real_q8_tensor_220w_ngram,0,100,11459,208.02,66,1695,9251,3,16
1784686386.863,real_q8_tensor_220w_ngram,1,100,11459,211.24,70,1605,9251,3,16
1784686386.863,real_q8_tensor_220w_ngram,2,100,11459,209.14,75,1695,9251,3,16
1784686386.863,real_q8_tensor_220w_ngram,3,100,11459,211.61,71,1620,9251,3,16
1784686387.441,real_q8_tensor_220w_ngram,0,100,11459,207.79,66,1695,9251,3,16
1784686387.441,real_q8_tensor_220w_ngram,1,100,11459,211.51,70,1590,9251,3,16
1784686387.441,real_q8_tensor_220w_ngram,2,100,11459,209.20,75,1695,9251,3,16
1784686387.441,real_q8_tensor_220w_ngram,3,100,11459,211.27,71,1605,9251,3,16
1784686388.018,real_q8_tensor_220w_ngram,0,100,11459,208.24,66,1680,9251,3,16
1784686388.018,real_q8_tensor_220w_ngram,1,100,11459,211.61,70,1560,9251,3,16
1784686388.018,real_q8_tensor_220w_ngram,2,100,11459,209.18,75,1710,9251,3,16
1784686388.018,real_q8_tensor_220w_ngram,3,100,11459,211.61,71,1590,9251,3,16
1784686388.592,real_q8_tensor_220w_ngram,0,100,11459,208.48,66,1665,9251,3,16
1784686388.592,real_q8_tensor_220w_ngram,1,100,11459,210.90,70,1575,9251,3,16
1784686388.592,real_q8_tensor_220w_ngram,2,100,11459,209.16,75,1635,9251,3,16
1784686388.592,real_q8_tensor_220w_ngram,3,95,11459,211.62,71,1620,9251,3,16
1784686389.184,real_q8_tensor_220w_ngram,0,100,11459,208.27,66,1665,9251,3,16
1784686389.184,real_q8_tensor_220w_ngram,1,100,11459,211.65,70,1575,9251,3,16
1784686389.184,real_q8_tensor_220w_ngram,2,98,11459,209.89,75,1695,9251,3,16
1784686389.184,real_q8_tensor_220w_ngram,3,95,11459,211.15,71,1575,9251,3,16
1784686389.751,real_q8_tensor_220w_ngram,0,100,11459,207.54,66,1770,9251,3,16
1784686389.751,real_q8_tensor_220w_ngram,1,100,11459,211.32,70,1695,9251,3,16
1784686389.751,real_q8_tensor_220w_ngram,2,98,11459,209.52,75,1755,9251,3,16
1784686389.751,real_q8_tensor_220w_ngram,3,100,11459,211.93,71,1695,9251,3,16
1784686390.316,real_q8_tensor_220w_ngram,0,100,11459,208.73,66,1800,9251,3,16
1784686390.316,real_q8_tensor_220w_ngram,1,100,11459,211.05,69,1740,9251,3,16
1784686390.316,real_q8_tensor_220w_ngram,2,100,11459,208.69,75,1755,9251,3,16
1784686390.316,real_q8_tensor_220w_ngram,3,100,11459,212.11,71,1755,9251,3,16
1784686390.879,real_q8_tensor_220w_ngram,0,100,11459,208.50,66,1860,9251,3,16
1784686390.879,real_q8_tensor_220w_ngram,1,71,11459,212.37,70,1815,9251,3,16
1784686390.879,real_q8_tensor_220w_ngram,2,100,11459,209.88,75,1755,9251,3,16
1784686390.879,real_q8_tensor_220w_ngram,3,100,11459,210.54,71,1845,9251,3,16
1784686391.443,real_q8_tensor_220w_ngram,0,100,11459,209.38,64,1890,9251,3,16
1784686391.443,real_q8_tensor_220w_ngram,1,100,11459,209.47,70,1875,9251,3,16
1784686391.443,real_q8_tensor_220w_ngram,2,49,11459,207.41,75,1860,9251,3,16
1784686391.443,real_q8_tensor_220w_ngram,3,84,11459,212.45,69,1890,9251,3,16
1784686392.046,real_q8_tensor_220w_ngram,0,47,11459,207.61,65,1680,9251,3,16
1784686392.046,real_q8_tensor_220w_ngram,1,83,11459,211.20,69,1635,9251,3,16
1784686392.046,real_q8_tensor_220w_ngram,2,74,11459,209.19,74,1680,9251,3,16
1784686392.046,real_q8_tensor_220w_ngram,3,48,11459,210.16,71,1575,9251,3,16
1784686392.647,real_q8_tensor_220w_ngram,0,47,11459,207.29,66,1710,9251,3,16
1784686392.647,real_q8_tensor_220w_ngram,1,83,11459,210.08,69,1650,9251,3,16
1784686392.647,real_q8_tensor_220w_ngram,2,100,11459,207.53,74,1620,9251,3,16
1784686392.647,real_q8_tensor_220w_ngram,3,48,11459,211.13,71,1665,9251,3,16
1784686393.249,real_q8_tensor_220w_ngram,0,88,11459,208.13,66,1740,9251,3,16
1784686393.249,real_q8_tensor_220w_ngram,1,60,11459,209.97,70,1680,9251,3,16
1784686393.249,real_q8_tensor_220w_ngram,2,100,11459,207.98,75,1725,9251,3,16
1784686393.249,real_q8_tensor_220w_ngram,3,97,11459,211.14,70,1590,9251,3,16
1784686393.824,real_q8_tensor_220w_ngram,0,88,11459,208.06,65,1650,9251,3,16
1784686393.824,real_q8_tensor_220w_ngram,1,60,11459,211.09,70,1545,9251,3,16
1784686393.824,real_q8_tensor_220w_ngram,2,87,11459,209.52,75,1710,9251,3,16
1784686393.824,real_q8_tensor_220w_ngram,3,97,11459,210.31,71,1575,9251,3,16
1784686394.398,real_q8_tensor_220w_ngram,0,68,11459,207.42,66,1680,9251,3,16
1784686394.398,real_q8_tensor_220w_ngram,1,100,11459,210.93,70,1575,9251,3,16
1784686394.398,real_q8_tensor_220w_ngram,2,74,11459,208.98,74,1620,9251,3,16
1784686394.398,real_q8_tensor_220w_ngram,3,85,11459,210.69,70,1635,9251,3,16
1784686394.973,real_q8_tensor_220w_ngram,0,68,11459,207.04,65,1725,9251,3,16
1784686394.973,real_q8_tensor_220w_ngram,1,100,11459,210.32,70,1530,9251,3,16
1784686394.973,real_q8_tensor_220w_ngram,2,100,11459,208.12,75,1710,9251,3,16
1784686394.973,real_q8_tensor_220w_ngram,3,85,11459,211.03,70,1575,9251,3,16
1784686395.567,real_q8_tensor_220w_ngram,0,100,11459,207.66,66,1635,9251,3,16
1784686395.567,real_q8_tensor_220w_ngram,1,100,11459,210.54,70,1545,9251,3,16
1784686395.567,real_q8_tensor_220w_ngram,2,100,11459,207.96,75,1575,9251,3,16
1784686395.567,real_q8_tensor_220w_ngram,3,100,11459,210.47,71,1575,9251,3,16
1784686396.143,real_q8_tensor_220w_ngram,0,100,11459,208.28,66,1650,9251,3,16
1784686396.143,real_q8_tensor_220w_ngram,1,100,11459,211.07,70,1560,9251,3,16
1784686396.143,real_q8_tensor_220w_ngram,2,100,11459,208.34,75,1620,9251,3,16
1784686396.143,real_q8_tensor_220w_ngram,3,100,11459,210.53,71,1575,9251,3,16
1784686396.743,real_q8_tensor_220w_ngram,0,100,11459,207.25,66,1725,9251,3,16
1784686396.743,real_q8_tensor_220w_ngram,1,100,11459,210.85,69,1650,9251,3,16
1784686396.743,real_q8_tensor_220w_ngram,2,100,11459,207.80,75,1620,9251,3,16
1784686396.743,real_q8_tensor_220w_ngram,3,100,11459,209.97,71,1650,9251,3,16
1784686397.337,real_q8_tensor_220w_ngram,0,100,11459,207.03,66,1650,9251,3,16
1784686397.337,real_q8_tensor_220w_ngram,1,100,11459,210.19,70,1560,9251,3,16
1784686397.337,real_q8_tensor_220w_ngram,2,100,11459,208.46,75,1665,9251,3,16
1784686397.337,real_q8_tensor_220w_ngram,3,100,11459,210.24,71,1575,9251,3,16
1784686397.912,real_q8_tensor_220w_ngram,0,100,11459,207.05,66,1680,9251,3,16
1784686397.912,real_q8_tensor_220w_ngram,1,100,11459,210.31,70,1650,9251,3,16
1784686397.912,real_q8_tensor_220w_ngram,2,100,11459,208.88,75,1605,9251,3,16
1784686397.912,real_q8_tensor_220w_ngram,3,100,11459,211.24,71,1650,9251,3,16
1784686398.488,real_q8_tensor_220w_ngram,0,100,11459,206.81,66,1665,9251,3,16
1784686398.488,real_q8_tensor_220w_ngram,1,100,11459,210.10,70,1560,9251,3,16
1784686398.488,real_q8_tensor_220w_ngram,2,100,11459,208.39,75,1605,9251,3,16
1784686398.488,real_q8_tensor_220w_ngram,3,100,11459,210.61,71,1590,9251,3,16
1784686399.082,real_q8_tensor_220w_ngram,0,100,11459,206.87,66,1665,9251,3,16
1784686399.082,real_q8_tensor_220w_ngram,1,100,11459,210.63,70,1620,9251,3,16
1784686399.082,real_q8_tensor_220w_ngram,2,100,11459,207.79,75,1665,9251,3,16
1784686399.082,real_q8_tensor_220w_ngram,3,100,11459,210.49,71,1590,9251,3,16
1784686399.657,real_q8_tensor_220w_ngram,0,100,11459,207.12,66,1710,9251,3,16
1784686399.657,real_q8_tensor_220w_ngram,1,100,11459,210.60,70,1605,9251,3,16
1784686399.657,real_q8_tensor_220w_ngram,2,100,11459,208.55,75,1605,9251,3,16
1784686399.657,real_q8_tensor_220w_ngram,3,100,11459,210.50,71,1665,9251,3,16
1784686400.234,real_q8_tensor_220w_ngram,0,100,11459,206.76,66,1635,9251,3,16
1784686400.234,real_q8_tensor_220w_ngram,1,100,11459,210.43,70,1545,9251,3,16
1784686400.234,real_q8_tensor_220w_ngram,2,100,11459,208.91,75,1710,9251,3,16
1784686400.234,real_q8_tensor_220w_ngram,3,100,11459,209.79,71,1560,9251,3,16
1784686400.809,real_q8_tensor_220w_ngram,0,100,11459,206.96,66,1680,9251,3,16
1784686400.809,real_q8_tensor_220w_ngram,1,100,11459,210.27,70,1665,9251,3,16
1784686400.809,real_q8_tensor_220w_ngram,2,100,11459,208.24,75,1605,9251,3,16
1784686400.809,real_q8_tensor_220w_ngram,3,100,11459,209.83,71,1650,9251,3,16
1784686401.386,real_q8_tensor_220w_ngram,0,100,11459,207.51,66,1635,9251,3,16
1784686401.386,real_q8_tensor_220w_ngram,1,100,11459,210.29,70,1530,9251,3,16
1784686401.386,real_q8_tensor_220w_ngram,2,100,11459,208.24,75,1590,9251,3,16
1784686401.386,real_q8_tensor_220w_ngram,3,100,11459,210.12,71,1650,9251,3,16
1784686401.963,real_q8_tensor_220w_ngram,0,100,11459,207.84,66,1680,9251,3,16
1784686401.963,real_q8_tensor_220w_ngram,1,100,11459,210.45,70,1590,9251,3,16
1784686401.963,real_q8_tensor_220w_ngram,2,100,11459,208.23,75,1665,9251,3,16
1784686401.963,real_q8_tensor_220w_ngram,3,100,11459,209.49,71,1575,9251,3,16
1784686402.598,real_q8_tensor_220w_ngram,0,100,11459,207.80,66,1740,9251,3,16
1784686402.598,real_q8_tensor_220w_ngram,1,100,11459,209.55,70,1650,9251,3,16
1784686402.598,real_q8_tensor_220w_ngram,2,100,11459,207.50,75,1590,9251,3,16
1784686402.598,real_q8_tensor_220w_ngram,3,100,11459,208.99,71,1650,9251,3,16
1784686403.175,real_q8_tensor_220w_ngram,0,100,11459,206.68,66,1755,9251,3,16
1784686403.175,real_q8_tensor_220w_ngram,1,100,11459,208.98,70,1620,9251,3,16
1784686403.175,real_q8_tensor_220w_ngram,2,100,11459,206.69,75,1590,9251,3,16
1784686403.175,real_q8_tensor_220w_ngram,3,100,11459,209.24,70,1680,9251,3,16
1784686403.751,real_q8_tensor_220w_ngram,0,100,11459,206.10,66,1650,9251,3,16
1784686403.751,real_q8_tensor_220w_ngram,1,100,11459,209.66,70,1545,9251,3,16
1784686403.751,real_q8_tensor_220w_ngram,2,100,11459,207.76,75,1635,9251,3,16
1784686403.751,real_q8_tensor_220w_ngram,3,100,11459,210.08,70,1590,9251,3,16
1784686404.326,real_q8_tensor_220w_ngram,0,100,11459,205.92,66,1725,9251,3,16
1784686404.326,real_q8_tensor_220w_ngram,1,100,11459,210.54,70,1650,9251,3,16
1784686404.326,real_q8_tensor_220w_ngram,2,100,11459,208.46,75,1695,9251,3,16
1784686404.326,real_q8_tensor_220w_ngram,3,100,11459,209.68,70,1560,9251,3,16
1784686404.900,real_q8_tensor_220w_ngram,0,100,11459,206.75,66,1755,9251,3,16
1784686404.900,real_q8_tensor_220w_ngram,1,100,11459,210.48,70,1650,9251,3,16
1784686404.900,real_q8_tensor_220w_ngram,2,100,11459,208.06,75,1695,9251,3,16
1784686404.900,real_q8_tensor_220w_ngram,3,100,11459,208.94,71,1680,9251,3,16
1784686405.477,real_q8_tensor_220w_ngram,0,100,11459,206.65,66,1740,9251,3,16
1784686405.477,real_q8_tensor_220w_ngram,1,100,11459,209.18,70,1620,9251,3,16
1784686405.477,real_q8_tensor_220w_ngram,2,100,11459,206.77,75,1650,9251,3,16
1784686405.477,real_q8_tensor_220w_ngram,3,100,11459,209.37,71,1680,9251,3,16
1784686406.056,real_q8_tensor_220w_ngram,0,100,11459,205.96,65,1710,9251,3,16
1784686406.056,real_q8_tensor_220w_ngram,1,100,11459,208.70,70,1620,9251,3,16
1784686406.056,real_q8_tensor_220w_ngram,2,100,11459,207.39,75,1620,9251,3,16
1784686406.056,real_q8_tensor_220w_ngram,3,100,11459,210.37,71,1635,9251,3,16
1784686406.646,real_q8_tensor_220w_ngram,0,100,11459,205.71,66,1680,9251,3,16
1784686406.646,real_q8_tensor_220w_ngram,1,100,11459,209.87,70,1650,9251,3,16
1784686406.646,real_q8_tensor_220w_ngram,2,100,11459,208.80,75,1605,9251,3,16
1784686406.646,real_q8_tensor_220w_ngram,3,100,11459,210.15,71,1650,9251,3,16
1784686407.223,real_q8_tensor_220w_ngram,0,100,11459,206.69,66,1665,9251,3,16
1784686407.223,real_q8_tensor_220w_ngram,1,100,11459,208.91,70,1545,9251,3,16
1784686407.223,real_q8_tensor_220w_ngram,2,100,11459,207.33,75,1590,9251,3,16
1784686407.223,real_q8_tensor_220w_ngram,3,100,11459,209.37,70,1605,9251,3,16
1784686407.798,real_q8_tensor_220w_ngram,0,100,11459,206.60,66,1665,9251,3,16
1784686407.798,real_q8_tensor_220w_ngram,1,100,11459,208.79,70,1545,9251,3,16
1784686407.798,real_q8_tensor_220w_ngram,2,100,11459,207.48,75,1605,9251,3,16
1784686407.798,real_q8_tensor_220w_ngram,3,100,11459,210.72,71,1605,9251,3,16
1784686408.372,real_q8_tensor_220w_ngram,0,100,11459,207.64,66,1665,9251,3,16
1784686408.372,real_q8_tensor_220w_ngram,1,100,11459,209.34,70,1560,9251,3,16
1784686408.372,real_q8_tensor_220w_ngram,2,100,11459,207.39,75,1605,9251,3,16
1784686408.372,real_q8_tensor_220w_ngram,3,100,11459,209.79,71,1605,9251,3,16
1784686408.947,real_q8_tensor_220w_ngram,0,100,11459,207.47,66,1620,9251,3,16
1784686408.947,real_q8_tensor_220w_ngram,1,100,11459,209.42,70,1575,9251,3,16
1784686408.947,real_q8_tensor_220w_ngram,2,100,11459,206.69,74,1575,9251,3,16
1784686408.947,real_q8_tensor_220w_ngram,3,100,11459,209.86,71,1635,9251,3,16
1784686409.525,real_q8_tensor_220w_ngram,0,100,11459,207.04,66,1605,9251,3,16
1784686409.525,real_q8_tensor_220w_ngram,1,100,11459,209.79,70,1530,9251,3,16
1784686409.525,real_q8_tensor_220w_ngram,2,100,11459,207.33,75,1560,9251,3,16
1784686409.525,real_q8_tensor_220w_ngram,3,100,11459,209.19,71,1665,9251,3,16
1784686410.100,real_q8_tensor_220w_ngram,0,100,11459,206.31,66,1740,9251,3,16
1784686410.100,real_q8_tensor_220w_ngram,1,100,11459,209.96,70,1650,9251,3,16
1784686410.100,real_q8_tensor_220w_ngram,2,100,11459,207.79,75,1665,9251,3,16
1784686410.100,real_q8_tensor_220w_ngram,3,100,11459,209.72,71,1665,9251,3,16
1784686410.693,real_q8_tensor_220w_ngram,0,100,11459,205.70,66,1740,9251,3,16
1784686410.693,real_q8_tensor_220w_ngram,1,100,11459,209.79,70,1665,9251,3,16
1784686410.693,real_q8_tensor_220w_ngram,2,100,11459,207.57,75,1560,9251,3,16
1784686410.693,real_q8_tensor_220w_ngram,3,100,11459,210.14,71,1665,9251,3,16
1784686411.270,real_q8_tensor_220w_ngram,0,100,11459,206.03,66,1710,9251,3,16
1784686411.270,real_q8_tensor_220w_ngram,1,100,11459,209.36,69,1530,9251,3,16
1784686411.270,real_q8_tensor_220w_ngram,2,100,11459,207.09,75,1680,9251,3,16
1784686411.270,real_q8_tensor_220w_ngram,3,100,11459,209.07,70,1560,9251,3,16
1784686411.861,real_q8_tensor_220w_ngram,0,100,11459,206.13,66,1620,9251,3,16
1784686411.861,real_q8_tensor_220w_ngram,1,100,11459,208.85,70,1530,9251,3,16
1784686411.861,real_q8_tensor_220w_ngram,2,100,11459,206.05,75,1575,9251,3,16
1784686411.861,real_q8_tensor_220w_ngram,3,100,11459,209.26,71,1545,9251,3,16
1784686412.436,real_q8_tensor_220w_ngram,0,100,11459,206.40,66,1725,9251,3,16
1784686412.436,real_q8_tensor_220w_ngram,1,100,11459,208.88,69,1665,9251,3,16
1784686412.436,real_q8_tensor_220w_ngram,2,100,11459,207.86,75,1545,9251,3,16
1784686412.436,real_q8_tensor_220w_ngram,3,100,11459,208.88,71,1680,9251,3,16
1784686413.033,real_q8_tensor_220w_ngram,0,100,11459,204.95,66,1665,9251,3,16
1784686413.033,real_q8_tensor_220w_ngram,1,100,11459,208.50,70,1605,9251,3,16
1784686413.033,real_q8_tensor_220w_ngram,2,100,11459,207.15,75,1635,9251,3,16
1784686413.033,real_q8_tensor_220w_ngram,3,100,11459,209.10,71,1575,9251,3,16
1784686413.608,real_q8_tensor_220w_ngram,0,100,11459,205.92,66,1725,9251,3,16
1784686413.608,real_q8_tensor_220w_ngram,1,100,11459,209.41,70,1515,9251,3,16
1784686413.608,real_q8_tensor_220w_ngram,2,100,11459,207.04,74,1695,9251,3,16
1784686413.608,real_q8_tensor_220w_ngram,3,100,11459,209.10,70,1545,9251,3,16
1784686414.183,real_q8_tensor_220w_ngram,0,100,11459,206.30,66,1635,9251,3,16
1784686414.183,real_q8_tensor_220w_ngram,1,100,11459,209.77,70,1500,9251,3,16
1784686414.183,real_q8_tensor_220w_ngram,2,100,11459,207.66,75,1590,9251,3,16
1784686414.183,real_q8_tensor_220w_ngram,3,100,11459,209.54,71,1620,9251,3,16
1784686414.758,real_q8_tensor_220w_ngram,0,100,11459,204.44,66,1740,9251,3,16
1784686414.758,real_q8_tensor_220w_ngram,1,100,11459,207.85,70,1635,9251,3,16
1784686414.758,real_q8_tensor_220w_ngram,2,100,11459,206.22,75,1680,9251,3,16
1784686414.758,real_q8_tensor_220w_ngram,3,100,11459,210.09,71,1560,9251,3,16
1784686415.358,real_q8_tensor_220w_ngram,0,100,11459,206.32,66,1650,9251,3,16
1784686415.358,real_q8_tensor_220w_ngram,1,100,11459,209.18,69,1515,9251,3,16
1784686415.358,real_q8_tensor_220w_ngram,2,100,11459,206.32,75,1680,9251,3,16
1784686415.358,real_q8_tensor_220w_ngram,3,100,11459,210.08,71,1545,9251,3,16
1784686415.932,real_q8_tensor_220w_ngram,0,100,11459,207.12,66,1665,9251,3,16
1784686415.932,real_q8_tensor_220w_ngram,1,100,11459,209.48,70,1545,9251,3,16
1784686415.932,real_q8_tensor_220w_ngram,2,100,11459,207.32,75,1620,9251,3,16
1784686415.932,real_q8_tensor_220w_ngram,3,100,11459,209.21,70,1590,9251,3,16
1784686416.509,real_q8_tensor_220w_ngram,0,100,11459,205.68,66,1740,9251,3,16
1784686416.509,real_q8_tensor_220w_ngram,1,100,11459,208.25,70,1515,9251,3,16
1784686416.509,real_q8_tensor_220w_ngram,2,100,11459,206.61,75,1710,9251,3,16
1784686416.509,real_q8_tensor_220w_ngram,3,100,11459,209.18,71,1530,9251,3,16
1784686417.100,real_q8_tensor_220w_ngram,0,100,11459,205.86,66,1710,9251,3,16
1784686417.100,real_q8_tensor_220w_ngram,1,100,11459,208.08,70,1605,9251,3,16
1784686417.100,real_q8_tensor_220w_ngram,2,100,11459,205.83,74,1620,9251,3,16
1784686417.100,real_q8_tensor_220w_ngram,3,100,11459,210.09,71,1650,9251,3,16
1784686417.694,real_q8_tensor_220w_ngram,0,100,11459,206.43,66,1650,9251,3,16
1784686417.694,real_q8_tensor_220w_ngram,1,100,11459,208.57,70,1590,9251,3,16
1784686417.694,real_q8_tensor_220w_ngram,2,100,11459,206.20,75,1650,9251,3,16
1784686417.694,real_q8_tensor_220w_ngram,3,100,11459,209.54,70,1560,9251,3,16
1784686418.268,real_q8_tensor_220w_ngram,0,100,11459,206.31,65,1665,9251,3,16
1784686418.268,real_q8_tensor_220w_ngram,1,100,11459,209.43,70,1560,9251,3,16
1784686418.268,real_q8_tensor_220w_ngram,2,100,11459,206.54,75,1605,9251,3,16
1784686418.268,real_q8_tensor_220w_ngram,3,100,11459,208.41,70,1620,9251,3,16
1784686418.843,real_q8_tensor_220w_ngram,0,100,11459,205.74,66,1695,9251,3,16
1784686418.843,real_q8_tensor_220w_ngram,1,100,11459,209.33,70,1605,9251,3,16
1784686418.843,real_q8_tensor_220w_ngram,2,100,11459,207.65,75,1665,9251,3,16
1784686418.843,real_q8_tensor_220w_ngram,3,100,11459,209.11,71,1560,9251,3,16
1784686419.436,real_q8_tensor_220w_ngram,0,100,11459,205.53,66,1710,9251,3,16
1784686419.436,real_q8_tensor_220w_ngram,1,100,11459,208.54,70,1635,9251,3,16
1784686419.436,real_q8_tensor_220w_ngram,2,100,11459,207.45,75,1590,9251,3,16
1784686419.436,real_q8_tensor_220w_ngram,3,100,11459,209.33,71,1650,9251,3,16
1784686420.030,real_q8_tensor_220w_ngram,0,100,11459,205.32,66,1635,9251,3,16
1784686420.030,real_q8_tensor_220w_ngram,1,100,11459,207.74,70,1545,9251,3,16
1784686420.030,real_q8_tensor_220w_ngram,2,100,11459,206.23,75,1650,9251,3,16
1784686420.030,real_q8_tensor_220w_ngram,3,100,11459,208.89,71,1590,9251,3,16
1784686420.605,real_q8_tensor_220w_ngram,0,100,11459,204.74,66,1695,9251,3,16
1784686420.605,real_q8_tensor_220w_ngram,1,100,11459,207.96,70,1485,9251,3,16
1784686420.605,real_q8_tensor_220w_ngram,2,100,11459,206.26,74,1650,9251,3,16
1784686420.605,real_q8_tensor_220w_ngram,3,100,11459,208.64,71,1560,9251,3,16
1784686421.202,real_q8_tensor_220w_ngram,0,100,11459,204.60,66,1680,9251,3,16
1784686421.202,real_q8_tensor_220w_ngram,1,100,11459,208.19,70,1620,9251,3,16
1784686421.202,real_q8_tensor_220w_ngram,2,100,11459,206.15,74,1590,9251,3,16
1784686421.202,real_q8_tensor_220w_ngram,3,100,11459,208.54,70,1620,9251,3,16
1784686421.775,real_q8_tensor_220w_ngram,0,100,11459,204.64,65,1620,9251,3,16
1784686421.775,real_q8_tensor_220w_ngram,1,100,11459,208.51,70,1500,9251,3,16
1784686421.775,real_q8_tensor_220w_ngram,2,100,11459,205.91,75,1680,9251,3,16
1784686421.775,real_q8_tensor_220w_ngram,3,100,11459,208.28,70,1515,9251,3,16
1784686422.350,real_q8_tensor_220w_ngram,0,100,11459,204.58,65,1590,9251,3,16
1784686422.350,real_q8_tensor_220w_ngram,1,100,11459,207.79,69,1530,9251,3,16
1784686422.350,real_q8_tensor_220w_ngram,2,100,11459,205.92,75,1680,9251,3,16
1784686422.350,real_q8_tensor_220w_ngram,3,100,11459,208.32,70,1530,9251,3,16
1784686422.941,real_q8_tensor_220w_ngram,0,100,11459,204.65,66,1605,9251,3,16
1784686422.941,real_q8_tensor_220w_ngram,1,100,11459,207.65,70,1590,9251,3,16
1784686422.941,real_q8_tensor_220w_ngram,2,100,11459,206.05,74,1560,9251,3,16
1784686422.941,real_q8_tensor_220w_ngram,3,71,11459,208.16,70,1650,9251,3,16
1784686423.563,real_q8_tensor_220w_ngram,0,100,11459,204.80,66,1725,9251,3,16
1784686423.563,real_q8_tensor_220w_ngram,1,100,11459,207.79,70,1620,9251,3,16
1784686423.563,real_q8_tensor_220w_ngram,2,86,11459,205.87,74,1530,9251,3,16
1784686423.563,real_q8_tensor_220w_ngram,3,100,11459,208.44,70,1650,9251,3,16
1784686424.163,real_q8_tensor_220w_ngram,0,100,11459,205.38,66,1740,9251,3,16
1784686424.163,real_q8_tensor_220w_ngram,1,100,11459,207.55,70,1515,9251,3,16
1784686424.163,real_q8_tensor_220w_ngram,2,100,11459,205.79,75,1695,9251,3,16
1784686424.163,real_q8_tensor_220w_ngram,3,100,11459,208.90,71,1530,9251,3,16
1784686424.781,real_q8_tensor_220w_ngram,0,100,11459,205.26,66,1665,9251,3,16
1784686424.781,real_q8_tensor_220w_ngram,1,100,11459,207.65,70,1590,9251,3,16
1784686424.781,real_q8_tensor_220w_ngram,2,100,11459,205.34,75,1635,9251,3,16
1784686424.781,real_q8_tensor_220w_ngram,3,100,11459,208.62,71,1560,9251,3,16
1784686425.362,real_q8_tensor_220w_ngram,0,100,11459,204.33,65,1740,9251,3,16
1784686425.362,real_q8_tensor_220w_ngram,1,100,11459,207.29,70,1635,9251,3,16
1784686425.362,real_q8_tensor_220w_ngram,2,100,11459,205.50,75,1560,9251,3,16
1784686425.362,real_q8_tensor_220w_ngram,3,100,11459,208.66,70,1665,9251,3,16
1784686425.943,real_q8_tensor_220w_ngram,0,100,11459,204.55,65,1635,9251,3,16
1784686425.943,real_q8_tensor_220w_ngram,1,100,11459,207.56,70,1560,9251,3,16
1784686425.943,real_q8_tensor_220w_ngram,2,78,11459,205.34,74,1605,9251,3,16
1784686425.943,real_q8_tensor_220w_ngram,3,100,11459,208.66,70,1620,9251,3,16
1784686426.521,real_q8_tensor_220w_ngram,0,100,11459,205.09,65,1695,9251,3,16
1784686426.521,real_q8_tensor_220w_ngram,1,100,11459,208.48,69,1485,9251,3,16
1784686426.521,real_q8_tensor_220w_ngram,2,100,11459,205.42,74,1665,9251,3,16
1784686426.521,real_q8_tensor_220w_ngram,3,100,11459,207.75,70,1560,9251,3,16
1784686427.098,real_q8_tensor_220w_ngram,0,70,11459,205.01,65,1740,9251,3,16
1784686427.098,real_q8_tensor_220w_ngram,1,100,11459,208.57,69,1515,9251,3,16
1784686427.098,real_q8_tensor_220w_ngram,2,100,11459,205.71,74,1680,9251,3,16
1784686427.098,real_q8_tensor_220w_ngram,3,100,11459,207.90,70,1530,9251,3,16
1784686427.675,real_q8_tensor_220w_ngram,0,70,11459,205.67,65,1710,9251,3,16
1784686427.675,real_q8_tensor_220w_ngram,1,100,11459,206.65,69,1575,9251,3,16
1784686427.675,real_q8_tensor_220w_ngram,2,100,11459,204.72,74,1635,9251,3,16
1784686427.675,real_q8_tensor_220w_ngram,3,100,11459,209.26,70,1650,9251,3,16
1784686428.250,real_q8_tensor_220w_ngram,0,52,11459,204.82,66,1650,9251,3,16
1784686428.250,real_q8_tensor_220w_ngram,1,42,11459,204.63,68,1560,9251,3,16
1784686428.250,real_q8_tensor_220w_ngram,2,100,11459,205.11,73,1620,9251,3,16
1784686428.250,real_q8_tensor_220w_ngram,3,76,11459,208.82,70,1605,9251,3,16
1784686428.827,real_q8_tensor_220w_ngram,0,52,11459,204.51,65,1605,9251,3,16
1784686428.827,real_q8_tensor_220w_ngram,1,42,11459,205.38,68,1485,9251,3,16
1784686428.827,real_q8_tensor_220w_ngram,2,41,11459,203.99,73,1620,9251,3,16
1784686428.827,real_q8_tensor_220w_ngram,3,76,11459,207.96,70,1515,9251,3,16
1784686429.404,real_q8_tensor_220w_ngram,0,42,11459,204.49,65,1710,9251,3,16
1784686429.404,real_q8_tensor_220w_ngram,1,49,11459,205.63,68,1575,9251,3,16
1784686429.404,real_q8_tensor_220w_ngram,2,100,11459,204.43,73,1545,9251,3,16
1784686429.404,real_q8_tensor_220w_ngram,3,54,11459,207.95,70,1620,9251,3,16
1784686430.002,real_q8_tensor_220w_ngram,0,42,11459,201.69,65,1575,9251,3,16
1784686430.002,real_q8_tensor_220w_ngram,1,49,11459,206.36,68,1410,9251,3,16
1784686430.002,real_q8_tensor_220w_ngram,2,64,11459,205.12,73,1875,9251,3,16
1784686430.002,real_q8_tensor_220w_ngram,3,54,11459,207.73,71,1470,9251,3,16
1784686430.604,real_q8_tensor_220w_ngram,0,100,11459,202.04,66,1875,9251,3,16
1784686430.604,real_q8_tensor_220w_ngram,1,74,11459,208.68,68,1890,9251,3,16
1784686430.604,real_q8_tensor_220w_ngram,2,64,11459,207.33,73,1845,9251,3,16
1784686430.604,real_q8_tensor_220w_ngram,3,40,11459,205.58,70,1905,9251,3,16
1784686431.176,real_q8_tensor_220w_ngram,0,100,11459,212.02,65,1785,9251,3,16
1784686431.176,real_q8_tensor_220w_ngram,1,74,11459,209.57,70,1740,9251,3,16
1784686431.176,real_q8_tensor_220w_ngram,2,77,11459,207.81,74,1635,9251,3,16
1784686431.176,real_q8_tensor_220w_ngram,3,40,11459,211.91,71,1740,9251,3,16
1784686431.742,real_q8_tensor_220w_ngram,0,100,11459,210.77,66,1725,9251,3,16
1784686431.742,real_q8_tensor_220w_ngram,1,89,11459,209.91,70,1665,9251,3,16
1784686431.742,real_q8_tensor_220w_ngram,2,77,11459,208.95,75,1590,9251,3,16
1784686431.742,real_q8_tensor_220w_ngram,3,100,11459,213.89,70,1650,9251,3,16
1784686432.335,real_q8_tensor_220w_ngram,0,100,11459,210.15,65,1635,9251,3,16
1784686432.335,real_q8_tensor_220w_ngram,1,89,11459,211.44,70,1500,9251,3,16
1784686432.335,real_q8_tensor_220w_ngram,2,100,11459,210.32,74,1620,9251,3,16
1784686432.335,real_q8_tensor_220w_ngram,3,100,11459,214.26,71,1575,9251,3,16
1784686432.931,real_q8_tensor_220w_ngram,0,100,11459,208.60,66,1680,9251,3,16
1784686432.931,real_q8_tensor_220w_ngram,1,100,11459,210.58,70,1545,9251,3,16
1784686432.931,real_q8_tensor_220w_ngram,2,100,11459,209.34,75,1590,9251,3,16
1784686432.931,real_q8_tensor_220w_ngram,3,100,11459,213.63,70,1605,9251,3,16
1784686433.528,real_q8_tensor_220w_ngram,0,100,11459,207.67,66,1620,9251,3,16
1784686433.528,real_q8_tensor_220w_ngram,1,100,11459,206.93,70,1575,9251,3,16
1784686433.528,real_q8_tensor_220w_ngram,2,100,11459,211.76,74,1620,9251,3,16
1784686433.528,real_q8_tensor_220w_ngram,3,100,11459,212.05,71,1545,9251,3,16
1784686434.122,real_q8_tensor_220w_ngram,0,100,11459,204.42,66,1680,9251,3,16
1784686434.122,real_q8_tensor_220w_ngram,1,100,11459,206.12,70,1575,9251,3,16
1784686434.122,real_q8_tensor_220w_ngram,2,100,11459,211.34,75,1560,9251,3,16
1784686434.122,real_q8_tensor_220w_ngram,3,100,11459,210.07,70,1635,9251,3,16
1784686434.722,real_q8_tensor_220w_ngram,0,100,11459,203.27,66,1590,9251,3,16
1784686434.722,real_q8_tensor_220w_ngram,1,100,11459,206.81,70,1605,9251,3,16
1784686434.722,real_q8_tensor_220w_ngram,2,100,11459,204.40,74,1545,9251,3,16
1784686434.722,real_q8_tensor_220w_ngram,3,100,11459,207.59,71,1665,9251,3,16
1784686435.295,real_q8_tensor_220w_ngram,0,100,11459,203.31,65,1635,9251,3,16
1784686435.295,real_q8_tensor_220w_ngram,1,100,11459,206.79,69,1515,9251,3,16
1784686435.295,real_q8_tensor_220w_ngram,2,100,11459,204.61,74,1530,9251,3,16
1784686435.295,real_q8_tensor_220w_ngram,3,100,11459,207.35,70,1590,9251,3,16
1784686435.869,real_q8_tensor_220w_ngram,0,100,11459,203.50,66,1680,9251,3,16
1784686435.869,real_q8_tensor_220w_ngram,1,100,11459,207.00,70,1590,9251,3,16
1784686435.869,real_q8_tensor_220w_ngram,2,100,11459,204.65,74,1605,9251,3,16
1784686435.869,real_q8_tensor_220w_ngram,3,100,11459,207.39,70,1575,9251,3,16
1784686436.462,real_q8_tensor_220w_ngram,0,100,11459,203.87,65,1590,9251,3,16
1784686436.462,real_q8_tensor_220w_ngram,1,100,11459,207.49,70,1470,9251,3,16
1784686436.462,real_q8_tensor_220w_ngram,2,100,11459,204.68,74,1545,9251,3,16
1784686436.462,real_q8_tensor_220w_ngram,3,100,11459,206.94,70,1635,9251,3,16
1784686437.052,real_q8_tensor_220w_ngram,0,100,11459,202.93,65,1605,9251,3,16
1784686437.052,real_q8_tensor_220w_ngram,1,100,11459,207.27,70,1455,9251,3,16
1784686437.052,real_q8_tensor_220w_ngram,2,100,11459,204.88,74,1515,9251,3,16
1784686437.052,real_q8_tensor_220w_ngram,3,100,11459,207.10,70,1560,9251,3,16
1784686437.626,real_q8_tensor_220w_ngram,0,100,11459,203.75,65,1635,9251,3,16
1784686437.626,real_q8_tensor_220w_ngram,1,100,11459,206.66,69,1590,9251,3,16
1784686437.626,real_q8_tensor_220w_ngram,2,100,11459,204.00,74,1635,9251,3,16
1784686437.626,real_q8_tensor_220w_ngram,3,100,11459,207.30,70,1545,9251,3,16
1784686438.226,real_q8_tensor_220w_ngram,0,100,11459,203.55,65,1590,9251,3,16
1784686438.226,real_q8_tensor_220w_ngram,1,100,11459,206.31,70,1620,9251,3,16
1784686438.226,real_q8_tensor_220w_ngram,2,100,11459,204.33,74,1680,9251,3,16
1784686438.226,real_q8_tensor_220w_ngram,3,100,11459,206.35,70,1485,9251,3,16
1784686438.800,real_q8_tensor_220w_ngram,0,100,11459,203.26,65,1590,9251,3,16
1784686438.800,real_q8_tensor_220w_ngram,1,100,11459,205.55,70,1560,9251,3,16
1784686438.800,real_q8_tensor_220w_ngram,2,100,11459,204.08,74,1545,9251,3,16
1784686438.800,real_q8_tensor_220w_ngram,3,100,11459,207.47,70,1620,9251,3,16
1784686439.376,real_q8_tensor_220w_ngram,0,100,11459,204.74,65,1650,9251,3,16
1784686439.376,real_q8_tensor_220w_ngram,1,100,11459,207.02,68,1620,9251,3,16
1784686439.376,real_q8_tensor_220w_ngram,2,94,11459,204.74,74,1560,9251,3,16
1784686439.376,real_q8_tensor_220w_ngram,3,100,11459,208.55,70,1650,9251,3,16
1784686439.952,real_q8_tensor_220w_ngram,0,40,11459,201.97,65,1680,9251,3,16
1784686439.952,real_q8_tensor_220w_ngram,1,69,11459,207.68,68,1575,9251,3,16
1784686439.952,real_q8_tensor_220w_ngram,2,84,11459,205.62,73,1635,9251,3,16
1784686439.952,real_q8_tensor_220w_ngram,3,38,11459,205.72,70,1515,9251,3,16
1784686440.531,real_q8_tensor_220w_ngram,0,40,11459,202.72,64,1875,9251,3,16
1784686440.531,real_q8_tensor_220w_ngram,1,69,11459,206.71,69,1680,9251,3,16
1784686440.531,real_q8_tensor_220w_ngram,2,55,11459,204.37,73,1710,9251,3,16
1784686440.531,real_q8_tensor_220w_ngram,3,38,11459,205.51,69,1845,9251,3,16
1784686441.130,real_q8_tensor_220w_ngram,0,84,11459,206.37,64,1890,9251,3,16
1784686441.130,real_q8_tensor_220w_ngram,1,100,11459,210.43,70,1860,9251,3,16
1784686441.130,real_q8_tensor_220w_ngram,2,55,11459,208.51,74,1815,9251,3,16
1784686441.130,real_q8_tensor_220w_ngram,3,59,11459,208.37,69,1860,9251,3,16
1784686441.698,real_q8_tensor_220w_ngram,0,84,11459,209.54,65,1755,9251,3,16
1784686441.698,real_q8_tensor_220w_ngram,1,100,11459,211.04,70,1680,9251,3,16
1784686441.698,real_q8_tensor_220w_ngram,2,100,11459,209.80,74,1710,9251,3,16
1784686441.698,real_q8_tensor_220w_ngram,3,59,11459,211.64,70,1710,9251,3,16
1784686442.305,real_q8_tensor_220w_ngram,0,99,11459,209.54,65,1890,9251,3,16
1784686442.305,real_q8_tensor_220w_ngram,1,85,11459,206.31,68,1455,9251,3,16
1784686442.305,real_q8_tensor_220w_ngram,2,100,11459,204.04,74,1500,9251,3,16
1784686442.305,real_q8_tensor_220w_ngram,3,100,11459,207.19,70,1635,9251,3,16
1784686442.915,real_q8_tensor_220w_ngram,0,100,11459,209.73,65,1635,9251,3,16
1784686442.915,real_q8_tensor_220w_ngram,1,100,11459,211.68,70,1500,9251,3,16
1784686442.915,real_q8_tensor_220w_ngram,2,100,11459,210.12,74,1530,9251,3,16
1784686442.915,real_q8_tensor_220w_ngram,3,100,11459,210.40,70,1590,9251,3,16
1784686443.507,real_q8_tensor_220w_ngram,0,100,11459,209.65,65,1650,9251,3,16
1784686443.507,real_q8_tensor_220w_ngram,1,100,11459,208.53,70,1545,9251,3,16
1784686443.507,real_q8_tensor_220w_ngram,2,100,11459,206.67,74,1560,9251,3,16
1784686443.507,real_q8_tensor_220w_ngram,3,100,11459,213.38,70,1590,9251,3,16
1784686444.103,real_q8_tensor_220w_ngram,0,100,11459,206.18,65,1635,9251,3,16
1784686444.103,real_q8_tensor_220w_ngram,1,100,11459,205.31,70,1515,9251,3,16
1784686444.103,real_q8_tensor_220w_ngram,2,100,11459,203.34,74,1620,9251,3,16
1784686444.103,real_q8_tensor_220w_ngram,3,100,11459,210.66,70,1590,9251,3,16
1784686444.702,real_q8_tensor_220w_ngram,0,100,11459,202.26,65,1635,9251,3,16
1784686444.702,real_q8_tensor_220w_ngram,1,100,11459,205.74,70,1485,9251,3,16
1784686444.702,real_q8_tensor_220w_ngram,2,100,11459,204.24,74,1620,9251,3,16
1784686444.702,real_q8_tensor_220w_ngram,3,100,11459,207.01,70,1590,9251,3,16
1784686445.293,real_q8_tensor_220w_ngram,0,100,11459,203.30,65,1605,9251,3,16
1784686445.293,real_q8_tensor_220w_ngram,1,100,11459,205.92,70,1485,9251,3,16
1784686445.293,real_q8_tensor_220w_ngram,2,100,11459,204.33,74,1485,9251,3,16
1784686445.293,real_q8_tensor_220w_ngram,3,100,11459,206.78,70,1575,9251,3,16
1784686445.904,real_q8_tensor_220w_ngram,0,100,11459,203.53,65,1575,9251,3,16
1784686445.904,real_q8_tensor_220w_ngram,1,100,11459,206.10,70,1440,9251,3,16
1784686445.904,real_q8_tensor_220w_ngram,2,100,11459,204.51,74,1650,9251,3,16
1784686445.904,real_q8_tensor_220w_ngram,3,100,11459,206.85,70,1485,9251,3,16
1784686446.535,real_q8_tensor_220w_ngram,0,100,11459,202.70,65,1680,9251,3,16
1784686446.535,real_q8_tensor_220w_ngram,1,100,11459,205.13,70,1590,9251,3,16
1784686446.535,real_q8_tensor_220w_ngram,2,100,11459,203.07,74,1605,9251,3,16
1784686446.535,real_q8_tensor_220w_ngram,3,100,11459,206.87,70,1590,9251,3,16
1784686447.110,real_q8_tensor_220w_ngram,0,100,11459,202.23,65,1680,9251,3,16
1784686447.110,real_q8_tensor_220w_ngram,1,100,11459,205.35,70,1575,9251,3,16
1784686447.110,real_q8_tensor_220w_ngram,2,100,11459,202.58,74,1605,9251,3,16
1784686447.110,real_q8_tensor_220w_ngram,3,100,11459,207.45,70,1620,9251,3,16
1784686447.703,real_q8_tensor_220w_ngram,0,100,11459,202.65,65,1710,9251,3,16
1784686447.703,real_q8_tensor_220w_ngram,1,100,11459,205.82,70,1590,9251,3,16
1784686447.703,real_q8_tensor_220w_ngram,2,100,11459,203.89,74,1515,9251,3,16
1784686447.703,real_q8_tensor_220w_ngram,3,100,11459,206.52,70,1620,9251,3,16
1784686448.298,real_q8_tensor_220w_ngram,0,100,11459,203.24,65,1560,9251,3,16
1784686448.298,real_q8_tensor_220w_ngram,1,100,11459,205.83,70,1425,9251,3,16
1784686448.298,real_q8_tensor_220w_ngram,2,100,11459,204.41,74,1665,9251,3,16
1784686448.298,real_q8_tensor_220w_ngram,3,100,11459,206.45,70,1500,9251,3,16
1784686448.887,real_q8_tensor_220w_ngram,0,100,11459,202.37,65,1650,9251,3,16
1784686448.887,real_q8_tensor_220w_ngram,1,94,11459,206.14,70,1530,9251,3,16
1784686448.887,real_q8_tensor_220w_ngram,2,68,11459,204.10,74,1635,9251,3,16
1784686448.887,real_q8_tensor_220w_ngram,3,100,11459,206.39,70,1590,9251,3,16
1784686449.478,real_q8_tensor_220w_ngram,0,100,11459,200.87,64,1680,9251,3,16
1784686449.478,real_q8_tensor_220w_ngram,1,94,11459,207.24,70,1470,9251,3,16
1784686449.478,real_q8_tensor_220w_ngram,2,66,11459,204.87,74,1620,9251,3,16
1784686449.478,real_q8_tensor_220w_ngram,3,100,11459,203.91,70,1515,9251,3,16
1784686450.053,real_q8_tensor_220w_ngram,0,88,11459,205.63,64,1905,9251,3,16
1784686450.053,real_q8_tensor_220w_ngram,1,100,11459,203.80,70,1875,9251,3,16
1784686450.053,real_q8_tensor_220w_ngram,2,66,11459,202.29,74,1875,9251,3,16
1784686450.053,real_q8_tensor_220w_ngram,3,62,11459,207.59,69,1890,9251,3,16
1784686450.622,real_q8_tensor_220w_ngram,0,88,11459,207.90,65,1800,9251,3,16
1784686450.622,real_q8_tensor_220w_ngram,1,100,11459,208.83,70,1770,9251,3,16
1784686450.622,real_q8_tensor_220w_ngram,2,100,11459,204.31,74,1680,9251,3,16
1784686450.622,real_q8_tensor_220w_ngram,3,62,11459,211.39,70,1755,9251,3,16
1784686451.212,real_q8_tensor_220w_ngram,0,100,11459,207.71,65,1680,9251,3,16
1784686451.212,real_q8_tensor_220w_ngram,1,100,11459,211.69,70,1605,9251,3,16
1784686451.212,real_q8_tensor_220w_ngram,2,100,11459,210.26,75,1650,9251,3,16
1784686451.212,real_q8_tensor_220w_ngram,3,100,11459,210.26,70,1530,9251,3,16
1784686451.786,real_q8_tensor_220w_ngram,0,100,11459,203.12,65,1695,9251,3,16
1784686451.786,real_q8_tensor_220w_ngram,1,100,11459,209.41,70,1605,9251,3,16
1784686451.786,real_q8_tensor_220w_ngram,2,100,11459,207.82,74,1650,9251,3,16
1784686451.786,real_q8_tensor_220w_ngram,3,100,11459,213.81,70,1650,9251,3,16
1784686452.363,real_q8_tensor_220w_ngram,0,100,11459,203.69,65,1650,9251,3,16
1784686452.363,real_q8_tensor_220w_ngram,1,100,11459,204.68,70,1560,9251,3,16
1784686452.363,real_q8_tensor_220w_ngram,2,100,11459,202.69,74,1605,9251,3,16
1784686452.363,real_q8_tensor_220w_ngram,3,100,11459,208.08,70,1590,9251,3,16
1784686452.938,real_q8_tensor_220w_ngram,0,100,11459,202.60,65,1710,9251,3,16
1784686452.938,real_q8_tensor_220w_ngram,1,100,11459,205.55,70,1590,9251,3,16
1784686452.938,real_q8_tensor_220w_ngram,2,100,11459,203.32,74,1485,9251,3,16
1784686452.938,real_q8_tensor_220w_ngram,3,93,11459,207.71,70,1650,9251,3,16
1784686453.540,real_q8_tensor_220w_ngram,0,100,11459,201.37,65,1695,9251,3,16
1784686453.540,real_q8_tensor_220w_ngram,1,100,11459,205.73,70,1560,9251,3,16
1784686453.540,real_q8_tensor_220w_ngram,2,100,11459,203.99,74,1545,9251,3,16
1784686453.540,real_q8_tensor_220w_ngram,3,100,11459,207.14,70,1620,9251,3,16
1784686454.115,real_q8_tensor_220w_ngram,0,100,11459,202.23,65,1650,9251,3,16
1784686454.115,real_q8_tensor_220w_ngram,1,100,11459,205.88,70,1485,9251,3,16
1784686454.115,real_q8_tensor_220w_ngram,2,100,11459,203.07,74,1635,9251,3,16
1784686454.115,real_q8_tensor_220w_ngram,3,100,11459,205.27,70,1575,9251,3,16
1784686454.692,real_q8_tensor_220w_ngram,0,100,11459,202.80,65,1545,9251,3,16
1784686454.692,real_q8_tensor_220w_ngram,1,100,11459,205.88,70,1575,9251,3,16
1784686454.692,real_q8_tensor_220w_ngram,2,100,11459,202.78,74,1485,9251,3,16
1784686454.692,real_q8_tensor_220w_ngram,3,100,11459,207.07,70,1635,9251,3,16
1784686455.292,real_q8_tensor_220w_ngram,0,100,11459,200.91,64,1545,9251,3,16
1784686455.292,real_q8_tensor_220w_ngram,1,91,11459,204.73,70,1590,9251,3,16
1784686455.292,real_q8_tensor_220w_ngram,2,63,11459,203.27,74,1485,9251,3,16
1784686455.292,real_q8_tensor_220w_ngram,3,68,11459,206.72,69,1635,9251,3,16
1784686455.873,real_q8_tensor_220w_ngram,0,97,11459,205.74,64,1905,9251,3,16
1784686455.873,real_q8_tensor_220w_ngram,1,34,11459,202.59,70,1890,9251,3,16
1784686455.873,real_q8_tensor_220w_ngram,2,63,11459,202.34,72,1875,9251,3,16
1784686455.873,real_q8_tensor_220w_ngram,3,69,11459,207.96,69,1905,9251,3,16
1784686456.441,real_q8_tensor_220w_ngram,0,100,11459,208.75,65,1875,9251,3,16
1784686456.441,real_q8_tensor_220w_ngram,1,100,11459,206.81,69,1845,9251,3,16
1784686456.441,real_q8_tensor_220w_ngram,2,72,11459,206.34,73,1815,9251,3,16
1784686456.441,real_q8_tensor_220w_ngram,3,100,11459,210.88,70,1860,9251,3,16
1784686457.047,real_q8_tensor_220w_ngram,0,100,11459,207.43,65,1560,9251,3,16
1784686457.047,real_q8_tensor_220w_ngram,1,100,11459,209.35,70,1410,9251,3,16
1784686457.047,real_q8_tensor_220w_ngram,2,72,11459,208.38,74,1455,9251,3,16
1784686457.047,real_q8_tensor_220w_ngram,3,100,11459,210.50,70,1530,9251,3,16
1784686457.621,real_q8_tensor_220w_ngram,0,100,11459,208.69,66,1695,9251,3,16
1784686457.621,real_q8_tensor_220w_ngram,1,100,11459,207.84,70,1590,9251,3,16
1784686457.621,real_q8_tensor_220w_ngram,2,100,11459,208.57,74,1440,9251,3,16
1784686457.621,real_q8_tensor_220w_ngram,3,100,11459,213.02,70,1635,9251,3,16
1784686458.215,real_q8_tensor_220w_ngram,0,100,11459,204.08,65,1695,9251,3,16
1784686458.215,real_q8_tensor_220w_ngram,1,100,11459,205.35,70,1575,9251,3,16
1784686458.215,real_q8_tensor_220w_ngram,2,100,11459,203.79,74,1455,9251,3,16
1784686458.215,real_q8_tensor_220w_ngram,3,100,11459,209.50,70,1620,9251,3,16
1784686458.790,real_q8_tensor_220w_ngram,0,100,11459,201.35,65,1530,9251,3,16
1784686458.790,real_q8_tensor_220w_ngram,1,100,11459,204.55,70,1395,9251,3,16
1784686458.790,real_q8_tensor_220w_ngram,2,100,11459,203.19,74,1455,9251,3,16
1784686458.790,real_q8_tensor_220w_ngram,3,100,11459,207.59,70,1485,9251,3,16
1784686459.363,real_q8_tensor_220w_ngram,0,100,11459,201.20,65,1575,9251,3,16
1784686459.363,real_q8_tensor_220w_ngram,1,100,11459,206.30,70,1425,9251,3,16
1784686459.363,real_q8_tensor_220w_ngram,2,100,11459,203.84,74,1470,9251,3,16
1784686459.363,real_q8_tensor_220w_ngram,3,100,11459,206.32,70,1545,9251,3,16
1784686459.937,real_q8_tensor_220w_ngram,0,68,11459,202.25,65,1635,9251,3,16
1784686459.937,real_q8_tensor_220w_ngram,1,71,11459,205.01,70,1470,9251,3,16
1784686459.937,real_q8_tensor_220w_ngram,2,89,11459,202.80,74,1635,9251,3,16
1784686459.937,real_q8_tensor_220w_ngram,3,67,11459,206.11,70,1575,9251,3,16
1784686460.513,real_q8_tensor_220w_ngram,0,76,11459,201.99,65,1680,9251,3,16
1784686460.513,real_q8_tensor_220w_ngram,1,52,11459,205.22,70,1605,9251,3,16
1784686460.513,real_q8_tensor_220w_ngram,2,89,11459,203.51,74,1560,9251,3,16
1784686460.513,real_q8_tensor_220w_ngram,3,86,11459,206.16,70,1605,9251,3,16
1784686461.109,real_q8_tensor_220w_ngram,0,76,11459,200.41,64,1500,9251,3,16
1784686461.109,real_q8_tensor_220w_ngram,1,52,11459,203.97,68,1410,9251,3,16
1784686461.109,real_q8_tensor_220w_ngram,2,54,11459,203.06,72,1530,9251,3,16
1784686461.109,real_q8_tensor_220w_ngram,3,86,11459,206.57,70,1515,9251,3,16
1784686461.709,real_q8_tensor_220w_ngram,0,70,11459,202.62,64,1890,9251,3,16
1784686461.709,real_q8_tensor_220w_ngram,1,93,11459,207.95,69,1875,9251,3,16
1784686461.709,real_q8_tensor_220w_ngram,2,54,11459,207.31,73,1845,9251,3,16
1784686461.709,real_q8_tensor_220w_ngram,3,48,11459,204.76,68,1890,9251,3,16
1784686462.295,real_q8_tensor_220w_ngram,0,70,11459,206.89,65,1650,9251,3,16
1784686462.295,real_q8_tensor_220w_ngram,1,93,11459,208.91,70,1545,9251,3,16
1784686462.295,real_q8_tensor_220w_ngram,2,100,11459,207.68,74,1575,9251,3,16
1784686462.295,real_q8_tensor_220w_ngram,3,48,11459,210.19,70,1590,9251,3,16
1784686462.865,real_q8_tensor_220w_ngram,0,100,11459,205.08,65,1530,9251,3,16
1784686462.865,real_q8_tensor_220w_ngram,1,100,11459,210.59,70,1410,9251,3,16
1784686462.865,real_q8_tensor_220w_ngram,2,100,11459,210.42,74,1470,9251,3,16
1784686462.865,real_q8_tensor_220w_ngram,3,100,11459,209.84,70,1410,9251,3,16
1784686463.440,real_q8_tensor_220w_ngram,0,100,11459,201.43,65,1695,9251,3,16
1784686463.440,real_q8_tensor_220w_ngram,1,100,11459,208.18,70,1590,9251,3,16
1784686463.440,real_q8_tensor_220w_ngram,2,100,11459,207.49,74,1650,9251,3,16
1784686463.440,real_q8_tensor_220w_ngram,3,100,11459,205.68,70,1605,9251,3,16
1784686464.042,real_q8_tensor_220w_ngram,0,100,11459,201.30,65,1560,9251,3,16
1784686464.042,real_q8_tensor_220w_ngram,1,100,11459,204.42,70,1500,9251,3,16
1784686464.042,real_q8_tensor_220w_ngram,2,100,11459,203.04,74,1575,9251,3,16
1784686464.042,real_q8_tensor_220w_ngram,3,100,11459,206.04,70,1470,9251,3,16
1784686464.617,real_q8_tensor_220w_ngram,0,100,11459,200.81,65,1530,9251,3,16
1784686464.617,real_q8_tensor_220w_ngram,1,100,11459,204.88,69,1605,9251,3,16
1784686464.617,real_q8_tensor_220w_ngram,2,100,11459,203.25,74,1635,9251,3,16
1784686464.617,real_q8_tensor_220w_ngram,3,100,11459,205.09,70,1455,9251,3,16
1784686465.191,real_q8_tensor_220w_ngram,0,66,11459,200.72,65,1575,9251,3,16
1784686465.191,real_q8_tensor_220w_ngram,1,100,11459,204.03,69,1470,9251,3,16
1784686465.191,real_q8_tensor_220w_ngram,2,100,11459,202.96,74,1560,9251,3,16
1784686465.191,real_q8_tensor_220w_ngram,3,100,11459,205.58,70,1620,9251,3,16
1784686465.763,real_q8_tensor_220w_ngram,0,66,11459,201.90,65,1515,9251,3,16
1784686465.763,real_q8_tensor_220w_ngram,1,66,11459,204.35,70,1410,9251,3,16
1784686465.763,real_q8_tensor_220w_ngram,2,69,11459,202.94,74,1440,9251,3,16
1784686465.763,real_q8_tensor_220w_ngram,3,66,11459,205.91,70,1425,9251,3,16
1784686466.382,real_q8_tensor_220w_ngram,0,89,11459,205.00,64,1830,9251,3,16
1784686466.382,real_q8_tensor_220w_ngram,1,34,11459,201.88,68,1635,9251,3,16
1784686466.382,real_q8_tensor_220w_ngram,2,69,11459,200.22,72,1665,9251,3,16
1784686466.382,real_q8_tensor_220w_ngram,3,63,11459,205.59,69,1800,9251,3,16
1784686466.960,real_q8_tensor_220w_ngram,0,100,11459,206.39,65,1830,9251,3,16
1784686466.960,real_q8_tensor_220w_ngram,1,81,11459,207.27,69,1815,9251,3,16
1784686466.960,real_q8_tensor_220w_ngram,2,32,11459,206.56,73,1755,9251,3,16
1784686466.960,real_q8_tensor_220w_ngram,3,63,11459,209.72,70,1815,9251,3,16
1784686467.541,real_q8_tensor_220w_ngram,0,100,11459,207.05,65,1545,9251,3,16
1784686467.541,real_q8_tensor_220w_ngram,1,81,11459,208.39,69,1395,9251,3,16
1784686467.541,real_q8_tensor_220w_ngram,2,100,11459,207.57,74,1425,9251,3,16
1784686467.541,real_q8_tensor_220w_ngram,3,100,11459,209.99,70,1500,9251,3,16
1784686468.134,real_q8_tensor_220w_ngram,0,100,11459,207.57,65,1695,9251,3,16
1784686468.134,real_q8_tensor_220w_ngram,1,100,11459,206.08,70,1575,9251,3,16
1784686468.134,real_q8_tensor_220w_ngram,2,100,11459,204.18,74,1500,9251,3,16
1784686468.134,real_q8_tensor_220w_ngram,3,100,11459,212.64,70,1620,9251,3,16
1784686468.708,real_q8_tensor_220w_ngram,0,100,11459,200.24,65,1605,9251,3,16
1784686468.708,real_q8_tensor_220w_ngram,1,100,11459,203.56,70,1530,9251,3,16
1784686468.708,real_q8_tensor_220w_ngram,2,100,11459,201.79,74,1620,9251,3,16
1784686468.708,real_q8_tensor_220w_ngram,3,100,11459,206.57,70,1590,9251,3,16
1784686469.301,real_q8_tensor_220w_ngram,0,100,11459,201.26,65,1530,9251,3,16
1784686469.301,real_q8_tensor_220w_ngram,1,100,11459,203.14,70,1365,9251,3,16
1784686469.301,real_q8_tensor_220w_ngram,2,100,11459,201.48,74,1440,9251,3,16
1784686469.301,real_q8_tensor_220w_ngram,3,100,11459,205.93,70,1470,9251,3,16
1784686469.914,real_q8_tensor_220w_ngram,0,100,11459,202.15,65,1530,9251,3,16
1784686469.914,real_q8_tensor_220w_ngram,1,66,11459,203.43,70,1425,9251,3,16
1784686469.914,real_q8_tensor_220w_ngram,2,100,11459,201.53,74,1485,9251,3,16
1784686469.914,real_q8_tensor_220w_ngram,3,100,11459,205.98,70,1440,9251,3,16
1784686470.515,real_q8_tensor_220w_ngram,0,100,11459,202.04,65,1665,9251,3,16
1784686470.515,real_q8_tensor_220w_ngram,1,100,11459,205.00,69,1545,9251,3,16
1784686470.515,real_q8_tensor_220w_ngram,2,100,11459,203.43,74,1560,9251,3,16
1784686470.515,real_q8_tensor_220w_ngram,3,100,11459,205.58,70,1605,9251,3,16
1784686471.090,real_q8_tensor_220w_ngram,0,79,11459,202.24,63,1635,9251,3,16
1784686471.090,real_q8_tensor_220w_ngram,1,100,11459,205.03,69,1545,9251,3,16
1784686471.090,real_q8_tensor_220w_ngram,2,56,11459,203.01,74,1545,9251,3,16
1784686471.090,real_q8_tensor_220w_ngram,3,90,11459,205.26,68,1560,9251,3,16
1784686471.668,real_q8_tensor_220w_ngram,0,79,11459,207.97,65,1875,9251,3,16
1784686471.668,real_q8_tensor_220w_ngram,1,59,11459,203.36,69,1845,9251,3,16
1784686471.668,real_q8_tensor_220w_ngram,2,56,11459,202.37,74,1785,9251,3,16
1784686471.668,real_q8_tensor_220w_ngram,3,90,11459,210.19,70,1860,9251,3,16
1784686472.230,real_q8_tensor_220w_ngram,0,100,11459,207.90,65,1530,9251,3,16
1784686472.230,real_q8_tensor_220w_ngram,1,59,11459,207.44,69,1425,9251,3,16
1784686472.230,real_q8_tensor_220w_ngram,2,100,11459,206.99,74,1515,9251,3,16
1784686472.230,real_q8_tensor_220w_ngram,3,100,11459,209.78,70,1440,9251,3,16
1784686472.816,real_q8_tensor_220w_ngram,0,100,11459,209.69,65,1560,9251,3,16
1784686472.816,real_q8_tensor_220w_ngram,1,100,11459,209.49,69,1500,9251,3,16
1784686472.816,real_q8_tensor_220w_ngram,2,100,11459,206.60,74,1605,9251,3,16
1784686472.816,real_q8_tensor_220w_ngram,3,100,11459,211.50,70,1455,9251,3,16
1784686473.408,real_q8_tensor_220w_ngram,0,100,11459,202.92,65,1545,9251,3,16
1784686473.408,real_q8_tensor_220w_ngram,1,100,11459,204.94,69,1440,9251,3,16
1784686473.408,real_q8_tensor_220w_ngram,2,100,11459,203.09,74,1530,9251,3,16
1784686473.408,real_q8_tensor_220w_ngram,3,100,11459,208.83,70,1620,9251,3,16
1784686473.984,real_q8_tensor_220w_ngram,0,100,11459,201.21,65,1695,9251,3,16
1784686473.984,real_q8_tensor_220w_ngram,1,100,11459,204.83,69,1575,9251,3,16
1784686473.984,real_q8_tensor_220w_ngram,2,100,11459,204.10,74,1605,9251,3,16
1784686473.984,real_q8_tensor_220w_ngram,3,100,11459,205.44,70,1605,9251,3,16
1784686474.558,real_q8_tensor_220w_ngram,0,100,11459,200.62,65,1530,9251,3,16
1784686474.558,real_q8_tensor_220w_ngram,1,100,11459,204.98,69,1410,9251,3,16
1784686474.558,real_q8_tensor_220w_ngram,2,100,11459,203.66,74,1635,9251,3,16
1784686474.558,real_q8_tensor_220w_ngram,3,100,11459,205.56,70,1425,9251,3,16
1784686475.131,real_q8_tensor_220w_ngram,0,100,11459,200.61,65,1695,9251,3,16
1784686475.131,real_q8_tensor_220w_ngram,1,30,11459,201.62,68,1590,9251,3,16
1784686475.131,real_q8_tensor_220w_ngram,2,100,11459,202.88,73,1470,9251,3,16
1784686475.131,real_q8_tensor_220w_ngram,3,100,11459,205.42,70,1620,9251,3,16
1784686475.710,real_q8_tensor_220w_ngram,0,55,11459,200.68,63,1905,9251,3,16
1784686475.710,real_q8_tensor_220w_ngram,1,100,11459,206.71,68,1830,9251,3,16
1784686475.710,real_q8_tensor_220w_ngram,2,79,11459,203.29,73,1875,9251,3,16
1784686475.710,real_q8_tensor_220w_ngram,3,44,11459,203.80,68,1890,9251,3,16
1784686476.310,real_q8_tensor_220w_ngram,0,55,11459,202.39,64,1410,9251,3,16
1784686476.310,real_q8_tensor_220w_ngram,1,100,11459,202.67,68,1005,9251,3,16
1784686476.310,real_q8_tensor_220w_ngram,2,79,11459,201.55,72,1410,9251,3,16
1784686476.310,real_q8_tensor_220w_ngram,3,44,11459,205.42,69,1350,9251,3,16
1784686476.892,real_q8_tensor_220w_ngram,0,100,11459,191.43,65,1695,9251,3,16
1784686476.892,real_q8_tensor_220w_ngram,1,100,11459,192.42,69,1575,9251,3,16
1784686476.892,real_q8_tensor_220w_ngram,2,100,11459,190.35,73,1455,9251,3,16
1784686476.892,real_q8_tensor_220w_ngram,3,100,11459,196.89,69,1620,9251,3,16
1784686477.467,real_q8_tensor_220w_ngram,0,39,11459,177.55,63,1800,9251,3,16
1784686477.467,real_q8_tensor_220w_ngram,1,43,11459,185.86,68,1755,9251,3,16
1784686477.467,real_q8_tensor_220w_ngram,2,100,11459,181.62,72,1890,9251,3,16
1784686477.467,real_q8_tensor_220w_ngram,3,100,11459,192.19,68,1845,9251,3,16
1784686478.069,real_q8_tensor_220w_ngram,0,33,11459,153.38,62,1800,9251,3,16
1784686478.069,real_q8_tensor_220w_ngram,1,43,11459,180.12,68,1860,9251,3,16
1784686478.069,real_q8_tensor_220w_ngram,2,42,11459,172.49,72,1830,9251,3,16
1784686478.069,real_q8_tensor_220w_ngram,3,47,11459,178.30,68,1875,9251,3,16
1784686478.658,real_q8_tensor_220w_ngram,0,33,11459,147.82,64,1770,9251,3,16
1784686478.658,real_q8_tensor_220w_ngram,1,91,11459,178.48,68,1665,9251,3,16
1784686478.658,real_q8_tensor_220w_ngram,2,42,11459,169.24,73,1710,9251,3,16
1784686478.658,real_q8_tensor_220w_ngram,3,47,11459,182.91,69,1695,9251,3,16
1784686479.253,real_q8_tensor_220w_ngram,0,49,11459,160.94,63,1920,9251,3,16
1784686479.253,real_q8_tensor_220w_ngram,1,91,11459,182.75,67,1860,9251,3,16
1784686479.253,real_q8_tensor_220w_ngram,2,47,11459,176.45,71,1890,9251,3,16
1784686479.253,real_q8_tensor_220w_ngram,3,10,11459,182.91,68,1920,9251,3,16
1784686479.864,real_q8_tensor_220w_ngram,0,49,11459,158.07,63,1920,9251,3,16
1784686479.864,real_q8_tensor_220w_ngram,1,25,11459,167.73,67,1860,9251,3,16
1784686479.864,real_q8_tensor_220w_ngram,2,47,11459,164.24,71,1890,9251,3,16
1784686479.864,real_q8_tensor_220w_ngram,3,10,11459,174.51,67,1920,9251,3,16
1784686480.438,real_q8_tensor_220w_ngram,0,23,11459,157.96,63,1905,9251,3,16
1784686480.438,real_q8_tensor_220w_ngram,1,28,11459,167.85,66,1860,9251,3,16
1784686480.438,real_q8_tensor_220w_ngram,2,48,11459,165.48,71,1830,9251,3,16
1784686480.438,real_q8_tensor_220w_ngram,3,29,11459,176.31,68,1875,9251,3,16
1784686481.027,real_q8_tensor_220w_ngram,0,23,11459,152.87,62,1830,9251,3,16
1784686481.027,real_q8_tensor_220w_ngram,1,25,11459,169.30,66,1905,9251,3,16
1784686481.027,real_q8_tensor_220w_ngram,2,48,11459,164.19,71,1890,9251,3,16
1784686481.027,real_q8_tensor_220w_ngram,3,29,11459,175.28,67,1710,9251,3,16
1784686481.645,real_q8_tensor_220w_ngram,0,26,11459,148.74,62,1905,9251,3,16
1784686481.645,real_q8_tensor_220w_ngram,1,25,11459,177.52,67,1860,9251,3,16
1784686481.645,real_q8_tensor_220w_ngram,2,31,11459,169.23,71,1845,9251,3,16
1784686481.645,real_q8_tensor_220w_ngram,3,20,11459,163.06,66,1710,9251,3,16
1784686482.214,real_q8_tensor_220w_ngram,0,26,11459,160.67,62,1905,9251,3,16
1784686482.214,real_q8_tensor_220w_ngram,1,36,11459,181.22,68,1875,9251,3,16
1784686482.214,real_q8_tensor_220w_ngram,2,31,11459,173.15,72,1845,9251,3,16
1784686482.214,real_q8_tensor_220w_ngram,3,20,11459,151.23,66,1710,9251,3,16
1784686482.779,real_q8_tensor_220w_ngram,0,52,11459,162.11,62,1845,9251,3,16
1784686482.779,real_q8_tensor_220w_ngram,1,36,11459,175.41,67,1680,9251,3,16
1784686482.779,real_q8_tensor_220w_ngram,2,49,11459,167.41,71,1710,9251,3,16
1784686482.779,real_q8_tensor_220w_ngram,3,47,11459,149.46,66,1710,9251,3,16
1784686483.377,real_q8_tensor_220w_ngram,0,52,11459,158.86,62,1905,9251,3,16
1784686483.377,real_q8_tensor_220w_ngram,1,38,11459,180.04,66,1890,9251,3,16
1784686483.377,real_q8_tensor_220w_ngram,2,31,11459,171.89,71,1875,9251,3,16
1784686483.377,real_q8_tensor_220w_ngram,3,27,11459,146.15,65,1710,9251,3,16
1784686483.967,real_q8_tensor_220w_ngram,0,51,11459,162.27,63,1920,9251,3,16
1784686483.967,real_q8_tensor_220w_ngram,1,38,11459,178.69,67,1875,9251,3,16
1784686483.967,real_q8_tensor_220w_ngram,2,50,11459,169.68,71,1875,9251,3,16
1784686483.967,real_q8_tensor_220w_ngram,3,30,11459,146.45,65,1710,9251,3,16
1784686484.552,real_q8_tensor_220w_ngram,0,51,11459,167.93,63,1905,9251,3,16
1784686484.552,real_q8_tensor_220w_ngram,1,47,11459,179.35,66,1860,9251,3,16
1784686484.552,real_q8_tensor_220w_ngram,2,50,11459,170.86,70,1875,9251,3,16
1784686484.552,real_q8_tensor_220w_ngram,3,30,11459,153.68,67,1905,9251,3,16
1784686485.146,real_q8_tensor_220w_ngram,0,31,11459,165.85,62,1920,9251,3,16
1784686485.146,real_q8_tensor_220w_ngram,1,47,11459,176.04,67,1905,9251,3,16
1784686485.146,real_q8_tensor_220w_ngram,2,15,11459,169.32,71,1890,9251,3,16
1784686485.146,real_q8_tensor_220w_ngram,3,26,11459,167.62,66,1920,9251,3,16
1784686485.735,real_q8_tensor_220w_ngram,0,31,11459,160.55,62,1920,9251,3,16
1784686485.735,real_q8_tensor_220w_ngram,1,24,11459,172.60,66,1905,9251,3,16
1784686485.735,real_q8_tensor_220w_ngram,2,15,11459,163.55,70,1890,9251,3,16
1784686485.735,real_q8_tensor_220w_ngram,3,26,11459,176.73,67,1920,9251,3,16
1784686486.303,real_q8_tensor_220w_ngram,0,52,11459,167.20,63,1905,9251,3,16
1784686486.303,real_q8_tensor_220w_ngram,1,54,11459,182.32,67,1875,9251,3,16
1784686486.303,real_q8_tensor_220w_ngram,2,87,11459,174.64,72,1875,9251,3,16
1784686486.303,real_q8_tensor_220w_ngram,3,43,11459,181.13,68,1905,9251,3,16
1784686486.877,real_q8_tensor_220w_ngram,0,32,11459,168.28,62,1920,9251,3,16
1784686486.877,real_q8_tensor_220w_ngram,1,24,11459,179.43,66,1860,9251,3,16
1784686486.877,real_q8_tensor_220w_ngram,2,21,11459,171.50,70,1890,9251,3,16
1784686486.877,real_q8_tensor_220w_ngram,3,38,11459,181.36,66,1890,9251,3,16
1784686487.469,real_q8_tensor_220w_ngram,0,27,11459,157.35,61,1905,9251,3,16
1784686487.469,real_q8_tensor_220w_ngram,1,24,11459,175.53,67,1875,9251,3,16
1784686487.469,real_q8_tensor_220w_ngram,2,27,11459,165.24,71,1875,9251,3,16
1784686487.469,real_q8_tensor_220w_ngram,3,27,11459,173.10,66,1875,9251,3,16
1784686488.057,real_q8_tensor_220w_ngram,0,27,11459,158.03,62,1920,9251,3,16
1784686488.057,real_q8_tensor_220w_ngram,1,48,11459,174.18,67,1875,9251,3,16
1784686488.057,real_q8_tensor_220w_ngram,2,27,11459,164.55,71,1890,9251,3,16
1784686488.057,real_q8_tensor_220w_ngram,3,27,11459,171.86,66,1725,9251,3,16
1784686488.652,real_q8_tensor_220w_ngram,0,22,11459,154.10,62,1845,9251,3,16
1784686488.652,real_q8_tensor_220w_ngram,1,48,11459,175.92,67,1860,9251,3,16
1784686488.652,real_q8_tensor_220w_ngram,2,47,11459,167.25,71,1845,9251,3,16
1784686488.652,real_q8_tensor_220w_ngram,3,24,11459,160.11,66,1710,9251,3,16
1784686489.242,real_q8_tensor_220w_ngram,0,22,11459,159.38,61,1920,9251,3,16
1784686489.242,real_q8_tensor_220w_ngram,1,26,11459,182.09,67,1845,9251,3,16
1784686489.242,real_q8_tensor_220w_ngram,2,47,11459,175.05,71,1890,9251,3,16
1784686489.242,real_q8_tensor_220w_ngram,3,24,11459,159.53,66,1875,9251,3,16
1784686489.814,real_q8_tensor_220w_ngram,0,32,11459,168.18,61,1920,9251,3,16
1784686489.814,real_q8_tensor_220w_ngram,1,26,11459,182.26,67,1860,9251,3,16
1784686489.814,real_q8_tensor_220w_ngram,2,21,11459,176.97,71,1860,9251,3,16
1784686489.814,real_q8_tensor_220w_ngram,3,25,11459,177.94,66,1890,9251,3,16
1784686490.399,real_q8_tensor_220w_ngram,0,34,11459,160.19,62,1905,9251,3,16
1784686490.399,real_q8_tensor_220w_ngram,1,27,11459,173.98,66,1815,9251,3,16
1784686490.399,real_q8_tensor_220w_ngram,2,34,11459,160.98,70,1860,9251,3,16
1784686490.399,real_q8_tensor_220w_ngram,3,30,11459,178.18,66,1845,9251,3,16
1784686490.971,real_q8_tensor_220w_ngram,0,37,11459,155.41,61,1920,9251,3,16
1784686490.971,real_q8_tensor_220w_ngram,1,27,11459,173.99,67,1890,9251,3,16
1784686490.971,real_q8_tensor_220w_ngram,2,32,11459,156.45,70,1860,9251,3,16
1784686490.971,real_q8_tensor_220w_ngram,3,30,11459,174.74,67,1905,9251,3,16
1784686491.562,real_q8_tensor_220w_ngram,0,37,11459,155.35,61,1905,9251,3,16
1784686491.562,real_q8_tensor_220w_ngram,1,20,11459,170.81,66,1830,9251,3,16
1784686491.562,real_q8_tensor_220w_ngram,2,32,11459,151.84,69,1710,9251,3,16
1784686491.562,real_q8_tensor_220w_ngram,3,30,11459,161.29,65,1710,9251,3,16
1784686492.155,real_q8_tensor_220w_ngram,0,91,11459,167.03,62,1785,9251,3,16
1784686492.155,real_q8_tensor_220w_ngram,1,20,11459,179.32,67,1695,9251,3,16
1784686492.155,real_q8_tensor_220w_ngram,2,90,11459,151.40,71,1740,9251,3,16
1784686492.155,real_q8_tensor_220w_ngram,3,90,11459,156.93,66,1725,9251,3,16
1784686492.767,real_q8_tensor_220w_ngram,0,91,11459,169.71,61,1920,9251,3,16
1784686492.767,real_q8_tensor_220w_ngram,1,28,11459,181.72,67,1875,9251,3,16
1784686492.767,real_q8_tensor_220w_ngram,2,90,11459,162.63,70,1875,9251,3,16
1784686492.767,real_q8_tensor_220w_ngram,3,90,11459,170.46,66,1890,9251,3,16
1784686493.363,real_q8_tensor_220w_ngram,0,47,11459,160.38,61,1920,9251,3,16
1784686493.363,real_q8_tensor_220w_ngram,1,40,11459,173.99,66,1875,9251,3,16
1784686493.363,real_q8_tensor_220w_ngram,2,28,11459,164.87,70,1890,9251,3,16
1784686493.363,real_q8_tensor_220w_ngram,3,35,11459,175.44,66,1905,9251,3,16
1784686493.973,real_q8_tensor_220w_ngram,0,47,11459,162.51,62,1920,9251,3,16
1784686493.973,real_q8_tensor_220w_ngram,1,39,11459,176.30,66,1830,9251,3,16
1784686493.973,real_q8_tensor_220w_ngram,2,28,11459,167.49,69,1890,9251,3,16
1784686493.973,real_q8_tensor_220w_ngram,3,35,11459,178.08,66,1920,9251,3,16
1784686494.571,real_q8_tensor_220w_ngram,0,32,11459,166.03,62,1920,9251,3,16
1784686494.571,real_q8_tensor_220w_ngram,1,39,11459,173.73,66,1905,9251,3,16
1784686494.571,real_q8_tensor_220w_ngram,2,51,11459,172.99,70,1890,9251,3,16
1784686494.571,real_q8_tensor_220w_ngram,3,21,11459,178.47,67,1920,9251,3,16
1784686495.171,real_q8_tensor_220w_ngram,0,32,11459,145.77,61,1890,9251,3,16
1784686495.171,real_q8_tensor_220w_ngram,1,100,11459,158.52,67,1815,9251,3,16
1784686495.171,real_q8_tensor_220w_ngram,2,51,11459,154.46,71,1830,9251,3,16
1784686495.171,real_q8_tensor_220w_ngram,3,21,11459,166.44,66,1830,9251,3,16
1784686495.747,real_q8_tensor_220w_ngram,0,100,11459,174.26,63,1875,9251,3,16
1784686495.747,real_q8_tensor_220w_ngram,1,100,11459,190.52,68,1785,9251,3,16
1784686495.747,real_q8_tensor_220w_ngram,2,100,11459,182.77,72,1830,9251,3,16
1784686495.747,real_q8_tensor_220w_ngram,3,100,11459,185.44,68,1815,9251,3,16
1784686496.314,real_q8_tensor_220w_ngram,0,100,11459,214.04,63,1875,9251,3,16
1784686496.314,real_q8_tensor_220w_ngram,1,94,11459,218.06,68,1800,9251,3,16
1784686496.314,real_q8_tensor_220w_ngram,2,100,11459,214.31,72,1830,9251,3,16
1784686496.314,real_q8_tensor_220w_ngram,3,100,11459,216.11,68,1815,9251,3,16
1784686496.914,real_q8_tensor_220w_ngram,0,88,11459,215.06,63,1920,9251,3,16
1784686496.914,real_q8_tensor_220w_ngram,1,100,11459,217.15,69,1875,9251,3,16
1784686496.914,real_q8_tensor_220w_ngram,2,100,11459,214.12,72,1875,9251,3,16
1784686496.914,real_q8_tensor_220w_ngram,3,80,11459,215.90,68,1905,9251,3,16
1784686497.493,real_q8_tensor_220w_ngram,0,88,11459,214.44,63,1875,9251,3,16
1784686497.493,real_q8_tensor_220w_ngram,1,100,11459,217.72,69,1800,9251,3,16
1784686497.493,real_q8_tensor_220w_ngram,2,100,11459,214.49,72,1830,9251,3,16
1784686497.493,real_q8_tensor_220w_ngram,3,80,11459,216.65,68,1815,9251,3,16
1784686498.071,real_q8_tensor_220w_ngram,0,99,11459,215.68,63,1860,9251,3,16
1784686498.071,real_q8_tensor_220w_ngram,1,100,11459,217.95,69,1770,9251,3,16
1784686498.071,real_q8_tensor_220w_ngram,2,81,11459,214.41,72,1830,9251,3,16
1784686498.071,real_q8_tensor_220w_ngram,3,88,11459,216.82,68,1800,9251,3,16
1784686498.647,real_q8_tensor_220w_ngram,0,99,11459,215.03,64,1875,9251,3,16
1784686498.647,real_q8_tensor_220w_ngram,1,100,11459,218.45,69,1785,9251,3,16
1784686498.647,real_q8_tensor_220w_ngram,2,81,11459,214.74,73,1815,9251,3,16
1784686498.647,real_q8_tensor_220w_ngram,3,88,11459,217.04,69,1815,9251,3,16
1784686499.221,real_q8_tensor_220w_ngram,0,80,11459,215.23,64,1860,9251,3,16
1784686499.221,real_q8_tensor_220w_ngram,1,100,11459,218.27,69,1755,9251,3,16
1784686499.221,real_q8_tensor_220w_ngram,2,100,11459,215.08,72,1830,9251,3,16
1784686499.221,real_q8_tensor_220w_ngram,3,81,11459,217.23,69,1800,9251,3,16
1784686499.813,real_q8_tensor_220w_ngram,0,80,11459,214.06,64,1860,9251,3,16
1784686499.813,real_q8_tensor_220w_ngram,1,100,11459,217.98,69,1785,9251,3,16
1784686499.813,real_q8_tensor_220w_ngram,2,100,11459,215.20,73,1815,9251,3,16
1784686499.813,real_q8_tensor_220w_ngram,3,81,11459,217.19,69,1815,9251,3,16
1784686500.386,real_q8_tensor_220w_ngram,0,100,11459,213.97,64,1875,9251,3,16
1784686500.386,real_q8_tensor_220w_ngram,1,90,11459,217.68,69,1785,9251,3,16
1784686500.386,real_q8_tensor_220w_ngram,2,100,11459,214.76,73,1830,9251,3,16
1784686500.386,real_q8_tensor_220w_ngram,3,100,11459,216.90,69,1815,9251,3,16
1784686500.965,real_q8_tensor_220w_ngram,0,100,11459,214.74,64,1905,9251,3,16
1784686500.965,real_q8_tensor_220w_ngram,1,100,11459,218.18,69,1845,9251,3,16
1784686500.965,real_q8_tensor_220w_ngram,2,100,11459,215.01,73,1830,9251,3,16
1784686500.965,real_q8_tensor_220w_ngram,3,100,11459,216.97,69,1875,9251,3,16
1784686501.564,real_q8_tensor_220w_ngram,0,100,11459,213.77,64,1860,9251,3,16
1784686501.564,real_q8_tensor_220w_ngram,1,100,11459,217.85,69,1755,9251,3,16
1784686501.564,real_q8_tensor_220w_ngram,2,100,11459,214.49,73,1815,9251,3,16
1784686501.564,real_q8_tensor_220w_ngram,3,100,11459,218.31,69,1785,9251,3,16
1784686502.174,real_q8_tensor_220w_ngram,0,100,11459,213.74,64,1860,9251,3,16
1784686502.174,real_q8_tensor_220w_ngram,1,79,11459,217.12,69,1785,9251,3,16
1784686502.174,real_q8_tensor_220w_ngram,2,100,11459,214.06,72,1830,9251,3,16
1784686502.174,real_q8_tensor_220w_ngram,3,100,11459,218.33,69,1800,9251,3,16
1784686502.803,real_q8_tensor_220w_ngram,0,100,11459,213.84,64,1860,9251,3,16
1784686502.803,real_q8_tensor_220w_ngram,1,79,11459,217.55,69,1770,9251,3,16
1784686502.803,real_q8_tensor_220w_ngram,2,100,11459,216.53,73,1815,9251,3,16
1784686502.803,real_q8_tensor_220w_ngram,3,100,11459,218.39,69,1785,9251,3,16
1784686503.397,real_q8_tensor_220w_ngram,0,90,11459,213.68,64,1860,9251,3,16
1784686503.397,real_q8_tensor_220w_ngram,1,79,11459,217.99,69,1770,9251,3,16
1784686503.397,real_q8_tensor_220w_ngram,2,100,11459,215.65,73,1815,9251,3,16
1784686503.397,real_q8_tensor_220w_ngram,3,90,11459,218.72,69,1785,9251,3,16
1784686503.976,real_q8_tensor_220w_ngram,0,100,11459,215.35,64,1860,9251,3,16
1784686503.976,real_q8_tensor_220w_ngram,1,79,11459,218.08,69,1770,9251,3,16
1784686503.976,real_q8_tensor_220w_ngram,2,100,11459,215.49,73,1815,9251,3,16
1784686503.976,real_q8_tensor_220w_ngram,3,100,11459,220.62,69,1800,9251,3,16
1784686504.550,real_q8_tensor_220w_ngram,0,100,11459,214.16,64,1860,9251,3,16
1784686504.550,real_q8_tensor_220w_ngram,1,100,11459,218.38,69,1770,9251,3,16
1784686504.550,real_q8_tensor_220w_ngram,2,100,11459,215.24,73,1815,9251,3,16
1784686504.550,real_q8_tensor_220w_ngram,3,100,11459,218.43,69,1785,9251,3,16
1784686505.146,real_q8_tensor_220w_ngram,0,100,11459,213.98,64,1860,9251,3,16
1784686505.146,real_q8_tensor_220w_ngram,1,100,11459,220.23,69,1755,9251,3,16
1784686505.146,real_q8_tensor_220w_ngram,2,100,11459,217.39,73,1815,9251,3,16
1784686505.146,real_q8_tensor_220w_ngram,3,100,11459,218.29,69,1800,9251,3,16
1784686505.712,real_q8_tensor_220w_ngram,0,100,11459,213.99,64,1860,9251,3,16
1784686505.712,real_q8_tensor_220w_ngram,1,82,11459,217.92,69,1770,9251,3,16
1784686505.712,real_q8_tensor_220w_ngram,2,100,11459,215.06,73,1815,9251,3,16
1784686505.712,real_q8_tensor_220w_ngram,3,100,11459,218.05,69,1785,9251,3,16
1784686506.287,real_q8_tensor_220w_ngram,0,100,11459,216.97,64,1890,9251,3,16
1784686506.287,real_q8_tensor_220w_ngram,1,82,11459,218.12,69,1845,9251,3,16
1784686506.287,real_q8_tensor_220w_ngram,2,75,11459,214.79,73,1815,9251,3,16
1784686506.287,real_q8_tensor_220w_ngram,3,100,11459,219.71,69,1860,9251,3,16
1784686506.904,real_q8_tensor_220w_ngram,0,89,11459,213.90,64,1860,9251,3,16
1784686506.904,real_q8_tensor_220w_ngram,1,100,11459,218.01,69,1755,9251,3,16
1784686506.904,real_q8_tensor_220w_ngram,2,89,11459,215.21,73,1800,9251,3,16
1784686506.904,real_q8_tensor_220w_ngram,3,89,11459,217.75,69,1785,9251,3,16
1784686507.481,real_q8_tensor_220w_ngram,0,95,11459,215.96,64,1875,9251,3,16
1784686507.481,real_q8_tensor_220w_ngram,1,100,11459,220.35,69,1860,9251,3,16
1784686507.481,real_q8_tensor_220w_ngram,2,100,11459,217.30,73,1845,9251,3,16
1784686507.481,real_q8_tensor_220w_ngram,3,86,11459,218.33,69,1875,9251,3,16
1784686508.075,real_q8_tensor_220w_ngram,0,95,11459,214.78,64,1845,9251,3,16
1784686508.075,real_q8_tensor_220w_ngram,1,100,11459,217.91,69,1770,9251,3,16
1784686508.075,real_q8_tensor_220w_ngram,2,100,11459,215.09,73,1800,9251,3,16
1784686508.075,real_q8_tensor_220w_ngram,3,86,11459,217.61,69,1785,9251,3,16
1784686508.669,real_q8_tensor_220w_ngram,0,77,11459,214.13,64,1920,9251,3,16
1784686508.669,real_q8_tensor_220w_ngram,1,100,11459,219.58,69,1875,9251,3,16
1784686508.669,real_q8_tensor_220w_ngram,2,100,11459,216.68,73,1860,9251,3,16
1784686508.669,real_q8_tensor_220w_ngram,3,76,11459,217.67,69,1890,9251,3,16
1784686509.261,real_q8_tensor_220w_ngram,0,77,11459,214.61,64,1845,9251,3,16
1784686509.261,real_q8_tensor_220w_ngram,1,100,11459,217.89,69,1770,9251,3,16
1784686509.261,real_q8_tensor_220w_ngram,2,100,11459,215.25,73,1815,9251,3,16
1784686509.261,real_q8_tensor_220w_ngram,3,76,11459,218.26,69,1785,9251,3,16
1784686509.853,real_q8_tensor_220w_ngram,0,100,11459,216.35,64,1890,9251,3,16
1784686509.853,real_q8_tensor_220w_ngram,1,100,11459,217.04,69,1845,9251,3,16
1784686509.853,real_q8_tensor_220w_ngram,2,81,11459,215.35,73,1860,9251,3,16
1784686509.853,real_q8_tensor_220w_ngram,3,100,11459,219.94,69,1860,9251,3,16
1784686510.428,real_q8_tensor_220w_ngram,0,88,11459,213.44,64,1845,9251,3,16
1784686510.428,real_q8_tensor_220w_ngram,1,100,11459,217.27,69,1770,9251,3,16
1784686510.428,real_q8_tensor_220w_ngram,2,100,11459,214.31,73,1800,9251,3,16
1784686510.428,real_q8_tensor_220w_ngram,3,88,11459,217.71,69,1785,9251,3,16
1784686511.005,real_q8_tensor_220w_ngram,0,100,11459,216.05,65,1845,9251,3,16
1784686511.005,real_q8_tensor_220w_ngram,1,100,11459,220.06,69,1755,9251,3,16
1784686511.005,real_q8_tensor_220w_ngram,2,100,11459,216.06,74,1815,9251,3,16
1784686511.005,real_q8_tensor_220w_ngram,3,100,11459,219.53,70,1770,9251,3,16
1784686511.570,real_q8_tensor_220w_ngram,0,100,11459,213.42,64,1845,9251,3,16
1784686511.570,real_q8_tensor_220w_ngram,1,100,11459,217.84,69,1770,9251,3,16
1784686511.570,real_q8_tensor_220w_ngram,2,100,11459,214.84,73,1800,9251,3,16
1784686511.570,real_q8_tensor_220w_ngram,3,100,11459,218.00,69,1785,9251,3,16
1784686512.161,real_q8_tensor_220w_ngram,0,100,11459,213.41,65,1845,9251,3,16
1784686512.161,real_q8_tensor_220w_ngram,1,100,11459,220.17,70,1770,9251,3,16
1784686512.161,real_q8_tensor_220w_ngram,2,100,11459,217.17,73,1800,9251,3,16
1784686512.161,real_q8_tensor_220w_ngram,3,100,11459,217.38,70,1785,9251,3,16
1784686512.734,real_q8_tensor_220w_ngram,0,100,11459,213.58,64,1845,9251,3,16
1784686512.734,real_q8_tensor_220w_ngram,1,100,11459,218.00,70,1755,9251,3,16
1784686512.734,real_q8_tensor_220w_ngram,2,100,11459,214.30,73,1800,9251,3,16
1784686512.734,real_q8_tensor_220w_ngram,3,100,11459,217.69,70,1785,9251,3,16
1784686513.326,real_q8_tensor_220w_ngram,0,100,11459,213.16,65,1845,9251,3,16
1784686513.326,real_q8_tensor_220w_ngram,1,100,11459,217.60,70,1755,9251,3,16
1784686513.326,real_q8_tensor_220w_ngram,2,100,11459,216.52,73,1800,9251,3,16
1784686513.326,real_q8_tensor_220w_ngram,3,100,11459,218.01,70,1770,9251,3,16
1784686513.901,real_q8_tensor_220w_ngram,0,88,11459,213.32,64,1845,9251,3,16
1784686513.901,real_q8_tensor_220w_ngram,1,75,11459,217.13,70,1755,9251,3,16
1784686513.901,real_q8_tensor_220w_ngram,2,88,11459,214.23,73,1800,9251,3,16
1784686513.901,real_q8_tensor_220w_ngram,3,98,11459,217.71,70,1785,9251,3,16
1784686514.495,real_q8_tensor_220w_ngram,0,100,11459,213.28,65,1830,9251,3,16
1784686514.495,real_q8_tensor_220w_ngram,1,75,11459,216.55,70,1740,9251,3,16
1784686514.495,real_q8_tensor_220w_ngram,2,100,11459,214.02,74,1785,9251,3,16
1784686514.495,real_q8_tensor_220w_ngram,3,100,11459,218.32,70,1770,9251,3,16
1784686515.089,real_q8_tensor_220w_ngram,0,100,11459,212.57,65,1845,9251,3,16
1784686515.089,real_q8_tensor_220w_ngram,1,75,11459,216.40,69,1755,9251,3,16
1784686515.089,real_q8_tensor_220w_ngram,2,100,11459,213.88,73,1800,9251,3,16
1784686515.089,real_q8_tensor_220w_ngram,3,100,11459,217.58,69,1785,9251,3,16
1784686515.665,real_q8_tensor_220w_ngram,0,100,11459,212.65,65,1830,9251,3,16
1784686515.665,real_q8_tensor_220w_ngram,1,75,11459,216.99,70,1755,9251,3,16
1784686515.665,real_q8_tensor_220w_ngram,2,100,11459,214.09,74,1785,9251,3,16
1784686515.665,real_q8_tensor_220w_ngram,3,100,11459,218.05,70,1770,9251,3,16
1784686516.239,real_q8_tensor_220w_ngram,0,100,11459,215.27,65,1905,9251,3,16
1784686516.239,real_q8_tensor_220w_ngram,1,73,11459,215.58,70,1875,9251,3,16
1784686516.239,real_q8_tensor_220w_ngram,2,100,11459,213.31,74,1845,9251,3,16
1784686516.239,real_q8_tensor_220w_ngram,3,100,11459,219.48,69,1890,9251,3,16
1784686516.814,real_q8_tensor_220w_ngram,0,100,11459,212.28,65,1845,9251,3,16
1784686516.814,real_q8_tensor_220w_ngram,1,73,11459,216.89,70,1740,9251,3,16
1784686516.814,real_q8_tensor_220w_ngram,2,100,11459,213.89,74,1785,9251,3,16
1784686516.814,real_q8_tensor_220w_ngram,3,100,11459,216.88,70,1800,9251,3,16
1784686517.388,real_q8_tensor_220w_ngram,0,100,11459,214.85,65,1845,9251,3,16
1784686517.388,real_q8_tensor_220w_ngram,1,100,11459,219.58,70,1740,9251,3,16
1784686517.388,real_q8_tensor_220w_ngram,2,99,11459,216.95,74,1785,9251,3,16
1784686517.388,real_q8_tensor_220w_ngram,3,100,11459,218.89,70,1755,9251,3,16
1784686517.982,real_q8_tensor_220w_ngram,0,100,11459,213.04,65,1845,9251,3,16
1784686517.982,real_q8_tensor_220w_ngram,1,100,11459,217.15,70,1740,9251,3,16
1784686517.982,real_q8_tensor_220w_ngram,2,84,11459,214.23,74,1800,9251,3,16
1784686517.982,real_q8_tensor_220w_ngram,3,100,11459,217.61,70,1755,9251,3,16
1784686518.583,real_q8_tensor_220w_ngram,0,100,11459,215.07,65,1830,9251,3,16
1784686518.583,real_q8_tensor_220w_ngram,1,100,11459,218.70,70,1755,9251,3,16
1784686518.583,real_q8_tensor_220w_ngram,2,84,11459,215.62,74,1785,9251,3,16
1784686518.583,real_q8_tensor_220w_ngram,3,100,11459,218.64,70,1770,9251,3,16
1784686519.157,real_q8_tensor_220w_ngram,0,75,11459,212.34,65,1890,9251,3,16
1784686519.157,real_q8_tensor_220w_ngram,1,100,11459,216.85,70,1740,9251,3,16
1784686519.157,real_q8_tensor_220w_ngram,2,74,11459,213.80,74,1785,9251,3,16
1784686519.157,real_q8_tensor_220w_ngram,3,74,11459,216.17,69,1755,9251,3,16
1784686519.739,real_q8_tensor_220w_ngram,0,75,11459,215.52,65,1845,9251,3,16
1784686519.739,real_q8_tensor_220w_ngram,1,74,11459,216.85,70,1740,9251,3,16
1784686519.739,real_q8_tensor_220w_ngram,2,74,11459,213.59,74,1785,9251,3,16
1784686519.739,real_q8_tensor_220w_ngram,3,74,11459,219.03,70,1755,9251,3,16
1784686520.305,real_q8_tensor_220w_ngram,0,96,11459,214.20,65,1905,9251,3,16
1784686520.305,real_q8_tensor_220w_ngram,1,100,11459,218.90,70,1875,9251,3,16
1784686520.305,real_q8_tensor_220w_ngram,2,100,11459,213.98,74,1845,9251,3,16
1784686520.305,real_q8_tensor_220w_ngram,3,88,11459,217.42,70,1890,9251,3,16
1784686520.899,real_q8_tensor_220w_ngram,0,100,11459,212.35,65,1830,9251,3,16
1784686520.899,real_q8_tensor_220w_ngram,1,87,11459,216.59,70,1740,9251,3,16
1784686520.899,real_q8_tensor_220w_ngram,2,100,11459,215.03,74,1785,9251,3,16
1784686520.899,real_q8_tensor_220w_ngram,3,100,11459,216.44,70,1755,9251,3,16
1784686521.474,real_q8_tensor_220w_ngram,0,100,11459,215.31,65,1815,9251,3,16
1784686521.474,real_q8_tensor_220w_ngram,1,100,11459,218.51,70,1740,9251,3,16
1784686521.474,real_q8_tensor_220w_ngram,2,100,11459,217.66,74,1755,9251,3,16
1784686521.474,real_q8_tensor_220w_ngram,3,100,11459,218.20,70,1755,9251,3,16
1784686522.066,real_q8_tensor_220w_ngram,0,73,11459,211.67,64,1845,9251,3,16
1784686522.066,real_q8_tensor_220w_ngram,1,100,11459,216.30,70,1740,9251,3,16
1784686522.066,real_q8_tensor_220w_ngram,2,74,11459,215.21,74,1770,9251,3,16
1784686522.066,real_q8_tensor_220w_ngram,3,73,11459,216.36,70,1785,9251,3,16
1784686522.641,real_q8_tensor_220w_ngram,0,73,11459,211.70,65,1830,9251,3,16
1784686522.641,real_q8_tensor_220w_ngram,1,100,11459,216.76,70,1755,9251,3,16
1784686522.641,real_q8_tensor_220w_ngram,2,74,11459,215.34,74,1785,9251,3,16
1784686522.641,real_q8_tensor_220w_ngram,3,73,11459,216.61,70,1755,9251,3,16
1784686523.232,real_q8_tensor_220w_ngram,0,100,11459,214.48,64,1905,9251,3,16
1784686523.232,real_q8_tensor_220w_ngram,1,100,11459,215.33,70,1875,9251,3,16
1784686523.232,real_q8_tensor_220w_ngram,2,72,11459,213.43,74,1860,9251,3,16
1784686523.232,real_q8_tensor_220w_ngram,3,95,11459,217.70,69,1755,9251,3,16
1784686523.807,real_q8_tensor_220w_ngram,0,100,11459,211.54,65,1845,9251,3,16
1784686523.807,real_q8_tensor_220w_ngram,1,100,11459,215.92,70,1740,9251,3,16
1784686523.807,real_q8_tensor_220w_ngram,2,72,11459,213.66,74,1755,9251,3,16
1784686523.807,real_q8_tensor_220w_ngram,3,95,11459,215.28,70,1785,9251,3,16
1784686524.381,real_q8_tensor_220w_ngram,0,100,11459,213.88,65,1815,9251,3,16
1784686524.381,real_q8_tensor_220w_ngram,1,100,11459,217.56,70,1740,9251,3,16
1784686524.381,real_q8_tensor_220w_ngram,2,100,11459,215.85,74,1785,9251,3,16
1784686524.381,real_q8_tensor_220w_ngram,3,100,11459,217.31,70,1755,9251,3,16
1784686524.974,real_q8_tensor_220w_ngram,0,100,11459,211.07,64,1800,9251,3,16
1784686524.974,real_q8_tensor_220w_ngram,1,73,11459,215.66,70,1740,9251,3,16
1784686524.974,real_q8_tensor_220w_ngram,2,100,11459,213.64,74,1800,9251,3,16
1784686524.974,real_q8_tensor_220w_ngram,3,100,11459,216.16,70,1740,9251,3,16
1784686525.549,real_q8_tensor_220w_ngram,0,100,11459,210.78,65,1830,9251,3,16
1784686525.549,real_q8_tensor_220w_ngram,1,73,11459,216.04,70,1740,9251,3,16
1784686525.549,real_q8_tensor_220w_ngram,2,100,11459,213.63,74,1770,9251,3,16
1784686525.549,real_q8_tensor_220w_ngram,3,100,11459,216.04,70,1755,9251,3,16
1784686526.123,real_q8_tensor_220w_ngram,0,100,11459,214.16,65,1875,9251,3,16
1784686526.123,real_q8_tensor_220w_ngram,1,87,11459,216.16,70,1830,9251,3,16
1784686526.123,real_q8_tensor_220w_ngram,2,100,11459,215.14,74,1785,9251,3,16
1784686526.123,real_q8_tensor_220w_ngram,3,100,11459,217.51,70,1845,9251,3,16
1784686526.712,real_q8_tensor_220w_ngram,0,97,11459,212.08,65,1830,9251,3,16
1784686526.712,real_q8_tensor_220w_ngram,1,87,11459,215.89,70,1755,9251,3,16
1784686526.712,real_q8_tensor_220w_ngram,2,72,11459,214.31,74,1770,9251,3,16
1784686526.712,real_q8_tensor_220w_ngram,3,100,11459,215.54,70,1770,9251,3,16
1784686527.286,real_q8_tensor_220w_ngram,0,97,11459,214.69,65,1815,9251,3,16
1784686527.286,real_q8_tensor_220w_ngram,1,100,11459,217.11,70,1710,9251,3,16
1784686527.286,real_q8_tensor_220w_ngram,2,72,11459,214.94,74,1755,9251,3,16
1784686527.286,real_q8_tensor_220w_ngram,3,100,11459,217.97,70,1755,9251,3,16
1784686527.859,real_q8_tensor_220w_ngram,0,100,11459,213.15,65,1905,9251,3,16
1784686527.859,real_q8_tensor_220w_ngram,1,100,11459,216.36,69,1860,9251,3,16
1784686527.859,real_q8_tensor_220w_ngram,2,88,11459,215.17,73,1830,9251,3,16
1784686527.859,real_q8_tensor_220w_ngram,3,100,11459,216.34,70,1890,9251,3,16
1784686528.438,real_q8_tensor_220w_ngram,0,87,11459,210.95,65,1815,9251,3,16
1784686528.438,real_q8_tensor_220w_ngram,1,100,11459,215.52,70,1710,9251,3,16
1784686528.438,real_q8_tensor_220w_ngram,2,85,11459,214.62,74,1770,9251,3,16
1784686528.438,real_q8_tensor_220w_ngram,3,85,11459,216.15,70,1740,9251,3,16
1784686529.041,real_q8_tensor_220w_ngram,0,100,11459,214.18,65,1815,9251,3,16
1784686529.041,real_q8_tensor_220w_ngram,1,100,11459,217.44,70,1725,9251,3,16
1784686529.041,real_q8_tensor_220w_ngram,2,100,11459,216.62,74,1785,9251,3,16
1784686529.041,real_q8_tensor_220w_ngram,3,100,11459,218.13,70,1740,9251,3,16
1784686529.615,real_q8_tensor_220w_ngram,0,100,11459,210.39,65,1815,9251,3,16
1784686529.615,real_q8_tensor_220w_ngram,1,92,11459,216.68,70,1695,9251,3,16
1784686529.615,real_q8_tensor_220w_ngram,2,100,11459,214.63,74,1755,9251,3,16
1784686529.615,real_q8_tensor_220w_ngram,3,100,11459,215.74,70,1740,9251,3,16
1784686530.193,real_q8_tensor_220w_ngram,0,100,11459,210.69,65,1800,9251,3,16
1784686530.193,real_q8_tensor_220w_ngram,1,92,11459,215.56,70,1725,9251,3,16
1784686530.193,real_q8_tensor_220w_ngram,2,100,11459,214.52,74,1770,9251,3,16
1784686530.193,real_q8_tensor_220w_ngram,3,100,11459,215.73,70,1740,9251,3,16
1784686530.787,real_q8_tensor_220w_ngram,0,100,11459,213.80,65,1800,9251,3,16
1784686530.787,real_q8_tensor_220w_ngram,1,100,11459,217.94,71,1710,9251,3,16
1784686530.787,real_q8_tensor_220w_ngram,2,100,11459,215.65,74,1770,9251,3,16
1784686530.787,real_q8_tensor_220w_ngram,3,100,11459,217.32,70,1740,9251,3,16
1784686531.359,real_q8_tensor_220w_ngram,0,74,11459,211.08,65,1785,9251,3,16
1784686531.359,real_q8_tensor_220w_ngram,1,100,11459,216.70,71,1710,9251,3,16
1784686531.359,real_q8_tensor_220w_ngram,2,70,11459,215.06,74,1755,9251,3,16
1784686531.359,real_q8_tensor_220w_ngram,3,70,11459,215.67,70,1740,9251,3,16
1784686531.937,real_q8_tensor_220w_ngram,0,85,11459,210.69,65,1845,9251,3,16
1784686531.937,real_q8_tensor_220w_ngram,1,100,11459,217.12,71,1740,9251,3,16
1784686531.937,real_q8_tensor_220w_ngram,2,85,11459,216.09,74,1755,9251,3,16
1784686531.937,real_q8_tensor_220w_ngram,3,85,11459,217.90,70,1770,9251,3,16
1784686532.535,real_q8_tensor_220w_ngram,0,100,11459,214.28,65,1830,9251,3,16
1784686532.535,real_q8_tensor_220w_ngram,1,100,11459,216.49,71,1830,9251,3,16
1784686532.535,real_q8_tensor_220w_ngram,2,100,11459,215.35,74,1785,9251,3,16
1784686532.535,real_q8_tensor_220w_ngram,3,100,11459,217.03,70,1815,9251,3,16
1784686533.117,real_q8_tensor_220w_ngram,0,100,11459,211.89,65,1800,9251,3,16
1784686533.117,real_q8_tensor_220w_ngram,1,69,11459,215.01,70,1710,9251,3,16
1784686533.117,real_q8_tensor_220w_ngram,2,100,11459,213.65,74,1755,9251,3,16
1784686533.117,real_q8_tensor_220w_ngram,3,100,11459,215.71,70,1740,9251,3,16
1784686533.691,real_q8_tensor_220w_ngram,0,100,11459,214.20,65,1800,9251,3,16
1784686533.691,real_q8_tensor_220w_ngram,1,69,11459,215.87,71,1740,9251,3,16
1784686533.691,real_q8_tensor_220w_ngram,2,100,11459,213.99,74,1740,9251,3,16
1784686533.691,real_q8_tensor_220w_ngram,3,100,11459,218.80,70,1755,9251,3,16
1784686534.285,real_q8_tensor_220w_ngram,0,100,11459,213.30,65,1830,9251,3,16
1784686534.285,real_q8_tensor_220w_ngram,1,100,11459,217.67,71,1755,9251,3,16
1784686534.285,real_q8_tensor_220w_ngram,2,100,11459,216.51,74,1785,9251,3,16
1784686534.285,real_q8_tensor_220w_ngram,3,100,11459,217.26,70,1770,9251,3,16
1784686534.851,real_q8_tensor_220w_ngram,0,68,11459,210.11,65,1800,9251,3,16
1784686534.851,real_q8_tensor_220w_ngram,1,100,11459,216.22,70,1695,9251,3,16
1784686534.851,real_q8_tensor_220w_ngram,2,81,11459,213.65,74,1740,9251,3,16
1784686534.851,real_q8_tensor_220w_ngram,3,69,11459,215.58,70,1740,9251,3,16
1784686535.427,real_q8_tensor_220w_ngram,0,84,11459,211.83,65,1845,9251,3,16
1784686535.427,real_q8_tensor_220w_ngram,1,100,11459,218.32,71,1710,9251,3,16
1784686535.427,real_q8_tensor_220w_ngram,2,100,11459,215.63,74,1770,9251,3,16
1784686535.427,real_q8_tensor_220w_ngram,3,95,11459,215.25,70,1740,9251,3,16
1784686536.006,real_q8_tensor_220w_ngram,0,100,11459,214.19,65,1785,9251,3,16
1784686536.006,real_q8_tensor_220w_ngram,1,100,11459,216.84,71,1695,9251,3,16
1784686536.006,real_q8_tensor_220w_ngram,2,100,11459,215.19,74,1755,9251,3,16
1784686536.006,real_q8_tensor_220w_ngram,3,100,11459,217.57,70,1710,9251,3,16
1784686536.598,real_q8_tensor_220w_ngram,0,100,11459,210.33,65,1785,9251,3,16
1784686536.598,real_q8_tensor_220w_ngram,1,69,11459,214.00,70,1695,9251,3,16
1784686536.598,real_q8_tensor_220w_ngram,2,100,11459,212.31,74,1740,9251,3,16
1784686536.598,real_q8_tensor_220w_ngram,3,100,11459,215.34,70,1710,9251,3,16
1784686537.175,real_q8_tensor_220w_ngram,0,100,11459,213.78,65,1800,9251,3,16
1784686537.175,real_q8_tensor_220w_ngram,1,69,11459,213.74,71,1740,9251,3,16
1784686537.175,real_q8_tensor_220w_ngram,2,100,11459,212.15,74,1755,9251,3,16
1784686537.175,real_q8_tensor_220w_ngram,3,100,11459,217.67,70,1740,9251,3,16
1784686537.769,real_q8_tensor_220w_ngram,0,100,11459,213.59,65,1785,9251,3,16
1784686537.769,real_q8_tensor_220w_ngram,1,100,11459,216.34,71,1695,9251,3,16
1784686537.769,real_q8_tensor_220w_ngram,2,100,11459,215.37,74,1740,9251,3,16
1784686537.769,real_q8_tensor_220w_ngram,3,100,11459,217.02,70,1725,9251,3,16
1784686538.345,real_q8_tensor_220w_ngram,0,75,11459,210.99,64,1815,9251,3,16
1784686538.345,real_q8_tensor_220w_ngram,1,100,11459,215.49,71,1695,9251,3,16
1784686538.345,real_q8_tensor_220w_ngram,2,68,11459,213.46,74,1740,9251,3,16
1784686538.345,real_q8_tensor_220w_ngram,3,100,11459,215.63,69,1755,9251,3,16
1784686538.940,real_q8_tensor_220w_ngram,0,84,11459,213.59,65,1830,9251,3,16
1784686538.940,real_q8_tensor_220w_ngram,1,100,11459,218.29,71,1725,9251,3,16
1784686538.940,real_q8_tensor_220w_ngram,2,84,11459,217.19,74,1770,9251,3,16
1784686538.940,real_q8_tensor_220w_ngram,3,100,11459,217.01,70,1755,9251,3,16
1784686539.558,real_q8_tensor_220w_ngram,0,100,11459,213.10,66,1875,9251,3,16
1784686539.558,real_q8_tensor_220w_ngram,1,100,11459,216.49,71,1815,9251,3,16
1784686539.558,real_q8_tensor_220w_ngram,2,100,11459,215.47,74,1755,9251,3,16
1784686539.558,real_q8_tensor_220w_ngram,3,96,11459,216.30,70,1830,9251,3,16
1784686540.161,real_q8_tensor_220w_ngram,0,100,11459,210.18,65,1800,9251,3,16
1784686540.161,real_q8_tensor_220w_ngram,1,75,11459,213.93,71,1695,9251,3,16
1784686540.161,real_q8_tensor_220w_ngram,2,100,11459,212.25,74,1740,9251,3,16
1784686540.161,real_q8_tensor_220w_ngram,3,96,11459,214.18,70,1725,9251,3,16
1784686540.752,real_q8_tensor_220w_ngram,0,100,11459,212.88,65,1830,9251,3,16
1784686540.752,real_q8_tensor_220w_ngram,1,75,11459,217.96,71,1725,9251,3,16
1784686540.752,real_q8_tensor_220w_ngram,2,100,11459,217.05,75,1740,9251,3,16
1784686540.752,real_q8_tensor_220w_ngram,3,100,11459,216.47,70,1755,9251,3,16
1784686541.375,real_q8_tensor_220w_ngram,0,100,11459,212.46,65,1875,9251,3,16
1784686541.375,real_q8_tensor_220w_ngram,1,100,11459,217.01,71,1785,9251,3,16
1784686541.375,real_q8_tensor_220w_ngram,2,100,11459,215.74,75,1740,9251,3,16
1784686541.375,real_q8_tensor_220w_ngram,3,97,11459,216.03,70,1845,9251,3,16
1784686541.961,real_q8_tensor_220w_ngram,0,67,11459,210.05,65,1785,9251,3,16
1784686541.961,real_q8_tensor_220w_ngram,1,100,11459,214.12,70,1695,9251,3,16
1784686541.961,real_q8_tensor_220w_ngram,2,71,11459,213.28,74,1740,9251,3,16
1784686541.961,real_q8_tensor_220w_ngram,3,100,11459,214.06,70,1710,9251,3,16
1784686542.538,real_q8_tensor_220w_ngram,0,67,11459,211.16,66,1785,9251,3,16
1784686542.538,real_q8_tensor_220w_ngram,1,100,11459,218.21,71,1695,9251,3,16
1784686542.538,real_q8_tensor_220w_ngram,2,71,11459,217.07,74,1740,9251,3,16
1784686542.538,real_q8_tensor_220w_ngram,3,100,11459,215.32,70,1710,9251,3,16
1784686543.112,real_q8_tensor_220w_ngram,0,100,11459,213.22,65,1785,9251,3,16
1784686543.112,real_q8_tensor_220w_ngram,1,100,11459,217.18,71,1680,9251,3,16
1784686543.112,real_q8_tensor_220w_ngram,2,100,11459,215.46,75,1785,9251,3,16
1784686543.112,real_q8_tensor_220w_ngram,3,100,11459,216.87,70,1710,9251,3,16
1784686543.687,real_q8_tensor_220w_ngram,0,100,11459,209.17,65,1890,9251,3,16
1784686543.687,real_q8_tensor_220w_ngram,1,99,11459,217.32,70,1845,9251,3,16
1784686543.687,real_q8_tensor_220w_ngram,2,100,11459,215.88,74,1860,9251,3,16
1784686543.687,real_q8_tensor_220w_ngram,3,100,11459,213.11,70,1860,9251,3,16
1784686544.260,real_q8_tensor_220w_ngram,0,65,11459,209.74,65,1785,9251,3,16
1784686544.260,real_q8_tensor_220w_ngram,1,99,11459,214.57,71,1680,9251,3,16
1784686544.260,real_q8_tensor_220w_ngram,2,100,11459,212.40,74,1725,9251,3,16
1784686544.260,real_q8_tensor_220w_ngram,3,100,11459,214.62,70,1770,9251,3,16
1784686544.840,real_q8_tensor_220w_ngram,0,65,11459,212.42,66,1770,9251,3,16
1784686544.840,real_q8_tensor_220w_ngram,1,100,11459,216.64,71,1680,9251,3,16
1784686544.840,real_q8_tensor_220w_ngram,2,100,11459,214.76,75,1740,9251,3,16
1784686544.840,real_q8_tensor_220w_ngram,3,100,11459,216.13,70,1710,9251,3,16
1784686545.438,real_q8_tensor_220w_ngram,0,100,11459,212.52,65,1785,9251,3,16
1784686545.438,real_q8_tensor_220w_ngram,1,100,11459,217.22,71,1635,9251,3,16
1784686545.438,real_q8_tensor_220w_ngram,2,100,11459,215.78,75,1740,9251,3,16
1784686545.438,real_q8_tensor_220w_ngram,3,100,11459,216.79,70,1710,9251,3,16
1784686546.021,real_q8_tensor_220w_ngram,0,100,11459,208.78,64,1770,9251,3,16
1784686546.021,real_q8_tensor_220w_ngram,1,82,11459,213.80,69,1665,9251,3,16
1784686546.021,real_q8_tensor_220w_ngram,2,100,11459,211.92,73,1710,9251,3,16
1784686546.021,real_q8_tensor_220w_ngram,3,100,11459,214.57,70,1710,9251,3,16
1784686546.600,real_q8_tensor_220w_ngram,0,100,11459,212.06,65,1815,9251,3,16
1784686546.600,real_q8_tensor_220w_ngram,1,82,11459,215.72,71,1740,9251,3,16
1784686546.600,real_q8_tensor_220w_ngram,2,100,11459,213.77,74,1770,9251,3,16
1784686546.600,real_q8_tensor_220w_ngram,3,100,11459,216.26,70,1740,9251,3,16
1784686547.193,real_q8_tensor_220w_ngram,0,100,11459,213.66,65,1785,9251,3,16
1784686547.193,real_q8_tensor_220w_ngram,1,100,11459,215.22,71,1665,9251,3,16
1784686547.193,real_q8_tensor_220w_ngram,2,100,11459,213.90,75,1755,9251,3,16
1784686547.193,real_q8_tensor_220w_ngram,3,100,11459,216.16,71,1695,9251,3,16
1784686547.786,real_q8_tensor_220w_ngram,0,83,11459,211.29,65,1890,9251,3,16
1784686547.786,real_q8_tensor_220w_ngram,1,100,11459,214.75,71,1680,9251,3,16
1784686547.786,real_q8_tensor_220w_ngram,2,100,11459,210.66,74,1860,9251,3,16
1784686547.786,real_q8_tensor_220w_ngram,3,72,11459,212.88,70,1860,9251,3,16
1784686548.386,real_q8_tensor_220w_ngram,0,82,11459,210.21,65,1770,9251,3,16
1784686548.386,real_q8_tensor_220w_ngram,1,81,11459,212.51,71,1680,9251,3,16
1784686548.386,real_q8_tensor_220w_ngram,2,90,11459,214.88,74,1725,9251,3,16
1784686548.386,real_q8_tensor_220w_ngram,3,82,11459,213.31,70,1710,9251,3,16
1784686548.991,real_q8_tensor_220w_ngram,0,100,11459,213.88,66,1785,9251,3,16
1784686548.991,real_q8_tensor_220w_ngram,1,81,11459,215.68,71,1665,9251,3,16
1784686548.991,real_q8_tensor_220w_ngram,2,100,11459,214.51,75,1770,9251,3,16
1784686548.991,real_q8_tensor_220w_ngram,3,100,11459,216.26,70,1710,9251,3,16
1784686549.585,real_q8_tensor_220w_ngram,0,100,11459,214.13,66,1770,9251,3,16
1784686549.585,real_q8_tensor_220w_ngram,1,100,11459,215.34,71,1650,9251,3,16
1784686549.585,real_q8_tensor_220w_ngram,2,100,11459,214.02,75,1710,9251,3,16
1784686549.585,real_q8_tensor_220w_ngram,3,100,11459,215.89,70,1695,9251,3,16
1784686550.155,real_q8_tensor_220w_ngram,0,71,11459,210.84,65,1785,9251,3,16
1784686550.155,real_q8_tensor_220w_ngram,1,100,11459,213.71,71,1695,9251,3,16
1784686550.155,real_q8_tensor_220w_ngram,2,64,11459,211.36,74,1755,9251,3,16
1784686550.155,real_q8_tensor_220w_ngram,3,85,11459,213.90,70,1740,9251,3,16
1784686550.766,real_q8_tensor_220w_ngram,0,71,11459,214.18,65,1785,9251,3,16
1784686550.766,real_q8_tensor_220w_ngram,1,100,11459,216.69,71,1665,9251,3,16
1784686550.766,real_q8_tensor_220w_ngram,2,64,11459,215.21,75,1725,9251,3,16
1784686550.766,real_q8_tensor_220w_ngram,3,85,11459,216.39,70,1725,9251,3,16
1784686551.340,real_q8_tensor_220w_ngram,0,100,11459,214.99,65,1770,9251,3,16
1784686551.340,real_q8_tensor_220w_ngram,1,100,11459,214.93,71,1665,9251,3,16
1784686551.340,real_q8_tensor_220w_ngram,2,100,11459,214.34,75,1725,9251,3,16
1784686551.340,real_q8_tensor_220w_ngram,3,100,11459,215.48,70,1695,9251,3,16
1784686551.915,real_q8_tensor_220w_ngram,0,100,11459,214.45,66,1890,9251,3,16
1784686551.915,real_q8_tensor_220w_ngram,1,91,11459,213.71,70,1860,9251,3,16
1784686551.915,real_q8_tensor_220w_ngram,2,100,11459,213.32,73,1860,9251,3,16
1784686551.915,real_q8_tensor_220w_ngram,3,100,11459,211.72,71,1860,9251,3,16
1784686552.534,real_q8_tensor_220w_ngram,0,64,11459,210.35,66,1785,9251,3,16
1784686552.534,real_q8_tensor_220w_ngram,1,91,11459,212.79,70,1725,9251,3,16
1784686552.534,real_q8_tensor_220w_ngram,2,99,11459,210.36,74,1755,9251,3,16
1784686552.534,real_q8_tensor_220w_ngram,3,64,11459,216.12,70,1725,9251,3,16
1784686553.130,real_q8_tensor_220w_ngram,0,64,11459,215.50,66,1815,9251,3,16
1784686553.130,real_q8_tensor_220w_ngram,1,100,11459,215.56,71,1695,9251,3,16
1784686553.130,real_q8_tensor_220w_ngram,2,99,11459,213.91,75,1710,9251,3,16
1784686553.130,real_q8_tensor_220w_ngram,3,64,11459,217.28,70,1740,9251,3,16
1784686553.704,real_q8_tensor_220w_ngram,0,100,11459,214.59,66,1755,9251,3,16
1784686553.704,real_q8_tensor_220w_ngram,1,100,11459,215.56,71,1725,9251,3,16
1784686553.704,real_q8_tensor_220w_ngram,2,100,11459,214.17,74,1710,9251,3,16
1784686553.704,real_q8_tensor_220w_ngram,3,100,11459,214.97,70,1740,9251,3,16
1784686554.296,real_q8_tensor_220w_ngram,0,100,11459,213.88,65,1890,9251,3,16
1784686554.296,real_q8_tensor_220w_ngram,1,100,11459,215.61,71,1875,9251,3,16
1784686554.296,real_q8_tensor_220w_ngram,2,100,11459,210.82,75,1845,9251,3,16
1784686554.296,real_q8_tensor_220w_ngram,3,100,11459,213.85,70,1875,9251,3,16
1784686554.887,real_q8_tensor_220w_ngram,0,91,11459,210.24,66,1740,9251,3,16
1784686554.887,real_q8_tensor_220w_ngram,1,100,11459,213.49,70,1650,9251,3,16
1784686554.887,real_q8_tensor_220w_ngram,2,63,11459,212.06,75,1740,9251,3,16
1784686554.887,real_q8_tensor_220w_ngram,3,100,11459,213.80,70,1665,9251,3,16
1784686555.463,real_q8_tensor_220w_ngram,0,100,11459,213.89,66,1725,9251,3,16
1784686555.463,real_q8_tensor_220w_ngram,1,62,11459,215.05,71,1635,9251,3,16
1784686555.463,real_q8_tensor_220w_ngram,2,63,11459,214.37,75,1740,9251,3,16
1784686555.463,real_q8_tensor_220w_ngram,3,100,11459,215.75,70,1665,9251,3,16
1784686556.041,real_q8_tensor_220w_ngram,0,100,11459,213.73,66,1755,9251,3,16
1784686556.041,real_q8_tensor_220w_ngram,1,100,11459,215.22,71,1650,9251,3,16
1784686556.041,real_q8_tensor_220w_ngram,2,100,11459,214.06,75,1710,9251,3,16
1784686556.041,real_q8_tensor_220w_ngram,3,100,11459,214.59,70,1680,9251,3,16
1784686556.617,real_q8_tensor_220w_ngram,0,100,11459,212.45,66,1740,9251,3,16
1784686556.617,real_q8_tensor_220w_ngram,1,100,11459,215.27,71,1650,9251,3,16
1784686556.617,real_q8_tensor_220w_ngram,2,100,11459,213.77,75,1695,9251,3,16
1784686556.617,real_q8_tensor_220w_ngram,3,100,11459,215.20,71,1680,9251,3,16
1784686557.200,real_q8_tensor_220w_ngram,0,62,11459,209.54,66,1725,9251,3,16
1784686557.200,real_q8_tensor_220w_ngram,1,80,11459,212.82,69,1665,9251,3,16
1784686557.200,real_q8_tensor_220w_ngram,2,84,11459,212.12,73,1755,9251,3,16
1784686557.200,real_q8_tensor_220w_ngram,3,63,11459,212.42,71,1680,9251,3,16
1784686557.778,real_q8_tensor_220w_ngram,0,62,11459,214.14,66,1725,9251,3,16
1784686557.778,real_q8_tensor_220w_ngram,1,80,11459,211.53,70,1650,9251,3,16
1784686557.778,real_q8_tensor_220w_ngram,2,84,11459,210.97,74,1680,9251,3,16
1784686557.778,real_q8_tensor_220w_ngram,3,63,11459,216.13,70,1665,9251,3,16
1784686558.369,real_q8_tensor_220w_ngram,0,100,11459,212.05,66,1800,9251,3,16
1784686558.369,real_q8_tensor_220w_ngram,1,100,11459,213.71,71,1680,9251,3,16
1784686558.369,real_q8_tensor_220w_ngram,2,100,11459,213.25,75,1710,9251,3,16
1784686558.369,real_q8_tensor_220w_ngram,3,100,11459,214.74,71,1740,9251,3,16
1784686558.943,real_q8_tensor_220w_ngram,0,100,11459,211.87,66,1800,9251,3,16
1784686558.943,real_q8_tensor_220w_ngram,1,100,11459,214.92,71,1710,9251,3,16
1784686558.943,real_q8_tensor_220w_ngram,2,100,11459,213.64,75,1695,9251,3,16
1784686558.943,real_q8_tensor_220w_ngram,3,98,11459,215.24,71,1695,9251,3,16
1784686559.520,real_q8_tensor_220w_ngram,0,100,11459,214.19,66,1860,9251,3,16
1784686559.520,real_q8_tensor_220w_ngram,1,100,11459,211.89,70,1785,9251,3,16
1784686559.520,real_q8_tensor_220w_ngram,2,75,11459,210.71,75,1800,9251,3,16
1784686559.520,real_q8_tensor_220w_ngram,3,100,11459,214.87,70,1800,9251,3,16
1784686560.089,real_q8_tensor_220w_ngram,0,100,11459,208.98,65,1740,9251,3,16
1784686560.089,real_q8_tensor_220w_ngram,1,100,11459,211.11,71,1650,9251,3,16
1784686560.089,real_q8_tensor_220w_ngram,2,75,11459,212.16,74,1740,9251,3,16
1784686560.089,real_q8_tensor_220w_ngram,3,100,11459,212.19,70,1680,9251,3,16
1784686560.684,real_q8_tensor_220w_ngram,0,100,11459,211.59,65,1770,9251,3,16
1784686560.684,real_q8_tensor_220w_ngram,1,100,11459,215.59,70,1725,9251,3,16
1784686560.684,real_q8_tensor_220w_ngram,2,100,11459,213.27,74,1680,9251,3,16
1784686560.684,real_q8_tensor_220w_ngram,3,100,11459,214.55,70,1710,9251,3,16
1784686561.276,real_q8_tensor_220w_ngram,0,100,11459,211.99,66,1770,9251,3,16
1784686561.276,real_q8_tensor_220w_ngram,1,100,11459,214.53,70,1665,9251,3,16
1784686561.276,real_q8_tensor_220w_ngram,2,100,11459,212.81,75,1740,9251,3,16
1784686561.276,real_q8_tensor_220w_ngram,3,100,11459,214.65,70,1695,9251,3,16
1784686561.850,real_q8_tensor_220w_ngram,0,100,11459,212.79,66,1800,9251,3,16
1784686561.850,real_q8_tensor_220w_ngram,1,100,11459,214.09,71,1695,9251,3,16
1784686561.850,real_q8_tensor_220w_ngram,2,100,11459,212.85,75,1725,9251,3,16
1784686561.850,real_q8_tensor_220w_ngram,3,100,11459,214.80,70,1740,9251,3,16
1784686562.448,real_q8_tensor_220w_ngram,0,100,11459,213.62,66,1905,9251,3,16
1784686562.448,real_q8_tensor_220w_ngram,1,100,11459,211.12,70,1875,9251,3,16
1784686562.448,real_q8_tensor_220w_ngram,2,85,11459,209.38,73,1845,9251,3,16
1784686562.448,real_q8_tensor_220w_ngram,3,100,11459,212.04,71,1890,9251,3,16
1784686563.026,real_q8_tensor_220w_ngram,0,60,11459,209.33,66,1725,9251,3,16
1784686563.026,real_q8_tensor_220w_ngram,1,100,11459,214.28,69,1650,9251,3,16
1784686563.026,real_q8_tensor_220w_ngram,2,100,11459,211.70,74,1710,9251,3,16
1784686563.026,real_q8_tensor_220w_ngram,3,65,11459,211.53,70,1665,9251,3,16
1784686563.600,real_q8_tensor_220w_ngram,0,60,11459,212.68,66,1800,9251,3,16
1784686563.600,real_q8_tensor_220w_ngram,1,100,11459,215.32,70,1665,9251,3,16
1784686563.600,real_q8_tensor_220w_ngram,2,100,11459,212.83,75,1755,9251,3,16
1784686563.600,real_q8_tensor_220w_ngram,3,65,11459,214.44,70,1680,9251,3,16
1784686564.176,real_q8_tensor_220w_ngram,0,100,11459,211.87,66,1740,9251,3,16
1784686564.176,real_q8_tensor_220w_ngram,1,100,11459,214.13,70,1650,9251,3,16
1784686564.176,real_q8_tensor_220w_ngram,2,100,11459,212.34,75,1710,9251,3,16
1784686564.176,real_q8_tensor_220w_ngram,3,100,11459,215.16,70,1665,9251,3,16
1784686564.750,real_q8_tensor_220w_ngram,0,100,11459,211.53,66,1725,9251,3,16
1784686564.750,real_q8_tensor_220w_ngram,1,100,11459,214.10,71,1635,9251,3,16
1784686564.750,real_q8_tensor_220w_ngram,2,100,11459,212.99,75,1680,9251,3,16
1784686564.750,real_q8_tensor_220w_ngram,3,100,11459,214.09,70,1665,9251,3,16
1784686565.343,real_q8_tensor_220w_ngram,0,59,11459,207.10,66,1905,9251,3,16
1784686565.343,real_q8_tensor_220w_ngram,1,87,11459,212.95,69,1875,9251,3,16
1784686565.343,real_q8_tensor_220w_ngram,2,83,11459,211.55,74,1845,9251,3,16
1784686565.343,real_q8_tensor_220w_ngram,3,59,11459,210.91,70,1890,9251,3,16
1784686565.943,real_q8_tensor_220w_ngram,0,80,11459,213.03,66,1725,9251,3,16
1784686565.943,real_q8_tensor_220w_ngram,1,80,11459,212.10,70,1635,9251,3,16
1784686565.943,real_q8_tensor_220w_ngram,2,91,11459,209.97,75,1680,9251,3,16
1784686565.943,real_q8_tensor_220w_ngram,3,80,11459,216.38,71,1665,9251,3,16
1784686566.546,real_q8_tensor_220w_ngram,0,100,11459,212.87,65,1800,9251,3,16
1784686566.546,real_q8_tensor_220w_ngram,1,100,11459,214.64,70,1695,9251,3,16
1784686566.546,real_q8_tensor_220w_ngram,2,100,11459,213.32,75,1680,9251,3,16
1784686566.546,real_q8_tensor_220w_ngram,3,100,11459,215.67,71,1725,9251,3,16
1784686567.118,real_q8_tensor_220w_ngram,0,100,11459,211.56,66,1740,9251,3,16
1784686567.118,real_q8_tensor_220w_ngram,1,100,11459,214.74,71,1650,9251,3,16
1784686567.118,real_q8_tensor_220w_ngram,2,100,11459,213.53,75,1695,9251,3,16
1784686567.118,real_q8_tensor_220w_ngram,3,100,11459,215.13,71,1710,9251,3,16
1784686567.692,real_q8_tensor_220w_ngram,0,100,11459,212.10,66,1800,9251,3,16
1784686567.692,real_q8_tensor_220w_ngram,1,100,11459,214.39,70,1725,9251,3,16
1784686567.692,real_q8_tensor_220w_ngram,2,100,11459,212.95,75,1755,9251,3,16
1784686567.692,real_q8_tensor_220w_ngram,3,100,11459,214.87,70,1740,9251,3,16
1784686568.309,real_q8_tensor_220w_ngram,0,100,11459,211.74,65,1905,9251,3,16
1784686568.309,real_q8_tensor_220w_ngram,1,100,11459,210.60,70,1620,9251,3,16
1784686568.309,real_q8_tensor_220w_ngram,2,100,11459,208.10,74,1875,9251,3,16
1784686568.309,real_q8_tensor_220w_ngram,3,100,11459,211.85,69,1635,9251,3,16
1784686568.928,real_q8_tensor_220w_ngram,0,100,11459,211.76,66,1785,9251,3,16
1784686568.928,real_q8_tensor_220w_ngram,1,100,11459,216.14,70,1665,9251,3,16
1784686568.928,real_q8_tensor_220w_ngram,2,100,11459,213.32,75,1695,9251,3,16
1784686568.928,real_q8_tensor_220w_ngram,3,100,11459,215.00,70,1725,9251,3,16
1784686569.538,real_q8_tensor_220w_ngram,0,100,11459,211.70,66,1770,9251,3,16
1784686569.538,real_q8_tensor_220w_ngram,1,100,11459,213.60,70,1650,9251,3,16
1784686569.538,real_q8_tensor_220w_ngram,2,100,11459,212.13,75,1665,9251,3,16
1784686569.538,real_q8_tensor_220w_ngram,3,100,11459,214.67,71,1710,9251,3,16
1784686570.262,real_q8_tensor_220w_ngram,0,94,11459,210.05,66,1860,9251,3,16
1784686570.262,real_q8_tensor_220w_ngram,1,100,11459,214.26,70,1845,9251,3,16
1784686570.262,real_q8_tensor_220w_ngram,2,100,11459,211.98,75,1785,9251,3,16
1784686570.262,real_q8_tensor_220w_ngram,3,76,11459,212.46,71,1860,9251,3,16
1784686570.851,real_q8_tensor_220w_ngram,0,94,11459,208.29,65,1740,9251,3,16
1784686570.851,real_q8_tensor_220w_ngram,1,100,11459,211.04,70,1650,9251,3,16
1784686570.851,real_q8_tensor_220w_ngram,2,100,11459,207.64,74,1710,9251,3,16
1784686570.851,real_q8_tensor_220w_ngram,3,76,11459,213.57,70,1665,9251,3,16
1784686571.451,real_q8_tensor_220w_ngram,0,68,11459,208.68,65,1710,9251,3,16
1784686571.451,real_q8_tensor_220w_ngram,1,100,11459,213.82,70,1620,9251,3,16
1784686571.451,real_q8_tensor_220w_ngram,2,100,11459,212.70,75,1665,9251,3,16
1784686571.451,real_q8_tensor_220w_ngram,3,100,11459,214.75,70,1650,9251,3,16
1784686572.027,real_q8_tensor_220w_ngram,0,68,11459,211.63,65,1755,9251,3,16
1784686572.027,real_q8_tensor_220w_ngram,1,100,11459,214.42,71,1635,9251,3,16
1784686572.027,real_q8_tensor_220w_ngram,2,100,11459,212.56,75,1665,9251,3,16
1784686572.027,real_q8_tensor_220w_ngram,3,100,11459,214.97,71,1680,9251,3,16
1784686572.626,real_q8_tensor_220w_ngram,0,100,11459,210.77,66,1800,9251,3,16
1784686572.626,real_q8_tensor_220w_ngram,1,100,11459,213.37,70,1635,9251,3,16
1784686572.626,real_q8_tensor_220w_ngram,2,100,11459,211.61,75,1755,9251,3,16
1784686572.626,real_q8_tensor_220w_ngram,3,100,11459,214.48,70,1665,9251,3,16
1784686573.217,real_q8_tensor_220w_ngram,0,100,11459,211.65,66,1710,9251,3,16
1784686573.217,real_q8_tensor_220w_ngram,1,100,11459,213.79,71,1620,9251,3,16
1784686573.217,real_q8_tensor_220w_ngram,2,100,11459,212.64,75,1665,9251,3,16
1784686573.217,real_q8_tensor_220w_ngram,3,100,11459,213.92,71,1650,9251,3,16
1784686573.815,real_q8_tensor_220w_ngram,0,97,11459,210.51,65,1905,9251,3,16
1784686573.815,real_q8_tensor_220w_ngram,1,56,11459,209.22,70,1590,9251,3,16
1784686573.815,real_q8_tensor_220w_ngram,2,58,11459,206.62,74,1815,9251,3,16
1784686573.815,real_q8_tensor_220w_ngram,3,80,11459,213.13,70,1650,9251,3,16
1784686574.418,real_q8_tensor_220w_ngram,0,99,11459,210.33,65,1755,9251,3,16
1784686574.418,real_q8_tensor_220w_ngram,1,79,11459,214.71,70,1635,9251,3,16
1784686574.418,real_q8_tensor_220w_ngram,2,79,11459,213.60,75,1665,9251,3,16
1784686574.418,real_q8_tensor_220w_ngram,3,79,11459,215.72,71,1695,9251,3,16
1784686575.023,real_q8_tensor_220w_ngram,0,100,11459,211.34,66,1725,9251,3,16
1784686575.023,real_q8_tensor_220w_ngram,1,100,11459,213.37,70,1605,9251,3,16
1784686575.023,real_q8_tensor_220w_ngram,2,100,11459,211.98,75,1740,9251,3,16
1784686575.023,real_q8_tensor_220w_ngram,3,100,11459,214.15,70,1650,9251,3,16
1784686575.622,real_q8_tensor_220w_ngram,0,100,11459,210.35,66,1770,9251,3,16
1784686575.622,real_q8_tensor_220w_ngram,1,100,11459,213.97,71,1680,9251,3,16
1784686575.622,real_q8_tensor_220w_ngram,2,100,11459,212.13,75,1740,9251,3,16
1784686575.622,real_q8_tensor_220w_ngram,3,100,11459,213.38,70,1680,9251,3,16
1784686576.225,real_q8_tensor_220w_ngram,0,100,11459,211.63,66,1755,9251,3,16
1784686576.225,real_q8_tensor_220w_ngram,1,100,11459,213.94,71,1635,9251,3,16
1784686576.225,real_q8_tensor_220w_ngram,2,100,11459,212.47,75,1665,9251,3,16
1784686576.225,real_q8_tensor_220w_ngram,3,100,11459,214.51,71,1710,9251,3,16
1784686576.819,real_q8_tensor_220w_ngram,0,100,11459,211.31,66,1815,9251,3,16
1784686576.819,real_q8_tensor_220w_ngram,1,100,11459,210.86,71,1830,9251,3,16
1784686576.819,real_q8_tensor_220w_ngram,2,100,11459,209.36,75,1785,9251,3,16
1784686576.819,real_q8_tensor_220w_ngram,3,100,11459,214.30,71,1785,9251,3,16
1784686577.388,real_q8_tensor_220w_ngram,0,56,11459,205.72,66,1695,9251,3,16
1784686577.388,real_q8_tensor_220w_ngram,1,77,11459,214.71,69,1590,9251,3,16
1784686577.388,real_q8_tensor_220w_ngram,2,77,11459,212.40,73,1650,9251,3,16
1784686577.388,real_q8_tensor_220w_ngram,3,57,11459,210.14,71,1725,9251,3,16
1784686577.989,real_q8_tensor_220w_ngram,0,56,11459,210.82,65,1710,9251,3,16
1784686577.989,real_q8_tensor_220w_ngram,1,77,11459,213.79,70,1605,9251,3,16
1784686577.989,real_q8_tensor_220w_ngram,2,77,11459,211.87,75,1665,9251,3,16
1784686577.989,real_q8_tensor_220w_ngram,3,57,11459,213.86,70,1635,9251,3,16
1784686578.586,real_q8_tensor_220w_ngram,0,100,11459,211.08,66,1725,9251,3,16
1784686578.586,real_q8_tensor_220w_ngram,1,100,11459,213.71,70,1665,9251,3,16
1784686578.586,real_q8_tensor_220w_ngram,2,100,11459,211.78,75,1725,9251,3,16
1784686578.586,real_q8_tensor_220w_ngram,3,100,11459,214.27,71,1635,9251,3,16
1784686579.187,real_q8_tensor_220w_ngram,0,93,11459,211.28,66,1785,9251,3,16
1784686579.187,real_q8_tensor_220w_ngram,1,100,11459,212.84,70,1665,9251,3,16
1784686579.187,real_q8_tensor_220w_ngram,2,78,11459,210.68,75,1695,9251,3,16
1784686579.187,real_q8_tensor_220w_ngram,3,100,11459,213.94,71,1725,9251,3,16
1784686579.765,real_q8_tensor_220w_ngram,0,100,11459,211.03,66,1710,9251,3,16
1784686579.765,real_q8_tensor_220w_ngram,1,100,11459,212.66,70,1605,9251,3,16
1784686579.765,real_q8_tensor_220w_ngram,2,100,11459,210.53,75,1650,9251,3,16
1784686579.765,real_q8_tensor_220w_ngram,3,100,11459,213.37,71,1635,9251,3,16
1784686580.342,real_q8_tensor_220w_ngram,0,100,11459,210.46,66,1725,9251,3,16
1784686580.342,real_q8_tensor_220w_ngram,1,100,11459,212.43,70,1635,9251,3,16
1784686580.342,real_q8_tensor_220w_ngram,2,100,11459,210.75,75,1725,9251,3,16
1784686580.342,real_q8_tensor_220w_ngram,3,100,11459,214.24,71,1665,9251,3,16
1784686580.912,real_q8_tensor_220w_ngram,0,100,11459,209.81,66,1905,9251,3,16
1784686580.912,real_q8_tensor_220w_ngram,1,61,11459,208.46,69,1890,9251,3,16
1784686580.912,real_q8_tensor_220w_ngram,2,64,11459,206.43,73,1875,9251,3,16
1784686580.912,real_q8_tensor_220w_ngram,3,100,11459,212.37,70,1890,9251,3,16
1784686581.524,real_q8_tensor_220w_ngram,0,100,11459,204.96,65,1770,9251,3,16
1784686581.524,real_q8_tensor_220w_ngram,1,61,11459,215.09,69,1650,9251,3,16
1784686581.524,real_q8_tensor_220w_ngram,2,64,11459,212.99,73,1695,9251,3,16
1784686581.524,real_q8_tensor_220w_ngram,3,100,11459,210.00,71,1710,9251,3,16
1784686582.102,real_q8_tensor_220w_ngram,0,100,11459,210.31,65,1695,9251,3,16
1784686582.102,real_q8_tensor_220w_ngram,1,67,11459,214.26,70,1620,9251,3,16
1784686582.102,real_q8_tensor_220w_ngram,2,100,11459,211.08,75,1665,9251,3,16
1784686582.102,real_q8_tensor_220w_ngram,3,100,11459,212.63,71,1635,9251,3,16
1784686582.679,real_q8_tensor_220w_ngram,0,100,11459,209.49,66,1725,9251,3,16
1784686582.679,real_q8_tensor_220w_ngram,1,67,11459,212.54,70,1605,9251,3,16
1784686582.679,real_q8_tensor_220w_ngram,2,100,11459,209.89,75,1635,9251,3,16
1784686582.679,real_q8_tensor_220w_ngram,3,100,11459,213.08,70,1680,9251,3,16
1784686583.272,real_q8_tensor_220w_ngram,0,100,11459,210.29,66,1725,9251,3,16
1784686583.272,real_q8_tensor_220w_ngram,1,100,11459,213.10,70,1590,9251,3,16
1784686583.272,real_q8_tensor_220w_ngram,2,100,11459,211.34,75,1680,9251,3,16
1784686583.272,real_q8_tensor_220w_ngram,3,100,11459,213.30,70,1620,9251,3,16
1784686583.847,real_q8_tensor_220w_ngram,0,100,11459,210.35,66,1740,9251,3,16
1784686583.847,real_q8_tensor_220w_ngram,1,100,11459,213.70,70,1680,9251,3,16
1784686583.847,real_q8_tensor_220w_ngram,2,100,11459,211.23,75,1710,9251,3,16
1784686583.847,real_q8_tensor_220w_ngram,3,100,11459,212.75,71,1665,9251,3,16
1784686584.422,real_q8_tensor_220w_ngram,0,100,11459,209.70,66,1695,9251,3,16
1784686584.422,real_q8_tensor_220w_ngram,1,100,11459,213.53,70,1620,9251,3,16
1784686584.422,real_q8_tensor_220w_ngram,2,100,11459,210.62,75,1635,9251,3,16
1784686584.422,real_q8_tensor_220w_ngram,3,100,11459,212.42,71,1635,9251,3,16
1784686585.024,real_q8_tensor_220w_ngram,0,100,11459,209.54,66,1695,9251,3,16
1784686585.024,real_q8_tensor_220w_ngram,1,100,11459,212.78,70,1620,9251,3,16
1784686585.024,real_q8_tensor_220w_ngram,2,100,11459,210.36,75,1725,9251,3,16
1784686585.024,real_q8_tensor_220w_ngram,3,100,11459,212.56,70,1605,9251,3,16
1784686585.590,real_q8_tensor_220w_ngram,0,90,11459,208.25,65,1905,9251,3,16
1784686585.590,real_q8_tensor_220w_ngram,1,53,11459,211.40,70,1575,9251,3,16
1784686585.590,real_q8_tensor_220w_ngram,2,54,11459,208.35,75,1875,9251,3,16
1784686585.590,real_q8_tensor_220w_ngram,3,70,11459,209.81,69,1635,9251,3,16
1784686586.192,real_q8_tensor_220w_ngram,0,90,11459,208.79,66,1695,9251,3,16
1784686586.192,real_q8_tensor_220w_ngram,1,53,11459,207.52,69,1590,9251,3,16
1784686586.192,real_q8_tensor_220w_ngram,2,54,11459,205.06,73,1650,9251,3,16
1784686586.192,real_q8_tensor_220w_ngram,3,70,11459,213.66,70,1635,9251,3,16
1784686586.769,real_q8_tensor_220w_ngram,0,100,11459,210.27,66,1695,9251,3,16
1784686586.769,real_q8_tensor_220w_ngram,1,81,11459,212.12,70,1605,9251,3,16
1784686586.769,real_q8_tensor_220w_ngram,2,79,11459,210.50,75,1635,9251,3,16
1784686586.769,real_q8_tensor_220w_ngram,3,100,11459,213.09,71,1650,9251,3,16
1784686587.343,real_q8_tensor_220w_ngram,0,100,11459,210.85,66,1695,9251,3,16
1784686587.343,real_q8_tensor_220w_ngram,1,81,11459,213.11,70,1620,9251,3,16
1784686587.343,real_q8_tensor_220w_ngram,2,79,11459,211.46,74,1710,9251,3,16
1784686587.343,real_q8_tensor_220w_ngram,3,100,11459,213.92,70,1620,9251,3,16
1784686587.919,real_q8_tensor_220w_ngram,0,100,11459,210.46,66,1770,9251,3,16
1784686587.919,real_q8_tensor_220w_ngram,1,100,11459,213.07,70,1680,9251,3,16
1784686587.919,real_q8_tensor_220w_ngram,2,100,11459,211.41,75,1650,9251,3,16
1784686587.919,real_q8_tensor_220w_ngram,3,100,11459,213.86,71,1710,9251,3,16
1784686588.512,real_q8_tensor_220w_ngram,0,100,11459,209.38,66,1770,9251,3,16
1784686588.512,real_q8_tensor_220w_ngram,1,100,11459,211.47,70,1695,9251,3,16
1784686588.512,real_q8_tensor_220w_ngram,2,100,11459,209.79,74,1725,9251,3,16
1784686588.512,real_q8_tensor_220w_ngram,3,100,11459,212.06,71,1650,9251,3,16
1784686589.087,real_q8_tensor_220w_ngram,0,100,11459,208.18,66,1710,9251,3,16
1784686589.087,real_q8_tensor_220w_ngram,1,100,11459,212.41,70,1590,9251,3,16
1784686589.087,real_q8_tensor_220w_ngram,2,100,11459,210.07,75,1665,9251,3,16
1784686589.087,real_q8_tensor_220w_ngram,3,100,11459,212.68,71,1680,9251,3,16
1784686589.684,real_q8_tensor_220w_ngram,0,100,11459,210.12,66,1755,9251,3,16
1784686589.684,real_q8_tensor_220w_ngram,1,100,11459,212.98,70,1695,9251,3,16
1784686589.684,real_q8_tensor_220w_ngram,2,100,11459,211.46,75,1725,9251,3,16
1784686589.684,real_q8_tensor_220w_ngram,3,100,11459,212.58,71,1695,9251,3,16
1784686590.279,real_q8_tensor_220w_ngram,0,100,11459,209.44,65,1770,9251,3,16
1784686590.279,real_q8_tensor_220w_ngram,1,100,11459,211.89,70,1710,9251,3,16
1784686590.279,real_q8_tensor_220w_ngram,2,100,11459,210.55,75,1740,9251,3,16
1784686590.279,real_q8_tensor_220w_ngram,3,100,11459,213.23,70,1695,9251,3,16
1784686590.845,real_q8_tensor_220w_ngram,0,100,11459,209.54,66,1860,9251,3,16
1784686590.845,real_q8_tensor_220w_ngram,1,100,11459,210.55,69,1830,9251,3,16
1784686590.845,real_q8_tensor_220w_ngram,2,100,11459,208.85,73,1770,9251,3,16
1784686590.845,real_q8_tensor_220w_ngram,3,100,11459,213.61,71,1845,9251,3,16
1784686591.416,real_q8_tensor_220w_ngram,0,84,11459,208.40,65,1680,9251,3,16
1784686591.416,real_q8_tensor_220w_ngram,1,52,11459,213.50,70,1560,9251,3,16
1784686591.416,real_q8_tensor_220w_ngram,2,53,11459,210.12,74,1875,9251,3,16
1784686591.416,real_q8_tensor_220w_ngram,3,68,11459,209.24,69,1605,9251,3,16
1784686591.993,real_q8_tensor_220w_ngram,0,84,11459,211.41,66,1770,9251,3,16
1784686591.993,real_q8_tensor_220w_ngram,1,52,11459,212.11,70,1635,9251,3,16
1784686591.993,real_q8_tensor_220w_ngram,2,53,11459,208.99,73,1695,9251,3,16
1784686591.993,real_q8_tensor_220w_ngram,3,68,11459,214.46,70,1620,9251,3,16
1784686592.588,real_q8_tensor_220w_ngram,0,100,11459,209.17,66,1680,9251,3,16
1784686592.588,real_q8_tensor_220w_ngram,1,69,11459,212.04,70,1560,9251,3,16
1784686592.588,real_q8_tensor_220w_ngram,2,100,11459,210.08,75,1635,9251,3,16
1784686592.588,real_q8_tensor_220w_ngram,3,100,11459,212.79,70,1590,9251,3,16
1784686593.181,real_q8_tensor_220w_ngram,0,100,11459,209.18,66,1755,9251,3,16
1784686593.181,real_q8_tensor_220w_ngram,1,69,11459,212.61,70,1680,9251,3,16
1784686593.181,real_q8_tensor_220w_ngram,2,100,11459,210.59,74,1635,9251,3,16
1784686593.181,real_q8_tensor_220w_ngram,3,100,11459,211.75,70,1665,9251,3,16
1784686593.754,real_q8_tensor_220w_ngram,0,100,11459,208.80,66,1680,9251,3,16
1784686593.754,real_q8_tensor_220w_ngram,1,100,11459,212.15,70,1590,9251,3,16
1784686593.754,real_q8_tensor_220w_ngram,2,100,11459,209.66,74,1650,9251,3,16
1784686593.754,real_q8_tensor_220w_ngram,3,100,11459,212.14,70,1605,9251,3,16
1784686594.328,real_q8_tensor_220w_ngram,0,100,11459,208.61,66,1740,9251,3,16
1784686594.328,real_q8_tensor_220w_ngram,1,100,11459,211.31,70,1605,9251,3,16
1784686594.328,real_q8_tensor_220w_ngram,2,100,11459,209.69,75,1635,9251,3,16
1784686594.328,real_q8_tensor_220w_ngram,3,100,11459,211.97,70,1680,9251,3,16
1784686594.902,real_q8_tensor_220w_ngram,0,100,11459,209.14,66,1680,9251,3,16
1784686594.902,real_q8_tensor_220w_ngram,1,100,11459,211.20,70,1590,9251,3,16
1784686594.902,real_q8_tensor_220w_ngram,2,100,11459,209.89,75,1650,9251,3,16
1784686594.902,real_q8_tensor_220w_ngram,3,100,11459,211.39,70,1590,9251,3,16
1784686595.476,real_q8_tensor_220w_ngram,0,100,11459,208.52,66,1770,9251,3,16
1784686595.476,real_q8_tensor_220w_ngram,1,100,11459,211.68,70,1650,9251,3,16
1784686595.476,real_q8_tensor_220w_ngram,2,100,11459,210.40,75,1620,9251,3,16
1784686595.476,real_q8_tensor_220w_ngram,3,100,11459,210.55,71,1710,9251,3,16
1784686596.049,real_q8_tensor_220w_ngram,0,100,11459,209.26,66,1680,9251,3,16
1784686596.049,real_q8_tensor_220w_ngram,1,100,11459,213.12,70,1590,9251,3,16
1784686596.049,real_q8_tensor_220w_ngram,2,100,11459,210.76,75,1620,9251,3,16
1784686596.049,real_q8_tensor_220w_ngram,3,100,11459,212.00,71,1650,9251,3,16
1784686596.642,real_q8_tensor_220w_ngram,0,100,11459,209.96,66,1755,9251,3,16
1784686596.642,real_q8_tensor_220w_ngram,1,100,11459,212.45,70,1680,9251,3,16
1784686596.642,real_q8_tensor_220w_ngram,2,100,11459,210.35,75,1725,9251,3,16
1784686596.642,real_q8_tensor_220w_ngram,3,100,11459,213.20,71,1695,9251,3,16
1784686597.219,real_q8_tensor_220w_ngram,0,100,11459,209.57,66,1680,9251,3,16
1784686597.219,real_q8_tensor_220w_ngram,1,100,11459,212.45,70,1575,9251,3,16
1784686597.219,real_q8_tensor_220w_ngram,2,77,11459,208.09,73,1875,9251,3,16
1784686597.219,real_q8_tensor_220w_ngram,3,100,11459,212.94,71,1695,9251,3,16
1784686597.827,real_q8_tensor_220w_ngram,0,100,11459,208.25,65,1905,9251,3,16
1784686597.827,real_q8_tensor_220w_ngram,1,55,11459,209.40,70,1875,9251,3,16
1784686597.827,real_q8_tensor_220w_ngram,2,58,11459,207.74,73,1860,9251,3,16
1784686597.827,real_q8_tensor_220w_ngram,3,97,11459,212.18,70,1890,9251,3,16
1784686598.401,real_q8_tensor_220w_ngram,0,100,11459,208.03,65,1650,9251,3,16
1784686598.401,real_q8_tensor_220w_ngram,1,93,11459,212.55,69,1530,9251,3,16
1784686598.401,real_q8_tensor_220w_ngram,2,76,11459,210.07,74,1605,9251,3,16
1784686598.401,real_q8_tensor_220w_ngram,3,76,11459,211.41,70,1575,9251,3,16
1784686598.982,real_q8_tensor_220w_ngram,0,58,11459,211.08,66,1740,9251,3,16
1784686598.982,real_q8_tensor_220w_ngram,1,52,11459,212.12,70,1650,9251,3,16
1784686598.982,real_q8_tensor_220w_ngram,2,51,11459,209.59,75,1710,9251,3,16
1784686598.982,real_q8_tensor_220w_ngram,3,73,11459,213.65,71,1650,9251,3,16
1784686599.558,real_q8_tensor_220w_ngram,0,100,11459,210.01,66,1695,9251,3,16
1784686599.558,real_q8_tensor_220w_ngram,1,52,11459,211.62,70,1590,9251,3,16
1784686599.558,real_q8_tensor_220w_ngram,2,88,11459,209.64,75,1650,9251,3,16
1784686599.558,real_q8_tensor_220w_ngram,3,75,11459,213.05,70,1605,9251,3,16
1784686600.162,real_q8_tensor_220w_ngram,0,100,11459,208.14,66,1680,9251,3,16
1784686600.162,real_q8_tensor_220w_ngram,1,100,11459,211.20,70,1590,9251,3,16
1784686600.162,real_q8_tensor_220w_ngram,2,100,11459,209.10,75,1635,9251,3,16
1784686600.162,real_q8_tensor_220w_ngram,3,100,11459,211.18,70,1680,9251,3,16
1784686600.762,real_q8_tensor_220w_ngram,0,100,11459,208.09,66,1665,9251,3,16
1784686600.762,real_q8_tensor_220w_ngram,1,100,11459,211.59,70,1590,9251,3,16
1784686600.762,real_q8_tensor_220w_ngram,2,100,11459,209.36,74,1680,9251,3,16
1784686600.762,real_q8_tensor_220w_ngram,3,100,11459,211.44,70,1605,9251,3,16
1784686601.352,real_q8_tensor_220w_ngram,0,100,11459,209.30,66,1650,9251,3,16
1784686601.352,real_q8_tensor_220w_ngram,1,100,11459,211.82,70,1575,9251,3,16
1784686601.352,real_q8_tensor_220w_ngram,2,100,11459,208.91,74,1695,9251,3,16
1784686601.352,real_q8_tensor_220w_ngram,3,100,11459,211.93,70,1590,9251,3,16
1784686601.926,real_q8_tensor_220w_ngram,0,100,11459,208.72,66,1710,9251,3,16
1784686601.926,real_q8_tensor_220w_ngram,1,100,11459,211.07,70,1575,9251,3,16
1784686601.926,real_q8_tensor_220w_ngram,2,93,11459,208.73,75,1605,9251,3,16
1784686601.926,real_q8_tensor_220w_ngram,3,100,11459,211.82,71,1635,9251,3,16
1784686602.529,real_q8_tensor_220w_ngram,0,100,11459,208.37,66,1665,9251,3,16
1784686602.529,real_q8_tensor_220w_ngram,1,100,11459,210.49,70,1560,9251,3,16
1784686602.529,real_q8_tensor_220w_ngram,2,100,11459,208.99,75,1620,9251,3,16
1784686602.529,real_q8_tensor_220w_ngram,3,100,11459,211.45,71,1605,9251,3,16
1784686603.104,real_q8_tensor_220w_ngram,0,100,11459,209.17,66,1680,9251,3,16
1784686603.104,real_q8_tensor_220w_ngram,1,100,11459,211.34,70,1575,9251,3,16
1784686603.104,real_q8_tensor_220w_ngram,2,100,11459,209.69,75,1620,9251,3,16
1784686603.104,real_q8_tensor_220w_ngram,3,100,11459,211.48,70,1605,9251,3,16
1784686603.699,real_q8_tensor_220w_ngram,0,100,11459,208.34,66,1650,9251,3,16
1784686603.699,real_q8_tensor_220w_ngram,1,100,11459,211.86,70,1560,9251,3,16
1784686603.699,real_q8_tensor_220w_ngram,2,100,11459,209.81,75,1590,9251,3,16
1784686603.699,real_q8_tensor_220w_ngram,3,100,11459,211.30,71,1590,9251,3,16
1784686604.274,real_q8_tensor_220w_ngram,0,100,11459,208.16,66,1755,9251,3,16
1784686604.274,real_q8_tensor_220w_ngram,1,100,11459,211.27,70,1665,9251,3,16
1784686604.274,real_q8_tensor_220w_ngram,2,100,11459,209.43,75,1620,9251,3,16
1784686604.274,real_q8_tensor_220w_ngram,3,100,11459,211.29,71,1680,9251,3,16
1784686604.863,real_q8_tensor_220w_ngram,0,100,11459,207.41,66,1815,9251,3,16
1784686604.863,real_q8_tensor_220w_ngram,1,100,11459,211.38,70,1725,9251,3,16
1784686604.863,real_q8_tensor_220w_ngram,2,100,11459,208.81,74,1620,9251,3,16
1784686604.863,real_q8_tensor_220w_ngram,3,97,11459,211.76,70,1755,9251,3,16
1784686605.446,real_q8_tensor_220w_ngram,0,100,11459,208.17,66,1785,9251,3,16
1784686605.446,real_q8_tensor_220w_ngram,1,100,11459,211.75,70,1725,9251,3,16
1784686605.446,real_q8_tensor_220w_ngram,2,100,11459,209.10,75,1755,9251,3,16
1784686605.446,real_q8_tensor_220w_ngram,3,100,11459,212.12,71,1740,9251,3,16
1784686606.012,real_q8_tensor_220w_ngram,0,100,11459,207.87,66,1830,9251,3,16
1784686606.012,real_q8_tensor_220w_ngram,1,63,11459,211.53,70,1860,9251,3,16
1784686606.012,real_q8_tensor_220w_ngram,2,65,11459,209.56,75,1815,9251,3,16
1784686606.012,real_q8_tensor_220w_ngram,3,100,11459,212.06,70,1785,9251,3,16
1784686606.580,real_q8_tensor_220w_ngram,0,79,11459,209.14,64,1890,9251,3,16
1784686606.580,real_q8_tensor_220w_ngram,1,63,11459,210.48,70,1860,9251,3,16
1784686606.580,real_q8_tensor_220w_ngram,2,65,11459,208.44,74,1830,9251,3,16
1784686606.580,real_q8_tensor_220w_ngram,3,100,11459,211.95,69,1875,9251,3,16
1784686607.151,real_q8_tensor_220w_ngram,0,79,11459,207.18,65,1725,9251,3,16
1784686607.151,real_q8_tensor_220w_ngram,1,77,11459,210.88,69,1650,9251,3,16
1784686607.151,real_q8_tensor_220w_ngram,2,74,11459,208.91,73,1605,9251,3,16
1784686607.151,real_q8_tensor_220w_ngram,3,49,11459,210.62,71,1650,9251,3,16
1784686607.791,real_q8_tensor_220w_ngram,0,58,11459,208.63,65,1650,9251,3,16
1784686607.791,real_q8_tensor_220w_ngram,1,77,11459,209.56,70,1560,9251,3,16
1784686607.791,real_q8_tensor_220w_ngram,2,74,11459,209.05,74,1710,9251,3,16
1784686607.791,real_q8_tensor_220w_ngram,3,49,11459,211.51,70,1575,9251,3,16
1784686608.368,real_q8_tensor_220w_ngram,0,58,11459,208.15,64,1665,9251,3,16
1784686608.368,real_q8_tensor_220w_ngram,1,64,11459,211.04,70,1560,9251,3,16
1784686608.368,real_q8_tensor_220w_ngram,2,72,11459,209.41,74,1695,9251,3,16
1784686608.368,real_q8_tensor_220w_ngram,3,100,11459,210.75,70,1590,9251,3,16
1784686608.944,real_q8_tensor_220w_ngram,0,53,11459,206.93,65,1650,9251,3,16
1784686608.944,real_q8_tensor_220w_ngram,1,75,11459,209.78,70,1590,9251,3,16
1784686608.944,real_q8_tensor_220w_ngram,2,75,11459,208.72,75,1620,9251,3,16
1784686608.944,real_q8_tensor_220w_ngram,3,84,11459,210.82,70,1665,9251,3,16
1784686609.523,real_q8_tensor_220w_ngram,0,53,11459,207.90,66,1695,9251,3,16
1784686609.523,real_q8_tensor_220w_ngram,1,100,11459,210.81,70,1665,9251,3,16
1784686609.523,real_q8_tensor_220w_ngram,2,100,11459,208.97,74,1620,9251,3,16
1784686609.523,real_q8_tensor_220w_ngram,3,99,11459,211.05,70,1665,9251,3,16
1784686610.099,real_q8_tensor_220w_ngram,0,100,11459,207.96,66,1650,9251,3,16
1784686610.099,real_q8_tensor_220w_ngram,1,95,11459,211.25,70,1530,9251,3,16
1784686610.099,real_q8_tensor_220w_ngram,2,74,11459,209.38,74,1605,9251,3,16
1784686610.099,real_q8_tensor_220w_ngram,3,74,11459,210.75,70,1575,9251,3,16
1784686610.695,real_q8_tensor_220w_ngram,0,100,11459,206.88,66,1740,9251,3,16
1784686610.695,real_q8_tensor_220w_ngram,1,100,11459,210.34,70,1620,9251,3,16
1784686610.695,real_q8_tensor_220w_ngram,2,100,11459,208.41,75,1650,9251,3,16
1784686610.695,real_q8_tensor_220w_ngram,3,100,11459,209.89,70,1680,9251,3,16
1784686611.271,real_q8_tensor_220w_ngram,0,100,11459,206.84,66,1635,9251,3,16
1784686611.271,real_q8_tensor_220w_ngram,1,100,11459,210.31,70,1545,9251,3,16
1784686611.271,real_q8_tensor_220w_ngram,2,100,11459,207.46,74,1605,9251,3,16
1784686611.271,real_q8_tensor_220w_ngram,3,100,11459,210.62,71,1575,9251,3,16
1784686611.870,real_q8_tensor_220w_ngram,0,100,11459,207.73,66,1755,9251,3,16
1784686611.870,real_q8_tensor_220w_ngram,1,100,11459,210.13,70,1680,9251,3,16
1784686611.870,real_q8_tensor_220w_ngram,2,100,11459,207.60,74,1605,9251,3,16
1784686611.870,real_q8_tensor_220w_ngram,3,100,11459,210.48,71,1680,9251,3,16
1784686612.445,real_q8_tensor_220w_ngram,0,100,11459,207.65,66,1650,9251,3,16
1784686612.445,real_q8_tensor_220w_ngram,1,78,11459,210.92,70,1575,9251,3,16
1784686612.445,real_q8_tensor_220w_ngram,2,100,11459,208.60,74,1590,9251,3,16
1784686612.445,real_q8_tensor_220w_ngram,3,97,11459,210.77,70,1635,9251,3,16
1784686613.045,real_q8_tensor_220w_ngram,0,100,11459,207.49,66,1680,9251,3,16
1784686613.045,real_q8_tensor_220w_ngram,1,100,11459,210.13,70,1545,9251,3,16
1784686613.045,real_q8_tensor_220w_ngram,2,100,11459,208.46,75,1665,9251,3,16
1784686613.045,real_q8_tensor_220w_ngram,3,100,11459,210.11,70,1575,9251,3,16
1784686613.642,real_q8_tensor_220w_ngram,0,100,11459,207.13,66,1695,9251,3,16
1784686613.642,real_q8_tensor_220w_ngram,1,100,11459,210.35,70,1575,9251,3,16
1784686613.642,real_q8_tensor_220w_ngram,2,100,11459,208.73,75,1620,9251,3,16
1784686613.642,real_q8_tensor_220w_ngram,3,100,11459,210.38,71,1635,9251,3,16
1784686614.216,real_q8_tensor_220w_ngram,0,100,11459,207.14,66,1665,9251,3,16
1784686614.216,real_q8_tensor_220w_ngram,1,100,11459,210.15,70,1590,9251,3,16
1784686614.216,real_q8_tensor_220w_ngram,2,100,11459,208.57,75,1680,9251,3,16
1784686614.216,real_q8_tensor_220w_ngram,3,100,11459,210.66,71,1575,9251,3,16
1784686614.790,real_q8_tensor_220w_ngram,0,100,11459,206.98,66,1740,9251,3,16
1784686614.790,real_q8_tensor_220w_ngram,1,100,11459,209.95,70,1620,9251,3,16
1784686614.790,real_q8_tensor_220w_ngram,2,100,11459,208.39,75,1590,9251,3,16
1784686614.790,real_q8_tensor_220w_ngram,3,100,11459,210.15,70,1680,9251,3,16
1784686615.366,real_q8_tensor_220w_ngram,0,100,11459,206.91,66,1635,9251,3,16
1784686615.366,real_q8_tensor_220w_ngram,1,100,11459,210.18,70,1545,9251,3,16
1784686615.366,real_q8_tensor_220w_ngram,2,100,11459,207.95,74,1710,9251,3,16
1784686615.366,real_q8_tensor_220w_ngram,3,100,11459,209.99,70,1560,9251,3,16
1784686615.942,real_q8_tensor_220w_ngram,0,100,11459,206.90,66,1665,9251,3,16
1784686615.942,real_q8_tensor_220w_ngram,1,100,11459,210.77,70,1665,9251,3,16
1784686615.942,real_q8_tensor_220w_ngram,2,100,11459,208.54,75,1605,9251,3,16
1784686615.942,real_q8_tensor_220w_ngram,3,100,11459,210.43,70,1680,9251,3,16
1784686616.520,real_q8_tensor_220w_ngram,0,100,11459,206.60,66,1665,9251,3,16
1784686616.520,real_q8_tensor_220w_ngram,1,100,11459,210.56,70,1665,9251,3,16
1784686616.520,real_q8_tensor_220w_ngram,2,100,11459,208.99,75,1590,9251,3,16
1784686616.520,real_q8_tensor_220w_ngram,3,100,11459,209.93,70,1680,9251,3,16
1784686617.118,real_q8_tensor_220w_ngram,0,100,11459,207.13,66,1665,9251,3,16
1784686617.118,real_q8_tensor_220w_ngram,1,100,11459,210.45,70,1650,9251,3,16
1784686617.118,real_q8_tensor_220w_ngram,2,100,11459,208.55,75,1590,9251,3,16
1784686617.118,real_q8_tensor_220w_ngram,3,100,11459,209.58,70,1650,9251,3,16
1784686617.719,real_q8_tensor_220w_ngram,0,100,11459,208.81,66,1710,9251,3,16
1784686617.719,real_q8_tensor_220w_ngram,1,100,11459,210.18,70,1635,9251,3,16
1784686617.719,real_q8_tensor_220w_ngram,2,100,11459,208.17,74,1620,9251,3,16
1784686617.719,real_q8_tensor_220w_ngram,3,100,11459,212.23,70,1650,9251,3,16
1784686618.314,real_q8_tensor_220w_ngram,0,100,11459,207.47,66,1635,9251,3,16
1784686618.314,real_q8_tensor_220w_ngram,1,100,11459,211.18,70,1530,9251,3,16
1784686618.314,real_q8_tensor_220w_ngram,2,100,11459,208.36,74,1680,9251,3,16
1784686618.314,real_q8_tensor_220w_ngram,3,100,11459,209.71,70,1560,9251,3,16
1784686618.886,real_q8_tensor_220w_ngram,0,100,11459,207.42,66,1650,9251,3,16
1784686618.886,real_q8_tensor_220w_ngram,1,100,11459,210.35,70,1590,9251,3,16
1784686618.886,real_q8_tensor_220w_ngram,2,100,11459,207.47,74,1665,9251,3,16
1784686618.886,real_q8_tensor_220w_ngram,3,100,11459,209.78,70,1575,9251,3,16
1784686619.458,real_q8_tensor_220w_ngram,0,100,11459,207.03,66,1665,9251,3,16
1784686619.458,real_q8_tensor_220w_ngram,1,100,11459,209.16,70,1545,9251,3,16
1784686619.458,real_q8_tensor_220w_ngram,2,100,11459,207.03,74,1590,9251,3,16
1784686619.458,real_q8_tensor_220w_ngram,3,100,11459,210.93,70,1605,9251,3,16
1784686620.031,real_q8_tensor_220w_ngram,0,100,11459,209.68,65,1740,9251,3,16
1784686620.031,real_q8_tensor_220w_ngram,1,100,11459,209.18,70,1620,9251,3,16
1784686620.031,real_q8_tensor_220w_ngram,2,100,11459,206.87,75,1575,9251,3,16
1784686620.031,real_q8_tensor_220w_ngram,3,100,11459,213.65,71,1680,9251,3,16
1784686620.627,real_q8_tensor_220w_ngram,0,97,11459,212.23,66,1860,9251,3,16
1784686620.627,real_q8_tensor_220w_ngram,1,100,11459,211.88,70,1710,9251,3,16
1784686620.627,real_q8_tensor_220w_ngram,2,100,11459,209.57,75,1755,9251,3,16
1784686620.627,real_q8_tensor_220w_ngram,3,100,11459,213.71,69,1815,9251,3,16
1784686621.237,real_q8_tensor_220w_ngram,0,97,11459,207.14,66,1785,9251,3,16
1784686621.237,real_q8_tensor_220w_ngram,1,100,11459,213.82,70,1725,9251,3,16
1784686621.237,real_q8_tensor_220w_ngram,2,100,11459,212.20,74,1575,9251,3,16
1784686621.237,real_q8_tensor_220w_ngram,3,100,11459,209.50,70,1755,9251,3,16
1784686621.802,real_q8_tensor_220w_ngram,0,100,11459,206.47,66,1635,9251,3,16
1784686621.802,real_q8_tensor_220w_ngram,1,100,11459,213.71,70,1515,9251,3,16
1784686621.802,real_q8_tensor_220w_ngram,2,100,11459,212.59,74,1590,9251,3,16
1784686621.802,real_q8_tensor_220w_ngram,3,100,11459,211.17,70,1560,9251,3,16
1784686622.367,real_q8_tensor_220w_ngram,0,100,11459,209.09,65,1785,9251,3,16
1784686622.367,real_q8_tensor_220w_ngram,1,100,11459,209.33,70,1710,9251,3,16
1784686622.367,real_q8_tensor_220w_ngram,2,100,11459,209.02,75,1575,9251,3,16
1784686622.367,real_q8_tensor_220w_ngram,3,100,11459,213.03,70,1740,9251,3,16
1784686622.958,real_q8_tensor_220w_ngram,0,100,11459,211.95,65,1605,9251,3,16
1784686622.958,real_q8_tensor_220w_ngram,1,100,11459,211.57,70,1560,9251,3,16
1784686622.958,real_q8_tensor_220w_ngram,2,100,11459,209.51,75,1605,9251,3,16
1784686622.958,real_q8_tensor_220w_ngram,3,94,11459,215.15,70,1545,9251,3,16
1784686623.527,real_q8_tensor_220w_ngram,0,100,11459,206.01,66,1605,9251,3,16
1784686623.527,real_q8_tensor_220w_ngram,1,100,11459,212.82,70,1560,9251,3,16
1784686623.527,real_q8_tensor_220w_ngram,2,100,11459,211.08,74,1695,9251,3,16
1784686623.527,real_q8_tensor_220w_ngram,3,100,11459,210.40,70,1545,9251,3,16
1784686624.095,real_q8_tensor_220w_ngram,0,100,11459,206.14,66,1725,9251,3,16
1784686624.095,real_q8_tensor_220w_ngram,1,100,11459,214.86,70,1650,9251,3,16
1784686624.095,real_q8_tensor_220w_ngram,2,100,11459,213.22,75,1695,9251,3,16
1784686624.095,real_q8_tensor_220w_ngram,3,100,11459,210.38,70,1650,9251,3,16
1784686624.664,real_q8_tensor_220w_ngram,0,100,11459,207.88,66,1635,9251,3,16
1784686624.664,real_q8_tensor_220w_ngram,1,100,11459,209.04,70,1500,9251,3,16
1784686624.664,real_q8_tensor_220w_ngram,2,100,11459,207.26,75,1680,9251,3,16
1784686624.664,real_q8_tensor_220w_ngram,3,100,11459,212.75,70,1560,9251,3,16
1784686625.255,real_q8_tensor_220w_ngram,0,100,11459,209.58,66,1695,9251,3,16
1784686625.255,real_q8_tensor_220w_ngram,1,100,11459,208.78,70,1605,9251,3,16
1784686625.255,real_q8_tensor_220w_ngram,2,100,11459,207.76,74,1665,9251,3,16
1784686625.255,real_q8_tensor_220w_ngram,3,100,11459,213.49,70,1605,9251,3,16
1784686625.825,real_q8_tensor_220w_ngram,0,100,11459,205.59,65,1635,9251,3,16
1784686625.825,real_q8_tensor_220w_ngram,1,100,11459,210.59,70,1560,9251,3,16
1784686625.825,real_q8_tensor_220w_ngram,2,100,11459,208.70,74,1665,9251,3,16
1784686625.825,real_q8_tensor_220w_ngram,3,100,11459,208.81,70,1560,9251,3,16
1784686626.397,real_q8_tensor_220w_ngram,0,100,11459,205.79,66,1725,9251,3,16
1784686626.397,real_q8_tensor_220w_ngram,1,100,11459,213.01,70,1650,9251,3,16
1784686626.397,real_q8_tensor_220w_ngram,2,100,11459,210.20,74,1695,9251,3,16
1784686626.397,real_q8_tensor_220w_ngram,3,100,11459,208.79,70,1560,9251,3,16
1784686626.974,real_q8_tensor_220w_ngram,0,100,11459,204.94,65,1620,9251,3,16
1784686626.974,real_q8_tensor_220w_ngram,1,100,11459,213.69,70,1485,9251,3,16
1784686626.974,real_q8_tensor_220w_ngram,2,100,11459,211.62,74,1680,9251,3,16
1784686626.974,real_q8_tensor_220w_ngram,3,100,11459,209.46,70,1545,9251,3,16
1784686627.564,real_q8_tensor_220w_ngram,0,100,11459,206.68,66,1665,9251,3,16
1784686627.564,real_q8_tensor_220w_ngram,1,100,11459,209.18,70,1650,9251,3,16
1784686627.564,real_q8_tensor_220w_ngram,2,100,11459,207.36,74,1575,9251,3,16
1784686627.564,real_q8_tensor_220w_ngram,3,100,11459,210.87,70,1635,9251,3,16
1784686628.152,real_q8_tensor_220w_ngram,0,100,11459,208.01,66,1740,9251,3,16
1784686628.152,real_q8_tensor_220w_ngram,1,100,11459,209.25,71,1620,9251,3,16
1784686628.152,real_q8_tensor_220w_ngram,2,100,11459,206.65,75,1665,9251,3,16
1784686628.152,real_q8_tensor_220w_ngram,3,100,11459,212.71,71,1680,9251,3,16
1784686628.727,real_q8_tensor_220w_ngram,0,100,11459,209.96,66,1605,9251,3,16
1784686628.727,real_q8_tensor_220w_ngram,1,100,11459,208.58,70,1485,9251,3,16
1784686628.727,real_q8_tensor_220w_ngram,2,100,11459,206.12,74,1680,9251,3,16
1784686628.727,real_q8_tensor_220w_ngram,3,100,11459,213.66,70,1545,9251,3,16
1784686629.320,real_q8_tensor_220w_ngram,0,100,11459,211.21,65,1605,9251,3,16
1784686629.320,real_q8_tensor_220w_ngram,1,100,11459,210.30,70,1470,9251,3,16
1784686629.320,real_q8_tensor_220w_ngram,2,100,11459,208.54,75,1545,9251,3,16
1784686629.320,real_q8_tensor_220w_ngram,3,100,11459,214.60,70,1530,9251,3,16
1784686629.942,real_q8_tensor_220w_ngram,0,100,11459,211.87,66,1710,9251,3,16
1784686629.942,real_q8_tensor_220w_ngram,1,100,11459,211.10,70,1575,9251,3,16
1784686629.942,real_q8_tensor_220w_ngram,2,100,11459,209.50,75,1575,9251,3,16
1784686629.942,real_q8_tensor_220w_ngram,3,100,11459,215.07,70,1650,9251,3,16
1784686630.514,real_q8_tensor_220w_ngram,0,100,11459,205.96,65,1695,9251,3,16
1784686630.514,real_q8_tensor_220w_ngram,1,100,11459,211.72,70,1575,9251,3,16
1784686630.514,real_q8_tensor_220w_ngram,2,100,11459,210.16,74,1605,9251,3,16
1784686630.514,real_q8_tensor_220w_ngram,3,100,11459,208.90,70,1635,9251,3,16
1784686631.086,real_q8_tensor_220w_ngram,0,100,11459,205.92,66,1710,9251,3,16
1784686631.086,real_q8_tensor_220w_ngram,1,100,11459,209.27,70,1635,9251,3,16
1784686631.086,real_q8_tensor_220w_ngram,2,100,11459,211.63,75,1590,9251,3,16
1784686631.086,real_q8_tensor_220w_ngram,3,100,11459,208.57,70,1635,9251,3,16
1784686631.664,real_q8_tensor_220w_ngram,0,100,11459,204.52,65,1620,9251,3,16
1784686631.664,real_q8_tensor_220w_ngram,1,100,11459,209.22,70,1515,9251,3,16
1784686631.664,real_q8_tensor_220w_ngram,2,100,11459,207.30,74,1680,9251,3,16
1784686631.664,real_q8_tensor_220w_ngram,3,100,11459,209.54,71,1560,9251,3,16
1784686632.240,real_q8_tensor_220w_ngram,0,100,11459,205.25,66,1605,9251,3,16
1784686632.240,real_q8_tensor_220w_ngram,1,100,11459,208.36,70,1590,9251,3,16
1784686632.240,real_q8_tensor_220w_ngram,2,100,11459,205.97,74,1545,9251,3,16
1784686632.240,real_q8_tensor_220w_ngram,3,100,11459,210.74,70,1650,9251,3,16
1784686632.814,real_q8_tensor_220w_ngram,0,100,11459,207.28,65,1680,9251,3,16
1784686632.814,real_q8_tensor_220w_ngram,1,100,11459,208.35,70,1500,9251,3,16
1784686632.814,real_q8_tensor_220w_ngram,2,100,11459,205.75,74,1665,9251,3,16
1784686632.814,real_q8_tensor_220w_ngram,3,100,11459,211.37,70,1560,9251,3,16
1784686633.414,real_q8_tensor_220w_ngram,0,100,11459,207.13,65,1740,9251,3,16
1784686633.414,real_q8_tensor_220w_ngram,1,100,11459,208.82,70,1650,9251,3,16
1784686633.414,real_q8_tensor_220w_ngram,2,100,11459,206.82,75,1695,9251,3,16
1784686633.414,real_q8_tensor_220w_ngram,3,100,11459,212.85,70,1530,9251,3,16
1784686634.009,real_q8_tensor_220w_ngram,0,100,11459,206.02,65,1740,9251,3,16
1784686634.009,real_q8_tensor_220w_ngram,1,100,11459,208.38,70,1620,9251,3,16
1784686634.009,real_q8_tensor_220w_ngram,2,100,11459,206.34,75,1560,9251,3,16
1784686634.009,real_q8_tensor_220w_ngram,3,100,11459,213.35,70,1680,9251,3,16
1784686634.601,real_q8_tensor_220w_ngram,0,100,11459,205.08,66,1680,9251,3,16
1784686634.601,real_q8_tensor_220w_ngram,1,100,11459,207.99,70,1545,9251,3,16
1784686634.601,real_q8_tensor_220w_ngram,2,100,11459,205.57,74,1575,9251,3,16
1784686634.601,real_q8_tensor_220w_ngram,3,100,11459,209.01,70,1605,9251,3,16
1784686635.195,real_q8_tensor_220w_ngram,0,100,11459,204.53,66,1725,9251,3,16
1784686635.195,real_q8_tensor_220w_ngram,1,100,11459,207.76,70,1575,9251,3,16
1784686635.195,real_q8_tensor_220w_ngram,2,100,11459,205.65,74,1635,9251,3,16
1784686635.195,real_q8_tensor_220w_ngram,3,100,11459,209.20,70,1545,9251,3,16
1784686635.770,real_q8_tensor_220w_ngram,0,100,11459,204.66,66,1635,9251,3,16
1784686635.770,real_q8_tensor_220w_ngram,1,100,11459,207.71,70,1530,9251,3,16
1784686635.770,real_q8_tensor_220w_ngram,2,100,11459,205.86,74,1590,9251,3,16
1784686635.770,real_q8_tensor_220w_ngram,3,100,11459,209.38,70,1560,9251,3,16
1784686636.344,real_q8_tensor_220w_ngram,0,100,11459,205.77,65,1740,9251,3,16
1784686636.344,real_q8_tensor_220w_ngram,1,100,11459,207.61,70,1650,9251,3,16
1784686636.344,real_q8_tensor_220w_ngram,2,100,11459,205.98,74,1575,9251,3,16
1784686636.344,real_q8_tensor_220w_ngram,3,100,11459,209.02,70,1680,9251,3,16
1784686636.919,real_q8_tensor_220w_ngram,0,100,11459,205.26,65,1605,9251,3,16
1784686636.919,real_q8_tensor_220w_ngram,1,100,11459,207.72,70,1470,9251,3,16
1784686636.919,real_q8_tensor_220w_ngram,2,100,11459,205.56,74,1680,9251,3,16
1784686636.919,real_q8_tensor_220w_ngram,3,96,11459,209.07,70,1515,9251,3,16
1784686637.497,real_q8_tensor_220w_ngram,0,100,11459,204.64,65,1710,9251,3,16
1784686637.497,real_q8_tensor_220w_ngram,1,100,11459,208.05,70,1485,9251,3,16
1784686637.497,real_q8_tensor_220w_ngram,2,100,11459,205.71,74,1680,9251,3,16
1784686637.497,real_q8_tensor_220w_ngram,3,100,11459,208.85,70,1545,9251,3,16
1784686638.091,real_q8_tensor_220w_ngram,0,100,11459,204.49,65,1665,9251,3,16
1784686638.091,real_q8_tensor_220w_ngram,1,100,11459,208.50,70,1530,9251,3,16
1784686638.091,real_q8_tensor_220w_ngram,2,100,11459,206.04,74,1575,9251,3,16
1784686638.091,real_q8_tensor_220w_ngram,3,100,11459,208.67,70,1590,9251,3,16
1784686638.665,real_q8_tensor_220w_ngram,0,100,11459,204.77,65,1635,9251,3,16
1784686638.665,real_q8_tensor_220w_ngram,1,100,11459,208.36,70,1545,9251,3,16
1784686638.665,real_q8_tensor_220w_ngram,2,100,11459,205.68,74,1665,9251,3,16
1784686638.665,real_q8_tensor_220w_ngram,3,100,11459,208.68,70,1560,9251,3,16
1784686639.242,real_q8_tensor_220w_ngram,0,100,11459,205.21,66,1740,9251,3,16
1784686639.242,real_q8_tensor_220w_ngram,1,100,11459,207.90,70,1605,9251,3,16
1784686639.242,real_q8_tensor_220w_ngram,2,100,11459,205.68,74,1545,9251,3,16
1784686639.242,real_q8_tensor_220w_ngram,3,100,11459,208.77,70,1665,9251,3,16
1784686639.816,real_q8_tensor_220w_ngram,0,100,11459,205.85,65,1710,9251,3,16
1784686639.816,real_q8_tensor_220w_ngram,1,100,11459,208.15,70,1635,9251,3,16
1784686639.816,real_q8_tensor_220w_ngram,2,100,11459,206.13,74,1680,9251,3,16
1784686639.816,real_q8_tensor_220w_ngram,3,100,11459,208.64,70,1545,9251,3,16
1784686640.427,real_q8_tensor_220w_ngram,0,100,11459,205.79,65,1665,9251,3,16
1784686640.427,real_q8_tensor_220w_ngram,1,75,11459,208.47,70,1605,9251,3,16
1784686640.427,real_q8_tensor_220w_ngram,2,100,11459,206.98,74,1665,9251,3,16
1784686640.427,real_q8_tensor_220w_ngram,3,93,11459,208.37,70,1605,9251,3,16
1784686641.025,real_q8_tensor_220w_ngram,0,100,11459,206.06,65,1620,9251,3,16
1784686641.025,real_q8_tensor_220w_ngram,1,100,11459,207.88,70,1515,9251,3,16
1784686641.025,real_q8_tensor_220w_ngram,2,100,11459,206.71,74,1695,9251,3,16
1784686641.025,real_q8_tensor_220w_ngram,3,100,11459,208.83,70,1530,9251,3,16
1784686641.620,real_q8_tensor_220w_ngram,0,100,11459,205.98,65,1710,9251,3,16
1784686641.620,real_q8_tensor_220w_ngram,1,100,11459,206.84,70,1605,9251,3,16
1784686641.620,real_q8_tensor_220w_ngram,2,100,11459,205.07,74,1590,9251,3,16
1784686641.620,real_q8_tensor_220w_ngram,3,100,11459,208.91,70,1635,9251,3,16
1784686642.194,real_q8_tensor_220w_ngram,0,100,11459,204.25,65,1590,9251,3,16
1784686642.194,real_q8_tensor_220w_ngram,1,100,11459,206.68,70,1485,9251,3,16
1784686642.194,real_q8_tensor_220w_ngram,2,100,11459,205.15,74,1530,9251,3,16
1784686642.194,real_q8_tensor_220w_ngram,3,100,11459,208.76,70,1530,9251,3,16
1784686642.766,real_q8_tensor_220w_ngram,0,100,11459,203.07,65,1590,9251,3,16
1784686642.766,real_q8_tensor_220w_ngram,1,100,11459,207.53,70,1485,9251,3,16
1784686642.766,real_q8_tensor_220w_ngram,2,100,11459,205.93,74,1665,9251,3,16
1784686642.766,real_q8_tensor_220w_ngram,3,100,11459,209.05,70,1515,9251,3,16
1784686643.340,real_q8_tensor_220w_ngram,0,100,11459,204.05,65,1695,9251,3,16
1784686643.340,real_q8_tensor_220w_ngram,1,100,11459,208.11,70,1605,9251,3,16
1784686643.340,real_q8_tensor_220w_ngram,2,100,11459,205.88,74,1590,9251,3,16
1784686643.340,real_q8_tensor_220w_ngram,3,100,11459,207.65,70,1605,9251,3,16
1784686643.917,real_q8_tensor_220w_ngram,0,100,11459,205.36,65,1725,9251,3,16
1784686643.917,real_q8_tensor_220w_ngram,1,71,11459,208.61,70,1485,9251,3,16
1784686643.917,real_q8_tensor_220w_ngram,2,74,11459,206.48,74,1665,9251,3,16
1784686643.917,real_q8_tensor_220w_ngram,3,80,11459,208.44,70,1530,9251,3,16
1784686644.514,real_q8_tensor_220w_ngram,0,100,11459,204.42,65,1590,9251,3,16
1784686644.514,real_q8_tensor_220w_ngram,1,85,11459,207.00,70,1485,9251,3,16
1784686644.514,real_q8_tensor_220w_ngram,2,83,11459,204.94,74,1545,9251,3,16
1784686644.514,real_q8_tensor_220w_ngram,3,100,11459,209.20,70,1530,9251,3,16
1784686645.105,real_q8_tensor_220w_ngram,0,42,11459,202.03,65,1635,9251,3,16
1784686645.105,real_q8_tensor_220w_ngram,1,85,11459,206.86,68,1560,9251,3,16
1784686645.105,real_q8_tensor_220w_ngram,2,83,11459,205.27,72,1635,9251,3,16
1784686645.105,real_q8_tensor_220w_ngram,3,100,11459,206.86,70,1560,9251,3,16
1784686645.684,real_q8_tensor_220w_ngram,0,42,11459,202.88,65,1620,9251,3,16
1784686645.684,real_q8_tensor_220w_ngram,1,76,11459,208.77,69,1560,9251,3,16
1784686645.684,real_q8_tensor_220w_ngram,2,69,11459,206.83,72,1650,9251,3,16
1784686645.684,real_q8_tensor_220w_ngram,3,40,11459,205.72,70,1515,9251,3,16
1784686646.260,real_q8_tensor_220w_ngram,0,50,11459,203.54,66,1890,9251,3,16
1784686646.260,real_q8_tensor_220w_ngram,1,76,11459,209.78,69,1890,9251,3,16
1784686646.260,real_q8_tensor_220w_ngram,2,69,11459,208.31,73,1860,9251,3,16
1784686646.260,real_q8_tensor_220w_ngram,3,40,11459,205.64,69,1905,9251,3,16
1784686646.830,real_q8_tensor_220w_ngram,0,50,11459,210.72,65,1845,9251,3,16
1784686646.830,real_q8_tensor_220w_ngram,1,87,11459,210.04,69,1800,9251,3,16
1784686646.830,real_q8_tensor_220w_ngram,2,90,11459,209.10,73,1725,9251,3,16
1784686646.830,real_q8_tensor_220w_ngram,3,100,11459,214.29,70,1815,9251,3,16
1784686647.392,real_q8_tensor_220w_ngram,0,100,11459,210.81,65,1695,9251,3,16
1784686647.392,real_q8_tensor_220w_ngram,1,87,11459,211.76,70,1605,9251,3,16
1784686647.392,real_q8_tensor_220w_ngram,2,90,11459,210.52,74,1665,9251,3,16
1784686647.392,real_q8_tensor_220w_ngram,3,100,11459,214.57,70,1620,9251,3,16
1784686647.962,real_q8_tensor_220w_ngram,0,100,11459,209.11,65,1695,9251,3,16
1784686647.962,real_q8_tensor_220w_ngram,1,100,11459,208.13,70,1605,9251,3,16
1784686647.962,real_q8_tensor_220w_ngram,2,100,11459,205.53,74,1590,9251,3,16
1784686647.962,real_q8_tensor_220w_ngram,3,100,11459,213.88,70,1605,9251,3,16
1784686648.540,real_q8_tensor_220w_ngram,0,100,11459,207.77,65,1650,9251,3,16
1784686648.540,real_q8_tensor_220w_ngram,1,100,11459,206.70,70,1590,9251,3,16
1784686648.540,real_q8_tensor_220w_ngram,2,100,11459,204.99,74,1605,9251,3,16
1784686648.540,real_q8_tensor_220w_ngram,3,100,11459,211.59,70,1560,9251,3,16
1784686649.114,real_q8_tensor_220w_ngram,0,100,11459,203.61,65,1740,9251,3,16
1784686649.114,real_q8_tensor_220w_ngram,1,100,11459,206.76,70,1485,9251,3,16
1784686649.114,real_q8_tensor_220w_ngram,2,100,11459,205.09,74,1665,9251,3,16
1784686649.114,real_q8_tensor_220w_ngram,3,100,11459,207.18,70,1515,9251,3,16
1784686649.689,real_q8_tensor_220w_ngram,0,100,11459,203.18,65,1710,9251,3,16
1784686649.689,real_q8_tensor_220w_ngram,1,100,11459,207.59,70,1635,9251,3,16
1784686649.689,real_q8_tensor_220w_ngram,2,100,11459,205.98,74,1680,9251,3,16
1784686649.689,real_q8_tensor_220w_ngram,3,100,11459,207.37,70,1635,9251,3,16
1784686650.263,real_q8_tensor_220w_ngram,0,100,11459,203.92,65,1680,9251,3,16
1784686650.263,real_q8_tensor_220w_ngram,1,100,11459,207.81,70,1605,9251,3,16
1784686650.263,real_q8_tensor_220w_ngram,2,100,11459,206.62,74,1605,9251,3,16
1784686650.263,real_q8_tensor_220w_ngram,3,100,11459,208.04,70,1605,9251,3,16
1784686650.838,real_q8_tensor_220w_ngram,0,100,11459,204.24,65,1680,9251,3,16
1784686650.838,real_q8_tensor_220w_ngram,1,100,11459,207.47,70,1545,9251,3,16
1784686650.838,real_q8_tensor_220w_ngram,2,100,11459,205.75,74,1575,9251,3,16
1784686650.838,real_q8_tensor_220w_ngram,3,100,11459,207.96,70,1620,9251,3,16
1784686651.433,real_q8_tensor_220w_ngram,0,100,11459,204.59,65,1725,9251,3,16
1784686651.433,real_q8_tensor_220w_ngram,1,69,11459,207.42,70,1620,9251,3,16
1784686651.433,real_q8_tensor_220w_ngram,2,100,11459,205.04,74,1515,9251,3,16
1784686651.433,real_q8_tensor_220w_ngram,3,90,11459,208.81,70,1650,9251,3,16
1784686652.012,real_q8_tensor_220w_ngram,0,100,11459,204.60,65,1680,9251,3,16
1784686652.012,real_q8_tensor_220w_ngram,1,100,11459,207.27,70,1605,9251,3,16
1784686652.012,real_q8_tensor_220w_ngram,2,100,11459,204.74,74,1605,9251,3,16
1784686652.012,real_q8_tensor_220w_ngram,3,100,11459,209.02,70,1620,9251,3,16
1784686652.586,real_q8_tensor_220w_ngram,0,100,11459,203.90,65,1590,9251,3,16
1784686652.586,real_q8_tensor_220w_ngram,1,100,11459,207.63,70,1485,9251,3,16
1784686652.586,real_q8_tensor_220w_ngram,2,100,11459,206.09,74,1650,9251,3,16
1784686652.586,real_q8_tensor_220w_ngram,3,100,11459,207.30,70,1515,9251,3,16
1784686653.176,real_q8_tensor_220w_ngram,0,88,11459,202.92,65,1695,9251,3,16
1784686653.176,real_q8_tensor_220w_ngram,1,100,11459,206.59,69,1455,9251,3,16
1784686653.176,real_q8_tensor_220w_ngram,2,100,11459,205.31,74,1665,9251,3,16
1784686653.176,real_q8_tensor_220w_ngram,3,97,11459,207.87,70,1500,9251,3,16
1784686653.787,real_q8_tensor_220w_ngram,0,88,11459,204.30,65,1605,9251,3,16
1784686653.787,real_q8_tensor_220w_ngram,1,100,11459,205.99,70,1500,9251,3,16
1784686653.787,real_q8_tensor_220w_ngram,2,100,11459,203.87,74,1560,9251,3,16
1784686653.787,real_q8_tensor_220w_ngram,3,97,11459,207.54,70,1545,9251,3,16
1784686654.363,real_q8_tensor_220w_ngram,0,42,11459,204.21,65,1605,9251,3,16
1784686654.363,real_q8_tensor_220w_ngram,1,40,11459,204.28,69,1470,9251,3,16
1784686654.363,real_q8_tensor_220w_ngram,2,39,11459,202.40,73,1515,9251,3,16
1784686654.363,real_q8_tensor_220w_ngram,3,67,11459,207.11,70,1530,9251,3,16
1784686654.940,real_q8_tensor_220w_ngram,0,100,11459,201.05,65,1905,9251,3,16
1784686654.940,real_q8_tensor_220w_ngram,1,79,11459,206.01,68,1800,9251,3,16
1784686654.940,real_q8_tensor_220w_ngram,2,100,11459,204.48,72,1875,9251,3,16
1784686654.940,real_q8_tensor_220w_ngram,3,69,11459,207.87,70,1875,9251,3,16
1784686655.516,real_q8_tensor_220w_ngram,0,100,11459,208.70,65,1830,9251,3,16
1784686655.516,real_q8_tensor_220w_ngram,1,82,11459,207.56,70,1860,9251,3,16
1784686655.516,real_q8_tensor_220w_ngram,2,72,11459,207.25,73,1815,9251,3,16
1784686655.516,real_q8_tensor_220w_ngram,3,100,11459,211.88,70,1800,9251,3,16
1784686656.077,real_q8_tensor_220w_ngram,0,100,11459,210.17,65,1710,9251,3,16
1784686656.077,real_q8_tensor_220w_ngram,1,82,11459,210.81,70,1620,9251,3,16
1784686656.077,real_q8_tensor_220w_ngram,2,72,11459,210.88,74,1500,9251,3,16
1784686656.077,real_q8_tensor_220w_ngram,3,100,11459,210.78,70,1635,9251,3,16
1784686656.648,real_q8_tensor_220w_ngram,0,100,11459,209.32,65,1590,9251,3,16
1784686656.648,real_q8_tensor_220w_ngram,1,100,11459,208.44,70,1545,9251,3,16
1784686656.648,real_q8_tensor_220w_ngram,2,100,11459,206.89,74,1575,9251,3,16
1784686656.648,real_q8_tensor_220w_ngram,3,100,11459,214.19,70,1605,9251,3,16
1784686657.246,real_q8_tensor_220w_ngram,0,100,11459,207.40,65,1650,9251,3,16
1784686657.246,real_q8_tensor_220w_ngram,1,100,11459,205.43,70,1545,9251,3,16
1784686657.246,real_q8_tensor_220w_ngram,2,100,11459,203.65,74,1545,9251,3,16
1784686657.246,real_q8_tensor_220w_ngram,3,100,11459,212.38,70,1590,9251,3,16
1784686657.819,real_q8_tensor_220w_ngram,0,100,11459,203.90,65,1680,9251,3,16
1784686657.819,real_q8_tensor_220w_ngram,1,100,11459,206.29,69,1605,9251,3,16
1784686657.819,real_q8_tensor_220w_ngram,2,100,11459,204.33,74,1605,9251,3,16
1784686657.819,real_q8_tensor_220w_ngram,3,100,11459,207.18,70,1605,9251,3,16
1784686658.394,real_q8_tensor_220w_ngram,0,89,11459,203.30,65,1725,9251,3,16
1784686658.394,real_q8_tensor_220w_ngram,1,100,11459,206.38,69,1620,9251,3,16
1784686658.394,real_q8_tensor_220w_ngram,2,100,11459,204.23,74,1500,9251,3,16
1784686658.394,real_q8_tensor_220w_ngram,3,100,11459,207.27,70,1635,9251,3,16
1784686658.997,real_q8_tensor_220w_ngram,0,100,11459,202.85,65,1575,9251,3,16
1784686658.997,real_q8_tensor_220w_ngram,1,100,11459,206.53,70,1440,9251,3,16
1784686658.997,real_q8_tensor_220w_ngram,2,100,11459,204.68,74,1665,9251,3,16
1784686658.997,real_q8_tensor_220w_ngram,3,100,11459,206.80,70,1500,9251,3,16
1784686659.571,real_q8_tensor_220w_ngram,0,100,11459,202.48,66,1560,9251,3,16
1784686659.571,real_q8_tensor_220w_ngram,1,100,11459,205.68,70,1605,9251,3,16
1784686659.571,real_q8_tensor_220w_ngram,2,100,11459,204.41,74,1500,9251,3,16
1784686659.571,real_q8_tensor_220w_ngram,3,100,11459,207.15,70,1650,9251,3,16
1784686660.146,real_q8_tensor_220w_ngram,0,100,11459,203.10,65,1590,9251,3,16
1784686660.146,real_q8_tensor_220w_ngram,1,100,11459,205.94,69,1455,9251,3,16
1784686660.146,real_q8_tensor_220w_ngram,2,100,11459,203.71,74,1515,9251,3,16
1784686660.146,real_q8_tensor_220w_ngram,3,100,11459,208.17,70,1500,9251,3,16
1784686660.738,real_q8_tensor_220w_ngram,0,100,11459,203.62,65,1710,9251,3,16
1784686660.738,real_q8_tensor_220w_ngram,1,100,11459,206.34,69,1590,9251,3,16
1784686660.738,real_q8_tensor_220w_ngram,2,100,11459,203.51,74,1500,9251,3,16
1784686660.738,real_q8_tensor_220w_ngram,3,100,11459,208.37,70,1635,9251,3,16
1784686661.314,real_q8_tensor_220w_ngram,0,39,11459,202.53,65,1560,9251,3,16
1784686661.314,real_q8_tensor_220w_ngram,1,84,11459,205.76,69,1440,9251,3,16
1784686661.314,real_q8_tensor_220w_ngram,2,81,11459,204.13,74,1680,9251,3,16
1784686661.314,real_q8_tensor_220w_ngram,3,48,11459,207.97,70,1485,9251,3,16
1784686661.890,real_q8_tensor_220w_ngram,0,39,11459,202.60,63,1620,9251,3,16
1784686661.890,real_q8_tensor_220w_ngram,1,84,11459,205.64,68,1560,9251,3,16
1784686661.890,real_q8_tensor_220w_ngram,2,81,11459,204.28,72,1500,9251,3,16
1784686661.890,real_q8_tensor_220w_ngram,3,48,11459,204.54,69,1605,9251,3,16
1784686662.469,real_q8_tensor_220w_ngram,0,93,11459,205.67,64,1890,9251,3,16
1784686662.469,real_q8_tensor_220w_ngram,1,100,11459,210.26,69,1800,9251,3,16
1784686662.469,real_q8_tensor_220w_ngram,2,100,11459,209.49,74,1815,9251,3,16
1784686662.469,real_q8_tensor_220w_ngram,3,59,11459,207.10,69,1860,9251,3,16
1784686663.035,real_q8_tensor_220w_ngram,0,100,11459,208.67,65,1590,9251,3,16
1784686663.035,real_q8_tensor_220w_ngram,1,100,11459,209.90,70,1410,9251,3,16
1784686663.035,real_q8_tensor_220w_ngram,2,100,11459,209.37,74,1650,9251,3,16
1784686663.035,real_q8_tensor_220w_ngram,3,59,11459,211.17,70,1545,9251,3,16
1784686663.603,real_q8_tensor_220w_ngram,0,100,11459,206.18,65,1635,9251,3,16
1784686663.603,real_q8_tensor_220w_ngram,1,100,11459,212.23,70,1575,9251,3,16
1784686663.603,real_q8_tensor_220w_ngram,2,100,11459,211.59,74,1590,9251,3,16
1784686663.603,real_q8_tensor_220w_ngram,3,100,11459,211.50,70,1560,9251,3,16
1784686664.195,real_q8_tensor_220w_ngram,0,100,11459,203.87,65,1590,9251,3,16
1784686664.195,real_q8_tensor_220w_ngram,1,100,11459,210.10,70,1545,9251,3,16
1784686664.195,real_q8_tensor_220w_ngram,2,100,11459,208.49,74,1635,9251,3,16
1784686664.195,real_q8_tensor_220w_ngram,3,100,11459,207.96,70,1515,9251,3,16
1784686664.786,real_q8_tensor_220w_ngram,0,100,11459,203.51,65,1710,9251,3,16
1784686664.786,real_q8_tensor_220w_ngram,1,100,11459,206.14,69,1590,9251,3,16
1784686664.786,real_q8_tensor_220w_ngram,2,100,11459,204.22,74,1650,9251,3,16
1784686664.786,real_q8_tensor_220w_ngram,3,100,11459,207.90,70,1635,9251,3,16
1784686665.378,real_q8_tensor_220w_ngram,0,100,11459,202.48,65,1575,9251,3,16
1784686665.378,real_q8_tensor_220w_ngram,1,100,11459,205.62,69,1425,9251,3,16
1784686665.378,real_q8_tensor_220w_ngram,2,100,11459,203.70,74,1665,9251,3,16
1784686665.378,real_q8_tensor_220w_ngram,3,100,11459,207.36,70,1530,9251,3,16
1784686665.952,real_q8_tensor_220w_ngram,0,82,11459,202.82,65,1665,9251,3,16
1784686665.952,real_q8_tensor_220w_ngram,1,100,11459,206.35,69,1500,9251,3,16
1784686665.952,real_q8_tensor_220w_ngram,2,70,11459,203.54,74,1620,9251,3,16
1784686665.952,real_q8_tensor_220w_ngram,3,100,11459,207.02,70,1590,9251,3,16
1784686666.548,real_q8_tensor_220w_ngram,0,100,11459,202.95,65,1695,9251,3,16
1784686666.548,real_q8_tensor_220w_ngram,1,100,11459,205.50,69,1455,9251,3,16
1784686666.548,real_q8_tensor_220w_ngram,2,100,11459,203.26,74,1650,9251,3,16
1784686666.548,real_q8_tensor_220w_ngram,3,100,11459,206.51,70,1470,9251,3,16
1784686667.122,real_q8_tensor_220w_ngram,0,100,11459,202.19,65,1695,9251,3,16
1784686667.122,real_q8_tensor_220w_ngram,1,100,11459,205.46,69,1605,9251,3,16
1784686667.122,real_q8_tensor_220w_ngram,2,100,11459,203.35,74,1665,9251,3,16
1784686667.122,real_q8_tensor_220w_ngram,3,100,11459,205.79,70,1620,9251,3,16
1784686667.715,real_q8_tensor_220w_ngram,0,44,11459,203.02,65,1710,9251,3,16
1784686667.715,real_q8_tensor_220w_ngram,1,100,11459,206.15,69,1590,9251,3,16
1784686667.715,real_q8_tensor_220w_ngram,2,100,11459,203.56,74,1515,9251,3,16
1784686667.715,real_q8_tensor_220w_ngram,3,100,11459,206.27,70,1650,9251,3,16
1784686668.290,real_q8_tensor_220w_ngram,0,44,11459,200.66,64,1710,9251,3,16
1784686668.290,real_q8_tensor_220w_ngram,1,100,11459,205.92,70,1590,9251,3,16
1784686668.290,real_q8_tensor_220w_ngram,2,100,11459,203.80,74,1485,9251,3,16
1784686668.290,real_q8_tensor_220w_ngram,3,36,11459,204.61,70,1635,9251,3,16
1784686668.893,real_q8_tensor_220w_ngram,0,76,11459,204.17,63,1560,9251,3,16
1784686668.893,real_q8_tensor_220w_ngram,1,37,11459,202.60,69,1410,9251,3,16
1784686668.893,real_q8_tensor_220w_ngram,2,35,11459,201.13,73,1800,9251,3,16
1784686668.893,real_q8_tensor_220w_ngram,3,100,11459,206.84,68,1470,9251,3,16
1784686669.493,real_q8_tensor_220w_ngram,0,76,11459,208.05,65,1845,9251,3,16
1784686669.493,real_q8_tensor_220w_ngram,1,37,11459,204.92,70,1785,9251,3,16
1784686669.493,real_q8_tensor_220w_ngram,2,35,11459,204.05,74,1785,9251,3,16
1784686669.493,real_q8_tensor_220w_ngram,3,95,11459,211.08,69,1830,9251,3,16
1784686670.053,real_q8_tensor_220w_ngram,0,100,11459,207.34,65,1665,9251,3,16
1784686670.053,real_q8_tensor_220w_ngram,1,100,11459,211.87,70,1545,9251,3,16
1784686670.053,real_q8_tensor_220w_ngram,2,100,11459,208.99,74,1560,9251,3,16
1784686670.053,real_q8_tensor_220w_ngram,3,95,11459,211.47,70,1590,9251,3,16
1784686670.641,real_q8_tensor_220w_ngram,0,100,11459,209.40,65,1650,9251,3,16
1784686670.641,real_q8_tensor_220w_ngram,1,100,11459,210.43,69,1575,9251,3,16
1784686670.641,real_q8_tensor_220w_ngram,2,100,11459,209.06,74,1635,9251,3,16
1784686670.641,real_q8_tensor_220w_ngram,3,100,11459,211.39,70,1560,9251,3,16
1784686671.216,real_q8_tensor_220w_ngram,0,100,11459,202.38,65,1695,9251,3,16
1784686671.216,real_q8_tensor_220w_ngram,1,100,11459,206.03,70,1605,9251,3,16
1784686671.216,real_q8_tensor_220w_ngram,2,100,11459,204.20,74,1515,9251,3,16
1784686671.216,real_q8_tensor_220w_ngram,3,100,11459,211.40,70,1635,9251,3,16
1784686671.791,real_q8_tensor_220w_ngram,0,100,11459,201.45,65,1710,9251,3,16
1784686671.791,real_q8_tensor_220w_ngram,1,100,11459,204.84,70,1590,9251,3,16
1784686671.791,real_q8_tensor_220w_ngram,2,100,11459,203.50,74,1515,9251,3,16
1784686671.791,real_q8_tensor_220w_ngram,3,100,11459,208.10,70,1650,9251,3,16
1784686672.406,real_q8_tensor_220w_ngram,0,100,11459,202.63,65,1635,9251,3,16
1784686672.406,real_q8_tensor_220w_ngram,1,100,11459,206.11,69,1560,9251,3,16
1784686672.406,real_q8_tensor_220w_ngram,2,100,11459,204.80,74,1605,9251,3,16
1784686672.406,real_q8_tensor_220w_ngram,3,100,11459,206.42,70,1560,9251,3,16
1784686673.008,real_q8_tensor_220w_ngram,0,100,11459,203.55,65,1665,9251,3,16
1784686673.008,real_q8_tensor_220w_ngram,1,100,11459,204.65,69,1590,9251,3,16
1784686673.008,real_q8_tensor_220w_ngram,2,100,11459,203.69,74,1590,9251,3,16
1784686673.008,real_q8_tensor_220w_ngram,3,100,11459,206.30,70,1575,9251,3,16
1784686673.584,real_q8_tensor_220w_ngram,0,100,11459,202.11,65,1665,9251,3,16
1784686673.584,real_q8_tensor_220w_ngram,1,100,11459,203.92,69,1425,9251,3,16
1784686673.584,real_q8_tensor_220w_ngram,2,100,11459,202.72,74,1650,9251,3,16
1784686673.584,real_q8_tensor_220w_ngram,3,100,11459,207.23,70,1530,9251,3,16
1784686674.181,real_q8_tensor_220w_ngram,0,100,11459,201.96,63,1920,9251,3,16
1784686674.181,real_q8_tensor_220w_ngram,1,100,11459,205.76,69,1590,9251,3,16
1784686674.181,real_q8_tensor_220w_ngram,2,100,11459,204.04,74,1455,9251,3,16
1784686674.181,real_q8_tensor_220w_ngram,3,87,11459,205.91,70,1515,9251,3,16
1784686674.783,real_q8_tensor_220w_ngram,0,100,11459,202.87,65,1710,9251,3,16
1784686674.783,real_q8_tensor_220w_ngram,1,100,11459,204.99,69,1575,9251,3,16
1784686674.783,real_q8_tensor_220w_ngram,2,100,11459,203.05,74,1605,9251,3,16
1784686674.783,real_q8_tensor_220w_ngram,3,100,11459,206.49,70,1635,9251,3,16
1784686675.385,real_q8_tensor_220w_ngram,0,63,11459,202.10,64,1485,9251,3,16
1784686675.385,real_q8_tensor_220w_ngram,1,51,11459,204.85,68,1530,9251,3,16
1784686675.385,real_q8_tensor_220w_ngram,2,47,11459,204.13,74,1455,9251,3,16
1784686675.385,real_q8_tensor_220w_ngram,3,74,11459,204.68,69,1575,9251,3,16
1784686675.982,real_q8_tensor_220w_ngram,0,100,11459,208.48,65,1830,9251,3,16
1784686675.982,real_q8_tensor_220w_ngram,1,51,11459,209.77,69,1800,9251,3,16
1784686675.982,real_q8_tensor_220w_ngram,2,47,11459,203.30,74,1710,9251,3,16
1784686675.982,real_q8_tensor_220w_ngram,3,89,11459,209.73,69,1815,9251,3,16
1784686676.541,real_q8_tensor_220w_ngram,0,100,11459,207.16,65,1545,9251,3,16
1784686676.541,real_q8_tensor_220w_ngram,1,100,11459,208.49,70,1440,9251,3,16
1784686676.541,real_q8_tensor_220w_ngram,2,100,11459,208.15,74,1485,9251,3,16
1784686676.541,real_q8_tensor_220w_ngram,3,89,11459,210.43,70,1620,9251,3,16
1784686677.134,real_q8_tensor_220w_ngram,0,100,11459,210.29,65,1515,9251,3,16
1784686677.134,real_q8_tensor_220w_ngram,1,100,11459,210.66,69,1425,9251,3,16
1784686677.134,real_q8_tensor_220w_ngram,2,100,11459,208.51,74,1635,9251,3,16
1784686677.134,real_q8_tensor_220w_ngram,3,100,11459,210.43,70,1440,9251,3,16
1784686677.709,real_q8_tensor_220w_ngram,0,100,11459,205.38,65,1710,9251,3,16
1784686677.709,real_q8_tensor_220w_ngram,1,100,11459,204.64,70,1605,9251,3,16
1784686677.709,real_q8_tensor_220w_ngram,2,100,11459,202.75,74,1500,9251,3,16
1784686677.709,real_q8_tensor_220w_ngram,3,100,11459,209.83,70,1635,9251,3,16
1784686678.303,real_q8_tensor_220w_ngram,0,100,11459,201.59,65,1665,9251,3,16
1784686678.303,real_q8_tensor_220w_ngram,1,100,11459,204.74,69,1590,9251,3,16
1784686678.303,real_q8_tensor_220w_ngram,2,100,11459,203.96,74,1605,9251,3,16
1784686678.303,real_q8_tensor_220w_ngram,3,100,11459,205.75,70,1590,9251,3,16
1784686678.877,real_q8_tensor_220w_ngram,0,100,11459,202.52,65,1545,9251,3,16
1784686678.877,real_q8_tensor_220w_ngram,1,100,11459,205.17,69,1485,9251,3,16
1784686678.877,real_q8_tensor_220w_ngram,2,100,11459,204.17,74,1620,9251,3,16
1784686678.877,real_q8_tensor_220w_ngram,3,100,11459,206.97,70,1470,9251,3,16
1784686679.470,real_q8_tensor_220w_ngram,0,100,11459,202.93,65,1515,9251,3,16
1784686679.470,real_q8_tensor_220w_ngram,1,68,11459,205.94,69,1380,9251,3,16
1784686679.470,real_q8_tensor_220w_ngram,2,96,11459,203.84,74,1635,9251,3,16
1784686679.470,real_q8_tensor_220w_ngram,3,100,11459,206.39,70,1425,9251,3,16
1784686680.044,real_q8_tensor_220w_ngram,0,100,11459,202.28,63,1650,9251,3,16
1784686680.044,real_q8_tensor_220w_ngram,1,52,11459,205.60,69,1470,9251,3,16
1784686680.044,real_q8_tensor_220w_ngram,2,96,11459,202.89,74,1620,9251,3,16
1784686680.044,real_q8_tensor_220w_ngram,3,89,11459,206.29,70,1590,9251,3,16
1784686680.622,real_q8_tensor_220w_ngram,0,35,11459,200.38,65,1530,9251,3,16
1784686680.622,real_q8_tensor_220w_ngram,1,52,11459,203.58,68,1320,9251,3,16
1784686680.622,real_q8_tensor_220w_ngram,2,56,11459,202.23,72,1485,9251,3,16
1784686680.622,real_q8_tensor_220w_ngram,3,89,11459,205.75,70,1560,9251,3,16
1784686681.238,real_q8_tensor_220w_ngram,0,35,11459,203.21,65,1830,9251,3,16
1784686681.238,real_q8_tensor_220w_ngram,1,97,11459,208.40,69,1800,9251,3,16
1784686681.238,real_q8_tensor_220w_ngram,2,56,11459,208.07,74,1725,9251,3,16
1784686681.238,real_q8_tensor_220w_ngram,3,48,11459,205.89,70,1800,9251,3,16
1784686681.798,real_q8_tensor_220w_ngram,0,100,11459,206.92,65,1530,9251,3,16
1784686681.798,real_q8_tensor_220w_ngram,1,97,11459,209.04,69,1545,9251,3,16
1784686681.798,real_q8_tensor_220w_ngram,2,100,11459,208.40,74,1440,9251,3,16
1784686681.798,real_q8_tensor_220w_ngram,3,48,11459,210.43,70,1605,9251,3,16
1784686682.395,real_q8_tensor_220w_ngram,0,100,11459,205.82,65,1695,9251,3,16
1784686682.395,real_q8_tensor_220w_ngram,1,100,11459,210.71,69,1575,9251,3,16
1784686682.395,real_q8_tensor_220w_ngram,2,100,11459,210.17,74,1620,9251,3,16
1784686682.395,real_q8_tensor_220w_ngram,3,100,11459,210.45,70,1635,9251,3,16
1784686682.969,real_q8_tensor_220w_ngram,0,100,11459,201.11,65,1530,9251,3,16
1784686682.969,real_q8_tensor_220w_ngram,1,100,11459,209.24,69,1350,9251,3,16
1784686682.969,real_q8_tensor_220w_ngram,2,100,11459,207.54,74,1635,9251,3,16
1784686682.969,real_q8_tensor_220w_ngram,3,100,11459,205.17,70,1440,9251,3,16
1784686683.564,real_q8_tensor_220w_ngram,0,100,11459,201.04,65,1545,9251,3,16
1784686683.564,real_q8_tensor_220w_ngram,1,100,11459,205.72,69,1560,9251,3,16
1784686683.564,real_q8_tensor_220w_ngram,2,100,11459,203.65,74,1515,9251,3,16
1784686683.564,real_q8_tensor_220w_ngram,3,100,11459,206.38,70,1620,9251,3,16
1784686684.139,real_q8_tensor_220w_ngram,0,100,11459,200.55,65,1665,9251,3,16
1784686684.139,real_q8_tensor_220w_ngram,1,100,11459,203.64,69,1545,9251,3,16
1784686684.139,real_q8_tensor_220w_ngram,2,100,11459,201.83,74,1545,9251,3,16
1784686684.139,real_q8_tensor_220w_ngram,3,100,11459,206.12,70,1605,9251,3,16
1784686684.715,real_q8_tensor_220w_ngram,0,100,11459,201.85,65,1500,9251,3,16
1784686684.715,real_q8_tensor_220w_ngram,1,100,11459,204.55,69,1410,9251,3,16
1784686684.715,real_q8_tensor_220w_ngram,2,100,11459,203.60,74,1635,9251,3,16
1784686684.715,real_q8_tensor_220w_ngram,3,100,11459,205.62,70,1425,9251,3,16
1784686685.303,real_q8_tensor_220w_ngram,0,100,11459,201.54,63,1590,9251,3,16
1784686685.303,real_q8_tensor_220w_ngram,1,100,11459,204.46,69,1530,9251,3,16
1784686685.303,real_q8_tensor_220w_ngram,2,100,11459,203.26,74,1575,9251,3,16
1784686685.303,real_q8_tensor_220w_ngram,3,100,11459,205.00,69,1530,9251,3,16
1784686685.905,real_q8_tensor_220w_ngram,0,100,11459,199.68,65,1905,9251,3,16
1784686685.905,real_q8_tensor_220w_ngram,1,60,11459,204.46,68,1875,9251,3,16
1784686685.905,real_q8_tensor_220w_ngram,2,63,11459,204.19,72,1875,9251,3,16
1784686685.905,real_q8_tensor_220w_ngram,3,36,11459,203.77,70,1905,9251,3,16
1784686686.492,real_q8_tensor_220w_ngram,0,100,11459,207.06,65,1695,9251,3,16
1784686686.492,real_q8_tensor_220w_ngram,1,60,11459,207.88,69,1560,9251,3,16
1784686686.492,real_q8_tensor_220w_ngram,2,63,11459,207.34,74,1515,9251,3,16
1784686686.492,real_q8_tensor_220w_ngram,3,36,11459,210.46,70,1620,9251,3,16
1784686687.061,real_q8_tensor_220w_ngram,0,100,11459,209.07,65,1560,9251,3,16
1784686687.061,real_q8_tensor_220w_ngram,1,100,11459,208.86,69,1515,9251,3,16
1784686687.061,real_q8_tensor_220w_ngram,2,100,11459,207.49,74,1605,9251,3,16
1784686687.061,real_q8_tensor_220w_ngram,3,100,11459,211.87,70,1470,9251,3,16
1784686687.637,real_q8_tensor_220w_ngram,0,100,11459,203.18,65,1620,9251,3,16
1784686687.637,real_q8_tensor_220w_ngram,1,100,11459,204.64,69,1575,9251,3,16
1784686687.637,real_q8_tensor_220w_ngram,2,100,11459,202.98,74,1620,9251,3,16
1784686687.637,real_q8_tensor_220w_ngram,3,100,11459,208.48,70,1530,9251,3,16
1784686688.211,real_q8_tensor_220w_ngram,0,100,11459,200.62,65,1680,9251,3,16
1784686688.211,real_q8_tensor_220w_ngram,1,100,11459,204.44,69,1590,9251,3,16
1784686688.211,real_q8_tensor_220w_ngram,2,100,11459,202.85,74,1530,9251,3,16
1784686688.211,real_q8_tensor_220w_ngram,3,100,11459,204.84,70,1605,9251,3,16
1784686688.804,real_q8_tensor_220w_ngram,0,100,11459,199.68,65,1575,9251,3,16
1784686688.804,real_q8_tensor_220w_ngram,1,100,11459,203.80,69,1575,9251,3,16
1784686688.804,real_q8_tensor_220w_ngram,2,100,11459,202.33,74,1455,9251,3,16
1784686688.804,real_q8_tensor_220w_ngram,3,100,11459,204.02,70,1635,9251,3,16
1784686689.396,real_q8_tensor_220w_ngram,0,61,11459,201.61,65,1515,9251,3,16
1784686689.396,real_q8_tensor_220w_ngram,1,100,11459,203.80,69,1350,9251,3,16
1784686689.396,real_q8_tensor_220w_ngram,2,100,11459,201.81,74,1440,9251,3,16
1784686689.396,real_q8_tensor_220w_ngram,3,86,11459,204.81,70,1455,9251,3,16
1784686689.989,real_q8_tensor_220w_ngram,0,61,11459,200.46,63,1650,9251,3,16
1784686689.989,real_q8_tensor_220w_ngram,1,100,11459,203.26,68,1515,9251,3,16
1784686689.989,real_q8_tensor_220w_ngram,2,100,11459,202.12,72,1425,9251,3,16
1784686689.989,real_q8_tensor_220w_ngram,3,86,11459,202.67,69,1575,9251,3,16
1784686690.565,real_q8_tensor_220w_ngram,0,100,11459,207.17,64,1830,9251,3,16
1784686690.565,real_q8_tensor_220w_ngram,1,54,11459,202.81,69,1785,9251,3,16
1784686690.565,real_q8_tensor_220w_ngram,2,57,11459,202.04,74,1800,9251,3,16
1784686690.565,real_q8_tensor_220w_ngram,3,89,11459,208.44,69,1800,9251,3,16
1784686691.144,real_q8_tensor_220w_ngram,0,100,11459,207.04,65,1680,9251,3,16
1784686691.144,real_q8_tensor_220w_ngram,1,54,11459,209.04,69,1560,9251,3,16
1784686691.144,real_q8_tensor_220w_ngram,2,57,11459,208.21,74,1470,9251,3,16
1784686691.144,real_q8_tensor_220w_ngram,3,89,11459,208.96,70,1605,9251,3,16
1784686691.718,real_q8_tensor_220w_ngram,0,100,11459,209.23,65,1680,9251,3,16
1784686691.718,real_q8_tensor_220w_ngram,1,100,11459,209.96,69,1545,9251,3,16
1784686691.718,real_q8_tensor_220w_ngram,2,100,11459,208.58,74,1635,9251,3,16
1784686691.718,real_q8_tensor_220w_ngram,3,100,11459,211.08,70,1440,9251,3,16
1784686692.293,real_q8_tensor_220w_ngram,0,100,11459,200.30,64,1440,9251,3,16
1784686692.293,real_q8_tensor_220w_ngram,1,100,11459,201.64,68,1035,9251,3,16
1784686692.293,real_q8_tensor_220w_ngram,2,100,11459,199.67,72,1155,9251,3,16
1784686692.293,real_q8_tensor_220w_ngram,3,100,11459,207.20,69,1530,9251,3,16
1784686692.894,real_q8_tensor_220w_ngram,0,43,11459,188.71,64,1545,9251,3,16
1784686692.894,real_q8_tensor_220w_ngram,1,100,11459,189.26,67,1590,9251,3,16
1784686692.894,real_q8_tensor_220w_ngram,2,100,11459,187.23,73,1425,9251,3,16
1784686692.894,real_q8_tensor_220w_ngram,3,70,11459,195.10,69,1500,9251,3,16
1784686693.473,real_q8_tensor_220w_ngram,0,49,11459,191.48,63,1860,9251,3,16
1784686693.473,real_q8_tensor_220w_ngram,1,100,11459,190.37,68,1785,9251,3,16
1784686693.473,real_q8_tensor_220w_ngram,2,100,11459,189.18,72,1845,9251,3,16
1784686693.473,real_q8_tensor_220w_ngram,3,70,11459,195.21,69,1800,9251,3,16
1784686694.059,real_q8_tensor_220w_ngram,0,49,11459,179.47,63,1905,9251,3,16
1784686694.059,real_q8_tensor_220w_ngram,1,40,11459,189.60,67,1860,9251,3,16
1784686694.059,real_q8_tensor_220w_ngram,2,43,11459,185.38,71,1875,9251,3,16
1784686694.059,real_q8_tensor_220w_ngram,3,22,11459,189.91,68,1875,9251,3,16
1784686694.625,real_q8_tensor_220w_ngram,0,50,11459,159.50,63,1905,9251,3,16
1784686694.625,real_q8_tensor_220w_ngram,1,40,11459,175.03,67,1875,9251,3,16
1784686694.625,real_q8_tensor_220w_ngram,2,43,11459,166.82,72,1890,9251,3,16
1784686694.625,real_q8_tensor_220w_ngram,3,22,11459,179.17,68,1890,9251,3,16
1784686695.205,real_q8_tensor_220w_ngram,0,50,11459,166.98,63,1920,9251,3,16
1784686695.205,real_q8_tensor_220w_ngram,1,43,11459,182.84,68,1905,9251,3,16
1784686695.205,real_q8_tensor_220w_ngram,2,38,11459,175.55,72,1890,9251,3,16
1784686695.205,real_q8_tensor_220w_ngram,3,36,11459,183.06,68,1920,9251,3,16
1784686695.791,real_q8_tensor_220w_ngram,0,25,11459,166.53,63,1920,9251,3,16
1784686695.791,real_q8_tensor_220w_ngram,1,43,11459,176.67,67,1890,9251,3,16
1784686695.791,real_q8_tensor_220w_ngram,2,38,11459,168.62,72,1890,9251,3,16
1784686695.791,real_q8_tensor_220w_ngram,3,36,11459,180.20,68,1905,9251,3,16
1784686696.355,real_q8_tensor_220w_ngram,0,25,11459,162.05,63,1905,9251,3,16
1784686696.355,real_q8_tensor_220w_ngram,1,21,11459,174.73,67,1845,9251,3,16
1784686696.355,real_q8_tensor_220w_ngram,2,23,11459,165.79,71,1860,9251,3,16
1784686696.355,real_q8_tensor_220w_ngram,3,29,11459,177.55,68,1875,9251,3,16
1784686696.920,real_q8_tensor_220w_ngram,0,23,11459,162.59,63,1920,9251,3,16
1784686696.920,real_q8_tensor_220w_ngram,1,28,11459,175.24,67,1845,9251,3,16
1784686696.920,real_q8_tensor_220w_ngram,2,32,11459,166.72,71,1890,9251,3,16
1784686696.920,real_q8_tensor_220w_ngram,3,30,11459,179.62,67,1875,9251,3,16
1784686697.494,real_q8_tensor_220w_ngram,0,23,11459,160.09,62,1785,9251,3,16
1784686697.494,real_q8_tensor_220w_ngram,1,30,11459,177.54,67,1680,9251,3,16
1784686697.494,real_q8_tensor_220w_ngram,2,26,11459,168.82,71,1710,9251,3,16
1784686697.494,real_q8_tensor_220w_ngram,3,28,11459,175.93,67,1710,9251,3,16
1784686698.062,real_q8_tensor_220w_ngram,0,28,11459,164.33,63,1920,9251,3,16
1784686698.062,real_q8_tensor_220w_ngram,1,30,11459,176.56,66,1890,9251,3,16
1784686698.062,real_q8_tensor_220w_ngram,2,26,11459,169.35,70,1890,9251,3,16
1784686698.062,real_q8_tensor_220w_ngram,3,28,11459,179.03,67,1920,9251,3,16
1784686698.631,real_q8_tensor_220w_ngram,0,28,11459,162.81,63,1905,9251,3,16
1784686698.631,real_q8_tensor_220w_ngram,1,58,11459,179.22,67,1875,9251,3,16
1784686698.631,real_q8_tensor_220w_ngram,2,57,11459,171.89,71,1845,9251,3,16
1784686698.631,real_q8_tensor_220w_ngram,3,29,11459,178.63,69,1890,9251,3,16
1784686699.201,real_q8_tensor_220w_ngram,0,26,11459,163.54,62,1830,9251,3,16
1784686699.201,real_q8_tensor_220w_ngram,1,58,11459,179.59,68,1800,9251,3,16
1784686699.201,real_q8_tensor_220w_ngram,2,57,11459,170.94,72,1785,9251,3,16
1784686699.201,real_q8_tensor_220w_ngram,3,29,11459,179.26,67,1725,9251,3,16
1784686699.769,real_q8_tensor_220w_ngram,0,26,11459,163.63,62,1920,9251,3,16
1784686699.769,real_q8_tensor_220w_ngram,1,53,11459,176.56,67,1890,9251,3,16
1784686699.769,real_q8_tensor_220w_ngram,2,25,11459,168.61,71,1875,9251,3,16
1784686699.769,real_q8_tensor_220w_ngram,3,34,11459,162.99,65,1710,9251,3,16
1784686700.342,real_q8_tensor_220w_ngram,0,34,11459,164.10,63,1920,9251,3,16
1784686700.342,real_q8_tensor_220w_ngram,1,53,11459,178.83,66,1905,9251,3,16
1784686700.342,real_q8_tensor_220w_ngram,2,25,11459,170.97,71,1890,9251,3,16
1784686700.342,real_q8_tensor_220w_ngram,3,34,11459,152.54,67,1920,9251,3,16
1784686700.915,real_q8_tensor_220w_ngram,0,32,11459,162.31,62,1920,9251,3,16
1784686700.915,real_q8_tensor_220w_ngram,1,22,11459,178.29,66,1905,9251,3,16
1784686700.915,real_q8_tensor_220w_ngram,2,21,11459,169.92,71,1890,9251,3,16
1784686700.915,real_q8_tensor_220w_ngram,3,26,11459,169.76,67,1920,9251,3,16
1784686701.486,real_q8_tensor_220w_ngram,0,35,11459,158.56,62,1830,9251,3,16
1784686701.486,real_q8_tensor_220w_ngram,1,22,11459,173.58,67,1710,9251,3,16
1784686701.486,real_q8_tensor_220w_ngram,2,21,11459,164.17,71,1770,9251,3,16
1784686701.486,real_q8_tensor_220w_ngram,3,26,11459,175.88,66,1740,9251,3,16
1784686702.082,real_q8_tensor_220w_ngram,0,35,11459,163.06,63,1830,9251,3,16
1784686702.082,real_q8_tensor_220w_ngram,1,46,11459,179.17,67,1800,9251,3,16
1784686702.082,real_q8_tensor_220w_ngram,2,46,11459,171.79,71,1755,9251,3,16
1784686702.082,real_q8_tensor_220w_ngram,3,46,11459,177.58,67,1800,9251,3,16
1784686702.648,real_q8_tensor_220w_ngram,0,23,11459,160.96,62,1890,9251,3,16
1784686702.648,real_q8_tensor_220w_ngram,1,46,11459,179.00,66,1860,9251,3,16
1784686702.648,real_q8_tensor_220w_ngram,2,46,11459,172.25,70,1890,9251,3,16
1784686702.648,real_q8_tensor_220w_ngram,3,46,11459,168.32,66,1770,9251,3,16
1784686703.218,real_q8_tensor_220w_ngram,0,49,11459,158.51,62,1830,9251,3,16
1784686703.218,real_q8_tensor_220w_ngram,1,24,11459,173.29,66,1710,9251,3,16
1784686703.218,real_q8_tensor_220w_ngram,2,26,11459,164.70,71,1770,9251,3,16
1784686703.218,real_q8_tensor_220w_ngram,3,46,11459,154.95,65,1710,9251,3,16
1784686703.806,real_q8_tensor_220w_ngram,0,43,11459,159.37,62,1905,9251,3,16
1784686703.806,real_q8_tensor_220w_ngram,1,24,11459,177.23,67,1860,9251,3,16
1784686703.806,real_q8_tensor_220w_ngram,2,26,11459,166.29,71,1875,9251,3,16
1784686703.806,real_q8_tensor_220w_ngram,3,46,11459,147.68,65,1710,9251,3,16
1784686704.371,real_q8_tensor_220w_ngram,0,43,11459,160.32,62,1905,9251,3,16
1784686704.371,real_q8_tensor_220w_ngram,1,32,11459,176.53,67,1890,9251,3,16
1784686704.371,real_q8_tensor_220w_ngram,2,25,11459,160.87,71,1860,9251,3,16
1784686704.371,real_q8_tensor_220w_ngram,3,47,11459,144.92,65,1710,9251,3,16
1784686704.940,real_q8_tensor_220w_ngram,0,29,11459,170.57,62,1920,9251,3,16
1784686704.940,real_q8_tensor_220w_ngram,1,27,11459,179.81,66,1890,9251,3,16
1784686704.940,real_q8_tensor_220w_ngram,2,59,11459,170.27,70,1890,9251,3,16
1784686704.940,real_q8_tensor_220w_ngram,3,36,11459,162.47,66,1920,9251,3,16
1784686705.530,real_q8_tensor_220w_ngram,0,29,11459,174.77,62,1920,9251,3,16
1784686705.530,real_q8_tensor_220w_ngram,1,45,11459,186.98,67,1890,9251,3,16
1784686705.530,real_q8_tensor_220w_ngram,2,39,11459,178.95,71,1890,9251,3,16
1784686705.530,real_q8_tensor_220w_ngram,3,25,11459,180.41,66,1905,9251,3,16
1784686706.094,real_q8_tensor_220w_ngram,0,42,11459,163.71,62,1920,9251,3,16
1784686706.094,real_q8_tensor_220w_ngram,1,45,11459,176.65,67,1905,9251,3,16
1784686706.094,real_q8_tensor_220w_ngram,2,39,11459,164.94,70,1860,9251,3,16
1784686706.094,real_q8_tensor_220w_ngram,3,25,11459,177.97,66,1920,9251,3,16
1784686706.668,real_q8_tensor_220w_ngram,0,42,11459,163.86,62,1890,9251,3,16
1784686706.668,real_q8_tensor_220w_ngram,1,19,11459,178.16,66,1890,9251,3,16
1784686706.668,real_q8_tensor_220w_ngram,2,39,11459,165.55,70,1890,9251,3,16
1784686706.668,real_q8_tensor_220w_ngram,3,26,11459,179.96,66,1905,9251,3,16
1784686707.238,real_q8_tensor_220w_ngram,0,41,11459,161.76,62,1890,9251,3,16
1784686707.238,real_q8_tensor_220w_ngram,1,19,11459,180.04,67,1905,9251,3,16
1784686707.238,real_q8_tensor_220w_ngram,2,39,11459,168.22,71,1890,9251,3,16
1784686707.238,real_q8_tensor_220w_ngram,3,26,11459,179.67,67,1920,9251,3,16
1784686707.809,real_q8_tensor_220w_ngram,0,41,11459,163.67,62,1920,9251,3,16
1784686707.809,real_q8_tensor_220w_ngram,1,32,11459,182.36,66,1845,9251,3,16
1784686707.809,real_q8_tensor_220w_ngram,2,28,11459,175.21,70,1890,9251,3,16
1784686707.809,real_q8_tensor_220w_ngram,3,18,11459,181.69,67,1920,9251,3,16
1784686708.391,real_q8_tensor_220w_ngram,0,47,11459,163.17,62,1920,9251,3,16
1784686708.391,real_q8_tensor_220w_ngram,1,26,11459,172.97,65,1830,9251,3,16
1784686708.391,real_q8_tensor_220w_ngram,2,31,11459,171.51,70,1890,9251,3,16
1784686708.391,real_q8_tensor_220w_ngram,3,36,11459,177.24,66,1875,9251,3,16
1784686708.991,real_q8_tensor_220w_ngram,0,47,11459,162.41,63,1890,9251,3,16
1784686708.991,real_q8_tensor_220w_ngram,1,56,11459,166.84,66,1845,9251,3,16
1784686708.991,real_q8_tensor_220w_ngram,2,56,11459,167.51,70,1860,9251,3,16
1784686708.991,real_q8_tensor_220w_ngram,3,46,11459,180.05,68,1845,9251,3,16
1784686709.557,real_q8_tensor_220w_ngram,0,16,11459,163.99,62,1890,9251,3,16
1784686709.557,real_q8_tensor_220w_ngram,1,56,11459,173.87,65,1800,9251,3,16
1784686709.557,real_q8_tensor_220w_ngram,2,56,11459,170.83,69,1830,9251,3,16
1784686709.557,real_q8_tensor_220w_ngram,3,46,11459,179.30,67,1815,9251,3,16
1784686710.123,real_q8_tensor_220w_ngram,0,16,11459,146.13,60,1920,9251,3,16
1784686710.123,real_q8_tensor_220w_ngram,1,0,11459,162.47,65,1905,9251,3,16
1784686710.123,real_q8_tensor_220w_ngram,2,0,11459,153.49,69,1890,9251,3,16
1784686710.123,real_q8_tensor_220w_ngram,3,0,11459,164.48,65,1920,9251,3,16
1784686710.711,real_q8_tensor_220w_ngram,0,79,11459,157.30,63,1860,9251,3,16
1784686710.711,real_q8_tensor_220w_ngram,1,0,11459,170.22,67,1800,9251,3,16
1784686710.711,real_q8_tensor_220w_ngram,2,0,11459,162.46,71,1815,9251,3,16
1784686710.711,real_q8_tensor_220w_ngram,3,0,11459,171.66,68,1815,9251,3,16
1784686711.306,real_q8_tensor_220w_ngram,0,79,11459,199.47,63,1875,9251,3,16
1784686711.306,real_q8_tensor_220w_ngram,1,100,11459,211.11,68,1815,9251,3,16
1784686711.306,real_q8_tensor_220w_ngram,2,100,11459,207.54,72,1830,9251,3,16
1784686711.306,real_q8_tensor_220w_ngram,3,100,11459,213.66,68,1815,9251,3,16
1784686711.881,real_q8_tensor_220w_ngram,0,80,11459,213.88,64,1875,9251,3,16
1784686711.881,real_q8_tensor_220w_ngram,1,90,11459,218.33,68,1800,9251,3,16
1784686711.881,real_q8_tensor_220w_ngram,2,90,11459,215.28,72,1830,9251,3,16
1784686711.881,real_q8_tensor_220w_ngram,3,100,11459,216.35,68,1815,9251,3,16
1784686712.480,real_q8_tensor_220w_ngram,0,100,11459,213.93,64,1890,9251,3,16
1784686712.480,real_q8_tensor_220w_ngram,1,100,11459,218.12,68,1845,9251,3,16
1784686712.480,real_q8_tensor_220w_ngram,2,100,11459,214.84,73,1830,9251,3,16
1784686712.480,real_q8_tensor_220w_ngram,3,100,11459,216.42,69,1860,9251,3,16
1784686713.074,real_q8_tensor_220w_ngram,0,100,11459,214.25,64,1875,9251,3,16
1784686713.074,real_q8_tensor_220w_ngram,1,100,11459,217.92,68,1800,9251,3,16
1784686713.074,real_q8_tensor_220w_ngram,2,100,11459,214.63,72,1815,9251,3,16
1784686713.074,real_q8_tensor_220w_ngram,3,100,11459,216.55,69,1815,9251,3,16
1784686713.683,real_q8_tensor_220w_ngram,0,100,11459,214.93,64,1875,9251,3,16
1784686713.683,real_q8_tensor_220w_ngram,1,81,11459,218.24,68,1800,9251,3,16
1784686713.683,real_q8_tensor_220w_ngram,2,80,11459,215.14,73,1815,9251,3,16
1784686713.683,real_q8_tensor_220w_ngram,3,100,11459,216.80,69,1815,9251,3,16
1784686714.302,real_q8_tensor_220w_ngram,0,100,11459,214.96,64,1875,9251,3,16
1784686714.302,real_q8_tensor_220w_ngram,1,81,11459,218.43,68,1800,9251,3,16
1784686714.302,real_q8_tensor_220w_ngram,2,80,11459,215.24,73,1830,9251,3,16
1784686714.302,real_q8_tensor_220w_ngram,3,100,11459,216.59,69,1815,9251,3,16
1784686714.877,real_q8_tensor_220w_ngram,0,100,11459,214.93,64,1860,9251,3,16
1784686714.877,real_q8_tensor_220w_ngram,1,100,11459,218.43,68,1770,9251,3,16
1784686714.877,real_q8_tensor_220w_ngram,2,100,11459,215.11,72,1815,9251,3,16
1784686714.877,real_q8_tensor_220w_ngram,3,87,11459,216.71,69,1815,9251,3,16
1784686715.453,real_q8_tensor_220w_ngram,0,100,11459,214.73,64,1875,9251,3,16
1784686715.453,real_q8_tensor_220w_ngram,1,90,11459,218.18,68,1785,9251,3,16
1784686715.453,real_q8_tensor_220w_ngram,2,100,11459,214.96,73,1830,9251,3,16
1784686715.453,real_q8_tensor_220w_ngram,3,100,11459,217.02,69,1800,9251,3,16
1784686716.024,real_q8_tensor_220w_ngram,0,100,11459,214.50,64,1875,9251,3,16
1784686716.024,real_q8_tensor_220w_ngram,1,100,11459,218.59,68,1785,9251,3,16
1784686716.024,real_q8_tensor_220w_ngram,2,100,11459,215.67,73,1815,9251,3,16
1784686716.024,real_q8_tensor_220w_ngram,3,100,11459,216.59,69,1815,9251,3,16
1784686716.601,real_q8_tensor_220w_ngram,0,79,11459,214.54,64,1890,9251,3,16
1784686716.601,real_q8_tensor_220w_ngram,1,100,11459,219.22,68,1860,9251,3,16
1784686716.601,real_q8_tensor_220w_ngram,2,100,11459,215.84,73,1830,9251,3,16
1784686716.601,real_q8_tensor_220w_ngram,3,100,11459,215.96,69,1860,9251,3,16
1784686717.199,real_q8_tensor_220w_ngram,0,79,11459,214.23,64,1860,9251,3,16
1784686717.199,real_q8_tensor_220w_ngram,1,100,11459,218.01,68,1785,9251,3,16
1784686717.199,real_q8_tensor_220w_ngram,2,100,11459,214.55,73,1815,9251,3,16
1784686717.199,real_q8_tensor_220w_ngram,3,100,11459,217.49,69,1800,9251,3,16
1784686717.776,real_q8_tensor_220w_ngram,0,100,11459,215.70,64,1860,9251,3,16
1784686717.776,real_q8_tensor_220w_ngram,1,100,11459,217.55,68,1770,9251,3,16
1784686717.776,real_q8_tensor_220w_ngram,2,100,11459,214.74,73,1815,9251,3,16
1784686717.776,real_q8_tensor_220w_ngram,3,100,11459,220.04,69,1800,9251,3,16
1784686718.372,real_q8_tensor_220w_ngram,0,100,11459,213.56,64,1860,9251,3,16
1784686718.372,real_q8_tensor_220w_ngram,1,100,11459,218.15,68,1800,9251,3,16
1784686718.372,real_q8_tensor_220w_ngram,2,100,11459,215.43,73,1815,9251,3,16
1784686718.372,real_q8_tensor_220w_ngram,3,100,11459,217.64,69,1800,9251,3,16
1784686718.947,real_q8_tensor_220w_ngram,0,79,11459,213.72,64,1875,9251,3,16
1784686718.947,real_q8_tensor_220w_ngram,1,98,11459,219.61,68,1800,9251,3,16
1784686718.947,real_q8_tensor_220w_ngram,2,100,11459,217.59,73,1830,9251,3,16
1784686718.947,real_q8_tensor_220w_ngram,3,89,11459,217.69,69,1815,9251,3,16
1784686719.531,real_q8_tensor_220w_ngram,0,79,11459,214.41,64,1860,9251,3,16
1784686719.531,real_q8_tensor_220w_ngram,1,100,11459,218.06,69,1770,9251,3,16
1784686719.531,real_q8_tensor_220w_ngram,2,100,11459,216.03,73,1815,9251,3,16
1784686719.531,real_q8_tensor_220w_ngram,3,100,11459,217.96,69,1800,9251,3,16
1784686720.105,real_q8_tensor_220w_ngram,0,100,11459,216.60,64,1860,9251,3,16
1784686720.105,real_q8_tensor_220w_ngram,1,100,11459,217.65,68,1785,9251,3,16
1784686720.105,real_q8_tensor_220w_ngram,2,100,11459,215.68,73,1815,9251,3,16
1784686720.105,real_q8_tensor_220w_ngram,3,100,11459,218.05,69,1800,9251,3,16
1784686720.682,real_q8_tensor_220w_ngram,0,100,11459,214.34,64,1860,9251,3,16
1784686720.682,real_q8_tensor_220w_ngram,1,100,11459,218.01,69,1770,9251,3,16
1784686720.682,real_q8_tensor_220w_ngram,2,100,11459,215.65,73,1815,9251,3,16
1784686720.682,real_q8_tensor_220w_ngram,3,100,11459,218.46,69,1785,9251,3,16
1784686721.273,real_q8_tensor_220w_ngram,0,78,11459,213.44,64,1860,9251,3,16
1784686721.273,real_q8_tensor_220w_ngram,1,100,11459,218.02,69,1785,9251,3,16
1784686721.273,real_q8_tensor_220w_ngram,2,100,11459,215.58,73,1815,9251,3,16
1784686721.273,real_q8_tensor_220w_ngram,3,100,11459,217.41,69,1800,9251,3,16
1784686721.871,real_q8_tensor_220w_ngram,0,78,11459,214.26,64,1845,9251,3,16
1784686721.871,real_q8_tensor_220w_ngram,1,100,11459,217.62,69,1770,9251,3,16
1784686721.871,real_q8_tensor_220w_ngram,2,100,11459,215.56,73,1815,9251,3,16
1784686721.871,real_q8_tensor_220w_ngram,3,100,11459,217.76,69,1785,9251,3,16
1784686722.472,real_q8_tensor_220w_ngram,0,78,11459,213.99,64,1845,9251,3,16
1784686722.472,real_q8_tensor_220w_ngram,1,100,11459,217.64,68,1770,9251,3,16
1784686722.472,real_q8_tensor_220w_ngram,2,100,11459,215.79,73,1800,9251,3,16
1784686722.472,real_q8_tensor_220w_ngram,3,100,11459,218.09,69,1785,9251,3,16
1784686723.046,real_q8_tensor_220w_ngram,0,78,11459,213.97,65,1860,9251,3,16
1784686723.046,real_q8_tensor_220w_ngram,1,100,11459,219.91,69,1785,9251,3,16
1784686723.046,real_q8_tensor_220w_ngram,2,100,11459,217.49,73,1815,9251,3,16
1784686723.046,real_q8_tensor_220w_ngram,3,100,11459,218.02,70,1785,9251,3,16
1784686723.646,real_q8_tensor_220w_ngram,0,81,11459,214.52,65,1860,9251,3,16
1784686723.646,real_q8_tensor_220w_ngram,1,75,11459,217.50,69,1785,9251,3,16
1784686723.646,real_q8_tensor_220w_ngram,2,75,11459,215.55,73,1815,9251,3,16
1784686723.646,real_q8_tensor_220w_ngram,3,100,11459,217.81,69,1785,9251,3,16
1784686724.224,real_q8_tensor_220w_ngram,0,100,11459,214.68,65,1860,9251,3,16
1784686724.224,real_q8_tensor_220w_ngram,1,88,11459,217.77,69,1785,9251,3,16
1784686724.224,real_q8_tensor_220w_ngram,2,100,11459,215.64,73,1815,9251,3,16
1784686724.224,real_q8_tensor_220w_ngram,3,100,11459,218.55,70,1785,9251,3,16
1784686724.802,real_q8_tensor_220w_ngram,0,100,11459,214.09,64,1845,9251,3,16
1784686724.802,real_q8_tensor_220w_ngram,1,75,11459,217.94,69,1785,9251,3,16
1784686724.802,real_q8_tensor_220w_ngram,2,76,11459,214.63,73,1815,9251,3,16
1784686724.802,real_q8_tensor_220w_ngram,3,100,11459,218.37,69,1770,9251,3,16
1784686725.394,real_q8_tensor_220w_ngram,0,100,11459,213.18,65,1860,9251,3,16
1784686725.394,real_q8_tensor_220w_ngram,1,75,11459,217.96,69,1785,9251,3,16
1784686725.394,real_q8_tensor_220w_ngram,2,76,11459,214.18,73,1800,9251,3,16
1784686725.394,real_q8_tensor_220w_ngram,3,100,11459,217.51,70,1785,9251,3,16
1784686725.971,real_q8_tensor_220w_ngram,0,100,11459,213.09,64,1845,9251,3,16
1784686725.971,real_q8_tensor_220w_ngram,1,88,11459,217.33,69,1770,9251,3,16
1784686725.971,real_q8_tensor_220w_ngram,2,84,11459,214.26,73,1800,9251,3,16
1784686725.971,real_q8_tensor_220w_ngram,3,100,11459,217.57,69,1770,9251,3,16
1784686726.590,real_q8_tensor_220w_ngram,0,100,11459,213.24,65,1845,9251,3,16
1784686726.590,real_q8_tensor_220w_ngram,1,88,11459,217.64,69,1770,9251,3,16
1784686726.590,real_q8_tensor_220w_ngram,2,84,11459,214.84,74,1800,9251,3,16
1784686726.590,real_q8_tensor_220w_ngram,3,100,11459,217.37,70,1770,9251,3,16
1784686727.165,real_q8_tensor_220w_ngram,0,76,11459,213.01,64,1830,9251,3,16
1784686727.165,real_q8_tensor_220w_ngram,1,100,11459,217.65,68,1755,9251,3,16
1784686727.165,real_q8_tensor_220w_ngram,2,96,11459,214.84,73,1785,9251,3,16
1784686727.165,real_q8_tensor_220w_ngram,3,76,11459,217.40,69,1770,9251,3,16
1784686727.760,real_q8_tensor_220w_ngram,0,76,11459,213.52,65,1845,9251,3,16
1784686727.760,real_q8_tensor_220w_ngram,1,100,11459,217.44,69,1755,9251,3,16
1784686727.760,real_q8_tensor_220w_ngram,2,96,11459,216.40,74,1785,9251,3,16
1784686727.760,real_q8_tensor_220w_ngram,3,76,11459,217.24,70,1770,9251,3,16
1784686728.334,real_q8_tensor_220w_ngram,0,75,11459,213.64,65,1845,9251,3,16
1784686728.334,real_q8_tensor_220w_ngram,1,76,11459,216.11,69,1770,9251,3,16
1784686728.334,real_q8_tensor_220w_ngram,2,76,11459,214.90,73,1815,9251,3,16
1784686728.334,real_q8_tensor_220w_ngram,3,76,11459,217.66,70,1770,9251,3,16
1784686728.928,real_q8_tensor_220w_ngram,0,87,11459,213.67,65,1830,9251,3,16
1784686728.928,real_q8_tensor_220w_ngram,1,100,11459,217.01,69,1755,9251,3,16
1784686728.928,real_q8_tensor_220w_ngram,2,87,11459,213.96,74,1785,9251,3,16
1784686728.928,real_q8_tensor_220w_ngram,3,100,11459,218.08,70,1770,9251,3,16
1784686729.508,real_q8_tensor_220w_ngram,0,75,11459,213.36,65,1845,9251,3,16
1784686729.508,real_q8_tensor_220w_ngram,1,76,11459,215.82,69,1770,9251,3,16
1784686729.508,real_q8_tensor_220w_ngram,2,75,11459,213.23,73,1800,9251,3,16
1784686729.508,real_q8_tensor_220w_ngram,3,75,11459,217.99,70,1755,9251,3,16
1784686730.103,real_q8_tensor_220w_ngram,0,75,11459,213.70,65,1830,9251,3,16
1784686730.103,real_q8_tensor_220w_ngram,1,76,11459,217.08,69,1755,9251,3,16
1784686730.103,real_q8_tensor_220w_ngram,2,75,11459,214.28,74,1785,9251,3,16
1784686730.103,real_q8_tensor_220w_ngram,3,75,11459,217.13,70,1770,9251,3,16
1784686730.679,real_q8_tensor_220w_ngram,0,100,11459,215.87,65,1890,9251,3,16
1784686730.679,real_q8_tensor_220w_ngram,1,76,11459,216.94,69,1860,9251,3,16
1784686730.679,real_q8_tensor_220w_ngram,2,80,11459,214.46,74,1815,9251,3,16
1784686730.679,real_q8_tensor_220w_ngram,3,100,11459,219.49,70,1860,9251,3,16
1784686731.255,real_q8_tensor_220w_ngram,0,100,11459,213.08,65,1845,9251,3,16
1784686731.255,real_q8_tensor_220w_ngram,1,76,11459,217.61,69,1755,9251,3,16
1784686731.255,real_q8_tensor_220w_ngram,2,80,11459,214.75,74,1785,9251,3,16
1784686731.255,real_q8_tensor_220w_ngram,3,100,11459,217.69,70,1770,9251,3,16
1784686731.831,real_q8_tensor_220w_ngram,0,100,11459,214.41,65,1845,9251,3,16
1784686731.831,real_q8_tensor_220w_ngram,1,100,11459,219.23,69,1785,9251,3,16
1784686731.831,real_q8_tensor_220w_ngram,2,100,11459,217.25,74,1785,9251,3,16
1784686731.831,real_q8_tensor_220w_ngram,3,100,11459,218.04,70,1785,9251,3,16
1784686732.405,real_q8_tensor_220w_ngram,0,100,11459,212.91,64,1830,9251,3,16
1784686732.405,real_q8_tensor_220w_ngram,1,97,11459,217.13,69,1755,9251,3,16
1784686732.405,real_q8_tensor_220w_ngram,2,87,11459,216.52,74,1785,9251,3,16
1784686732.405,real_q8_tensor_220w_ngram,3,87,11459,217.36,70,1770,9251,3,16
1784686732.983,real_q8_tensor_220w_ngram,0,87,11459,212.98,65,1830,9251,3,16
1784686732.983,real_q8_tensor_220w_ngram,1,100,11459,217.91,69,1740,9251,3,16
1784686732.983,real_q8_tensor_220w_ngram,2,100,11459,217.61,74,1770,9251,3,16
1784686732.983,real_q8_tensor_220w_ngram,3,100,11459,217.23,70,1755,9251,3,16
1784686733.560,real_q8_tensor_220w_ngram,0,80,11459,213.07,64,1830,9251,3,16
1784686733.560,real_q8_tensor_220w_ngram,1,100,11459,216.98,69,1740,9251,3,16
1784686733.560,real_q8_tensor_220w_ngram,2,100,11459,216.86,74,1785,9251,3,16
1784686733.560,real_q8_tensor_220w_ngram,3,100,11459,215.78,69,1770,9251,3,16
1784686734.138,real_q8_tensor_220w_ngram,0,86,11459,212.33,65,1845,9251,3,16
1784686734.138,real_q8_tensor_220w_ngram,1,100,11459,216.46,69,1785,9251,3,16
1784686734.138,real_q8_tensor_220w_ngram,2,100,11459,216.24,74,1800,9251,3,16
1784686734.138,real_q8_tensor_220w_ngram,3,100,11459,216.85,70,1770,9251,3,16
1784686734.716,real_q8_tensor_220w_ngram,0,100,11459,214.02,65,1845,9251,3,16
1784686734.716,real_q8_tensor_220w_ngram,1,100,11459,218.01,69,1770,9251,3,16
1784686734.716,real_q8_tensor_220w_ngram,2,100,11459,218.18,74,1785,9251,3,16
1784686734.716,real_q8_tensor_220w_ngram,3,100,11459,218.15,70,1785,9251,3,16
1784686735.282,real_q8_tensor_220w_ngram,0,100,11459,212.50,65,1845,9251,3,16
1784686735.282,real_q8_tensor_220w_ngram,1,100,11459,216.13,69,1770,9251,3,16
1784686735.282,real_q8_tensor_220w_ngram,2,100,11459,216.05,74,1800,9251,3,16
1784686735.282,real_q8_tensor_220w_ngram,3,74,11459,216.90,70,1785,9251,3,16
1784686735.856,real_q8_tensor_220w_ngram,0,100,11459,212.96,65,1845,9251,3,16
1784686735.856,real_q8_tensor_220w_ngram,1,100,11459,216.51,69,1740,9251,3,16
1784686735.856,real_q8_tensor_220w_ngram,2,100,11459,218.31,74,1770,9251,3,16
1784686735.856,real_q8_tensor_220w_ngram,3,74,11459,217.10,70,1785,9251,3,16
1784686736.431,real_q8_tensor_220w_ngram,0,86,11459,212.21,64,1830,9251,3,16
1784686736.431,real_q8_tensor_220w_ngram,1,94,11459,217.55,68,1755,9251,3,16
1784686736.431,real_q8_tensor_220w_ngram,2,94,11459,218.07,73,1860,9251,3,16
1784686736.431,real_q8_tensor_220w_ngram,3,73,11459,215.82,70,1770,9251,3,16
1784686737.009,real_q8_tensor_220w_ngram,0,100,11459,212.94,65,1830,9251,3,16
1784686737.009,real_q8_tensor_220w_ngram,1,94,11459,216.10,69,1740,9251,3,16
1784686737.009,real_q8_tensor_220w_ngram,2,94,11459,216.16,74,1770,9251,3,16
1784686737.009,real_q8_tensor_220w_ngram,3,73,11459,216.37,70,1755,9251,3,16
1784686737.603,real_q8_tensor_220w_ngram,0,100,11459,215.35,65,1815,9251,3,16
1784686737.603,real_q8_tensor_220w_ngram,1,100,11459,218.26,69,1725,9251,3,16
1784686737.603,real_q8_tensor_220w_ngram,2,100,11459,217.75,74,1785,9251,3,16
1784686737.603,real_q8_tensor_220w_ngram,3,100,11459,217.02,70,1755,9251,3,16
1784686738.170,real_q8_tensor_220w_ngram,0,72,11459,211.93,65,1845,9251,3,16
1784686738.170,real_q8_tensor_220w_ngram,1,100,11459,216.76,69,1740,9251,3,16
1784686738.170,real_q8_tensor_220w_ngram,2,100,11459,215.99,74,1770,9251,3,16
1784686738.170,real_q8_tensor_220w_ngram,3,100,11459,216.00,70,1785,9251,3,16
1784686738.744,real_q8_tensor_220w_ngram,0,72,11459,211.85,65,1860,9251,3,16
1784686738.744,real_q8_tensor_220w_ngram,1,100,11459,217.04,69,1770,9251,3,16
1784686738.744,real_q8_tensor_220w_ngram,2,100,11459,216.12,74,1770,9251,3,16
1784686738.744,real_q8_tensor_220w_ngram,3,100,11459,217.38,70,1755,9251,3,16
1784686739.319,real_q8_tensor_220w_ngram,0,71,11459,211.69,64,1830,9251,3,16
1784686739.319,real_q8_tensor_220w_ngram,1,100,11459,218.46,69,1740,9251,3,16
1784686739.319,real_q8_tensor_220w_ngram,2,100,11459,217.04,74,1800,9251,3,16
1784686739.319,real_q8_tensor_220w_ngram,3,100,11459,215.43,70,1770,9251,3,16
1784686739.920,real_q8_tensor_220w_ngram,0,86,11459,211.56,65,1815,9251,3,16
1784686739.920,real_q8_tensor_220w_ngram,1,100,11459,215.87,69,1770,9251,3,16
1784686739.920,real_q8_tensor_220w_ngram,2,100,11459,214.85,74,1800,9251,3,16
1784686739.920,real_q8_tensor_220w_ngram,3,100,11459,216.23,70,1740,9251,3,16
1784686740.496,real_q8_tensor_220w_ngram,0,100,11459,214.63,65,1815,9251,3,16
1784686740.496,real_q8_tensor_220w_ngram,1,100,11459,217.73,69,1710,9251,3,16
1784686740.496,real_q8_tensor_220w_ngram,2,100,11459,216.70,74,1770,9251,3,16
1784686740.496,real_q8_tensor_220w_ngram,3,100,11459,217.66,70,1740,9251,3,16
1784686741.070,real_q8_tensor_220w_ngram,0,100,11459,211.18,65,1815,9251,3,16
1784686741.070,real_q8_tensor_220w_ngram,1,83,11459,215.96,68,1740,9251,3,16
1784686741.070,real_q8_tensor_220w_ngram,2,82,11459,213.54,73,1770,9251,3,16
1784686741.070,real_q8_tensor_220w_ngram,3,72,11459,215.60,70,1740,9251,3,16
1784686741.645,real_q8_tensor_220w_ngram,0,100,11459,212.22,65,1815,9251,3,16
1784686741.645,real_q8_tensor_220w_ngram,1,83,11459,216.31,69,1725,9251,3,16
1784686741.645,real_q8_tensor_220w_ngram,2,82,11459,213.86,74,1755,9251,3,16
1784686741.645,real_q8_tensor_220w_ngram,3,72,11459,216.10,70,1770,9251,3,16
1784686742.220,real_q8_tensor_220w_ngram,0,100,11459,214.34,65,1830,9251,3,16
1784686742.220,real_q8_tensor_220w_ngram,1,100,11459,218.33,69,1755,9251,3,16
1784686742.220,real_q8_tensor_220w_ngram,2,100,11459,216.07,74,1785,9251,3,16
1784686742.220,real_q8_tensor_220w_ngram,3,100,11459,218.55,70,1755,9251,3,16
1784686742.786,real_q8_tensor_220w_ngram,0,70,11459,211.43,65,1830,9251,3,16
1784686742.786,real_q8_tensor_220w_ngram,1,100,11459,216.34,69,1755,9251,3,16
1784686742.786,real_q8_tensor_220w_ngram,2,100,11459,214.35,74,1785,9251,3,16
1784686742.786,real_q8_tensor_220w_ngram,3,100,11459,216.43,70,1755,9251,3,16
1784686743.361,real_q8_tensor_220w_ngram,0,70,11459,211.13,65,1815,9251,3,16
1784686743.361,real_q8_tensor_220w_ngram,1,100,11459,218.68,69,1725,9251,3,16
1784686743.361,real_q8_tensor_220w_ngram,2,100,11459,218.15,74,1755,9251,3,16
1784686743.361,real_q8_tensor_220w_ngram,3,100,11459,215.51,70,1770,9251,3,16
1784686743.936,real_q8_tensor_220w_ngram,0,100,11459,213.89,65,1830,9251,3,16
1784686743.936,real_q8_tensor_220w_ngram,1,100,11459,218.01,69,1785,9251,3,16
1784686743.936,real_q8_tensor_220w_ngram,2,100,11459,218.07,74,1770,9251,3,16
1784686743.936,real_q8_tensor_220w_ngram,3,100,11459,217.79,70,1770,9251,3,16
1784686744.507,real_q8_tensor_220w_ngram,0,85,11459,211.25,65,1800,9251,3,16
1784686744.507,real_q8_tensor_220w_ngram,1,84,11459,215.83,69,1695,9251,3,16
1784686744.507,real_q8_tensor_220w_ngram,2,81,11459,216.00,74,1755,9251,3,16
1784686744.507,real_q8_tensor_220w_ngram,3,100,11459,215.35,70,1725,9251,3,16
1784686745.086,real_q8_tensor_220w_ngram,0,100,11459,213.23,65,1815,9251,3,16
1784686745.086,real_q8_tensor_220w_ngram,1,84,11459,218.87,69,1725,9251,3,16
1784686745.086,real_q8_tensor_220w_ngram,2,81,11459,218.83,74,1770,9251,3,16
1784686745.086,real_q8_tensor_220w_ngram,3,100,11459,217.01,70,1740,9251,3,16
1784686745.689,real_q8_tensor_220w_ngram,0,100,11459,210.96,65,1785,9251,3,16
1784686745.689,real_q8_tensor_220w_ngram,1,72,11459,215.31,69,1665,9251,3,16
1784686745.689,real_q8_tensor_220w_ngram,2,76,11459,214.48,73,1875,9251,3,16
1784686745.689,real_q8_tensor_220w_ngram,3,70,11459,215.73,70,1710,9251,3,16
1784686746.285,real_q8_tensor_220w_ngram,0,100,11459,210.93,65,1830,9251,3,16
1784686746.285,real_q8_tensor_220w_ngram,1,72,11459,215.01,69,1740,9251,3,16
1784686746.285,real_q8_tensor_220w_ngram,2,76,11459,213.17,74,1785,9251,3,16
1784686746.285,real_q8_tensor_220w_ngram,3,70,11459,215.26,70,1755,9251,3,16
1784686746.860,real_q8_tensor_220w_ngram,0,100,11459,213.65,65,1830,9251,3,16
1784686746.860,real_q8_tensor_220w_ngram,1,100,11459,217.37,69,1755,9251,3,16
1784686746.860,real_q8_tensor_220w_ngram,2,100,11459,216.49,74,1785,9251,3,16
1784686746.860,real_q8_tensor_220w_ngram,3,100,11459,217.33,70,1755,9251,3,16
1784686747.434,real_q8_tensor_220w_ngram,0,70,11459,210.47,65,1800,9251,3,16
1784686747.434,real_q8_tensor_220w_ngram,1,100,11459,217.26,69,1710,9251,3,16
1784686747.434,real_q8_tensor_220w_ngram,2,99,11459,216.15,74,1725,9251,3,16
1784686747.434,real_q8_tensor_220w_ngram,3,100,11459,215.11,70,1725,9251,3,16
1784686748.013,real_q8_tensor_220w_ngram,0,70,11459,210.82,65,1830,9251,3,16
1784686748.013,real_q8_tensor_220w_ngram,1,100,11459,215.10,69,1710,9251,3,16
1784686748.013,real_q8_tensor_220w_ngram,2,100,11459,213.12,74,1755,9251,3,16
1784686748.013,real_q8_tensor_220w_ngram,3,100,11459,215.84,70,1770,9251,3,16
1784686748.607,real_q8_tensor_220w_ngram,0,100,11459,213.82,66,1815,9251,3,16
1784686748.607,real_q8_tensor_220w_ngram,1,100,11459,217.40,69,1740,9251,3,16
1784686748.607,real_q8_tensor_220w_ngram,2,100,11459,215.68,74,1785,9251,3,16
1784686748.607,real_q8_tensor_220w_ngram,3,100,11459,217.82,70,1740,9251,3,16
1784686749.207,real_q8_tensor_220w_ngram,0,100,11459,211.54,65,1800,9251,3,16
1784686749.207,real_q8_tensor_220w_ngram,1,69,11459,215.18,69,1755,9251,3,16
1784686749.207,real_q8_tensor_220w_ngram,2,69,11459,212.91,74,1755,9251,3,16
1784686749.207,real_q8_tensor_220w_ngram,3,85,11459,214.79,70,1755,9251,3,16
1784686749.802,real_q8_tensor_220w_ngram,0,100,11459,215.46,65,1800,9251,3,16
1784686749.802,real_q8_tensor_220w_ngram,1,69,11459,215.17,70,1710,9251,3,16
1784686749.802,real_q8_tensor_220w_ngram,2,69,11459,214.01,74,1755,9251,3,16
1784686749.802,real_q8_tensor_220w_ngram,3,85,11459,217.99,70,1725,9251,3,16
1784686750.403,real_q8_tensor_220w_ngram,0,100,11459,214.14,66,1800,9251,3,16
1784686750.403,real_q8_tensor_220w_ngram,1,100,11459,217.84,69,1725,9251,3,16
1784686750.403,real_q8_tensor_220w_ngram,2,100,11459,217.21,74,1740,9251,3,16
1784686750.403,real_q8_tensor_220w_ngram,3,96,11459,217.55,70,1770,9251,3,16
1784686750.971,real_q8_tensor_220w_ngram,0,68,11459,210.51,65,1785,9251,3,16
1784686750.971,real_q8_tensor_220w_ngram,1,100,11459,215.87,68,1710,9251,3,16
1784686750.971,real_q8_tensor_220w_ngram,2,100,11459,213.45,73,1740,9251,3,16
1784686750.971,real_q8_tensor_220w_ngram,3,96,11459,216.65,70,1725,9251,3,16
1784686751.547,real_q8_tensor_220w_ngram,0,68,11459,211.93,65,1815,9251,3,16
1784686751.547,real_q8_tensor_220w_ngram,1,100,11459,217.85,70,1710,9251,3,16
1784686751.547,real_q8_tensor_220w_ngram,2,100,11459,216.42,75,1770,9251,3,16
1784686751.547,real_q8_tensor_220w_ngram,3,100,11459,218.39,70,1740,9251,3,16
1784686752.167,real_q8_tensor_220w_ngram,0,100,11459,211.03,65,1800,9251,3,16
1784686752.167,real_q8_tensor_220w_ngram,1,100,11459,216.82,70,1710,9251,3,16
1784686752.167,real_q8_tensor_220w_ngram,2,100,11459,213.20,75,1860,9251,3,16
1784686752.167,real_q8_tensor_220w_ngram,3,100,11459,216.73,70,1725,9251,3,16
1784686752.755,real_q8_tensor_220w_ngram,0,100,11459,211.21,65,1800,9251,3,16
1784686752.755,real_q8_tensor_220w_ngram,1,100,11459,215.49,69,1740,9251,3,16
1784686752.755,real_q8_tensor_220w_ngram,2,100,11459,213.23,74,1785,9251,3,16
1784686752.755,real_q8_tensor_220w_ngram,3,71,11459,215.61,70,1740,9251,3,16
1784686753.351,real_q8_tensor_220w_ngram,0,100,11459,214.11,65,1785,9251,3,16
1784686753.351,real_q8_tensor_220w_ngram,1,100,11459,215.54,69,1695,9251,3,16
1784686753.351,real_q8_tensor_220w_ngram,2,100,11459,215.69,74,1740,9251,3,16
1784686753.351,real_q8_tensor_220w_ngram,3,71,11459,218.65,70,1725,9251,3,16
1784686753.926,real_q8_tensor_220w_ngram,0,100,11459,213.16,65,1800,9251,3,16
1784686753.926,real_q8_tensor_220w_ngram,1,100,11459,217.61,70,1710,9251,3,16
1784686753.926,real_q8_tensor_220w_ngram,2,100,11459,216.19,75,1755,9251,3,16
1784686753.926,real_q8_tensor_220w_ngram,3,100,11459,217.31,71,1725,9251,3,16
1784686754.497,real_q8_tensor_220w_ngram,0,78,11459,210.09,65,1830,9251,3,16
1784686754.497,real_q8_tensor_220w_ngram,1,100,11459,214.88,70,1740,9251,3,16
1784686754.497,real_q8_tensor_220w_ngram,2,100,11459,212.72,74,1725,9251,3,16
1784686754.497,real_q8_tensor_220w_ngram,3,100,11459,214.15,70,1740,9251,3,16
1784686755.116,real_q8_tensor_220w_ngram,0,83,11459,213.41,66,1815,9251,3,16
1784686755.116,real_q8_tensor_220w_ngram,1,100,11459,216.67,70,1740,9251,3,16
1784686755.116,real_q8_tensor_220w_ngram,2,100,11459,213.78,74,1740,9251,3,16
1784686755.116,real_q8_tensor_220w_ngram,3,100,11459,216.91,70,1740,9251,3,16
1784686755.716,real_q8_tensor_220w_ngram,0,100,11459,212.85,65,1785,9251,3,16
1784686755.716,real_q8_tensor_220w_ngram,1,100,11459,216.68,70,1695,9251,3,16
1784686755.716,real_q8_tensor_220w_ngram,2,100,11459,216.53,75,1740,9251,3,16
1784686755.716,real_q8_tensor_220w_ngram,3,100,11459,216.51,70,1710,9251,3,16
1784686756.284,real_q8_tensor_220w_ngram,0,100,11459,210.19,64,1800,9251,3,16
1784686756.284,real_q8_tensor_220w_ngram,1,68,11459,214.44,69,1710,9251,3,16
1784686756.284,real_q8_tensor_220w_ngram,2,65,11459,214.74,74,1770,9251,3,16
1784686756.284,real_q8_tensor_220w_ngram,3,100,11459,214.55,69,1710,9251,3,16
1784686756.882,real_q8_tensor_220w_ngram,0,100,11459,214.57,66,1785,9251,3,16
1784686756.882,real_q8_tensor_220w_ngram,1,100,11459,218.04,70,1695,9251,3,16
1784686756.882,real_q8_tensor_220w_ngram,2,83,11459,216.25,75,1770,9251,3,16
1784686756.882,real_q8_tensor_220w_ngram,3,100,11459,215.85,70,1710,9251,3,16
1784686757.485,real_q8_tensor_220w_ngram,0,100,11459,216.13,65,1785,9251,3,16
1784686757.485,real_q8_tensor_220w_ngram,1,100,11459,216.58,70,1695,9251,3,16
1784686757.485,real_q8_tensor_220w_ngram,2,100,11459,215.89,75,1740,9251,3,16
1784686757.485,real_q8_tensor_220w_ngram,3,100,11459,216.17,70,1710,9251,3,16
1784686758.075,real_q8_tensor_220w_ngram,0,100,11459,213.66,64,1770,9251,3,16
1784686758.075,real_q8_tensor_220w_ngram,1,100,11459,215.09,70,1680,9251,3,16
1784686758.075,real_q8_tensor_220w_ngram,2,100,11459,214.25,75,1725,9251,3,16
1784686758.075,real_q8_tensor_220w_ngram,3,100,11459,213.55,69,1755,9251,3,16
1784686758.654,real_q8_tensor_220w_ngram,0,100,11459,213.43,66,1770,9251,3,16
1784686758.654,real_q8_tensor_220w_ngram,1,100,11459,217.57,70,1680,9251,3,16
1784686758.654,real_q8_tensor_220w_ngram,2,100,11459,216.92,75,1725,9251,3,16
1784686758.654,real_q8_tensor_220w_ngram,3,100,11459,214.94,70,1710,9251,3,16
1784686759.229,real_q8_tensor_220w_ngram,0,100,11459,216.23,66,1785,9251,3,16
1784686759.229,real_q8_tensor_220w_ngram,1,100,11459,215.98,70,1680,9251,3,16
1784686759.229,real_q8_tensor_220w_ngram,2,100,11459,215.30,74,1725,9251,3,16
1784686759.229,real_q8_tensor_220w_ngram,3,100,11459,215.91,70,1725,9251,3,16
1784686759.804,real_q8_tensor_220w_ngram,0,87,11459,213.04,65,1845,9251,3,16
1784686759.804,real_q8_tensor_220w_ngram,1,100,11459,217.38,70,1785,9251,3,16
1784686759.804,real_q8_tensor_220w_ngram,2,100,11459,216.39,75,1710,9251,3,16
1784686759.804,real_q8_tensor_220w_ngram,3,77,11459,214.30,71,1800,9251,3,16
1784686760.368,real_q8_tensor_220w_ngram,0,87,11459,209.24,65,1770,9251,3,16
1784686760.368,real_q8_tensor_220w_ngram,1,100,11459,214.58,69,1665,9251,3,16
1784686760.368,real_q8_tensor_220w_ngram,2,100,11459,213.01,73,1740,9251,3,16
1784686760.368,real_q8_tensor_220w_ngram,3,77,11459,214.42,70,1710,9251,3,16
1784686760.943,real_q8_tensor_220w_ngram,0,100,11459,210.68,66,1770,9251,3,16
1784686760.943,real_q8_tensor_220w_ngram,1,100,11459,213.62,70,1665,9251,3,16
1784686760.943,real_q8_tensor_220w_ngram,2,100,11459,215.10,74,1725,9251,3,16
1784686760.943,real_q8_tensor_220w_ngram,3,100,11459,216.47,70,1695,9251,3,16
1784686761.519,real_q8_tensor_220w_ngram,0,100,11459,212.70,66,1770,9251,3,16
1784686761.519,real_q8_tensor_220w_ngram,1,100,11459,216.04,70,1725,9251,3,16
1784686761.519,real_q8_tensor_220w_ngram,2,100,11459,215.65,75,1725,9251,3,16
1784686761.519,real_q8_tensor_220w_ngram,3,100,11459,216.14,70,1740,9251,3,16
1784686762.094,real_q8_tensor_220w_ngram,0,100,11459,212.86,66,1875,9251,3,16
1784686762.094,real_q8_tensor_220w_ngram,1,100,11459,216.79,70,1785,9251,3,16
1784686762.094,real_q8_tensor_220w_ngram,2,100,11459,215.50,74,1725,9251,3,16
1784686762.094,real_q8_tensor_220w_ngram,3,100,11459,212.89,71,1830,9251,3,16
1784686762.664,real_q8_tensor_220w_ngram,0,100,11459,210.51,65,1800,9251,3,16
1784686762.664,real_q8_tensor_220w_ngram,1,100,11459,213.31,69,1725,9251,3,16
1784686762.664,real_q8_tensor_220w_ngram,2,100,11459,211.77,74,1710,9251,3,16
1784686762.664,real_q8_tensor_220w_ngram,3,100,11459,214.48,70,1725,9251,3,16
1784686763.238,real_q8_tensor_220w_ngram,0,100,11459,212.96,65,1770,9251,3,16
1784686763.238,real_q8_tensor_220w_ngram,1,100,11459,213.28,70,1665,9251,3,16
1784686763.238,real_q8_tensor_220w_ngram,2,100,11459,212.35,74,1740,9251,3,16
1784686763.238,real_q8_tensor_220w_ngram,3,100,11459,218.22,71,1695,9251,3,16
1784686763.813,real_q8_tensor_220w_ngram,0,100,11459,213.31,66,1815,9251,3,16
1784686763.813,real_q8_tensor_220w_ngram,1,100,11459,215.70,70,1725,9251,3,16
1784686763.813,real_q8_tensor_220w_ngram,2,100,11459,214.93,75,1755,9251,3,16
1784686763.813,real_q8_tensor_220w_ngram,3,100,11459,216.47,70,1755,9251,3,16
1784686764.407,real_q8_tensor_220w_ngram,0,75,11459,212.16,64,1905,9251,3,16
1784686764.407,real_q8_tensor_220w_ngram,1,100,11459,215.76,70,1890,9251,3,16
1784686764.407,real_q8_tensor_220w_ngram,2,100,11459,214.55,74,1875,9251,3,16
1784686764.407,real_q8_tensor_220w_ngram,3,65,11459,212.75,70,1890,9251,3,16
1784686765.009,real_q8_tensor_220w_ngram,0,81,11459,211.73,65,1770,9251,3,16
1784686765.009,real_q8_tensor_220w_ngram,1,89,11459,213.56,70,1680,9251,3,16
1784686765.009,real_q8_tensor_220w_ngram,2,81,11459,211.45,75,1710,9251,3,16
1784686765.009,real_q8_tensor_220w_ngram,3,81,11459,213.55,70,1695,9251,3,16
1784686765.606,real_q8_tensor_220w_ngram,0,100,11459,214.32,65,1815,9251,3,16
1784686765.606,real_q8_tensor_220w_ngram,1,100,11459,214.65,70,1695,9251,3,16
1784686765.606,real_q8_tensor_220w_ngram,2,100,11459,214.04,75,1710,9251,3,16
1784686765.606,real_q8_tensor_220w_ngram,3,100,11459,215.52,70,1740,9251,3,16
1784686766.180,real_q8_tensor_220w_ngram,0,100,11459,215.51,66,1770,9251,3,16
1784686766.180,real_q8_tensor_220w_ngram,1,100,11459,215.51,70,1665,9251,3,16
1784686766.180,real_q8_tensor_220w_ngram,2,100,11459,214.68,75,1710,9251,3,16
1784686766.180,real_q8_tensor_220w_ngram,3,100,11459,216.39,71,1695,9251,3,16
1784686766.755,real_q8_tensor_220w_ngram,0,97,11459,215.10,65,1890,9251,3,16
1784686766.755,real_q8_tensor_220w_ngram,1,100,11459,212.82,70,1860,9251,3,16
1784686766.755,real_q8_tensor_220w_ngram,2,63,11459,210.27,75,1860,9251,3,16
1784686766.755,real_q8_tensor_220w_ngram,3,85,11459,215.09,70,1875,9251,3,16
1784686767.330,real_q8_tensor_220w_ngram,0,97,11459,210.39,66,1770,9251,3,16
1784686767.330,real_q8_tensor_220w_ngram,1,100,11459,213.11,70,1695,9251,3,16
1784686767.330,real_q8_tensor_220w_ngram,2,63,11459,211.18,74,1740,9251,3,16
1784686767.330,real_q8_tensor_220w_ngram,3,85,11459,213.37,70,1710,9251,3,16
1784686767.904,real_q8_tensor_220w_ngram,0,100,11459,212.99,66,1770,9251,3,16
1784686767.904,real_q8_tensor_220w_ngram,1,100,11459,216.12,70,1725,9251,3,16
1784686767.904,real_q8_tensor_220w_ngram,2,100,11459,215.52,75,1770,9251,3,16
1784686767.904,real_q8_tensor_220w_ngram,3,100,11459,216.18,70,1695,9251,3,16
1784686768.497,real_q8_tensor_220w_ngram,0,100,11459,213.01,66,1755,9251,3,16
1784686768.497,real_q8_tensor_220w_ngram,1,100,11459,215.48,70,1665,9251,3,16
1784686768.497,real_q8_tensor_220w_ngram,2,100,11459,214.83,75,1755,9251,3,16
1784686768.497,real_q8_tensor_220w_ngram,3,100,11459,215.91,71,1680,9251,3,16
1784686769.094,real_q8_tensor_220w_ngram,0,100,11459,208.16,66,1890,9251,3,16
1784686769.094,real_q8_tensor_220w_ngram,1,81,11459,212.88,69,1860,9251,3,16
1784686769.094,real_q8_tensor_220w_ngram,2,84,11459,212.08,73,1860,9251,3,16
1784686769.094,real_q8_tensor_220w_ngram,3,63,11459,212.85,70,1860,9251,3,16
1784686769.669,real_q8_tensor_220w_ngram,0,100,11459,209.14,65,1740,9251,3,16
1784686769.669,real_q8_tensor_220w_ngram,1,81,11459,213.37,70,1650,9251,3,16
1784686769.669,real_q8_tensor_220w_ngram,2,84,11459,211.76,75,1695,9251,3,16
1784686769.669,real_q8_tensor_220w_ngram,3,63,11459,212.40,70,1680,9251,3,16
1784686770.243,real_q8_tensor_220w_ngram,0,100,11459,214.13,66,1770,9251,3,16
1784686770.243,real_q8_tensor_220w_ngram,1,100,11459,215.36,70,1665,9251,3,16
1784686770.243,real_q8_tensor_220w_ngram,2,100,11459,213.35,75,1725,9251,3,16
1784686770.243,real_q8_tensor_220w_ngram,3,100,11459,215.71,70,1710,9251,3,16
1784686770.835,real_q8_tensor_220w_ngram,0,100,11459,214.37,66,1785,9251,3,16
1784686770.835,real_q8_tensor_220w_ngram,1,100,11459,214.62,70,1650,9251,3,16
1784686770.835,real_q8_tensor_220w_ngram,2,100,11459,213.18,75,1695,9251,3,16
1784686770.835,real_q8_tensor_220w_ngram,3,100,11459,215.13,70,1710,9251,3,16
1784686771.424,real_q8_tensor_220w_ngram,0,99,11459,214.28,65,1845,9251,3,16
1784686771.424,real_q8_tensor_220w_ngram,1,100,11459,214.70,70,1785,9251,3,16
1784686771.424,real_q8_tensor_220w_ngram,2,100,11459,213.51,75,1710,9251,3,16
1784686771.424,real_q8_tensor_220w_ngram,3,89,11459,214.82,70,1800,9251,3,16
1784686771.988,real_q8_tensor_220w_ngram,0,99,11459,211.56,65,1740,9251,3,16
1784686771.988,real_q8_tensor_220w_ngram,1,100,11459,212.34,70,1650,9251,3,16
1784686771.988,real_q8_tensor_220w_ngram,2,100,11459,210.72,74,1710,9251,3,16
1784686771.988,real_q8_tensor_220w_ngram,3,89,11459,212.78,70,1665,9251,3,16
1784686772.565,real_q8_tensor_220w_ngram,0,100,11459,209.96,66,1755,9251,3,16
1784686772.565,real_q8_tensor_220w_ngram,1,100,11459,215.89,70,1665,9251,3,16
1784686772.565,real_q8_tensor_220w_ngram,2,100,11459,215.11,75,1695,9251,3,16
1784686772.565,real_q8_tensor_220w_ngram,3,100,11459,213.20,70,1680,9251,3,16
1784686773.157,real_q8_tensor_220w_ngram,0,100,11459,212.50,66,1800,9251,3,16
1784686773.157,real_q8_tensor_220w_ngram,1,100,11459,214.49,70,1710,9251,3,16
1784686773.157,real_q8_tensor_220w_ngram,2,100,11459,213.25,75,1740,9251,3,16
1784686773.157,real_q8_tensor_220w_ngram,3,100,11459,215.09,71,1695,9251,3,16
1784686773.749,real_q8_tensor_220w_ngram,0,100,11459,212.84,66,1740,9251,3,16
1784686773.749,real_q8_tensor_220w_ngram,1,100,11459,214.95,71,1695,9251,3,16
1784686773.749,real_q8_tensor_220w_ngram,2,100,11459,213.39,75,1740,9251,3,16
1784686773.749,real_q8_tensor_220w_ngram,3,100,11459,215.08,71,1665,9251,3,16
1784686774.323,real_q8_tensor_220w_ngram,0,100,11459,209.27,64,1905,9251,3,16
1784686774.323,real_q8_tensor_220w_ngram,1,100,11459,215.66,69,1860,9251,3,16
1784686774.323,real_q8_tensor_220w_ngram,2,100,11459,214.01,75,1845,9251,3,16
1784686774.323,real_q8_tensor_220w_ngram,3,100,11459,211.91,69,1890,9251,3,16
1784686774.898,real_q8_tensor_220w_ngram,0,100,11459,211.61,65,1740,9251,3,16
1784686774.898,real_q8_tensor_220w_ngram,1,77,11459,211.93,70,1650,9251,3,16
1784686774.898,real_q8_tensor_220w_ngram,2,78,11459,210.39,75,1755,9251,3,16
1784686774.898,real_q8_tensor_220w_ngram,3,100,11459,215.28,70,1665,9251,3,16
1784686775.473,real_q8_tensor_220w_ngram,0,80,11459,212.56,65,1785,9251,3,16
1784686775.473,real_q8_tensor_220w_ngram,1,97,11459,214.25,70,1650,9251,3,16
1784686775.473,real_q8_tensor_220w_ngram,2,100,11459,213.28,75,1695,9251,3,16
1784686775.473,real_q8_tensor_220w_ngram,3,100,11459,216.84,70,1710,9251,3,16
1784686776.054,real_q8_tensor_220w_ngram,0,100,11459,211.52,66,1785,9251,3,16
1784686776.054,real_q8_tensor_220w_ngram,1,100,11459,214.80,71,1665,9251,3,16
1784686776.054,real_q8_tensor_220w_ngram,2,100,11459,213.30,75,1755,9251,3,16
1784686776.054,real_q8_tensor_220w_ngram,3,100,11459,214.78,71,1710,9251,3,16
1784686776.628,real_q8_tensor_220w_ngram,0,100,11459,211.76,66,1800,9251,3,16
1784686776.628,real_q8_tensor_220w_ngram,1,100,11459,214.48,70,1695,9251,3,16
1784686776.628,real_q8_tensor_220w_ngram,2,100,11459,213.36,75,1680,9251,3,16
1784686776.628,real_q8_tensor_220w_ngram,3,100,11459,215.47,71,1725,9251,3,16
1784686777.234,real_q8_tensor_220w_ngram,0,60,11459,207.53,64,1725,9251,3,16
1784686777.234,real_q8_tensor_220w_ngram,1,68,11459,211.67,70,1620,9251,3,16
1784686777.234,real_q8_tensor_220w_ngram,2,100,11459,209.70,74,1710,9251,3,16
1784686777.234,real_q8_tensor_220w_ngram,3,59,11459,210.91,70,1665,9251,3,16
1784686777.837,real_q8_tensor_220w_ngram,0,60,11459,211.92,66,1800,9251,3,16
1784686777.837,real_q8_tensor_220w_ngram,1,68,11459,212.01,70,1695,9251,3,16
1784686777.837,real_q8_tensor_220w_ngram,2,78,11459,213.36,74,1680,9251,3,16
1784686777.837,real_q8_tensor_220w_ngram,3,59,11459,215.35,70,1725,9251,3,16
1784686778.411,real_q8_tensor_220w_ngram,0,100,11459,212.70,66,1770,9251,3,16
1784686778.411,real_q8_tensor_220w_ngram,1,100,11459,214.68,71,1710,9251,3,16
1784686778.411,real_q8_tensor_220w_ngram,2,94,11459,213.12,75,1680,9251,3,16
1784686778.411,real_q8_tensor_220w_ngram,3,100,11459,214.32,71,1710,9251,3,16
1784686779.030,real_q8_tensor_220w_ngram,0,100,11459,211.68,66,1725,9251,3,16
1784686779.030,real_q8_tensor_220w_ngram,1,100,11459,214.97,71,1635,9251,3,16
1784686779.030,real_q8_tensor_220w_ngram,2,100,11459,212.93,75,1665,9251,3,16
1784686779.030,real_q8_tensor_220w_ngram,3,100,11459,214.82,71,1665,9251,3,16
1784686779.606,real_q8_tensor_220w_ngram,0,90,11459,210.14,65,1875,9251,3,16
1784686779.606,real_q8_tensor_220w_ngram,1,100,11459,214.90,71,1845,9251,3,16
1784686779.606,real_q8_tensor_220w_ngram,2,100,11459,213.03,75,1800,9251,3,16
1784686779.606,real_q8_tensor_220w_ngram,3,75,11459,212.10,69,1860,9251,3,16
1784686780.195,real_q8_tensor_220w_ngram,0,90,11459,208.99,64,1725,9251,3,16
1784686780.195,real_q8_tensor_220w_ngram,1,100,11459,211.50,70,1635,9251,3,16
1784686780.195,real_q8_tensor_220w_ngram,2,60,11459,209.66,74,1680,9251,3,16
1784686780.195,real_q8_tensor_220w_ngram,3,75,11459,212.75,70,1665,9251,3,16
1784686780.773,real_q8_tensor_220w_ngram,0,100,11459,212.68,66,1725,9251,3,16
1784686780.773,real_q8_tensor_220w_ngram,1,100,11459,214.04,71,1650,9251,3,16
1784686780.773,real_q8_tensor_220w_ngram,2,60,11459,212.06,75,1665,9251,3,16
1784686780.773,real_q8_tensor_220w_ngram,3,100,11459,214.38,70,1665,9251,3,16
1784686781.383,real_q8_tensor_220w_ngram,0,100,11459,211.45,66,1725,9251,3,16
1784686781.383,real_q8_tensor_220w_ngram,1,100,11459,214.63,71,1620,9251,3,16
1784686781.383,real_q8_tensor_220w_ngram,2,100,11459,212.14,75,1725,9251,3,16
1784686781.383,real_q8_tensor_220w_ngram,3,100,11459,214.26,70,1650,9251,3,16
1784686781.957,real_q8_tensor_220w_ngram,0,100,11459,210.63,66,1740,9251,3,16
1784686781.957,real_q8_tensor_220w_ngram,1,100,11459,214.23,71,1635,9251,3,16
1784686781.957,real_q8_tensor_220w_ngram,2,100,11459,212.39,75,1740,9251,3,16
1784686781.957,real_q8_tensor_220w_ngram,3,100,11459,213.90,70,1665,9251,3,16
1784686782.534,real_q8_tensor_220w_ngram,0,100,11459,211.28,66,1785,9251,3,16
1784686782.534,real_q8_tensor_220w_ngram,1,100,11459,214.11,71,1755,9251,3,16
1784686782.534,real_q8_tensor_220w_ngram,2,100,11459,212.54,75,1755,9251,3,16
1784686782.534,real_q8_tensor_220w_ngram,3,100,11459,214.00,71,1755,9251,3,16
1784686783.101,real_q8_tensor_220w_ngram,0,58,11459,208.63,66,1695,9251,3,16
1784686783.101,real_q8_tensor_220w_ngram,1,69,11459,211.58,69,1590,9251,3,16
1784686783.101,real_q8_tensor_220w_ngram,2,100,11459,209.97,73,1875,9251,3,16
1784686783.101,real_q8_tensor_220w_ngram,3,59,11459,212.09,71,1650,9251,3,16
1784686783.677,real_q8_tensor_220w_ngram,0,58,11459,207.59,65,1725,9251,3,16
1784686783.677,real_q8_tensor_220w_ngram,1,69,11459,214.27,71,1635,9251,3,16
1784686783.677,real_q8_tensor_220w_ngram,2,92,11459,211.69,75,1695,9251,3,16
1784686783.677,real_q8_tensor_220w_ngram,3,59,11459,212.03,70,1665,9251,3,16
1784686784.250,real_q8_tensor_220w_ngram,0,100,11459,211.68,66,1740,9251,3,16
1784686784.250,real_q8_tensor_220w_ngram,1,100,11459,214.69,71,1620,9251,3,16
1784686784.250,real_q8_tensor_220w_ngram,2,92,11459,212.96,75,1665,9251,3,16
1784686784.250,real_q8_tensor_220w_ngram,3,100,11459,214.58,70,1680,9251,3,16
1784686784.851,real_q8_tensor_220w_ngram,0,100,11459,211.59,66,1725,9251,3,16
1784686784.851,real_q8_tensor_220w_ngram,1,100,11459,214.85,71,1620,9251,3,16
1784686784.851,real_q8_tensor_220w_ngram,2,100,11459,212.47,75,1665,9251,3,16
1784686784.851,real_q8_tensor_220w_ngram,3,100,11459,214.84,70,1680,9251,3,16
1784686785.426,real_q8_tensor_220w_ngram,0,100,11459,211.23,66,1725,9251,3,16
1784686785.426,real_q8_tensor_220w_ngram,1,100,11459,214.51,71,1620,9251,3,16
1784686785.426,real_q8_tensor_220w_ngram,2,100,11459,212.11,75,1665,9251,3,16
1784686785.426,real_q8_tensor_220w_ngram,3,100,11459,214.31,71,1650,9251,3,16
1784686786.002,real_q8_tensor_220w_ngram,0,100,11459,211.81,66,1725,9251,3,16
1784686786.002,real_q8_tensor_220w_ngram,1,100,11459,213.51,71,1635,9251,3,16
1784686786.002,real_q8_tensor_220w_ngram,2,100,11459,211.67,75,1695,9251,3,16
1784686786.002,real_q8_tensor_220w_ngram,3,100,11459,213.33,71,1665,9251,3,16
1784686786.571,real_q8_tensor_220w_ngram,0,100,11459,211.31,65,1905,9251,3,16
1784686786.571,real_q8_tensor_220w_ngram,1,57,11459,209.24,70,1590,9251,3,16
1784686786.571,real_q8_tensor_220w_ngram,2,100,11459,207.09,73,1875,9251,3,16
1784686786.571,real_q8_tensor_220w_ngram,3,93,11459,212.99,70,1620,9251,3,16
1784686787.148,real_q8_tensor_220w_ngram,0,100,11459,206.34,65,1725,9251,3,16
1784686787.148,real_q8_tensor_220w_ngram,1,57,11459,215.46,70,1635,9251,3,16
1784686787.148,real_q8_tensor_220w_ngram,2,100,11459,213.57,74,1665,9251,3,16
1784686787.148,real_q8_tensor_220w_ngram,3,93,11459,211.84,70,1680,9251,3,16
1784686787.722,real_q8_tensor_220w_ngram,0,100,11459,211.80,66,1785,9251,3,16
1784686787.722,real_q8_tensor_220w_ngram,1,100,11459,213.66,71,1695,9251,3,16
1784686787.722,real_q8_tensor_220w_ngram,2,100,11459,212.21,75,1740,9251,3,16
1784686787.722,real_q8_tensor_220w_ngram,3,100,11459,213.51,70,1650,9251,3,16
1784686788.323,real_q8_tensor_220w_ngram,0,100,11459,210.68,66,1725,9251,3,16
1784686788.323,real_q8_tensor_220w_ngram,1,100,11459,213.74,70,1620,9251,3,16
1784686788.323,real_q8_tensor_220w_ngram,2,100,11459,211.34,75,1680,9251,3,16
1784686788.323,real_q8_tensor_220w_ngram,3,100,11459,214.28,70,1710,9251,3,16
1784686788.922,real_q8_tensor_220w_ngram,0,100,11459,211.78,66,1740,9251,3,16
1784686788.922,real_q8_tensor_220w_ngram,1,100,11459,213.56,71,1620,9251,3,16
1784686788.922,real_q8_tensor_220w_ngram,2,100,11459,211.12,75,1665,9251,3,16
1784686788.922,real_q8_tensor_220w_ngram,3,100,11459,214.74,71,1665,9251,3,16
1784686789.497,real_q8_tensor_220w_ngram,0,100,11459,211.25,66,1770,9251,3,16
1784686789.497,real_q8_tensor_220w_ngram,1,100,11459,213.76,71,1710,9251,3,16
1784686789.497,real_q8_tensor_220w_ngram,2,100,11459,212.53,75,1740,9251,3,16
1784686789.497,real_q8_tensor_220w_ngram,3,100,11459,215.34,70,1695,9251,3,16
1784686790.081,real_q8_tensor_220w_ngram,0,100,11459,207.69,66,1905,9251,3,16
1784686790.081,real_q8_tensor_220w_ngram,1,65,11459,210.63,69,1575,9251,3,16
1784686790.081,real_q8_tensor_220w_ngram,2,100,11459,208.58,73,1875,9251,3,16
1784686790.081,real_q8_tensor_220w_ngram,3,55,11459,211.44,70,1605,9251,3,16
1784686790.667,real_q8_tensor_220w_ngram,0,100,11459,206.65,65,1755,9251,3,16
1784686790.667,real_q8_tensor_220w_ngram,1,65,11459,215.71,69,1695,9251,3,16
1784686790.667,real_q8_tensor_220w_ngram,2,78,11459,211.89,74,1665,9251,3,16
1784686790.667,real_q8_tensor_220w_ngram,3,55,11459,210.63,71,1695,9251,3,16
1784686791.245,real_q8_tensor_220w_ngram,0,100,11459,211.83,66,1725,9251,3,16
1784686791.245,real_q8_tensor_220w_ngram,1,100,11459,213.76,70,1680,9251,3,16
1784686791.245,real_q8_tensor_220w_ngram,2,78,11459,212.59,75,1710,9251,3,16
1784686791.245,real_q8_tensor_220w_ngram,3,100,11459,213.90,71,1665,9251,3,16
1784686791.876,real_q8_tensor_220w_ngram,0,100,11459,211.04,66,1800,9251,3,16
1784686791.876,real_q8_tensor_220w_ngram,1,100,11459,213.14,70,1650,9251,3,16
1784686791.876,real_q8_tensor_220w_ngram,2,100,11459,212.23,75,1725,9251,3,16
1784686791.876,real_q8_tensor_220w_ngram,3,100,11459,214.21,71,1650,9251,3,16
1784686792.489,real_q8_tensor_220w_ngram,0,100,11459,211.35,66,1785,9251,3,16
1784686792.489,real_q8_tensor_220w_ngram,1,100,11459,214.01,70,1620,9251,3,16
1784686792.489,real_q8_tensor_220w_ngram,2,100,11459,211.66,75,1740,9251,3,16
1784686792.489,real_q8_tensor_220w_ngram,3,100,11459,214.62,71,1650,9251,3,16
1784686793.102,real_q8_tensor_220w_ngram,0,79,11459,208.08,66,1875,9251,3,16
1784686793.102,real_q8_tensor_220w_ngram,1,100,11459,214.08,70,1830,9251,3,16
1784686793.102,real_q8_tensor_220w_ngram,2,100,11459,212.05,75,1800,9251,3,16
1784686793.102,real_q8_tensor_220w_ngram,3,100,11459,211.25,71,1845,9251,3,16
1784686793.671,real_q8_tensor_220w_ngram,0,79,11459,210.54,66,1770,9251,3,16
1784686793.671,real_q8_tensor_220w_ngram,1,57,11459,210.61,70,1635,9251,3,16
1784686793.671,real_q8_tensor_220w_ngram,2,100,11459,211.34,74,1665,9251,3,16
1784686793.671,real_q8_tensor_220w_ngram,3,85,11459,215.04,70,1695,9251,3,16
1784686794.328,real_q8_tensor_220w_ngram,0,100,11459,211.20,66,1740,9251,3,16
1784686794.328,real_q8_tensor_220w_ngram,1,57,11459,213.11,70,1605,9251,3,16
1784686794.328,real_q8_tensor_220w_ngram,2,100,11459,210.81,74,1650,9251,3,16
1784686794.328,real_q8_tensor_220w_ngram,3,85,11459,214.23,71,1710,9251,3,16
1784686794.921,real_q8_tensor_220w_ngram,0,78,11459,210.31,66,1725,9251,3,16
1784686794.921,real_q8_tensor_220w_ngram,1,100,11459,213.59,70,1620,9251,3,16
1784686794.921,real_q8_tensor_220w_ngram,2,78,11459,211.32,75,1665,9251,3,16
1784686794.921,real_q8_tensor_220w_ngram,3,100,11459,214.76,71,1650,9251,3,16
1784686795.497,real_q8_tensor_220w_ngram,0,100,11459,209.71,66,1695,9251,3,16
1784686795.497,real_q8_tensor_220w_ngram,1,100,11459,213.85,70,1620,9251,3,16
1784686795.497,real_q8_tensor_220w_ngram,2,100,11459,211.76,75,1740,9251,3,16
1784686795.497,real_q8_tensor_220w_ngram,3,100,11459,214.41,71,1620,9251,3,16
1784686796.087,real_q8_tensor_220w_ngram,0,100,11459,210.22,66,1695,9251,3,16
1784686796.087,real_q8_tensor_220w_ngram,1,100,11459,214.18,71,1605,9251,3,16
1784686796.087,real_q8_tensor_220w_ngram,2,100,11459,212.45,75,1665,9251,3,16
1784686796.087,real_q8_tensor_220w_ngram,3,100,11459,214.22,71,1635,9251,3,16
1784686796.694,real_q8_tensor_220w_ngram,0,70,11459,207.01,66,1875,9251,3,16
1784686796.694,real_q8_tensor_220w_ngram,1,100,11459,213.68,70,1830,9251,3,16
1784686796.694,real_q8_tensor_220w_ngram,2,100,11459,211.90,74,1770,9251,3,16
1784686796.694,real_q8_tensor_220w_ngram,3,100,11459,209.43,71,1845,9251,3,16
1784686797.265,real_q8_tensor_220w_ngram,0,70,11459,211.26,65,1725,9251,3,16
1784686797.265,real_q8_tensor_220w_ngram,1,56,11459,210.83,70,1665,9251,3,16
1784686797.265,real_q8_tensor_220w_ngram,2,100,11459,208.12,74,1710,9251,3,16
1784686797.265,real_q8_tensor_220w_ngram,3,85,11459,214.57,69,1665,9251,3,16
1784686797.877,real_q8_tensor_220w_ngram,0,59,11459,210.12,65,1770,9251,3,16
1784686797.877,real_q8_tensor_220w_ngram,1,56,11459,213.70,70,1695,9251,3,16
1784686797.877,real_q8_tensor_220w_ngram,2,100,11459,211.87,75,1665,9251,3,16
1784686797.877,real_q8_tensor_220w_ngram,3,85,11459,213.06,70,1725,9251,3,16
1784686798.451,real_q8_tensor_220w_ngram,0,78,11459,210.34,66,1785,9251,3,16
1784686798.451,real_q8_tensor_220w_ngram,1,100,11459,213.75,71,1650,9251,3,16
1784686798.451,real_q8_tensor_220w_ngram,2,78,11459,211.90,75,1650,9251,3,16
1784686798.451,real_q8_tensor_220w_ngram,3,100,11459,213.14,71,1710,9251,3,16
1784686799.027,real_q8_tensor_220w_ngram,0,100,11459,209.95,66,1695,9251,3,16
1784686799.027,real_q8_tensor_220w_ngram,1,100,11459,213.56,71,1605,9251,3,16
1784686799.027,real_q8_tensor_220w_ngram,2,100,11459,212.29,75,1650,9251,3,16
1784686799.027,real_q8_tensor_220w_ngram,3,100,11459,213.40,71,1650,9251,3,16
1784686799.602,real_q8_tensor_220w_ngram,0,100,11459,209.90,66,1695,9251,3,16
1784686799.602,real_q8_tensor_220w_ngram,1,100,11459,213.55,70,1695,9251,3,16
1784686799.602,real_q8_tensor_220w_ngram,2,100,11459,212.54,75,1650,9251,3,16
1784686799.602,real_q8_tensor_220w_ngram,3,100,11459,213.93,70,1710,9251,3,16
1784686800.202,real_q8_tensor_220w_ngram,0,100,11459,209.85,66,1785,9251,3,16
1784686800.202,real_q8_tensor_220w_ngram,1,100,11459,212.82,70,1665,9251,3,16
1784686800.202,real_q8_tensor_220w_ngram,2,100,11459,211.27,75,1695,9251,3,16
1784686800.202,real_q8_tensor_220w_ngram,3,100,11459,213.87,71,1710,9251,3,16
1784686800.799,real_q8_tensor_220w_ngram,0,100,11459,210.16,66,1800,9251,3,16
1784686800.799,real_q8_tensor_220w_ngram,1,100,11459,213.48,71,1755,9251,3,16
1784686800.799,real_q8_tensor_220w_ngram,2,100,11459,211.45,75,1695,9251,3,16
1784686800.799,real_q8_tensor_220w_ngram,3,99,11459,214.27,70,1740,9251,3,16
1784686801.388,real_q8_tensor_220w_ngram,0,100,11459,205.76,66,1890,9251,3,16
1784686801.388,real_q8_tensor_220w_ngram,1,100,11459,211.30,69,1890,9251,3,16
1784686801.388,real_q8_tensor_220w_ngram,2,79,11459,209.17,74,1860,9251,3,16
1784686801.388,real_q8_tensor_220w_ngram,3,99,11459,212.34,71,1905,9251,3,16
1784686801.963,real_q8_tensor_220w_ngram,0,100,11459,206.52,64,1770,9251,3,16
1784686801.963,real_q8_tensor_220w_ngram,1,58,11459,213.82,70,1680,9251,3,16
1784686801.963,real_q8_tensor_220w_ngram,2,77,11459,211.85,74,1725,9251,3,16
1784686801.963,real_q8_tensor_220w_ngram,3,58,11459,208.74,69,1605,9251,3,16
1784686802.541,real_q8_tensor_220w_ngram,0,57,11459,211.27,65,1695,9251,3,16
1784686802.541,real_q8_tensor_220w_ngram,1,58,11459,212.02,70,1590,9251,3,16
1784686802.541,real_q8_tensor_220w_ngram,2,100,11459,210.86,75,1635,9251,3,16
1784686802.541,real_q8_tensor_220w_ngram,3,58,11459,213.01,70,1710,9251,3,16
1784686803.140,real_q8_tensor_220w_ngram,0,57,11459,209.07,66,1755,9251,3,16
1784686803.140,real_q8_tensor_220w_ngram,1,100,11459,211.76,70,1680,9251,3,16
1784686803.140,real_q8_tensor_220w_ngram,2,100,11459,210.40,75,1740,9251,3,16
1784686803.140,real_q8_tensor_220w_ngram,3,100,11459,212.62,70,1605,9251,3,16
1784686803.740,real_q8_tensor_220w_ngram,0,100,11459,209.66,66,1710,9251,3,16
1784686803.740,real_q8_tensor_220w_ngram,1,100,11459,212.71,70,1635,9251,3,16
1784686803.740,real_q8_tensor_220w_ngram,2,100,11459,211.11,75,1680,9251,3,16
1784686803.740,real_q8_tensor_220w_ngram,3,100,11459,212.36,70,1635,9251,3,16
1784686804.315,real_q8_tensor_220w_ngram,0,100,11459,209.57,66,1710,9251,3,16
1784686804.315,real_q8_tensor_220w_ngram,1,100,11459,212.58,70,1590,9251,3,16
1784686804.315,real_q8_tensor_220w_ngram,2,100,11459,209.37,75,1635,9251,3,16
1784686804.315,real_q8_tensor_220w_ngram,3,100,11459,212.90,71,1635,9251,3,16
1784686804.908,real_q8_tensor_220w_ngram,0,100,11459,210.90,66,1770,9251,3,16
1784686804.908,real_q8_tensor_220w_ngram,1,100,11459,211.97,70,1680,9251,3,16
1784686804.908,real_q8_tensor_220w_ngram,2,100,11459,209.88,75,1635,9251,3,16
1784686804.908,real_q8_tensor_220w_ngram,3,100,11459,213.60,70,1710,9251,3,16
1784686805.484,real_q8_tensor_220w_ngram,0,100,11459,209.39,66,1770,9251,3,16
1784686805.484,real_q8_tensor_220w_ngram,1,100,11459,212.33,70,1635,9251,3,16
1784686805.484,real_q8_tensor_220w_ngram,2,100,11459,210.75,75,1710,9251,3,16
1784686805.484,real_q8_tensor_220w_ngram,3,100,11459,212.33,71,1620,9251,3,16
1784686806.060,real_q8_tensor_220w_ngram,0,100,11459,209.25,66,1695,9251,3,16
1784686806.060,real_q8_tensor_220w_ngram,1,100,11459,212.11,70,1605,9251,3,16
1784686806.060,real_q8_tensor_220w_ngram,2,100,11459,210.34,75,1650,9251,3,16
1784686806.060,real_q8_tensor_220w_ngram,3,100,11459,210.12,71,1620,9251,3,16
1784686806.646,real_q8_tensor_220w_ngram,0,100,11459,209.13,65,1845,9251,3,16
1784686806.646,real_q8_tensor_220w_ngram,1,100,11459,209.29,71,1815,9251,3,16
1784686806.646,real_q8_tensor_220w_ngram,2,100,11459,206.75,75,1830,9251,3,16
1784686806.646,real_q8_tensor_220w_ngram,3,100,11459,212.77,70,1815,9251,3,16
1784686807.209,real_q8_tensor_220w_ngram,0,55,11459,205.24,65,1665,9251,3,16
1784686807.209,real_q8_tensor_220w_ngram,1,100,11459,210.85,69,1545,9251,3,16
1784686807.209,real_q8_tensor_220w_ngram,2,86,11459,211.07,73,1845,9251,3,16
1784686807.209,real_q8_tensor_220w_ngram,3,100,11459,209.71,70,1605,9251,3,16
1784686807.808,real_q8_tensor_220w_ngram,0,55,11459,209.27,65,1680,9251,3,16
1784686807.808,real_q8_tensor_220w_ngram,1,52,11459,213.71,70,1575,9251,3,16
1784686807.808,real_q8_tensor_220w_ngram,2,86,11459,210.33,74,1665,9251,3,16
1784686807.808,real_q8_tensor_220w_ngram,3,85,11459,212.22,70,1605,9251,3,16
1784686808.384,real_q8_tensor_220w_ngram,0,100,11459,208.83,65,1755,9251,3,16
1784686808.384,real_q8_tensor_220w_ngram,1,52,11459,212.74,70,1590,9251,3,16
1784686808.384,real_q8_tensor_220w_ngram,2,92,11459,210.68,75,1725,9251,3,16
1784686808.384,real_q8_tensor_220w_ngram,3,76,11459,212.68,70,1605,9251,3,16
1784686808.977,real_q8_tensor_220w_ngram,0,77,11459,209.18,65,1665,9251,3,16
1784686808.977,real_q8_tensor_220w_ngram,1,100,11459,212.38,70,1575,9251,3,16
1784686808.977,real_q8_tensor_220w_ngram,2,100,11459,210.81,75,1620,9251,3,16
1784686808.977,real_q8_tensor_220w_ngram,3,100,11459,212.45,70,1590,9251,3,16
1784686809.553,real_q8_tensor_220w_ngram,0,100,11459,209.16,66,1770,9251,3,16
1784686809.553,real_q8_tensor_220w_ngram,1,100,11459,211.60,70,1695,9251,3,16
1784686809.553,real_q8_tensor_220w_ngram,2,100,11459,209.58,75,1635,9251,3,16
1784686809.553,real_q8_tensor_220w_ngram,3,100,11459,212.00,70,1710,9251,3,16
1784686810.127,real_q8_tensor_220w_ngram,0,100,11459,208.10,66,1695,9251,3,16
1784686810.127,real_q8_tensor_220w_ngram,1,100,11459,211.99,70,1590,9251,3,16
1784686810.127,real_q8_tensor_220w_ngram,2,100,11459,209.58,75,1710,9251,3,16
1784686810.127,real_q8_tensor_220w_ngram,3,100,11459,211.37,70,1605,9251,3,16
1784686810.702,real_q8_tensor_220w_ngram,0,100,11459,208.20,66,1725,9251,3,16
1784686810.702,real_q8_tensor_220w_ngram,1,100,11459,212.83,70,1590,9251,3,16
1784686810.702,real_q8_tensor_220w_ngram,2,100,11459,209.84,74,1635,9251,3,16
1784686810.702,real_q8_tensor_220w_ngram,3,100,11459,211.92,70,1680,9251,3,16
1784686811.276,real_q8_tensor_220w_ngram,0,100,11459,210.03,66,1695,9251,3,16
1784686811.276,real_q8_tensor_220w_ngram,1,100,11459,212.31,70,1590,9251,3,16
1784686811.276,real_q8_tensor_220w_ngram,2,100,11459,209.78,74,1635,9251,3,16
1784686811.276,real_q8_tensor_220w_ngram,3,100,11459,212.92,70,1605,9251,3,16
1784686811.851,real_q8_tensor_220w_ngram,0,100,11459,209.01,66,1770,9251,3,16
1784686811.851,real_q8_tensor_220w_ngram,1,100,11459,211.62,70,1680,9251,3,16
1784686811.851,real_q8_tensor_220w_ngram,2,100,11459,209.41,75,1620,9251,3,16
1784686811.851,real_q8_tensor_220w_ngram,3,100,11459,212.62,71,1695,9251,3,16
1784686812.426,real_q8_tensor_220w_ngram,0,100,11459,208.07,66,1695,9251,3,16
1784686812.426,real_q8_tensor_220w_ngram,1,100,11459,212.05,70,1560,9251,3,16
1784686812.426,real_q8_tensor_220w_ngram,2,100,11459,208.99,74,1650,9251,3,16
1784686812.426,real_q8_tensor_220w_ngram,3,100,11459,212.31,71,1620,9251,3,16
1784686813.001,real_q8_tensor_220w_ngram,0,100,11459,209.04,66,1695,9251,3,16
1784686813.001,real_q8_tensor_220w_ngram,1,100,11459,212.21,70,1575,9251,3,16
1784686813.001,real_q8_tensor_220w_ngram,2,100,11459,209.91,75,1620,9251,3,16
1784686813.001,real_q8_tensor_220w_ngram,3,100,11459,213.23,71,1635,9251,3,16
1784686813.595,real_q8_tensor_220w_ngram,0,100,11459,208.80,66,1815,9251,3,16
1784686813.595,real_q8_tensor_220w_ngram,1,100,11459,212.58,70,1740,9251,3,16
1784686813.595,real_q8_tensor_220w_ngram,2,100,11459,210.59,75,1635,9251,3,16
1784686813.595,real_q8_tensor_220w_ngram,3,77,11459,210.93,71,1755,9251,3,16
1784686814.160,real_q8_tensor_220w_ngram,0,100,11459,210.17,66,1860,9251,3,16
1784686814.160,real_q8_tensor_220w_ngram,1,100,11459,210.49,70,1830,9251,3,16
1784686814.160,real_q8_tensor_220w_ngram,2,100,11459,208.55,75,1785,9251,3,16
1784686814.160,real_q8_tensor_220w_ngram,3,77,11459,212.16,71,1830,9251,3,16
1784686814.725,real_q8_tensor_220w_ngram,0,100,11459,207.56,64,1905,9251,3,16
1784686814.725,real_q8_tensor_220w_ngram,1,49,11459,214.66,70,1530,9251,3,16
1784686814.725,real_q8_tensor_220w_ngram,2,51,11459,211.30,74,1875,9251,3,16
1784686814.725,real_q8_tensor_220w_ngram,3,66,11459,211.47,69,1575,9251,3,16
1784686815.320,real_q8_tensor_220w_ngram,0,50,11459,208.84,65,1725,9251,3,16
1784686815.320,real_q8_tensor_220w_ngram,1,49,11459,211.55,69,1590,9251,3,16
1784686815.320,real_q8_tensor_220w_ngram,2,51,11459,208.54,73,1695,9251,3,16
1784686815.320,real_q8_tensor_220w_ngram,3,66,11459,212.74,70,1605,9251,3,16
1784686815.897,real_q8_tensor_220w_ngram,0,50,11459,208.49,64,1755,9251,3,16
1784686815.897,real_q8_tensor_220w_ngram,1,52,11459,211.14,70,1665,9251,3,16
1784686815.897,real_q8_tensor_220w_ngram,2,50,11459,209.17,75,1695,9251,3,16
1784686815.897,real_q8_tensor_220w_ngram,3,89,11459,211.70,69,1695,9251,3,16
1784686816.474,real_q8_tensor_220w_ngram,0,52,11459,209.90,65,1755,9251,3,16
1784686816.474,real_q8_tensor_220w_ngram,1,75,11459,211.67,70,1605,9251,3,16
1784686816.474,real_q8_tensor_220w_ngram,2,80,11459,209.45,75,1635,9251,3,16
1784686816.474,real_q8_tensor_220w_ngram,3,98,11459,211.72,70,1680,9251,3,16
1784686817.049,real_q8_tensor_220w_ngram,0,75,11459,208.82,65,1710,9251,3,16
1784686817.049,real_q8_tensor_220w_ngram,1,100,11459,212.18,70,1575,9251,3,16
1784686817.049,real_q8_tensor_220w_ngram,2,100,11459,209.09,74,1590,9251,3,16
1784686817.049,real_q8_tensor_220w_ngram,3,96,11459,211.31,70,1635,9251,3,16
1784686817.624,real_q8_tensor_220w_ngram,0,100,11459,208.24,66,1680,9251,3,16
1784686817.624,real_q8_tensor_220w_ngram,1,100,11459,211.12,70,1560,9251,3,16
1784686817.624,real_q8_tensor_220w_ngram,2,100,11459,209.05,75,1620,9251,3,16
1784686817.624,real_q8_tensor_220w_ngram,3,96,11459,212.47,71,1605,9251,3,16
1784686818.199,real_q8_tensor_220w_ngram,0,100,11459,208.20,65,1680,9251,3,16
1784686818.199,real_q8_tensor_220w_ngram,1,100,11459,211.52,70,1590,9251,3,16
1784686818.199,real_q8_tensor_220w_ngram,2,100,11459,210.76,75,1620,9251,3,16
1784686818.199,real_q8_tensor_220w_ngram,3,100,11459,212.14,71,1710,9251,3,16
1784686818.792,real_q8_tensor_220w_ngram,0,100,11459,208.34,66,1650,9251,3,16
1784686818.792,real_q8_tensor_220w_ngram,1,100,11459,211.26,70,1560,9251,3,16
1784686818.792,real_q8_tensor_220w_ngram,2,100,11459,209.94,75,1605,9251,3,16
1784686818.792,real_q8_tensor_220w_ngram,3,100,11459,211.45,70,1590,9251,3,16
1784686819.367,real_q8_tensor_220w_ngram,0,100,11459,207.84,66,1680,9251,3,16
1784686819.367,real_q8_tensor_220w_ngram,1,100,11459,210.63,70,1575,9251,3,16
1784686819.367,real_q8_tensor_220w_ngram,2,100,11459,209.52,75,1635,9251,3,16
1784686819.367,real_q8_tensor_220w_ngram,3,100,11459,211.42,70,1605,9251,3,16
1784686819.942,real_q8_tensor_220w_ngram,0,100,11459,208.02,66,1680,9251,3,16
1784686819.942,real_q8_tensor_220w_ngram,1,100,11459,210.85,70,1575,9251,3,16
1784686819.942,real_q8_tensor_220w_ngram,2,100,11459,209.47,75,1620,9251,3,16
1784686819.942,real_q8_tensor_220w_ngram,3,100,11459,211.27,70,1605,9251,3,16
1784686820.518,real_q8_tensor_220w_ngram,0,100,11459,208.38,66,1725,9251,3,16
1784686820.518,real_q8_tensor_220w_ngram,1,100,11459,211.08,70,1650,9251,3,16
1784686820.518,real_q8_tensor_220w_ngram,2,100,11459,209.12,74,1620,9251,3,16
1784686820.518,real_q8_tensor_220w_ngram,3,100,11459,211.02,71,1650,9251,3,16
1784686821.118,real_q8_tensor_220w_ngram,0,100,11459,208.53,66,1665,9251,3,16
1784686821.118,real_q8_tensor_220w_ngram,1,100,11459,211.10,70,1545,9251,3,16
1784686821.118,real_q8_tensor_220w_ngram,2,100,11459,209.15,75,1665,9251,3,16
1784686821.118,real_q8_tensor_220w_ngram,3,100,11459,211.94,71,1575,9251,3,16
1784686821.719,real_q8_tensor_220w_ngram,0,100,11459,208.72,66,1740,9251,3,16
1784686821.719,real_q8_tensor_220w_ngram,1,100,11459,210.53,70,1680,9251,3,16
1784686821.719,real_q8_tensor_220w_ngram,2,100,11459,209.09,75,1620,9251,3,16
1784686821.719,real_q8_tensor_220w_ngram,3,100,11459,211.94,70,1680,9251,3,16
1784686822.318,real_q8_tensor_220w_ngram,0,100,11459,208.11,65,1770,9251,3,16
1784686822.318,real_q8_tensor_220w_ngram,1,100,11459,210.60,70,1605,9251,3,16
1784686822.318,real_q8_tensor_220w_ngram,2,100,11459,208.54,75,1695,9251,3,16
1784686822.318,real_q8_tensor_220w_ngram,3,100,11459,211.38,71,1605,9251,3,16
1784686822.890,real_q8_tensor_220w_ngram,0,100,11459,207.47,66,1725,9251,3,16
1784686822.890,real_q8_tensor_220w_ngram,1,100,11459,211.51,70,1650,9251,3,16
1784686822.890,real_q8_tensor_220w_ngram,2,100,11459,209.93,75,1620,9251,3,16
1784686822.890,real_q8_tensor_220w_ngram,3,100,11459,211.46,70,1650,9251,3,16
1784686823.459,real_q8_tensor_220w_ngram,0,100,11459,207.00,65,1755,9251,3,16
1784686823.459,real_q8_tensor_220w_ngram,1,100,11459,210.46,70,1665,9251,3,16
1784686823.459,real_q8_tensor_220w_ngram,2,100,11459,208.51,75,1725,9251,3,16
1784686823.459,real_q8_tensor_220w_ngram,3,100,11459,211.84,71,1620,9251,3,16
1784686824.029,real_q8_tensor_220w_ngram,0,100,11459,208.51,66,1845,9251,3,16
1784686824.029,real_q8_tensor_220w_ngram,1,81,11459,212.10,70,1800,9251,3,16
1784686824.029,real_q8_tensor_220w_ngram,2,75,11459,210.01,74,1740,9251,3,16
1784686824.029,real_q8_tensor_220w_ngram,3,100,11459,211.13,70,1800,9251,3,16
1784686824.611,real_q8_tensor_220w_ngram,0,97,11459,209.75,65,1845,9251,3,16
1784686824.611,real_q8_tensor_220w_ngram,1,81,11459,210.76,70,1815,9251,3,16
1784686824.611,real_q8_tensor_220w_ngram,2,75,11459,209.26,75,1755,9251,3,16
1784686824.611,real_q8_tensor_220w_ngram,3,100,11459,212.07,69,1815,9251,3,16
1784686825.173,real_q8_tensor_220w_ngram,0,97,11459,207.15,66,1845,9251,3,16
1784686825.173,real_q8_tensor_220w_ngram,1,90,11459,212.02,69,1815,9251,3,16
1784686825.173,real_q8_tensor_220w_ngram,2,93,11459,210.45,73,1740,9251,3,16
1784686825.173,real_q8_tensor_220w_ngram,3,100,11459,209.86,71,1815,9251,3,16
1784686825.735,real_q8_tensor_220w_ngram,0,100,11459,207.49,66,1890,9251,3,16
1784686825.735,real_q8_tensor_220w_ngram,1,90,11459,211.76,70,1860,9251,3,16
1784686825.735,real_q8_tensor_220w_ngram,2,93,11459,209.97,73,1860,9251,3,16
1784686825.735,real_q8_tensor_220w_ngram,3,100,11459,212.11,70,1890,9251,3,16
1784686826.332,real_q8_tensor_220w_ngram,0,100,11459,209.87,64,1905,9251,3,16
1784686826.332,real_q8_tensor_220w_ngram,1,100,11459,210.95,70,1875,9251,3,16
1784686826.332,real_q8_tensor_220w_ngram,2,48,11459,207.04,75,1845,9251,3,16
1784686826.332,real_q8_tensor_220w_ngram,3,63,11459,212.43,69,1890,9251,3,16
1784686826.906,real_q8_tensor_220w_ngram,0,47,11459,206.94,64,1905,9251,3,16
1784686826.906,real_q8_tensor_220w_ngram,1,100,11459,212.12,69,1665,9251,3,16
1784686826.906,real_q8_tensor_220w_ngram,2,100,11459,210.22,73,1875,9251,3,16
1784686826.906,real_q8_tensor_220w_ngram,3,74,11459,208.79,70,1845,9251,3,16
1784686827.482,real_q8_tensor_220w_ngram,0,100,11459,207.51,65,1635,9251,3,16
1784686827.482,real_q8_tensor_220w_ngram,1,49,11459,208.80,68,1515,9251,3,16
1784686827.482,real_q8_tensor_220w_ngram,2,51,11459,208.21,73,1845,9251,3,16
1784686827.482,real_q8_tensor_220w_ngram,3,60,11459,210.56,69,1560,9251,3,16
1784686828.062,real_q8_tensor_220w_ngram,0,73,11459,209.99,64,1680,9251,3,16
1784686828.062,real_q8_tensor_220w_ngram,1,49,11459,210.04,70,1545,9251,3,16
1784686828.062,real_q8_tensor_220w_ngram,2,51,11459,208.34,74,1575,9251,3,16
1784686828.062,real_q8_tensor_220w_ngram,3,60,11459,211.75,69,1605,9251,3,16
1784686828.638,real_q8_tensor_220w_ngram,0,73,11459,205.36,65,1740,9251,3,16
1784686828.638,real_q8_tensor_220w_ngram,1,72,11459,210.02,69,1620,9251,3,16
1784686828.638,real_q8_tensor_220w_ngram,2,73,11459,208.56,73,1665,9251,3,16
1784686828.638,real_q8_tensor_220w_ngram,3,47,11459,209.57,70,1605,9251,3,16
1784686829.213,real_q8_tensor_220w_ngram,0,100,11459,206.95,66,1755,9251,3,16
1784686829.213,real_q8_tensor_220w_ngram,1,72,11459,210.51,70,1560,9251,3,16
1784686829.213,real_q8_tensor_220w_ngram,2,73,11459,208.57,75,1590,9251,3,16
1784686829.213,real_q8_tensor_220w_ngram,3,47,11459,213.37,69,1905,9251,3,16
1784686829.788,real_q8_tensor_220w_ngram,0,78,11459,206.93,65,1665,9251,3,16
1784686829.788,real_q8_tensor_220w_ngram,1,100,11459,210.21,70,1560,9251,3,16
1784686829.788,real_q8_tensor_220w_ngram,2,100,11459,208.04,74,1710,9251,3,16
1784686829.788,real_q8_tensor_220w_ngram,3,100,11459,210.64,70,1575,9251,3,16
1784686830.381,real_q8_tensor_220w_ngram,0,78,11459,207.27,64,1650,9251,3,16
1784686830.381,real_q8_tensor_220w_ngram,1,76,11459,210.57,70,1605,9251,3,16
1784686830.381,real_q8_tensor_220w_ngram,2,74,11459,208.17,75,1665,9251,3,16
1784686830.381,real_q8_tensor_220w_ngram,3,100,11459,211.04,70,1575,9251,3,16
1784686830.975,real_q8_tensor_220w_ngram,0,100,11459,206.57,65,1740,9251,3,16
1784686830.975,real_q8_tensor_220w_ngram,1,74,11459,210.02,70,1620,9251,3,16
1784686830.975,real_q8_tensor_220w_ngram,2,74,11459,208.06,75,1665,9251,3,16
1784686830.975,real_q8_tensor_220w_ngram,3,74,11459,210.60,70,1590,9251,3,16
1784686831.577,real_q8_tensor_220w_ngram,0,100,11459,205.70,65,1635,9251,3,16
1784686831.577,real_q8_tensor_220w_ngram,1,100,11459,209.34,70,1635,9251,3,16
1784686831.577,real_q8_tensor_220w_ngram,2,100,11459,207.85,74,1590,9251,3,16
1784686831.577,real_q8_tensor_220w_ngram,3,100,11459,209.74,70,1680,9251,3,16
1784686832.151,real_q8_tensor_220w_ngram,0,100,11459,206.14,65,1680,9251,3,16
1784686832.151,real_q8_tensor_220w_ngram,1,100,11459,209.42,70,1620,9251,3,16
1784686832.151,real_q8_tensor_220w_ngram,2,100,11459,207.73,75,1665,9251,3,16
1784686832.151,real_q8_tensor_220w_ngram,3,100,11459,209.36,70,1605,9251,3,16
1784686832.726,real_q8_tensor_220w_ngram,0,100,11459,206.43,65,1650,9251,3,16
1784686832.726,real_q8_tensor_220w_ngram,1,100,11459,210.18,70,1545,9251,3,16
1784686832.726,real_q8_tensor_220w_ngram,2,100,11459,208.18,75,1590,9251,3,16
1784686832.726,real_q8_tensor_220w_ngram,3,100,11459,210.25,70,1575,9251,3,16
1784686833.344,real_q8_tensor_220w_ngram,0,100,11459,206.81,66,1680,9251,3,16
1784686833.344,real_q8_tensor_220w_ngram,1,100,11459,210.72,70,1560,9251,3,16
1784686833.344,real_q8_tensor_220w_ngram,2,100,11459,208.15,75,1590,9251,3,16
1784686833.344,real_q8_tensor_220w_ngram,3,100,11459,210.04,70,1605,9251,3,16
1784686833.942,real_q8_tensor_220w_ngram,0,73,11459,207.21,66,1635,9251,3,16
1784686833.942,real_q8_tensor_220w_ngram,1,100,11459,210.12,70,1515,9251,3,16
1784686833.942,real_q8_tensor_220w_ngram,2,100,11459,208.07,75,1695,9251,3,16
1784686833.942,real_q8_tensor_220w_ngram,3,100,11459,209.68,70,1560,9251,3,16
1784686834.521,real_q8_tensor_220w_ngram,0,100,11459,206.95,65,1680,9251,3,16
1784686834.521,real_q8_tensor_220w_ngram,1,100,11459,209.98,70,1635,9251,3,16
1784686834.521,real_q8_tensor_220w_ngram,2,100,11459,208.72,74,1650,9251,3,16
1784686834.521,real_q8_tensor_220w_ngram,3,100,11459,210.22,70,1590,9251,3,16
1784686835.095,real_q8_tensor_220w_ngram,0,100,11459,206.44,66,1665,9251,3,16
1784686835.095,real_q8_tensor_220w_ngram,1,100,11459,209.42,70,1560,9251,3,16
1784686835.095,real_q8_tensor_220w_ngram,2,100,11459,207.78,74,1590,9251,3,16
1784686835.095,real_q8_tensor_220w_ngram,3,100,11459,210.37,70,1680,9251,3,16
1784686835.670,real_q8_tensor_220w_ngram,0,100,11459,205.79,66,1635,9251,3,16
1784686835.670,real_q8_tensor_220w_ngram,1,100,11459,208.34,70,1530,9251,3,16
1784686835.670,real_q8_tensor_220w_ngram,2,100,11459,207.26,74,1575,9251,3,16
1784686835.670,real_q8_tensor_220w_ngram,3,100,11459,210.45,70,1575,9251,3,16
1784686836.244,real_q8_tensor_220w_ngram,0,100,11459,206.92,66,1635,9251,3,16
1784686836.244,real_q8_tensor_220w_ngram,1,100,11459,209.54,70,1545,9251,3,16
1784686836.244,real_q8_tensor_220w_ngram,2,100,11459,208.21,74,1695,9251,3,16
1784686836.244,real_q8_tensor_220w_ngram,3,100,11459,209.66,70,1575,9251,3,16
1784686836.821,real_q8_tensor_220w_ngram,0,100,11459,207.63,65,1635,9251,3,16
1784686836.821,real_q8_tensor_220w_ngram,1,100,11459,210.20,70,1545,9251,3,16
1784686836.821,real_q8_tensor_220w_ngram,2,100,11459,208.33,74,1665,9251,3,16
1784686836.821,real_q8_tensor_220w_ngram,3,100,11459,209.65,70,1560,9251,3,16
1784686837.413,real_q8_tensor_220w_ngram,0,100,11459,205.76,65,1635,9251,3,16
1784686837.413,real_q8_tensor_220w_ngram,1,100,11459,209.02,70,1530,9251,3,16
1784686837.413,real_q8_tensor_220w_ngram,2,100,11459,207.02,75,1575,9251,3,16
1784686837.413,real_q8_tensor_220w_ngram,3,100,11459,209.26,70,1560,9251,3,16
1784686838.001,real_q8_tensor_220w_ngram,0,100,11459,205.05,66,1635,9251,3,16
1784686838.001,real_q8_tensor_220w_ngram,1,100,11459,208.70,70,1530,9251,3,16
1784686838.001,real_q8_tensor_220w_ngram,2,100,11459,206.62,74,1695,9251,3,16
1784686838.001,real_q8_tensor_220w_ngram,3,100,11459,209.62,70,1560,9251,3,16
1784686838.575,real_q8_tensor_220w_ngram,0,100,11459,205.75,66,1740,9251,3,16
1784686838.575,real_q8_tensor_220w_ngram,1,100,11459,210.21,70,1545,9251,3,16
1784686838.575,real_q8_tensor_220w_ngram,2,100,11459,208.31,75,1695,9251,3,16
1784686838.575,real_q8_tensor_220w_ngram,3,100,11459,209.48,70,1560,9251,3,16
1784686839.150,real_q8_tensor_220w_ngram,0,100,11459,206.04,65,1740,9251,3,16
1784686839.150,real_q8_tensor_220w_ngram,1,100,11459,209.80,70,1650,9251,3,16
1784686839.150,real_q8_tensor_220w_ngram,2,100,11459,208.04,75,1695,9251,3,16
1784686839.150,real_q8_tensor_220w_ngram,3,100,11459,209.54,70,1665,9251,3,16
1784686839.723,real_q8_tensor_220w_ngram,0,100,11459,206.09,66,1740,9251,3,16
1784686839.723,real_q8_tensor_220w_ngram,1,100,11459,209.18,70,1650,9251,3,16
1784686839.723,real_q8_tensor_220w_ngram,2,100,11459,207.06,74,1575,9251,3,16
1784686839.723,real_q8_tensor_220w_ngram,3,100,11459,208.87,70,1665,9251,3,16
1784686840.299,real_q8_tensor_220w_ngram,0,100,11459,205.96,65,1635,9251,3,16
1784686840.299,real_q8_tensor_220w_ngram,1,100,11459,209.33,70,1515,9251,3,16
1784686840.299,real_q8_tensor_220w_ngram,2,100,11459,207.33,74,1695,9251,3,16
1784686840.299,real_q8_tensor_220w_ngram,3,100,11459,209.08,70,1545,9251,3,16
1784686840.896,real_q8_tensor_220w_ngram,0,100,11459,206.09,65,1635,9251,3,16
1784686840.896,real_q8_tensor_220w_ngram,1,100,11459,209.27,70,1515,9251,3,16
1784686840.896,real_q8_tensor_220w_ngram,2,100,11459,207.25,74,1680,9251,3,16
1784686840.896,real_q8_tensor_220w_ngram,3,100,11459,209.32,70,1545,9251,3,16
1784686841.471,real_q8_tensor_220w_ngram,0,100,11459,206.47,66,1650,9251,3,16
1784686841.471,real_q8_tensor_220w_ngram,1,100,11459,208.90,70,1530,9251,3,16
1784686841.471,real_q8_tensor_220w_ngram,2,78,11459,206.53,74,1560,9251,3,16
1784686841.471,real_q8_tensor_220w_ngram,3,100,11459,209.55,70,1665,9251,3,16
1784686842.068,real_q8_tensor_220w_ngram,0,100,11459,205.87,65,1710,9251,3,16
1784686842.068,real_q8_tensor_220w_ngram,1,100,11459,209.24,70,1575,9251,3,16
1784686842.068,real_q8_tensor_220w_ngram,2,100,11459,206.58,74,1620,9251,3,16
1784686842.068,real_q8_tensor_220w_ngram,3,100,11459,208.68,70,1650,9251,3,16
1784686842.642,real_q8_tensor_220w_ngram,0,100,11459,204.95,65,1755,9251,3,16
1784686842.642,real_q8_tensor_220w_ngram,1,100,11459,208.48,70,1650,9251,3,16
1784686842.642,real_q8_tensor_220w_ngram,2,100,11459,207.04,74,1575,9251,3,16
1784686842.642,real_q8_tensor_220w_ngram,3,100,11459,209.28,70,1680,9251,3,16
1784686843.216,real_q8_tensor_220w_ngram,0,100,11459,205.93,65,1710,9251,3,16
1784686843.216,real_q8_tensor_220w_ngram,1,100,11459,209.21,70,1635,9251,3,16
1784686843.216,real_q8_tensor_220w_ngram,2,100,11459,207.88,75,1590,9251,3,16
1784686843.216,real_q8_tensor_220w_ngram,3,100,11459,209.79,70,1635,9251,3,16
1784686843.790,real_q8_tensor_220w_ngram,0,100,11459,204.99,65,1740,9251,3,16
1784686843.790,real_q8_tensor_220w_ngram,1,100,11459,209.06,70,1635,9251,3,16
1784686843.790,real_q8_tensor_220w_ngram,2,100,11459,207.38,74,1680,9251,3,16
1784686843.790,real_q8_tensor_220w_ngram,3,100,11459,209.81,70,1665,9251,3,16
1784686844.362,real_q8_tensor_220w_ngram,0,100,11459,205.95,65,1695,9251,3,16
1784686844.362,real_q8_tensor_220w_ngram,1,100,11459,208.13,70,1620,9251,3,16
1784686844.362,real_q8_tensor_220w_ngram,2,100,11459,206.35,75,1620,9251,3,16
1784686844.362,real_q8_tensor_220w_ngram,3,100,11459,209.30,70,1620,9251,3,16
1784686844.936,real_q8_tensor_220w_ngram,0,100,11459,206.88,66,1710,9251,3,16
1784686844.936,real_q8_tensor_220w_ngram,1,72,11459,209.38,70,1620,9251,3,16
1784686844.936,real_q8_tensor_220w_ngram,2,100,11459,207.10,74,1605,9251,3,16
1784686844.936,real_q8_tensor_220w_ngram,3,93,11459,208.63,70,1605,9251,3,16
1784686845.551,real_q8_tensor_220w_ngram,0,100,11459,205.68,65,1740,9251,3,16
1784686845.551,real_q8_tensor_220w_ngram,1,100,11459,208.59,69,1485,9251,3,16
1784686845.551,real_q8_tensor_220w_ngram,2,100,11459,206.09,74,1710,9251,3,16
1784686845.551,real_q8_tensor_220w_ngram,3,100,11459,210.03,70,1530,9251,3,16
1784686846.126,real_q8_tensor_220w_ngram,0,100,11459,205.27,65,1635,9251,3,16
1784686846.126,real_q8_tensor_220w_ngram,1,100,11459,208.14,70,1530,9251,3,16
1784686846.126,real_q8_tensor_220w_ngram,2,100,11459,205.82,74,1575,9251,3,16
1784686846.126,real_q8_tensor_220w_ngram,3,100,11459,209.18,70,1560,9251,3,16
1784686846.699,real_q8_tensor_220w_ngram,0,100,11459,206.09,65,1680,9251,3,16
1784686846.699,real_q8_tensor_220w_ngram,1,100,11459,209.09,70,1620,9251,3,16
1784686846.699,real_q8_tensor_220w_ngram,2,100,11459,207.82,74,1620,9251,3,16
1784686846.699,real_q8_tensor_220w_ngram,3,100,11459,208.84,70,1590,9251,3,16
1784686847.291,real_q8_tensor_220w_ngram,0,100,11459,205.63,65,1695,9251,3,16
1784686847.291,real_q8_tensor_220w_ngram,1,100,11459,208.99,70,1530,9251,3,16
1784686847.291,real_q8_tensor_220w_ngram,2,100,11459,207.55,74,1665,9251,3,16
1784686847.291,real_q8_tensor_220w_ngram,3,100,11459,208.61,70,1545,9251,3,16
1784686847.866,real_q8_tensor_220w_ngram,0,100,11459,204.58,65,1635,9251,3,16
1784686847.866,real_q8_tensor_220w_ngram,1,100,11459,208.36,70,1485,9251,3,16
1784686847.866,real_q8_tensor_220w_ngram,2,100,11459,206.19,74,1545,9251,3,16
1784686847.866,real_q8_tensor_220w_ngram,3,100,11459,208.68,70,1560,9251,3,16
1784686848.441,real_q8_tensor_220w_ngram,0,100,11459,204.86,65,1620,9251,3,16
1784686848.441,real_q8_tensor_220w_ngram,1,90,11459,208.37,70,1545,9251,3,16
1784686848.441,real_q8_tensor_220w_ngram,2,72,11459,206.74,75,1680,9251,3,16
1784686848.441,real_q8_tensor_220w_ngram,3,72,11459,209.18,70,1560,9251,3,16
1784686849.034,real_q8_tensor_220w_ngram,0,100,11459,206.12,65,1725,9251,3,16
1784686849.034,real_q8_tensor_220w_ngram,1,100,11459,208.78,69,1590,9251,3,16
1784686849.034,real_q8_tensor_220w_ngram,2,100,11459,206.87,74,1560,9251,3,16
1784686849.034,real_q8_tensor_220w_ngram,3,100,11459,208.83,70,1650,9251,3,16
1784686849.608,real_q8_tensor_220w_ngram,0,100,11459,206.30,65,1740,9251,3,16
1784686849.608,real_q8_tensor_220w_ngram,1,100,11459,209.51,69,1605,9251,3,16
1784686849.608,real_q8_tensor_220w_ngram,2,100,11459,207.14,74,1665,9251,3,16
1784686849.608,real_q8_tensor_220w_ngram,3,100,11459,208.81,70,1680,9251,3,16
1784686850.182,real_q8_tensor_220w_ngram,0,100,11459,204.93,65,1620,9251,3,16
1784686850.182,real_q8_tensor_220w_ngram,1,94,11459,209.00,69,1515,9251,3,16
1784686850.182,real_q8_tensor_220w_ngram,2,90,11459,207.20,74,1680,9251,3,16
1784686850.182,real_q8_tensor_220w_ngram,3,100,11459,208.45,70,1560,9251,3,16
1784686850.755,real_q8_tensor_220w_ngram,0,44,11459,204.68,65,1740,9251,3,16
1784686850.755,real_q8_tensor_220w_ngram,1,94,11459,208.47,69,1635,9251,3,16
1784686850.755,real_q8_tensor_220w_ngram,2,90,11459,207.12,74,1560,9251,3,16
1784686850.755,real_q8_tensor_220w_ngram,3,100,11459,209.44,70,1680,9251,3,16
1784686851.331,real_q8_tensor_220w_ngram,0,44,11459,205.56,65,1710,9251,3,16
1784686851.331,real_q8_tensor_220w_ngram,1,100,11459,208.79,68,1470,9251,3,16
1784686851.331,real_q8_tensor_220w_ngram,2,96,11459,207.35,72,1665,9251,3,16
1784686851.331,real_q8_tensor_220w_ngram,3,61,11459,210.10,70,1530,9251,3,16
1784686851.908,real_q8_tensor_220w_ngram,0,44,11459,205.61,65,1635,9251,3,16
1784686851.908,real_q8_tensor_220w_ngram,1,71,11459,206.23,68,1620,9251,3,16
1784686851.908,real_q8_tensor_220w_ngram,2,100,11459,204.74,73,1575,9251,3,16
1784686851.908,real_q8_tensor_220w_ngram,3,71,11459,209.44,70,1635,9251,3,16
1784686852.487,real_q8_tensor_220w_ngram,0,99,11459,205.77,64,1590,9251,3,16
1784686852.487,real_q8_tensor_220w_ngram,1,43,11459,205.86,68,1500,9251,3,16
1784686852.487,real_q8_tensor_220w_ngram,2,45,11459,204.45,73,1545,9251,3,16
1784686852.487,real_q8_tensor_220w_ngram,3,63,11459,209.24,70,1560,9251,3,16
1784686853.067,real_q8_tensor_220w_ngram,0,97,11459,205.26,64,1920,9251,3,16
1784686853.067,real_q8_tensor_220w_ngram,1,43,11459,205.94,68,1815,9251,3,16
1784686853.067,real_q8_tensor_220w_ngram,2,45,11459,204.28,73,1845,9251,3,16
1784686853.067,real_q8_tensor_220w_ngram,3,63,11459,209.09,69,1875,9251,3,16
1784686853.641,real_q8_tensor_220w_ngram,0,97,11459,209.53,64,1920,9251,3,16
1784686853.641,real_q8_tensor_220w_ngram,1,43,11459,205.99,68,1860,9251,3,16
1784686853.641,real_q8_tensor_220w_ngram,2,46,11459,204.69,72,1875,9251,3,16
1784686853.641,real_q8_tensor_220w_ngram,3,81,11459,210.70,69,1905,9251,3,16
1784686854.235,real_q8_tensor_220w_ngram,0,97,11459,209.75,64,1890,9251,3,16
1784686854.235,real_q8_tensor_220w_ngram,1,43,11459,206.25,70,1875,9251,3,16
1784686854.235,real_q8_tensor_220w_ngram,2,46,11459,204.44,74,1845,9251,3,16
1784686854.235,real_q8_tensor_220w_ngram,3,81,11459,211.06,69,1890,9251,3,16
1784686854.806,real_q8_tensor_220w_ngram,0,97,11459,209.47,65,1845,9251,3,16
1784686854.806,real_q8_tensor_220w_ngram,1,100,11459,214.23,70,1815,9251,3,16
1784686854.806,real_q8_tensor_220w_ngram,2,53,11459,204.16,74,1740,9251,3,16
1784686854.806,real_q8_tensor_220w_ngram,3,88,11459,211.15,69,1830,9251,3,16
1784686855.386,real_q8_tensor_220w_ngram,0,100,11459,209.14,66,1650,9251,3,16
1784686855.386,real_q8_tensor_220w_ngram,1,100,11459,212.78,70,1500,9251,3,16
1784686855.386,real_q8_tensor_220w_ngram,2,53,11459,211.31,74,1545,9251,3,16
1784686855.386,real_q8_tensor_220w_ngram,3,88,11459,210.65,70,1575,9251,3,16
1784686855.952,real_q8_tensor_220w_ngram,0,100,11459,203.10,65,1590,9251,3,16
1784686855.952,real_q8_tensor_220w_ngram,1,100,11459,212.07,70,1470,9251,3,16
1784686855.952,real_q8_tensor_220w_ngram,2,100,11459,210.92,75,1680,9251,3,16
1784686855.952,real_q8_tensor_220w_ngram,3,100,11459,208.20,70,1500,9251,3,16
1784686856.528,real_q8_tensor_220w_ngram,0,100,11459,203.74,65,1620,9251,3,16
1784686856.528,real_q8_tensor_220w_ngram,1,100,11459,211.87,70,1590,9251,3,16
1784686856.528,real_q8_tensor_220w_ngram,2,100,11459,210.77,75,1635,9251,3,16
1784686856.528,real_q8_tensor_220w_ngram,3,100,11459,207.90,70,1560,9251,3,16
1784686857.119,real_q8_tensor_220w_ngram,0,100,11459,204.57,65,1725,9251,3,16
1784686857.119,real_q8_tensor_220w_ngram,1,100,11459,208.21,70,1635,9251,3,16
1784686857.119,real_q8_tensor_220w_ngram,2,100,11459,210.50,74,1530,9251,3,16
1784686857.119,real_q8_tensor_220w_ngram,3,100,11459,206.96,70,1665,9251,3,16
1784686857.693,real_q8_tensor_220w_ngram,0,100,11459,205.12,65,1710,9251,3,16
1784686857.693,real_q8_tensor_220w_ngram,1,100,11459,207.92,69,1575,9251,3,16
1784686857.693,real_q8_tensor_220w_ngram,2,100,11459,206.14,74,1545,9251,3,16
1784686857.693,real_q8_tensor_220w_ngram,3,100,11459,208.00,70,1650,9251,3,16
1784686858.267,real_q8_tensor_220w_ngram,0,100,11459,204.97,65,1635,9251,3,16
1784686858.267,real_q8_tensor_220w_ngram,1,100,11459,206.71,69,1560,9251,3,16
1784686858.267,real_q8_tensor_220w_ngram,2,100,11459,205.61,74,1620,9251,3,16
1784686858.267,real_q8_tensor_220w_ngram,3,100,11459,208.97,70,1545,9251,3,16
1784686858.837,real_q8_tensor_220w_ngram,0,100,11459,204.26,65,1710,9251,3,16
1784686858.837,real_q8_tensor_220w_ngram,1,100,11459,207.35,69,1635,9251,3,16
1784686858.837,real_q8_tensor_220w_ngram,2,100,11459,205.62,74,1590,9251,3,16
1784686858.837,real_q8_tensor_220w_ngram,3,98,11459,208.73,70,1635,9251,3,16
1784686859.414,real_q8_tensor_220w_ngram,0,100,11459,204.48,65,1590,9251,3,16
1784686859.414,real_q8_tensor_220w_ngram,1,100,11459,208.21,69,1485,9251,3,16
1784686859.414,real_q8_tensor_220w_ngram,2,100,11459,205.87,74,1665,9251,3,16
1784686859.414,real_q8_tensor_220w_ngram,3,100,11459,207.88,70,1515,9251,3,16
1784686860.011,real_q8_tensor_220w_ngram,0,100,11459,205.37,65,1680,9251,3,16
1784686860.011,real_q8_tensor_220w_ngram,1,100,11459,207.30,70,1560,9251,3,16
1784686860.011,real_q8_tensor_220w_ngram,2,100,11459,205.39,74,1575,9251,3,16
1784686860.011,real_q8_tensor_220w_ngram,3,100,11459,207.87,70,1605,9251,3,16
1784686860.610,real_q8_tensor_220w_ngram,0,100,11459,204.23,65,1650,9251,3,16
1784686860.610,real_q8_tensor_220w_ngram,1,100,11459,206.64,69,1515,9251,3,16
1784686860.610,real_q8_tensor_220w_ngram,2,100,11459,205.17,74,1575,9251,3,16
1784686860.610,real_q8_tensor_220w_ngram,3,100,11459,208.56,70,1650,9251,3,16
1784686861.200,real_q8_tensor_220w_ngram,0,100,11459,203.52,65,1725,9251,3,16
1784686861.200,real_q8_tensor_220w_ngram,1,100,11459,207.48,70,1620,9251,3,16
1784686861.200,real_q8_tensor_220w_ngram,2,100,11459,206.14,74,1530,9251,3,16
1784686861.200,real_q8_tensor_220w_ngram,3,100,11459,207.83,70,1650,9251,3,16
1784686861.793,real_q8_tensor_220w_ngram,0,100,11459,204.14,65,1605,9251,3,16
1784686861.793,real_q8_tensor_220w_ngram,1,100,11459,207.86,70,1515,9251,3,16
1784686861.793,real_q8_tensor_220w_ngram,2,100,11459,205.50,74,1680,9251,3,16
1784686861.793,real_q8_tensor_220w_ngram,3,100,11459,207.78,70,1530,9251,3,16
1784686862.385,real_q8_tensor_220w_ngram,0,100,11459,203.69,65,1725,9251,3,16
1784686862.385,real_q8_tensor_220w_ngram,1,100,11459,207.23,69,1620,9251,3,16
1784686862.385,real_q8_tensor_220w_ngram,2,100,11459,205.57,74,1680,9251,3,16
1784686862.385,real_q8_tensor_220w_ngram,3,100,11459,208.98,70,1530,9251,3,16
1784686862.959,real_q8_tensor_220w_ngram,0,70,11459,203.96,65,1725,9251,3,16
1784686862.959,real_q8_tensor_220w_ngram,1,100,11459,207.95,70,1620,9251,3,16
1784686862.959,real_q8_tensor_220w_ngram,2,100,11459,206.29,74,1680,9251,3,16
1784686862.959,real_q8_tensor_220w_ngram,3,100,11459,208.35,70,1665,9251,3,16
1784686863.536,real_q8_tensor_220w_ngram,0,90,11459,203.89,65,1725,9251,3,16
1784686863.536,real_q8_tensor_220w_ngram,1,100,11459,207.59,69,1620,9251,3,16
1784686863.536,real_q8_tensor_220w_ngram,2,100,11459,205.52,74,1530,9251,3,16
1784686863.536,real_q8_tensor_220w_ngram,3,100,11459,208.05,70,1650,9251,3,16
1784686864.111,real_q8_tensor_220w_ngram,0,90,11459,203.98,65,1710,9251,3,16
1784686864.111,real_q8_tensor_220w_ngram,1,51,11459,207.93,69,1620,9251,3,16
1784686864.111,real_q8_tensor_220w_ngram,2,47,11459,205.86,74,1545,9251,3,16
1784686864.111,real_q8_tensor_220w_ngram,3,85,11459,207.65,70,1650,9251,3,16
1784686864.686,real_q8_tensor_220w_ngram,0,58,11459,204.95,65,1575,9251,3,16
1784686864.686,real_q8_tensor_220w_ngram,1,51,11459,206.14,70,1470,9251,3,16
1784686864.686,real_q8_tensor_220w_ngram,2,47,11459,205.12,74,1665,9251,3,16
1784686864.686,real_q8_tensor_220w_ngram,3,85,11459,208.88,70,1500,9251,3,16
1784686865.287,real_q8_tensor_220w_ngram,0,58,11459,204.30,65,1605,9251,3,16
1784686865.287,real_q8_tensor_220w_ngram,1,41,11459,204.57,68,1485,9251,3,16
1784686865.287,real_q8_tensor_220w_ngram,2,40,11459,202.47,73,1530,9251,3,16
1784686865.287,real_q8_tensor_220w_ngram,3,65,11459,208.47,70,1635,9251,3,16
1784686865.881,real_q8_tensor_220w_ngram,0,38,11459,202.62,65,1830,9251,3,16
1784686865.881,real_q8_tensor_220w_ngram,1,41,11459,206.23,68,1590,9251,3,16
1784686865.881,real_q8_tensor_220w_ngram,2,40,11459,204.47,72,1650,9251,3,16
1784686865.881,real_q8_tensor_220w_ngram,3,65,11459,207.71,70,1755,9251,3,16
1784686866.455,real_q8_tensor_220w_ngram,0,100,11459,201.60,65,1905,9251,3,16
1784686866.455,real_q8_tensor_220w_ngram,1,73,11459,207.23,68,1890,9251,3,16
1784686866.455,real_q8_tensor_220w_ngram,2,68,11459,205.75,72,1875,9251,3,16
1784686866.455,real_q8_tensor_220w_ngram,3,39,11459,205.10,70,1905,9251,3,16
1784686867.055,real_q8_tensor_220w_ngram,0,100,11459,210.96,65,1845,9251,3,16
1784686867.055,real_q8_tensor_220w_ngram,1,73,11459,210.09,68,1800,9251,3,16
1784686867.055,real_q8_tensor_220w_ngram,2,68,11459,208.72,73,1710,9251,3,16
1784686867.055,real_q8_tensor_220w_ngram,3,39,11459,210.61,70,1815,9251,3,16
1784686867.617,real_q8_tensor_220w_ngram,0,100,11459,211.55,65,1575,9251,3,16
1784686867.617,real_q8_tensor_220w_ngram,1,97,11459,211.23,70,1440,9251,3,16
1784686867.617,real_q8_tensor_220w_ngram,2,100,11459,209.07,74,1665,9251,3,16
1784686867.617,real_q8_tensor_220w_ngram,3,100,11459,213.29,70,1500,9251,3,16
1784686868.202,real_q8_tensor_220w_ngram,0,100,11459,209.23,65,1620,9251,3,16
1784686868.202,real_q8_tensor_220w_ngram,1,97,11459,207.68,70,1560,9251,3,16
1784686868.202,real_q8_tensor_220w_ngram,2,100,11459,205.15,74,1620,9251,3,16
1784686868.202,real_q8_tensor_220w_ngram,3,100,11459,213.97,70,1545,9251,3,16
1784686868.776,real_q8_tensor_220w_ngram,0,100,11459,207.61,65,1560,9251,3,16
1784686868.776,real_q8_tensor_220w_ngram,1,100,11459,205.77,69,1440,9251,3,16
1784686868.776,real_q8_tensor_220w_ngram,2,100,11459,203.93,74,1500,9251,3,16
1784686868.776,real_q8_tensor_220w_ngram,3,100,11459,212.73,70,1485,9251,3,16
1784686869.351,real_q8_tensor_220w_ngram,0,100,11459,203.85,66,1695,9251,3,16
1784686869.351,real_q8_tensor_220w_ngram,1,100,11459,206.68,70,1560,9251,3,16
1784686869.351,real_q8_tensor_220w_ngram,2,100,11459,204.66,74,1545,9251,3,16
1784686869.351,real_q8_tensor_220w_ngram,3,100,11459,207.80,70,1620,9251,3,16
1784686869.926,real_q8_tensor_220w_ngram,0,97,11459,203.09,65,1710,9251,3,16
1784686869.926,real_q8_tensor_220w_ngram,1,100,11459,206.77,69,1620,9251,3,16
1784686869.926,real_q8_tensor_220w_ngram,2,100,11459,204.55,74,1545,9251,3,16
1784686869.926,real_q8_tensor_220w_ngram,3,100,11459,208.43,70,1635,9251,3,16
1784686870.501,real_q8_tensor_220w_ngram,0,100,11459,204.76,65,1590,9251,3,16
1784686870.501,real_q8_tensor_220w_ngram,1,100,11459,206.91,69,1515,9251,3,16
1784686870.501,real_q8_tensor_220w_ngram,2,100,11459,204.40,74,1560,9251,3,16
1784686870.501,real_q8_tensor_220w_ngram,3,100,11459,208.56,70,1530,9251,3,16
1784686871.096,real_q8_tensor_220w_ngram,0,100,11459,203.78,65,1650,9251,3,16
1784686871.096,real_q8_tensor_220w_ngram,1,100,11459,206.90,69,1515,9251,3,16
1784686871.096,real_q8_tensor_220w_ngram,2,100,11459,204.63,74,1560,9251,3,16
1784686871.096,real_q8_tensor_220w_ngram,3,100,11459,206.94,70,1590,9251,3,16
1784686871.670,real_q8_tensor_220w_ngram,0,100,11459,202.60,65,1710,9251,3,16
1784686871.670,real_q8_tensor_220w_ngram,1,100,11459,206.21,69,1605,9251,3,16
1784686871.670,real_q8_tensor_220w_ngram,2,100,11459,204.40,74,1515,9251,3,16
1784686871.670,real_q8_tensor_220w_ngram,3,100,11459,207.51,70,1650,9251,3,16
1784686872.245,real_q8_tensor_220w_ngram,0,100,11459,203.60,65,1710,9251,3,16
1784686872.245,real_q8_tensor_220w_ngram,1,100,11459,206.34,69,1500,9251,3,16
1784686872.245,real_q8_tensor_220w_ngram,2,100,11459,204.21,74,1650,9251,3,16
1784686872.245,real_q8_tensor_220w_ngram,3,100,11459,208.38,70,1515,9251,3,16
1784686872.819,real_q8_tensor_220w_ngram,0,66,11459,204.59,65,1680,9251,3,16
1784686872.819,real_q8_tensor_220w_ngram,1,100,11459,206.87,69,1545,9251,3,16
1784686872.819,real_q8_tensor_220w_ngram,2,100,11459,204.57,74,1590,9251,3,16
1784686872.819,real_q8_tensor_220w_ngram,3,100,11459,207.66,70,1605,9251,3,16
1784686873.412,real_q8_tensor_220w_ngram,0,66,11459,204.17,65,1665,9251,3,16
1784686873.412,real_q8_tensor_220w_ngram,1,38,11459,204.01,68,1590,9251,3,16
1784686873.412,real_q8_tensor_220w_ngram,2,41,11459,204.60,73,1545,9251,3,16
1784686873.412,real_q8_tensor_220w_ngram,3,63,11459,208.01,70,1590,9251,3,16
1784686873.988,real_q8_tensor_220w_ngram,0,39,11459,200.82,64,1620,9251,3,16
1784686873.988,real_q8_tensor_220w_ngram,1,38,11459,206.24,68,1575,9251,3,16
1784686873.988,real_q8_tensor_220w_ngram,2,41,11459,205.16,72,1500,9251,3,16
1784686873.988,real_q8_tensor_220w_ngram,3,63,11459,206.39,70,1605,9251,3,16
1784686874.579,real_q8_tensor_220w_ngram,0,39,11459,203.15,65,1890,9251,3,16
1784686874.579,real_q8_tensor_220w_ngram,1,84,11459,208.73,68,1845,9251,3,16
1784686874.579,real_q8_tensor_220w_ngram,2,87,11459,207.26,73,1785,9251,3,16
1784686874.579,real_q8_tensor_220w_ngram,3,50,11459,205.89,70,1875,9251,3,16
1784686875.144,real_q8_tensor_220w_ngram,0,100,11459,210.88,65,1710,9251,3,16
1784686875.144,real_q8_tensor_220w_ngram,1,84,11459,209.71,69,1605,9251,3,16
1784686875.144,real_q8_tensor_220w_ngram,2,87,11459,208.45,74,1650,9251,3,16
1784686875.144,real_q8_tensor_220w_ngram,3,50,11459,213.90,70,1635,9251,3,16
1784686875.711,real_q8_tensor_220w_ngram,0,100,11459,207.92,65,1710,9251,3,16
1784686875.711,real_q8_tensor_220w_ngram,1,100,11459,209.52,69,1590,9251,3,16
1784686875.711,real_q8_tensor_220w_ngram,2,100,11459,208.27,74,1635,9251,3,16
1784686875.711,real_q8_tensor_220w_ngram,3,100,11459,213.75,70,1635,9251,3,16
1784686876.309,real_q8_tensor_220w_ngram,0,100,11459,204.53,65,1605,9251,3,16
1784686876.309,real_q8_tensor_220w_ngram,1,100,11459,212.25,69,1560,9251,3,16
1784686876.309,real_q8_tensor_220w_ngram,2,100,11459,210.63,74,1635,9251,3,16
1784686876.309,real_q8_tensor_220w_ngram,3,100,11459,210.26,70,1530,9251,3,16
1784686876.923,real_q8_tensor_220w_ngram,0,100,11459,210.83,65,1650,9251,3,16
1784686876.923,real_q8_tensor_220w_ngram,1,100,11459,209.93,69,1500,9251,3,16
1784686876.923,real_q8_tensor_220w_ngram,2,100,11459,208.20,74,1620,9251,3,16
1784686876.923,real_q8_tensor_220w_ngram,3,100,11459,213.48,70,1575,9251,3,16
1784686877.541,real_q8_tensor_220w_ngram,0,100,11459,203.39,65,1710,9251,3,16
1784686877.541,real_q8_tensor_220w_ngram,1,100,11459,206.23,69,1575,9251,3,16
1784686877.541,real_q8_tensor_220w_ngram,2,100,11459,204.18,74,1605,9251,3,16
1784686877.541,real_q8_tensor_220w_ngram,3,100,11459,207.46,70,1545,9251,3,16
1784686878.118,real_q8_tensor_220w_ngram,0,100,11459,202.46,65,1710,9251,3,16
1784686878.118,real_q8_tensor_220w_ngram,1,100,11459,205.66,69,1575,9251,3,16
1784686878.118,real_q8_tensor_220w_ngram,2,100,11459,204.12,74,1620,9251,3,16
1784686878.118,real_q8_tensor_220w_ngram,3,100,11459,206.69,70,1635,9251,3,16
1784686878.710,real_q8_tensor_220w_ngram,0,100,11459,202.85,65,1560,9251,3,16
1784686878.710,real_q8_tensor_220w_ngram,1,100,11459,206.25,69,1440,9251,3,16
1784686878.710,real_q8_tensor_220w_ngram,2,100,11459,204.77,74,1650,9251,3,16
1784686878.710,real_q8_tensor_220w_ngram,3,100,11459,207.41,70,1485,9251,3,16
1784686879.286,real_q8_tensor_220w_ngram,0,69,11459,203.05,65,1680,9251,3,16
1784686879.286,real_q8_tensor_220w_ngram,1,100,11459,206.06,69,1605,9251,3,16
1784686879.286,real_q8_tensor_220w_ngram,2,100,11459,203.91,74,1560,9251,3,16
1784686879.286,real_q8_tensor_220w_ngram,3,100,11459,208.09,70,1620,9251,3,16
1784686879.860,real_q8_tensor_220w_ngram,0,96,11459,203.16,65,1590,9251,3,16
1784686879.860,real_q8_tensor_220w_ngram,1,100,11459,206.21,69,1500,9251,3,16
1784686879.860,real_q8_tensor_220w_ngram,2,100,11459,204.10,74,1560,9251,3,16
1784686879.860,real_q8_tensor_220w_ngram,3,100,11459,207.93,70,1530,9251,3,16
1784686880.433,real_q8_tensor_220w_ngram,0,68,11459,204.14,65,1575,9251,3,16
1784686880.433,real_q8_tensor_220w_ngram,1,100,11459,205.88,69,1485,9251,3,16
1784686880.433,real_q8_tensor_220w_ngram,2,100,11459,204.28,74,1650,9251,3,16
1784686880.433,real_q8_tensor_220w_ngram,3,85,11459,207.75,70,1515,9251,3,16
1784686881.025,real_q8_tensor_220w_ngram,0,37,11459,202.02,65,1680,9251,3,16
1784686881.025,real_q8_tensor_220w_ngram,1,100,11459,205.35,68,1590,9251,3,16
1784686881.025,real_q8_tensor_220w_ngram,2,100,11459,203.72,72,1545,9251,3,16
1784686881.025,real_q8_tensor_220w_ngram,3,85,11459,206.87,70,1590,9251,3,16
1784686881.602,real_q8_tensor_220w_ngram,0,37,11459,204.07,63,1905,9251,3,16
1784686881.602,real_q8_tensor_220w_ngram,1,81,11459,208.34,68,1845,9251,3,16
1784686881.602,real_q8_tensor_220w_ngram,2,82,11459,207.62,73,1875,9251,3,16
1784686881.602,real_q8_tensor_220w_ngram,3,46,11459,205.11,69,1890,9251,3,16
1784686882.170,real_q8_tensor_220w_ngram,0,97,11459,207.93,65,1725,9251,3,16
1784686882.170,real_q8_tensor_220w_ngram,1,81,11459,208.94,69,1665,9251,3,16
1784686882.170,real_q8_tensor_220w_ngram,2,82,11459,208.29,74,1485,9251,3,16
1784686882.170,real_q8_tensor_220w_ngram,3,46,11459,209.25,70,1695,9251,3,16
1784686882.735,real_q8_tensor_220w_ngram,0,97,11459,208.16,65,1650,9251,3,16
1784686882.735,real_q8_tensor_220w_ngram,1,100,11459,208.96,69,1545,9251,3,16
1784686882.735,real_q8_tensor_220w_ngram,2,100,11459,208.50,74,1590,9251,3,16
1784686882.735,real_q8_tensor_220w_ngram,3,100,11459,211.82,70,1575,9251,3,16
1784686883.328,real_q8_tensor_220w_ngram,0,100,11459,204.67,65,1560,9251,3,16
1784686883.328,real_q8_tensor_220w_ngram,1,100,11459,212.89,69,1440,9251,3,16
1784686883.328,real_q8_tensor_220w_ngram,2,100,11459,211.54,74,1650,9251,3,16
1784686883.328,real_q8_tensor_220w_ngram,3,100,11459,209.98,70,1470,9251,3,16
1784686883.901,real_q8_tensor_220w_ngram,0,100,11459,203.76,65,1710,9251,3,16
1784686883.901,real_q8_tensor_220w_ngram,1,100,11459,206.66,69,1515,9251,3,16
1784686883.901,real_q8_tensor_220w_ngram,2,100,11459,204.90,74,1635,9251,3,16
1784686883.901,real_q8_tensor_220w_ngram,3,100,11459,208.09,70,1485,9251,3,16
1784686884.476,real_q8_tensor_220w_ngram,0,100,11459,201.58,65,1665,9251,3,16
1784686884.476,real_q8_tensor_220w_ngram,1,100,11459,204.77,69,1545,9251,3,16
1784686884.476,real_q8_tensor_220w_ngram,2,85,11459,202.95,74,1575,9251,3,16
1784686884.476,real_q8_tensor_220w_ngram,3,100,11459,206.90,70,1605,9251,3,16
1784686885.052,real_q8_tensor_220w_ngram,0,100,11459,201.45,65,1545,9251,3,16
1784686885.052,real_q8_tensor_220w_ngram,1,100,11459,205.04,69,1410,9251,3,16
1784686885.052,real_q8_tensor_220w_ngram,2,100,11459,203.35,74,1470,9251,3,16
1784686885.052,real_q8_tensor_220w_ngram,3,100,11459,206.45,70,1485,9251,3,16
1784686885.627,real_q8_tensor_220w_ngram,0,100,11459,202.95,65,1695,9251,3,16
1784686885.627,real_q8_tensor_220w_ngram,1,100,11459,205.71,69,1560,9251,3,16
1784686885.627,real_q8_tensor_220w_ngram,2,100,11459,204.25,74,1485,9251,3,16
1784686885.627,real_q8_tensor_220w_ngram,3,100,11459,206.38,70,1605,9251,3,16
1784686886.221,real_q8_tensor_220w_ngram,0,100,11459,203.10,65,1590,9251,3,16
1784686886.221,real_q8_tensor_220w_ngram,1,100,11459,205.68,70,1545,9251,3,16
1784686886.221,real_q8_tensor_220w_ngram,2,100,11459,203.76,74,1620,9251,3,16
1784686886.221,real_q8_tensor_220w_ngram,3,85,11459,206.84,70,1590,9251,3,16
1784686886.797,real_q8_tensor_220w_ngram,0,39,11459,200.50,65,1605,9251,3,16
1784686886.797,real_q8_tensor_220w_ngram,1,100,11459,204.64,68,1425,9251,3,16
1784686886.797,real_q8_tensor_220w_ngram,2,100,11459,202.77,72,1470,9251,3,16
1784686886.797,real_q8_tensor_220w_ngram,3,85,11459,207.46,70,1530,9251,3,16
1784686887.393,real_q8_tensor_220w_ngram,0,39,11459,202.16,63,1905,9251,3,16
1784686887.393,real_q8_tensor_220w_ngram,1,81,11459,208.11,69,1875,9251,3,16
1784686887.393,real_q8_tensor_220w_ngram,2,84,11459,207.46,73,1845,9251,3,16
1784686887.393,real_q8_tensor_220w_ngram,3,48,11459,204.86,68,1905,9251,3,16
1784686887.961,real_q8_tensor_220w_ngram,0,97,11459,207.81,65,1695,9251,3,16
1784686887.961,real_q8_tensor_220w_ngram,1,100,11459,209.77,69,1665,9251,3,16
1784686887.961,real_q8_tensor_220w_ngram,2,100,11459,208.96,74,1710,9251,3,16
1784686887.961,real_q8_tensor_220w_ngram,3,100,11459,209.75,70,1635,9251,3,16
1784686888.548,real_q8_tensor_220w_ngram,0,97,11459,207.96,65,1665,9251,3,16
1784686888.548,real_q8_tensor_220w_ngram,1,100,11459,208.73,69,1605,9251,3,16
1784686888.548,real_q8_tensor_220w_ngram,2,100,11459,208.05,74,1590,9251,3,16
1784686888.548,real_q8_tensor_220w_ngram,3,100,11459,212.57,70,1590,9251,3,16
1784686889.122,real_q8_tensor_220w_ngram,0,100,11459,209.03,65,1590,9251,3,16
1784686889.122,real_q8_tensor_220w_ngram,1,100,11459,210.13,69,1590,9251,3,16
1784686889.122,real_q8_tensor_220w_ngram,2,100,11459,209.54,74,1470,9251,3,16
1784686889.122,real_q8_tensor_220w_ngram,3,100,11459,210.41,70,1635,9251,3,16
1784686889.736,real_q8_tensor_220w_ngram,0,100,11459,202.28,65,1635,9251,3,16
1784686889.736,real_q8_tensor_220w_ngram,1,100,11459,206.15,69,1590,9251,3,16
1784686889.736,real_q8_tensor_220w_ngram,2,100,11459,204.60,74,1515,9251,3,16
1784686889.736,real_q8_tensor_220w_ngram,3,100,11459,205.47,70,1620,9251,3,16
1784686890.310,real_q8_tensor_220w_ngram,0,100,11459,201.47,65,1650,9251,3,16
1784686890.310,real_q8_tensor_220w_ngram,1,100,11459,204.63,69,1485,9251,3,16
1784686890.310,real_q8_tensor_220w_ngram,2,100,11459,202.88,74,1530,9251,3,16
1784686890.310,real_q8_tensor_220w_ngram,3,100,11459,205.87,70,1575,9251,3,16
1784686890.884,real_q8_tensor_220w_ngram,0,100,11459,201.25,65,1680,9251,3,16
1784686890.884,real_q8_tensor_220w_ngram,1,100,11459,204.67,69,1605,9251,3,16
1784686890.884,real_q8_tensor_220w_ngram,2,100,11459,204.24,74,1545,9251,3,16
1784686890.884,real_q8_tensor_220w_ngram,3,100,11459,206.03,70,1605,9251,3,16
1784686891.481,real_q8_tensor_220w_ngram,0,100,11459,201.90,65,1650,9251,3,16
1784686891.481,real_q8_tensor_220w_ngram,1,72,11459,204.33,69,1425,9251,3,16
1784686891.481,real_q8_tensor_220w_ngram,2,100,11459,202.87,74,1650,9251,3,16
1784686891.481,real_q8_tensor_220w_ngram,3,93,11459,206.19,70,1545,9251,3,16
1784686892.075,real_q8_tensor_220w_ngram,0,100,11459,201.63,64,1605,9251,3,16
1784686892.075,real_q8_tensor_220w_ngram,1,75,11459,204.63,69,1575,9251,3,16
1784686892.075,real_q8_tensor_220w_ngram,2,100,11459,203.48,74,1620,9251,3,16
1784686892.075,real_q8_tensor_220w_ngram,3,100,11459,206.31,70,1575,9251,3,16
1784686892.651,real_q8_tensor_220w_ngram,0,58,11459,202.79,64,1635,9251,3,16
1784686892.651,real_q8_tensor_220w_ngram,1,75,11459,203.34,69,1470,9251,3,16
1784686892.651,real_q8_tensor_220w_ngram,2,34,11459,201.92,74,1545,9251,3,16
1784686892.651,real_q8_tensor_220w_ngram,3,100,11459,206.80,70,1575,9251,3,16
1784686893.255,real_q8_tensor_220w_ngram,0,58,11459,207.87,65,1890,9251,3,16
1784686893.255,real_q8_tensor_220w_ngram,1,69,11459,204.06,68,1875,9251,3,16
1784686893.255,real_q8_tensor_220w_ngram,2,34,11459,203.73,72,1830,9251,3,16
1784686893.255,real_q8_tensor_220w_ngram,3,100,11459,211.15,70,1875,9251,3,16
1784686893.820,real_q8_tensor_220w_ngram,0,100,11459,208.38,65,1665,9251,3,16
1784686893.820,real_q8_tensor_220w_ngram,1,69,11459,209.56,69,1560,9251,3,16
1784686893.820,real_q8_tensor_220w_ngram,2,100,11459,208.06,74,1545,9251,3,16
1784686893.820,real_q8_tensor_220w_ngram,3,100,11459,209.51,70,1590,9251,3,16
1784686894.389,real_q8_tensor_220w_ngram,0,100,11459,208.97,65,1515,9251,3,16
1784686894.389,real_q8_tensor_220w_ngram,1,100,11459,208.81,69,1425,9251,3,16
1784686894.389,real_q8_tensor_220w_ngram,2,100,11459,206.52,74,1455,9251,3,16
1784686894.389,real_q8_tensor_220w_ngram,3,100,11459,211.98,70,1410,9251,3,16
1784686894.963,real_q8_tensor_220w_ngram,0,100,11459,203.09,65,1650,9251,3,16
1784686894.963,real_q8_tensor_220w_ngram,1,100,11459,203.46,69,1620,9251,3,16
1784686894.963,real_q8_tensor_220w_ngram,2,100,11459,202.05,74,1575,9251,3,16
1784686894.963,real_q8_tensor_220w_ngram,3,100,11459,208.86,70,1605,9251,3,16
1784686895.554,real_q8_tensor_220w_ngram,0,100,11459,201.53,65,1680,9251,3,16
1784686895.554,real_q8_tensor_220w_ngram,1,100,11459,204.04,69,1575,9251,3,16
1784686895.554,real_q8_tensor_220w_ngram,2,100,11459,203.10,74,1635,9251,3,16
1784686895.554,real_q8_tensor_220w_ngram,3,100,11459,205.56,70,1500,9251,3,16
1784686896.128,real_q8_tensor_220w_ngram,0,100,11459,201.31,65,1575,9251,3,16
1784686896.128,real_q8_tensor_220w_ngram,1,100,11459,203.95,69,1410,9251,3,16
1784686896.128,real_q8_tensor_220w_ngram,2,100,11459,203.11,74,1455,9251,3,16
1784686896.128,real_q8_tensor_220w_ngram,3,100,11459,205.37,70,1500,9251,3,16
1784686896.722,real_q8_tensor_220w_ngram,0,100,11459,201.77,65,1575,9251,3,16
1784686896.722,real_q8_tensor_220w_ngram,1,100,11459,203.20,69,1545,9251,3,16
1784686896.722,real_q8_tensor_220w_ngram,2,100,11459,202.81,74,1620,9251,3,16
1784686896.722,real_q8_tensor_220w_ngram,3,100,11459,206.23,70,1515,9251,3,16
1784686897.312,real_q8_tensor_220w_ngram,0,43,11459,201.64,65,1680,9251,3,16
1784686897.312,real_q8_tensor_220w_ngram,1,100,11459,204.12,68,1590,9251,3,16
1784686897.312,real_q8_tensor_220w_ngram,2,100,11459,203.49,72,1650,9251,3,16
1784686897.312,real_q8_tensor_220w_ngram,3,100,11459,205.68,70,1620,9251,3,16
1784686897.890,real_q8_tensor_220w_ngram,0,43,11459,201.21,63,1905,9251,3,16
1784686897.890,real_q8_tensor_220w_ngram,1,81,11459,206.88,68,1890,9251,3,16
1784686897.890,real_q8_tensor_220w_ngram,2,100,11459,206.22,73,1860,9251,3,16
1784686897.890,real_q8_tensor_220w_ngram,3,40,11459,203.65,68,1905,9251,3,16
1784686898.459,real_q8_tensor_220w_ngram,0,99,11459,207.19,64,1740,9251,3,16
1784686898.459,real_q8_tensor_220w_ngram,1,100,11459,208.87,69,1710,9251,3,16
1784686898.459,real_q8_tensor_220w_ngram,2,100,11459,207.17,74,1575,9251,3,16
1784686898.459,real_q8_tensor_220w_ngram,3,93,11459,208.97,69,1695,9251,3,16
1784686899.052,real_q8_tensor_220w_ngram,0,99,11459,207.24,65,1665,9251,3,16
1784686899.052,real_q8_tensor_220w_ngram,1,100,11459,208.76,69,1485,9251,3,16
1784686899.052,real_q8_tensor_220w_ngram,2,100,11459,208.08,74,1530,9251,3,16
1784686899.052,real_q8_tensor_220w_ngram,3,100,11459,210.44,70,1575,9251,3,16
1784686899.625,real_q8_tensor_220w_ngram,0,100,11459,209.16,65,1695,9251,3,16
1784686899.625,real_q8_tensor_220w_ngram,1,100,11459,210.05,69,1590,9251,3,16
1784686899.625,real_q8_tensor_220w_ngram,2,100,11459,208.90,74,1500,9251,3,16
1784686899.625,real_q8_tensor_220w_ngram,3,100,11459,211.25,70,1635,9251,3,16
1784686900.240,real_q8_tensor_220w_ngram,0,100,11459,204.38,65,1650,9251,3,16
1784686900.240,real_q8_tensor_220w_ngram,1,100,11459,204.23,69,1500,9251,3,16
1784686900.240,real_q8_tensor_220w_ngram,2,100,11459,202.17,74,1620,9251,3,16
1784686900.240,real_q8_tensor_220w_ngram,3,100,11459,210.25,70,1575,9251,3,16
1784686900.837,real_q8_tensor_220w_ngram,0,100,11459,201.35,65,1530,9251,3,16
1784686900.837,real_q8_tensor_220w_ngram,1,100,11459,205.12,69,1410,9251,3,16
1784686900.837,real_q8_tensor_220w_ngram,2,100,11459,202.95,74,1620,9251,3,16
1784686900.837,real_q8_tensor_220w_ngram,3,100,11459,205.42,70,1440,9251,3,16
1784686901.434,real_q8_tensor_220w_ngram,0,77,11459,201.27,65,1695,9251,3,16
1784686901.434,real_q8_tensor_220w_ngram,1,100,11459,204.60,69,1425,9251,3,16
1784686901.434,real_q8_tensor_220w_ngram,2,66,11459,203.20,74,1635,9251,3,16
1784686901.434,real_q8_tensor_220w_ngram,3,100,11459,204.48,70,1470,9251,3,16
1784686902.029,real_q8_tensor_220w_ngram,0,87,11459,200.62,65,1665,9251,3,16
1784686902.029,real_q8_tensor_220w_ngram,1,100,11459,204.80,69,1560,9251,3,16
1784686902.029,real_q8_tensor_220w_ngram,2,100,11459,203.37,74,1590,9251,3,16
1784686902.029,real_q8_tensor_220w_ngram,3,100,11459,204.98,70,1590,9251,3,16
1784686902.623,real_q8_tensor_220w_ngram,0,87,11459,198.82,64,1635,9251,3,16
1784686902.623,real_q8_tensor_220w_ngram,1,81,11459,204.34,67,1560,9251,3,16
1784686902.623,real_q8_tensor_220w_ngram,2,100,11459,202.99,72,1545,9251,3,16
1784686902.623,real_q8_tensor_220w_ngram,3,47,11459,205.58,70,1560,9251,3,16
1784686903.200,real_q8_tensor_220w_ngram,0,81,11459,203.68,64,1875,9251,3,16
1784686903.200,real_q8_tensor_220w_ngram,1,81,11459,208.86,69,1845,9251,3,16
1784686903.200,real_q8_tensor_220w_ngram,2,100,11459,207.84,73,1845,9251,3,16
1784686903.200,real_q8_tensor_220w_ngram,3,47,11459,206.62,68,1860,9251,3,16
1784686903.765,real_q8_tensor_220w_ngram,0,81,11459,206.81,65,1515,9251,3,16
1784686903.765,real_q8_tensor_220w_ngram,1,100,11459,208.18,69,1410,9251,3,16
1784686903.765,real_q8_tensor_220w_ngram,2,100,11459,208.16,74,1470,9251,3,16
1784686903.765,real_q8_tensor_220w_ngram,3,100,11459,210.02,70,1425,9251,3,16
1784686904.338,real_q8_tensor_220w_ngram,0,100,11459,206.94,65,1545,9251,3,16
1784686904.338,real_q8_tensor_220w_ngram,1,100,11459,210.54,69,1485,9251,3,16
1784686904.338,real_q8_tensor_220w_ngram,2,100,11459,210.08,74,1620,9251,3,16
1784686904.338,real_q8_tensor_220w_ngram,3,100,11459,209.24,70,1470,9251,3,16
1784686904.938,real_q8_tensor_220w_ngram,0,100,11459,200.61,65,1680,9251,3,16
1784686904.938,real_q8_tensor_220w_ngram,1,100,11459,206.68,69,1560,9251,3,16
1784686904.938,real_q8_tensor_220w_ngram,2,100,11459,204.75,74,1545,9251,3,16
1784686904.938,real_q8_tensor_220w_ngram,3,100,11459,206.08,70,1590,9251,3,16
1784686905.514,real_q8_tensor_220w_ngram,0,100,11459,200.55,65,1695,9251,3,16
1784686905.514,real_q8_tensor_220w_ngram,1,100,11459,204.16,69,1500,9251,3,16
1784686905.514,real_q8_tensor_220w_ngram,2,100,11459,202.97,74,1620,9251,3,16
1784686905.514,real_q8_tensor_220w_ngram,3,100,11459,206.37,70,1485,9251,3,16
1784686906.087,real_q8_tensor_220w_ngram,0,100,11459,200.79,65,1530,9251,3,16
1784686906.087,real_q8_tensor_220w_ngram,1,100,11459,203.75,69,1425,9251,3,16
1784686906.087,real_q8_tensor_220w_ngram,2,100,11459,202.28,73,1485,9251,3,16
1784686906.087,real_q8_tensor_220w_ngram,3,100,11459,205.79,70,1605,9251,3,16
1784686906.671,real_q8_tensor_220w_ngram,0,100,11459,200.21,65,1665,9251,3,16
1784686906.671,real_q8_tensor_220w_ngram,1,100,11459,204.49,69,1395,9251,3,16
1784686906.671,real_q8_tensor_220w_ngram,2,100,11459,207.47,74,1560,9251,3,16
1784686906.671,real_q8_tensor_220w_ngram,3,100,11459,208.51,70,1695,9251,3,16
1784686907.250,real_q8_tensor_220w_ngram,0,100,11459,207.29,64,1905,9251,3,16
1784686907.250,real_q8_tensor_220w_ngram,1,100,11459,203.15,67,1875,9251,3,16
1784686907.250,real_q8_tensor_220w_ngram,2,59,11459,202.14,72,1845,9251,3,16
1784686907.250,real_q8_tensor_220w_ngram,3,100,11459,204.63,69,1890,9251,3,16
1784686907.818,real_q8_tensor_220w_ngram,0,100,11459,207.79,65,1695,9251,3,16
1784686907.818,real_q8_tensor_220w_ngram,1,100,11459,208.07,69,1575,9251,3,16
1784686907.818,real_q8_tensor_220w_ngram,2,59,11459,207.27,74,1485,9251,3,16
1784686907.818,real_q8_tensor_220w_ngram,3,100,11459,209.30,70,1605,9251,3,16
1784686908.389,real_q8_tensor_220w_ngram,0,100,11459,209.63,65,1500,9251,3,16
1784686908.389,real_q8_tensor_220w_ngram,1,100,11459,207.69,69,1410,9251,3,16
1784686908.389,real_q8_tensor_220w_ngram,2,100,11459,207.66,74,1470,9251,3,16
1784686908.389,real_q8_tensor_220w_ngram,3,100,11459,211.32,70,1410,9251,3,16
1784686908.980,real_q8_tensor_220w_ngram,0,100,11459,202.85,65,1695,9251,3,16
1784686908.980,real_q8_tensor_220w_ngram,1,100,11459,204.16,69,1575,9251,3,16
1784686908.980,real_q8_tensor_220w_ngram,2,100,11459,202.63,74,1455,9251,3,16
1784686908.980,real_q8_tensor_220w_ngram,3,100,11459,209.01,70,1605,9251,3,16
1784686909.555,real_q8_tensor_220w_ngram,0,100,11459,200.72,65,1635,9251,3,16
1784686909.555,real_q8_tensor_220w_ngram,1,100,11459,203.75,69,1590,9251,3,16
1784686909.555,real_q8_tensor_220w_ngram,2,100,11459,201.47,74,1605,9251,3,16
1784686909.555,real_q8_tensor_220w_ngram,3,100,11459,204.37,70,1575,9251,3,16
1784686910.153,real_q8_tensor_220w_ngram,0,100,11459,200.13,65,1515,9251,3,16
1784686910.153,real_q8_tensor_220w_ngram,1,100,11459,203.75,69,1560,9251,3,16
1784686910.153,real_q8_tensor_220w_ngram,2,100,11459,202.03,74,1485,9251,3,16
1784686910.153,real_q8_tensor_220w_ngram,3,66,11459,204.15,70,1605,9251,3,16
1784686910.729,real_q8_tensor_220w_ngram,0,27,11459,200.37,64,1635,9251,3,16
1784686910.729,real_q8_tensor_220w_ngram,1,100,11459,203.63,69,1410,9251,3,16
1784686910.729,real_q8_tensor_220w_ngram,2,100,11459,202.11,74,1455,9251,3,16
1784686910.729,real_q8_tensor_220w_ngram,3,100,11459,204.46,70,1545,9251,3,16
1784686911.322,real_q8_tensor_220w_ngram,0,27,11459,203.87,64,1905,9251,3,16
1784686911.322,real_q8_tensor_220w_ngram,1,28,11459,200.50,69,1890,9251,3,16
1784686911.322,real_q8_tensor_220w_ngram,2,31,11459,200.00,74,1875,9251,3,16
1784686911.322,real_q8_tensor_220w_ngram,3,100,11459,205.51,68,1905,9251,3,16
1784686911.890,real_q8_tensor_220w_ngram,0,100,11459,205.79,65,1530,9251,3,16
1784686911.890,real_q8_tensor_220w_ngram,1,28,11459,206.96,69,1500,9251,3,16
1784686911.890,real_q8_tensor_220w_ngram,2,31,11459,206.92,74,1560,9251,3,16
1784686911.890,real_q8_tensor_220w_ngram,3,100,11459,210.03,70,1455,9251,3,16
1784686912.459,real_q8_tensor_220w_ngram,0,100,11459,206.07,65,1515,9251,3,16
1784686912.459,real_q8_tensor_220w_ngram,1,100,11459,210.32,69,1350,9251,3,16
1784686912.459,real_q8_tensor_220w_ngram,2,100,11459,209.56,74,1410,9251,3,16
1784686912.459,real_q8_tensor_220w_ngram,3,100,11459,209.24,70,1440,9251,3,16
1784686913.058,real_q8_tensor_220w_ngram,0,100,11459,204.90,65,1545,9251,3,16
1784686913.058,real_q8_tensor_220w_ngram,1,100,11459,204.35,69,1515,9251,3,16
1784686913.058,real_q8_tensor_220w_ngram,2,100,11459,202.50,74,1620,9251,3,16
1784686913.058,real_q8_tensor_220w_ngram,3,100,11459,209.55,70,1470,9251,3,16
1784686913.631,real_q8_tensor_220w_ngram,0,100,11459,200.68,65,1515,9251,3,16
1784686913.631,real_q8_tensor_220w_ngram,1,100,11459,203.84,69,1350,9251,3,16
1784686913.631,real_q8_tensor_220w_ngram,2,100,11459,201.95,74,1605,9251,3,16
1784686913.631,real_q8_tensor_220w_ngram,3,100,11459,204.93,70,1440,9251,3,16
1784686914.231,real_q8_tensor_220w_ngram,0,100,11459,201.02,65,1680,9251,3,16
1784686914.231,real_q8_tensor_220w_ngram,1,100,11459,202.42,69,1455,9251,3,16
1784686914.231,real_q8_tensor_220w_ngram,2,100,11459,201.56,74,1620,9251,3,16
1784686914.231,real_q8_tensor_220w_ngram,3,100,11459,204.85,69,1440,9251,3,16
1784686914.804,real_q8_tensor_220w_ngram,0,100,11459,197.30,65,1620,9251,3,16
1784686914.804,real_q8_tensor_220w_ngram,1,43,11459,203.60,67,1485,9251,3,16
1784686914.804,real_q8_tensor_220w_ngram,2,78,11459,202.17,72,1545,9251,3,16
1784686914.804,real_q8_tensor_220w_ngram,3,100,11459,203.93,70,1530,9251,3,16
1784686915.382,real_q8_tensor_220w_ngram,0,97,11459,205.61,64,1830,9251,3,16
1784686915.382,real_q8_tensor_220w_ngram,1,43,11459,207.92,69,1800,9251,3,16
1784686915.382,real_q8_tensor_220w_ngram,2,78,11459,207.35,74,1695,9251,3,16
1784686915.382,real_q8_tensor_220w_ngram,3,69,11459,205.94,69,1800,9251,3,16
1784686915.941,real_q8_tensor_220w_ngram,0,100,11459,207.81,65,1665,9251,3,16
1784686915.941,real_q8_tensor_220w_ngram,1,100,11459,207.38,69,1545,9251,3,16
1784686915.941,real_q8_tensor_220w_ngram,2,100,11459,206.61,74,1605,9251,3,16
1784686915.941,real_q8_tensor_220w_ngram,3,100,11459,208.56,70,1590,9251,3,16
1784686916.517,real_q8_tensor_220w_ngram,0,100,11459,200.71,65,1680,9251,3,16
1784686916.517,real_q8_tensor_220w_ngram,1,100,11459,210.69,69,1545,9251,3,16
1784686916.517,real_q8_tensor_220w_ngram,2,100,11459,209.15,74,1425,9251,3,16
1784686916.517,real_q8_tensor_220w_ngram,3,100,11459,206.26,70,1605,9251,3,16
1784686917.115,real_q8_tensor_220w_ngram,0,100,11459,201.52,65,1680,9251,3,16
1784686917.115,real_q8_tensor_220w_ngram,1,100,11459,202.68,69,1575,9251,3,16
1784686917.115,real_q8_tensor_220w_ngram,2,100,11459,200.96,73,1470,9251,3,16
1784686917.115,real_q8_tensor_220w_ngram,3,100,11459,208.38,70,1590,9251,3,16
1784686917.733,real_q8_tensor_220w_ngram,0,100,11459,198.51,65,1680,9251,3,16
1784686917.733,real_q8_tensor_220w_ngram,1,100,11459,203.56,69,1560,9251,3,16
1784686917.733,real_q8_tensor_220w_ngram,2,100,11459,201.58,74,1530,9251,3,16
1784686917.733,real_q8_tensor_220w_ngram,3,100,11459,204.54,70,1590,9251,3,16
1784686918.309,real_q8_tensor_220w_ngram,0,100,11459,200.32,65,1575,9251,3,16
1784686918.309,real_q8_tensor_220w_ngram,1,100,11459,203.19,69,1530,9251,3,16
1784686918.309,real_q8_tensor_220w_ngram,2,100,11459,201.23,74,1605,9251,3,16
1784686918.309,real_q8_tensor_220w_ngram,3,100,11459,204.44,70,1590,9251,3,16
1784686918.882,real_q8_tensor_220w_ngram,0,42,11459,199.40,63,1905,9251,3,16
1784686918.882,real_q8_tensor_220w_ngram,1,100,11459,204.86,67,1890,9251,3,16
1784686918.882,real_q8_tensor_220w_ngram,2,100,11459,204.29,72,1875,9251,3,16
1784686918.882,real_q8_tensor_220w_ngram,3,31,11459,203.11,68,1905,9251,3,16
1784686919.449,real_q8_tensor_220w_ngram,0,100,11459,205.27,65,1665,9251,3,16
1784686919.449,real_q8_tensor_220w_ngram,1,100,11459,206.71,69,1560,9251,3,16
1784686919.449,real_q8_tensor_220w_ngram,2,100,11459,205.94,74,1620,9251,3,16
1784686919.449,real_q8_tensor_220w_ngram,3,100,11459,208.29,70,1590,9251,3,16
1784686920.038,real_q8_tensor_220w_ngram,0,100,11459,205.63,65,1485,9251,3,16
1784686920.038,real_q8_tensor_220w_ngram,1,100,11459,206.54,69,1365,9251,3,16
1784686920.038,real_q8_tensor_220w_ngram,2,100,11459,206.51,73,1455,9251,3,16
1784686920.038,real_q8_tensor_220w_ngram,3,100,11459,208.15,70,1410,9251,3,16
1784686920.641,real_q8_tensor_220w_ngram,0,100,11459,206.29,65,1500,9251,3,16
1784686920.641,real_q8_tensor_220w_ngram,1,100,11459,206.18,69,1395,9251,3,16
1784686920.641,real_q8_tensor_220w_ngram,2,100,11459,205.37,74,1455,9251,3,16
1784686920.641,real_q8_tensor_220w_ngram,3,100,11459,211.21,70,1410,9251,3,16
1784686921.257,real_q8_tensor_220w_ngram,0,100,11459,200.95,65,1680,9251,3,16
1784686921.257,real_q8_tensor_220w_ngram,1,100,11459,204.92,68,1575,9251,3,16
1784686921.257,real_q8_tensor_220w_ngram,2,100,11459,203.29,73,1470,9251,3,16
1784686921.257,real_q8_tensor_220w_ngram,3,100,11459,203.96,70,1605,9251,3,16
1784686921.848,real_q8_tensor_220w_ngram,0,100,11459,199.04,65,1695,9251,3,16
1784686921.848,real_q8_tensor_220w_ngram,1,100,11459,202.99,69,1485,9251,3,16
1784686921.848,real_q8_tensor_220w_ngram,2,100,11459,201.71,74,1605,9251,3,16
1784686921.848,real_q8_tensor_220w_ngram,3,100,11459,204.30,69,1440,9251,3,16
1784686922.485,real_q8_tensor_220w_ngram,0,100,11459,199.79,64,1665,9251,3,16
1784686922.485,real_q8_tensor_220w_ngram,1,74,11459,203.43,68,1545,9251,3,16
1784686922.485,real_q8_tensor_220w_ngram,2,100,11459,202.29,73,1635,9251,3,16
1784686922.485,real_q8_tensor_220w_ngram,3,100,11459,202.81,69,1440,9251,3,16
1784686923.060,real_q8_tensor_220w_ngram,0,100,11459,195.68,65,1470,9251,3,16
1784686923.060,real_q8_tensor_220w_ngram,1,74,11459,201.22,67,1290,9251,3,16
1784686923.060,real_q8_tensor_220w_ngram,2,56,11459,200.95,72,1410,9251,3,16
1784686923.060,real_q8_tensor_220w_ngram,3,100,11459,201.80,70,1365,9251,3,16
1784686923.660,real_q8_tensor_220w_ngram,0,97,11459,204.82,65,1635,9251,3,16
1784686923.660,real_q8_tensor_220w_ngram,1,100,11459,208.05,68,1620,9251,3,16
1784686923.660,real_q8_tensor_220w_ngram,2,56,11459,207.59,74,1605,9251,3,16
1784686923.660,real_q8_tensor_220w_ngram,3,83,11459,206.66,70,1575,9251,3,16
1784686924.225,real_q8_tensor_220w_ngram,0,97,11459,204.01,65,1500,9251,3,16
1784686924.225,real_q8_tensor_220w_ngram,1,100,11459,206.90,69,1455,9251,3,16
1784686924.225,real_q8_tensor_220w_ngram,2,100,11459,206.30,74,1515,9251,3,16
1784686924.225,real_q8_tensor_220w_ngram,3,83,11459,208.72,70,1410,9251,3,16
1784686924.817,real_q8_tensor_220w_ngram,0,100,11459,199.51,64,1665,9251,3,16
1784686924.817,real_q8_tensor_220w_ngram,1,100,11459,209.70,69,1560,9251,3,16
1784686924.817,real_q8_tensor_220w_ngram,2,100,11459,208.33,73,1425,9251,3,16
1784686924.817,real_q8_tensor_220w_ngram,3,100,11459,205.89,70,1590,9251,3,16
1784686925.408,real_q8_tensor_220w_ngram,0,100,11459,201.49,65,1455,9251,3,16
1784686925.408,real_q8_tensor_220w_ngram,1,100,11459,203.53,68,1350,9251,3,16
1784686925.408,real_q8_tensor_220w_ngram,2,100,11459,202.02,74,1410,9251,3,16
1784686925.408,real_q8_tensor_220w_ngram,3,100,11459,205.07,70,1575,9251,3,16
1784686925.982,real_q8_tensor_220w_ngram,0,100,11459,200.34,65,1665,9251,3,16
1784686925.982,real_q8_tensor_220w_ngram,1,84,11459,204.19,69,1335,9251,3,16
1784686925.982,real_q8_tensor_220w_ngram,2,64,11459,202.85,73,1590,9251,3,16
1784686925.982,real_q8_tensor_220w_ngram,3,64,11459,204.25,69,1425,9251,3,16
1784686926.584,real_q8_tensor_220w_ngram,0,100,11459,198.59,64,1500,9251,3,16
1784686926.584,real_q8_tensor_220w_ngram,1,84,11459,201.33,67,1455,9251,3,16
1784686926.584,real_q8_tensor_220w_ngram,2,46,11459,200.34,72,1545,9251,3,16
1784686926.584,real_q8_tensor_220w_ngram,3,52,11459,204.54,70,1410,9251,3,16
1784686927.160,real_q8_tensor_220w_ngram,0,97,11459,204.46,65,1710,9251,3,16
1784686927.160,real_q8_tensor_220w_ngram,1,100,11459,206.35,69,1605,9251,3,16
1784686927.160,real_q8_tensor_220w_ngram,2,46,11459,205.85,73,1395,9251,3,16
1784686927.160,real_q8_tensor_220w_ngram,3,52,11459,206.26,70,1665,9251,3,16
1784686927.722,real_q8_tensor_220w_ngram,0,97,11459,207.58,64,1665,9251,3,16
1784686927.722,real_q8_tensor_220w_ngram,1,100,11459,206.73,68,1560,9251,3,16
1784686927.722,real_q8_tensor_220w_ngram,2,100,11459,205.70,74,1605,9251,3,16
1784686927.722,real_q8_tensor_220w_ngram,3,100,11459,207.31,69,1590,9251,3,16
1784686928.296,real_q8_tensor_220w_ngram,0,100,11459,200.51,65,1515,9251,3,16
1784686928.296,real_q8_tensor_220w_ngram,1,100,11459,208.17,68,1410,9251,3,16
1784686928.296,real_q8_tensor_220w_ngram,2,100,11459,207.09,73,1620,9251,3,16
1784686928.296,real_q8_tensor_220w_ngram,3,100,11459,205.78,70,1440,9251,3,16
1784686928.888,real_q8_tensor_220w_ngram,0,100,11459,201.56,65,1665,9251,3,16
1784686928.888,real_q8_tensor_220w_ngram,1,100,11459,202.58,69,1530,9251,3,16
1784686928.888,real_q8_tensor_220w_ngram,2,100,11459,201.41,74,1395,9251,3,16
1784686928.888,real_q8_tensor_220w_ngram,3,100,11459,204.58,70,1590,9251,3,16
1784686929.486,real_q8_tensor_220w_ngram,0,100,11459,199.92,64,1665,9251,3,16
1784686929.486,real_q8_tensor_220w_ngram,1,63,11459,203.85,68,1500,9251,3,16
1784686929.486,real_q8_tensor_220w_ngram,2,100,11459,202.63,73,1605,9251,3,16
1784686929.486,real_q8_tensor_220w_ngram,3,100,11459,203.84,69,1470,9251,3,16
1784686930.063,real_q8_tensor_220w_ngram,0,100,11459,195.70,64,1920,9251,3,16
1784686930.063,real_q8_tensor_220w_ngram,1,54,11459,201.93,67,1905,9251,3,16
1784686930.063,real_q8_tensor_220w_ngram,2,58,11459,201.67,72,1875,9251,3,16
1784686930.063,real_q8_tensor_220w_ngram,3,39,11459,200.31,68,1905,9251,3,16
1784686930.632,real_q8_tensor_220w_ngram,0,100,11459,205.36,65,1500,9251,3,16
1784686930.632,real_q8_tensor_220w_ngram,1,54,11459,205.98,69,1305,9251,3,16
1784686930.632,real_q8_tensor_220w_ngram,2,58,11459,206.51,74,1590,9251,3,16
1784686930.632,real_q8_tensor_220w_ngram,3,39,11459,206.79,70,1410,9251,3,16
1784686931.221,real_q8_tensor_220w_ngram,0,100,11459,207.19,65,1515,9251,3,16
1784686931.221,real_q8_tensor_220w_ngram,1,100,11459,205.04,69,1410,9251,3,16
1784686931.221,real_q8_tensor_220w_ngram,2,100,11459,205.40,74,1470,9251,3,16
1784686931.221,real_q8_tensor_220w_ngram,3,100,11459,210.31,69,1605,9251,3,16
1784686931.798,real_q8_tensor_220w_ngram,0,100,11459,197.31,64,1650,9251,3,16
1784686931.798,real_q8_tensor_220w_ngram,1,100,11459,207.05,69,1530,9251,3,16
1784686931.798,real_q8_tensor_220w_ngram,2,100,11459,205.89,74,1560,9251,3,16
1784686931.798,real_q8_tensor_220w_ngram,3,100,11459,203.61,69,1590,9251,3,16
1784686932.376,real_q8_tensor_220w_ngram,0,100,11459,198.27,65,1440,9251,3,16
1784686932.376,real_q8_tensor_220w_ngram,1,100,11459,202.64,68,1335,9251,3,16
1784686932.376,real_q8_tensor_220w_ngram,2,100,11459,200.83,73,1620,9251,3,16
1784686932.376,real_q8_tensor_220w_ngram,3,100,11459,203.70,69,1380,9251,3,16
1784686932.968,real_q8_tensor_220w_ngram,0,75,11459,198.90,64,1695,9251,3,16
1784686932.968,real_q8_tensor_220w_ngram,1,89,11459,201.77,69,1425,9251,3,16
1784686932.968,real_q8_tensor_220w_ngram,2,63,11459,199.01,74,1635,9251,3,16
1784686932.968,real_q8_tensor_220w_ngram,3,70,11459,203.62,70,1395,9251,3,16
1784686933.563,real_q8_tensor_220w_ngram,0,75,11459,199.62,63,1905,9251,3,16
1784686933.563,real_q8_tensor_220w_ngram,1,78,11459,205.65,67,1875,9251,3,16
1784686933.563,real_q8_tensor_220w_ngram,2,82,11459,205.26,72,1875,9251,3,16
1784686933.563,real_q8_tensor_220w_ngram,3,40,11459,202.16,68,1890,9251,3,16
1784686934.157,real_q8_tensor_220w_ngram,0,100,11459,203.93,65,1665,9251,3,16
1784686934.157,real_q8_tensor_220w_ngram,1,78,11459,205.41,69,1560,9251,3,16
1784686934.157,real_q8_tensor_220w_ngram,2,82,11459,204.75,74,1590,9251,3,16
1784686934.157,real_q8_tensor_220w_ngram,3,40,11459,206.82,69,1575,9251,3,16
1784686934.733,real_q8_tensor_220w_ngram,0,100,11459,204.57,64,1500,9251,3,16
1784686934.733,real_q8_tensor_220w_ngram,1,100,11459,208.28,69,1320,9251,3,16
1784686934.733,real_q8_tensor_220w_ngram,2,100,11459,208.40,73,1605,9251,3,16
1784686934.733,real_q8_tensor_220w_ngram,3,100,11459,208.05,69,1410,9251,3,16
1784686935.328,real_q8_tensor_220w_ngram,0,100,11459,202.67,65,1650,9251,3,16
1784686935.328,real_q8_tensor_220w_ngram,1,100,11459,202.65,68,1395,9251,3,16
1784686935.328,real_q8_tensor_220w_ngram,2,100,11459,201.12,73,1620,9251,3,16
1784686935.328,real_q8_tensor_220w_ngram,3,100,11459,208.57,70,1380,9251,3,16
1784686935.920,real_q8_tensor_220w_ngram,0,63,11459,195.89,64,1440,9251,3,16
1784686935.920,real_q8_tensor_220w_ngram,1,100,11459,200.05,68,1530,9251,3,16
1784686935.920,real_q8_tensor_220w_ngram,2,100,11459,199.10,73,1395,9251,3,16
1784686935.920,real_q8_tensor_220w_ngram,3,100,11459,201.29,69,1575,9251,3,16
1784686936.497,real_q8_tensor_220w_ngram,0,27,11459,194.17,64,1635,9251,3,16
1784686936.497,real_q8_tensor_220w_ngram,1,100,11459,202.02,67,1470,9251,3,16
1784686936.497,real_q8_tensor_220w_ngram,2,100,11459,201.14,72,1545,9251,3,16
1784686936.497,real_q8_tensor_220w_ngram,3,100,11459,200.92,70,1530,9251,3,16
1784686937.075,real_q8_tensor_220w_ngram,0,27,11459,204.76,64,1680,9251,3,16
1784686937.075,real_q8_tensor_220w_ngram,1,100,11459,207.35,68,1635,9251,3,16
1784686937.075,real_q8_tensor_220w_ngram,2,100,11459,207.04,74,1425,9251,3,16
1784686937.075,real_q8_tensor_220w_ngram,3,93,11459,207.57,69,1650,9251,3,16
1784686937.636,real_q8_tensor_220w_ngram,0,100,11459,204.78,65,1440,9251,3,16
1784686937.636,real_q8_tensor_220w_ngram,1,100,11459,205.77,68,1350,9251,3,16
1784686937.636,real_q8_tensor_220w_ngram,2,100,11459,205.55,74,1425,9251,3,16
1784686937.636,real_q8_tensor_220w_ngram,3,93,11459,207.73,70,1380,9251,3,16
1784686938.233,real_q8_tensor_220w_ngram,0,100,11459,206.76,65,1440,9251,3,16
1784686938.233,real_q8_tensor_220w_ngram,1,100,11459,204.40,68,1395,9251,3,16
1784686938.233,real_q8_tensor_220w_ngram,2,100,11459,203.47,73,1440,9251,3,16
1784686938.233,real_q8_tensor_220w_ngram,3,100,11459,209.39,69,1380,9251,3,16
1784686938.832,real_q8_tensor_220w_ngram,0,100,11459,195.84,65,1665,9251,3,16
1784686938.832,real_q8_tensor_220w_ngram,1,100,11459,199.66,68,1530,9251,3,16
1784686938.832,real_q8_tensor_220w_ngram,2,100,11459,198.30,73,1380,9251,3,16
1784686938.832,real_q8_tensor_220w_ngram,3,100,11459,201.04,69,1575,9251,3,16
1784686939.405,real_q8_tensor_220w_ngram,0,100,11459,195.49,64,1545,9251,3,16
1784686939.405,real_q8_tensor_220w_ngram,1,100,11459,199.48,67,1335,9251,3,16
1784686939.405,real_q8_tensor_220w_ngram,2,100,11459,198.12,72,1590,9251,3,16
1784686939.405,real_q8_tensor_220w_ngram,3,76,11459,200.38,69,1470,9251,3,16
1784686939.985,real_q8_tensor_220w_ngram,0,97,11459,199.73,63,1905,9251,3,16
1784686939.985,real_q8_tensor_220w_ngram,1,68,11459,197.10,69,1905,9251,3,16
1784686939.985,real_q8_tensor_220w_ngram,2,100,11459,196.15,71,1875,9251,3,16
1784686939.985,real_q8_tensor_220w_ngram,3,100,11459,202.25,68,1905,9251,3,16
1784686940.602,real_q8_tensor_220w_ngram,0,97,11459,201.15,65,1440,9251,3,16
1784686940.602,real_q8_tensor_220w_ngram,1,100,11459,203.07,68,1545,9251,3,16
1784686940.602,real_q8_tensor_220w_ngram,2,100,11459,203.22,74,1410,9251,3,16
1784686940.602,real_q8_tensor_220w_ngram,3,100,11459,204.77,69,1575,9251,3,16
1784686941.195,real_q8_tensor_220w_ngram,0,100,11459,204.07,65,1650,9251,3,16
1784686941.195,real_q8_tensor_220w_ngram,1,100,11459,203.37,68,1530,9251,3,16
1784686941.195,real_q8_tensor_220w_ngram,2,100,11459,203.58,74,1410,9251,3,16
1784686941.195,real_q8_tensor_220w_ngram,3,100,11459,206.08,69,1575,9251,3,16
1784686941.805,real_q8_tensor_220w_ngram,0,100,11459,197.76,65,1485,9251,3,16
1784686941.805,real_q8_tensor_220w_ngram,1,100,11459,205.15,68,1335,9251,3,16
1784686941.805,real_q8_tensor_220w_ngram,2,100,11459,203.85,73,1605,9251,3,16
1784686941.805,real_q8_tensor_220w_ngram,3,100,11459,203.03,69,1395,9251,3,16
1784686942.379,real_q8_tensor_220w_ngram,0,100,11459,197.37,65,1650,9251,3,16
1784686942.379,real_q8_tensor_220w_ngram,1,100,11459,198.77,68,1425,9251,3,16
1784686942.379,real_q8_tensor_220w_ngram,2,100,11459,197.40,73,1470,9251,3,16
1784686942.379,real_q8_tensor_220w_ngram,3,100,11459,201.36,70,1590,9251,3,16
1784686942.953,real_q8_tensor_220w_ngram,0,62,11459,197.60,63,1410,9251,3,16
1784686942.953,real_q8_tensor_220w_ngram,1,23,11459,195.72,67,1335,9251,3,16
1784686942.953,real_q8_tensor_220w_ngram,2,25,11459,194.57,72,1710,9251,3,16
1784686942.953,real_q8_tensor_220w_ngram,3,71,11459,201.67,68,1350,9251,3,16
1784686943.529,real_q8_tensor_220w_ngram,0,97,11459,202.41,65,1680,9251,3,16
1784686943.529,real_q8_tensor_220w_ngram,1,23,11459,203.54,68,1590,9251,3,16
1784686943.529,real_q8_tensor_220w_ngram,2,25,11459,203.25,73,1365,9251,3,16
1784686943.529,real_q8_tensor_220w_ngram,3,71,11459,204.68,69,1635,9251,3,16
1784686944.112,real_q8_tensor_220w_ngram,0,97,11459,205.06,65,1485,9251,3,16
1784686944.112,real_q8_tensor_220w_ngram,1,100,11459,207.48,69,1320,9251,3,16
1784686944.112,real_q8_tensor_220w_ngram,2,100,11459,206.95,73,1380,9251,3,16
1784686944.112,real_q8_tensor_220w_ngram,3,100,11459,208.37,70,1395,9251,3,16
1784686944.709,real_q8_tensor_220w_ngram,0,100,11459,199.47,65,1635,9251,3,16
1784686944.709,real_q8_tensor_220w_ngram,1,100,11459,210.30,69,1410,9251,3,16
1784686944.709,real_q8_tensor_220w_ngram,2,100,11459,208.40,74,1620,9251,3,16
1784686944.709,real_q8_tensor_220w_ngram,3,100,11459,205.97,69,1560,9251,3,16
1784686945.303,real_q8_tensor_220w_ngram,0,100,11459,199.10,64,1530,9251,3,16
1784686945.303,real_q8_tensor_220w_ngram,1,100,11459,202.36,68,1515,9251,3,16
1784686945.303,real_q8_tensor_220w_ngram,2,100,11459,200.17,73,1605,9251,3,16
1784686945.303,real_q8_tensor_220w_ngram,3,100,11459,203.88,69,1455,9251,3,16
1784686945.877,real_q8_tensor_220w_ngram,0,56,11459,199.99,64,1695,9251,3,16
1784686945.877,real_q8_tensor_220w_ngram,1,100,11459,201.83,69,1575,9251,3,16
1784686945.877,real_q8_tensor_220w_ngram,2,100,11459,200.27,74,1665,9251,3,16
1784686945.877,real_q8_tensor_220w_ngram,3,100,11459,204.73,69,1620,9251,3,16
1784686946.473,real_q8_tensor_220w_ngram,0,100,11459,202.18,64,1815,9251,3,16
1784686946.473,real_q8_tensor_220w_ngram,1,100,11459,204.01,68,1770,9251,3,16
1784686946.473,real_q8_tensor_220w_ngram,2,100,11459,204.24,73,1665,9251,3,16
1784686946.473,real_q8_tensor_220w_ngram,3,70,11459,204.54,68,1785,9251,3,16
1784686947.033,real_q8_tensor_220w_ngram,0,100,11459,202.93,65,1650,9251,3,16
1784686947.033,real_q8_tensor_220w_ngram,1,100,11459,202.49,68,1530,9251,3,16
1784686947.033,real_q8_tensor_220w_ngram,2,100,11459,202.90,73,1380,9251,3,16
1784686947.033,real_q8_tensor_220w_ngram,3,70,11459,206.03,69,1560,9251,3,16
1784686947.624,real_q8_tensor_220w_ngram,0,100,11459,206.89,65,1665,9251,3,16
1784686947.624,real_q8_tensor_220w_ngram,1,100,11459,206.18,68,1425,9251,3,16
1784686947.624,real_q8_tensor_220w_ngram,2,100,11459,206.05,73,1605,9251,3,16
1784686947.624,real_q8_tensor_220w_ngram,3,100,11459,206.30,69,1395,9251,3,16
1784686948.217,real_q8_tensor_220w_ngram,0,100,11459,196.83,64,1650,9251,3,16
1784686948.217,real_q8_tensor_220w_ngram,1,100,11459,200.06,68,1515,9251,3,16
1784686948.217,real_q8_tensor_220w_ngram,2,100,11459,199.36,73,1575,9251,3,16
1784686948.217,real_q8_tensor_220w_ngram,3,100,11459,201.64,69,1560,9251,3,16
1784686948.808,real_q8_tensor_220w_ngram,0,100,11459,197.29,65,1425,9251,3,16
1784686948.808,real_q8_tensor_220w_ngram,1,99,11459,199.47,68,1320,9251,3,16
1784686948.808,real_q8_tensor_220w_ngram,2,96,11459,198.20,73,1680,9251,3,16
1784686948.808,real_q8_tensor_220w_ngram,3,67,11459,202.34,69,1365,9251,3,16
1784686949.400,real_q8_tensor_220w_ngram,0,100,11459,201.15,64,1800,9251,3,16
1784686949.400,real_q8_tensor_220w_ngram,1,99,11459,197.38,68,1770,9251,3,16
1784686949.400,real_q8_tensor_220w_ngram,2,96,11459,197.42,73,1770,9251,3,16
1784686949.400,real_q8_tensor_220w_ngram,3,67,11459,203.75,69,1785,9251,3,16
1784686949.961,real_q8_tensor_220w_ngram,0,100,11459,203.35,65,1665,9251,3,16
1784686949.961,real_q8_tensor_220w_ngram,1,100,11459,206.71,69,1515,9251,3,16
1784686949.961,real_q8_tensor_220w_ngram,2,100,11459,205.98,74,1395,9251,3,16
1784686949.961,real_q8_tensor_220w_ngram,3,100,11459,206.57,70,1575,9251,3,16
1784686950.537,real_q8_tensor_220w_ngram,0,100,11459,206.50,64,1650,9251,3,16
1784686950.537,real_q8_tensor_220w_ngram,1,100,11459,206.18,68,1515,9251,3,16
1784686950.537,real_q8_tensor_220w_ngram,2,100,11459,204.40,73,1590,9251,3,16
1784686950.537,real_q8_tensor_220w_ngram,3,100,11459,210.10,69,1560,9251,3,16
1784686951.129,real_q8_tensor_220w_ngram,0,100,11459,196.16,64,1425,9251,3,16
1784686951.129,real_q8_tensor_220w_ngram,1,100,11459,198.12,68,1365,9251,3,16
1784686951.129,real_q8_tensor_220w_ngram,2,100,11459,197.14,73,1425,9251,3,16
1784686951.129,real_q8_tensor_220w_ngram,3,100,11459,200.91,69,1350,9251,3,16
1784686951.733,real_q8_tensor_220w_ngram,0,25,11459,193.99,63,1500,9251,3,16
1784686951.733,real_q8_tensor_220w_ngram,1,100,11459,197.38,68,1425,9251,3,16
1784686951.733,real_q8_tensor_220w_ngram,2,100,11459,196.94,73,1530,9251,3,16
1784686951.733,real_q8_tensor_220w_ngram,3,100,11459,200.09,69,1440,9251,3,16
1784686952.310,real_q8_tensor_220w_ngram,0,25,11459,199.92,64,1800,9251,3,16
1784686952.310,real_q8_tensor_220w_ngram,1,83,11459,200.70,67,1755,9251,3,16
1784686952.310,real_q8_tensor_220w_ngram,2,86,11459,202.12,72,1635,9251,3,16
1784686952.310,real_q8_tensor_220w_ngram,3,100,11459,203.80,69,1785,9251,3,16
1784686952.896,real_q8_tensor_220w_ngram,0,100,11459,200.07,64,1650,9251,3,16
1784686952.896,real_q8_tensor_220w_ngram,1,83,11459,201.85,68,1530,9251,3,16
1784686952.896,real_q8_tensor_220w_ngram,2,86,11459,202.21,73,1605,9251,3,16
1784686952.896,real_q8_tensor_220w_ngram,3,100,11459,203.38,69,1575,9251,3,16
1784686953.471,real_q8_tensor_220w_ngram,0,100,11459,199.43,64,1440,9251,3,16
1784686953.471,real_q8_tensor_220w_ngram,1,100,11459,204.01,68,1335,9251,3,16
1784686953.471,real_q8_tensor_220w_ngram,2,100,11459,205.02,73,1395,9251,3,16
1784686953.471,real_q8_tensor_220w_ngram,3,100,11459,205.02,69,1560,9251,3,16
1784686954.073,real_q8_tensor_220w_ngram,0,100,11459,193.45,64,1485,9251,3,16
1784686954.073,real_q8_tensor_220w_ngram,1,100,11459,196.30,68,1335,9251,3,16
1784686954.073,real_q8_tensor_220w_ngram,2,100,11459,195.81,73,1395,9251,3,16
1784686954.073,real_q8_tensor_220w_ngram,3,100,11459,199.35,69,1380,9251,3,16
1784686954.647,real_q8_tensor_220w_ngram,0,100,11459,196.07,63,1440,9251,3,16
1784686954.647,real_q8_tensor_220w_ngram,1,26,11459,194.73,67,1140,9251,3,16
1784686954.647,real_q8_tensor_220w_ngram,2,29,11459,193.71,71,1890,9251,3,16
1784686954.647,real_q8_tensor_220w_ngram,3,65,11459,201.19,68,1305,9251,3,16
1784686955.221,real_q8_tensor_220w_ngram,0,100,11459,201.94,64,1635,9251,3,16
1784686955.221,real_q8_tensor_220w_ngram,1,26,11459,202.40,68,1500,9251,3,16
1784686955.221,real_q8_tensor_220w_ngram,2,29,11459,201.65,73,1350,9251,3,16
1784686955.221,real_q8_tensor_220w_ngram,3,65,11459,204.68,69,1545,9251,3,16
1784686955.793,real_q8_tensor_220w_ngram,0,100,11459,201.47,65,1650,9251,3,16
1784686955.793,real_q8_tensor_220w_ngram,1,100,11459,202.40,68,1515,9251,3,16
1784686955.793,real_q8_tensor_220w_ngram,2,100,11459,201.66,73,1380,9251,3,16
1784686955.793,real_q8_tensor_220w_ngram,3,100,11459,204.23,69,1560,9251,3,16
1784686956.384,real_q8_tensor_220w_ngram,0,100,11459,196.30,64,1545,9251,3,16
1784686956.384,real_q8_tensor_220w_ngram,1,100,11459,202.78,68,1350,9251,3,16
1784686956.384,real_q8_tensor_220w_ngram,2,100,11459,200.84,73,1575,9251,3,16
1784686956.384,real_q8_tensor_220w_ngram,3,100,11459,201.01,69,1455,9251,3,16
1784686956.977,real_q8_tensor_220w_ngram,0,62,11459,198.74,64,1635,9251,3,16
1784686956.977,real_q8_tensor_220w_ngram,1,75,11459,199.07,68,1365,9251,3,16
1784686956.977,real_q8_tensor_220w_ngram,2,70,11459,197.00,73,1560,9251,3,16
1784686956.977,real_q8_tensor_220w_ngram,3,100,11459,202.93,69,1500,9251,3,16
1784686957.553,real_q8_tensor_220w_ngram,0,50,11459,199.65,65,1905,9251,3,16
1784686957.553,real_q8_tensor_220w_ngram,1,75,11459,200.44,67,1875,9251,3,16
1784686957.553,real_q8_tensor_220w_ngram,2,70,11459,199.26,72,1830,9251,3,16
1784686957.553,real_q8_tensor_220w_ngram,3,100,11459,200.92,69,1890,9251,3,16
1784686958.111,real_q8_tensor_220w_ngram,0,50,11459,207.07,65,1560,9251,3,16
1784686958.111,real_q8_tensor_220w_ngram,1,100,11459,203.90,68,1335,9251,3,16
1784686958.111,real_q8_tensor_220w_ngram,2,100,11459,202.62,73,1560,9251,3,16
1784686958.111,real_q8_tensor_220w_ngram,3,100,11459,209.26,69,1440,9251,3,16
1784686958.701,real_q8_tensor_220w_ngram,0,100,11459,205.71,65,1650,9251,3,16
1784686958.701,real_q8_tensor_220w_ngram,1,100,11459,203.67,68,1515,9251,3,16
1784686958.701,real_q8_tensor_220w_ngram,2,100,11459,203.40,73,1395,9251,3,16
1784686958.701,real_q8_tensor_220w_ngram,3,100,11459,210.19,69,1575,9251,3,16
1784686959.298,real_q8_tensor_220w_ngram,0,100,11459,202.21,64,1650,9251,3,16
1784686959.298,real_q8_tensor_220w_ngram,1,100,11459,198.38,68,1515,9251,3,16
1784686959.298,real_q8_tensor_220w_ngram,2,100,11459,197.21,73,1425,9251,3,16
1784686959.298,real_q8_tensor_220w_ngram,3,100,11459,207.01,69,1575,9251,3,16
1784686959.916,real_q8_tensor_220w_ngram,0,50,11459,200.31,64,1545,9251,3,16
1784686959.916,real_q8_tensor_220w_ngram,1,61,11459,199.65,68,1500,9251,3,16
1784686959.916,real_q8_tensor_220w_ngram,2,65,11459,197.28,73,1395,9251,3,16
1784686959.916,real_q8_tensor_220w_ngram,3,60,11459,204.53,69,1560,9251,3,16
1784686960.495,real_q8_tensor_220w_ngram,0,100,11459,207.72,64,1905,9251,3,16
1784686960.495,real_q8_tensor_220w_ngram,1,48,11459,198.24,68,1875,9251,3,16
1784686960.495,real_q8_tensor_220w_ngram,2,52,11459,196.38,73,1830,9251,3,16
1784686960.495,real_q8_tensor_220w_ngram,3,79,11459,209.65,68,1890,9251,3,16
1784686961.071,real_q8_tensor_220w_ngram,0,100,11459,209.05,65,1635,9251,3,16
1784686961.071,real_q8_tensor_220w_ngram,1,48,11459,204.34,68,1515,9251,3,16
1784686961.071,real_q8_tensor_220w_ngram,2,52,11459,203.29,73,1560,9251,3,16
1784686961.071,real_q8_tensor_220w_ngram,3,79,11459,212.15,69,1560,9251,3,16
1784686961.644,real_q8_tensor_220w_ngram,0,100,11459,211.10,65,1605,9251,3,16
1784686961.644,real_q8_tensor_220w_ngram,1,100,11459,205.45,68,1395,9251,3,16
1784686961.644,real_q8_tensor_220w_ngram,2,100,11459,203.83,73,1560,9251,3,16
1784686961.644,real_q8_tensor_220w_ngram,3,100,11459,214.37,70,1545,9251,3,16
1784686962.238,real_q8_tensor_220w_ngram,0,100,11459,201.77,65,1650,9251,3,16
1784686962.238,real_q8_tensor_220w_ngram,1,95,11459,200.39,68,1365,9251,3,16
1784686962.238,real_q8_tensor_220w_ngram,2,60,11459,197.77,73,1560,9251,3,16
1784686962.238,real_q8_tensor_220w_ngram,3,100,11459,207.86,69,1545,9251,3,16
1784686962.815,real_q8_tensor_220w_ngram,0,100,11459,201.16,63,1605,9251,3,16
1784686962.815,real_q8_tensor_220w_ngram,1,52,11459,200.79,67,1365,9251,3,16
1784686962.815,real_q8_tensor_220w_ngram,2,64,11459,198.14,73,1515,9251,3,16
1784686962.815,real_q8_tensor_220w_ngram,3,22,11459,205.24,69,1440,9251,3,16
1784686963.390,real_q8_tensor_220w_ngram,0,100,11459,210.72,65,1605,9251,3,16
1784686963.390,real_q8_tensor_220w_ngram,1,52,11459,206.15,68,1365,9251,3,16
1784686963.390,real_q8_tensor_220w_ngram,2,64,11459,203.93,73,1560,9251,3,16
1784686963.390,real_q8_tensor_220w_ngram,3,22,11459,213.67,70,1530,9251,3,16
1784686963.955,real_q8_tensor_220w_ngram,0,100,11459,211.55,65,1605,9251,3,16
1784686963.955,real_q8_tensor_220w_ngram,1,100,11459,205.70,68,1365,9251,3,16
1784686963.955,real_q8_tensor_220w_ngram,2,100,11459,204.17,73,1575,9251,3,16
1784686963.955,real_q8_tensor_220w_ngram,3,100,11459,214.70,70,1545,9251,3,16
1784686964.533,real_q8_tensor_220w_ngram,0,100,11459,208.48,64,1650,9251,3,16
1784686964.533,real_q8_tensor_220w_ngram,1,100,11459,201.96,68,1530,9251,3,16
1784686964.533,real_q8_tensor_220w_ngram,2,100,11459,198.81,73,1575,9251,3,16
1784686964.533,real_q8_tensor_220w_ngram,3,100,11459,214.89,70,1590,9251,3,16
1784686965.106,real_q8_tensor_220w_ngram,0,100,11459,205.00,65,1650,9251,3,16
1784686965.106,real_q8_tensor_220w_ngram,1,100,11459,201.46,68,1515,9251,3,16
1784686965.106,real_q8_tensor_220w_ngram,2,100,11459,199.28,73,1440,9251,3,16
1784686965.106,real_q8_tensor_220w_ngram,3,85,11459,210.08,70,1590,9251,3,16
1784686965.678,real_q8_tensor_220w_ngram,0,94,11459,210.33,64,1860,9251,3,16
1784686965.678,real_q8_tensor_220w_ngram,1,100,11459,208.26,68,1830,9251,3,16
1784686965.678,real_q8_tensor_220w_ngram,2,100,11459,205.81,73,1830,9251,3,16
1784686965.678,real_q8_tensor_220w_ngram,3,85,11459,211.26,69,1845,9251,3,16
1784686966.237,real_q8_tensor_220w_ngram,0,94,11459,212.14,65,1650,9251,3,16
1784686966.237,real_q8_tensor_220w_ngram,1,100,11459,208.49,68,1530,9251,3,16
1784686966.237,real_q8_tensor_220w_ngram,2,100,11459,206.08,73,1455,9251,3,16
1784686966.237,real_q8_tensor_220w_ngram,3,100,11459,214.91,70,1575,9251,3,16
1784686966.810,real_q8_tensor_220w_ngram,0,100,11459,206.69,65,1650,9251,3,16
1784686966.810,real_q8_tensor_220w_ngram,1,100,11459,210.62,68,1515,9251,3,16
1784686966.810,real_q8_tensor_220w_ngram,2,100,11459,208.33,73,1470,9251,3,16
1784686966.810,real_q8_tensor_220w_ngram,3,100,11459,212.04,70,1560,9251,3,16
1784686967.383,real_q8_tensor_220w_ngram,0,100,11459,204.86,65,1665,9251,3,16
1784686967.383,real_q8_tensor_220w_ngram,1,100,11459,202.96,68,1485,9251,3,16
1784686967.383,real_q8_tensor_220w_ngram,2,100,11459,200.66,73,1590,9251,3,16
1784686967.383,real_q8_tensor_220w_ngram,3,100,11459,209.72,69,1590,9251,3,16
1784686967.958,real_q8_tensor_220w_ngram,0,24,11459,203.08,64,1545,9251,3,16
1784686967.958,real_q8_tensor_220w_ngram,1,100,11459,203.38,67,1440,9251,3,16
1784686967.958,real_q8_tensor_220w_ngram,2,77,11459,201.82,71,1515,9251,3,16
1784686967.958,real_q8_tensor_220w_ngram,3,91,11459,206.33,70,1470,9251,3,16
1784686968.563,real_q8_tensor_220w_ngram,0,24,11459,212.85,65,1650,9251,3,16
1784686968.563,real_q8_tensor_220w_ngram,1,100,11459,211.20,68,1455,9251,3,16
1784686968.563,real_q8_tensor_220w_ngram,2,100,11459,210.04,73,1575,9251,3,16
1784686968.563,real_q8_tensor_220w_ngram,3,100,11459,215.07,70,1575,9251,3,16
1784686969.130,real_q8_tensor_220w_ngram,0,100,11459,211.55,65,1620,9251,3,16
1784686969.130,real_q8_tensor_220w_ngram,1,100,11459,211.84,69,1545,9251,3,16
1784686969.130,real_q8_tensor_220w_ngram,2,100,11459,210.30,74,1590,9251,3,16
1784686969.130,real_q8_tensor_220w_ngram,3,100,11459,214.13,70,1545,9251,3,16
1784686969.703,real_q8_tensor_220w_ngram,0,100,11459,202.10,64,1560,9251,3,16
1784686969.703,real_q8_tensor_220w_ngram,1,100,11459,209.68,68,1545,9251,3,16
1784686969.703,real_q8_tensor_220w_ngram,2,100,11459,207.28,73,1590,9251,3,16
1784686969.703,real_q8_tensor_220w_ngram,3,100,11459,207.42,69,1515,9251,3,16
1784686970.277,real_q8_tensor_220w_ngram,0,83,11459,201.31,64,1485,9251,3,16
1784686970.277,real_q8_tensor_220w_ngram,1,100,11459,207.63,68,1560,9251,3,16
1784686970.277,real_q8_tensor_220w_ngram,2,100,11459,205.47,73,1530,9251,3,16
1784686970.277,real_q8_tensor_220w_ngram,3,100,11459,204.82,69,1575,9251,3,16
1784686970.867,real_q8_tensor_220w_ngram,0,83,11459,201.54,64,1890,9251,3,16
1784686970.867,real_q8_tensor_220w_ngram,1,100,11459,208.86,68,1875,9251,3,16
1784686970.867,real_q8_tensor_220w_ngram,2,100,11459,199.41,73,1830,9251,3,16
1784686970.867,real_q8_tensor_220w_ngram,3,61,11459,204.59,68,1890,9251,3,16
1784686971.451,real_q8_tensor_220w_ngram,0,100,11459,202.56,65,1620,9251,3,16
1784686971.451,real_q8_tensor_220w_ngram,1,100,11459,205.04,68,1290,9251,3,16
1784686971.451,real_q8_tensor_220w_ngram,2,100,11459,202.70,73,1560,9251,3,16
1784686971.451,real_q8_tensor_220w_ngram,3,100,11459,204.82,69,1395,9251,3,16
1784686972.053,real_q8_tensor_220w_ngram,0,100,11459,205.90,65,1665,9251,3,16
1784686972.053,real_q8_tensor_220w_ngram,1,100,11459,209.07,69,1545,9251,3,16
1784686972.053,real_q8_tensor_220w_ngram,2,100,11459,207.58,74,1605,9251,3,16
1784686972.053,real_q8_tensor_220w_ngram,3,100,11459,206.43,70,1440,9251,3,16
1784686972.649,real_q8_tensor_220w_ngram,0,100,11459,197.47,64,1620,9251,3,16
1784686972.649,real_q8_tensor_220w_ngram,1,100,11459,203.92,68,1485,9251,3,16
1784686972.649,real_q8_tensor_220w_ngram,2,100,11459,202.49,73,1545,9251,3,16
1784686972.649,real_q8_tensor_220w_ngram,3,100,11459,202.98,69,1530,9251,3,16
1784686973.222,real_q8_tensor_220w_ngram,0,100,11459,200.84,63,1470,9251,3,16
1784686973.222,real_q8_tensor_220w_ngram,1,43,11459,202.03,68,1395,9251,3,16
1784686973.222,real_q8_tensor_220w_ngram,2,43,11459,199.95,73,1620,9251,3,16
1784686973.222,real_q8_tensor_220w_ngram,3,33,11459,204.03,68,1365,9251,3,16
1784686973.797,real_q8_tensor_220w_ngram,0,100,11459,206.55,65,1635,9251,3,16
1784686973.797,real_q8_tensor_220w_ngram,1,43,11459,206.30,68,1500,9251,3,16
1784686973.797,real_q8_tensor_220w_ngram,2,43,11459,205.43,73,1425,9251,3,16
1784686973.797,real_q8_tensor_220w_ngram,3,33,11459,209.99,69,1560,9251,3,16
1784686974.370,real_q8_tensor_220w_ngram,0,100,11459,202.58,64,1635,9251,3,16
1784686974.370,real_q8_tensor_220w_ngram,1,100,11459,206.32,68,1515,9251,3,16
1784686974.370,real_q8_tensor_220w_ngram,2,100,11459,206.70,73,1590,9251,3,16
1784686974.370,real_q8_tensor_220w_ngram,3,100,11459,205.44,69,1335,9251,3,16
1784686974.944,real_q8_tensor_220w_ngram,0,100,11459,195.63,65,1485,9251,3,16
1784686974.944,real_q8_tensor_220w_ngram,1,61,11459,198.76,68,1305,9251,3,16
1784686974.944,real_q8_tensor_220w_ngram,2,99,11459,197.68,73,1365,9251,3,16
1784686974.944,real_q8_tensor_220w_ngram,3,86,11459,201.81,69,1410,9251,3,16
1784686975.520,real_q8_tensor_220w_ngram,0,100,11459,197.49,63,1605,9251,3,16
1784686975.520,real_q8_tensor_220w_ngram,1,45,11459,200.33,68,1500,9251,3,16
1784686975.520,real_q8_tensor_220w_ngram,2,62,11459,198.18,73,1440,9251,3,16
1784686975.520,real_q8_tensor_220w_ngram,3,25,11459,201.12,68,1515,9251,3,16
1784686976.098,real_q8_tensor_220w_ngram,0,100,11459,206.24,65,1635,9251,3,16
1784686976.098,real_q8_tensor_220w_ngram,1,45,11459,206.59,69,1575,9251,3,16
1784686976.098,real_q8_tensor_220w_ngram,2,62,11459,204.99,74,1545,9251,3,16
1784686976.098,real_q8_tensor_220w_ngram,3,25,11459,209.21,70,1575,9251,3,16
1784686976.684,real_q8_tensor_220w_ngram,0,100,11459,202.65,65,1635,9251,3,16
1784686976.684,real_q8_tensor_220w_ngram,1,100,11459,204.65,68,1410,9251,3,16
1784686976.684,real_q8_tensor_220w_ngram,2,100,11459,203.87,73,1440,9251,3,16
1784686976.684,real_q8_tensor_220w_ngram,3,100,11459,206.43,69,1545,9251,3,16
1784686977.282,real_q8_tensor_220w_ngram,0,100,11459,198.93,65,1455,9251,3,16
1784686977.282,real_q8_tensor_220w_ngram,1,100,11459,206.93,68,1305,9251,3,16
1784686977.282,real_q8_tensor_220w_ngram,2,100,11459,205.55,73,1575,9251,3,16
1784686977.282,real_q8_tensor_220w_ngram,3,100,11459,204.54,69,1350,9251,3,16
1784686977.874,real_q8_tensor_220w_ngram,0,100,11459,198.97,65,1425,9251,3,16
1784686977.874,real_q8_tensor_220w_ngram,1,64,11459,201.39,68,1545,9251,3,16
1784686977.874,real_q8_tensor_220w_ngram,2,64,11459,199.21,73,1455,9251,3,16
1784686977.874,real_q8_tensor_220w_ngram,3,100,11459,203.51,69,1575,9251,3,16
1784686978.446,real_q8_tensor_220w_ngram,0,78,11459,203.15,65,1845,9251,3,16
1784686978.446,real_q8_tensor_220w_ngram,1,97,11459,205.96,68,1830,9251,3,16
1784686978.446,real_q8_tensor_220w_ngram,2,100,11459,205.63,72,1755,9251,3,16
1784686978.446,real_q8_tensor_220w_ngram,3,72,11459,205.29,69,1830,9251,3,16
1784686979.006,real_q8_tensor_220w_ngram,0,78,11459,205.85,65,1620,9251,3,16
1784686979.006,real_q8_tensor_220w_ngram,1,100,11459,205.06,68,1545,9251,3,16
1784686979.006,real_q8_tensor_220w_ngram,2,100,11459,204.29,73,1590,9251,3,16
1784686979.006,real_q8_tensor_220w_ngram,3,100,11459,209.16,70,1545,9251,3,16
1784686979.578,real_q8_tensor_220w_ngram,0,100,11459,202.47,65,1590,9251,3,16
1784686979.578,real_q8_tensor_220w_ngram,1,100,11459,209.54,68,1530,9251,3,16
1784686979.578,real_q8_tensor_220w_ngram,2,100,11459,208.83,73,1590,9251,3,16
1784686979.578,real_q8_tensor_220w_ngram,3,100,11459,209.56,70,1530,9251,3,16
1784686980.178,real_q8_tensor_220w_ngram,0,100,11459,197.67,64,1635,9251,3,16
1784686980.178,real_q8_tensor_220w_ngram,1,100,11459,202.99,68,1515,9251,3,16
1784686980.178,real_q8_tensor_220w_ngram,2,100,11459,201.50,72,1470,9251,3,16
1784686980.178,real_q8_tensor_220w_ngram,3,100,11459,204.31,69,1560,9251,3,16
1784686980.777,real_q8_tensor_220w_ngram,0,68,11459,199.18,63,1890,9251,3,16
1784686980.777,real_q8_tensor_220w_ngram,1,100,11459,209.02,67,1875,9251,3,16
1784686980.777,real_q8_tensor_220w_ngram,2,100,11459,208.13,72,1860,9251,3,16
1784686980.777,real_q8_tensor_220w_ngram,3,100,11459,202.46,67,1890,9251,3,16
1784686981.339,real_q8_tensor_220w_ngram,0,68,11459,203.40,64,1605,9251,3,16
1784686981.339,real_q8_tensor_220w_ngram,1,100,11459,208.51,68,1500,9251,3,16
1784686981.339,real_q8_tensor_220w_ngram,2,100,11459,207.60,73,1350,9251,3,16
1784686981.339,real_q8_tensor_220w_ngram,3,100,11459,206.90,69,1545,9251,3,16
1784686981.912,real_q8_tensor_220w_ngram,0,100,11459,202.43,64,1605,9251,3,16
1784686981.912,real_q8_tensor_220w_ngram,1,100,11459,207.38,68,1530,9251,3,16
1784686981.912,real_q8_tensor_220w_ngram,2,100,11459,207.04,73,1425,9251,3,16
1784686981.912,real_q8_tensor_220w_ngram,3,100,11459,205.44,69,1575,9251,3,16
1784686982.506,real_q8_tensor_220w_ngram,0,58,11459,198.21,64,1635,9251,3,16
1784686982.506,real_q8_tensor_220w_ngram,1,100,11459,199.94,68,1515,9251,3,16
1784686982.506,real_q8_tensor_220w_ngram,2,100,11459,198.86,73,1545,9251,3,16
1784686982.506,real_q8_tensor_220w_ngram,3,100,11459,203.09,69,1560,9251,3,16
1784686983.082,real_q8_tensor_220w_ngram,0,75,11459,201.04,63,1920,9251,3,16
1784686983.082,real_q8_tensor_220w_ngram,1,100,11459,199.19,67,1905,9251,3,16
1784686983.082,real_q8_tensor_220w_ngram,2,100,11459,197.86,72,1875,9251,3,16
1784686983.082,real_q8_tensor_220w_ngram,3,100,11459,203.97,68,1920,9251,3,16
1784686983.667,real_q8_tensor_220w_ngram,0,75,11459,204.35,64,1635,9251,3,16
1784686983.667,real_q8_tensor_220w_ngram,1,100,11459,205.79,68,1545,9251,3,16
1784686983.667,real_q8_tensor_220w_ngram,2,100,11459,205.82,73,1575,9251,3,16
1784686983.667,real_q8_tensor_220w_ngram,3,100,11459,207.10,69,1575,9251,3,16
1784686984.269,real_q8_tensor_220w_ngram,0,41,11459,195.00,62,1560,9251,3,16
1784686984.269,real_q8_tensor_220w_ngram,1,100,11459,201.28,69,1305,9251,3,16
1784686984.269,real_q8_tensor_220w_ngram,2,100,11459,205.82,74,1530,9251,3,16
1784686984.269,real_q8_tensor_220w_ngram,3,100,11459,206.40,69,1860,9251,3,16
1784686984.891,real_q8_tensor_220w_ngram,0,59,11459,195.85,64,1635,9251,3,16
1784686984.891,real_q8_tensor_220w_ngram,1,100,11459,202.82,68,1530,9251,3,16
1784686984.891,real_q8_tensor_220w_ngram,2,100,11459,201.53,73,1530,9251,3,16
1784686984.891,real_q8_tensor_220w_ngram,3,100,11459,201.53,69,1560,9251,3,16
1784686985.467,real_q8_tensor_220w_ngram,0,23,11459,194.90,64,1575,9251,3,16
1784686985.467,real_q8_tensor_220w_ngram,1,65,11459,200.16,66,1515,9251,3,16
1784686985.467,real_q8_tensor_220w_ngram,2,83,11459,198.58,71,1545,9251,3,16
1784686985.467,real_q8_tensor_220w_ngram,3,58,11459,202.63,69,1500,9251,3,16
1784686986.070,real_q8_tensor_220w_ngram,0,23,11459,203.23,64,1665,9251,3,16
1784686986.070,real_q8_tensor_220w_ngram,1,100,11459,207.33,68,1560,9251,3,16
1784686986.070,real_q8_tensor_220w_ngram,2,83,11459,206.49,73,1605,9251,3,16
1784686986.070,real_q8_tensor_220w_ngram,3,100,11459,206.82,69,1560,9251,3,16
1784686986.635,real_q8_tensor_220w_ngram,0,100,11459,204.38,65,1395,9251,3,16
1784686986.635,real_q8_tensor_220w_ngram,1,100,11459,208.13,68,1335,9251,3,16
1784686986.635,real_q8_tensor_220w_ngram,2,100,11459,207.49,73,1620,9251,3,16
1784686986.635,real_q8_tensor_220w_ngram,3,100,11459,207.57,69,1335,9251,3,16
1784686987.209,real_q8_tensor_220w_ngram,0,100,11459,195.41,64,1605,9251,3,16
1784686987.209,real_q8_tensor_220w_ngram,1,100,11459,201.06,68,1515,9251,3,16
1784686987.209,real_q8_tensor_220w_ngram,2,100,11459,199.38,73,1425,9251,3,16
1784686987.209,real_q8_tensor_220w_ngram,3,100,11459,200.47,69,1560,9251,3,16
1784686987.782,real_q8_tensor_220w_ngram,0,21,11459,192.77,64,1500,9251,3,16
1784686987.782,real_q8_tensor_220w_ngram,1,100,11459,199.99,66,1410,9251,3,16
1784686987.782,real_q8_tensor_220w_ngram,2,64,11459,197.98,71,1515,9251,3,16
1784686987.782,real_q8_tensor_220w_ngram,3,100,11459,198.10,69,1410,9251,3,16
1784686988.357,real_q8_tensor_220w_ngram,0,21,11459,204.23,65,1650,9251,3,16
1784686988.357,real_q8_tensor_220w_ngram,1,100,11459,206.73,68,1575,9251,3,16
1784686988.357,real_q8_tensor_220w_ngram,2,64,11459,207.55,73,1530,9251,3,16
1784686988.357,real_q8_tensor_220w_ngram,3,100,11459,206.91,69,1575,9251,3,16
1784686988.945,real_q8_tensor_220w_ngram,0,100,11459,203.69,64,1620,9251,3,16
1784686988.945,real_q8_tensor_220w_ngram,1,100,11459,207.19,68,1500,9251,3,16
1784686988.945,real_q8_tensor_220w_ngram,2,100,11459,207.10,74,1590,9251,3,16
1784686988.945,real_q8_tensor_220w_ngram,3,100,11459,206.10,69,1350,9251,3,16
1784686989.522,real_q8_tensor_220w_ngram,0,100,11459,196.56,64,1680,9251,3,16
1784686989.522,real_q8_tensor_220w_ngram,1,100,11459,200.24,68,1545,9251,3,16
1784686989.522,real_q8_tensor_220w_ngram,2,100,11459,198.62,73,1590,9251,3,16
1784686989.522,real_q8_tensor_220w_ngram,3,100,11459,206.24,69,1605,9251,3,16
1784686990.096,real_q8_tensor_220w_ngram,0,38,11459,197.11,62,1350,9251,3,16
1784686990.096,real_q8_tensor_220w_ngram,1,100,11459,201.05,66,1020,9251,3,16
1784686990.096,real_q8_tensor_220w_ngram,2,59,11459,198.67,72,1860,9251,3,16
1784686990.096,real_q8_tensor_220w_ngram,3,100,11459,200.22,68,1275,9251,3,16
1784686990.670,real_q8_tensor_220w_ngram,0,38,11459,203.34,65,1620,9251,3,16
1784686990.670,real_q8_tensor_220w_ngram,1,100,11459,205.56,68,1485,9251,3,16
1784686990.670,real_q8_tensor_220w_ngram,2,59,11459,204.81,73,1425,9251,3,16
1784686990.670,real_q8_tensor_220w_ngram,3,100,11459,207.55,69,1545,9251,3,16
1784686991.268,real_q8_tensor_220w_ngram,0,100,11459,202.97,65,1410,9251,3,16
1784686991.268,real_q8_tensor_220w_ngram,1,100,11459,204.41,68,1560,9251,3,16
1784686991.268,real_q8_tensor_220w_ngram,2,100,11459,203.95,73,1425,9251,3,16
1784686991.268,real_q8_tensor_220w_ngram,3,100,11459,207.59,69,1560,9251,3,16
1784686991.840,real_q8_tensor_220w_ngram,0,100,11459,197.29,64,1590,9251,3,16
1784686991.840,real_q8_tensor_220w_ngram,1,100,11459,199.00,68,1530,9251,3,16
1784686991.840,real_q8_tensor_220w_ngram,2,100,11459,198.32,73,1575,9251,3,16
1784686991.840,real_q8_tensor_220w_ngram,3,100,11459,202.71,69,1515,9251,3,16
1784686992.413,real_q8_tensor_220w_ngram,0,34,11459,196.44,65,1560,9251,3,16
1784686992.413,real_q8_tensor_220w_ngram,1,59,11459,196.42,68,1305,9251,3,16
1784686992.413,real_q8_tensor_220w_ngram,2,23,11459,195.26,71,1260,9251,3,16
1784686992.413,real_q8_tensor_220w_ngram,3,57,11459,202.93,69,1410,9251,3,16
1784686993.035,real_q8_tensor_220w_ngram,0,100,11459,204.60,64,1650,9251,3,16
1784686993.035,real_q8_tensor_220w_ngram,1,100,11459,207.23,68,1560,9251,3,16
1784686993.035,real_q8_tensor_220w_ngram,2,100,11459,206.21,73,1560,9251,3,16
1784686993.035,real_q8_tensor_220w_ngram,3,100,11459,207.12,69,1560,9251,3,16
1784686993.629,real_q8_tensor_220w_ngram,0,100,11459,203.71,64,1605,9251,3,16
1784686993.629,real_q8_tensor_220w_ngram,1,100,11459,207.86,68,1365,9251,3,16
1784686993.629,real_q8_tensor_220w_ngram,2,100,11459,206.48,73,1545,9251,3,16
1784686993.629,real_q8_tensor_220w_ngram,3,100,11459,207.35,69,1530,9251,3,16
1784686994.206,real_q8_tensor_220w_ngram,0,100,11459,196.99,64,1635,9251,3,16
1784686994.206,real_q8_tensor_220w_ngram,1,100,11459,202.48,68,1320,9251,3,16
1784686994.206,real_q8_tensor_220w_ngram,2,100,11459,200.43,73,1620,9251,3,16
1784686994.206,real_q8_tensor_220w_ngram,3,100,11459,201.45,69,1305,9251,3,16
1784686994.780,real_q8_tensor_220w_ngram,0,27,11459,195.73,62,1575,9251,3,16
1784686994.780,real_q8_tensor_220w_ngram,1,100,11459,202.15,66,1305,9251,3,16
1784686994.780,real_q8_tensor_220w_ngram,2,63,11459,200.08,73,1485,9251,3,16
1784686994.780,real_q8_tensor_220w_ngram,3,100,11459,198.68,68,1455,9251,3,16
1784686995.380,real_q8_tensor_220w_ngram,0,27,11459,205.30,64,1365,9251,3,16
1784686995.380,real_q8_tensor_220w_ngram,1,100,11459,206.74,68,1260,9251,3,16
1784686995.380,real_q8_tensor_220w_ngram,2,63,11459,205.51,73,1335,9251,3,16
1784686995.380,real_q8_tensor_220w_ngram,3,100,11459,206.96,69,1335,9251,3,16
1784686995.950,real_q8_tensor_220w_ngram,0,100,11459,208.61,64,1650,9251,3,16
1784686995.950,real_q8_tensor_220w_ngram,1,100,11459,208.43,68,1485,9251,3,16
1784686995.950,real_q8_tensor_220w_ngram,2,100,11459,209.00,73,1470,9251,3,16
1784686995.950,real_q8_tensor_220w_ngram,3,100,11459,211.12,70,1545,9251,3,16
1784686996.520,real_q8_tensor_220w_ngram,0,100,11459,190.78,64,1605,9251,3,16
1784686996.520,real_q8_tensor_220w_ngram,1,100,11459,196.32,68,1485,9251,3,16
1784686996.520,real_q8_tensor_220w_ngram,2,100,11459,194.17,73,1530,9251,3,16
1784686996.520,real_q8_tensor_220w_ngram,3,100,11459,199.05,69,1530,9251,3,16
1784686997.117,real_q8_tensor_220w_ngram,0,39,11459,184.76,62,1920,9251,3,16
1784686997.117,real_q8_tensor_220w_ngram,1,100,11459,190.12,67,1890,9251,3,16
1784686997.117,real_q8_tensor_220w_ngram,2,21,11459,186.16,72,1890,9251,3,16
1784686997.117,real_q8_tensor_220w_ngram,3,100,11459,193.41,67,1905,9251,3,16
1784686997.705,real_q8_tensor_220w_ngram,0,39,11459,171.54,62,1920,9251,3,16
1784686997.705,real_q8_tensor_220w_ngram,1,39,11459,183.01,66,1875,9251,3,16
1784686997.705,real_q8_tensor_220w_ngram,2,21,11459,177.38,71,1890,9251,3,16
1784686997.705,real_q8_tensor_220w_ngram,3,35,11459,181.84,68,1920,9251,3,16
1784686998.291,real_q8_tensor_220w_ngram,0,49,11459,163.75,63,1920,9251,3,16
1784686998.291,real_q8_tensor_220w_ngram,1,39,11459,173.13,67,1875,9251,3,16
1784686998.291,real_q8_tensor_220w_ngram,2,18,11459,166.98,72,1875,9251,3,16
1784686998.291,real_q8_tensor_220w_ngram,3,35,11459,178.73,67,1920,9251,3,16
1784686998.866,real_q8_tensor_220w_ngram,0,49,11459,161.03,63,1905,9251,3,16
1784686998.866,real_q8_tensor_220w_ngram,1,48,11459,169.15,66,1800,9251,3,16
1784686998.866,real_q8_tensor_220w_ngram,2,18,11459,166.31,71,1890,9251,3,16
1784686998.866,real_q8_tensor_220w_ngram,3,26,11459,174.64,67,1860,9251,3,16
1784686999.466,real_q8_tensor_220w_ngram,0,35,11459,161.59,62,1905,9251,3,16
1784686999.466,real_q8_tensor_220w_ngram,1,36,11459,170.68,66,1845,9251,3,16
1784686999.466,real_q8_tensor_220w_ngram,2,22,11459,161.96,70,1755,9251,3,16
1784686999.466,real_q8_tensor_220w_ngram,3,38,11459,164.92,66,1710,9251,3,16
1784687000.040,real_q8_tensor_220w_ngram,0,35,11459,158.01,62,1920,9251,3,16
1784687000.040,real_q8_tensor_220w_ngram,1,34,11459,175.21,66,1890,9251,3,16
1784687000.040,real_q8_tensor_220w_ngram,2,22,11459,147.24,69,1710,9251,3,16
1784687000.040,real_q8_tensor_220w_ngram,3,32,11459,146.01,65,1710,9251,3,16
1784687000.605,real_q8_tensor_220w_ngram,0,25,11459,169.35,62,1920,9251,3,16
1784687000.605,real_q8_tensor_220w_ngram,1,34,11459,182.29,66,1890,9251,3,16
1784687000.605,real_q8_tensor_220w_ngram,2,27,11459,151.74,70,1890,9251,3,16
1784687000.605,real_q8_tensor_220w_ngram,3,32,11459,159.50,66,1920,9251,3,16
1784687001.195,real_q8_tensor_220w_ngram,0,25,11459,174.32,63,1905,9251,3,16
1784687001.195,real_q8_tensor_220w_ngram,1,42,11459,183.66,65,1875,9251,3,16
1784687001.195,real_q8_tensor_220w_ngram,2,27,11459,169.92,70,1830,9251,3,16
1784687001.195,real_q8_tensor_220w_ngram,3,41,11459,178.18,67,1890,9251,3,16
1784687001.761,real_q8_tensor_220w_ngram,0,34,11459,165.82,62,1905,9251,3,16
1784687001.761,real_q8_tensor_220w_ngram,1,42,11459,175.94,66,1860,9251,3,16
1784687001.761,real_q8_tensor_220w_ngram,2,20,11459,166.99,70,1860,9251,3,16
1784687001.761,real_q8_tensor_220w_ngram,3,41,11459,180.01,67,1875,9251,3,16
1784687002.324,real_q8_tensor_220w_ngram,0,34,11459,162.29,62,1920,9251,3,16
1784687002.324,real_q8_tensor_220w_ngram,1,36,11459,176.68,65,1845,9251,3,16
1784687002.324,real_q8_tensor_220w_ngram,2,20,11459,166.92,70,1875,9251,3,16
1784687002.324,real_q8_tensor_220w_ngram,3,24,11459,177.77,67,1770,9251,3,16
1784687002.916,real_q8_tensor_220w_ngram,0,25,11459,157.69,62,1875,9251,3,16
1784687002.916,real_q8_tensor_220w_ngram,1,28,11459,174.08,65,1755,9251,3,16
1784687002.916,real_q8_tensor_220w_ngram,2,38,11459,163.56,70,1785,9251,3,16
1784687002.916,real_q8_tensor_220w_ngram,3,34,11459,157.07,65,1710,9251,3,16
1784687003.534,real_q8_tensor_220w_ngram,0,35,11459,159.13,62,1920,9251,3,16
1784687003.534,real_q8_tensor_220w_ngram,1,48,11459,170.41,65,1740,9251,3,16
1784687003.534,real_q8_tensor_220w_ngram,2,35,11459,158.94,69,1710,9251,3,16
1784687003.534,real_q8_tensor_220w_ngram,3,32,11459,145.26,65,1710,9251,3,16
1784687004.133,real_q8_tensor_220w_ngram,0,54,11459,163.07,62,1920,9251,3,16
1784687004.133,real_q8_tensor_220w_ngram,1,48,11459,171.87,66,1800,9251,3,16
1784687004.133,real_q8_tensor_220w_ngram,2,48,11459,146.80,69,1755,9251,3,16
1784687004.133,real_q8_tensor_220w_ngram,3,32,11459,146.83,65,1710,9251,3,16
1784687004.712,real_q8_tensor_220w_ngram,0,54,11459,168.82,62,1830,9251,3,16
1784687004.712,real_q8_tensor_220w_ngram,1,24,11459,180.17,66,1770,9251,3,16
1784687004.712,real_q8_tensor_220w_ngram,2,48,11459,152.46,70,1725,9251,3,16
1784687004.712,real_q8_tensor_220w_ngram,3,49,11459,151.56,65,1710,9251,3,16
1784687005.298,real_q8_tensor_220w_ngram,0,29,11459,161.62,61,1770,9251,3,16
1784687005.298,real_q8_tensor_220w_ngram,1,24,11459,175.30,65,1665,9251,3,16
1784687005.298,real_q8_tensor_220w_ngram,2,32,11459,164.24,70,1710,9251,3,16
1784687005.298,real_q8_tensor_220w_ngram,3,49,11459,145.20,64,1695,9251,3,16
1784687005.866,real_q8_tensor_220w_ngram,0,29,11459,157.77,62,1920,9251,3,16
1784687005.866,real_q8_tensor_220w_ngram,1,38,11459,175.28,65,1875,9251,3,16
1784687005.866,real_q8_tensor_220w_ngram,2,32,11459,167.26,70,1890,9251,3,16
1784687005.866,real_q8_tensor_220w_ngram,3,47,11459,154.60,66,1905,9251,3,16
1784687006.452,real_q8_tensor_220w_ngram,0,39,11459,167.10,62,1830,9251,3,16
1784687006.452,real_q8_tensor_220w_ngram,1,32,11459,176.35,66,1770,9251,3,16
1784687006.452,real_q8_tensor_220w_ngram,2,24,11459,168.89,70,1710,9251,3,16
1784687006.452,real_q8_tensor_220w_ngram,3,37,11459,176.38,66,1770,9251,3,16
1784687007.022,real_q8_tensor_220w_ngram,0,39,11459,164.52,62,1920,9251,3,16
1784687007.022,real_q8_tensor_220w_ngram,1,39,11459,180.19,65,1650,9251,3,16
1784687007.022,real_q8_tensor_220w_ngram,2,24,11459,171.88,70,1845,9251,3,16
1784687007.022,real_q8_tensor_220w_ngram,3,13,11459,170.07,66,1665,9251,3,16
1784687007.635,real_q8_tensor_220w_ngram,0,73,11459,172.85,62,1845,9251,3,16
1784687007.635,real_q8_tensor_220w_ngram,1,39,11459,178.57,66,1770,9251,3,16
1784687007.635,real_q8_tensor_220w_ngram,2,67,11459,176.35,71,1695,9251,3,16
1784687007.635,real_q8_tensor_220w_ngram,3,13,11459,174.86,67,1800,9251,3,16
1784687008.201,real_q8_tensor_220w_ngram,0,73,11459,168.26,61,1920,9251,3,16
1784687008.201,real_q8_tensor_220w_ngram,1,31,11459,174.11,65,1830,9251,3,16
1784687008.201,real_q8_tensor_220w_ngram,2,67,11459,170.84,70,1890,9251,3,16
1784687008.201,real_q8_tensor_220w_ngram,3,21,11459,175.97,66,1890,9251,3,16
1784687008.769,real_q8_tensor_220w_ngram,0,33,11459,163.69,61,1815,9251,3,16
1784687008.769,real_q8_tensor_220w_ngram,1,31,11459,180.93,65,1755,9251,3,16
1784687008.769,real_q8_tensor_220w_ngram,2,38,11459,173.88,69,1755,9251,3,16
1784687008.769,real_q8_tensor_220w_ngram,3,21,11459,178.46,67,1755,9251,3,16
1784687009.359,real_q8_tensor_220w_ngram,0,33,11459,170.46,62,1905,9251,3,16
1784687009.359,real_q8_tensor_220w_ngram,1,80,11459,176.75,66,1875,9251,3,16
1784687009.359,real_q8_tensor_220w_ngram,2,38,11459,170.67,71,1875,9251,3,16
1784687009.359,real_q8_tensor_220w_ngram,3,63,11459,183.49,66,1905,9251,3,16
1784687009.955,real_q8_tensor_220w_ngram,0,46,11459,164.77,61,1920,9251,3,16
1784687009.955,real_q8_tensor_220w_ngram,1,56,11459,177.91,65,1875,9251,3,16
1784687009.955,real_q8_tensor_220w_ngram,2,56,11459,172.44,70,1890,9251,3,16
1784687009.955,real_q8_tensor_220w_ngram,3,33,11459,180.03,66,1920,9251,3,16
1784687010.567,real_q8_tensor_220w_ngram,0,46,11459,162.26,61,1875,9251,3,16
1784687010.567,real_q8_tensor_220w_ngram,1,37,11459,176.73,66,1905,9251,3,16
1784687010.567,real_q8_tensor_220w_ngram,2,56,11459,170.43,69,1890,9251,3,16
1784687010.567,real_q8_tensor_220w_ngram,3,34,11459,173.98,66,1830,9251,3,16
1784687011.138,real_q8_tensor_220w_ngram,0,90,11459,172.77,62,1755,9251,3,16
1784687011.138,real_q8_tensor_220w_ngram,1,37,11459,184.06,66,1695,9251,3,16
1784687011.138,real_q8_tensor_220w_ngram,2,89,11459,176.56,71,1740,9251,3,16
1784687011.138,real_q8_tensor_220w_ngram,3,34,11459,177.12,66,1665,9251,3,16
1784687011.705,real_q8_tensor_220w_ngram,0,90,11459,175.52,61,1815,9251,3,16
1784687011.705,real_q8_tensor_220w_ngram,1,25,11459,186.09,66,1740,9251,3,16
1784687011.705,real_q8_tensor_220w_ngram,2,89,11459,177.30,70,1740,9251,3,16
1784687011.705,real_q8_tensor_220w_ngram,3,37,11459,179.28,65,1740,9251,3,16
1784687012.297,real_q8_tensor_220w_ngram,0,0,11459,157.49,60,1920,9251,3,16
1784687012.297,real_q8_tensor_220w_ngram,1,25,11459,175.71,64,1905,9251,3,16
1784687012.297,real_q8_tensor_220w_ngram,2,0,11459,166.22,68,1890,9251,3,16
1784687012.297,real_q8_tensor_220w_ngram,3,37,11459,170.69,65,1920,9251,3,16
1784687012.883,real_q8_tensor_220w_ngram,0,0,11459,143.43,62,1875,9251,3,16
1784687012.883,real_q8_tensor_220w_ngram,1,100,11459,166.38,66,1800,9251,3,16
1784687012.883,real_q8_tensor_220w_ngram,2,0,11459,156.73,71,1845,9251,3,16
1784687012.883,real_q8_tensor_220w_ngram,3,100,11459,161.74,67,1815,9251,3,16
1784687013.484,real_q8_tensor_220w_ngram,0,90,11459,181.00,62,1875,9251,3,16
1784687013.484,real_q8_tensor_220w_ngram,1,100,11459,195.49,67,1815,9251,3,16
1784687013.484,real_q8_tensor_220w_ngram,2,78,11459,189.53,71,1830,9251,3,16
1784687013.484,real_q8_tensor_220w_ngram,3,89,11459,198.84,67,1830,9251,3,16
1784687014.086,real_q8_tensor_220w_ngram,0,90,11459,213.70,63,1860,9251,3,16
1784687014.086,real_q8_tensor_220w_ngram,1,100,11459,216.93,67,1800,9251,3,16
1784687014.086,real_q8_tensor_220w_ngram,2,78,11459,214.74,72,1830,9251,3,16
1784687014.086,real_q8_tensor_220w_ngram,3,100,11459,216.65,68,1815,9251,3,16
1784687014.688,real_q8_tensor_220w_ngram,0,80,11459,214.13,63,1875,9251,3,16
1784687014.688,real_q8_tensor_220w_ngram,1,100,11459,216.88,67,1815,9251,3,16
1784687014.688,real_q8_tensor_220w_ngram,2,100,11459,214.96,72,1830,9251,3,16
1784687014.688,real_q8_tensor_220w_ngram,3,100,11459,216.79,68,1815,9251,3,16
1784687015.263,real_q8_tensor_220w_ngram,0,80,11459,214.11,63,1875,9251,3,16
1784687015.263,real_q8_tensor_220w_ngram,1,100,11459,217.18,68,1815,9251,3,16
1784687015.263,real_q8_tensor_220w_ngram,2,100,11459,215.00,72,1830,9251,3,16
1784687015.263,real_q8_tensor_220w_ngram,3,100,11459,216.59,68,1830,9251,3,16
1784687015.830,real_q8_tensor_220w_ngram,0,100,11459,214.82,64,1860,9251,3,16
1784687015.830,real_q8_tensor_220w_ngram,1,100,11459,217.72,68,1800,9251,3,16
1784687015.830,real_q8_tensor_220w_ngram,2,100,11459,214.97,72,1830,9251,3,16
1784687015.830,real_q8_tensor_220w_ngram,3,100,11459,216.59,68,1800,9251,3,16
1784687016.407,real_q8_tensor_220w_ngram,0,100,11459,214.75,64,1875,9251,3,16
1784687016.407,real_q8_tensor_220w_ngram,1,91,11459,219.49,67,1815,9251,3,16
1784687016.407,real_q8_tensor_220w_ngram,2,100,11459,216.36,72,1845,9251,3,16
1784687016.407,real_q8_tensor_220w_ngram,3,80,11459,216.79,68,1800,9251,3,16
1784687017.014,real_q8_tensor_220w_ngram,0,100,11459,214.65,64,1860,9251,3,16
1784687017.014,real_q8_tensor_220w_ngram,1,91,11459,217.99,68,1785,9251,3,16
1784687017.014,real_q8_tensor_220w_ngram,2,100,11459,215.16,72,1815,9251,3,16
1784687017.014,real_q8_tensor_220w_ngram,3,80,11459,216.80,68,1800,9251,3,16
1784687017.590,real_q8_tensor_220w_ngram,0,100,11459,214.20,64,1860,9251,3,16
1784687017.590,real_q8_tensor_220w_ngram,1,81,11459,218.58,67,1785,9251,3,16
1784687017.590,real_q8_tensor_220w_ngram,2,100,11459,215.10,72,1815,9251,3,16
1784687017.590,real_q8_tensor_220w_ngram,3,80,11459,216.45,68,1800,9251,3,16
1784687018.166,real_q8_tensor_220w_ngram,0,100,11459,214.35,64,1860,9251,3,16
1784687018.166,real_q8_tensor_220w_ngram,1,81,11459,218.56,68,1800,9251,3,16
1784687018.166,real_q8_tensor_220w_ngram,2,100,11459,215.30,73,1815,9251,3,16
1784687018.166,real_q8_tensor_220w_ngram,3,80,11459,217.26,69,1815,9251,3,16
1784687018.741,real_q8_tensor_220w_ngram,0,100,11459,213.73,64,1860,9251,3,16
1784687018.741,real_q8_tensor_220w_ngram,1,100,11459,218.27,68,1785,9251,3,16
1784687018.741,real_q8_tensor_220w_ngram,2,100,11459,215.04,72,1815,9251,3,16
1784687018.741,real_q8_tensor_220w_ngram,3,90,11459,217.51,69,1800,9251,3,16
1784687019.356,real_q8_tensor_220w_ngram,0,100,11459,213.71,64,1860,9251,3,16
1784687019.356,real_q8_tensor_220w_ngram,1,100,11459,219.65,68,1800,9251,3,16
1784687019.356,real_q8_tensor_220w_ngram,2,96,11459,216.50,72,1815,9251,3,16
1784687019.356,real_q8_tensor_220w_ngram,3,90,11459,216.40,69,1800,9251,3,16
1784687019.939,real_q8_tensor_220w_ngram,0,90,11459,213.24,64,1860,9251,3,16
1784687019.939,real_q8_tensor_220w_ngram,1,100,11459,218.17,68,1800,9251,3,16
1784687019.939,real_q8_tensor_220w_ngram,2,90,11459,214.31,72,1815,9251,3,16
1784687019.939,real_q8_tensor_220w_ngram,3,100,11459,216.38,69,1800,9251,3,16
1784687020.516,real_q8_tensor_220w_ngram,0,93,11459,215.47,64,1890,9251,3,16
1784687020.516,real_q8_tensor_220w_ngram,1,100,11459,218.17,68,1845,9251,3,16
1784687020.516,real_q8_tensor_220w_ngram,2,100,11459,214.65,73,1860,9251,3,16
1784687020.516,real_q8_tensor_220w_ngram,3,100,11459,217.94,69,1845,9251,3,16
1784687021.107,real_q8_tensor_220w_ngram,0,93,11459,213.79,64,1860,9251,3,16
1784687021.107,real_q8_tensor_220w_ngram,1,100,11459,218.03,68,1800,9251,3,16
1784687021.107,real_q8_tensor_220w_ngram,2,100,11459,214.65,73,1815,9251,3,16
1784687021.107,real_q8_tensor_220w_ngram,3,100,11459,217.75,69,1800,9251,3,16
1784687021.707,real_q8_tensor_220w_ngram,0,78,11459,214.04,64,1860,9251,3,16
1784687021.707,real_q8_tensor_220w_ngram,1,100,11459,217.35,67,1770,9251,3,16
1784687021.707,real_q8_tensor_220w_ngram,2,79,11459,214.81,72,1815,9251,3,16
1784687021.707,real_q8_tensor_220w_ngram,3,100,11459,217.95,69,1785,9251,3,16
1784687022.310,real_q8_tensor_220w_ngram,0,78,11459,213.60,64,1860,9251,3,16
1784687022.310,real_q8_tensor_220w_ngram,1,100,11459,217.54,68,1785,9251,3,16
1784687022.310,real_q8_tensor_220w_ngram,2,79,11459,215.05,73,1815,9251,3,16
1784687022.310,real_q8_tensor_220w_ngram,3,100,11459,218.20,69,1800,9251,3,16
1784687022.900,real_q8_tensor_220w_ngram,0,88,11459,214.67,63,1860,9251,3,16
1784687022.900,real_q8_tensor_220w_ngram,1,100,11459,218.03,68,1770,9251,3,16
1784687022.900,real_q8_tensor_220w_ngram,2,78,11459,215.39,73,1815,9251,3,16
1784687022.900,real_q8_tensor_220w_ngram,3,100,11459,217.35,68,1785,9251,3,16
1784687023.480,real_q8_tensor_220w_ngram,0,89,11459,214.48,64,1860,9251,3,16
1784687023.480,real_q8_tensor_220w_ngram,1,100,11459,217.99,68,1785,9251,3,16
1784687023.480,real_q8_tensor_220w_ngram,2,100,11459,215.31,73,1815,9251,3,16
1784687023.480,real_q8_tensor_220w_ngram,3,100,11459,217.99,69,1800,9251,3,16
1784687024.083,real_q8_tensor_220w_ngram,0,76,11459,213.94,64,1875,9251,3,16
1784687024.083,real_q8_tensor_220w_ngram,1,92,11459,217.55,68,1785,9251,3,16
1784687024.083,real_q8_tensor_220w_ngram,2,89,11459,215.78,73,1815,9251,3,16
1784687024.083,real_q8_tensor_220w_ngram,3,88,11459,218.06,69,1800,9251,3,16
1784687024.685,real_q8_tensor_220w_ngram,0,76,11459,213.70,64,1860,9251,3,16
1784687024.685,real_q8_tensor_220w_ngram,1,100,11459,217.47,68,1785,9251,3,16
1784687024.685,real_q8_tensor_220w_ngram,2,89,11459,215.66,73,1815,9251,3,16
1784687024.685,real_q8_tensor_220w_ngram,3,100,11459,217.94,69,1800,9251,3,16
1784687025.277,real_q8_tensor_220w_ngram,0,77,11459,214.10,64,1860,9251,3,16
1784687025.277,real_q8_tensor_220w_ngram,1,100,11459,217.66,68,1785,9251,3,16
1784687025.277,real_q8_tensor_220w_ngram,2,100,11459,215.58,73,1815,9251,3,16
1784687025.277,real_q8_tensor_220w_ngram,3,100,11459,217.97,69,1785,9251,3,16
1784687025.893,real_q8_tensor_220w_ngram,0,96,11459,215.95,64,1890,9251,3,16
1784687025.893,real_q8_tensor_220w_ngram,1,100,11459,219.98,68,1845,9251,3,16
1784687025.893,real_q8_tensor_220w_ngram,2,100,11459,218.09,73,1860,9251,3,16
1784687025.893,real_q8_tensor_220w_ngram,3,79,11459,217.66,69,1890,9251,3,16
1784687026.511,real_q8_tensor_220w_ngram,0,100,11459,214.37,64,1860,9251,3,16
1784687026.511,real_q8_tensor_220w_ngram,1,100,11459,217.79,68,1785,9251,3,16
1784687026.511,real_q8_tensor_220w_ngram,2,100,11459,215.43,73,1815,9251,3,16
1784687026.511,real_q8_tensor_220w_ngram,3,79,11459,218.06,69,1785,9251,3,16
1784687027.104,real_q8_tensor_220w_ngram,0,100,11459,214.75,64,1890,9251,3,16
1784687027.104,real_q8_tensor_220w_ngram,1,100,11459,219.31,67,1845,9251,3,16
1784687027.104,real_q8_tensor_220w_ngram,2,100,11459,216.57,72,1815,9251,3,16
1784687027.104,real_q8_tensor_220w_ngram,3,100,11459,219.88,69,1860,9251,3,16
1784687027.680,real_q8_tensor_220w_ngram,0,100,11459,213.49,64,1845,9251,3,16
1784687027.680,real_q8_tensor_220w_ngram,1,100,11459,217.40,68,1770,9251,3,16
1784687027.680,real_q8_tensor_220w_ngram,2,100,11459,214.30,73,1800,9251,3,16
1784687027.680,real_q8_tensor_220w_ngram,3,100,11459,217.84,69,1785,9251,3,16
1784687028.273,real_q8_tensor_220w_ngram,0,100,11459,215.64,64,1890,9251,3,16
1784687028.273,real_q8_tensor_220w_ngram,1,83,11459,218.10,68,1845,9251,3,16
1784687028.273,real_q8_tensor_220w_ngram,2,100,11459,214.87,73,1845,9251,3,16
1784687028.273,real_q8_tensor_220w_ngram,3,100,11459,219.99,69,1860,9251,3,16
1784687028.864,real_q8_tensor_220w_ngram,0,100,11459,213.02,64,1845,9251,3,16
1784687028.864,real_q8_tensor_220w_ngram,1,83,11459,218.16,68,1755,9251,3,16
1784687028.864,real_q8_tensor_220w_ngram,2,100,11459,214.62,73,1815,9251,3,16
1784687028.864,real_q8_tensor_220w_ngram,3,100,11459,217.76,69,1785,9251,3,16
1784687029.458,real_q8_tensor_220w_ngram,0,100,11459,215.56,65,1845,9251,3,16
1784687029.458,real_q8_tensor_220w_ngram,1,100,11459,219.06,68,1860,9251,3,16
1784687029.458,real_q8_tensor_220w_ngram,2,99,11459,216.10,73,1800,9251,3,16
1784687029.458,real_q8_tensor_220w_ngram,3,100,11459,218.86,69,1770,9251,3,16
1784687030.028,real_q8_tensor_220w_ngram,0,100,11459,213.18,64,1845,9251,3,16
1784687030.028,real_q8_tensor_220w_ngram,1,100,11459,217.07,68,1770,9251,3,16
1784687030.028,real_q8_tensor_220w_ngram,2,100,11459,214.72,73,1800,9251,3,16
1784687030.028,real_q8_tensor_220w_ngram,3,100,11459,216.97,69,1770,9251,3,16
1784687030.604,real_q8_tensor_220w_ngram,0,100,11459,213.09,64,1845,9251,3,16
1784687030.604,real_q8_tensor_220w_ngram,1,100,11459,219.57,68,1770,9251,3,16
1784687030.604,real_q8_tensor_220w_ngram,2,100,11459,217.27,73,1800,9251,3,16
1784687030.604,real_q8_tensor_220w_ngram,3,100,11459,218.37,69,1785,9251,3,16
1784687031.179,real_q8_tensor_220w_ngram,0,76,11459,213.48,64,1845,9251,3,16
1784687031.179,real_q8_tensor_220w_ngram,1,100,11459,217.17,68,1755,9251,3,16
1784687031.179,real_q8_tensor_220w_ngram,2,100,11459,213.88,73,1815,9251,3,16
1784687031.179,real_q8_tensor_220w_ngram,3,100,11459,217.22,69,1770,9251,3,16
1784687031.779,real_q8_tensor_220w_ngram,0,76,11459,213.09,65,1845,9251,3,16
1784687031.779,real_q8_tensor_220w_ngram,1,100,11459,219.33,68,1770,9251,3,16
1784687031.779,real_q8_tensor_220w_ngram,2,100,11459,216.44,73,1800,9251,3,16
1784687031.779,real_q8_tensor_220w_ngram,3,100,11459,217.52,69,1785,9251,3,16
1784687032.353,real_q8_tensor_220w_ngram,0,76,11459,213.36,64,1860,9251,3,16
1784687032.353,real_q8_tensor_220w_ngram,1,100,11459,216.33,68,1785,9251,3,16
1784687032.353,real_q8_tensor_220w_ngram,2,75,11459,213.60,73,1785,9251,3,16
1784687032.353,real_q8_tensor_220w_ngram,3,100,11459,217.79,69,1785,9251,3,16
1784687032.929,real_q8_tensor_220w_ngram,0,100,11459,212.63,64,1845,9251,3,16
1784687032.929,real_q8_tensor_220w_ngram,1,100,11459,217.29,68,1755,9251,3,16
1784687032.929,real_q8_tensor_220w_ngram,2,100,11459,213.84,73,1785,9251,3,16
1784687032.929,real_q8_tensor_220w_ngram,3,100,11459,218.05,69,1770,9251,3,16
1784687033.506,real_q8_tensor_220w_ngram,0,100,11459,214.90,65,1905,9251,3,16
1784687033.506,real_q8_tensor_220w_ngram,1,100,11459,216.35,68,1860,9251,3,16
1784687033.506,real_q8_tensor_220w_ngram,2,78,11459,213.68,72,1860,9251,3,16
1784687033.506,real_q8_tensor_220w_ngram,3,100,11459,217.60,69,1875,9251,3,16
1784687034.082,real_q8_tensor_220w_ngram,0,100,11459,212.96,65,1860,9251,3,16
1784687034.082,real_q8_tensor_220w_ngram,1,100,11459,216.76,68,1755,9251,3,16
1784687034.082,real_q8_tensor_220w_ngram,2,78,11459,213.81,73,1785,9251,3,16
1784687034.082,real_q8_tensor_220w_ngram,3,100,11459,216.75,69,1785,9251,3,16
1784687034.697,real_q8_tensor_220w_ngram,0,74,11459,212.11,65,1920,9251,3,16
1784687034.697,real_q8_tensor_220w_ngram,1,100,11459,217.54,68,1815,9251,3,16
1784687034.697,real_q8_tensor_220w_ngram,2,94,11459,215.18,73,1875,9251,3,16
1784687034.697,real_q8_tensor_220w_ngram,3,100,11459,216.24,69,1875,9251,3,16
1784687035.297,real_q8_tensor_220w_ngram,0,74,11459,212.52,64,1845,9251,3,16
1784687035.297,real_q8_tensor_220w_ngram,1,100,11459,216.84,68,1740,9251,3,16
1784687035.297,real_q8_tensor_220w_ngram,2,94,11459,213.93,73,1785,9251,3,16
1784687035.297,real_q8_tensor_220w_ngram,3,100,11459,216.65,69,1770,9251,3,16
1784687035.894,real_q8_tensor_220w_ngram,0,100,11459,212.52,65,1845,9251,3,16
1784687035.894,real_q8_tensor_220w_ngram,1,100,11459,218.30,69,1800,9251,3,16
1784687035.894,real_q8_tensor_220w_ngram,2,100,11459,215.98,73,1815,9251,3,16
1784687035.894,real_q8_tensor_220w_ngram,3,100,11459,215.56,70,1800,9251,3,16
1784687036.482,real_q8_tensor_220w_ngram,0,93,11459,212.43,65,1830,9251,3,16
1784687036.482,real_q8_tensor_220w_ngram,1,100,11459,216.93,68,1785,9251,3,16
1784687036.482,real_q8_tensor_220w_ngram,2,87,11459,213.89,73,1785,9251,3,16
1784687036.482,real_q8_tensor_220w_ngram,3,100,11459,217.89,70,1785,9251,3,16
1784687037.117,real_q8_tensor_220w_ngram,0,100,11459,214.82,64,1890,9251,3,16
1784687037.117,real_q8_tensor_220w_ngram,1,100,11459,218.90,69,1875,9251,3,16
1784687037.117,real_q8_tensor_220w_ngram,2,100,11459,216.01,74,1845,9251,3,16
1784687037.117,real_q8_tensor_220w_ngram,3,100,11459,218.91,69,1890,9251,3,16
1784687037.732,real_q8_tensor_220w_ngram,0,100,11459,212.69,65,1830,9251,3,16
1784687037.732,real_q8_tensor_220w_ngram,1,100,11459,216.67,68,1740,9251,3,16
1784687037.732,real_q8_tensor_220w_ngram,2,100,11459,213.59,74,1770,9251,3,16
1784687037.732,real_q8_tensor_220w_ngram,3,100,11459,216.51,70,1755,9251,3,16
1784687038.318,real_q8_tensor_220w_ngram,0,100,11459,215.03,65,1845,9251,3,16
1784687038.318,real_q8_tensor_220w_ngram,1,100,11459,216.92,69,1845,9251,3,16
1784687038.318,real_q8_tensor_220w_ngram,2,90,11459,214.29,74,1785,9251,3,16
1784687038.318,real_q8_tensor_220w_ngram,3,100,11459,218.21,70,1860,9251,3,16
1784687039.038,real_q8_tensor_220w_ngram,0,86,11459,211.92,65,1830,9251,3,16
1784687039.038,real_q8_tensor_220w_ngram,1,100,11459,218.52,68,1725,9251,3,16
1784687039.038,real_q8_tensor_220w_ngram,2,100,11459,215.68,74,1770,9251,3,16
1784687039.038,real_q8_tensor_220w_ngram,3,100,11459,215.99,70,1755,9251,3,16
1784687039.642,real_q8_tensor_220w_ngram,0,94,11459,213.33,64,1920,9251,3,16
1784687039.642,real_q8_tensor_220w_ngram,1,100,11459,217.43,69,1860,9251,3,16
1784687039.642,real_q8_tensor_220w_ngram,2,100,11459,213.06,74,1875,9251,3,16
1784687039.642,real_q8_tensor_220w_ngram,3,100,11459,216.65,69,1890,9251,3,16
1784687040.237,real_q8_tensor_220w_ngram,0,94,11459,212.09,65,1830,9251,3,16
1784687040.237,real_q8_tensor_220w_ngram,1,100,11459,215.44,69,1740,9251,3,16
1784687040.237,real_q8_tensor_220w_ngram,2,100,11459,213.10,74,1800,9251,3,16
1784687040.237,real_q8_tensor_220w_ngram,3,100,11459,216.74,70,1740,9251,3,16
1784687040.815,real_q8_tensor_220w_ngram,0,100,11459,214.29,65,1815,9251,3,16
1784687040.815,real_q8_tensor_220w_ngram,1,100,11459,217.10,69,1755,9251,3,16
1784687040.815,real_q8_tensor_220w_ngram,2,100,11459,215.82,74,1770,9251,3,16
1784687040.815,real_q8_tensor_220w_ngram,3,100,11459,217.66,70,1755,9251,3,16
1784687041.410,real_q8_tensor_220w_ngram,0,86,11459,211.05,64,1800,9251,3,16
1784687041.410,real_q8_tensor_220w_ngram,1,73,11459,215.56,69,1740,9251,3,16
1784687041.410,real_q8_tensor_220w_ngram,2,100,11459,213.48,73,1755,9251,3,16
1784687041.410,real_q8_tensor_220w_ngram,3,100,11459,215.48,69,1755,9251,3,16
1784687042.004,real_q8_tensor_220w_ngram,0,100,11459,210.49,65,1800,9251,3,16
1784687042.004,real_q8_tensor_220w_ngram,1,73,11459,217.58,69,1740,9251,3,16
1784687042.004,real_q8_tensor_220w_ngram,2,100,11459,214.84,74,1770,9251,3,16
1784687042.004,real_q8_tensor_220w_ngram,3,100,11459,217.26,70,1755,9251,3,16
1784687042.579,real_q8_tensor_220w_ngram,0,100,11459,213.72,65,1830,9251,3,16
1784687042.579,real_q8_tensor_220w_ngram,1,72,11459,214.68,68,1725,9251,3,16
1784687042.579,real_q8_tensor_220w_ngram,2,100,11459,213.40,73,1785,9251,3,16
1784687042.579,real_q8_tensor_220w_ngram,3,71,11459,215.39,70,1755,9251,3,16
1784687043.191,real_q8_tensor_220w_ngram,0,100,11459,210.90,65,1830,9251,3,16
1784687043.191,real_q8_tensor_220w_ngram,1,72,11459,215.24,69,1725,9251,3,16
1784687043.191,real_q8_tensor_220w_ngram,2,100,11459,214.12,74,1800,9251,3,16
1784687043.191,real_q8_tensor_220w_ngram,3,71,11459,216.17,70,1740,9251,3,16
1784687043.767,real_q8_tensor_220w_ngram,0,100,11459,213.24,65,1815,9251,3,16
1784687043.767,real_q8_tensor_220w_ngram,1,100,11459,217.57,69,1710,9251,3,16
1784687043.767,real_q8_tensor_220w_ngram,2,100,11459,216.73,74,1755,9251,3,16
1784687043.767,real_q8_tensor_220w_ngram,3,100,11459,217.58,70,1740,9251,3,16
1784687044.342,real_q8_tensor_220w_ngram,0,70,11459,211.14,65,1830,9251,3,16
1784687044.342,real_q8_tensor_220w_ngram,1,100,11459,214.86,68,1770,9251,3,16
1784687044.342,real_q8_tensor_220w_ngram,2,100,11459,213.26,73,1800,9251,3,16
1784687044.342,real_q8_tensor_220w_ngram,3,100,11459,214.94,70,1740,9251,3,16
1784687044.948,real_q8_tensor_220w_ngram,0,100,11459,212.18,65,1845,9251,3,16
1784687044.948,real_q8_tensor_220w_ngram,1,100,11459,216.78,69,1770,9251,3,16
1784687044.948,real_q8_tensor_220w_ngram,2,92,11459,216.17,74,1755,9251,3,16
1784687044.948,real_q8_tensor_220w_ngram,3,100,11459,217.26,70,1770,9251,3,16
1784687045.548,real_q8_tensor_220w_ngram,0,95,11459,213.49,64,1890,9251,3,16
1784687045.548,real_q8_tensor_220w_ngram,1,100,11459,216.83,69,1875,9251,3,16
1784687045.548,real_q8_tensor_220w_ngram,2,100,11459,215.95,74,1875,9251,3,16
1784687045.548,real_q8_tensor_220w_ngram,3,100,11459,216.50,69,1875,9251,3,16
1784687046.123,real_q8_tensor_220w_ngram,0,95,11459,211.32,65,1800,9251,3,16
1784687046.123,real_q8_tensor_220w_ngram,1,100,11459,215.29,69,1725,9251,3,16
1784687046.123,real_q8_tensor_220w_ngram,2,100,11459,214.01,74,1755,9251,3,16
1784687046.123,real_q8_tensor_220w_ngram,3,100,11459,216.28,70,1740,9251,3,16
1784687046.698,real_q8_tensor_220w_ngram,0,100,11459,211.62,65,1815,9251,3,16
1784687046.698,real_q8_tensor_220w_ngram,1,100,11459,217.08,69,1710,9251,3,16
1784687046.698,real_q8_tensor_220w_ngram,2,100,11459,216.71,74,1785,9251,3,16
1784687046.698,real_q8_tensor_220w_ngram,3,100,11459,217.89,70,1710,9251,3,16
1784687047.274,real_q8_tensor_220w_ngram,0,100,11459,214.04,65,1800,9251,3,16
1784687047.274,real_q8_tensor_220w_ngram,1,69,11459,215.30,69,1710,9251,3,16
1784687047.274,real_q8_tensor_220w_ngram,2,100,11459,214.91,74,1860,9251,3,16
1784687047.274,real_q8_tensor_220w_ngram,3,88,11459,216.83,70,1725,9251,3,16
1784687047.852,real_q8_tensor_220w_ngram,0,100,11459,211.33,65,1800,9251,3,16
1784687047.852,real_q8_tensor_220w_ngram,1,69,11459,215.66,69,1725,9251,3,16
1784687047.852,real_q8_tensor_220w_ngram,2,96,11459,215.32,74,1770,9251,3,16
1784687047.852,real_q8_tensor_220w_ngram,3,88,11459,215.27,70,1740,9251,3,16
1784687048.427,real_q8_tensor_220w_ngram,0,100,11459,213.97,65,1800,9251,3,16
1784687048.427,real_q8_tensor_220w_ngram,1,100,11459,216.90,69,1725,9251,3,16
1784687048.427,real_q8_tensor_220w_ngram,2,83,11459,216.31,74,1755,9251,3,16
1784687048.427,real_q8_tensor_220w_ngram,3,100,11459,216.70,70,1755,9251,3,16
1784687049.023,real_q8_tensor_220w_ngram,0,69,11459,210.89,65,1800,9251,3,16
1784687049.023,real_q8_tensor_220w_ngram,1,100,11459,214.06,69,1740,9251,3,16
1784687049.023,real_q8_tensor_220w_ngram,2,70,11459,212.21,73,1770,9251,3,16
1784687049.023,real_q8_tensor_220w_ngram,3,100,11459,214.79,70,1740,9251,3,16
1784687049.618,real_q8_tensor_220w_ngram,0,69,11459,211.20,65,1800,9251,3,16
1784687049.618,real_q8_tensor_220w_ngram,1,100,11459,215.48,69,1710,9251,3,16
1784687049.618,real_q8_tensor_220w_ngram,2,70,11459,212.81,74,1785,9251,3,16
1784687049.618,real_q8_tensor_220w_ngram,3,100,11459,216.16,70,1740,9251,3,16
1784687050.193,real_q8_tensor_220w_ngram,0,100,11459,214.00,65,1830,9251,3,16
1784687050.193,real_q8_tensor_220w_ngram,1,100,11459,217.29,69,1725,9251,3,16
1784687050.193,real_q8_tensor_220w_ngram,2,100,11459,215.35,74,1755,9251,3,16
1784687050.193,real_q8_tensor_220w_ngram,3,100,11459,217.11,70,1740,9251,3,16
1784687050.801,real_q8_tensor_220w_ngram,0,100,11459,210.46,64,1800,9251,3,16
1784687050.801,real_q8_tensor_220w_ngram,1,74,11459,214.91,69,1710,9251,3,16
1784687050.801,real_q8_tensor_220w_ngram,2,100,11459,213.01,74,1755,9251,3,16
1784687050.801,real_q8_tensor_220w_ngram,3,69,11459,215.57,70,1725,9251,3,16
1784687051.377,real_q8_tensor_220w_ngram,0,100,11459,209.85,65,1800,9251,3,16
1784687051.377,real_q8_tensor_220w_ngram,1,74,11459,217.97,69,1710,9251,3,16
1784687051.377,real_q8_tensor_220w_ngram,2,100,11459,216.45,74,1755,9251,3,16
1784687051.377,real_q8_tensor_220w_ngram,3,69,11459,215.52,70,1710,9251,3,16
1784687051.951,real_q8_tensor_220w_ngram,0,100,11459,213.08,65,1800,9251,3,16
1784687051.951,real_q8_tensor_220w_ngram,1,100,11459,218.03,69,1710,9251,3,16
1784687051.951,real_q8_tensor_220w_ngram,2,100,11459,216.40,74,1755,9251,3,16
1784687051.951,real_q8_tensor_220w_ngram,3,100,11459,218.44,70,1710,9251,3,16
1784687052.525,real_q8_tensor_220w_ngram,0,69,11459,211.82,65,1800,9251,3,16
1784687052.525,real_q8_tensor_220w_ngram,1,100,11459,215.21,69,1710,9251,3,16
1784687052.525,real_q8_tensor_220w_ngram,2,68,11459,212.98,74,1740,9251,3,16
1784687052.525,real_q8_tensor_220w_ngram,3,100,11459,216.39,70,1710,9251,3,16
1784687053.122,real_q8_tensor_220w_ngram,0,69,11459,214.26,65,1830,9251,3,16
1784687053.122,real_q8_tensor_220w_ngram,1,100,11459,214.56,69,1755,9251,3,16
1784687053.122,real_q8_tensor_220w_ngram,2,68,11459,212.96,74,1740,9251,3,16
1784687053.122,real_q8_tensor_220w_ngram,3,100,11459,218.14,70,1770,9251,3,16
1784687053.712,real_q8_tensor_220w_ngram,0,100,11459,213.16,65,1800,9251,3,16
1784687053.712,real_q8_tensor_220w_ngram,1,100,11459,216.50,69,1710,9251,3,16
1784687053.712,real_q8_tensor_220w_ngram,2,100,11459,215.62,74,1740,9251,3,16
1784687053.712,real_q8_tensor_220w_ngram,3,100,11459,216.95,70,1710,9251,3,16
1784687054.282,real_q8_tensor_220w_ngram,0,100,11459,209.61,64,1800,9251,3,16
1784687054.282,real_q8_tensor_220w_ngram,1,71,11459,214.42,68,1740,9251,3,16
1784687054.282,real_q8_tensor_220w_ngram,2,100,11459,212.89,74,1770,9251,3,16
1784687054.282,real_q8_tensor_220w_ngram,3,68,11459,213.86,70,1740,9251,3,16
1784687054.859,real_q8_tensor_220w_ngram,0,100,11459,210.04,65,1800,9251,3,16
1784687054.859,real_q8_tensor_220w_ngram,1,71,11459,214.74,69,1710,9251,3,16
1784687054.859,real_q8_tensor_220w_ngram,2,100,11459,216.16,74,1755,9251,3,16
1784687054.859,real_q8_tensor_220w_ngram,3,68,11459,214.62,70,1725,9251,3,16
1784687055.432,real_q8_tensor_220w_ngram,0,100,11459,213.04,65,1800,9251,3,16
1784687055.432,real_q8_tensor_220w_ngram,1,100,11459,217.36,69,1725,9251,3,16
1784687055.432,real_q8_tensor_220w_ngram,2,90,11459,215.92,74,1785,9251,3,16
1784687055.432,real_q8_tensor_220w_ngram,3,100,11459,217.49,70,1725,9251,3,16
1784687056.011,real_q8_tensor_220w_ngram,0,66,11459,210.69,65,1785,9251,3,16
1784687056.011,real_q8_tensor_220w_ngram,1,100,11459,214.88,68,1695,9251,3,16
1784687056.011,real_q8_tensor_220w_ngram,2,76,11459,213.13,73,1725,9251,3,16
1784687056.011,real_q8_tensor_220w_ngram,3,100,11459,215.50,70,1710,9251,3,16
1784687056.608,real_q8_tensor_220w_ngram,0,66,11459,211.92,65,1785,9251,3,16
1784687056.608,real_q8_tensor_220w_ngram,1,100,11459,215.48,69,1710,9251,3,16
1784687056.608,real_q8_tensor_220w_ngram,2,76,11459,212.70,74,1740,9251,3,16
1784687056.608,real_q8_tensor_220w_ngram,3,100,11459,217.20,70,1710,9251,3,16
1784687057.201,real_q8_tensor_220w_ngram,0,100,11459,212.83,65,1785,9251,3,16
1784687057.201,real_q8_tensor_220w_ngram,1,100,11459,217.16,69,1710,9251,3,16
1784687057.201,real_q8_tensor_220w_ngram,2,100,11459,215.07,74,1740,9251,3,16
1784687057.201,real_q8_tensor_220w_ngram,3,100,11459,216.84,70,1710,9251,3,16
1784687057.792,real_q8_tensor_220w_ngram,0,100,11459,212.54,65,1770,9251,3,16
1784687057.792,real_q8_tensor_220w_ngram,1,67,11459,213.26,69,1695,9251,3,16
1784687057.792,real_q8_tensor_220w_ngram,2,100,11459,211.27,74,1860,9251,3,16
1784687057.792,real_q8_tensor_220w_ngram,3,100,11459,217.31,70,1710,9251,3,16
1784687058.368,real_q8_tensor_220w_ngram,0,95,11459,209.40,65,1785,9251,3,16
1784687058.368,real_q8_tensor_220w_ngram,1,67,11459,214.76,69,1710,9251,3,16
1784687058.368,real_q8_tensor_220w_ngram,2,100,11459,212.95,74,1740,9251,3,16
1784687058.368,real_q8_tensor_220w_ngram,3,100,11459,214.97,70,1710,9251,3,16
1784687058.944,real_q8_tensor_220w_ngram,0,100,11459,212.51,65,1785,9251,3,16
1784687058.944,real_q8_tensor_220w_ngram,1,100,11459,217.46,69,1695,9251,3,16
1784687058.944,real_q8_tensor_220w_ngram,2,100,11459,215.66,74,1740,9251,3,16
1784687058.944,real_q8_tensor_220w_ngram,3,100,11459,217.26,70,1710,9251,3,16
1784687059.537,real_q8_tensor_220w_ngram,0,100,11459,212.60,65,1875,9251,3,16
1784687059.537,real_q8_tensor_220w_ngram,1,100,11459,217.31,69,1860,9251,3,16
1784687059.537,real_q8_tensor_220w_ngram,2,100,11459,216.35,74,1830,9251,3,16
1784687059.537,real_q8_tensor_220w_ngram,3,100,11459,217.04,70,1845,9251,3,16
1784687060.125,real_q8_tensor_220w_ngram,0,100,11459,210.04,65,1800,9251,3,16
1784687060.125,real_q8_tensor_220w_ngram,1,67,11459,214.49,69,1740,9251,3,16
1784687060.125,real_q8_tensor_220w_ngram,2,100,11459,213.33,74,1770,9251,3,16
1784687060.125,real_q8_tensor_220w_ngram,3,100,11459,214.00,70,1710,9251,3,16
1784687060.719,real_q8_tensor_220w_ngram,0,100,11459,213.81,65,1785,9251,3,16
1784687060.719,real_q8_tensor_220w_ngram,1,67,11459,217.93,69,1710,9251,3,16
1784687060.719,real_q8_tensor_220w_ngram,2,100,11459,216.75,74,1755,9251,3,16
1784687060.719,real_q8_tensor_220w_ngram,3,100,11459,216.26,70,1710,9251,3,16
1784687061.320,real_q8_tensor_220w_ngram,0,100,11459,214.20,65,1785,9251,3,16
1784687061.320,real_q8_tensor_220w_ngram,1,100,11459,216.75,69,1665,9251,3,16
1784687061.320,real_q8_tensor_220w_ngram,2,100,11459,216.16,75,1710,9251,3,16
1784687061.320,real_q8_tensor_220w_ngram,3,100,11459,216.13,70,1710,9251,3,16
1784687061.909,real_q8_tensor_220w_ngram,0,100,11459,213.88,65,1785,9251,3,16
1784687061.909,real_q8_tensor_220w_ngram,1,65,11459,214.02,69,1695,9251,3,16
1784687061.909,real_q8_tensor_220w_ngram,2,66,11459,212.74,74,1740,9251,3,16
1784687061.909,real_q8_tensor_220w_ngram,3,86,11459,213.51,70,1710,9251,3,16
1784687062.503,real_q8_tensor_220w_ngram,0,100,11459,212.45,65,1785,9251,3,16
1784687062.503,real_q8_tensor_220w_ngram,1,100,11459,217.14,69,1695,9251,3,16
1784687062.503,real_q8_tensor_220w_ngram,2,88,11459,215.07,74,1740,9251,3,16
1784687062.503,real_q8_tensor_220w_ngram,3,100,11459,216.27,70,1710,9251,3,16
1784687063.152,real_q8_tensor_220w_ngram,0,100,11459,213.71,66,1770,9251,3,16
1784687063.152,real_q8_tensor_220w_ngram,1,100,11459,217.21,69,1650,9251,3,16
1784687063.152,real_q8_tensor_220w_ngram,2,100,11459,213.91,74,1725,9251,3,16
1784687063.152,real_q8_tensor_220w_ngram,3,100,11459,217.60,70,1650,9251,3,16
1784687063.720,real_q8_tensor_220w_ngram,0,100,11459,209.88,65,1770,9251,3,16
1784687063.720,real_q8_tensor_220w_ngram,1,65,11459,213.37,69,1695,9251,3,16
1784687063.720,real_q8_tensor_220w_ngram,2,100,11459,211.46,74,1740,9251,3,16
1784687063.720,real_q8_tensor_220w_ngram,3,100,11459,214.16,69,1710,9251,3,16
1784687064.296,real_q8_tensor_220w_ngram,0,100,11459,212.63,65,1830,9251,3,16
1784687064.296,real_q8_tensor_220w_ngram,1,65,11459,214.57,69,1740,9251,3,16
1784687064.296,real_q8_tensor_220w_ngram,2,100,11459,212.26,74,1785,9251,3,16
1784687064.296,real_q8_tensor_220w_ngram,3,100,11459,216.30,70,1755,9251,3,16
1784687064.894,real_q8_tensor_220w_ngram,0,100,11459,213.50,65,1770,9251,3,16
1784687064.894,real_q8_tensor_220w_ngram,1,100,11459,215.63,69,1695,9251,3,16
1784687064.894,real_q8_tensor_220w_ngram,2,100,11459,213.55,74,1740,9251,3,16
1784687064.894,real_q8_tensor_220w_ngram,3,100,11459,215.65,70,1710,9251,3,16
1784687065.476,real_q8_tensor_220w_ngram,0,100,11459,214.26,66,1845,9251,3,16
1784687065.476,real_q8_tensor_220w_ngram,1,100,11459,213.42,69,1815,9251,3,16
1784687065.476,real_q8_tensor_220w_ngram,2,84,11459,212.06,74,1755,9251,3,16
1784687065.476,real_q8_tensor_220w_ngram,3,100,11459,216.10,70,1815,9251,3,16
1784687066.047,real_q8_tensor_220w_ngram,0,100,11459,211.41,65,1800,9251,3,16
1784687066.047,real_q8_tensor_220w_ngram,1,65,11459,212.43,69,1665,9251,3,16
1784687066.047,real_q8_tensor_220w_ngram,2,84,11459,210.88,74,1710,9251,3,16
1784687066.047,real_q8_tensor_220w_ngram,3,100,11459,213.63,70,1725,9251,3,16
1784687066.623,real_q8_tensor_220w_ngram,0,100,11459,215.35,65,1800,9251,3,16
1784687066.623,real_q8_tensor_220w_ngram,1,65,11459,214.70,69,1695,9251,3,16
1784687066.623,real_q8_tensor_220w_ngram,2,100,11459,212.87,74,1770,9251,3,16
1784687066.623,real_q8_tensor_220w_ngram,3,100,11459,215.81,70,1710,9251,3,16
1784687067.199,real_q8_tensor_220w_ngram,0,100,11459,213.59,66,1815,9251,3,16
1784687067.199,real_q8_tensor_220w_ngram,1,100,11459,216.22,69,1725,9251,3,16
1784687067.199,real_q8_tensor_220w_ngram,2,100,11459,214.81,75,1725,9251,3,16
1784687067.199,real_q8_tensor_220w_ngram,3,100,11459,215.19,70,1725,9251,3,16
1784687067.799,real_q8_tensor_220w_ngram,0,63,11459,209.90,66,1905,9251,3,16
1784687067.799,real_q8_tensor_220w_ngram,1,100,11459,214.12,68,1890,9251,3,16
1784687067.799,real_q8_tensor_220w_ngram,2,90,11459,213.73,73,1875,9251,3,16
1784687067.799,real_q8_tensor_220w_ngram,3,64,11459,212.90,70,1680,9251,3,16
1784687068.400,real_q8_tensor_220w_ngram,0,63,11459,211.75,65,1770,9251,3,16
1784687068.400,real_q8_tensor_220w_ngram,1,100,11459,213.05,69,1665,9251,3,16
1784687068.400,real_q8_tensor_220w_ngram,2,82,11459,211.11,74,1725,9251,3,16
1784687068.400,real_q8_tensor_220w_ngram,3,82,11459,215.89,70,1680,9251,3,16
1784687069.003,real_q8_tensor_220w_ngram,0,100,11459,212.89,66,1800,9251,3,16
1784687069.003,real_q8_tensor_220w_ngram,1,100,11459,215.68,69,1695,9251,3,16
1784687069.003,real_q8_tensor_220w_ngram,2,100,11459,214.38,74,1755,9251,3,16
1784687069.003,real_q8_tensor_220w_ngram,3,100,11459,215.64,70,1710,9251,3,16
1784687069.596,real_q8_tensor_220w_ngram,0,100,11459,213.04,66,1815,9251,3,16
1784687069.596,real_q8_tensor_220w_ngram,1,100,11459,216.46,69,1725,9251,3,16
1784687069.596,real_q8_tensor_220w_ngram,2,100,11459,214.88,74,1770,9251,3,16
1784687069.596,real_q8_tensor_220w_ngram,3,100,11459,215.46,70,1740,9251,3,16
1784687070.170,real_q8_tensor_220w_ngram,0,89,11459,212.38,65,1755,9251,3,16
1784687070.170,real_q8_tensor_220w_ngram,1,100,11459,213.51,69,1650,9251,3,16
1784687070.170,real_q8_tensor_220w_ngram,2,63,11459,210.99,74,1695,9251,3,16
1784687070.170,real_q8_tensor_220w_ngram,3,78,11459,212.90,69,1680,9251,3,16
1784687070.769,real_q8_tensor_220w_ngram,0,89,11459,210.64,65,1740,9251,3,16
1784687070.769,real_q8_tensor_220w_ngram,1,100,11459,216.32,69,1665,9251,3,16
1784687070.769,real_q8_tensor_220w_ngram,2,63,11459,214.24,74,1755,9251,3,16
1784687070.769,real_q8_tensor_220w_ngram,3,78,11459,212.99,70,1695,9251,3,16
1784687071.345,real_q8_tensor_220w_ngram,0,100,11459,213.34,66,1770,9251,3,16
1784687071.345,real_q8_tensor_220w_ngram,1,100,11459,215.49,70,1695,9251,3,16
1784687071.345,real_q8_tensor_220w_ngram,2,100,11459,213.42,74,1755,9251,3,16
1784687071.345,real_q8_tensor_220w_ngram,3,100,11459,216.06,71,1710,9251,3,16
1784687071.923,real_q8_tensor_220w_ngram,0,100,11459,213.55,66,1755,9251,3,16
1784687071.923,real_q8_tensor_220w_ngram,1,100,11459,215.81,70,1680,9251,3,16
1784687071.923,real_q8_tensor_220w_ngram,2,100,11459,213.12,75,1770,9251,3,16
1784687071.923,real_q8_tensor_220w_ngram,3,100,11459,215.95,70,1695,9251,3,16
1784687072.501,real_q8_tensor_220w_ngram,0,63,11459,209.58,66,1890,9251,3,16
1784687072.501,real_q8_tensor_220w_ngram,1,100,11459,213.24,68,1665,9251,3,16
1784687072.501,real_q8_tensor_220w_ngram,2,82,11459,211.26,73,1710,9251,3,16
1784687072.501,real_q8_tensor_220w_ngram,3,62,11459,211.83,70,1815,9251,3,16
1784687073.093,real_q8_tensor_220w_ngram,0,63,11459,214.61,66,1770,9251,3,16
1784687073.093,real_q8_tensor_220w_ngram,1,100,11459,213.07,69,1725,9251,3,16
1784687073.093,real_q8_tensor_220w_ngram,2,82,11459,211.03,74,1725,9251,3,16
1784687073.093,real_q8_tensor_220w_ngram,3,62,11459,216.61,70,1725,9251,3,16
1784687073.684,real_q8_tensor_220w_ngram,0,100,11459,215.43,66,1740,9251,3,16
1784687073.684,real_q8_tensor_220w_ngram,1,100,11459,215.18,69,1710,9251,3,16
1784687073.684,real_q8_tensor_220w_ngram,2,100,11459,213.49,74,1725,9251,3,16
1784687073.684,real_q8_tensor_220w_ngram,3,100,11459,215.64,70,1710,9251,3,16
1784687074.259,real_q8_tensor_220w_ngram,0,100,11459,214.21,66,1800,9251,3,16
1784687074.259,real_q8_tensor_220w_ngram,1,100,11459,214.65,69,1710,9251,3,16
1784687074.259,real_q8_tensor_220w_ngram,2,100,11459,213.76,74,1740,9251,3,16
1784687074.259,real_q8_tensor_220w_ngram,3,100,11459,215.01,70,1740,9251,3,16
1784687074.833,real_q8_tensor_220w_ngram,0,100,11459,213.10,65,1860,9251,3,16
1784687074.833,real_q8_tensor_220w_ngram,1,100,11459,215.12,69,1785,9251,3,16
1784687074.833,real_q8_tensor_220w_ngram,2,100,11459,213.63,74,1695,9251,3,16
1784687074.833,real_q8_tensor_220w_ngram,3,94,11459,214.61,70,1815,9251,3,16
1784687075.398,real_q8_tensor_220w_ngram,0,100,11459,208.48,64,1740,9251,3,16
1784687075.398,real_q8_tensor_220w_ngram,1,62,11459,212.27,69,1650,9251,3,16
1784687075.398,real_q8_tensor_220w_ngram,2,100,11459,210.05,74,1695,9251,3,16
1784687075.398,real_q8_tensor_220w_ngram,3,94,11459,211.64,69,1740,9251,3,16
1784687075.975,real_q8_tensor_220w_ngram,0,92,11459,209.09,65,1785,9251,3,16
1784687075.975,real_q8_tensor_220w_ngram,1,81,11459,215.70,69,1710,9251,3,16
1784687075.975,real_q8_tensor_220w_ngram,2,100,11459,213.61,74,1740,9251,3,16
1784687075.975,real_q8_tensor_220w_ngram,3,100,11459,214.54,70,1695,9251,3,16
1784687076.570,real_q8_tensor_220w_ngram,0,92,11459,213.16,66,1740,9251,3,16
1784687076.570,real_q8_tensor_220w_ngram,1,100,11459,214.79,70,1650,9251,3,16
1784687076.570,real_q8_tensor_220w_ngram,2,100,11459,213.37,74,1695,9251,3,16
1784687076.570,real_q8_tensor_220w_ngram,3,100,11459,215.06,70,1665,9251,3,16
1784687077.170,real_q8_tensor_220w_ngram,0,100,11459,211.88,66,1800,9251,3,16
1784687077.170,real_q8_tensor_220w_ngram,1,100,11459,214.39,69,1710,9251,3,16
1784687077.170,real_q8_tensor_220w_ngram,2,100,11459,213.79,75,1770,9251,3,16
1784687077.170,real_q8_tensor_220w_ngram,3,100,11459,214.62,70,1725,9251,3,16
1784687077.747,real_q8_tensor_220w_ngram,0,100,11459,210.62,64,1740,9251,3,16
1784687077.747,real_q8_tensor_220w_ngram,1,62,11459,212.00,69,1635,9251,3,16
1784687077.747,real_q8_tensor_220w_ngram,2,100,11459,210.13,74,1665,9251,3,16
1784687077.747,real_q8_tensor_220w_ngram,3,100,11459,212.53,69,1665,9251,3,16
1784687078.366,real_q8_tensor_220w_ngram,0,94,11459,208.77,66,1755,9251,3,16
1784687078.366,real_q8_tensor_220w_ngram,1,62,11459,215.30,69,1695,9251,3,16
1784687078.366,real_q8_tensor_220w_ngram,2,100,11459,214.02,75,1725,9251,3,16
1784687078.366,real_q8_tensor_220w_ngram,3,100,11459,214.40,70,1665,9251,3,16
1784687078.959,real_q8_tensor_220w_ngram,0,100,11459,212.15,66,1755,9251,3,16
1784687078.959,real_q8_tensor_220w_ngram,1,100,11459,214.46,70,1635,9251,3,16
1784687078.959,real_q8_tensor_220w_ngram,2,89,11459,213.40,75,1725,9251,3,16
1784687078.959,real_q8_tensor_220w_ngram,3,80,11459,215.05,70,1650,9251,3,16
1784687079.537,real_q8_tensor_220w_ngram,0,100,11459,211.82,66,1785,9251,3,16
1784687079.537,real_q8_tensor_220w_ngram,1,100,11459,215.02,70,1710,9251,3,16
1784687079.537,real_q8_tensor_220w_ngram,2,100,11459,213.42,75,1740,9251,3,16
1784687079.537,real_q8_tensor_220w_ngram,3,100,11459,214.60,70,1725,9251,3,16
1784687080.131,real_q8_tensor_220w_ngram,0,100,11459,211.77,64,1875,9251,3,16
1784687080.131,real_q8_tensor_220w_ngram,1,100,11459,214.59,69,1845,9251,3,16
1784687080.131,real_q8_tensor_220w_ngram,2,100,11459,212.95,74,1800,9251,3,16
1784687080.131,real_q8_tensor_220w_ngram,3,100,11459,212.98,69,1845,9251,3,16
1784687080.700,real_q8_tensor_220w_ngram,0,75,11459,209.19,65,1785,9251,3,16
1784687080.700,real_q8_tensor_220w_ngram,1,100,11459,211.75,69,1650,9251,3,16
1784687080.700,real_q8_tensor_220w_ngram,2,61,11459,209.32,75,1680,9251,3,16
1784687080.700,real_q8_tensor_220w_ngram,3,87,11459,212.64,69,1710,9251,3,16
1784687081.293,real_q8_tensor_220w_ngram,0,75,11459,209.07,65,1725,9251,3,16
1784687081.293,real_q8_tensor_220w_ngram,1,100,11459,215.17,70,1665,9251,3,16
1784687081.293,real_q8_tensor_220w_ngram,2,61,11459,213.65,74,1710,9251,3,16
1784687081.293,real_q8_tensor_220w_ngram,3,87,11459,214.35,70,1680,9251,3,16
1784687081.868,real_q8_tensor_220w_ngram,0,100,11459,211.74,66,1725,9251,3,16
1784687081.868,real_q8_tensor_220w_ngram,1,100,11459,214.67,69,1680,9251,3,16
1784687081.868,real_q8_tensor_220w_ngram,2,100,11459,212.10,75,1755,9251,3,16
1784687081.868,real_q8_tensor_220w_ngram,3,100,11459,214.54,71,1680,9251,3,16
1784687082.459,real_q8_tensor_220w_ngram,0,100,11459,211.44,66,1725,9251,3,16
1784687082.459,real_q8_tensor_220w_ngram,1,100,11459,214.42,69,1665,9251,3,16
1784687082.459,real_q8_tensor_220w_ngram,2,100,11459,212.77,75,1740,9251,3,16
1784687082.459,real_q8_tensor_220w_ngram,3,100,11459,215.51,71,1695,9251,3,16
1784687083.060,real_q8_tensor_220w_ngram,0,100,11459,210.56,66,1830,9251,3,16
1784687083.060,real_q8_tensor_220w_ngram,1,100,11459,210.16,70,1815,9251,3,16
1784687083.060,real_q8_tensor_220w_ngram,2,64,11459,209.04,75,1830,9251,3,16
1784687083.060,real_q8_tensor_220w_ngram,3,100,11459,215.12,71,1815,9251,3,16
1784687083.631,real_q8_tensor_220w_ngram,0,100,11459,207.25,65,1755,9251,3,16
1784687083.631,real_q8_tensor_220w_ngram,1,60,11459,210.12,69,1695,9251,3,16
1784687083.631,real_q8_tensor_220w_ngram,2,64,11459,208.21,73,1725,9251,3,16
1784687083.631,real_q8_tensor_220w_ngram,3,100,11459,212.22,70,1665,9251,3,16
1784687084.209,real_q8_tensor_220w_ngram,0,100,11459,211.75,65,1800,9251,3,16
1784687084.209,real_q8_tensor_220w_ngram,1,60,11459,215.32,69,1710,9251,3,16
1784687084.209,real_q8_tensor_220w_ngram,2,100,11459,213.71,75,1740,9251,3,16
1784687084.209,real_q8_tensor_220w_ngram,3,100,11459,214.48,70,1725,9251,3,16
1784687084.784,real_q8_tensor_220w_ngram,0,100,11459,212.03,66,1755,9251,3,16
1784687084.784,real_q8_tensor_220w_ngram,1,100,11459,213.70,69,1620,9251,3,16
1784687084.784,real_q8_tensor_220w_ngram,2,100,11459,212.71,75,1755,9251,3,16
1784687084.784,real_q8_tensor_220w_ngram,3,100,11459,214.20,70,1650,9251,3,16
1784687085.402,real_q8_tensor_220w_ngram,0,100,11459,211.42,66,1725,9251,3,16
1784687085.402,real_q8_tensor_220w_ngram,1,100,11459,213.71,70,1665,9251,3,16
1784687085.402,real_q8_tensor_220w_ngram,2,100,11459,212.69,75,1740,9251,3,16
1784687085.402,real_q8_tensor_220w_ngram,3,100,11459,213.81,70,1680,9251,3,16
1784687085.978,real_q8_tensor_220w_ngram,0,100,11459,208.30,66,1830,9251,3,16
1784687085.978,real_q8_tensor_220w_ngram,1,100,11459,213.85,69,1785,9251,3,16
1784687085.978,real_q8_tensor_220w_ngram,2,100,11459,211.86,75,1815,9251,3,16
1784687085.978,real_q8_tensor_220w_ngram,3,83,11459,210.82,70,1770,9251,3,16
1784687086.570,real_q8_tensor_220w_ngram,0,73,11459,208.06,64,1785,9251,3,16
1784687086.570,real_q8_tensor_220w_ngram,1,100,11459,211.04,69,1680,9251,3,16
1784687086.570,real_q8_tensor_220w_ngram,2,59,11459,208.00,74,1725,9251,3,16
1784687086.570,real_q8_tensor_220w_ngram,3,62,11459,210.87,69,1710,9251,3,16
1784687087.148,real_q8_tensor_220w_ngram,0,73,11459,210.67,66,1800,9251,3,16
1784687087.148,real_q8_tensor_220w_ngram,1,61,11459,211.80,69,1680,9251,3,16
1784687087.148,real_q8_tensor_220w_ngram,2,59,11459,211.63,74,1740,9251,3,16
1784687087.148,real_q8_tensor_220w_ngram,3,62,11459,215.30,70,1740,9251,3,16
1784687087.724,real_q8_tensor_220w_ngram,0,100,11459,212.10,66,1725,9251,3,16
1784687087.724,real_q8_tensor_220w_ngram,1,61,11459,214.62,70,1650,9251,3,16
1784687087.724,real_q8_tensor_220w_ngram,2,100,11459,212.79,75,1665,9251,3,16
1784687087.724,real_q8_tensor_220w_ngram,3,100,11459,215.15,70,1665,9251,3,16
1784687088.347,real_q8_tensor_220w_ngram,0,100,11459,211.86,66,1800,9251,3,16
1784687088.347,real_q8_tensor_220w_ngram,1,100,11459,214.27,69,1680,9251,3,16
1784687088.347,real_q8_tensor_220w_ngram,2,100,11459,212.26,75,1725,9251,3,16
1784687088.347,real_q8_tensor_220w_ngram,3,100,11459,215.02,71,1665,9251,3,16
1784687088.959,real_q8_tensor_220w_ngram,0,100,11459,211.94,66,1800,9251,3,16
1784687088.959,real_q8_tensor_220w_ngram,1,95,11459,213.77,69,1755,9251,3,16
1784687088.959,real_q8_tensor_220w_ngram,2,93,11459,212.84,75,1740,9251,3,16
1784687088.959,real_q8_tensor_220w_ngram,3,100,11459,214.37,71,1740,9251,3,16
1784687089.528,real_q8_tensor_220w_ngram,0,100,11459,212.41,65,1785,9251,3,16
1784687089.528,real_q8_tensor_220w_ngram,1,100,11459,213.42,69,1695,9251,3,16
1784687089.528,real_q8_tensor_220w_ngram,2,93,11459,212.72,75,1725,9251,3,16
1784687089.528,real_q8_tensor_220w_ngram,3,100,11459,216.54,71,1665,9251,3,16
1784687090.257,real_q8_tensor_220w_ngram,0,100,11459,211.51,66,1785,9251,3,16
1784687090.257,real_q8_tensor_220w_ngram,1,100,11459,215.15,70,1650,9251,3,16
1784687090.257,real_q8_tensor_220w_ngram,2,100,11459,213.58,75,1665,9251,3,16
1784687090.257,real_q8_tensor_220w_ngram,3,100,11459,215.00,70,1725,9251,3,16
1784687090.856,real_q8_tensor_220w_ngram,0,100,11459,211.33,66,1755,9251,3,16
1784687090.856,real_q8_tensor_220w_ngram,1,100,11459,214.43,69,1695,9251,3,16
1784687090.856,real_q8_tensor_220w_ngram,2,100,11459,211.82,75,1665,9251,3,16
1784687090.856,real_q8_tensor_220w_ngram,3,100,11459,215.08,71,1695,9251,3,16
1784687091.430,real_q8_tensor_220w_ngram,0,100,11459,211.57,66,1710,9251,3,16
1784687091.430,real_q8_tensor_220w_ngram,1,100,11459,214.74,69,1620,9251,3,16
1784687091.430,real_q8_tensor_220w_ngram,2,100,11459,212.60,75,1680,9251,3,16
1784687091.430,real_q8_tensor_220w_ngram,3,100,11459,214.48,70,1650,9251,3,16
1784687092.020,real_q8_tensor_220w_ngram,0,100,11459,207.27,64,1830,9251,3,16
1784687092.020,real_q8_tensor_220w_ngram,1,100,11459,213.79,70,1590,9251,3,16
1784687092.020,real_q8_tensor_220w_ngram,2,100,11459,207.51,75,1665,9251,3,16
1784687092.020,real_q8_tensor_220w_ngram,3,100,11459,210.68,69,1695,9251,3,16
1784687092.634,real_q8_tensor_220w_ngram,0,77,11459,210.78,66,1710,9251,3,16
1784687092.634,real_q8_tensor_220w_ngram,1,100,11459,213.31,70,1620,9251,3,16
1784687092.634,real_q8_tensor_220w_ngram,2,100,11459,210.91,75,1650,9251,3,16
1784687092.634,real_q8_tensor_220w_ngram,3,88,11459,215.66,70,1665,9251,3,16
1784687093.228,real_q8_tensor_220w_ngram,0,77,11459,211.33,66,1725,9251,3,16
1784687093.228,real_q8_tensor_220w_ngram,1,100,11459,213.47,69,1695,9251,3,16
1784687093.228,real_q8_tensor_220w_ngram,2,100,11459,211.00,75,1725,9251,3,16
1784687093.228,real_q8_tensor_220w_ngram,3,88,11459,214.18,70,1680,9251,3,16
1784687093.827,real_q8_tensor_220w_ngram,0,100,11459,211.59,66,1785,9251,3,16
1784687093.827,real_q8_tensor_220w_ngram,1,100,11459,213.73,70,1695,9251,3,16
1784687093.827,real_q8_tensor_220w_ngram,2,100,11459,211.36,75,1740,9251,3,16
1784687093.827,real_q8_tensor_220w_ngram,3,100,11459,214.27,71,1725,9251,3,16
1784687094.427,real_q8_tensor_220w_ngram,0,100,11459,212.10,66,1725,9251,3,16
1784687094.427,real_q8_tensor_220w_ngram,1,100,11459,213.99,70,1620,9251,3,16
1784687094.427,real_q8_tensor_220w_ngram,2,100,11459,211.85,75,1665,9251,3,16
1784687094.427,real_q8_tensor_220w_ngram,3,100,11459,214.84,71,1725,9251,3,16
1784687095.030,real_q8_tensor_220w_ngram,0,100,11459,210.89,66,1815,9251,3,16
1784687095.030,real_q8_tensor_220w_ngram,1,100,11459,213.68,70,1770,9251,3,16
1784687095.030,real_q8_tensor_220w_ngram,2,100,11459,211.79,75,1710,9251,3,16
1784687095.030,real_q8_tensor_220w_ngram,3,97,11459,214.32,70,1770,9251,3,16
1784687095.594,real_q8_tensor_220w_ngram,0,100,11459,206.43,66,1905,9251,3,16
1784687095.594,real_q8_tensor_220w_ngram,1,64,11459,209.77,68,1875,9251,3,16
1784687095.594,real_q8_tensor_220w_ngram,2,100,11459,208.54,73,1875,9251,3,16
1784687095.594,real_q8_tensor_220w_ngram,3,97,11459,211.70,70,1635,9251,3,16
1784687096.170,real_q8_tensor_220w_ngram,0,100,11459,210.84,65,1725,9251,3,16
1784687096.170,real_q8_tensor_220w_ngram,1,64,11459,214.63,70,1605,9251,3,16
1784687096.170,real_q8_tensor_220w_ngram,2,76,11459,213.17,75,1680,9251,3,16
1784687096.170,real_q8_tensor_220w_ngram,3,100,11459,213.71,71,1635,9251,3,16
1784687096.771,real_q8_tensor_220w_ngram,0,78,11459,210.83,65,1725,9251,3,16
1784687096.771,real_q8_tensor_220w_ngram,1,100,11459,212.88,70,1605,9251,3,16
1784687096.771,real_q8_tensor_220w_ngram,2,78,11459,211.78,75,1725,9251,3,16
1784687096.771,real_q8_tensor_220w_ngram,3,100,11459,213.65,70,1635,9251,3,16
1784687097.377,real_q8_tensor_220w_ngram,0,100,11459,210.82,66,1770,9251,3,16
1784687097.377,real_q8_tensor_220w_ngram,1,100,11459,213.27,70,1620,9251,3,16
1784687097.377,real_q8_tensor_220w_ngram,2,100,11459,211.80,75,1740,9251,3,16
1784687097.377,real_q8_tensor_220w_ngram,3,100,11459,213.49,71,1635,9251,3,16
1784687097.969,real_q8_tensor_220w_ngram,0,100,11459,210.89,66,1710,9251,3,16
1784687097.969,real_q8_tensor_220w_ngram,1,100,11459,213.69,70,1605,9251,3,16
1784687097.969,real_q8_tensor_220w_ngram,2,100,11459,211.67,75,1665,9251,3,16
1784687097.969,real_q8_tensor_220w_ngram,3,96,11459,213.97,71,1710,9251,3,16
1784687098.548,real_q8_tensor_220w_ngram,0,100,11459,210.25,66,1695,9251,3,16
1784687098.548,real_q8_tensor_220w_ngram,1,100,11459,213.31,70,1620,9251,3,16
1784687098.548,real_q8_tensor_220w_ngram,2,100,11459,211.11,75,1650,9251,3,16
1784687098.548,real_q8_tensor_220w_ngram,3,100,11459,213.72,71,1635,9251,3,16
1784687099.123,real_q8_tensor_220w_ngram,0,100,11459,208.99,65,1830,9251,3,16
1784687099.123,real_q8_tensor_220w_ngram,1,100,11459,212.93,70,1770,9251,3,16
1784687099.123,real_q8_tensor_220w_ngram,2,100,11459,211.03,75,1680,9251,3,16
1784687099.123,real_q8_tensor_220w_ngram,3,100,11459,213.79,70,1770,9251,3,16
1784687099.689,real_q8_tensor_220w_ngram,0,55,11459,204.95,66,1905,9251,3,16
1784687099.689,real_q8_tensor_220w_ngram,1,100,11459,209.84,68,1665,9251,3,16
1784687099.689,real_q8_tensor_220w_ngram,2,75,11459,208.35,73,1725,9251,3,16
1784687099.689,real_q8_tensor_220w_ngram,3,54,11459,212.32,71,1605,9251,3,16
1784687100.293,real_q8_tensor_220w_ngram,0,55,11459,210.03,64,1785,9251,3,16
1784687100.293,real_q8_tensor_220w_ngram,1,67,11459,214.24,69,1695,9251,3,16
1784687100.293,real_q8_tensor_220w_ngram,2,75,11459,212.21,75,1650,9251,3,16
1784687100.293,real_q8_tensor_220w_ngram,3,54,11459,213.44,70,1725,9251,3,16
1784687100.876,real_q8_tensor_220w_ngram,0,100,11459,209.90,66,1695,9251,3,16
1784687100.876,real_q8_tensor_220w_ngram,1,78,11459,212.74,69,1620,9251,3,16
1784687100.876,real_q8_tensor_220w_ngram,2,100,11459,211.22,74,1650,9251,3,16
1784687100.876,real_q8_tensor_220w_ngram,3,100,11459,212.63,70,1680,9251,3,16
1784687101.507,real_q8_tensor_220w_ngram,0,100,11459,209.69,66,1695,9251,3,16
1784687101.507,real_q8_tensor_220w_ngram,1,100,11459,212.36,69,1620,9251,3,16
1784687101.507,real_q8_tensor_220w_ngram,2,100,11459,210.01,75,1650,9251,3,16
1784687101.507,real_q8_tensor_220w_ngram,3,100,11459,212.32,71,1665,9251,3,16
1784687102.146,real_q8_tensor_220w_ngram,0,100,11459,209.51,66,1710,9251,3,16
1784687102.146,real_q8_tensor_220w_ngram,1,100,11459,211.88,70,1590,9251,3,16
1784687102.146,real_q8_tensor_220w_ngram,2,100,11459,209.59,75,1650,9251,3,16
1784687102.146,real_q8_tensor_220w_ngram,3,100,11459,212.67,71,1620,9251,3,16
1784687102.779,real_q8_tensor_220w_ngram,0,100,11459,210.25,66,1875,9251,3,16
1784687102.779,real_q8_tensor_220w_ngram,1,88,11459,211.62,69,1830,9251,3,16
1784687102.779,real_q8_tensor_220w_ngram,2,100,11459,210.67,74,1770,9251,3,16
1784687102.779,real_q8_tensor_220w_ngram,3,100,11459,213.26,71,1860,9251,3,16
1784687103.344,real_q8_tensor_220w_ngram,0,83,11459,208.20,64,1695,9251,3,16
1784687103.344,real_q8_tensor_220w_ngram,1,88,11459,213.36,69,1575,9251,3,16
1784687103.344,real_q8_tensor_220w_ngram,2,54,11459,210.26,74,1635,9251,3,16
1784687103.344,real_q8_tensor_220w_ngram,3,69,11459,210.40,69,1605,9251,3,16
1784687103.946,real_q8_tensor_220w_ngram,0,77,11459,210.21,65,1785,9251,3,16
1784687103.946,real_q8_tensor_220w_ngram,1,100,11459,212.43,69,1695,9251,3,16
1784687103.946,real_q8_tensor_220w_ngram,2,77,11459,209.64,74,1740,9251,3,16
1784687103.946,real_q8_tensor_220w_ngram,3,94,11459,214.44,70,1710,9251,3,16
1784687104.555,real_q8_tensor_220w_ngram,0,100,11459,209.25,66,1770,9251,3,16
1784687104.555,real_q8_tensor_220w_ngram,1,100,11459,213.14,70,1665,9251,3,16
1784687104.555,real_q8_tensor_220w_ngram,2,100,11459,211.04,75,1635,9251,3,16
1784687104.555,real_q8_tensor_220w_ngram,3,100,11459,211.96,71,1710,9251,3,16
1784687105.154,real_q8_tensor_220w_ngram,0,100,11459,208.79,66,1755,9251,3,16
1784687105.154,real_q8_tensor_220w_ngram,1,100,11459,212.47,69,1590,9251,3,16
1784687105.154,real_q8_tensor_220w_ngram,2,100,11459,210.80,75,1725,9251,3,16
1784687105.154,real_q8_tensor_220w_ngram,3,100,11459,213.08,70,1605,9251,3,16
1784687105.745,real_q8_tensor_220w_ngram,0,100,11459,209.80,66,1695,9251,3,16
1784687105.745,real_q8_tensor_220w_ngram,1,100,11459,212.15,70,1620,9251,3,16
1784687105.745,real_q8_tensor_220w_ngram,2,100,11459,210.51,75,1650,9251,3,16
1784687105.745,real_q8_tensor_220w_ngram,3,100,11459,212.35,70,1635,9251,3,16
1784687106.337,real_q8_tensor_220w_ngram,0,100,11459,209.03,66,1710,9251,3,16
1784687106.337,real_q8_tensor_220w_ngram,1,100,11459,211.55,69,1665,9251,3,16
1784687106.337,real_q8_tensor_220w_ngram,2,100,11459,210.15,74,1695,9251,3,16
1784687106.337,real_q8_tensor_220w_ngram,3,100,11459,212.27,70,1665,9251,3,16
1784687106.929,real_q8_tensor_220w_ngram,0,100,11459,208.34,66,1740,9251,3,16
1784687106.929,real_q8_tensor_220w_ngram,1,100,11459,212.30,70,1695,9251,3,16
1784687106.929,real_q8_tensor_220w_ngram,2,100,11459,210.45,75,1725,9251,3,16
1784687106.929,real_q8_tensor_220w_ngram,3,100,11459,212.85,71,1605,9251,3,16
1784687107.504,real_q8_tensor_220w_ngram,0,97,11459,210.07,65,1815,9251,3,16
1784687107.504,real_q8_tensor_220w_ngram,1,100,11459,212.65,70,1785,9251,3,16
1784687107.504,real_q8_tensor_220w_ngram,2,100,11459,210.67,75,1710,9251,3,16
1784687107.504,real_q8_tensor_220w_ngram,3,100,11459,211.43,70,1785,9251,3,16
1784687108.093,real_q8_tensor_220w_ngram,0,97,11459,207.16,66,1920,9251,3,16
1784687108.093,real_q8_tensor_220w_ngram,1,100,11459,208.44,68,1560,9251,3,16
1784687108.093,real_q8_tensor_220w_ngram,2,77,11459,207.97,73,1860,9251,3,16
1784687108.093,real_q8_tensor_220w_ngram,3,53,11459,213.76,71,1605,9251,3,16
1784687108.687,real_q8_tensor_220w_ngram,0,84,11459,209.90,64,1680,9251,3,16
1784687108.687,real_q8_tensor_220w_ngram,1,59,11459,213.82,69,1590,9251,3,16
1784687108.687,real_q8_tensor_220w_ngram,2,77,11459,211.66,74,1650,9251,3,16
1784687108.687,real_q8_tensor_220w_ngram,3,53,11459,212.16,69,1620,9251,3,16
1784687109.282,real_q8_tensor_220w_ngram,0,84,11459,208.74,66,1680,9251,3,16
1784687109.282,real_q8_tensor_220w_ngram,1,59,11459,213.03,69,1590,9251,3,16
1784687109.282,real_q8_tensor_220w_ngram,2,100,11459,210.52,74,1635,9251,3,16
1784687109.282,real_q8_tensor_220w_ngram,3,100,11459,212.13,70,1605,9251,3,16
1784687109.881,real_q8_tensor_220w_ngram,0,100,11459,208.51,66,1695,9251,3,16
1784687109.881,real_q8_tensor_220w_ngram,1,100,11459,212.40,70,1590,9251,3,16
1784687109.881,real_q8_tensor_220w_ngram,2,100,11459,209.99,75,1635,9251,3,16
1784687109.881,real_q8_tensor_220w_ngram,3,100,11459,212.63,70,1620,9251,3,16
1784687110.458,real_q8_tensor_220w_ngram,0,76,11459,208.61,66,1695,9251,3,16
1784687110.458,real_q8_tensor_220w_ngram,1,81,11459,212.34,70,1575,9251,3,16
1784687110.458,real_q8_tensor_220w_ngram,2,100,11459,209.65,75,1620,9251,3,16
1784687110.458,real_q8_tensor_220w_ngram,3,100,11459,211.41,71,1590,9251,3,16
1784687111.060,real_q8_tensor_220w_ngram,0,100,11459,209.72,66,1755,9251,3,16
1784687111.060,real_q8_tensor_220w_ngram,1,100,11459,213.07,70,1620,9251,3,16
1784687111.060,real_q8_tensor_220w_ngram,2,100,11459,210.15,75,1665,9251,3,16
1784687111.060,real_q8_tensor_220w_ngram,3,100,11459,212.04,71,1680,9251,3,16
1784687111.634,real_q8_tensor_220w_ngram,0,100,11459,209.69,66,1665,9251,3,16
1784687111.634,real_q8_tensor_220w_ngram,1,100,11459,212.01,69,1590,9251,3,16
1784687111.634,real_q8_tensor_220w_ngram,2,100,11459,209.88,74,1725,9251,3,16
1784687111.634,real_q8_tensor_220w_ngram,3,100,11459,211.51,70,1605,9251,3,16
1784687112.210,real_q8_tensor_220w_ngram,0,100,11459,208.62,66,1755,9251,3,16
1784687112.210,real_q8_tensor_220w_ngram,1,100,11459,212.02,70,1605,9251,3,16
1784687112.210,real_q8_tensor_220w_ngram,2,100,11459,209.38,75,1620,9251,3,16
1784687112.210,real_q8_tensor_220w_ngram,3,100,11459,211.20,70,1680,9251,3,16
1784687112.786,real_q8_tensor_220w_ngram,0,100,11459,209.28,66,1680,9251,3,16
1784687112.786,real_q8_tensor_220w_ngram,1,100,11459,212.58,70,1590,9251,3,16
1784687112.786,real_q8_tensor_220w_ngram,2,100,11459,209.90,75,1650,9251,3,16
1784687112.786,real_q8_tensor_220w_ngram,3,100,11459,213.01,70,1620,9251,3,16
1784687113.380,real_q8_tensor_220w_ngram,0,78,11459,207.51,66,1875,9251,3,16
1784687113.380,real_q8_tensor_220w_ngram,1,100,11459,212.09,69,1830,9251,3,16
1784687113.380,real_q8_tensor_220w_ngram,2,100,11459,209.15,75,1770,9251,3,16
1784687113.380,real_q8_tensor_220w_ngram,3,100,11459,210.74,70,1845,9251,3,16
1784687113.961,real_q8_tensor_220w_ngram,0,100,11459,209.34,65,1905,9251,3,16
1784687113.961,real_q8_tensor_220w_ngram,1,77,11459,209.78,70,1875,9251,3,16
1784687113.961,real_q8_tensor_220w_ngram,2,58,11459,207.36,73,1860,9251,3,16
1784687113.961,real_q8_tensor_220w_ngram,3,96,11459,211.73,70,1890,9251,3,16
1784687114.538,real_q8_tensor_220w_ngram,0,56,11459,207.15,65,1680,9251,3,16
1784687114.538,real_q8_tensor_220w_ngram,1,66,11459,211.71,69,1575,9251,3,16
1784687114.538,real_q8_tensor_220w_ngram,2,58,11459,210.43,75,1620,9251,3,16
1784687114.538,real_q8_tensor_220w_ngram,3,96,11459,211.76,70,1590,9251,3,16
1784687115.141,real_q8_tensor_220w_ngram,0,56,11459,209.43,65,1695,9251,3,16
1784687115.141,real_q8_tensor_220w_ngram,1,66,11459,211.83,69,1575,9251,3,16
1784687115.141,real_q8_tensor_220w_ngram,2,100,11459,210.12,75,1620,9251,3,16
1784687115.141,real_q8_tensor_220w_ngram,3,77,11459,213.59,70,1620,9251,3,16
1784687115.738,real_q8_tensor_220w_ngram,0,100,11459,208.55,65,1710,9251,3,16
1784687115.738,real_q8_tensor_220w_ngram,1,100,11459,212.46,70,1590,9251,3,16
1784687115.738,real_q8_tensor_220w_ngram,2,100,11459,209.48,75,1620,9251,3,16
1784687115.738,real_q8_tensor_220w_ngram,3,77,11459,212.89,70,1635,9251,3,16
1784687116.338,real_q8_tensor_220w_ngram,0,100,11459,208.83,66,1665,9251,3,16
1784687116.338,real_q8_tensor_220w_ngram,1,100,11459,211.54,69,1590,9251,3,16
1784687116.338,real_q8_tensor_220w_ngram,2,100,11459,209.47,75,1620,9251,3,16
1784687116.338,real_q8_tensor_220w_ngram,3,100,11459,212.74,70,1620,9251,3,16
1784687116.916,real_q8_tensor_220w_ngram,0,100,11459,208.65,66,1695,9251,3,16
1784687116.916,real_q8_tensor_220w_ngram,1,100,11459,211.15,69,1560,9251,3,16
1784687116.916,real_q8_tensor_220w_ngram,2,94,11459,209.47,75,1620,9251,3,16
1784687116.916,real_q8_tensor_220w_ngram,3,76,11459,212.65,70,1590,9251,3,16
1784687117.517,real_q8_tensor_220w_ngram,0,100,11459,207.94,66,1770,9251,3,16
1784687117.517,real_q8_tensor_220w_ngram,1,100,11459,211.87,70,1620,9251,3,16
1784687117.517,real_q8_tensor_220w_ngram,2,100,11459,209.24,75,1665,9251,3,16
1784687117.517,real_q8_tensor_220w_ngram,3,100,11459,211.73,71,1680,9251,3,16
1784687118.114,real_q8_tensor_220w_ngram,0,100,11459,208.42,66,1680,9251,3,16
1784687118.114,real_q8_tensor_220w_ngram,1,100,11459,212.13,70,1575,9251,3,16
1784687118.114,real_q8_tensor_220w_ngram,2,100,11459,209.83,74,1635,9251,3,16
1784687118.114,real_q8_tensor_220w_ngram,3,100,11459,211.42,71,1605,9251,3,16
1784687118.689,real_q8_tensor_220w_ngram,0,100,11459,209.07,66,1695,9251,3,16
1784687118.689,real_q8_tensor_220w_ngram,1,100,11459,211.79,70,1620,9251,3,16
1784687118.689,real_q8_tensor_220w_ngram,2,100,11459,208.93,75,1620,9251,3,16
1784687118.689,real_q8_tensor_220w_ngram,3,100,11459,211.68,71,1695,9251,3,16
1784687119.282,real_q8_tensor_220w_ngram,0,100,11459,208.07,66,1680,9251,3,16
1784687119.282,real_q8_tensor_220w_ngram,1,100,11459,211.43,70,1575,9251,3,16
1784687119.282,real_q8_tensor_220w_ngram,2,100,11459,208.86,75,1620,9251,3,16
1784687119.282,real_q8_tensor_220w_ngram,3,100,11459,211.73,71,1590,9251,3,16
1784687119.855,real_q8_tensor_220w_ngram,0,100,11459,208.36,66,1665,9251,3,16
1784687119.855,real_q8_tensor_220w_ngram,1,100,11459,211.06,69,1590,9251,3,16
1784687119.855,real_q8_tensor_220w_ngram,2,100,11459,208.82,75,1725,9251,3,16
1784687119.855,real_q8_tensor_220w_ngram,3,100,11459,211.03,70,1605,9251,3,16
1784687120.426,real_q8_tensor_220w_ngram,0,100,11459,209.38,66,1725,9251,3,16
1784687120.426,real_q8_tensor_220w_ngram,1,100,11459,210.99,70,1695,9251,3,16
1784687120.426,real_q8_tensor_220w_ngram,2,88,11459,208.72,75,1725,9251,3,16
1784687120.426,real_q8_tensor_220w_ngram,3,100,11459,211.28,71,1680,9251,3,16
1784687121.010,real_q8_tensor_220w_ngram,0,100,11459,208.47,65,1890,9251,3,16
1784687121.010,real_q8_tensor_220w_ngram,1,100,11459,210.80,70,1875,9251,3,16
1784687121.010,real_q8_tensor_220w_ngram,2,100,11459,208.75,75,1830,9251,3,16
1784687121.010,real_q8_tensor_220w_ngram,3,72,11459,211.30,69,1890,9251,3,16
1784687121.606,real_q8_tensor_220w_ngram,0,47,11459,208.10,66,1905,9251,3,16
1784687121.606,real_q8_tensor_220w_ngram,1,82,11459,211.17,68,1890,9251,3,16
1784687121.606,real_q8_tensor_220w_ngram,2,100,11459,208.95,73,1875,9251,3,16
1784687121.606,real_q8_tensor_220w_ngram,3,72,11459,211.01,70,1755,9251,3,16
1784687122.182,real_q8_tensor_220w_ngram,0,47,11459,208.39,65,1635,9251,3,16
1784687122.182,real_q8_tensor_220w_ngram,1,82,11459,211.09,70,1530,9251,3,16
1784687122.182,real_q8_tensor_220w_ngram,2,50,11459,209.58,74,1590,9251,3,16
1784687122.182,real_q8_tensor_220w_ngram,3,74,11459,211.21,70,1560,9251,3,16
1784687122.760,real_q8_tensor_220w_ngram,0,51,11459,209.06,64,1650,9251,3,16
1784687122.760,real_q8_tensor_220w_ngram,1,64,11459,210.60,69,1560,9251,3,16
1784687122.760,real_q8_tensor_220w_ngram,2,50,11459,209.27,74,1620,9251,3,16
1784687122.760,real_q8_tensor_220w_ngram,3,74,11459,211.19,70,1575,9251,3,16
1784687123.342,real_q8_tensor_220w_ngram,0,51,11459,208.45,65,1680,9251,3,16
1784687123.342,real_q8_tensor_220w_ngram,1,64,11459,210.46,68,1575,9251,3,16
1784687123.342,real_q8_tensor_220w_ngram,2,100,11459,208.79,73,1620,9251,3,16
1784687123.342,real_q8_tensor_220w_ngram,3,70,11459,211.21,70,1605,9251,3,16
1784687123.915,real_q8_tensor_220w_ngram,0,94,11459,209.13,65,1710,9251,3,16
1784687123.915,real_q8_tensor_220w_ngram,1,63,11459,211.56,70,1575,9251,3,16
1784687123.915,real_q8_tensor_220w_ngram,2,100,11459,209.39,75,1620,9251,3,16
1784687123.915,real_q8_tensor_220w_ngram,3,70,11459,211.85,70,1635,9251,3,16
1784687124.490,real_q8_tensor_220w_ngram,0,76,11459,207.73,65,1755,9251,3,16
1784687124.490,real_q8_tensor_220w_ngram,1,75,11459,211.38,69,1635,9251,3,16
1784687124.490,real_q8_tensor_220w_ngram,2,75,11459,209.85,74,1620,9251,3,16
1784687124.490,real_q8_tensor_220w_ngram,3,100,11459,211.43,70,1695,9251,3,16
1784687125.066,real_q8_tensor_220w_ngram,0,88,11459,207.24,65,1710,9251,3,16
1784687125.066,real_q8_tensor_220w_ngram,1,100,11459,210.66,69,1680,9251,3,16
1784687125.066,real_q8_tensor_220w_ngram,2,100,11459,209.22,74,1620,9251,3,16
1784687125.066,real_q8_tensor_220w_ngram,3,100,11459,210.95,70,1665,9251,3,16
1784687125.640,real_q8_tensor_220w_ngram,0,88,11459,208.03,66,1650,9251,3,16
1784687125.640,real_q8_tensor_220w_ngram,1,100,11459,211.42,69,1575,9251,3,16
1784687125.640,real_q8_tensor_220w_ngram,2,100,11459,209.98,74,1620,9251,3,16
1784687125.640,real_q8_tensor_220w_ngram,3,100,11459,210.64,70,1590,9251,3,16
1784687126.233,real_q8_tensor_220w_ngram,0,100,11459,207.33,66,1665,9251,3,16
1784687126.233,real_q8_tensor_220w_ngram,1,100,11459,210.62,70,1545,9251,3,16
1784687126.233,real_q8_tensor_220w_ngram,2,100,11459,208.62,75,1695,9251,3,16
1784687126.233,real_q8_tensor_220w_ngram,3,100,11459,211.32,70,1590,9251,3,16
1784687126.807,real_q8_tensor_220w_ngram,0,100,11459,208.69,66,1725,9251,3,16
1784687126.807,real_q8_tensor_220w_ngram,1,100,11459,210.51,69,1575,9251,3,16
1784687126.807,real_q8_tensor_220w_ngram,2,100,11459,209.25,74,1620,9251,3,16
1784687126.807,real_q8_tensor_220w_ngram,3,100,11459,211.07,71,1650,9251,3,16
1784687127.383,real_q8_tensor_220w_ngram,0,100,11459,207.67,66,1755,9251,3,16
1784687127.383,real_q8_tensor_220w_ngram,1,100,11459,210.55,69,1650,9251,3,16
1784687127.383,real_q8_tensor_220w_ngram,2,100,11459,209.99,74,1650,9251,3,16
1784687127.383,real_q8_tensor_220w_ngram,3,100,11459,210.31,70,1650,9251,3,16
1784687127.958,real_q8_tensor_220w_ngram,0,99,11459,207.61,65,1725,9251,3,16
1784687127.958,real_q8_tensor_220w_ngram,1,100,11459,209.60,69,1650,9251,3,16
1784687127.958,real_q8_tensor_220w_ngram,2,85,11459,208.42,75,1695,9251,3,16
1784687127.958,real_q8_tensor_220w_ngram,3,100,11459,210.59,70,1560,9251,3,16
1784687128.536,real_q8_tensor_220w_ngram,0,100,11459,207.47,66,1650,9251,3,16
1784687128.536,real_q8_tensor_220w_ngram,1,100,11459,209.30,69,1545,9251,3,16
1784687128.536,real_q8_tensor_220w_ngram,2,100,11459,208.77,75,1590,9251,3,16
1784687128.536,real_q8_tensor_220w_ngram,3,100,11459,210.87,71,1575,9251,3,16
1784687129.110,real_q8_tensor_220w_ngram,0,100,11459,208.50,66,1755,9251,3,16
1784687129.110,real_q8_tensor_220w_ngram,1,100,11459,209.73,69,1620,9251,3,16
1784687129.110,real_q8_tensor_220w_ngram,2,100,11459,208.43,74,1605,9251,3,16
1784687129.110,real_q8_tensor_220w_ngram,3,100,11459,211.01,71,1680,9251,3,16
1784687129.684,real_q8_tensor_220w_ngram,0,100,11459,207.59,66,1665,9251,3,16
1784687129.684,real_q8_tensor_220w_ngram,1,100,11459,210.02,69,1590,9251,3,16
1784687129.684,real_q8_tensor_220w_ngram,2,100,11459,208.72,75,1620,9251,3,16
1784687129.684,real_q8_tensor_220w_ngram,3,100,11459,210.68,70,1590,9251,3,16
1784687130.277,real_q8_tensor_220w_ngram,0,100,11459,207.41,65,1695,9251,3,16
1784687130.277,real_q8_tensor_220w_ngram,1,100,11459,210.32,70,1575,9251,3,16
1784687130.277,real_q8_tensor_220w_ngram,2,100,11459,208.06,75,1620,9251,3,16
1784687130.277,real_q8_tensor_220w_ngram,3,100,11459,210.82,71,1620,9251,3,16
1784687130.851,real_q8_tensor_220w_ngram,0,100,11459,207.72,66,1680,9251,3,16
1784687130.851,real_q8_tensor_220w_ngram,1,100,11459,210.27,70,1635,9251,3,16
1784687130.851,real_q8_tensor_220w_ngram,2,100,11459,208.38,75,1650,9251,3,16
1784687130.851,real_q8_tensor_220w_ngram,3,100,11459,211.19,71,1620,9251,3,16
1784687131.426,real_q8_tensor_220w_ngram,0,100,11459,207.49,66,1695,9251,3,16
1784687131.426,real_q8_tensor_220w_ngram,1,100,11459,210.29,69,1560,9251,3,16
1784687131.426,real_q8_tensor_220w_ngram,2,94,11459,207.87,74,1605,9251,3,16
1784687131.426,real_q8_tensor_220w_ngram,3,100,11459,210.72,71,1605,9251,3,16
1784687132.004,real_q8_tensor_220w_ngram,0,100,11459,207.01,66,1665,9251,3,16
1784687132.004,real_q8_tensor_220w_ngram,1,100,11459,210.33,69,1620,9251,3,16
1784687132.004,real_q8_tensor_220w_ngram,2,100,11459,207.48,74,1665,9251,3,16
1784687132.004,real_q8_tensor_220w_ngram,3,100,11459,210.32,71,1590,9251,3,16
1784687132.580,real_q8_tensor_220w_ngram,0,100,11459,207.15,66,1635,9251,3,16
1784687132.580,real_q8_tensor_220w_ngram,1,100,11459,210.58,69,1545,9251,3,16
1784687132.580,real_q8_tensor_220w_ngram,2,100,11459,208.18,74,1605,9251,3,16
1784687132.580,real_q8_tensor_220w_ngram,3,100,11459,210.75,70,1560,9251,3,16
1784687133.154,real_q8_tensor_220w_ngram,0,100,11459,206.72,66,1740,9251,3,16
1784687133.154,real_q8_tensor_220w_ngram,1,100,11459,210.01,70,1665,9251,3,16
1784687133.154,real_q8_tensor_220w_ngram,2,100,11459,208.41,75,1710,9251,3,16
1784687133.154,real_q8_tensor_220w_ngram,3,100,11459,210.69,70,1665,9251,3,16
1784687133.728,real_q8_tensor_220w_ngram,0,100,11459,206.89,66,1665,9251,3,16
1784687133.728,real_q8_tensor_220w_ngram,1,100,11459,209.96,70,1545,9251,3,16
1784687133.728,real_q8_tensor_220w_ngram,2,100,11459,207.90,75,1635,9251,3,16
1784687133.728,real_q8_tensor_220w_ngram,3,100,11459,210.59,70,1590,9251,3,16
1784687134.302,real_q8_tensor_220w_ngram,0,100,11459,207.22,65,1740,9251,3,16
1784687134.302,real_q8_tensor_220w_ngram,1,100,11459,210.48,70,1590,9251,3,16
1784687134.302,real_q8_tensor_220w_ngram,2,100,11459,208.57,75,1695,9251,3,16
1784687134.302,real_q8_tensor_220w_ngram,3,100,11459,210.44,70,1575,9251,3,16
1784687134.877,real_q8_tensor_220w_ngram,0,100,11459,206.24,65,1650,9251,3,16
1784687134.877,real_q8_tensor_220w_ngram,1,100,11459,210.17,70,1545,9251,3,16
1784687134.877,real_q8_tensor_220w_ngram,2,100,11459,208.48,75,1590,9251,3,16
1784687134.877,real_q8_tensor_220w_ngram,3,100,11459,209.95,70,1560,9251,3,16
1784687135.452,real_q8_tensor_220w_ngram,0,100,11459,207.09,66,1650,9251,3,16
1784687135.452,real_q8_tensor_220w_ngram,1,100,11459,210.41,70,1560,9251,3,16
1784687135.452,real_q8_tensor_220w_ngram,2,100,11459,207.88,75,1695,9251,3,16
1784687135.452,real_q8_tensor_220w_ngram,3,100,11459,209.33,70,1560,9251,3,16
1784687136.028,real_q8_tensor_220w_ngram,0,100,11459,208.19,66,1725,9251,3,16
1784687136.028,real_q8_tensor_220w_ngram,1,100,11459,210.20,70,1665,9251,3,16
1784687136.028,real_q8_tensor_220w_ngram,2,100,11459,207.24,75,1590,9251,3,16
1784687136.028,real_q8_tensor_220w_ngram,3,100,11459,209.35,71,1665,9251,3,16
1784687136.605,real_q8_tensor_220w_ngram,0,100,11459,207.36,66,1665,9251,3,16
1784687136.605,real_q8_tensor_220w_ngram,1,100,11459,209.85,69,1620,9251,3,16
1784687136.605,real_q8_tensor_220w_ngram,2,100,11459,207.11,75,1650,9251,3,16
1784687136.605,real_q8_tensor_220w_ngram,3,100,11459,209.66,70,1605,9251,3,16
1784687137.199,real_q8_tensor_220w_ngram,0,100,11459,206.99,66,1635,9251,3,16
1784687137.199,real_q8_tensor_220w_ngram,1,100,11459,212.92,69,1545,9251,3,16
1784687137.199,real_q8_tensor_220w_ngram,2,100,11459,211.30,74,1590,9251,3,16
1784687137.199,real_q8_tensor_220w_ngram,3,100,11459,209.94,70,1620,9251,3,16
1784687137.811,real_q8_tensor_220w_ngram,0,100,11459,205.85,66,1650,9251,3,16
1784687137.811,real_q8_tensor_220w_ngram,1,100,11459,208.46,70,1620,9251,3,16
1784687137.811,real_q8_tensor_220w_ngram,2,100,11459,206.65,74,1665,9251,3,16
1784687137.811,real_q8_tensor_220w_ngram,3,100,11459,210.73,70,1575,9251,3,16
1784687138.383,real_q8_tensor_220w_ngram,0,100,11459,208.57,66,1725,9251,3,16
1784687138.383,real_q8_tensor_220w_ngram,1,100,11459,209.49,70,1650,9251,3,16
1784687138.383,real_q8_tensor_220w_ngram,2,100,11459,207.24,75,1605,9251,3,16
1784687138.383,real_q8_tensor_220w_ngram,3,100,11459,212.98,71,1650,9251,3,16
1784687138.953,real_q8_tensor_220w_ngram,0,100,11459,206.96,65,1650,9251,3,16
1784687138.953,real_q8_tensor_220w_ngram,1,100,11459,211.15,70,1530,9251,3,16
1784687138.953,real_q8_tensor_220w_ngram,2,100,11459,208.66,75,1575,9251,3,16
1784687138.953,real_q8_tensor_220w_ngram,3,100,11459,209.70,70,1680,9251,3,16
1784687139.531,real_q8_tensor_220w_ngram,0,97,11459,211.68,66,1785,9251,3,16
1784687139.531,real_q8_tensor_220w_ngram,1,100,11459,207.72,69,1515,9251,3,16
1784687139.531,real_q8_tensor_220w_ngram,2,100,11459,208.29,74,1665,9251,3,16
1784687139.531,real_q8_tensor_220w_ngram,3,100,11459,210.82,71,1560,9251,3,16
1784687140.134,real_q8_tensor_220w_ngram,0,100,11459,207.27,66,1755,9251,3,16
1784687140.134,real_q8_tensor_220w_ngram,1,86,11459,214.28,70,1590,9251,3,16
1784687140.134,real_q8_tensor_220w_ngram,2,92,11459,212.93,75,1635,9251,3,16
1784687140.134,real_q8_tensor_220w_ngram,3,100,11459,212.03,71,1695,9251,3,16
1784687140.724,real_q8_tensor_220w_ngram,0,100,11459,210.55,66,1770,9251,3,16
1784687140.724,real_q8_tensor_220w_ngram,1,86,11459,211.57,70,1695,9251,3,16
1784687140.724,real_q8_tensor_220w_ngram,2,92,11459,210.45,75,1755,9251,3,16
1784687140.724,real_q8_tensor_220w_ngram,3,100,11459,213.43,71,1710,9251,3,16
1784687141.306,real_q8_tensor_220w_ngram,0,100,11459,211.57,65,1755,9251,3,16
1784687141.306,real_q8_tensor_220w_ngram,1,100,11459,209.83,70,1710,9251,3,16
1784687141.306,real_q8_tensor_220w_ngram,2,100,11459,207.17,75,1620,9251,3,16
1784687141.306,real_q8_tensor_220w_ngram,3,100,11459,214.38,70,1710,9251,3,16
1784687141.873,real_q8_tensor_220w_ngram,0,100,11459,206.51,66,1725,9251,3,16
1784687141.873,real_q8_tensor_220w_ngram,1,100,11459,212.71,70,1575,9251,3,16
1784687141.873,real_q8_tensor_220w_ngram,2,100,11459,210.55,74,1575,9251,3,16
1784687141.873,real_q8_tensor_220w_ngram,3,100,11459,208.94,70,1650,9251,3,16
1784687142.439,real_q8_tensor_220w_ngram,0,100,11459,206.70,66,1620,9251,3,16
1784687142.439,real_q8_tensor_220w_ngram,1,100,11459,214.22,70,1575,9251,3,16
1784687142.439,real_q8_tensor_220w_ngram,2,100,11459,211.78,75,1560,9251,3,16
1784687142.439,real_q8_tensor_220w_ngram,3,100,11459,209.47,71,1650,9251,3,16
1784687143.011,real_q8_tensor_220w_ngram,0,100,11459,206.89,66,1620,9251,3,16
1784687143.011,real_q8_tensor_220w_ngram,1,100,11459,209.34,70,1515,9251,3,16
1784687143.011,real_q8_tensor_220w_ngram,2,100,11459,207.02,75,1575,9251,3,16
1784687143.011,real_q8_tensor_220w_ngram,3,100,11459,211.33,70,1560,9251,3,16
1784687143.584,real_q8_tensor_220w_ngram,0,100,11459,210.05,66,1635,9251,3,16
1784687143.584,real_q8_tensor_220w_ngram,1,100,11459,208.60,70,1515,9251,3,16
1784687143.584,real_q8_tensor_220w_ngram,2,100,11459,206.83,74,1665,9251,3,16
1784687143.584,real_q8_tensor_220w_ngram,3,100,11459,213.07,70,1560,9251,3,16
1784687144.159,real_q8_tensor_220w_ngram,0,100,11459,207.35,66,1620,9251,3,16
1784687144.159,real_q8_tensor_220w_ngram,1,100,11459,209.49,70,1545,9251,3,16
1784687144.159,real_q8_tensor_220w_ngram,2,100,11459,207.87,75,1590,9251,3,16
1784687144.159,real_q8_tensor_220w_ngram,3,100,11459,209.31,71,1590,9251,3,16
1784687144.735,real_q8_tensor_220w_ngram,0,100,11459,206.04,66,1740,9251,3,16
1784687144.735,real_q8_tensor_220w_ngram,1,100,11459,211.36,70,1605,9251,3,16
1784687144.735,real_q8_tensor_220w_ngram,2,100,11459,209.29,74,1650,9251,3,16
1784687144.735,real_q8_tensor_220w_ngram,3,100,11459,209.25,70,1680,9251,3,16
1784687145.328,real_q8_tensor_220w_ngram,0,100,11459,206.17,65,1740,9251,3,16
1784687145.328,real_q8_tensor_220w_ngram,1,100,11459,209.35,70,1650,9251,3,16
1784687145.328,real_q8_tensor_220w_ngram,2,100,11459,210.94,75,1575,9251,3,16
1784687145.328,real_q8_tensor_220w_ngram,3,100,11459,208.57,70,1665,9251,3,16
1784687145.904,real_q8_tensor_220w_ngram,0,100,11459,204.97,66,1665,9251,3,16
1784687145.904,real_q8_tensor_220w_ngram,1,100,11459,208.63,70,1605,9251,3,16
1784687145.904,real_q8_tensor_220w_ngram,2,100,11459,207.08,74,1635,9251,3,16
1784687145.904,real_q8_tensor_220w_ngram,3,100,11459,209.48,70,1590,9251,3,16
1784687146.478,real_q8_tensor_220w_ngram,0,100,11459,206.45,65,1725,9251,3,16
1784687146.478,real_q8_tensor_220w_ngram,1,100,11459,208.94,70,1500,9251,3,16
1784687146.478,real_q8_tensor_220w_ngram,2,100,11459,206.48,75,1695,9251,3,16
1784687146.478,real_q8_tensor_220w_ngram,3,100,11459,210.80,70,1530,9251,3,16
1784687147.055,real_q8_tensor_220w_ngram,0,100,11459,206.19,66,1650,9251,3,16
1784687147.055,real_q8_tensor_220w_ngram,1,100,11459,208.90,70,1560,9251,3,16
1784687147.055,real_q8_tensor_220w_ngram,2,100,11459,206.73,75,1620,9251,3,16
1784687147.055,real_q8_tensor_220w_ngram,3,100,11459,208.83,71,1560,9251,3,16
1784687147.630,real_q8_tensor_220w_ngram,0,100,11459,205.65,66,1740,9251,3,16
1784687147.630,real_q8_tensor_220w_ngram,1,100,11459,207.83,70,1650,9251,3,16
1784687147.630,real_q8_tensor_220w_ngram,2,100,11459,206.02,74,1695,9251,3,16
1784687147.630,real_q8_tensor_220w_ngram,3,100,11459,209.75,70,1545,9251,3,16
1784687148.233,real_q8_tensor_220w_ngram,0,100,11459,206.79,65,1680,9251,3,16
1784687148.233,real_q8_tensor_220w_ngram,1,100,11459,209.10,70,1530,9251,3,16
1784687148.233,real_q8_tensor_220w_ngram,2,100,11459,206.34,75,1590,9251,3,16
1784687148.233,real_q8_tensor_220w_ngram,3,100,11459,208.98,70,1650,9251,3,16
1784687148.832,real_q8_tensor_220w_ngram,0,100,11459,205.89,66,1725,9251,3,16
1784687148.832,real_q8_tensor_220w_ngram,1,100,11459,210.11,70,1650,9251,3,16
1784687148.832,real_q8_tensor_220w_ngram,2,100,11459,208.31,74,1695,9251,3,16
1784687148.832,real_q8_tensor_220w_ngram,3,100,11459,208.54,71,1545,9251,3,16
1784687149.409,real_q8_tensor_220w_ngram,0,100,11459,205.10,66,1710,9251,3,16
1784687149.409,real_q8_tensor_220w_ngram,1,100,11459,211.54,69,1560,9251,3,16
1784687149.409,real_q8_tensor_220w_ngram,2,100,11459,209.11,74,1605,9251,3,16
1784687149.409,real_q8_tensor_220w_ngram,3,100,11459,209.33,70,1620,9251,3,16
1784687150.007,real_q8_tensor_220w_ngram,0,100,11459,205.44,65,1620,9251,3,16
1784687150.007,real_q8_tensor_220w_ngram,1,100,11459,211.87,70,1470,9251,3,16
1784687150.007,real_q8_tensor_220w_ngram,2,100,11459,209.23,74,1545,9251,3,16
1784687150.007,real_q8_tensor_220w_ngram,3,100,11459,209.75,70,1530,9251,3,16
1784687150.606,real_q8_tensor_220w_ngram,0,100,11459,206.49,65,1755,9251,3,16
1784687150.606,real_q8_tensor_220w_ngram,1,100,11459,208.98,70,1635,9251,3,16
1784687150.606,real_q8_tensor_220w_ngram,2,100,11459,206.41,74,1575,9251,3,16
1784687150.606,real_q8_tensor_220w_ngram,3,100,11459,209.04,70,1680,9251,3,16
1784687151.181,real_q8_tensor_220w_ngram,0,100,11459,205.71,66,1695,9251,3,16
1784687151.181,real_q8_tensor_220w_ngram,1,100,11459,209.38,70,1545,9251,3,16
1784687151.181,real_q8_tensor_220w_ngram,2,100,11459,206.98,74,1560,9251,3,16
1784687151.181,real_q8_tensor_220w_ngram,3,100,11459,208.44,70,1620,9251,3,16
1784687151.775,real_q8_tensor_220w_ngram,0,100,11459,204.72,66,1725,9251,3,16
1784687151.775,real_q8_tensor_220w_ngram,1,100,11459,208.46,70,1575,9251,3,16
1784687151.775,real_q8_tensor_220w_ngram,2,100,11459,206.91,74,1635,9251,3,16
1784687151.775,real_q8_tensor_220w_ngram,3,100,11459,209.02,70,1590,9251,3,16
1784687152.350,real_q8_tensor_220w_ngram,0,100,11459,204.83,65,1665,9251,3,16
1784687152.350,real_q8_tensor_220w_ngram,1,100,11459,208.15,69,1530,9251,3,16
1784687152.350,real_q8_tensor_220w_ngram,2,100,11459,206.27,74,1575,9251,3,16
1784687152.350,real_q8_tensor_220w_ngram,3,100,11459,211.40,70,1650,9251,3,16
1784687152.950,real_q8_tensor_220w_ngram,0,100,11459,204.70,65,1680,9251,3,16
1784687152.950,real_q8_tensor_220w_ngram,1,100,11459,208.07,70,1620,9251,3,16
1784687152.950,real_q8_tensor_220w_ngram,2,100,11459,206.32,75,1665,9251,3,16
1784687152.950,real_q8_tensor_220w_ngram,3,100,11459,210.11,70,1635,9251,3,16
1784687153.526,real_q8_tensor_220w_ngram,0,100,11459,205.06,65,1650,9251,3,16
1784687153.526,real_q8_tensor_220w_ngram,1,100,11459,207.90,70,1530,9251,3,16
1784687153.526,real_q8_tensor_220w_ngram,2,100,11459,205.77,75,1620,9251,3,16
1784687153.526,real_q8_tensor_220w_ngram,3,100,11459,208.64,71,1590,9251,3,16
1784687154.100,real_q8_tensor_220w_ngram,0,100,11459,204.95,66,1635,9251,3,16
1784687154.100,real_q8_tensor_220w_ngram,1,100,11459,208.01,70,1620,9251,3,16
1784687154.100,real_q8_tensor_220w_ngram,2,100,11459,205.84,74,1635,9251,3,16
1784687154.100,real_q8_tensor_220w_ngram,3,100,11459,208.44,71,1590,9251,3,16
1784687154.675,real_q8_tensor_220w_ngram,0,100,11459,205.00,66,1620,9251,3,16
1784687154.675,real_q8_tensor_220w_ngram,1,100,11459,208.10,70,1530,9251,3,16
1784687154.675,real_q8_tensor_220w_ngram,2,100,11459,206.28,74,1590,9251,3,16
1784687154.675,real_q8_tensor_220w_ngram,3,100,11459,208.64,70,1635,9251,3,16
1784687155.250,real_q8_tensor_220w_ngram,0,100,11459,205.04,66,1740,9251,3,16
1784687155.250,real_q8_tensor_220w_ngram,1,100,11459,208.43,69,1650,9251,3,16
1784687155.250,real_q8_tensor_220w_ngram,2,100,11459,206.36,74,1695,9251,3,16
1784687155.250,real_q8_tensor_220w_ngram,3,100,11459,209.27,70,1680,9251,3,16
1784687155.826,real_q8_tensor_220w_ngram,0,100,11459,205.40,66,1635,9251,3,16
1784687155.826,real_q8_tensor_220w_ngram,1,100,11459,208.24,69,1485,9251,3,16
1784687155.826,real_q8_tensor_220w_ngram,2,100,11459,206.29,74,1665,9251,3,16
1784687155.826,real_q8_tensor_220w_ngram,3,100,11459,209.26,70,1560,9251,3,16
1784687156.399,real_q8_tensor_220w_ngram,0,100,11459,205.15,66,1665,9251,3,16
1784687156.399,real_q8_tensor_220w_ngram,1,100,11459,208.35,69,1515,9251,3,16
1784687156.399,real_q8_tensor_220w_ngram,2,100,11459,206.46,74,1635,9251,3,16
1784687156.399,real_q8_tensor_220w_ngram,3,100,11459,208.91,70,1575,9251,3,16
1784687156.993,real_q8_tensor_220w_ngram,0,74,11459,205.47,66,1695,9251,3,16
1784687156.993,real_q8_tensor_220w_ngram,1,100,11459,207.92,69,1545,9251,3,16
1784687156.993,real_q8_tensor_220w_ngram,2,100,11459,206.19,74,1605,9251,3,16
1784687156.993,real_q8_tensor_220w_ngram,3,100,11459,207.64,70,1635,9251,3,16
1784687157.610,real_q8_tensor_220w_ngram,0,100,11459,204.45,66,1725,9251,3,16
1784687157.610,real_q8_tensor_220w_ngram,1,100,11459,207.29,69,1590,9251,3,16
1784687157.610,real_q8_tensor_220w_ngram,2,100,11459,205.56,74,1635,9251,3,16
1784687157.610,real_q8_tensor_220w_ngram,3,100,11459,207.10,70,1650,9251,3,16
1784687158.203,real_q8_tensor_220w_ngram,0,72,11459,204.38,65,1620,9251,3,16
1784687158.203,real_q8_tensor_220w_ngram,1,100,11459,207.66,69,1515,9251,3,16
1784687158.203,real_q8_tensor_220w_ngram,2,100,11459,206.36,74,1560,9251,3,16
1784687158.203,real_q8_tensor_220w_ngram,3,100,11459,207.60,70,1560,9251,3,16
1784687158.781,real_q8_tensor_220w_ngram,0,100,11459,205.26,65,1695,9251,3,16
1784687158.781,real_q8_tensor_220w_ngram,1,100,11459,208.25,70,1545,9251,3,16
1784687158.781,real_q8_tensor_220w_ngram,2,100,11459,206.65,74,1560,9251,3,16
1784687158.781,real_q8_tensor_220w_ngram,3,100,11459,208.67,70,1635,9251,3,16
1784687159.375,real_q8_tensor_220w_ngram,0,100,11459,204.93,65,1695,9251,3,16
1784687159.375,real_q8_tensor_220w_ngram,1,100,11459,207.83,70,1470,9251,3,16
1784687159.375,real_q8_tensor_220w_ngram,2,100,11459,205.88,74,1680,9251,3,16
1784687159.375,real_q8_tensor_220w_ngram,3,100,11459,209.09,70,1515,9251,3,16
1784687159.951,real_q8_tensor_220w_ngram,0,100,11459,204.15,65,1710,9251,3,16
1784687159.951,real_q8_tensor_220w_ngram,1,100,11459,207.26,69,1620,9251,3,16
1784687159.951,real_q8_tensor_220w_ngram,2,70,11459,205.27,74,1665,9251,3,16
1784687159.951,real_q8_tensor_220w_ngram,3,100,11459,208.46,70,1560,9251,3,16
1784687160.526,real_q8_tensor_220w_ngram,0,100,11459,203.50,65,1680,9251,3,16
1784687160.526,real_q8_tensor_220w_ngram,1,100,11459,207.56,70,1635,9251,3,16
1784687160.526,real_q8_tensor_220w_ngram,2,100,11459,206.25,74,1590,9251,3,16
1784687160.526,real_q8_tensor_220w_ngram,3,100,11459,208.71,70,1650,9251,3,16
1784687161.117,real_q8_tensor_220w_ngram,0,100,11459,204.15,65,1740,9251,3,16
1784687161.117,real_q8_tensor_220w_ngram,1,73,11459,208.54,69,1635,9251,3,16
1784687161.117,real_q8_tensor_220w_ngram,2,100,11459,206.91,74,1545,9251,3,16
1784687161.117,real_q8_tensor_220w_ngram,3,100,11459,207.96,70,1665,9251,3,16
1784687161.692,real_q8_tensor_220w_ngram,0,100,11459,205.32,64,1575,9251,3,16
1784687161.692,real_q8_tensor_220w_ngram,1,73,11459,208.46,69,1485,9251,3,16
1784687161.692,real_q8_tensor_220w_ngram,2,71,11459,206.34,74,1530,9251,3,16
1784687161.692,real_q8_tensor_220w_ngram,3,100,11459,207.56,70,1515,9251,3,16
1784687162.266,real_q8_tensor_220w_ngram,0,50,11459,203.92,64,1605,9251,3,16
1784687162.266,real_q8_tensor_220w_ngram,1,57,11459,207.49,69,1560,9251,3,16
1784687162.266,real_q8_tensor_220w_ngram,2,71,11459,205.13,74,1650,9251,3,16
1784687162.266,real_q8_tensor_220w_ngram,3,41,11459,208.75,70,1545,9251,3,16
1784687162.842,real_q8_tensor_220w_ngram,0,50,11459,204.10,64,1575,9251,3,16
1784687162.842,real_q8_tensor_220w_ngram,1,57,11459,206.94,68,1515,9251,3,16
1784687162.842,real_q8_tensor_220w_ngram,2,53,11459,205.57,73,1740,9251,3,16
1784687162.842,real_q8_tensor_220w_ngram,3,41,11459,206.84,69,1500,9251,3,16
1784687163.418,real_q8_tensor_220w_ngram,0,72,11459,206.20,64,1890,9251,3,16
1784687163.418,real_q8_tensor_220w_ngram,1,94,11459,210.88,69,1830,9251,3,16
1784687163.418,real_q8_tensor_220w_ngram,2,53,11459,210.72,74,1860,9251,3,16
1784687163.418,real_q8_tensor_220w_ngram,3,55,11459,207.67,69,1875,9251,3,16
1784687163.987,real_q8_tensor_220w_ngram,0,100,11459,206.63,65,1830,9251,3,16
1784687163.987,real_q8_tensor_220w_ngram,1,100,11459,211.04,69,1800,9251,3,16
1784687163.987,real_q8_tensor_220w_ngram,2,100,11459,209.93,74,1740,9251,3,16
1784687163.987,real_q8_tensor_220w_ngram,3,80,11459,208.44,70,1800,9251,3,16
1784687164.553,real_q8_tensor_220w_ngram,0,100,11459,207.53,66,1650,9251,3,16
1784687164.553,real_q8_tensor_220w_ngram,1,100,11459,210.59,69,1605,9251,3,16
1784687164.553,real_q8_tensor_220w_ngram,2,100,11459,210.40,74,1650,9251,3,16
1784687164.553,real_q8_tensor_220w_ngram,3,100,11459,213.29,71,1605,9251,3,16
1784687165.122,real_q8_tensor_220w_ngram,0,100,11459,206.97,65,1620,9251,3,16
1784687165.122,real_q8_tensor_220w_ngram,1,100,11459,207.43,70,1605,9251,3,16
1784687165.122,real_q8_tensor_220w_ngram,2,100,11459,211.94,74,1620,9251,3,16
1784687165.122,real_q8_tensor_220w_ngram,3,100,11459,212.18,70,1575,9251,3,16
1784687165.696,real_q8_tensor_220w_ngram,0,100,11459,204.43,66,1620,9251,3,16
1784687165.696,real_q8_tensor_220w_ngram,1,100,11459,206.88,69,1485,9251,3,16
1784687165.696,real_q8_tensor_220w_ngram,2,100,11459,204.20,74,1635,9251,3,16
1784687165.696,real_q8_tensor_220w_ngram,3,100,11459,210.39,70,1575,9251,3,16
1784687166.287,real_q8_tensor_220w_ngram,0,100,11459,203.69,65,1605,9251,3,16
1784687166.287,real_q8_tensor_220w_ngram,1,100,11459,207.26,70,1560,9251,3,16
1784687166.287,real_q8_tensor_220w_ngram,2,100,11459,205.34,74,1620,9251,3,16
1784687166.287,real_q8_tensor_220w_ngram,3,100,11459,207.87,70,1545,9251,3,16
1784687166.862,real_q8_tensor_220w_ngram,0,100,11459,204.35,65,1590,9251,3,16
1784687166.862,real_q8_tensor_220w_ngram,1,100,11459,207.77,70,1500,9251,3,16
1784687166.862,real_q8_tensor_220w_ngram,2,100,11459,205.71,74,1680,9251,3,16
1784687166.862,real_q8_tensor_220w_ngram,3,100,11459,207.73,70,1530,9251,3,16
1784687167.435,real_q8_tensor_220w_ngram,0,88,11459,204.24,65,1590,9251,3,16
1784687167.435,real_q8_tensor_220w_ngram,1,100,11459,206.80,69,1470,9251,3,16
1784687167.435,real_q8_tensor_220w_ngram,2,100,11459,204.98,74,1680,9251,3,16
1784687167.435,real_q8_tensor_220w_ngram,3,100,11459,208.32,70,1530,9251,3,16
1784687168.013,real_q8_tensor_220w_ngram,0,100,11459,204.45,65,1605,9251,3,16
1784687168.013,real_q8_tensor_220w_ngram,1,100,11459,206.45,70,1620,9251,3,16
1784687168.013,real_q8_tensor_220w_ngram,2,100,11459,205.03,74,1500,9251,3,16
1784687168.013,real_q8_tensor_220w_ngram,3,100,11459,208.30,70,1650,9251,3,16
1784687168.606,real_q8_tensor_220w_ngram,0,70,11459,204.47,66,1635,9251,3,16
1784687168.606,real_q8_tensor_220w_ngram,1,100,11459,206.92,70,1440,9251,3,16
1784687168.606,real_q8_tensor_220w_ngram,2,100,11459,204.87,74,1650,9251,3,16
1784687168.606,real_q8_tensor_220w_ngram,3,100,11459,208.12,70,1545,9251,3,16
1784687169.210,real_q8_tensor_220w_ngram,0,100,11459,204.32,65,1590,9251,3,16
1784687169.210,real_q8_tensor_220w_ngram,1,100,11459,207.14,70,1500,9251,3,16
1784687169.210,real_q8_tensor_220w_ngram,2,100,11459,205.02,74,1560,9251,3,16
1784687169.210,real_q8_tensor_220w_ngram,3,100,11459,207.75,70,1605,9251,3,16
1784687169.784,real_q8_tensor_220w_ngram,0,100,11459,203.97,65,1725,9251,3,16
1784687169.784,real_q8_tensor_220w_ngram,1,100,11459,206.63,70,1590,9251,3,16
1784687169.784,real_q8_tensor_220w_ngram,2,100,11459,204.72,74,1665,9251,3,16
1784687169.784,real_q8_tensor_220w_ngram,3,100,11459,207.86,70,1650,9251,3,16
1784687170.382,real_q8_tensor_220w_ngram,0,100,11459,204.28,65,1680,9251,3,16
1784687170.382,real_q8_tensor_220w_ngram,1,100,11459,206.71,69,1605,9251,3,16
1784687170.382,real_q8_tensor_220w_ngram,2,100,11459,204.73,74,1605,9251,3,16
1784687170.382,real_q8_tensor_220w_ngram,3,100,11459,207.64,70,1605,9251,3,16
1784687170.955,real_q8_tensor_220w_ngram,0,69,11459,203.89,65,1590,9251,3,16
1784687170.955,real_q8_tensor_220w_ngram,1,69,11459,206.47,70,1470,9251,3,16
1784687170.955,real_q8_tensor_220w_ngram,2,100,11459,204.35,74,1665,9251,3,16
1784687170.955,real_q8_tensor_220w_ngram,3,78,11459,208.86,70,1500,9251,3,16
1784687171.533,real_q8_tensor_220w_ngram,0,43,11459,204.09,65,1605,9251,3,16
1784687171.533,real_q8_tensor_220w_ngram,1,95,11459,207.00,69,1530,9251,3,16
1784687171.533,real_q8_tensor_220w_ngram,2,100,11459,204.74,72,1605,9251,3,16
1784687171.533,real_q8_tensor_220w_ngram,3,58,11459,208.69,70,1605,9251,3,16
1784687172.110,real_q8_tensor_220w_ngram,0,43,11459,201.94,64,1635,9251,3,16
1784687172.110,real_q8_tensor_220w_ngram,1,95,11459,207.18,68,1365,9251,3,16
1784687172.110,real_q8_tensor_220w_ngram,2,68,11459,206.35,73,1500,9251,3,16
1784687172.110,real_q8_tensor_220w_ngram,3,58,11459,204.91,69,1515,9251,3,16
1784687172.686,real_q8_tensor_220w_ngram,0,56,11459,203.04,64,1905,9251,3,16
1784687172.686,real_q8_tensor_220w_ngram,1,82,11459,209.16,68,1890,9251,3,16
1784687172.686,real_q8_tensor_220w_ngram,2,68,11459,208.56,74,1875,9251,3,16
1784687172.686,real_q8_tensor_220w_ngram,3,44,11459,204.96,69,1905,9251,3,16
1784687173.281,real_q8_tensor_220w_ngram,0,56,11459,205.94,65,1845,9251,3,16
1784687173.281,real_q8_tensor_220w_ngram,1,82,11459,210.41,69,1800,9251,3,16
1784687173.281,real_q8_tensor_220w_ngram,2,100,11459,208.72,74,1725,9251,3,16
1784687173.281,real_q8_tensor_220w_ngram,3,44,11459,207.85,70,1815,9251,3,16
1784687173.844,real_q8_tensor_220w_ngram,0,100,11459,209.16,65,1575,9251,3,16
1784687173.844,real_q8_tensor_220w_ngram,1,100,11459,211.13,70,1440,9251,3,16
1784687173.844,real_q8_tensor_220w_ngram,2,100,11459,209.95,74,1500,9251,3,16
1784687173.844,real_q8_tensor_220w_ngram,3,100,11459,213.02,70,1500,9251,3,16
1784687174.416,real_q8_tensor_220w_ngram,0,100,11459,205.37,66,1710,9251,3,16
1784687174.416,real_q8_tensor_220w_ngram,1,100,11459,206.38,70,1575,9251,3,16
1784687174.416,real_q8_tensor_220w_ngram,2,100,11459,211.74,74,1515,9251,3,16
1784687174.416,real_q8_tensor_220w_ngram,3,100,11459,211.02,70,1635,9251,3,16
1784687174.991,real_q8_tensor_220w_ngram,0,100,11459,202.32,65,1605,9251,3,16
1784687174.991,real_q8_tensor_220w_ngram,1,100,11459,205.83,70,1575,9251,3,16
1784687174.991,real_q8_tensor_220w_ngram,2,100,11459,204.09,74,1635,9251,3,16
1784687174.991,real_q8_tensor_220w_ngram,3,100,11459,208.38,70,1530,9251,3,16
1784687175.566,real_q8_tensor_220w_ngram,0,100,11459,203.45,66,1590,9251,3,16
1784687175.566,real_q8_tensor_220w_ngram,1,100,11459,206.24,70,1575,9251,3,16
1784687175.566,real_q8_tensor_220w_ngram,2,100,11459,204.37,74,1620,9251,3,16
1784687175.566,real_q8_tensor_220w_ngram,3,100,11459,208.38,70,1545,9251,3,16
1784687176.140,real_q8_tensor_220w_ngram,0,100,11459,204.06,65,1695,9251,3,16
1784687176.140,real_q8_tensor_220w_ngram,1,100,11459,206.74,70,1620,9251,3,16
1784687176.140,real_q8_tensor_220w_ngram,2,100,11459,204.49,74,1545,9251,3,16
1784687176.140,real_q8_tensor_220w_ngram,3,100,11459,207.81,70,1635,9251,3,16
1784687176.734,real_q8_tensor_220w_ngram,0,100,11459,203.54,65,1635,9251,3,16
1784687176.734,real_q8_tensor_220w_ngram,1,100,11459,206.12,70,1590,9251,3,16
1784687176.734,real_q8_tensor_220w_ngram,2,100,11459,205.11,74,1500,9251,3,16
1784687176.734,real_q8_tensor_220w_ngram,3,100,11459,207.22,70,1650,9251,3,16
1784687177.324,real_q8_tensor_220w_ngram,0,100,11459,202.91,65,1620,9251,3,16
1784687177.324,real_q8_tensor_220w_ngram,1,100,11459,205.62,69,1590,9251,3,16
1784687177.324,real_q8_tensor_220w_ngram,2,100,11459,204.32,74,1635,9251,3,16
1784687177.324,real_q8_tensor_220w_ngram,3,100,11459,206.86,70,1590,9251,3,16
1784687177.899,real_q8_tensor_220w_ngram,0,100,11459,202.49,65,1680,9251,3,16
1784687177.899,real_q8_tensor_220w_ngram,1,100,11459,205.33,70,1620,9251,3,16
1784687177.899,real_q8_tensor_220w_ngram,2,100,11459,204.51,74,1560,9251,3,16
1784687177.899,real_q8_tensor_220w_ngram,3,100,11459,207.18,70,1620,9251,3,16
1784687178.493,real_q8_tensor_220w_ngram,0,100,11459,202.37,65,1650,9251,3,16
1784687178.493,real_q8_tensor_220w_ngram,1,75,11459,205.90,70,1470,9251,3,16
1784687178.493,real_q8_tensor_220w_ngram,2,69,11459,204.26,74,1635,9251,3,16
1784687178.493,real_q8_tensor_220w_ngram,3,100,11459,206.61,70,1575,9251,3,16
1784687179.073,real_q8_tensor_220w_ngram,0,68,11459,202.96,64,1665,9251,3,16
1784687179.073,real_q8_tensor_220w_ngram,1,91,11459,205.99,70,1455,9251,3,16
1784687179.073,real_q8_tensor_220w_ngram,2,50,11459,204.06,74,1635,9251,3,16
1784687179.073,real_q8_tensor_220w_ngram,3,75,11459,207.28,70,1575,9251,3,16
1784687179.670,real_q8_tensor_220w_ngram,0,97,11459,203.88,64,1905,9251,3,16
1784687179.670,real_q8_tensor_220w_ngram,1,35,11459,202.23,70,1515,9251,3,16
1784687179.670,real_q8_tensor_220w_ngram,2,50,11459,201.17,73,1710,9251,3,16
1784687179.670,real_q8_tensor_220w_ngram,3,67,11459,208.40,69,1485,9251,3,16
1784687180.247,real_q8_tensor_220w_ngram,0,97,11459,208.09,66,1845,9251,3,16
1784687180.247,real_q8_tensor_220w_ngram,1,35,11459,205.05,70,1830,9251,3,16
1784687180.247,real_q8_tensor_220w_ngram,2,67,11459,203.59,74,1830,9251,3,16
1784687180.247,real_q8_tensor_220w_ngram,3,67,11459,212.71,70,1830,9251,3,16
1784687180.809,real_q8_tensor_220w_ngram,0,100,11459,206.91,65,1695,9251,3,16
1784687180.809,real_q8_tensor_220w_ngram,1,90,11459,208.67,70,1650,9251,3,16
1784687180.809,real_q8_tensor_220w_ngram,2,67,11459,208.04,74,1590,9251,3,16
1784687180.809,real_q8_tensor_220w_ngram,3,100,11459,211.44,70,1635,9251,3,16
1784687181.398,real_q8_tensor_220w_ngram,0,100,11459,209.94,65,1560,9251,3,16
1784687181.398,real_q8_tensor_220w_ngram,1,90,11459,209.05,70,1455,9251,3,16
1784687181.398,real_q8_tensor_220w_ngram,2,100,11459,207.69,74,1485,9251,3,16
1784687181.398,real_q8_tensor_220w_ngram,3,100,11459,213.04,70,1485,9251,3,16
1784687181.975,real_q8_tensor_220w_ngram,0,100,11459,206.73,65,1695,9251,3,16
1784687181.975,real_q8_tensor_220w_ngram,1,100,11459,206.07,70,1620,9251,3,16
1784687181.975,real_q8_tensor_220w_ngram,2,100,11459,208.69,74,1560,9251,3,16
1784687181.975,real_q8_tensor_220w_ngram,3,100,11459,210.55,70,1620,9251,3,16
1784687182.594,real_q8_tensor_220w_ngram,0,100,11459,202.50,65,1695,9251,3,16
1784687182.594,real_q8_tensor_220w_ngram,1,100,11459,205.68,70,1545,9251,3,16
1784687182.594,real_q8_tensor_220w_ngram,2,100,11459,203.61,74,1545,9251,3,16
1784687182.594,real_q8_tensor_220w_ngram,3,100,11459,207.37,70,1620,9251,3,16
1784687183.170,real_q8_tensor_220w_ngram,0,100,11459,202.56,65,1560,9251,3,16
1784687183.170,real_q8_tensor_220w_ngram,1,100,11459,205.56,70,1440,9251,3,16
1784687183.170,real_q8_tensor_220w_ngram,2,100,11459,203.62,74,1650,9251,3,16
1784687183.170,real_q8_tensor_220w_ngram,3,100,11459,207.04,70,1470,9251,3,16
1784687183.744,real_q8_tensor_220w_ngram,0,100,11459,203.00,65,1695,9251,3,16
1784687183.744,real_q8_tensor_220w_ngram,1,100,11459,205.17,70,1560,9251,3,16
1784687183.744,real_q8_tensor_220w_ngram,2,100,11459,203.56,74,1605,9251,3,16
1784687183.744,real_q8_tensor_220w_ngram,3,100,11459,207.24,70,1620,9251,3,16
1784687184.317,real_q8_tensor_220w_ngram,0,100,11459,201.71,65,1710,9251,3,16
1784687184.317,real_q8_tensor_220w_ngram,1,100,11459,205.02,70,1590,9251,3,16
1784687184.317,real_q8_tensor_220w_ngram,2,100,11459,204.03,74,1500,9251,3,16
1784687184.317,real_q8_tensor_220w_ngram,3,100,11459,206.89,70,1650,9251,3,16
1784687184.911,real_q8_tensor_220w_ngram,0,100,11459,201.71,65,1665,9251,3,16
1784687184.911,real_q8_tensor_220w_ngram,1,100,11459,205.34,70,1515,9251,3,16
1784687184.911,real_q8_tensor_220w_ngram,2,83,11459,203.67,74,1620,9251,3,16
1784687184.911,real_q8_tensor_220w_ngram,3,100,11459,206.99,70,1590,9251,3,16
1784687185.486,real_q8_tensor_220w_ngram,0,82,11459,202.81,65,1545,9251,3,16
1784687185.486,real_q8_tensor_220w_ngram,1,53,11459,206.19,70,1455,9251,3,16
1784687185.486,real_q8_tensor_220w_ngram,2,68,11459,203.62,74,1485,9251,3,16
1784687185.486,real_q8_tensor_220w_ngram,3,94,11459,206.13,70,1650,9251,3,16
1784687186.080,real_q8_tensor_220w_ngram,0,82,11459,202.74,64,1515,9251,3,16
1784687186.080,real_q8_tensor_220w_ngram,1,53,11459,202.97,69,1395,9251,3,16
1784687186.080,real_q8_tensor_220w_ngram,2,36,11459,200.85,73,1845,9251,3,16
1784687186.080,real_q8_tensor_220w_ngram,3,94,11459,206.63,69,1470,9251,3,16
1784687186.655,real_q8_tensor_220w_ngram,0,100,11459,207.45,65,1890,9251,3,16
1784687186.655,real_q8_tensor_220w_ngram,1,80,11459,206.15,69,1845,9251,3,16
1784687186.655,real_q8_tensor_220w_ngram,2,36,11459,205.49,73,1785,9251,3,16
1784687186.655,real_q8_tensor_220w_ngram,3,100,11459,210.39,70,1830,9251,3,16
1784687187.215,real_q8_tensor_220w_ngram,0,100,11459,207.86,66,1575,9251,3,16
1784687187.215,real_q8_tensor_220w_ngram,1,80,11459,212.27,70,1425,9251,3,16
1784687187.215,real_q8_tensor_220w_ngram,2,100,11459,208.12,74,1635,9251,3,16
1784687187.215,real_q8_tensor_220w_ngram,3,100,11459,211.11,70,1440,9251,3,16
1784687187.788,real_q8_tensor_220w_ngram,0,100,11459,208.01,65,1590,9251,3,16
1784687187.788,real_q8_tensor_220w_ngram,1,100,11459,207.82,70,1560,9251,3,16
1784687187.788,real_q8_tensor_220w_ngram,2,100,11459,206.13,74,1620,9251,3,16
1784687187.788,real_q8_tensor_220w_ngram,3,100,11459,213.78,70,1545,9251,3,16
1784687188.362,real_q8_tensor_220w_ngram,0,100,11459,203.77,65,1665,9251,3,16
1784687188.362,real_q8_tensor_220w_ngram,1,100,11459,204.94,70,1545,9251,3,16
1784687188.362,real_q8_tensor_220w_ngram,2,100,11459,204.40,74,1605,9251,3,16
1784687188.362,real_q8_tensor_220w_ngram,3,100,11459,209.43,70,1590,9251,3,16
1784687188.935,real_q8_tensor_220w_ngram,0,100,11459,203.35,65,1695,9251,3,16
1784687188.935,real_q8_tensor_220w_ngram,1,100,11459,206.06,70,1590,9251,3,16
1784687188.935,real_q8_tensor_220w_ngram,2,100,11459,204.54,74,1500,9251,3,16
1784687188.935,real_q8_tensor_220w_ngram,3,100,11459,206.80,70,1635,9251,3,16
1784687189.530,real_q8_tensor_220w_ngram,0,100,11459,202.49,65,1530,9251,3,16
1784687189.530,real_q8_tensor_220w_ngram,1,100,11459,204.50,70,1470,9251,3,16
1784687189.530,real_q8_tensor_220w_ngram,2,100,11459,202.97,74,1650,9251,3,16
1784687189.530,real_q8_tensor_220w_ngram,3,100,11459,206.95,70,1485,9251,3,16
1784687190.126,real_q8_tensor_220w_ngram,0,100,11459,201.78,65,1545,9251,3,16
1784687190.126,real_q8_tensor_220w_ngram,1,100,11459,205.35,70,1455,9251,3,16
1784687190.126,real_q8_tensor_220w_ngram,2,100,11459,204.78,74,1485,9251,3,16
1784687190.126,real_q8_tensor_220w_ngram,3,100,11459,206.20,70,1485,9251,3,16
1784687190.717,real_q8_tensor_220w_ngram,0,100,11459,203.02,65,1575,9251,3,16
1784687190.717,real_q8_tensor_220w_ngram,1,100,11459,206.09,70,1485,9251,3,16
1784687190.717,real_q8_tensor_220w_ngram,2,100,11459,203.60,74,1545,9251,3,16
1784687190.717,real_q8_tensor_220w_ngram,3,100,11459,206.67,70,1500,9251,3,16
1784687191.291,real_q8_tensor_220w_ngram,0,54,11459,201.90,65,1635,9251,3,16
1784687191.291,real_q8_tensor_220w_ngram,1,100,11459,204.87,69,1605,9251,3,16
1784687191.291,real_q8_tensor_220w_ngram,2,100,11459,203.11,73,1605,9251,3,16
1784687191.291,real_q8_tensor_220w_ngram,3,82,11459,207.35,70,1605,9251,3,16
1784687191.906,real_q8_tensor_220w_ngram,0,54,11459,199.94,64,1860,9251,3,16
1784687191.906,real_q8_tensor_220w_ngram,1,100,11459,205.57,69,1590,9251,3,16
1784687191.906,real_q8_tensor_220w_ngram,2,65,11459,205.09,72,1680,9251,3,16
1784687191.906,real_q8_tensor_220w_ngram,3,82,11459,204.00,69,1485,9251,3,16
1784687192.480,real_q8_tensor_220w_ngram,0,84,11459,204.96,64,1890,9251,3,16
1784687192.480,real_q8_tensor_220w_ngram,1,100,11459,209.45,70,1845,9251,3,16
1784687192.480,real_q8_tensor_220w_ngram,2,100,11459,208.77,74,1800,9251,3,16
1784687192.480,real_q8_tensor_220w_ngram,3,57,11459,206.37,69,1875,9251,3,16
1784687193.062,real_q8_tensor_220w_ngram,0,84,11459,207.18,65,1575,9251,3,16
1784687193.062,real_q8_tensor_220w_ngram,1,100,11459,208.69,70,1395,9251,3,16
1784687193.062,real_q8_tensor_220w_ngram,2,100,11459,208.46,74,1470,9251,3,16
1784687193.062,real_q8_tensor_220w_ngram,3,57,11459,210.92,70,1500,9251,3,16
1784687193.633,real_q8_tensor_220w_ngram,0,100,11459,205.20,65,1695,9251,3,16
1784687193.633,real_q8_tensor_220w_ngram,1,100,11459,212.11,70,1590,9251,3,16
1784687193.633,real_q8_tensor_220w_ngram,2,100,11459,211.25,74,1515,9251,3,16
1784687193.633,real_q8_tensor_220w_ngram,3,100,11459,210.65,70,1620,9251,3,16
1784687194.224,real_q8_tensor_220w_ngram,0,100,11459,201.79,65,1665,9251,3,16
1784687194.224,real_q8_tensor_220w_ngram,1,100,11459,208.11,70,1605,9251,3,16
1784687194.224,real_q8_tensor_220w_ngram,2,100,11459,206.67,74,1590,9251,3,16
1784687194.224,real_q8_tensor_220w_ngram,3,100,11459,206.65,70,1590,9251,3,16
1784687194.798,real_q8_tensor_220w_ngram,0,100,11459,201.52,65,1575,9251,3,16
1784687194.798,real_q8_tensor_220w_ngram,1,100,11459,205.36,70,1560,9251,3,16
1784687194.798,real_q8_tensor_220w_ngram,2,100,11459,203.47,74,1590,9251,3,16
1784687194.798,real_q8_tensor_220w_ngram,3,100,11459,205.20,70,1530,9251,3,16
1784687195.391,real_q8_tensor_220w_ngram,0,100,11459,201.28,65,1710,9251,3,16
1784687195.391,real_q8_tensor_220w_ngram,1,100,11459,205.40,70,1575,9251,3,16
1784687195.391,real_q8_tensor_220w_ngram,2,100,11459,203.60,74,1500,9251,3,16
1784687195.391,real_q8_tensor_220w_ngram,3,100,11459,206.42,70,1635,9251,3,16
1784687195.985,real_q8_tensor_220w_ngram,0,100,11459,202.27,65,1545,9251,3,16
1784687195.985,real_q8_tensor_220w_ngram,1,100,11459,205.91,70,1590,9251,3,16
1784687195.985,real_q8_tensor_220w_ngram,2,67,11459,204.37,74,1485,9251,3,16
1784687195.985,real_q8_tensor_220w_ngram,3,100,11459,206.94,70,1620,9251,3,16
1784687196.559,real_q8_tensor_220w_ngram,0,100,11459,202.78,64,1680,9251,3,16
1784687196.559,real_q8_tensor_220w_ngram,1,100,11459,205.30,70,1590,9251,3,16
1784687196.559,real_q8_tensor_220w_ngram,2,77,11459,203.89,74,1635,9251,3,16
1784687196.559,real_q8_tensor_220w_ngram,3,100,11459,206.71,70,1470,9251,3,16
1784687197.156,real_q8_tensor_220w_ngram,0,58,11459,202.54,64,1635,9251,3,16
1784687197.156,real_q8_tensor_220w_ngram,1,38,11459,202.91,70,1470,9251,3,16
1784687197.156,real_q8_tensor_220w_ngram,2,77,11459,201.67,74,1545,9251,3,16
1784687197.156,real_q8_tensor_220w_ngram,3,85,11459,206.73,69,1530,9251,3,16
1784687197.751,real_q8_tensor_220w_ngram,0,58,11459,199.06,65,1905,9251,3,16
1784687197.751,real_q8_tensor_220w_ngram,1,38,11459,204.17,69,1890,9251,3,16
1784687197.751,real_q8_tensor_220w_ngram,2,64,11459,203.74,72,1845,9251,3,16
1784687197.751,real_q8_tensor_220w_ngram,3,85,11459,203.75,70,1905,9251,3,16
1784687198.347,real_q8_tensor_220w_ngram,0,97,11459,206.21,65,1530,9251,3,16
1784687198.347,real_q8_tensor_220w_ngram,1,100,11459,208.91,70,1680,9251,3,16
1784687198.347,real_q8_tensor_220w_ngram,2,64,11459,208.59,74,1485,9251,3,16
1784687198.347,real_q8_tensor_220w_ngram,3,70,11459,207.52,70,1455,9251,3,16
1784687198.932,real_q8_tensor_220w_ngram,0,97,11459,209.64,65,1650,9251,3,16
1784687198.932,real_q8_tensor_220w_ngram,1,100,11459,209.68,70,1440,9251,3,16
1784687198.932,real_q8_tensor_220w_ngram,2,100,11459,208.76,74,1530,9251,3,16
1784687198.932,real_q8_tensor_220w_ngram,3,100,11459,213.26,70,1560,9251,3,16
1784687199.508,real_q8_tensor_220w_ngram,0,100,11459,202.80,65,1545,9251,3,16
1784687199.508,real_q8_tensor_220w_ngram,1,100,11459,211.95,71,1440,9251,3,16
1784687199.508,real_q8_tensor_220w_ngram,2,100,11459,210.60,74,1635,9251,3,16
1784687199.508,real_q8_tensor_220w_ngram,3,100,11459,209.13,70,1470,9251,3,16
1784687200.100,real_q8_tensor_220w_ngram,0,100,11459,200.36,65,1620,9251,3,16
1784687200.100,real_q8_tensor_220w_ngram,1,100,11459,203.92,70,1575,9251,3,16
1784687200.100,real_q8_tensor_220w_ngram,2,100,11459,202.55,74,1620,9251,3,16
1784687200.100,real_q8_tensor_220w_ngram,3,100,11459,206.17,70,1575,9251,3,16
1784687200.676,real_q8_tensor_220w_ngram,0,100,11459,201.90,65,1530,9251,3,16
1784687200.676,real_q8_tensor_220w_ngram,1,100,11459,204.90,70,1440,9251,3,16
1784687200.676,real_q8_tensor_220w_ngram,2,100,11459,202.20,74,1635,9251,3,16
1784687200.676,real_q8_tensor_220w_ngram,3,100,11459,206.64,70,1470,9251,3,16
1784687201.286,real_q8_tensor_220w_ngram,0,100,11459,201.37,65,1665,9251,3,16
1784687201.286,real_q8_tensor_220w_ngram,1,100,11459,204.70,70,1515,9251,3,16
1784687201.286,real_q8_tensor_220w_ngram,2,100,11459,203.06,74,1560,9251,3,16
1784687201.286,real_q8_tensor_220w_ngram,3,100,11459,205.47,70,1590,9251,3,16
1784687201.860,real_q8_tensor_220w_ngram,0,100,11459,201.31,65,1695,9251,3,16
1784687201.860,real_q8_tensor_220w_ngram,1,83,11459,204.44,70,1575,9251,3,16
1784687201.860,real_q8_tensor_220w_ngram,2,100,11459,202.80,74,1635,9251,3,16
1784687201.860,real_q8_tensor_220w_ngram,3,100,11459,204.90,70,1455,9251,3,16
1784687202.455,real_q8_tensor_220w_ngram,0,80,11459,203.87,63,1500,9251,3,16
1784687202.455,real_q8_tensor_220w_ngram,1,100,11459,201.20,71,1320,9251,3,16
1784687202.455,real_q8_tensor_220w_ngram,2,32,11459,200.53,73,1440,9251,3,16
1784687202.455,real_q8_tensor_220w_ngram,3,76,11459,206.13,69,1425,9251,3,16
1784687203.033,real_q8_tensor_220w_ngram,0,80,11459,207.09,65,1830,9251,3,16
1784687203.033,real_q8_tensor_220w_ngram,1,80,11459,206.48,70,1770,9251,3,16
1784687203.033,real_q8_tensor_220w_ngram,2,32,11459,205.56,74,1710,9251,3,16
1784687203.033,real_q8_tensor_220w_ngram,3,100,11459,210.18,70,1815,9251,3,16
1784687203.594,real_q8_tensor_220w_ngram,0,100,11459,206.77,65,1530,9251,3,16
1784687203.594,real_q8_tensor_220w_ngram,1,80,11459,210.97,70,1395,9251,3,16
1784687203.594,real_q8_tensor_220w_ngram,2,100,11459,209.84,74,1440,9251,3,16
1784687203.594,real_q8_tensor_220w_ngram,3,100,11459,209.21,70,1440,9251,3,16
1784687204.167,real_q8_tensor_220w_ngram,0,100,11459,207.68,65,1545,9251,3,16
1784687204.167,real_q8_tensor_220w_ngram,1,100,11459,207.11,70,1410,9251,3,16
1784687204.167,real_q8_tensor_220w_ngram,2,100,11459,204.50,74,1650,9251,3,16
1784687204.167,real_q8_tensor_220w_ngram,3,100,11459,212.48,70,1425,9251,3,16
1784687204.765,real_q8_tensor_220w_ngram,0,100,11459,200.59,65,1560,9251,3,16
1784687204.765,real_q8_tensor_220w_ngram,1,100,11459,204.09,70,1515,9251,3,16
1784687204.765,real_q8_tensor_220w_ngram,2,100,11459,202.01,74,1620,9251,3,16
1784687204.765,real_q8_tensor_220w_ngram,3,100,11459,206.81,70,1470,9251,3,16
1784687205.356,real_q8_tensor_220w_ngram,0,100,11459,200.54,65,1560,9251,3,16
1784687205.356,real_q8_tensor_220w_ngram,1,100,11459,203.75,70,1500,9251,3,16
1784687205.356,real_q8_tensor_220w_ngram,2,100,11459,201.55,74,1545,9251,3,16
1784687205.356,real_q8_tensor_220w_ngram,3,100,11459,206.23,70,1485,9251,3,16
1784687205.931,real_q8_tensor_220w_ngram,0,100,11459,202.19,65,1695,9251,3,16
1784687205.931,real_q8_tensor_220w_ngram,1,85,11459,204.31,70,1545,9251,3,16
1784687205.931,real_q8_tensor_220w_ngram,2,100,11459,201.88,74,1605,9251,3,16
1784687205.931,real_q8_tensor_220w_ngram,3,66,11459,205.06,70,1605,9251,3,16
1784687206.508,real_q8_tensor_220w_ngram,0,36,11459,202.29,65,1605,9251,3,16
1784687206.508,real_q8_tensor_220w_ngram,1,31,11459,202.68,69,1500,9251,3,16
1784687206.508,real_q8_tensor_220w_ngram,2,100,11459,202.84,73,1545,9251,3,16
1784687206.508,real_q8_tensor_220w_ngram,3,65,11459,205.71,70,1545,9251,3,16
1784687207.084,real_q8_tensor_220w_ngram,0,36,11459,202.82,65,1875,9251,3,16
1784687207.084,real_q8_tensor_220w_ngram,1,31,11459,208.69,69,1845,9251,3,16
1784687207.084,real_q8_tensor_220w_ngram,2,92,11459,208.36,73,1845,9251,3,16
1784687207.084,real_q8_tensor_220w_ngram,3,65,11459,204.94,70,1860,9251,3,16
1784687207.643,real_q8_tensor_220w_ngram,0,100,11459,206.26,65,1680,9251,3,16
1784687207.643,real_q8_tensor_220w_ngram,1,100,11459,208.33,71,1560,9251,3,16
1784687207.643,real_q8_tensor_220w_ngram,2,92,11459,207.98,74,1440,9251,3,16
1784687207.643,real_q8_tensor_220w_ngram,3,100,11459,208.88,70,1620,9251,3,16
1784687208.239,real_q8_tensor_220w_ngram,0,100,11459,205.82,65,1680,9251,3,16
1784687208.239,real_q8_tensor_220w_ngram,1,100,11459,209.08,71,1560,9251,3,16
1784687208.239,real_q8_tensor_220w_ngram,2,100,11459,209.14,74,1455,9251,3,16
1784687208.239,real_q8_tensor_220w_ngram,3,100,11459,208.78,70,1605,9251,3,16
1784687208.838,real_q8_tensor_220w_ngram,0,100,11459,207.18,65,1635,9251,3,16
1784687208.838,real_q8_tensor_220w_ngram,1,100,11459,207.07,71,1410,9251,3,16
1784687208.838,real_q8_tensor_220w_ngram,2,100,11459,205.66,74,1470,9251,3,16
1784687208.838,real_q8_tensor_220w_ngram,3,100,11459,211.74,70,1545,9251,3,16
1784687209.427,real_q8_tensor_220w_ngram,0,100,11459,200.36,65,1590,9251,3,16
1784687209.427,real_q8_tensor_220w_ngram,1,100,11459,203.00,70,1575,9251,3,16
1784687209.427,real_q8_tensor_220w_ngram,2,100,11459,201.52,73,1605,9251,3,16
1784687209.427,real_q8_tensor_220w_ngram,3,100,11459,205.38,70,1530,9251,3,16
1784687210.003,real_q8_tensor_220w_ngram,0,100,11459,200.35,65,1695,9251,3,16
1784687210.003,real_q8_tensor_220w_ngram,1,100,11459,203.41,70,1560,9251,3,16
1784687210.003,real_q8_tensor_220w_ngram,2,65,11459,201.19,73,1485,9251,3,16
1784687210.003,real_q8_tensor_220w_ngram,3,100,11459,205.34,70,1620,9251,3,16
1784687210.578,real_q8_tensor_220w_ngram,0,100,11459,200.28,63,1695,9251,3,16
1784687210.578,real_q8_tensor_220w_ngram,1,51,11459,204.10,70,1410,9251,3,16
1784687210.578,real_q8_tensor_220w_ngram,2,64,11459,202.34,74,1635,9251,3,16
1784687210.578,real_q8_tensor_220w_ngram,3,100,11459,205.72,70,1425,9251,3,16
1784687211.155,real_q8_tensor_220w_ngram,0,100,11459,207.37,64,1905,9251,3,16
1784687211.155,real_q8_tensor_220w_ngram,1,51,11459,203.79,69,1875,9251,3,16
1784687211.155,real_q8_tensor_220w_ngram,2,64,11459,202.65,72,1845,9251,3,16
1784687211.155,real_q8_tensor_220w_ngram,3,92,11459,208.80,69,1890,9251,3,16
1784687211.722,real_q8_tensor_220w_ngram,0,100,11459,206.36,65,1680,9251,3,16
1784687211.722,real_q8_tensor_220w_ngram,1,100,11459,208.09,70,1560,9251,3,16
1784687211.722,real_q8_tensor_220w_ngram,2,100,11459,207.55,74,1440,9251,3,16
1784687211.722,real_q8_tensor_220w_ngram,3,92,11459,209.54,70,1590,9251,3,16
1784687212.295,real_q8_tensor_220w_ngram,0,100,11459,207.43,65,1635,9251,3,16
1784687212.295,real_q8_tensor_220w_ngram,1,100,11459,208.65,71,1395,9251,3,16
1784687212.295,real_q8_tensor_220w_ngram,2,100,11459,207.13,74,1470,9251,3,16
1784687212.295,real_q8_tensor_220w_ngram,3,100,11459,210.95,70,1560,9251,3,16
1784687212.884,real_q8_tensor_220w_ngram,0,100,11459,200.40,65,1695,9251,3,16
1784687212.884,real_q8_tensor_220w_ngram,1,100,11459,203.93,70,1560,9251,3,16
1784687212.884,real_q8_tensor_220w_ngram,2,100,11459,208.50,74,1515,9251,3,16
1784687212.884,real_q8_tensor_220w_ngram,3,100,11459,207.28,70,1590,9251,3,16
1784687213.478,real_q8_tensor_220w_ngram,0,100,11459,199.52,65,1680,9251,3,16
1784687213.478,real_q8_tensor_220w_ngram,1,100,11459,203.80,70,1395,9251,3,16
1784687213.478,real_q8_tensor_220w_ngram,2,100,11459,201.48,74,1620,9251,3,16
1784687213.478,real_q8_tensor_220w_ngram,3,100,11459,204.98,70,1440,9251,3,16
1784687214.092,real_q8_tensor_220w_ngram,0,100,11459,199.77,65,1650,9251,3,16
1784687214.092,real_q8_tensor_220w_ngram,1,100,11459,203.41,70,1500,9251,3,16
1784687214.092,real_q8_tensor_220w_ngram,2,100,11459,201.74,73,1590,9251,3,16
1784687214.092,real_q8_tensor_220w_ngram,3,100,11459,204.61,70,1590,9251,3,16
1784687214.666,real_q8_tensor_220w_ngram,0,100,11459,200.56,63,1470,9251,3,16
1784687214.666,real_q8_tensor_220w_ngram,1,100,11459,203.69,70,1395,9251,3,16
1784687214.666,real_q8_tensor_220w_ngram,2,100,11459,201.96,74,1635,9251,3,16
1784687214.666,real_q8_tensor_220w_ngram,3,100,11459,204.20,70,1410,9251,3,16
1784687215.240,real_q8_tensor_220w_ngram,0,100,11459,204.89,65,1905,9251,3,16
1784687215.240,real_q8_tensor_220w_ngram,1,40,11459,201.76,71,1875,9251,3,16
1784687215.240,real_q8_tensor_220w_ngram,2,45,11459,200.62,72,1860,9251,3,16
1784687215.240,real_q8_tensor_220w_ngram,3,100,11459,207.58,69,1890,9251,3,16
1784687215.808,real_q8_tensor_220w_ngram,0,100,11459,205.15,65,1650,9251,3,16
1784687215.808,real_q8_tensor_220w_ngram,1,40,11459,208.83,70,1470,9251,3,16
1784687215.808,real_q8_tensor_220w_ngram,2,45,11459,207.55,74,1605,9251,3,16
1784687215.808,real_q8_tensor_220w_ngram,3,100,11459,208.68,70,1575,9251,3,16
1784687216.394,real_q8_tensor_220w_ngram,0,100,11459,207.93,65,1680,9251,3,16
1784687216.394,real_q8_tensor_220w_ngram,1,100,11459,209.63,70,1395,9251,3,16
1784687216.394,real_q8_tensor_220w_ngram,2,100,11459,206.84,74,1605,9251,3,16
1784687216.394,real_q8_tensor_220w_ngram,3,100,11459,208.29,70,1380,9251,3,16
1784687216.986,real_q8_tensor_220w_ngram,0,100,11459,199.99,65,1665,9251,3,16
1784687216.986,real_q8_tensor_220w_ngram,1,100,11459,202.77,71,1560,9251,3,16
1784687216.986,real_q8_tensor_220w_ngram,2,100,11459,201.75,74,1440,9251,3,16
1784687216.986,real_q8_tensor_220w_ngram,3,83,11459,204.82,70,1605,9251,3,16
1784687217.584,real_q8_tensor_220w_ngram,0,83,11459,199.76,65,1665,9251,3,16
1784687217.584,real_q8_tensor_220w_ngram,1,100,11459,202.94,70,1515,9251,3,16
1784687217.584,real_q8_tensor_220w_ngram,2,72,11459,201.43,74,1605,9251,3,16
1784687217.584,real_q8_tensor_220w_ngram,3,100,11459,203.50,70,1590,9251,3,16
1784687218.161,real_q8_tensor_220w_ngram,0,100,11459,200.63,65,1680,9251,3,16
1784687218.161,real_q8_tensor_220w_ngram,1,100,11459,203.15,70,1530,9251,3,16
1784687218.161,real_q8_tensor_220w_ngram,2,100,11459,201.26,73,1425,9251,3,16
1784687218.161,real_q8_tensor_220w_ngram,3,100,11459,205.56,70,1605,9251,3,16
1784687218.753,real_q8_tensor_220w_ngram,0,100,11459,199.03,63,1500,9251,3,16
1784687218.753,real_q8_tensor_220w_ngram,1,100,11459,202.20,70,1410,9251,3,16
1784687218.753,real_q8_tensor_220w_ngram,2,100,11459,200.82,74,1485,9251,3,16
1784687218.753,real_q8_tensor_220w_ngram,3,100,11459,203.90,68,1410,9251,3,16
1784687219.329,real_q8_tensor_220w_ngram,0,100,11459,205.51,65,1875,9251,3,16
1784687219.329,real_q8_tensor_220w_ngram,1,62,11459,203.87,71,1830,9251,3,16
1784687219.329,real_q8_tensor_220w_ngram,2,61,11459,202.97,74,1785,9251,3,16
1784687219.329,real_q8_tensor_220w_ngram,3,100,11459,208.15,70,1875,9251,3,16
1784687219.888,real_q8_tensor_220w_ngram,0,100,11459,206.30,65,1680,9251,3,16
1784687219.888,real_q8_tensor_220w_ngram,1,62,11459,207.90,70,1575,9251,3,16
1784687219.888,real_q8_tensor_220w_ngram,2,61,11459,207.27,74,1635,9251,3,16
1784687219.888,real_q8_tensor_220w_ngram,3,100,11459,208.65,70,1590,9251,3,16
1784687220.486,real_q8_tensor_220w_ngram,0,100,11459,207.96,65,1500,9251,3,16
1784687220.486,real_q8_tensor_220w_ngram,1,100,11459,207.63,71,1395,9251,3,16
1784687220.486,real_q8_tensor_220w_ngram,2,100,11459,205.93,74,1455,9251,3,16
1784687220.486,real_q8_tensor_220w_ngram,3,100,11459,210.28,70,1440,9251,3,16
1784687221.085,real_q8_tensor_220w_ngram,0,100,11459,198.68,65,1545,9251,3,16
1784687221.085,real_q8_tensor_220w_ngram,1,100,11459,202.20,70,1440,9251,3,16
1784687221.085,real_q8_tensor_220w_ngram,2,100,11459,200.82,74,1620,9251,3,16
1784687221.085,real_q8_tensor_220w_ngram,3,100,11459,205.17,70,1425,9251,3,16
1784687221.658,real_q8_tensor_220w_ngram,0,100,11459,200.36,65,1545,9251,3,16
1784687221.658,real_q8_tensor_220w_ngram,1,100,11459,203.02,70,1425,9251,3,16
1784687221.658,real_q8_tensor_220w_ngram,2,100,11459,201.71,74,1620,9251,3,16
1784687221.658,real_q8_tensor_220w_ngram,3,100,11459,203.83,70,1410,9251,3,16
1784687222.231,real_q8_tensor_220w_ngram,0,100,11459,199.80,64,1695,9251,3,16
1784687222.231,real_q8_tensor_220w_ngram,1,98,11459,202.08,69,1590,9251,3,16
1784687222.231,real_q8_tensor_220w_ngram,2,92,11459,200.60,74,1650,9251,3,16
1784687222.231,real_q8_tensor_220w_ngram,3,63,11459,203.58,70,1635,9251,3,16
1784687222.808,real_q8_tensor_220w_ngram,0,89,11459,202.90,63,1905,9251,3,16
1784687222.808,real_q8_tensor_220w_ngram,1,98,11459,208.37,70,1875,9251,3,16
1784687222.808,real_q8_tensor_220w_ngram,2,92,11459,206.94,74,1845,9251,3,16
1784687222.808,real_q8_tensor_220w_ngram,3,63,11459,205.33,68,1890,9251,3,16
1784687223.371,real_q8_tensor_220w_ngram,0,89,11459,206.85,65,1665,9251,3,16
1784687223.371,real_q8_tensor_220w_ngram,1,100,11459,208.26,71,1530,9251,3,16
1784687223.371,real_q8_tensor_220w_ngram,2,100,11459,207.70,74,1605,9251,3,16
1784687223.371,real_q8_tensor_220w_ngram,3,100,11459,209.18,70,1590,9251,3,16
1784687223.945,real_q8_tensor_220w_ngram,0,100,11459,205.84,65,1680,9251,3,16
1784687223.945,real_q8_tensor_220w_ngram,1,100,11459,210.38,70,1545,9251,3,16
1784687223.945,real_q8_tensor_220w_ngram,2,100,11459,208.99,74,1620,9251,3,16
1784687223.945,real_q8_tensor_220w_ngram,3,100,11459,208.83,70,1590,9251,3,16
1784687224.564,real_q8_tensor_220w_ngram,0,100,11459,201.78,65,1680,9251,3,16
1784687224.564,real_q8_tensor_220w_ngram,1,100,11459,201.84,71,1560,9251,3,16
1784687224.564,real_q8_tensor_220w_ngram,2,100,11459,199.73,74,1455,9251,3,16
1784687224.564,real_q8_tensor_220w_ngram,3,100,11459,207.52,70,1620,9251,3,16
1784687225.138,real_q8_tensor_220w_ngram,0,100,11459,199.20,65,1605,9251,3,16
1784687225.138,real_q8_tensor_220w_ngram,1,100,11459,203.69,71,1395,9251,3,16
1784687225.138,real_q8_tensor_220w_ngram,2,100,11459,200.95,74,1635,9251,3,16
1784687225.138,real_q8_tensor_220w_ngram,3,100,11459,203.99,70,1530,9251,3,16
1784687225.738,real_q8_tensor_220w_ngram,0,100,11459,199.67,65,1650,9251,3,16
1784687225.738,real_q8_tensor_220w_ngram,1,100,11459,203.12,70,1410,9251,3,16
1784687225.738,real_q8_tensor_220w_ngram,2,100,11459,200.86,74,1620,9251,3,16
1784687225.738,real_q8_tensor_220w_ngram,3,85,11459,205.16,70,1560,9251,3,16
1784687226.312,real_q8_tensor_220w_ngram,0,65,11459,200.83,63,1920,9251,3,16
1784687226.312,real_q8_tensor_220w_ngram,1,100,11459,206.52,69,1890,9251,3,16
1784687226.312,real_q8_tensor_220w_ngram,2,100,11459,199.25,73,1860,9251,3,16
1784687226.312,real_q8_tensor_220w_ngram,3,85,11459,203.56,68,1905,9251,3,16
1784687226.881,real_q8_tensor_220w_ngram,0,65,11459,206.29,65,1665,9251,3,16
1784687226.881,real_q8_tensor_220w_ngram,1,100,11459,208.10,70,1530,9251,3,16
1784687226.881,real_q8_tensor_220w_ngram,2,100,11459,206.02,74,1395,9251,3,16
1784687226.881,real_q8_tensor_220w_ngram,3,100,11459,208.88,70,1575,9251,3,16
1784687227.452,real_q8_tensor_220w_ngram,0,100,11459,204.92,65,1650,9251,3,16
1784687227.452,real_q8_tensor_220w_ngram,1,100,11459,207.12,71,1575,9251,3,16
1784687227.452,real_q8_tensor_220w_ngram,2,100,11459,205.96,74,1560,9251,3,16
1784687227.452,real_q8_tensor_220w_ngram,3,100,11459,207.07,70,1590,9251,3,16
1784687228.029,real_q8_tensor_220w_ngram,0,100,11459,198.78,65,1695,9251,3,16
1784687228.029,real_q8_tensor_220w_ngram,1,100,11459,202.15,70,1560,9251,3,16
1784687228.029,real_q8_tensor_220w_ngram,2,100,11459,199.19,73,1620,9251,3,16
1784687228.029,real_q8_tensor_220w_ngram,3,100,11459,202.75,70,1590,9251,3,16
1784687228.603,real_q8_tensor_220w_ngram,0,100,11459,199.40,65,1470,9251,3,16
1784687228.603,real_q8_tensor_220w_ngram,1,100,11459,201.46,70,1350,9251,3,16
1784687228.603,real_q8_tensor_220w_ngram,2,100,11459,199.09,73,1620,9251,3,16
1784687228.603,real_q8_tensor_220w_ngram,3,100,11459,203.94,70,1395,9251,3,16
1784687229.195,real_q8_tensor_220w_ngram,0,100,11459,200.33,65,1560,9251,3,16
1784687229.195,real_q8_tensor_220w_ngram,1,46,11459,202.60,71,1320,9251,3,16
1784687229.195,real_q8_tensor_220w_ngram,2,42,11459,199.75,74,1620,9251,3,16
1784687229.195,real_q8_tensor_220w_ngram,3,85,11459,203.27,69,1440,9251,3,16
1784687229.774,real_q8_tensor_220w_ngram,0,65,11459,200.29,63,1905,9251,3,16
1784687229.774,real_q8_tensor_220w_ngram,1,46,11459,205.58,69,1875,9251,3,16
1784687229.774,real_q8_tensor_220w_ngram,2,42,11459,204.48,73,1860,9251,3,16
1784687229.774,real_q8_tensor_220w_ngram,3,85,11459,202.87,68,1890,9251,3,16
1784687230.359,real_q8_tensor_220w_ngram,0,65,11459,205.07,65,1650,9251,3,16
1784687230.359,real_q8_tensor_220w_ngram,1,100,11459,206.31,71,1395,9251,3,16
1784687230.359,real_q8_tensor_220w_ngram,2,100,11459,204.64,74,1620,9251,3,16
1784687230.359,real_q8_tensor_220w_ngram,3,100,11459,208.31,70,1560,9251,3,16
1784687230.931,real_q8_tensor_220w_ngram,0,100,11459,206.25,65,1515,9251,3,16
1784687230.931,real_q8_tensor_220w_ngram,1,100,11459,207.50,70,1425,9251,3,16
1784687230.931,real_q8_tensor_220w_ngram,2,100,11459,207.60,74,1620,9251,3,16
1784687230.931,real_q8_tensor_220w_ngram,3,100,11459,207.96,70,1395,9251,3,16
1784687231.533,real_q8_tensor_220w_ngram,0,100,11459,199.88,65,1665,9251,3,16
1784687231.533,real_q8_tensor_220w_ngram,1,100,11459,204.00,70,1335,9251,3,16
1784687231.533,real_q8_tensor_220w_ngram,2,100,11459,202.56,74,1605,9251,3,16
1784687231.533,real_q8_tensor_220w_ngram,3,100,11459,204.15,70,1425,9251,3,16
1784687232.107,real_q8_tensor_220w_ngram,0,100,11459,198.74,64,1665,9251,3,16
1784687232.107,real_q8_tensor_220w_ngram,1,100,11459,201.85,70,1545,9251,3,16
1784687232.107,real_q8_tensor_220w_ngram,2,100,11459,200.90,73,1635,9251,3,16
1784687232.107,real_q8_tensor_220w_ngram,3,100,11459,203.12,70,1590,9251,3,16
1784687232.701,real_q8_tensor_220w_ngram,0,100,11459,198.85,65,1650,9251,3,16
1784687232.701,real_q8_tensor_220w_ngram,1,100,11459,201.01,70,1440,9251,3,16
1784687232.701,real_q8_tensor_220w_ngram,2,100,11459,198.46,73,1530,9251,3,16
1784687232.701,real_q8_tensor_220w_ngram,3,72,11459,202.19,70,1575,9251,3,16
1784687233.300,real_q8_tensor_220w_ngram,0,90,11459,203.59,63,1920,9251,3,16
1784687233.300,real_q8_tensor_220w_ngram,1,100,11459,200.29,70,1890,9251,3,16
1784687233.300,real_q8_tensor_220w_ngram,2,100,11459,198.52,74,1875,9251,3,16
1784687233.300,real_q8_tensor_220w_ngram,3,72,11459,204.72,68,1905,9251,3,16
1784687233.893,real_q8_tensor_220w_ngram,0,90,11459,204.90,65,1665,9251,3,16
1784687233.893,real_q8_tensor_220w_ngram,1,100,11459,207.45,70,1395,9251,3,16
1784687233.893,real_q8_tensor_220w_ngram,2,100,11459,207.10,73,1620,9251,3,16
1784687233.893,real_q8_tensor_220w_ngram,3,100,11459,208.35,70,1425,9251,3,16
1784687234.467,real_q8_tensor_220w_ngram,0,100,11459,203.04,65,1485,9251,3,16
1784687234.467,real_q8_tensor_220w_ngram,1,100,11459,208.23,70,1470,9251,3,16
1784687234.467,real_q8_tensor_220w_ngram,2,100,11459,207.15,73,1530,9251,3,16
1784687234.467,real_q8_tensor_220w_ngram,3,100,11459,206.09,70,1455,9251,3,16
1784687235.044,real_q8_tensor_220w_ngram,0,100,11459,197.39,65,1515,9251,3,16
1784687235.044,real_q8_tensor_220w_ngram,1,100,11459,202.53,70,1335,9251,3,16
1784687235.044,real_q8_tensor_220w_ngram,2,100,11459,201.34,74,1395,9251,3,16
1784687235.044,real_q8_tensor_220w_ngram,3,100,11459,205.85,70,1410,9251,3,16
1784687235.617,real_q8_tensor_220w_ngram,0,100,11459,199.08,65,1665,9251,3,16
1784687235.617,real_q8_tensor_220w_ngram,1,100,11459,201.72,70,1515,9251,3,16
1784687235.617,real_q8_tensor_220w_ngram,2,100,11459,201.39,74,1395,9251,3,16
1784687235.617,real_q8_tensor_220w_ngram,3,100,11459,203.83,69,1590,9251,3,16
1784687236.192,real_q8_tensor_220w_ngram,0,100,11459,194.56,63,1620,9251,3,16
1784687236.192,real_q8_tensor_220w_ngram,1,56,11459,200.05,71,1395,9251,3,16
1784687236.192,real_q8_tensor_220w_ngram,2,66,11459,198.98,74,1575,9251,3,16
1784687236.192,real_q8_tensor_220w_ngram,3,26,11459,200.60,68,1365,9251,3,16
1784687236.825,real_q8_tensor_220w_ngram,0,100,11459,202.87,65,1875,9251,3,16
1784687236.825,real_q8_tensor_220w_ngram,1,56,11459,204.38,69,1830,9251,3,16
1784687236.825,real_q8_tensor_220w_ngram,2,66,11459,203.06,72,1770,9251,3,16
1784687236.825,real_q8_tensor_220w_ngram,3,26,11459,206.73,70,1860,9251,3,16
1784687237.408,real_q8_tensor_220w_ngram,0,100,11459,204.88,65,1470,9251,3,16
1784687237.408,real_q8_tensor_220w_ngram,1,100,11459,206.02,70,1380,9251,3,16
1784687237.408,real_q8_tensor_220w_ngram,2,100,11459,204.75,73,1440,9251,3,16
1784687237.408,real_q8_tensor_220w_ngram,3,100,11459,207.90,70,1425,9251,3,16
1784687238.002,real_q8_tensor_220w_ngram,0,100,11459,204.55,65,1665,9251,3,16
1784687238.002,real_q8_tensor_220w_ngram,1,100,11459,201.98,70,1545,9251,3,16
1784687238.002,real_q8_tensor_220w_ngram,2,100,11459,203.82,73,1425,9251,3,16
1784687238.002,real_q8_tensor_220w_ngram,3,100,11459,209.16,70,1575,9251,3,16
1784687238.576,real_q8_tensor_220w_ngram,0,100,11459,195.71,64,1440,9251,3,16
1784687238.576,real_q8_tensor_220w_ngram,1,100,11459,198.49,70,1365,9251,3,16
1784687238.576,real_q8_tensor_220w_ngram,2,100,11459,197.14,73,1605,9251,3,16
1784687238.576,real_q8_tensor_220w_ngram,3,100,11459,200.82,69,1395,9251,3,16
1784687239.150,real_q8_tensor_220w_ngram,0,100,11459,194.89,64,1485,9251,3,16
1784687239.150,real_q8_tensor_220w_ngram,1,92,11459,199.48,70,1530,9251,3,16
1784687239.150,real_q8_tensor_220w_ngram,2,100,11459,197.82,73,1395,9251,3,16
1784687239.150,real_q8_tensor_220w_ngram,3,100,11459,200.87,69,1575,9251,3,16
1784687239.723,real_q8_tensor_220w_ngram,0,100,11459,201.97,64,1890,9251,3,16
1784687239.723,real_q8_tensor_220w_ngram,1,92,11459,199.09,70,1875,9251,3,16
1784687239.723,real_q8_tensor_220w_ngram,2,56,11459,198.22,73,1830,9251,3,16
1784687239.723,real_q8_tensor_220w_ngram,3,100,11459,203.99,69,1875,9251,3,16
1784687240.281,real_q8_tensor_220w_ngram,0,100,11459,202.15,64,1485,9251,3,16
1784687240.281,real_q8_tensor_220w_ngram,1,100,11459,203.49,70,1410,9251,3,16
1784687240.281,real_q8_tensor_220w_ngram,2,56,11459,202.82,73,1620,9251,3,16
1784687240.281,real_q8_tensor_220w_ngram,3,100,11459,204.59,69,1410,9251,3,16
1784687240.871,real_q8_tensor_220w_ngram,0,100,11459,205.68,64,1440,9251,3,16
1784687240.871,real_q8_tensor_220w_ngram,1,100,11459,203.70,70,1365,9251,3,16
1784687240.871,real_q8_tensor_220w_ngram,2,100,11459,201.68,73,1605,9251,3,16
1784687240.871,real_q8_tensor_220w_ngram,3,100,11459,207.54,69,1380,9251,3,16
1784687241.468,real_q8_tensor_220w_ngram,0,100,11459,198.06,65,1515,9251,3,16
1784687241.468,real_q8_tensor_220w_ngram,1,100,11459,199.37,70,1335,9251,3,16
1784687241.468,real_q8_tensor_220w_ngram,2,100,11459,198.51,73,1395,9251,3,16
1784687241.468,real_q8_tensor_220w_ngram,3,100,11459,201.54,69,1575,9251,3,16
1784687242.042,real_q8_tensor_220w_ngram,0,100,11459,195.46,64,1650,9251,3,16
1784687242.042,real_q8_tensor_220w_ngram,1,100,11459,199.33,70,1545,9251,3,16
1784687242.042,real_q8_tensor_220w_ngram,2,100,11459,197.85,74,1515,9251,3,16
1784687242.042,real_q8_tensor_220w_ngram,3,100,11459,201.17,69,1590,9251,3,16
1784687242.614,real_q8_tensor_220w_ngram,0,97,11459,201.17,64,1860,9251,3,16
1784687242.614,real_q8_tensor_220w_ngram,1,100,11459,196.95,70,1845,9251,3,16
1784687242.614,real_q8_tensor_220w_ngram,2,100,11459,196.41,74,1845,9251,3,16
1784687242.614,real_q8_tensor_220w_ngram,3,71,11459,202.42,68,1860,9251,3,16
1784687243.171,real_q8_tensor_220w_ngram,0,97,11459,204.01,65,1410,9251,3,16
1784687243.171,real_q8_tensor_220w_ngram,1,100,11459,203.29,70,1365,9251,3,16
1784687243.171,real_q8_tensor_220w_ngram,2,100,11459,203.47,74,1605,9251,3,16
1784687243.171,real_q8_tensor_220w_ngram,3,71,11459,205.72,69,1365,9251,3,16
1784687243.746,real_q8_tensor_220w_ngram,0,100,11459,207.40,65,1500,9251,3,16
1784687243.746,real_q8_tensor_220w_ngram,1,100,11459,206.48,70,1335,9251,3,16
1784687243.746,real_q8_tensor_220w_ngram,2,100,11459,205.28,74,1410,9251,3,16
1784687243.746,real_q8_tensor_220w_ngram,3,100,11459,207.10,69,1380,9251,3,16
1784687244.319,real_q8_tensor_220w_ngram,0,100,11459,198.70,65,1575,9251,3,16
1784687244.319,real_q8_tensor_220w_ngram,1,100,11459,199.99,70,1350,9251,3,16
1784687244.319,real_q8_tensor_220w_ngram,2,100,11459,197.87,74,1425,9251,3,16
1784687244.319,real_q8_tensor_220w_ngram,3,100,11459,203.25,70,1455,9251,3,16
1784687244.918,real_q8_tensor_220w_ngram,0,59,11459,198.62,65,1530,9251,3,16
1784687244.918,real_q8_tensor_220w_ngram,1,100,11459,198.65,70,1530,9251,3,16
1784687244.918,real_q8_tensor_220w_ngram,2,100,11459,196.80,73,1620,9251,3,16
1784687244.918,real_q8_tensor_220w_ngram,3,85,11459,202.58,69,1470,9251,3,16
1784687245.494,real_q8_tensor_220w_ngram,0,93,11459,202.31,63,1905,9251,3,16
1784687245.494,real_q8_tensor_220w_ngram,1,61,11459,195.92,70,1875,9251,3,16
1784687245.494,real_q8_tensor_220w_ngram,2,26,11459,195.18,74,1860,9251,3,16
1784687245.494,real_q8_tensor_220w_ngram,3,100,11459,203.47,68,1905,9251,3,16
1784687246.084,real_q8_tensor_220w_ngram,0,100,11459,206.07,65,1665,9251,3,16
1784687246.084,real_q8_tensor_220w_ngram,1,100,11459,207.40,71,1515,9251,3,16
1784687246.084,real_q8_tensor_220w_ngram,2,26,11459,207.12,74,1575,9251,3,16
1784687246.084,real_q8_tensor_220w_ngram,3,100,11459,209.49,70,1560,9251,3,16
1784687246.658,real_q8_tensor_220w_ngram,0,100,11459,203.44,64,1680,9251,3,16
1784687246.658,real_q8_tensor_220w_ngram,1,100,11459,208.51,70,1560,9251,3,16
1784687246.658,real_q8_tensor_220w_ngram,2,100,11459,208.08,73,1485,9251,3,16
1784687246.658,real_q8_tensor_220w_ngram,3,100,11459,207.29,69,1590,9251,3,16
1784687247.232,real_q8_tensor_220w_ngram,0,100,11459,196.88,64,1485,9251,3,16
1784687247.232,real_q8_tensor_220w_ngram,1,100,11459,200.59,70,1320,9251,3,16
1784687247.232,real_q8_tensor_220w_ngram,2,100,11459,199.11,73,1590,9251,3,16
1784687247.232,real_q8_tensor_220w_ngram,3,100,11459,200.89,69,1410,9251,3,16
1784687247.807,real_q8_tensor_220w_ngram,0,100,11459,196.87,65,1695,9251,3,16
1784687247.807,real_q8_tensor_220w_ngram,1,100,11459,199.62,70,1455,9251,3,16
1784687247.807,real_q8_tensor_220w_ngram,2,100,11459,198.12,73,1635,9251,3,16
1784687247.807,real_q8_tensor_220w_ngram,3,100,11459,201.14,69,1425,9251,3,16
1784687248.383,real_q8_tensor_220w_ngram,0,88,11459,201.62,63,1875,9251,3,16
1784687248.383,real_q8_tensor_220w_ngram,1,100,11459,206.39,70,1830,9251,3,16
1784687248.383,real_q8_tensor_220w_ngram,2,100,11459,205.29,73,1770,9251,3,16
1784687248.383,real_q8_tensor_220w_ngram,3,56,11459,203.62,68,1860,9251,3,16
1784687248.943,real_q8_tensor_220w_ngram,0,100,11459,202.40,65,1455,9251,3,16
1784687248.943,real_q8_tensor_220w_ngram,1,100,11459,205.30,70,1350,9251,3,16
1784687248.943,real_q8_tensor_220w_ngram,2,100,11459,204.43,74,1410,9251,3,16
1784687248.943,real_q8_tensor_220w_ngram,3,100,11459,207.54,70,1395,9251,3,16
1784687249.520,real_q8_tensor_220w_ngram,0,100,11459,199.82,65,1650,9251,3,16
1784687249.520,real_q8_tensor_220w_ngram,1,100,11459,206.70,70,1515,9251,3,16
1784687249.520,real_q8_tensor_220w_ngram,2,100,11459,205.90,73,1575,9251,3,16
1784687249.520,real_q8_tensor_220w_ngram,3,100,11459,206.43,70,1560,9251,3,16
1784687250.094,real_q8_tensor_220w_ngram,0,100,11459,197.87,64,1650,9251,3,16
1784687250.094,real_q8_tensor_220w_ngram,1,100,11459,199.98,70,1545,9251,3,16
1784687250.094,real_q8_tensor_220w_ngram,2,100,11459,197.83,73,1425,9251,3,16
1784687250.094,real_q8_tensor_220w_ngram,3,100,11459,202.08,69,1575,9251,3,16
1784687250.668,real_q8_tensor_220w_ngram,0,38,11459,195.23,63,1395,9251,3,16
1784687250.668,real_q8_tensor_220w_ngram,1,21,11459,195.08,69,1455,9251,3,16
1784687250.668,real_q8_tensor_220w_ngram,2,100,11459,193.96,73,1365,9251,3,16
1784687250.668,real_q8_tensor_220w_ngram,3,69,11459,200.62,69,1530,9251,3,16
1784687251.245,real_q8_tensor_220w_ngram,0,98,11459,202.10,65,1710,9251,3,16
1784687251.245,real_q8_tensor_220w_ngram,1,100,11459,205.87,70,1560,9251,3,16
1784687251.245,real_q8_tensor_220w_ngram,2,100,11459,205.32,74,1635,9251,3,16
1784687251.245,real_q8_tensor_220w_ngram,3,100,11459,205.62,70,1620,9251,3,16
1784687251.831,real_q8_tensor_220w_ngram,0,100,11459,204.86,64,1485,9251,3,16
1784687251.831,real_q8_tensor_220w_ngram,1,100,11459,207.00,69,1305,9251,3,16
1784687251.831,real_q8_tensor_220w_ngram,2,100,11459,206.25,73,1590,9251,3,16
1784687251.831,real_q8_tensor_220w_ngram,3,100,11459,206.83,69,1365,9251,3,16
1784687252.430,real_q8_tensor_220w_ngram,0,100,11459,203.60,64,1650,9251,3,16
1784687252.430,real_q8_tensor_220w_ngram,1,100,11459,202.76,70,1545,9251,3,16
1784687252.430,real_q8_tensor_220w_ngram,2,100,11459,201.88,73,1425,9251,3,16
1784687252.430,real_q8_tensor_220w_ngram,3,100,11459,205.29,69,1575,9251,3,16
1784687253.023,real_q8_tensor_220w_ngram,0,100,11459,194.08,65,1455,9251,3,16
1784687253.023,real_q8_tensor_220w_ngram,1,100,11459,198.99,69,1440,9251,3,16
1784687253.023,real_q8_tensor_220w_ngram,2,100,11459,198.05,73,1485,9251,3,16
1784687253.023,real_q8_tensor_220w_ngram,3,100,11459,200.36,69,1395,9251,3,16
1784687253.597,real_q8_tensor_220w_ngram,0,100,11459,195.03,64,1605,9251,3,16
1784687253.597,real_q8_tensor_220w_ngram,1,100,11459,201.55,68,1410,9251,3,16
1784687253.597,real_q8_tensor_220w_ngram,2,71,11459,201.21,72,1350,9251,3,16
1784687253.597,real_q8_tensor_220w_ngram,3,100,11459,201.46,70,1515,9251,3,16
1784687254.173,real_q8_tensor_220w_ngram,0,100,11459,203.50,65,1695,9251,3,16
1784687254.173,real_q8_tensor_220w_ngram,1,100,11459,206.27,69,1575,9251,3,16
1784687254.173,real_q8_tensor_220w_ngram,2,71,11459,204.75,73,1365,9251,3,16
1784687254.173,real_q8_tensor_220w_ngram,3,100,11459,206.90,70,1635,9251,3,16
1784687254.756,real_q8_tensor_220w_ngram,0,100,11459,201.76,64,1650,9251,3,16
1784687254.756,real_q8_tensor_220w_ngram,1,100,11459,202.15,70,1515,9251,3,16
1784687254.756,real_q8_tensor_220w_ngram,2,100,11459,201.18,73,1380,9251,3,16
1784687254.756,real_q8_tensor_220w_ngram,3,100,11459,204.76,69,1560,9251,3,16
1784687255.348,real_q8_tensor_220w_ngram,0,100,11459,201.65,64,1650,9251,3,16
1784687255.348,real_q8_tensor_220w_ngram,1,100,11459,200.06,69,1530,9251,3,16
1784687255.348,real_q8_tensor_220w_ngram,2,100,11459,198.27,73,1380,9251,3,16
1784687255.348,real_q8_tensor_220w_ngram,3,100,11459,207.10,69,1560,9251,3,16
1784687255.922,real_q8_tensor_220w_ngram,0,61,11459,196.91,65,1650,9251,3,16
1784687255.922,real_q8_tensor_220w_ngram,1,78,11459,198.86,70,1500,9251,3,16
1784687255.922,real_q8_tensor_220w_ngram,2,100,11459,196.90,73,1590,9251,3,16
1784687255.922,real_q8_tensor_220w_ngram,3,100,11459,201.27,69,1560,9251,3,16
1784687256.517,real_q8_tensor_220w_ngram,0,70,11459,199.34,63,1440,9251,3,16
1784687256.517,real_q8_tensor_220w_ngram,1,36,11459,195.04,69,1140,9251,3,16
1784687256.517,real_q8_tensor_220w_ngram,2,100,11459,193.27,72,1320,9251,3,16
1784687256.517,real_q8_tensor_220w_ngram,3,38,11459,200.90,68,1335,9251,3,16
1784687257.114,real_q8_tensor_220w_ngram,0,70,11459,203.51,64,1635,9251,3,16
1784687257.114,real_q8_tensor_220w_ngram,1,36,11459,202.79,70,1500,9251,3,16
1784687257.114,real_q8_tensor_220w_ngram,2,100,11459,201.33,73,1380,9251,3,16
1784687257.114,real_q8_tensor_220w_ngram,3,38,11459,205.45,69,1545,9251,3,16
1784687257.684,real_q8_tensor_220w_ngram,0,100,11459,204.09,65,1560,9251,3,16
1784687257.684,real_q8_tensor_220w_ngram,1,100,11459,205.14,70,1515,9251,3,16
1784687257.684,real_q8_tensor_220w_ngram,2,100,11459,204.35,73,1395,9251,3,16
1784687257.684,real_q8_tensor_220w_ngram,3,100,11459,204.97,69,1560,9251,3,16
1784687258.257,real_q8_tensor_220w_ngram,0,100,11459,199.69,64,1575,9251,3,16
1784687258.257,real_q8_tensor_220w_ngram,1,100,11459,198.58,69,1320,9251,3,16
1784687258.257,real_q8_tensor_220w_ngram,2,100,11459,196.59,73,1410,9251,3,16
1784687258.257,real_q8_tensor_220w_ngram,3,100,11459,203.25,69,1440,9251,3,16
1784687258.830,real_q8_tensor_220w_ngram,0,30,11459,200.12,65,1560,9251,3,16
1784687258.830,real_q8_tensor_220w_ngram,1,96,11459,197.70,69,1320,9251,3,16
1784687258.830,real_q8_tensor_220w_ngram,2,100,11459,196.34,73,1395,9251,3,16
1784687258.830,real_q8_tensor_220w_ngram,3,63,11459,200.86,70,1425,9251,3,16
1784687259.411,real_q8_tensor_220w_ngram,0,30,11459,207.31,65,1815,9251,3,16
1784687259.411,real_q8_tensor_220w_ngram,1,96,11459,199.11,69,1740,9251,3,16
1784687259.411,real_q8_tensor_220w_ngram,2,57,11459,198.77,73,1770,9251,3,16
1784687259.411,real_q8_tensor_220w_ngram,3,63,11459,207.11,69,1770,9251,3,16
1784687259.971,real_q8_tensor_220w_ngram,0,100,11459,207.92,64,1575,9251,3,16
1784687259.971,real_q8_tensor_220w_ngram,1,100,11459,203.38,70,1335,9251,3,16
1784687259.971,real_q8_tensor_220w_ngram,2,100,11459,203.45,73,1575,9251,3,16
1784687259.971,real_q8_tensor_220w_ngram,3,100,11459,208.38,69,1455,9251,3,16
1784687260.548,real_q8_tensor_220w_ngram,0,100,11459,209.72,65,1650,9251,3,16
1784687260.548,real_q8_tensor_220w_ngram,1,100,11459,203.51,69,1515,9251,3,16
1784687260.548,real_q8_tensor_220w_ngram,2,100,11459,201.98,73,1425,9251,3,16
1784687260.548,real_q8_tensor_220w_ngram,3,100,11459,212.88,70,1575,9251,3,16
1784687261.140,real_q8_tensor_220w_ngram,0,100,11459,200.75,64,1590,9251,3,16
1784687261.140,real_q8_tensor_220w_ngram,1,100,11459,198.51,70,1365,9251,3,16
1784687261.140,real_q8_tensor_220w_ngram,2,100,11459,197.48,73,1410,9251,3,16
1784687261.140,real_q8_tensor_220w_ngram,3,100,11459,203.21,69,1590,9251,3,16
1784687261.717,real_q8_tensor_220w_ngram,0,77,11459,202.40,63,1590,9251,3,16
1784687261.717,real_q8_tensor_220w_ngram,1,60,11459,200.09,69,1425,9251,3,16
1784687261.717,real_q8_tensor_220w_ngram,2,49,11459,197.50,73,1530,9251,3,16
1784687261.717,real_q8_tensor_220w_ngram,3,60,11459,205.90,68,1500,9251,3,16
1784687262.317,real_q8_tensor_220w_ngram,0,100,11459,209.31,65,1590,9251,3,16
1784687262.317,real_q8_tensor_220w_ngram,1,100,11459,204.84,69,1335,9251,3,16
1784687262.317,real_q8_tensor_220w_ngram,2,49,11459,203.49,73,1560,9251,3,16
1784687262.317,real_q8_tensor_220w_ngram,3,100,11459,211.72,70,1485,9251,3,16
1784687262.881,real_q8_tensor_220w_ngram,0,100,11459,208.42,65,1650,9251,3,16
1784687262.881,real_q8_tensor_220w_ngram,1,100,11459,204.69,70,1515,9251,3,16
1784687262.881,real_q8_tensor_220w_ngram,2,100,11459,203.88,73,1575,9251,3,16
1784687262.881,real_q8_tensor_220w_ngram,3,100,11459,210.82,70,1575,9251,3,16
1784687263.454,real_q8_tensor_220w_ngram,0,100,11459,204.41,65,1650,9251,3,16
1784687263.454,real_q8_tensor_220w_ngram,1,100,11459,199.12,69,1515,9251,3,16
1784687263.454,real_q8_tensor_220w_ngram,2,100,11459,197.41,73,1425,9251,3,16
1784687263.454,real_q8_tensor_220w_ngram,3,100,11459,208.37,69,1590,9251,3,16
1784687264.028,real_q8_tensor_220w_ngram,0,100,11459,202.61,65,1650,9251,3,16
1784687264.028,real_q8_tensor_220w_ngram,1,100,11459,200.08,69,1515,9251,3,16
1784687264.028,real_q8_tensor_220w_ngram,2,100,11459,197.79,73,1425,9251,3,16
1784687264.028,real_q8_tensor_220w_ngram,3,100,11459,205.98,69,1590,9251,3,16
1784687264.602,real_q8_tensor_220w_ngram,0,97,11459,210.55,64,1905,9251,3,16
1784687264.602,real_q8_tensor_220w_ngram,1,49,11459,198.99,70,1860,9251,3,16
1784687264.602,real_q8_tensor_220w_ngram,2,100,11459,197.82,73,1830,9251,3,16
1784687264.602,real_q8_tensor_220w_ngram,3,80,11459,211.70,68,1890,9251,3,16
1784687265.184,real_q8_tensor_220w_ngram,0,97,11459,212.77,65,1665,9251,3,16
1784687265.184,real_q8_tensor_220w_ngram,1,49,11459,205.59,69,1350,9251,3,16
1784687265.184,real_q8_tensor_220w_ngram,2,100,11459,204.83,73,1560,9251,3,16
1784687265.184,real_q8_tensor_220w_ngram,3,80,11459,213.59,70,1515,9251,3,16
1784687265.758,real_q8_tensor_220w_ngram,0,100,11459,215.71,65,1665,9251,3,16
1784687265.758,real_q8_tensor_220w_ngram,1,100,11459,206.84,70,1515,9251,3,16
1784687265.758,real_q8_tensor_220w_ngram,2,100,11459,205.13,73,1575,9251,3,16
1784687265.758,real_q8_tensor_220w_ngram,3,100,11459,215.62,70,1575,9251,3,16
1784687266.331,real_q8_tensor_220w_ngram,0,100,11459,205.07,64,1650,9251,3,16
1784687266.331,real_q8_tensor_220w_ngram,1,100,11459,201.61,69,1530,9251,3,16
1784687266.331,real_q8_tensor_220w_ngram,2,100,11459,198.99,73,1500,9251,3,16
1784687266.331,real_q8_tensor_220w_ngram,3,100,11459,207.03,69,1575,9251,3,16
1784687266.905,real_q8_tensor_220w_ngram,0,34,11459,204.97,63,1575,9251,3,16
1784687266.905,real_q8_tensor_220w_ngram,1,50,11459,201.91,68,1440,9251,3,16
1784687266.905,real_q8_tensor_220w_ngram,2,100,11459,200.37,72,1440,9251,3,16
1784687266.905,real_q8_tensor_220w_ngram,3,22,11459,205.98,68,1515,9251,3,16
1784687267.479,real_q8_tensor_220w_ngram,0,100,11459,213.68,65,1650,9251,3,16
1784687267.479,real_q8_tensor_220w_ngram,1,100,11459,207.43,69,1380,9251,3,16
1784687267.479,real_q8_tensor_220w_ngram,2,100,11459,207.54,74,1575,9251,3,16
1784687267.479,real_q8_tensor_220w_ngram,3,100,11459,214.60,70,1545,9251,3,16
1784687268.052,real_q8_tensor_220w_ngram,0,100,11459,212.63,65,1665,9251,3,16
1784687268.052,real_q8_tensor_220w_ngram,1,100,11459,207.48,70,1530,9251,3,16
1784687268.052,real_q8_tensor_220w_ngram,2,100,11459,208.04,73,1485,9251,3,16
1784687268.052,real_q8_tensor_220w_ngram,3,100,11459,214.59,70,1590,9251,3,16
1784687268.625,real_q8_tensor_220w_ngram,0,100,11459,204.84,65,1635,9251,3,16
1784687268.625,real_q8_tensor_220w_ngram,1,100,11459,203.74,70,1545,9251,3,16
1784687268.625,real_q8_tensor_220w_ngram,2,100,11459,202.00,74,1545,9251,3,16
1784687268.625,real_q8_tensor_220w_ngram,3,100,11459,207.70,70,1575,9251,3,16
1784687269.197,real_q8_tensor_220w_ngram,0,65,11459,205.36,65,1620,9251,3,16
1784687269.197,real_q8_tensor_220w_ngram,1,100,11459,202.68,70,1545,9251,3,16
1784687269.197,real_q8_tensor_220w_ngram,2,100,11459,202.14,73,1605,9251,3,16
1784687269.197,real_q8_tensor_220w_ngram,3,85,11459,210.09,69,1560,9251,3,16
1784687269.788,real_q8_tensor_220w_ngram,0,65,11459,209.64,64,1860,9251,3,16
1784687269.788,real_q8_tensor_220w_ngram,1,100,11459,210.12,70,1830,9251,3,16
1784687269.788,real_q8_tensor_220w_ngram,2,100,11459,209.85,74,1830,9251,3,16
1784687269.788,real_q8_tensor_220w_ngram,3,85,11459,211.27,69,1845,9251,3,16
1784687270.347,real_q8_tensor_220w_ngram,0,100,11459,210.87,65,1635,9251,3,16
1784687270.347,real_q8_tensor_220w_ngram,1,100,11459,211.61,70,1530,9251,3,16
1784687270.347,real_q8_tensor_220w_ngram,2,100,11459,210.86,73,1515,9251,3,16
1784687270.347,real_q8_tensor_220w_ngram,3,100,11459,214.95,70,1575,9251,3,16
1784687270.919,real_q8_tensor_220w_ngram,0,100,11459,204.97,65,1650,9251,3,16
1784687270.919,real_q8_tensor_220w_ngram,1,100,11459,213.44,70,1530,9251,3,16
1784687270.919,real_q8_tensor_220w_ngram,2,100,11459,211.77,74,1560,9251,3,16
1784687270.919,real_q8_tensor_220w_ngram,3,100,11459,211.50,70,1545,9251,3,16
1784687271.493,real_q8_tensor_220w_ngram,0,100,11459,202.02,65,1665,9251,3,16
1784687271.493,real_q8_tensor_220w_ngram,1,100,11459,205.34,69,1515,9251,3,16
1784687271.493,real_q8_tensor_220w_ngram,2,62,11459,204.21,73,1575,9251,3,16
1784687271.493,real_q8_tensor_220w_ngram,3,100,11459,209.58,70,1545,9251,3,16
1784687272.073,real_q8_tensor_220w_ngram,0,60,11459,199.97,63,1785,9251,3,16
1784687272.073,real_q8_tensor_220w_ngram,1,100,11459,206.83,68,1515,9251,3,16
1784687272.073,real_q8_tensor_220w_ngram,2,55,11459,206.41,71,1605,9251,3,16
1784687272.073,real_q8_tensor_220w_ngram,3,92,11459,205.97,70,1665,9251,3,16
1784687272.650,real_q8_tensor_220w_ngram,0,100,11459,205.64,65,1410,9251,3,16
1784687272.650,real_q8_tensor_220w_ngram,1,100,11459,211.33,69,1290,9251,3,16
1784687272.650,real_q8_tensor_220w_ngram,2,55,11459,210.16,73,1320,9251,3,16
1784687272.650,real_q8_tensor_220w_ngram,3,100,11459,209.60,70,1335,9251,3,16
1784687273.224,real_q8_tensor_220w_ngram,0,100,11459,207.47,65,1650,9251,3,16
1784687273.224,real_q8_tensor_220w_ngram,1,100,11459,207.24,70,1470,9251,3,16
1784687273.224,real_q8_tensor_220w_ngram,2,100,11459,206.82,74,1590,9251,3,16
1784687273.224,real_q8_tensor_220w_ngram,3,100,11459,210.64,70,1590,9251,3,16
1784687273.799,real_q8_tensor_220w_ngram,0,100,11459,201.10,65,1455,9251,3,16
1784687273.799,real_q8_tensor_220w_ngram,1,100,11459,205.13,69,1485,9251,3,16
1784687273.799,real_q8_tensor_220w_ngram,2,100,11459,203.24,73,1530,9251,3,16
1784687273.799,real_q8_tensor_220w_ngram,3,100,11459,206.00,69,1590,9251,3,16
1784687274.374,real_q8_tensor_220w_ngram,0,100,11459,196.51,64,1590,9251,3,16
1784687274.374,real_q8_tensor_220w_ngram,1,100,11459,200.02,68,1395,9251,3,16
1784687274.374,real_q8_tensor_220w_ngram,2,27,11459,198.35,71,1455,9251,3,16
1784687274.374,real_q8_tensor_220w_ngram,3,100,11459,202.35,69,1515,9251,3,16
1784687274.950,real_q8_tensor_220w_ngram,0,97,11459,206.43,65,1590,9251,3,16
1784687274.950,real_q8_tensor_220w_ngram,1,100,11459,208.84,70,1575,9251,3,16
1784687274.950,real_q8_tensor_220w_ngram,2,100,11459,208.56,74,1575,9251,3,16
1784687274.950,real_q8_tensor_220w_ngram,3,84,11459,208.91,70,1560,9251,3,16
1784687275.514,real_q8_tensor_220w_ngram,0,97,11459,205.90,65,1650,9251,3,16
1784687275.514,real_q8_tensor_220w_ngram,1,100,11459,207.60,69,1500,9251,3,16
1784687275.514,real_q8_tensor_220w_ngram,2,100,11459,208.43,73,1560,9251,3,16
1784687275.514,real_q8_tensor_220w_ngram,3,84,11459,210.88,69,1560,9251,3,16
1784687276.086,real_q8_tensor_220w_ngram,0,100,11459,197.40,64,1410,9251,3,16
1784687276.086,real_q8_tensor_220w_ngram,1,100,11459,204.92,69,1335,9251,3,16
1784687276.086,real_q8_tensor_220w_ngram,2,100,11459,203.86,73,1620,9251,3,16
1784687276.086,real_q8_tensor_220w_ngram,3,100,11459,202.89,69,1335,9251,3,16
1784687276.695,real_q8_tensor_220w_ngram,0,100,11459,197.31,64,1650,9251,3,16
1784687276.695,real_q8_tensor_220w_ngram,1,100,11459,200.58,69,1515,9251,3,16
1784687276.695,real_q8_tensor_220w_ngram,2,100,11459,198.46,73,1605,9251,3,16
1784687276.695,real_q8_tensor_220w_ngram,3,100,11459,202.34,69,1470,9251,3,16
1784687277.295,real_q8_tensor_220w_ngram,0,93,11459,200.22,63,1920,9251,3,16
1784687277.295,real_q8_tensor_220w_ngram,1,30,11459,197.21,68,1905,9251,3,16
1784687277.295,real_q8_tensor_220w_ngram,2,100,11459,196.15,71,1890,9251,3,16
1784687277.295,real_q8_tensor_220w_ngram,3,61,11459,201.04,68,1920,9251,3,16
1784687277.910,real_q8_tensor_220w_ngram,0,100,11459,200.91,64,1605,9251,3,16
1784687277.910,real_q8_tensor_220w_ngram,1,100,11459,206.24,69,1500,9251,3,16
1784687277.910,real_q8_tensor_220w_ngram,2,100,11459,205.38,73,1335,9251,3,16
1784687277.910,real_q8_tensor_220w_ngram,3,100,11459,204.42,69,1530,9251,3,16
1784687278.521,real_q8_tensor_220w_ngram,0,100,11459,204.64,64,1425,9251,3,16
1784687278.521,real_q8_tensor_220w_ngram,1,100,11459,208.84,69,1365,9251,3,16
1784687278.521,real_q8_tensor_220w_ngram,2,100,11459,207.83,73,1620,9251,3,16
1784687278.521,real_q8_tensor_220w_ngram,3,100,11459,206.32,70,1350,9251,3,16
1784687279.094,real_q8_tensor_220w_ngram,0,100,11459,196.31,65,1665,9251,3,16
1784687279.094,real_q8_tensor_220w_ngram,1,100,11459,205.18,69,1560,9251,3,16
1784687279.094,real_q8_tensor_220w_ngram,2,100,11459,202.90,74,1620,9251,3,16
1784687279.094,real_q8_tensor_220w_ngram,3,100,11459,202.19,70,1575,9251,3,16
1784687279.688,real_q8_tensor_220w_ngram,0,45,11459,196.06,64,1620,9251,3,16
1784687279.688,real_q8_tensor_220w_ngram,1,30,11459,197.97,68,1530,9251,3,16
1784687279.688,real_q8_tensor_220w_ngram,2,100,11459,198.58,72,1485,9251,3,16
1784687279.688,real_q8_tensor_220w_ngram,3,79,11459,200.15,69,1560,9251,3,16
1784687280.263,real_q8_tensor_220w_ngram,0,45,11459,201.81,64,1800,9251,3,16
1784687280.263,real_q8_tensor_220w_ngram,1,30,11459,207.39,69,1725,9251,3,16
1784687280.263,real_q8_tensor_220w_ngram,2,100,11459,206.63,73,1620,9251,3,16
1784687280.263,real_q8_tensor_220w_ngram,3,79,11459,205.00,69,1770,9251,3,16
1784687280.849,real_q8_tensor_220w_ngram,0,100,11459,201.68,64,1635,9251,3,16
1784687280.849,real_q8_tensor_220w_ngram,1,100,11459,205.57,69,1380,9251,3,16
1784687280.849,real_q8_tensor_220w_ngram,2,100,11459,204.69,73,1470,9251,3,16
1784687280.849,real_q8_tensor_220w_ngram,3,100,11459,204.82,69,1545,9251,3,16
1784687281.425,real_q8_tensor_220w_ngram,0,100,11459,196.48,64,1650,9251,3,16
1784687281.425,real_q8_tensor_220w_ngram,1,100,11459,203.30,69,1500,9251,3,16
1784687281.425,real_q8_tensor_220w_ngram,2,100,11459,201.96,73,1380,9251,3,16
1784687281.425,real_q8_tensor_220w_ngram,3,100,11459,200.62,69,1545,9251,3,16
1784687281.998,real_q8_tensor_220w_ngram,0,57,11459,200.20,64,1650,9251,3,16
1784687281.998,real_q8_tensor_220w_ngram,1,100,11459,202.40,70,1290,9251,3,16
1784687281.998,real_q8_tensor_220w_ngram,2,69,11459,201.14,74,1635,9251,3,16
1784687281.998,real_q8_tensor_220w_ngram,3,85,11459,204.77,69,1335,9251,3,16
1784687282.577,real_q8_tensor_220w_ngram,0,57,11459,207.47,65,1665,9251,3,16
1784687282.577,real_q8_tensor_220w_ngram,1,100,11459,209.82,70,1650,9251,3,16
1784687282.577,real_q8_tensor_220w_ngram,2,100,11459,209.70,74,1665,9251,3,16
1784687282.577,real_q8_tensor_220w_ngram,3,85,11459,210.47,68,1650,9251,3,16
1784687283.137,real_q8_tensor_220w_ngram,0,100,11459,206.51,65,1440,9251,3,16
1784687283.137,real_q8_tensor_220w_ngram,1,100,11459,210.08,70,1470,9251,3,16
1784687283.137,real_q8_tensor_220w_ngram,2,100,11459,209.57,74,1620,9251,3,16
1784687283.137,real_q8_tensor_220w_ngram,3,100,11459,210.42,70,1395,9251,3,16
1784687283.712,real_q8_tensor_220w_ngram,0,100,11459,196.77,65,1515,9251,3,16
1784687283.712,real_q8_tensor_220w_ngram,1,100,11459,209.24,69,1530,9251,3,16
1784687283.712,real_q8_tensor_220w_ngram,2,100,11459,207.11,74,1575,9251,3,16
1784687283.712,real_q8_tensor_220w_ngram,3,100,11459,204.29,70,1440,9251,3,16
1784687284.285,real_q8_tensor_220w_ngram,0,63,11459,194.59,64,1455,9251,3,16
1784687284.285,real_q8_tensor_220w_ngram,1,100,11459,202.01,70,1470,9251,3,16
1784687284.285,real_q8_tensor_220w_ngram,2,100,11459,199.29,73,1515,9251,3,16
1784687284.285,real_q8_tensor_220w_ngram,3,85,11459,201.22,69,1425,9251,3,16
1784687284.885,real_q8_tensor_220w_ngram,0,63,11459,202.37,64,1815,9251,3,16
1784687284.885,real_q8_tensor_220w_ngram,1,100,11459,200.62,69,1830,9251,3,16
1784687284.885,real_q8_tensor_220w_ngram,2,53,11459,199.33,74,1830,9251,3,16
1784687284.885,real_q8_tensor_220w_ngram,3,85,11459,205.67,69,1815,9251,3,16
1784687285.462,real_q8_tensor_220w_ngram,0,100,11459,204.57,65,1650,9251,3,16
1784687285.462,real_q8_tensor_220w_ngram,1,100,11459,207.07,70,1440,9251,3,16
1784687285.462,real_q8_tensor_220w_ngram,2,100,11459,206.94,74,1500,9251,3,16
1784687285.462,real_q8_tensor_220w_ngram,3,100,11459,208.57,69,1575,9251,3,16
1784687286.037,real_q8_tensor_220w_ngram,0,100,11459,206.65,65,1410,9251,3,16
1784687286.037,real_q8_tensor_220w_ngram,1,100,11459,207.81,69,1395,9251,3,16
1784687286.037,real_q8_tensor_220w_ngram,2,100,11459,206.94,73,1455,9251,3,16
1784687286.037,real_q8_tensor_220w_ngram,3,100,11459,210.88,69,1365,9251,3,16
1784687286.627,real_q8_tensor_220w_ngram,0,59,11459,196.13,65,1620,9251,3,16
1784687286.627,real_q8_tensor_220w_ngram,1,100,11459,200.92,69,1485,9251,3,16
1784687286.627,real_q8_tensor_220w_ngram,2,100,11459,199.62,73,1335,9251,3,16
1784687286.627,real_q8_tensor_220w_ngram,3,85,11459,201.56,69,1560,9251,3,16
1784687287.201,real_q8_tensor_220w_ngram,0,59,11459,204.12,64,1785,9251,3,16
1784687287.201,real_q8_tensor_220w_ngram,1,100,11459,201.29,69,1755,9251,3,16
1784687287.201,real_q8_tensor_220w_ngram,2,53,11459,200.62,73,1770,9251,3,16
1784687287.201,real_q8_tensor_220w_ngram,3,85,11459,207.08,69,1770,9251,3,16
1784687287.759,real_q8_tensor_220w_ngram,0,100,11459,203.59,64,1590,9251,3,16
1784687287.759,real_q8_tensor_220w_ngram,1,100,11459,207.18,69,1485,9251,3,16
1784687287.759,real_q8_tensor_220w_ngram,2,53,11459,206.92,73,1350,9251,3,16
1784687287.759,real_q8_tensor_220w_ngram,3,100,11459,207.77,69,1545,9251,3,16
1784687288.334,real_q8_tensor_220w_ngram,0,100,11459,205.75,64,1680,9251,3,16
1784687288.334,real_q8_tensor_220w_ngram,1,100,11459,204.47,69,1515,9251,3,16
1784687288.334,real_q8_tensor_220w_ngram,2,100,11459,203.51,73,1575,9251,3,16
1784687288.334,real_q8_tensor_220w_ngram,3,100,11459,211.20,69,1500,9251,3,16
1784687288.927,real_q8_tensor_220w_ngram,0,44,11459,196.51,64,1485,9251,3,16
1784687288.927,real_q8_tensor_220w_ngram,1,100,11459,200.71,69,1515,9251,3,16
1784687288.927,real_q8_tensor_220w_ngram,2,100,11459,198.93,74,1560,9251,3,16
1784687288.927,real_q8_tensor_220w_ngram,3,78,11459,202.75,69,1455,9251,3,16
1784687289.503,real_q8_tensor_220w_ngram,0,100,11459,202.89,65,1695,9251,3,16
1784687289.503,real_q8_tensor_220w_ngram,1,87,11459,203.69,69,1815,9251,3,16
1784687289.503,real_q8_tensor_220w_ngram,2,100,11459,202.99,74,1725,9251,3,16
1784687289.503,real_q8_tensor_220w_ngram,3,100,11459,206.76,70,1785,9251,3,16
1784687290.063,real_q8_tensor_220w_ngram,0,100,11459,203.73,64,1395,9251,3,16
1784687290.063,real_q8_tensor_220w_ngram,1,100,11459,207.57,69,1290,9251,3,16
1784687290.063,real_q8_tensor_220w_ngram,2,100,11459,207.19,73,1590,9251,3,16
1784687290.063,real_q8_tensor_220w_ngram,3,100,11459,207.13,69,1350,9251,3,16
1784687290.638,real_q8_tensor_220w_ngram,0,100,11459,204.45,65,1545,9251,3,16
1784687290.638,real_q8_tensor_220w_ngram,1,100,11459,202.97,69,1530,9251,3,16
1784687290.638,real_q8_tensor_220w_ngram,2,100,11459,201.88,73,1590,9251,3,16
1784687290.638,real_q8_tensor_220w_ngram,3,100,11459,210.05,69,1500,9251,3,16
1784687291.211,real_q8_tensor_220w_ngram,0,18,11459,197.23,65,1635,9251,3,16
1784687291.211,real_q8_tensor_220w_ngram,1,83,11459,198.67,69,1575,9251,3,16
1784687291.211,real_q8_tensor_220w_ngram,2,78,11459,197.84,73,1635,9251,3,16
1784687291.211,real_q8_tensor_220w_ngram,3,100,11459,201.42,70,1575,9251,3,16
1784687291.808,real_q8_tensor_220w_ngram,0,18,11459,203.00,64,1785,9251,3,16
1784687291.808,real_q8_tensor_220w_ngram,1,83,11459,204.61,68,1710,9251,3,16
1784687291.808,real_q8_tensor_220w_ngram,2,78,11459,204.06,73,1590,9251,3,16
1784687291.808,real_q8_tensor_220w_ngram,3,100,11459,206.51,69,1755,9251,3,16
1784687292.385,real_q8_tensor_220w_ngram,0,100,11459,202.02,65,1425,9251,3,16
1784687292.385,real_q8_tensor_220w_ngram,1,100,11459,207.01,70,1470,9251,3,16
1784687292.385,real_q8_tensor_220w_ngram,2,100,11459,205.72,74,1530,9251,3,16
1784687292.385,real_q8_tensor_220w_ngram,3,100,11459,206.93,70,1395,9251,3,16
1784687292.979,real_q8_tensor_220w_ngram,0,82,11459,199.11,65,1500,9251,3,16
1784687292.979,real_q8_tensor_220w_ngram,1,100,11459,208.69,69,1275,9251,3,16
1784687292.979,real_q8_tensor_220w_ngram,2,100,11459,208.04,73,1560,9251,3,16
1784687292.979,real_q8_tensor_220w_ngram,3,100,11459,205.53,69,1410,9251,3,16
1784687293.575,real_q8_tensor_220w_ngram,0,90,11459,194.67,64,1590,9251,3,16
1784687293.575,real_q8_tensor_220w_ngram,1,53,11459,201.53,69,1515,9251,3,16
1784687293.575,real_q8_tensor_220w_ngram,2,63,11459,198.68,73,1545,9251,3,16
1784687293.575,real_q8_tensor_220w_ngram,3,100,11459,200.57,69,1530,9251,3,16
1784687294.149,real_q8_tensor_220w_ngram,0,90,11459,203.05,64,1605,9251,3,16
1784687294.149,real_q8_tensor_220w_ngram,1,53,11459,206.37,69,1380,9251,3,16
1784687294.149,real_q8_tensor_220w_ngram,2,63,11459,205.67,73,1590,9251,3,16
1784687294.149,real_q8_tensor_220w_ngram,3,100,11459,207.74,70,1575,9251,3,16
1784687294.722,real_q8_tensor_220w_ngram,0,100,11459,202.84,65,1665,9251,3,16
1784687294.722,real_q8_tensor_220w_ngram,1,100,11459,206.03,69,1530,9251,3,16
1784687294.722,real_q8_tensor_220w_ngram,2,100,11459,205.69,73,1575,9251,3,16
1784687294.722,real_q8_tensor_220w_ngram,3,100,11459,206.99,69,1605,9251,3,16
1784687295.296,real_q8_tensor_220w_ngram,0,100,11459,196.78,64,1395,9251,3,16
1784687295.296,real_q8_tensor_220w_ngram,1,100,11459,207.94,69,1260,9251,3,16
1784687295.296,real_q8_tensor_220w_ngram,2,100,11459,206.24,74,1605,9251,3,16
1784687295.296,real_q8_tensor_220w_ngram,3,100,11459,203.22,69,1350,9251,3,16
1784687295.870,real_q8_tensor_220w_ngram,0,100,11459,196.09,64,1575,9251,3,16
1784687295.870,real_q8_tensor_220w_ngram,1,100,11459,199.88,70,1335,9251,3,16
1784687295.870,real_q8_tensor_220w_ngram,2,100,11459,197.18,73,1395,9251,3,16
1784687295.870,real_q8_tensor_220w_ngram,3,84,11459,201.37,69,1575,9251,3,16
1784687296.446,real_q8_tensor_220w_ngram,0,100,11459,203.00,64,1365,9251,3,16
1784687296.446,real_q8_tensor_220w_ngram,1,100,11459,206.29,70,1320,9251,3,16
1784687296.446,real_q8_tensor_220w_ngram,2,100,11459,205.13,74,1365,9251,3,16
1784687296.446,real_q8_tensor_220w_ngram,3,100,11459,207.90,69,1245,9251,3,16
1784687297.035,real_q8_tensor_220w_ngram,0,100,11459,203.82,65,1560,9251,3,16
1784687297.035,real_q8_tensor_220w_ngram,1,100,11459,206.12,69,1530,9251,3,16
1784687297.035,real_q8_tensor_220w_ngram,2,100,11459,205.53,73,1560,9251,3,16
1784687297.035,real_q8_tensor_220w_ngram,3,100,11459,206.01,69,1530,9251,3,16
1784687297.609,real_q8_tensor_220w_ngram,0,100,11459,202.63,64,1605,9251,3,16
1784687297.609,real_q8_tensor_220w_ngram,1,100,11459,203.95,69,1485,9251,3,16
1784687297.609,real_q8_tensor_220w_ngram,2,100,11459,202.50,73,1575,9251,3,16
1784687297.609,real_q8_tensor_220w_ngram,3,100,11459,207.54,69,1530,9251,3,16
1784687298.203,real_q8_tensor_220w_ngram,0,100,11459,197.49,64,1545,9251,3,16
1784687298.203,real_q8_tensor_220w_ngram,1,100,11459,202.74,70,1410,9251,3,16
1784687298.203,real_q8_tensor_220w_ngram,2,100,11459,202.53,73,1605,9251,3,16
1784687298.203,real_q8_tensor_220w_ngram,3,60,11459,203.30,70,1470,9251,3,16
1784687298.794,real_q8_tensor_220w_ngram,0,24,11459,193.08,62,1920,9251,3,16
1784687298.794,real_q8_tensor_220w_ngram,1,31,11459,194.33,67,1905,9251,3,16
1784687298.794,real_q8_tensor_220w_ngram,2,27,11459,191.70,71,1890,9251,3,16
1784687298.794,real_q8_tensor_220w_ngram,3,60,11459,197.87,67,1920,9251,3,16
1784687299.364,real_q8_tensor_220w_ngram,0,24,11459,196.59,64,1620,9251,3,16
1784687299.364,real_q8_tensor_220w_ngram,1,31,11459,200.50,70,1530,9251,3,16
1784687299.364,real_q8_tensor_220w_ngram,2,27,11459,198.16,74,1605,9251,3,16
1784687299.364,real_q8_tensor_220w_ngram,3,100,11459,200.50,69,1530,9251,3,16
1784687299.939,real_q8_tensor_220w_ngram,0,3,11459,186.32,63,1920,9251,3,16
1784687299.939,real_q8_tensor_220w_ngram,1,32,11459,200.62,68,1905,9251,3,16
1784687299.939,real_q8_tensor_220w_ngram,2,36,11459,198.15,71,1890,9251,3,16
1784687299.939,real_q8_tensor_220w_ngram,3,38,11459,194.48,68,1920,9251,3,16
1784687300.503,real_q8_tensor_220w_ngram,0,38,11459,158.74,63,1905,9251,3,16
1784687300.503,real_q8_tensor_220w_ngram,1,32,11459,176.69,67,1830,9251,3,16
1784687300.503,real_q8_tensor_220w_ngram,2,36,11459,169.12,71,1890,9251,3,16
1784687300.503,real_q8_tensor_220w_ngram,3,18,11459,176.41,68,1860,9251,3,16
1784687301.133,real_q8_tensor_220w_ngram,0,48,11459,159.63,62,1770,9251,3,16
1784687301.133,real_q8_tensor_220w_ngram,1,25,11459,174.22,68,1650,9251,3,16
1784687301.133,real_q8_tensor_220w_ngram,2,23,11459,165.82,71,1725,9251,3,16
1784687301.133,real_q8_tensor_220w_ngram,3,18,11459,175.67,67,1680,9251,3,16
1784687301.704,real_q8_tensor_220w_ngram,0,48,11459,161.84,63,1845,9251,3,16
1784687301.704,real_q8_tensor_220w_ngram,1,25,11459,177.59,67,1785,9251,3,16
1784687301.704,real_q8_tensor_220w_ngram,2,23,11459,169.93,71,1710,9251,3,16
1784687301.704,real_q8_tensor_220w_ngram,3,27,11459,177.15,68,1800,9251,3,16
1784687302.271,real_q8_tensor_220w_ngram,0,52,11459,163.93,62,1860,9251,3,16
1784687302.271,real_q8_tensor_220w_ngram,1,38,11459,178.57,68,1800,9251,3,16
1784687302.271,real_q8_tensor_220w_ngram,2,35,11459,170.09,72,1860,9251,3,16
1784687302.271,real_q8_tensor_220w_ngram,3,27,11459,178.64,67,1845,9251,3,16
1784687302.837,real_q8_tensor_220w_ngram,0,52,11459,173.24,62,1890,9251,3,16
1784687302.837,real_q8_tensor_220w_ngram,1,38,11459,184.35,68,1845,9251,3,16
1784687302.837,real_q8_tensor_220w_ngram,2,35,11459,176.25,72,1800,9251,3,16
1784687302.837,real_q8_tensor_220w_ngram,3,69,11459,186.97,67,1875,9251,3,16
1784687303.425,real_q8_tensor_220w_ngram,0,39,11459,170.95,62,1920,9251,3,16
1784687303.425,real_q8_tensor_220w_ngram,1,33,11459,185.93,67,1905,9251,3,16
1784687303.425,real_q8_tensor_220w_ngram,2,31,11459,178.04,71,1845,9251,3,16
1784687303.425,real_q8_tensor_220w_ngram,3,27,11459,183.18,68,1920,9251,3,16
1784687304.020,real_q8_tensor_220w_ngram,0,39,11459,163.32,62,1920,9251,3,16
1784687304.020,real_q8_tensor_220w_ngram,1,33,11459,177.88,67,1755,9251,3,16
1784687304.020,real_q8_tensor_220w_ngram,2,31,11459,164.14,71,1890,9251,3,16
1784687304.020,real_q8_tensor_220w_ngram,3,37,11459,182.41,67,1845,9251,3,16
1784687304.594,real_q8_tensor_220w_ngram,0,35,11459,163.28,62,1920,9251,3,16
1784687304.594,real_q8_tensor_220w_ngram,1,21,11459,174.49,67,1875,9251,3,16
1784687304.594,real_q8_tensor_220w_ngram,2,19,11459,163.33,71,1890,9251,3,16
1784687304.594,real_q8_tensor_220w_ngram,3,37,11459,178.10,67,1920,9251,3,16
1784687305.180,real_q8_tensor_220w_ngram,0,35,11459,157.89,62,1920,9251,3,16
1784687305.180,real_q8_tensor_220w_ngram,1,21,11459,174.91,67,1875,9251,3,16
1784687305.180,real_q8_tensor_220w_ngram,2,19,11459,165.82,70,1890,9251,3,16
1784687305.180,real_q8_tensor_220w_ngram,3,39,11459,173.76,67,1905,9251,3,16
1784687305.746,real_q8_tensor_220w_ngram,0,33,11459,158.35,61,1920,9251,3,16
1784687305.746,real_q8_tensor_220w_ngram,1,20,11459,170.90,67,1860,9251,3,16
1784687305.746,real_q8_tensor_220w_ngram,2,17,11459,165.82,71,1890,9251,3,16
1784687305.746,real_q8_tensor_220w_ngram,3,39,11459,169.16,66,1710,9251,3,16
1784687306.314,real_q8_tensor_220w_ngram,0,33,11459,165.81,62,1920,9251,3,16
1784687306.314,real_q8_tensor_220w_ngram,1,20,11459,175.36,67,1875,9251,3,16
1784687306.314,real_q8_tensor_220w_ngram,2,17,11459,170.57,71,1875,9251,3,16
1784687306.314,real_q8_tensor_220w_ngram,3,27,11459,169.78,67,1875,9251,3,16
1784687306.885,real_q8_tensor_220w_ngram,0,56,11459,168.95,62,1920,9251,3,16
1784687306.885,real_q8_tensor_220w_ngram,1,31,11459,178.38,67,1830,9251,3,16
1784687306.885,real_q8_tensor_220w_ngram,2,32,11459,173.81,71,1890,9251,3,16
1784687306.885,real_q8_tensor_220w_ngram,3,27,11459,178.58,67,1920,9251,3,16
1784687307.467,real_q8_tensor_220w_ngram,0,24,11459,157.91,62,1725,9251,3,16
1784687307.467,real_q8_tensor_220w_ngram,1,44,11459,168.73,66,1605,9251,3,16
1784687307.467,real_q8_tensor_220w_ngram,2,37,11459,166.76,70,1665,9251,3,16
1784687307.467,real_q8_tensor_220w_ngram,3,22,11459,176.11,67,1665,9251,3,16
1784687308.040,real_q8_tensor_220w_ngram,0,32,11459,163.52,62,1920,9251,3,16
1784687308.040,real_q8_tensor_220w_ngram,1,34,11459,171.63,67,1905,9251,3,16
1784687308.040,real_q8_tensor_220w_ngram,2,35,11459,169.47,71,1890,9251,3,16
1784687308.040,real_q8_tensor_220w_ngram,3,22,11459,177.09,67,1905,9251,3,16
1784687308.607,real_q8_tensor_220w_ngram,0,32,11459,165.68,63,1905,9251,3,16
1784687308.607,real_q8_tensor_220w_ngram,1,34,11459,176.53,66,1875,9251,3,16
1784687308.607,real_q8_tensor_220w_ngram,2,35,11459,171.40,70,1875,9251,3,16
1784687308.607,real_q8_tensor_220w_ngram,3,57,11459,180.95,67,1890,9251,3,16
1784687309.193,real_q8_tensor_220w_ngram,0,51,11459,167.08,62,1785,9251,3,16
1784687309.193,real_q8_tensor_220w_ngram,1,68,11459,182.71,68,1665,9251,3,16
1784687309.193,real_q8_tensor_220w_ngram,2,64,11459,174.46,71,1680,9251,3,16
1784687309.193,real_q8_tensor_220w_ngram,3,57,11459,180.85,68,1695,9251,3,16
1784687309.783,real_q8_tensor_220w_ngram,0,51,11459,166.51,61,1920,9251,3,16
1784687309.783,real_q8_tensor_220w_ngram,1,68,11459,177.45,66,1845,9251,3,16
1784687309.783,real_q8_tensor_220w_ngram,2,64,11459,165.59,70,1830,9251,3,16
1784687309.783,real_q8_tensor_220w_ngram,3,30,11459,181.45,66,1905,9251,3,16
1784687310.354,real_q8_tensor_220w_ngram,0,50,11459,163.34,62,1905,9251,3,16
1784687310.354,real_q8_tensor_220w_ngram,1,53,11459,172.97,67,1875,9251,3,16
1784687310.354,real_q8_tensor_220w_ngram,2,49,11459,160.93,71,1845,9251,3,16
1784687310.354,real_q8_tensor_220w_ngram,3,30,11459,178.90,67,1890,9251,3,16
1784687310.919,real_q8_tensor_220w_ngram,0,35,11459,169.65,61,1725,9251,3,16
1784687310.919,real_q8_tensor_220w_ngram,1,42,11459,174.46,67,1710,9251,3,16
1784687310.919,real_q8_tensor_220w_ngram,2,32,11459,162.51,70,1740,9251,3,16
1784687310.919,real_q8_tensor_220w_ngram,3,71,11459,184.28,67,1695,9251,3,16
1784687311.524,real_q8_tensor_220w_ngram,0,50,11459,164.55,61,1890,9251,3,16
1784687311.524,real_q8_tensor_220w_ngram,1,46,11459,182.66,67,1845,9251,3,16
1784687311.524,real_q8_tensor_220w_ngram,2,48,11459,171.15,70,1800,9251,3,16
1784687311.524,real_q8_tensor_220w_ngram,3,71,11459,177.84,68,1860,9251,3,16
1784687312.112,real_q8_tensor_220w_ngram,0,50,11459,165.21,62,1920,9251,3,16
1784687312.112,real_q8_tensor_220w_ngram,1,46,11459,176.72,67,1845,9251,3,16
1784687312.112,real_q8_tensor_220w_ngram,2,48,11459,165.88,70,1830,9251,3,16
1784687312.112,real_q8_tensor_220w_ngram,3,33,11459,179.54,67,1875,9251,3,16
1784687312.746,real_q8_tensor_220w_ngram,0,89,11459,171.32,62,1785,9251,3,16
1784687312.746,real_q8_tensor_220w_ngram,1,65,11459,179.68,67,1680,9251,3,16
1784687312.746,real_q8_tensor_220w_ngram,2,60,11459,175.00,71,1710,9251,3,16
1784687312.746,real_q8_tensor_220w_ngram,3,33,11459,185.86,67,1710,9251,3,16
1784687313.345,real_q8_tensor_220w_ngram,0,48,11459,173.59,61,1920,9251,3,16
1784687313.345,real_q8_tensor_220w_ngram,1,31,11459,186.11,66,1665,9251,3,16
1784687313.345,real_q8_tensor_220w_ngram,2,54,11459,179.17,70,1890,9251,3,16
1784687313.345,real_q8_tensor_220w_ngram,3,27,11459,186.28,67,1710,9251,3,16
