t_unix,tag,index,utilization.gpu,memory.used,power.draw,temperature.gpu,clocks.sm,clocks.mem,pcie.link.gen.current,pcie.link.width.current
1784684115.163,real_q8_tensor_220w_none,0,0,11397,99.66,53,1710,9251,3,16
1784684115.163,real_q8_tensor_220w_none,1,0,11397,115.56,58,1710,9251,3,16
1784684115.163,real_q8_tensor_220w_none,2,0,11397,104.19,61,1710,9251,3,16
1784684115.163,real_q8_tensor_220w_none,3,0,11397,112.66,57,1710,9251,3,16
1784684115.755,real_q8_tensor_220w_none,0,0,11423,134.16,55,1950,9251,3,16
1784684115.755,real_q8_tensor_220w_none,1,0,11423,144.18,61,1920,9251,3,16
1784684115.755,real_q8_tensor_220w_none,2,0,11423,131.19,64,1920,9251,3,16
1784684115.755,real_q8_tensor_220w_none,3,0,11423,142.61,60,1950,9251,3,16
1784684116.369,real_q8_tensor_220w_none,0,100,11449,188.80,57,1905,9251,3,16
1784684116.369,real_q8_tensor_220w_none,1,100,11449,193.18,62,1815,9251,3,16
1784684116.369,real_q8_tensor_220w_none,2,100,11449,183.20,65,1860,9251,3,16
1784684116.369,real_q8_tensor_220w_none,3,100,11449,195.11,62,1845,9251,3,16
1784684116.964,real_q8_tensor_220w_none,0,100,11449,188.68,57,1830,9251,3,16
1784684116.964,real_q8_tensor_220w_none,1,100,11449,200.79,62,1725,9251,3,16
1784684116.964,real_q8_tensor_220w_none,2,100,11449,195.61,65,1785,9251,3,16
1784684116.964,real_q8_tensor_220w_none,3,100,11449,204.98,62,1755,9251,3,16
1784684117.542,real_q8_tensor_220w_none,0,94,11449,198.37,58,1830,9251,3,16
1784684117.542,real_q8_tensor_220w_none,1,94,11449,206.63,62,1740,9251,3,16
1784684117.542,real_q8_tensor_220w_none,2,94,11449,201.70,66,1785,9251,3,16
1784684117.542,real_q8_tensor_220w_none,3,93,11449,207.46,62,1755,9251,3,16
1784684118.117,real_q8_tensor_220w_none,0,94,11449,216.67,57,1755,9251,3,16
1784684118.117,real_q8_tensor_220w_none,1,94,11449,218.88,62,1680,9251,3,16
1784684118.117,real_q8_tensor_220w_none,2,94,11449,216.43,66,1665,9251,3,16
1784684118.117,real_q8_tensor_220w_none,3,93,11449,217.61,62,1695,9251,3,16
1784684118.691,real_q8_tensor_220w_none,0,93,11449,219.81,58,1830,9251,3,16
1784684118.691,real_q8_tensor_220w_none,1,94,11449,219.43,62,1725,9251,3,16
1784684118.691,real_q8_tensor_220w_none,2,94,11449,219.67,66,1785,9251,3,16
1784684118.691,real_q8_tensor_220w_none,3,94,11449,219.68,62,1725,9251,3,16
1784684119.264,real_q8_tensor_220w_none,0,93,11449,218.68,58,1815,9251,3,16
1784684119.264,real_q8_tensor_220w_none,1,94,11449,219.70,62,1710,9251,3,16
1784684119.264,real_q8_tensor_220w_none,2,94,11449,218.97,66,1755,9251,3,16
1784684119.264,real_q8_tensor_220w_none,3,94,11449,219.98,62,1740,9251,3,16
1784684119.838,real_q8_tensor_220w_none,0,93,11449,219.84,58,1830,9251,3,16
1784684119.838,real_q8_tensor_220w_none,1,93,11449,219.71,62,1725,9251,3,16
1784684119.838,real_q8_tensor_220w_none,2,94,11449,219.47,66,1785,9251,3,16
1784684119.838,real_q8_tensor_220w_none,3,94,11449,219.77,63,1725,9251,3,16
1784684120.435,real_q8_tensor_220w_none,0,93,11449,219.61,58,1830,9251,3,16
1784684120.435,real_q8_tensor_220w_none,1,93,11449,219.79,62,1740,9251,3,16
1784684120.435,real_q8_tensor_220w_none,2,93,11449,219.42,66,1770,9251,3,16
1784684120.435,real_q8_tensor_220w_none,3,94,11449,219.76,63,1740,9251,3,16
1784684121.038,real_q8_tensor_220w_none,0,93,11449,219.25,58,1785,9251,3,16
1784684121.038,real_q8_tensor_220w_none,1,93,11449,219.04,62,1695,9251,3,16
1784684121.038,real_q8_tensor_220w_none,2,93,11449,219.09,66,1740,9251,3,16
1784684121.038,real_q8_tensor_220w_none,3,94,11449,218.91,63,1710,9251,3,16
1784684121.619,real_q8_tensor_220w_none,0,94,11449,219.72,58,1830,9251,3,16
1784684121.619,real_q8_tensor_220w_none,1,93,11449,219.14,62,1725,9251,3,16
1784684121.619,real_q8_tensor_220w_none,2,93,11449,219.09,66,1785,9251,3,16
1784684121.619,real_q8_tensor_220w_none,3,94,11449,219.77,63,1740,9251,3,16
1784684122.189,real_q8_tensor_220w_none,0,45,11449,201.64,57,1950,9251,3,16
1784684122.189,real_q8_tensor_220w_none,1,100,11449,206.40,62,1920,9251,3,16
1784684122.189,real_q8_tensor_220w_none,2,54,11449,203.60,65,1920,9251,3,16
1784684122.189,real_q8_tensor_220w_none,3,78,11449,206.53,62,1935,9251,3,16
1784684122.784,real_q8_tensor_220w_none,0,91,11449,195.37,58,1815,9251,3,16
1784684122.784,real_q8_tensor_220w_none,1,74,11449,199.95,62,1725,9251,3,16
1784684122.784,real_q8_tensor_220w_none,2,73,11449,194.80,66,1770,9251,3,16
1784684122.784,real_q8_tensor_220w_none,3,92,11449,204.76,63,1740,9251,3,16
1784684123.378,real_q8_tensor_220w_none,0,91,11449,215.93,58,1830,9251,3,16
1784684123.378,real_q8_tensor_220w_none,1,74,11449,217.29,63,1725,9251,3,16
1784684123.378,real_q8_tensor_220w_none,2,73,11449,216.11,67,1785,9251,3,16
1784684123.378,real_q8_tensor_220w_none,3,92,11449,219.29,63,1740,9251,3,16
1784684123.972,real_q8_tensor_220w_none,0,94,11449,219.55,58,1830,9251,3,16
1784684123.972,real_q8_tensor_220w_none,1,94,11449,220.09,63,1725,9251,3,16
1784684123.972,real_q8_tensor_220w_none,2,94,11449,219.60,66,1785,9251,3,16
1784684123.972,real_q8_tensor_220w_none,3,94,11449,219.64,63,1740,9251,3,16
1784684124.546,real_q8_tensor_220w_none,0,94,11449,219.32,58,1770,9251,3,16
1784684124.546,real_q8_tensor_220w_none,1,94,11449,218.56,63,1695,9251,3,16
1784684124.546,real_q8_tensor_220w_none,2,94,11449,218.15,66,1725,9251,3,16
1784684124.546,real_q8_tensor_220w_none,3,94,11449,218.00,63,1695,9251,3,16
1784684125.141,real_q8_tensor_220w_none,0,93,11449,219.66,59,1830,9251,3,16
1784684125.141,real_q8_tensor_220w_none,1,93,11449,219.90,63,1725,9251,3,16
1784684125.141,real_q8_tensor_220w_none,2,93,11449,219.76,67,1785,9251,3,16
1784684125.141,real_q8_tensor_220w_none,3,94,11449,219.70,63,1740,9251,3,16
1784684125.731,real_q8_tensor_220w_none,0,94,11449,219.03,59,1800,9251,3,16
1784684125.731,real_q8_tensor_220w_none,1,94,11449,219.54,63,1710,9251,3,16
1784684125.731,real_q8_tensor_220w_none,2,94,11449,219.18,66,1740,9251,3,16
1784684125.731,real_q8_tensor_220w_none,3,94,11449,219.69,63,1725,9251,3,16
1784684126.333,real_q8_tensor_220w_none,0,94,11449,219.73,59,1815,9251,3,16
1784684126.333,real_q8_tensor_220w_none,1,94,11449,219.57,63,1680,9251,3,16
1784684126.333,real_q8_tensor_220w_none,2,94,11449,219.82,67,1770,9251,3,16
1784684126.333,real_q8_tensor_220w_none,3,93,11449,219.54,63,1725,9251,3,16
1784684126.941,real_q8_tensor_220w_none,0,94,11449,219.46,59,1800,9251,3,16
1784684126.941,real_q8_tensor_220w_none,1,94,11449,219.66,63,1725,9251,3,16
1784684126.941,real_q8_tensor_220w_none,2,94,11449,219.60,67,1755,9251,3,16
1784684126.941,real_q8_tensor_220w_none,3,93,11449,219.67,63,1725,9251,3,16
1784684127.518,real_q8_tensor_220w_none,0,100,11449,212.50,59,1905,9251,3,16
1784684127.518,real_q8_tensor_220w_none,1,70,11449,212.32,63,1905,9251,3,16
1784684127.518,real_q8_tensor_220w_none,2,68,11449,210.39,67,1890,9251,3,16
1784684127.518,real_q8_tensor_220w_none,3,100,11449,214.39,64,1920,9251,3,16
1784684128.098,real_q8_tensor_220w_none,0,100,11449,194.27,58,1935,9251,3,16
1784684128.098,real_q8_tensor_220w_none,1,70,11449,201.94,62,1920,9251,3,16
1784684128.098,real_q8_tensor_220w_none,2,68,11449,198.50,66,1920,9251,3,16
1784684128.098,real_q8_tensor_220w_none,3,100,11449,201.65,63,1935,9251,3,16
1784684128.667,real_q8_tensor_220w_none,0,93,11449,197.02,59,1935,9251,3,16
1784684128.667,real_q8_tensor_220w_none,1,57,11449,203.82,62,1920,9251,3,16
1784684128.667,real_q8_tensor_220w_none,2,56,11449,200.42,66,1920,9251,3,16
1784684128.667,real_q8_tensor_220w_none,3,33,11449,208.15,64,1935,9251,3,16
1784684129.240,real_q8_tensor_220w_none,0,94,11449,212.68,59,1815,9251,3,16
1784684129.240,real_q8_tensor_220w_none,1,94,11449,219.20,63,1725,9251,3,16
1784684129.240,real_q8_tensor_220w_none,2,94,11449,218.99,67,1785,9251,3,16
1784684129.240,real_q8_tensor_220w_none,3,94,11449,220.76,64,1755,9251,3,16
1784684129.839,real_q8_tensor_220w_none,0,94,11449,220.28,59,1815,9251,3,16
1784684129.839,real_q8_tensor_220w_none,1,94,11449,219.62,63,1725,9251,3,16
1784684129.839,real_q8_tensor_220w_none,2,94,11449,219.55,67,1770,9251,3,16
1784684129.839,real_q8_tensor_220w_none,3,94,11449,221.10,64,1740,9251,3,16
1784684130.413,real_q8_tensor_220w_none,0,94,11449,219.42,59,1800,9251,3,16
1784684130.413,real_q8_tensor_220w_none,1,94,11449,219.60,63,1680,9251,3,16
1784684130.413,real_q8_tensor_220w_none,2,94,11449,219.19,67,1770,9251,3,16
1784684130.413,real_q8_tensor_220w_none,3,94,11449,220.10,64,1695,9251,3,16
1784684131.004,real_q8_tensor_220w_none,0,94,11449,219.65,59,1815,9251,3,16
1784684131.004,real_q8_tensor_220w_none,1,94,11449,219.91,63,1725,9251,3,16
1784684131.004,real_q8_tensor_220w_none,2,94,11449,219.65,67,1785,9251,3,16
1784684131.004,real_q8_tensor_220w_none,3,94,11449,219.72,64,1740,9251,3,16
1784684131.579,real_q8_tensor_220w_none,0,94,11449,218.99,59,1770,9251,3,16
1784684131.579,real_q8_tensor_220w_none,1,94,11449,218.91,63,1695,9251,3,16
1784684131.579,real_q8_tensor_220w_none,2,94,11449,218.92,67,1740,9251,3,16
1784684131.579,real_q8_tensor_220w_none,3,94,11449,218.90,64,1695,9251,3,16
1784684132.151,real_q8_tensor_220w_none,0,94,11449,219.67,59,1815,9251,3,16
1784684132.151,real_q8_tensor_220w_none,1,94,11449,219.67,63,1725,9251,3,16
1784684132.151,real_q8_tensor_220w_none,2,94,11449,219.82,67,1785,9251,3,16
1784684132.151,real_q8_tensor_220w_none,3,94,11449,219.68,64,1740,9251,3,16
1784684132.724,real_q8_tensor_220w_none,0,94,11449,219.04,59,1800,9251,3,16
1784684132.724,real_q8_tensor_220w_none,1,94,11449,219.56,63,1710,9251,3,16
1784684132.724,real_q8_tensor_220w_none,2,94,11449,219.08,67,1740,9251,3,16
1784684132.724,real_q8_tensor_220w_none,3,94,11449,219.39,64,1725,9251,3,16
1784684133.321,real_q8_tensor_220w_none,0,94,11449,212.40,60,1875,9251,3,16
1784684133.321,real_q8_tensor_220w_none,1,100,11449,214.40,64,1800,9251,3,16
1784684133.321,real_q8_tensor_220w_none,2,94,11449,212.42,68,1845,9251,3,16
1784684133.321,real_q8_tensor_220w_none,3,94,11449,214.18,64,1830,9251,3,16
1784684133.920,real_q8_tensor_220w_none,0,79,11449,201.39,59,1935,9251,3,16
1784684133.920,real_q8_tensor_220w_none,1,100,11449,202.27,64,1920,9251,3,16
1784684133.920,real_q8_tensor_220w_none,2,23,11449,198.61,68,1905,9251,3,16
1784684133.920,real_q8_tensor_220w_none,3,73,11449,205.74,63,1935,9251,3,16
1784684134.508,real_q8_tensor_220w_none,0,79,11449,198.00,59,1815,9251,3,16
1784684134.508,real_q8_tensor_220w_none,1,93,11449,205.07,64,1815,9251,3,16
1784684134.508,real_q8_tensor_220w_none,2,23,11449,201.15,68,1785,9251,3,16
1784684134.508,real_q8_tensor_220w_none,3,73,11449,206.13,64,1815,9251,3,16
1784684135.077,real_q8_tensor_220w_none,0,94,11449,212.74,59,1815,9251,3,16
1784684135.077,real_q8_tensor_220w_none,1,93,11449,215.95,64,1725,9251,3,16
1784684135.077,real_q8_tensor_220w_none,2,94,11449,213.39,68,1785,9251,3,16
1784684135.077,real_q8_tensor_220w_none,3,93,11449,217.28,64,1740,9251,3,16
1784684135.655,real_q8_tensor_220w_none,0,94,11449,215.32,59,1785,9251,3,16
1784684135.655,real_q8_tensor_220w_none,1,94,11449,219.12,64,1710,9251,3,16
1784684135.655,real_q8_tensor_220w_none,2,94,11449,218.47,67,1740,9251,3,16
1784684135.655,real_q8_tensor_220w_none,3,93,11449,216.48,64,1725,9251,3,16
1784684136.226,real_q8_tensor_220w_none,0,94,11449,219.96,60,1815,9251,3,16
1784684136.226,real_q8_tensor_220w_none,1,94,11449,220.00,64,1725,9251,3,16
1784684136.226,real_q8_tensor_220w_none,2,94,11449,219.74,68,1770,9251,3,16
1784684136.226,real_q8_tensor_220w_none,3,94,11449,219.90,64,1725,9251,3,16
1784684136.821,real_q8_tensor_220w_none,0,94,11449,219.66,60,1800,9251,3,16
1784684136.821,real_q8_tensor_220w_none,1,94,11449,220.05,64,1710,9251,3,16
1784684136.821,real_q8_tensor_220w_none,2,94,11449,219.65,68,1770,9251,3,16
1784684136.821,real_q8_tensor_220w_none,3,94,11449,219.87,64,1725,9251,3,16
1784684137.396,real_q8_tensor_220w_none,0,94,11449,219.14,60,1770,9251,3,16
1784684137.396,real_q8_tensor_220w_none,1,94,11449,219.29,64,1680,9251,3,16
1784684137.396,real_q8_tensor_220w_none,2,94,11449,219.29,68,1740,9251,3,16
1784684137.396,real_q8_tensor_220w_none,3,93,11449,219.36,64,1710,9251,3,16
1784684137.969,real_q8_tensor_220w_none,0,94,11449,219.87,60,1800,9251,3,16
1784684137.969,real_q8_tensor_220w_none,1,94,11449,219.75,64,1710,9251,3,16
1784684137.969,real_q8_tensor_220w_none,2,94,11449,219.54,68,1770,9251,3,16
1784684137.969,real_q8_tensor_220w_none,3,93,11449,219.47,64,1725,9251,3,16
1784684138.541,real_q8_tensor_220w_none,0,94,11449,218.95,60,1770,9251,3,16
1784684138.541,real_q8_tensor_220w_none,1,94,11449,219.34,64,1695,9251,3,16
1784684138.541,real_q8_tensor_220w_none,2,94,11449,219.13,68,1740,9251,3,16
1784684138.541,real_q8_tensor_220w_none,3,94,11449,219.43,64,1710,9251,3,16
1784684139.139,real_q8_tensor_220w_none,0,54,11449,210.37,60,1875,9251,3,16
1784684139.139,real_q8_tensor_220w_none,1,100,11449,212.15,64,1830,9251,3,16
1784684139.139,real_q8_tensor_220w_none,2,75,11449,210.70,68,1860,9251,3,16
1784684139.139,real_q8_tensor_220w_none,3,52,11449,212.20,65,1845,9251,3,16
1784684139.743,real_q8_tensor_220w_none,0,100,11449,208.07,60,1890,9251,3,16
1784684139.743,real_q8_tensor_220w_none,1,100,11449,210.04,64,1830,9251,3,16
1784684139.743,real_q8_tensor_220w_none,2,82,11449,207.52,68,1860,9251,3,16
1784684139.743,real_q8_tensor_220w_none,3,100,11449,210.41,65,1815,9251,3,16
1784684140.335,real_q8_tensor_220w_none,0,100,11449,198.47,58,1875,9251,3,16
1784684140.335,real_q8_tensor_220w_none,1,34,11449,203.59,63,1830,9251,3,16
1784684140.335,real_q8_tensor_220w_none,2,82,11449,199.81,66,1905,9251,3,16
1784684140.335,real_q8_tensor_220w_none,3,4,11449,204.72,63,1815,9251,3,16
1784684140.913,real_q8_tensor_220w_none,0,33,11451,185.32,59,1935,9251,3,16
1784684140.913,real_q8_tensor_220w_none,1,34,11451,197.21,63,1905,9251,3,16
1784684140.913,real_q8_tensor_220w_none,2,38,11451,187.45,67,1905,9251,3,16
1784684140.913,real_q8_tensor_220w_none,3,4,11451,194.58,64,1935,9251,3,16
1784684141.490,real_q8_tensor_220w_none,0,33,11451,204.41,60,1815,9251,3,16
1784684141.490,real_q8_tensor_220w_none,1,94,11451,209.91,64,1725,9251,3,16
1784684141.490,real_q8_tensor_220w_none,2,38,11451,206.76,68,1770,9251,3,16
1784684141.490,real_q8_tensor_220w_none,3,94,11451,210.32,65,1740,9251,3,16
1784684142.064,real_q8_tensor_220w_none,0,94,11451,218.14,60,1815,9251,3,16
1784684142.064,real_q8_tensor_220w_none,1,94,11451,221.13,64,1710,9251,3,16
1784684142.064,real_q8_tensor_220w_none,2,93,11451,220.73,68,1770,9251,3,16
1784684142.064,real_q8_tensor_220w_none,3,94,11451,219.70,65,1740,9251,3,16
1784684142.636,real_q8_tensor_220w_none,0,94,11451,220.02,60,1800,9251,3,16
1784684142.636,real_q8_tensor_220w_none,1,94,11451,219.85,64,1695,9251,3,16
1784684142.636,real_q8_tensor_220w_none,2,93,11451,219.74,68,1770,9251,3,16
1784684142.636,real_q8_tensor_220w_none,3,94,11451,219.88,65,1710,9251,3,16
1784684143.208,real_q8_tensor_220w_none,0,94,11451,219.71,60,1800,9251,3,16
1784684143.208,real_q8_tensor_220w_none,1,94,11451,219.81,64,1710,9251,3,16
1784684143.208,real_q8_tensor_220w_none,2,94,11451,219.73,68,1770,9251,3,16
1784684143.208,real_q8_tensor_220w_none,3,94,11451,219.89,65,1740,9251,3,16
1784684143.810,real_q8_tensor_220w_none,0,94,11451,218.68,60,1770,9251,3,16
1784684143.810,real_q8_tensor_220w_none,1,94,11451,219.05,64,1695,9251,3,16
1784684143.810,real_q8_tensor_220w_none,2,94,11451,218.61,68,1725,9251,3,16
1784684143.810,real_q8_tensor_220w_none,3,93,11451,218.54,65,1710,9251,3,16
1784684144.404,real_q8_tensor_220w_none,0,95,11451,219.99,60,1815,9251,3,16
1784684144.404,real_q8_tensor_220w_none,1,94,11451,219.88,64,1725,9251,3,16
1784684144.404,real_q8_tensor_220w_none,2,94,11451,219.77,68,1770,9251,3,16
1784684144.404,real_q8_tensor_220w_none,3,93,11451,219.89,65,1740,9251,3,16
1784684145.001,real_q8_tensor_220w_none,0,95,11451,219.44,60,1785,9251,3,16
1784684145.001,real_q8_tensor_220w_none,1,93,11451,219.65,64,1710,9251,3,16
1784684145.001,real_q8_tensor_220w_none,2,94,11451,219.14,68,1740,9251,3,16
1784684145.001,real_q8_tensor_220w_none,3,94,11451,219.40,65,1725,9251,3,16
1784684145.576,real_q8_tensor_220w_none,0,94,11451,213.87,60,1815,9251,3,16
1784684145.576,real_q8_tensor_220w_none,1,93,11451,216.25,64,1710,9251,3,16
1784684145.576,real_q8_tensor_220w_none,2,94,11451,214.52,68,1770,9251,3,16
1784684145.576,real_q8_tensor_220w_none,3,94,11451,215.94,65,1725,9251,3,16
1784684146.180,real_q8_tensor_220w_none,0,100,11451,208.19,61,1920,9251,3,16
1784684146.180,real_q8_tensor_220w_none,1,100,11451,211.83,65,1860,9251,3,16
1784684146.180,real_q8_tensor_220w_none,2,100,11451,209.40,69,1875,9251,3,16
1784684146.180,real_q8_tensor_220w_none,3,100,11451,212.07,65,1860,9251,3,16
1784684146.774,real_q8_tensor_220w_none,0,100,11451,208.64,61,1875,9251,3,16
1784684146.774,real_q8_tensor_220w_none,1,100,11451,213.09,65,1830,9251,3,16
1784684146.774,real_q8_tensor_220w_none,2,100,11451,210.50,69,1860,9251,3,16
1784684146.774,real_q8_tensor_220w_none,3,100,11451,212.12,66,1830,9251,3,16
1784684147.376,real_q8_tensor_220w_none,0,100,11451,198.67,61,1890,9251,3,16
1784684147.376,real_q8_tensor_220w_none,1,100,11451,205.99,65,1815,9251,3,16
1784684147.376,real_q8_tensor_220w_none,2,100,11451,200.97,69,1845,9251,3,16
1784684147.376,real_q8_tensor_220w_none,3,100,11451,205.37,66,1830,9251,3,16
1784684147.974,real_q8_tensor_220w_none,0,94,11451,184.63,60,1815,9251,3,16
1784684147.974,real_q8_tensor_220w_none,1,100,11451,195.22,64,1725,9251,3,16
1784684147.974,real_q8_tensor_220w_none,2,94,11451,187.60,68,1770,9251,3,16
1784684147.974,real_q8_tensor_220w_none,3,100,11451,195.58,65,1740,9251,3,16
1784684148.577,real_q8_tensor_220w_none,0,94,11451,205.03,60,1815,9251,3,16
1784684148.577,real_q8_tensor_220w_none,1,94,11451,210.28,64,1680,9251,3,16
1784684148.577,real_q8_tensor_220w_none,2,94,11451,207.09,69,1740,9251,3,16
1784684148.577,real_q8_tensor_220w_none,3,94,11451,210.56,65,1695,9251,3,16
1784684149.153,real_q8_tensor_220w_none,0,93,11451,219.75,60,1815,9251,3,16
1784684149.153,real_q8_tensor_220w_none,1,94,11451,219.89,64,1725,9251,3,16
1784684149.153,real_q8_tensor_220w_none,2,93,11451,219.83,69,1770,9251,3,16
1784684149.153,real_q8_tensor_220w_none,3,94,11451,219.76,65,1740,9251,3,16
1784684149.748,real_q8_tensor_220w_none,0,94,11451,218.36,60,1785,9251,3,16
1784684149.748,real_q8_tensor_220w_none,1,94,11451,218.61,64,1680,9251,3,16
1784684149.748,real_q8_tensor_220w_none,2,94,11451,218.01,68,1740,9251,3,16
1784684149.748,real_q8_tensor_220w_none,3,94,11451,218.17,65,1710,9251,3,16
1784684150.322,real_q8_tensor_220w_none,0,94,11451,219.82,60,1815,9251,3,16
1784684150.322,real_q8_tensor_220w_none,1,94,11451,219.81,64,1710,9251,3,16
1784684150.322,real_q8_tensor_220w_none,2,94,11451,219.72,69,1770,9251,3,16
1784684150.322,real_q8_tensor_220w_none,3,94,11451,220.10,65,1740,9251,3,16
1784684150.897,real_q8_tensor_220w_none,0,94,11451,219.26,60,1800,9251,3,16
1784684150.897,real_q8_tensor_220w_none,1,94,11451,219.82,64,1710,9251,3,16
1784684150.897,real_q8_tensor_220w_none,2,94,11451,219.64,68,1740,9251,3,16
1784684150.897,real_q8_tensor_220w_none,3,94,11451,219.66,65,1725,9251,3,16
1784684151.488,real_q8_tensor_220w_none,0,94,11451,219.59,61,1785,9251,3,16
1784684151.488,real_q8_tensor_220w_none,1,94,11451,219.74,65,1695,9251,3,16
1784684151.488,real_q8_tensor_220w_none,2,94,11451,219.70,69,1755,9251,3,16
1784684151.488,real_q8_tensor_220w_none,3,94,11451,219.37,65,1710,9251,3,16
1784684152.080,real_q8_tensor_220w_none,0,94,11451,219.61,60,1815,9251,3,16
1784684152.080,real_q8_tensor_220w_none,1,94,11451,219.86,65,1710,9251,3,16
1784684152.080,real_q8_tensor_220w_none,2,93,11451,219.91,69,1770,9251,3,16
1784684152.080,real_q8_tensor_220w_none,3,94,11451,219.86,65,1725,9251,3,16
1784684152.656,real_q8_tensor_220w_none,0,94,11451,209.01,59,1920,9251,3,16
1784684152.656,real_q8_tensor_220w_none,1,94,11451,215.65,65,1905,9251,3,16
1784684152.656,real_q8_tensor_220w_none,2,94,11451,213.75,68,1875,9251,3,16
1784684152.656,real_q8_tensor_220w_none,3,71,11451,211.68,64,1920,9251,3,16
1784684153.266,real_q8_tensor_220w_none,0,100,11451,203.98,61,1875,9251,3,16
1784684153.266,real_q8_tensor_220w_none,1,94,11451,208.66,65,1815,9251,3,16
1784684153.266,real_q8_tensor_220w_none,2,100,11451,204.84,69,1845,9251,3,16
1784684153.266,real_q8_tensor_220w_none,3,100,11451,209.79,66,1830,9251,3,16
1784684153.843,real_q8_tensor_220w_none,0,100,11451,210.84,61,1935,9251,3,16
1784684153.843,real_q8_tensor_220w_none,1,81,11451,217.89,65,1815,9251,3,16
1784684153.843,real_q8_tensor_220w_none,2,100,11451,215.49,69,1905,9251,3,16
1784684153.843,real_q8_tensor_220w_none,3,100,11451,215.43,66,1830,9251,3,16
1784684154.420,real_q8_tensor_220w_none,0,100,11455,213.54,61,1875,9251,3,16
1784684154.420,real_q8_tensor_220w_none,1,81,11455,217.64,66,1815,9251,3,16
1784684154.420,real_q8_tensor_220w_none,2,100,11455,215.57,70,1845,9251,3,16
1784684154.420,real_q8_tensor_220w_none,3,100,11455,217.30,66,1815,9251,3,16
1784684154.995,real_q8_tensor_220w_none,0,100,11455,213.19,61,1860,9251,3,16
1784684154.995,real_q8_tensor_220w_none,1,100,11455,217.57,65,1800,9251,3,16
1784684154.995,real_q8_tensor_220w_none,2,100,11455,215.12,69,1845,9251,3,16
1784684154.995,real_q8_tensor_220w_none,3,100,11455,217.57,67,1830,9251,3,16
1784684155.595,real_q8_tensor_220w_none,0,63,11457,195.95,60,1875,9251,3,16
1784684155.595,real_q8_tensor_220w_none,1,100,11457,202.92,64,1815,9251,3,16
1784684155.595,real_q8_tensor_220w_none,2,22,11457,198.71,68,1860,9251,3,16
1784684155.595,real_q8_tensor_220w_none,3,67,11457,204.01,66,1815,9251,3,16
1784684156.173,real_q8_tensor_220w_none,0,63,11457,182.65,60,1815,9251,3,16
1784684156.173,real_q8_tensor_220w_none,1,41,11457,192.91,64,1695,9251,3,16
1784684156.173,real_q8_tensor_220w_none,2,22,11457,185.94,68,1770,9251,3,16
1784684156.173,real_q8_tensor_220w_none,3,23,11457,194.28,66,1725,9251,3,16
1784684156.755,real_q8_tensor_220w_none,0,94,11457,204.16,61,1815,9251,3,16
1784684156.755,real_q8_tensor_220w_none,1,94,11457,209.65,65,1725,9251,3,16
1784684156.755,real_q8_tensor_220w_none,2,94,11457,206.32,69,1770,9251,3,16
1784684156.755,real_q8_tensor_220w_none,3,94,11457,210.88,66,1740,9251,3,16
1784684157.332,real_q8_tensor_220w_none,0,94,11457,220.02,61,1800,9251,3,16
1784684157.332,real_q8_tensor_220w_none,1,94,11457,219.97,65,1710,9251,3,16
1784684157.332,real_q8_tensor_220w_none,2,94,11457,219.74,69,1755,9251,3,16
1784684157.332,real_q8_tensor_220w_none,3,94,11457,219.90,66,1740,9251,3,16
1784684157.906,real_q8_tensor_220w_none,0,94,11457,219.73,61,1770,9251,3,16
1784684157.906,real_q8_tensor_220w_none,1,94,11457,219.30,65,1665,9251,3,16
1784684157.906,real_q8_tensor_220w_none,2,94,11457,219.27,69,1740,9251,3,16
1784684157.906,real_q8_tensor_220w_none,3,94,11457,219.63,66,1665,9251,3,16
1784684158.498,real_q8_tensor_220w_none,0,94,11457,219.79,61,1815,9251,3,16
1784684158.498,real_q8_tensor_220w_none,1,94,11457,219.75,65,1710,9251,3,16
1784684158.498,real_q8_tensor_220w_none,2,94,11457,219.60,69,1770,9251,3,16
1784684158.498,real_q8_tensor_220w_none,3,94,11457,219.74,66,1740,9251,3,16
1784684159.074,real_q8_tensor_220w_none,0,94,11457,218.64,61,1770,9251,3,16
1784684159.074,real_q8_tensor_220w_none,1,94,11457,218.99,65,1680,9251,3,16
1784684159.074,real_q8_tensor_220w_none,2,94,11457,218.70,69,1725,9251,3,16
1784684159.074,real_q8_tensor_220w_none,3,93,11457,218.77,66,1695,9251,3,16
1784684159.648,real_q8_tensor_220w_none,0,94,11457,219.88,61,1815,9251,3,16
1784684159.648,real_q8_tensor_220w_none,1,94,11457,219.67,65,1725,9251,3,16
1784684159.648,real_q8_tensor_220w_none,2,94,11457,219.83,69,1770,9251,3,16
1784684159.648,real_q8_tensor_220w_none,3,93,11457,219.89,66,1740,9251,3,16
1784684160.220,real_q8_tensor_220w_none,0,94,11457,219.33,61,1770,9251,3,16
1784684160.220,real_q8_tensor_220w_none,1,94,11457,219.52,65,1695,9251,3,16
1784684160.220,real_q8_tensor_220w_none,2,94,11457,219.38,69,1740,9251,3,16
1784684160.220,real_q8_tensor_220w_none,3,93,11457,219.10,66,1710,9251,3,16
1784684160.795,real_q8_tensor_220w_none,0,94,11457,214.91,60,1935,9251,3,16
1784684160.795,real_q8_tensor_220w_none,1,71,11457,213.12,64,1905,9251,3,16
1784684160.795,real_q8_tensor_220w_none,2,94,11457,211.85,68,1905,9251,3,16
1784684160.795,real_q8_tensor_220w_none,3,93,11457,215.16,65,1935,9251,3,16
1784684161.382,real_q8_tensor_220w_none,0,100,11457,204.96,61,1875,9251,3,16
1784684161.382,real_q8_tensor_220w_none,1,71,11457,208.52,65,1815,9251,3,16
1784684161.382,real_q8_tensor_220w_none,2,100,11457,205.74,69,1845,9251,3,16
1784684161.382,real_q8_tensor_220w_none,3,100,11457,209.39,66,1845,9251,3,16
1784684161.961,real_q8_tensor_220w_none,0,100,11457,208.39,61,1875,9251,3,16
1784684161.961,real_q8_tensor_220w_none,1,82,11457,212.80,66,1815,9251,3,16
1784684161.961,real_q8_tensor_220w_none,2,100,11457,210.34,70,1845,9251,3,16
1784684161.961,real_q8_tensor_220w_none,3,100,11457,212.71,67,1830,9251,3,16
1784684162.556,real_q8_tensor_220w_none,0,100,11457,213.11,62,1890,9251,3,16
1784684162.556,real_q8_tensor_220w_none,1,82,11457,217.54,66,1785,9251,3,16
1784684162.556,real_q8_tensor_220w_none,2,100,11457,215.76,70,1845,9251,3,16
1784684162.556,real_q8_tensor_220w_none,3,96,11457,217.31,67,1845,9251,3,16
1784684163.124,real_q8_tensor_220w_none,0,100,11457,212.34,62,1875,9251,3,16
1784684163.124,real_q8_tensor_220w_none,1,100,11457,217.60,66,1815,9251,3,16
1784684163.124,real_q8_tensor_220w_none,2,100,11457,215.47,70,1845,9251,3,16
1784684163.124,real_q8_tensor_220w_none,3,96,11457,216.97,67,1815,9251,3,16
1784684163.717,real_q8_tensor_220w_none,0,100,11457,212.55,62,1920,9251,3,16
1784684163.717,real_q8_tensor_220w_none,1,100,11457,216.71,66,1890,9251,3,16
1784684163.717,real_q8_tensor_220w_none,2,78,11457,214.94,70,1890,9251,3,16
1784684163.717,real_q8_tensor_220w_none,3,96,11457,217.24,67,1920,9251,3,16
1784684164.285,real_q8_tensor_220w_none,0,100,11457,197.23,62,1920,9251,3,16
1784684164.285,real_q8_tensor_220w_none,1,100,11457,205.09,66,1875,9251,3,16
1784684164.285,real_q8_tensor_220w_none,2,78,11457,200.65,70,1875,9251,3,16
1784684164.285,real_q8_tensor_220w_none,3,96,11457,204.76,66,1890,9251,3,16
1784684164.851,real_q8_tensor_220w_none,0,94,11457,184.77,61,1815,9251,3,16
1784684164.851,real_q8_tensor_220w_none,1,100,11457,198.15,65,1725,9251,3,16
1784684164.851,real_q8_tensor_220w_none,2,94,11457,190.62,69,1770,9251,3,16
1784684164.851,real_q8_tensor_220w_none,3,93,11457,201.11,66,1740,9251,3,16
1784684165.429,real_q8_tensor_220w_none,0,94,11457,206.85,61,1710,9251,3,16
1784684165.429,real_q8_tensor_220w_none,1,94,11457,214.72,65,1620,9251,3,16
1784684165.429,real_q8_tensor_220w_none,2,94,11457,212.50,70,1620,9251,3,16
1784684165.429,real_q8_tensor_220w_none,3,93,11457,212.04,66,1620,9251,3,16
1784684166.004,real_q8_tensor_220w_none,0,94,11457,219.69,61,1815,9251,3,16
1784684166.004,real_q8_tensor_220w_none,1,94,11457,219.84,65,1725,9251,3,16
1784684166.004,real_q8_tensor_220w_none,2,94,11457,219.55,70,1770,9251,3,16
1784684166.004,real_q8_tensor_220w_none,3,93,11457,219.67,66,1740,9251,3,16
1784684166.601,real_q8_tensor_220w_none,0,94,11457,219.14,61,1770,9251,3,16
1784684166.601,real_q8_tensor_220w_none,1,94,11457,219.29,65,1710,9251,3,16
1784684166.601,real_q8_tensor_220w_none,2,94,11457,218.56,69,1740,9251,3,16
1784684166.601,real_q8_tensor_220w_none,3,93,11457,219.73,66,1725,9251,3,16
1784684167.176,real_q8_tensor_220w_none,0,93,11457,220.02,62,1800,9251,3,16
1784684167.176,real_q8_tensor_220w_none,1,94,11457,219.92,66,1695,9251,3,16
1784684167.176,real_q8_tensor_220w_none,2,93,11457,219.72,70,1770,9251,3,16
1784684167.176,real_q8_tensor_220w_none,3,94,11457,220.06,67,1710,9251,3,16
1784684167.779,real_q8_tensor_220w_none,0,93,11457,219.66,61,1800,9251,3,16
1784684167.779,real_q8_tensor_220w_none,1,94,11457,219.79,65,1710,9251,3,16
1784684167.779,real_q8_tensor_220w_none,2,93,11457,219.39,69,1770,9251,3,16
1784684167.779,real_q8_tensor_220w_none,3,94,11457,219.78,66,1725,9251,3,16
1784684168.378,real_q8_tensor_220w_none,0,94,11457,218.90,61,1770,9251,3,16
1784684168.378,real_q8_tensor_220w_none,1,94,11457,219.08,65,1680,9251,3,16
1784684168.378,real_q8_tensor_220w_none,2,94,11457,219.18,69,1740,9251,3,16
1784684168.378,real_q8_tensor_220w_none,3,94,11457,218.88,66,1695,9251,3,16
1784684168.975,real_q8_tensor_220w_none,0,94,11457,219.83,61,1815,9251,3,16
1784684168.975,real_q8_tensor_220w_none,1,94,11457,219.81,65,1710,9251,3,16
1784684168.975,real_q8_tensor_220w_none,2,94,11457,219.68,70,1770,9251,3,16
1784684168.975,real_q8_tensor_220w_none,3,94,11457,220.12,67,1740,9251,3,16
1784684169.548,real_q8_tensor_220w_none,0,22,11457,201.21,60,1935,9251,3,16
1784684169.548,real_q8_tensor_220w_none,1,94,11457,207.45,64,1905,9251,3,16
1784684169.548,real_q8_tensor_220w_none,2,5,11457,203.41,68,1875,9251,3,16
1784684169.548,real_q8_tensor_220w_none,3,25,11457,206.92,66,1830,9251,3,16
1784684170.155,real_q8_tensor_220w_none,0,100,11457,198.82,62,1890,9251,3,16
1784684170.155,real_q8_tensor_220w_none,1,100,11457,205.82,66,1815,9251,3,16
1784684170.155,real_q8_tensor_220w_none,2,100,11457,201.25,70,1845,9251,3,16
1784684170.155,real_q8_tensor_220w_none,3,90,11457,204.82,67,1845,9251,3,16
1784684170.759,real_q8_tensor_220w_none,0,81,11457,213.56,62,1890,9251,3,16
1784684170.759,real_q8_tensor_220w_none,1,100,11457,217.37,66,1815,9251,3,16
1784684170.759,real_q8_tensor_220w_none,2,100,11457,215.42,70,1830,9251,3,16
1784684170.759,real_q8_tensor_220w_none,3,100,11457,215.80,67,1830,9251,3,16
1784684171.338,real_q8_tensor_220w_none,0,81,11457,213.18,62,1890,9251,3,16
1784684171.338,real_q8_tensor_220w_none,1,100,11457,217.28,66,1800,9251,3,16
1784684171.338,real_q8_tensor_220w_none,2,100,11457,215.16,70,1845,9251,3,16
1784684171.338,real_q8_tensor_220w_none,3,100,11457,215.69,67,1830,9251,3,16
1784684171.931,real_q8_tensor_220w_none,0,100,11457,212.48,62,1875,9251,3,16
1784684171.931,real_q8_tensor_220w_none,1,100,11457,218.30,67,1785,9251,3,16
1784684171.931,real_q8_tensor_220w_none,2,100,11457,215.65,71,1830,9251,3,16
1784684171.931,real_q8_tensor_220w_none,3,100,11457,215.56,68,1830,9251,3,16
1784684172.508,real_q8_tensor_220w_none,0,100,11457,212.82,61,1905,9251,3,16
1784684172.508,real_q8_tensor_220w_none,1,100,11457,218.06,67,1875,9251,3,16
1784684172.508,real_q8_tensor_220w_none,2,100,11457,215.87,71,1875,9251,3,16
1784684172.508,real_q8_tensor_220w_none,3,100,11457,215.84,67,1905,9251,3,16
1784684173.085,real_q8_tensor_220w_none,0,100,11457,212.85,62,1860,9251,3,16
1784684173.085,real_q8_tensor_220w_none,1,100,11457,217.05,67,1800,9251,3,16
1784684173.085,real_q8_tensor_220w_none,2,100,11457,215.49,71,1830,9251,3,16
1784684173.085,real_q8_tensor_220w_none,3,100,11457,216.33,68,1800,9251,3,16
1784684173.659,real_q8_tensor_220w_none,0,100,11457,212.49,62,1875,9251,3,16
1784684173.659,real_q8_tensor_220w_none,1,82,11457,218.13,66,1800,9251,3,16
1784684173.659,real_q8_tensor_220w_none,2,82,11457,215.51,71,1830,9251,3,16
1784684173.659,real_q8_tensor_220w_none,3,91,11457,217.63,68,1815,9251,3,16
1784684174.260,real_q8_tensor_220w_none,0,100,11457,212.54,62,1875,9251,3,16
1784684174.260,real_q8_tensor_220w_none,1,100,11457,217.84,67,1815,9251,3,16
1784684174.260,real_q8_tensor_220w_none,2,82,11457,215.60,71,1830,9251,3,16
1784684174.260,real_q8_tensor_220w_none,3,100,11457,217.70,68,1800,9251,3,16
1784684174.836,real_q8_tensor_220w_none,0,100,11457,212.88,62,1875,9251,3,16
1784684174.836,real_q8_tensor_220w_none,1,100,11457,218.23,67,1755,9251,3,16
1784684174.836,real_q8_tensor_220w_none,2,100,11457,215.87,71,1830,9251,3,16
1784684174.836,real_q8_tensor_220w_none,3,100,11457,218.13,68,1785,9251,3,16
1784684175.410,real_q8_tensor_220w_none,0,100,11457,204.19,62,1875,9251,3,16
1784684175.410,real_q8_tensor_220w_none,1,100,11457,210.03,67,1800,9251,3,16
1784684175.410,real_q8_tensor_220w_none,2,100,11457,207.50,71,1830,9251,3,16
1784684175.410,real_q8_tensor_220w_none,3,100,11457,210.52,68,1815,9251,3,16
1784684175.986,real_q8_tensor_220w_none,0,100,11457,190.91,62,1800,9251,3,16
1784684175.986,real_q8_tensor_220w_none,1,94,11457,201.38,66,1710,9251,3,16
1784684175.986,real_q8_tensor_220w_none,2,94,11457,194.59,70,1755,9251,3,16
1784684175.986,real_q8_tensor_220w_none,3,100,11457,202.06,67,1710,9251,3,16
1784684176.563,real_q8_tensor_220w_none,0,94,11457,206.07,62,1695,9251,3,16
1784684176.563,real_q8_tensor_220w_none,1,94,11457,211.70,66,1500,9251,3,16
1784684176.563,real_q8_tensor_220w_none,2,94,11457,206.96,70,1680,9251,3,16
1784684176.563,real_q8_tensor_220w_none,3,94,11457,212.55,67,1530,9251,3,16
1784684177.163,real_q8_tensor_220w_none,0,94,11457,220.04,62,1800,9251,3,16
1784684177.163,real_q8_tensor_220w_none,1,94,11457,219.31,66,1725,9251,3,16
1784684177.163,real_q8_tensor_220w_none,2,93,11457,219.78,70,1770,9251,3,16
1784684177.163,real_q8_tensor_220w_none,3,94,11457,219.69,67,1725,9251,3,16
1784684177.737,real_q8_tensor_220w_none,0,94,11457,217.86,62,1770,9251,3,16
1784684177.737,real_q8_tensor_220w_none,1,94,11457,218.88,66,1680,9251,3,16
1784684177.737,real_q8_tensor_220w_none,2,94,11457,218.52,70,1710,9251,3,16
1784684177.737,real_q8_tensor_220w_none,3,94,11457,217.90,67,1695,9251,3,16
1784684178.311,real_q8_tensor_220w_none,0,94,11457,219.93,62,1800,9251,3,16
1784684178.311,real_q8_tensor_220w_none,1,94,11457,220.01,66,1725,9251,3,16
1784684178.311,real_q8_tensor_220w_none,2,94,11457,219.78,70,1770,9251,3,16
1784684178.311,real_q8_tensor_220w_none,3,94,11457,220.01,67,1710,9251,3,16
1784684178.884,real_q8_tensor_220w_none,0,94,11457,211.98,62,1800,9251,3,16
1784684178.884,real_q8_tensor_220w_none,1,94,11457,215.07,66,1710,9251,3,16
1784684178.884,real_q8_tensor_220w_none,2,94,11457,211.73,70,1755,9251,3,16
1784684178.884,real_q8_tensor_220w_none,3,94,11457,215.45,67,1725,9251,3,16
1784684179.460,real_q8_tensor_220w_none,0,94,11457,211.71,62,1665,9251,3,16
1784684179.460,real_q8_tensor_220w_none,1,93,11457,214.93,66,1590,9251,3,16
1784684179.460,real_q8_tensor_220w_none,2,94,11457,213.18,70,1635,9251,3,16
1784684179.460,real_q8_tensor_220w_none,3,94,11457,213.69,67,1575,9251,3,16
1784684180.037,real_q8_tensor_220w_none,0,93,11457,219.81,62,1815,9251,3,16
1784684180.037,real_q8_tensor_220w_none,1,93,11457,219.83,66,1725,9251,3,16
1784684180.037,real_q8_tensor_220w_none,2,94,11457,219.75,70,1770,9251,3,16
1784684180.037,real_q8_tensor_220w_none,3,92,11457,219.64,67,1740,9251,3,16
1784684180.677,real_q8_tensor_220w_none,0,94,11457,219.25,62,1785,9251,3,16
1784684180.677,real_q8_tensor_220w_none,1,94,11457,219.38,66,1815,9251,3,16
1784684180.677,real_q8_tensor_220w_none,2,94,11457,219.23,70,1740,9251,3,16
1784684180.677,real_q8_tensor_220w_none,3,94,11457,219.57,67,1815,9251,3,16
1784684181.265,real_q8_tensor_220w_none,0,84,11457,203.23,62,1890,9251,3,16
1784684181.265,real_q8_tensor_220w_none,1,94,11457,207.64,67,1800,9251,3,16
1784684181.265,real_q8_tensor_220w_none,2,94,11457,204.82,71,1845,9251,3,16
1784684181.265,real_q8_tensor_220w_none,3,87,11457,207.52,67,1830,9251,3,16
1784684181.839,real_q8_tensor_220w_none,0,84,11457,202.60,63,1875,9251,3,16
1784684181.839,real_q8_tensor_220w_none,1,100,11457,211.62,67,1800,9251,3,16
1784684181.839,real_q8_tensor_220w_none,2,100,11457,206.92,71,1845,9251,3,16
1784684181.839,real_q8_tensor_220w_none,3,87,11457,208.48,68,1830,9251,3,16
1784684182.415,real_q8_tensor_220w_none,0,82,11457,213.43,63,1875,9251,3,16
1784684182.415,real_q8_tensor_220w_none,1,100,11457,217.35,67,1800,9251,3,16
1784684182.415,real_q8_tensor_220w_none,2,100,11457,213.15,71,1845,9251,3,16
1784684182.415,real_q8_tensor_220w_none,3,83,11457,217.29,68,1815,9251,3,16
1784684182.990,real_q8_tensor_220w_none,0,82,11457,213.01,63,1890,9251,3,16
1784684182.990,real_q8_tensor_220w_none,1,100,11457,218.00,67,1785,9251,3,16
1784684182.990,real_q8_tensor_220w_none,2,100,11457,213.51,71,1830,9251,3,16
1784684182.990,real_q8_tensor_220w_none,3,83,11457,216.76,68,1830,9251,3,16
1784684183.559,real_q8_tensor_220w_none,0,82,11457,213.08,63,1875,9251,3,16
1784684183.559,real_q8_tensor_220w_none,1,100,11457,218.52,67,1800,9251,3,16
1784684183.559,real_q8_tensor_220w_none,2,100,11457,214.03,71,1845,9251,3,16
1784684183.559,real_q8_tensor_220w_none,3,100,11457,217.07,68,1815,9251,3,16
1784684184.133,real_q8_tensor_220w_none,0,82,11457,213.23,63,1905,9251,3,16
1784684184.133,real_q8_tensor_220w_none,1,88,11457,218.11,66,1890,9251,3,16
1784684184.133,real_q8_tensor_220w_none,2,85,11457,214.51,70,1875,9251,3,16
1784684184.133,real_q8_tensor_220w_none,3,100,11457,217.11,68,1905,9251,3,16
1784684184.710,real_q8_tensor_220w_none,0,100,11457,213.13,63,1875,9251,3,16
1784684184.710,real_q8_tensor_220w_none,1,90,11457,217.34,67,1800,9251,3,16
1784684184.710,real_q8_tensor_220w_none,2,100,11457,213.92,71,1845,9251,3,16
1784684184.710,real_q8_tensor_220w_none,3,100,11457,216.51,68,1815,9251,3,16
1784684185.288,real_q8_tensor_220w_none,0,100,11457,213.02,63,1860,9251,3,16
1784684185.288,real_q8_tensor_220w_none,1,98,11457,218.82,66,1800,9251,3,16
1784684185.288,real_q8_tensor_220w_none,2,98,11457,215.11,71,1860,9251,3,16
1784684185.288,real_q8_tensor_220w_none,3,100,11457,216.40,68,1815,9251,3,16
1784684185.865,real_q8_tensor_220w_none,0,100,11457,213.31,63,1860,9251,3,16
1784684185.865,real_q8_tensor_220w_none,1,98,11457,218.22,67,1800,9251,3,16
1784684185.865,real_q8_tensor_220w_none,2,98,11457,214.27,71,1830,9251,3,16
1784684185.865,real_q8_tensor_220w_none,3,100,11457,216.92,68,1815,9251,3,16
1784684186.439,real_q8_tensor_220w_none,0,100,11457,206.70,62,1875,9251,3,16
1784684186.439,real_q8_tensor_220w_none,1,78,11457,212.72,66,1785,9251,3,16
1784684186.439,real_q8_tensor_220w_none,2,80,11457,207.66,71,1845,9251,3,16
1784684186.439,real_q8_tensor_220w_none,3,100,11457,212.38,68,1815,9251,3,16
1784684187.040,real_q8_tensor_220w_none,0,41,11457,192.04,62,1815,9251,3,16
1784684187.040,real_q8_tensor_220w_none,1,78,11457,202.26,66,1710,9251,3,16
1784684187.040,real_q8_tensor_220w_none,2,80,11457,195.11,70,1755,9251,3,16
1784684187.040,real_q8_tensor_220w_none,3,30,11457,200.59,68,1725,9251,3,16
1784684187.617,real_q8_tensor_220w_none,0,41,11457,206.21,62,1815,9251,3,16
1784684187.617,real_q8_tensor_220w_none,1,94,11457,211.28,66,1725,9251,3,16
1784684187.617,real_q8_tensor_220w_none,2,94,11457,207.81,71,1770,9251,3,16
1784684187.617,real_q8_tensor_220w_none,3,30,11457,211.68,68,1725,9251,3,16
1784684188.188,real_q8_tensor_220w_none,0,94,11457,220.04,62,1800,9251,3,16
1784684188.188,real_q8_tensor_220w_none,1,94,11457,219.69,66,1710,9251,3,16
1784684188.188,real_q8_tensor_220w_none,2,94,11457,219.74,70,1755,9251,3,16
1784684188.188,real_q8_tensor_220w_none,3,93,11457,220.11,68,1725,9251,3,16
1784684188.764,real_q8_tensor_220w_none,0,94,11457,218.99,63,1755,9251,3,16
1784684188.764,real_q8_tensor_220w_none,1,94,11457,219.46,66,1650,9251,3,16
1784684188.764,real_q8_tensor_220w_none,2,93,11457,219.30,71,1725,9251,3,16
1784684188.764,real_q8_tensor_220w_none,3,93,11457,218.32,68,1635,9251,3,16
1784684189.338,real_q8_tensor_220w_none,0,94,11457,219.85,62,1815,9251,3,16
1784684189.338,real_q8_tensor_220w_none,1,94,11457,219.90,66,1725,9251,3,16
1784684189.338,real_q8_tensor_220w_none,2,93,11457,219.92,71,1755,9251,3,16
1784684189.338,real_q8_tensor_220w_none,3,94,11457,219.95,68,1725,9251,3,16
1784684189.909,real_q8_tensor_220w_none,0,94,11457,211.70,62,1800,9251,3,16
1784684189.909,real_q8_tensor_220w_none,1,94,11457,214.86,67,1710,9251,3,16
1784684189.909,real_q8_tensor_220w_none,2,93,11457,212.39,70,1770,9251,3,16
1784684189.909,real_q8_tensor_220w_none,3,94,11457,214.62,68,1710,9251,3,16
1784684190.503,real_q8_tensor_220w_none,0,94,11457,214.91,62,1800,9251,3,16
1784684190.503,real_q8_tensor_220w_none,1,94,11457,217.57,67,1725,9251,3,16
1784684190.503,real_q8_tensor_220w_none,2,93,11457,215.15,71,1755,9251,3,16
1784684190.503,real_q8_tensor_220w_none,3,93,11457,217.46,68,1725,9251,3,16
1784684191.101,real_q8_tensor_220w_none,0,94,11457,219.80,62,1815,9251,3,16
1784684191.101,real_q8_tensor_220w_none,1,94,11457,219.85,66,1725,9251,3,16
1784684191.101,real_q8_tensor_220w_none,2,94,11457,219.74,71,1770,9251,3,16
1784684191.101,real_q8_tensor_220w_none,3,94,11457,219.60,68,1725,9251,3,16
1784684191.682,real_q8_tensor_220w_none,0,94,11457,218.59,62,1740,9251,3,16
1784684191.682,real_q8_tensor_220w_none,1,94,11457,218.57,66,1635,9251,3,16
1784684191.682,real_q8_tensor_220w_none,2,94,11457,218.99,70,1710,9251,3,16
1784684191.682,real_q8_tensor_220w_none,3,94,11457,217.65,67,1650,9251,3,16
1784684192.254,real_q8_tensor_220w_none,0,59,11457,204.74,62,1875,9251,3,16
1784684192.254,real_q8_tensor_220w_none,1,100,11457,208.10,67,1815,9251,3,16
1784684192.254,real_q8_tensor_220w_none,2,100,11457,205.48,71,1845,9251,3,16
1784684192.254,real_q8_tensor_220w_none,3,94,11457,207.67,67,1815,9251,3,16
1784684192.828,real_q8_tensor_220w_none,0,99,11457,200.59,63,1875,9251,3,16
1784684192.828,real_q8_tensor_220w_none,1,100,11457,206.34,67,1815,9251,3,16
1784684192.828,real_q8_tensor_220w_none,2,100,11457,201.79,71,1845,9251,3,16
1784684192.828,real_q8_tensor_220w_none,3,95,11457,205.76,68,1830,9251,3,16
1784684193.404,real_q8_tensor_220w_none,0,99,11457,212.71,63,1875,9251,3,16
1784684193.404,real_q8_tensor_220w_none,1,100,11457,217.71,67,1785,9251,3,16
1784684193.404,real_q8_tensor_220w_none,2,100,11457,213.91,71,1845,9251,3,16
1784684193.404,real_q8_tensor_220w_none,3,95,11457,217.00,69,1815,9251,3,16
1784684193.995,real_q8_tensor_220w_none,0,82,11457,212.66,63,1875,9251,3,16
1784684193.995,real_q8_tensor_220w_none,1,100,11457,217.79,67,1785,9251,3,16
1784684193.995,real_q8_tensor_220w_none,2,100,11457,213.86,71,1845,9251,3,16
1784684193.995,real_q8_tensor_220w_none,3,84,11457,217.24,69,1815,9251,3,16
1784684194.594,real_q8_tensor_220w_none,0,82,11457,212.09,63,1860,9251,3,16
1784684194.594,real_q8_tensor_220w_none,1,100,11457,217.66,67,1800,9251,3,16
1784684194.594,real_q8_tensor_220w_none,2,100,11457,213.55,71,1845,9251,3,16
1784684194.594,real_q8_tensor_220w_none,3,84,11457,216.43,69,1815,9251,3,16
1784684195.161,real_q8_tensor_220w_none,0,100,11457,212.66,63,1875,9251,3,16
1784684195.161,real_q8_tensor_220w_none,1,100,11457,218.00,67,1785,9251,3,16
1784684195.161,real_q8_tensor_220w_none,2,100,11457,213.83,71,1845,9251,3,16
1784684195.161,real_q8_tensor_220w_none,3,100,11457,216.46,69,1815,9251,3,16
1784684195.754,real_q8_tensor_220w_none,0,99,11457,212.77,63,1920,9251,3,16
1784684195.754,real_q8_tensor_220w_none,1,97,11457,219.26,67,1890,9251,3,16
1784684195.754,real_q8_tensor_220w_none,2,96,11457,215.14,71,1890,9251,3,16
1784684195.754,real_q8_tensor_220w_none,3,100,11457,215.91,69,1905,9251,3,16
1784684196.329,real_q8_tensor_220w_none,0,100,11457,212.93,63,1875,9251,3,16
1784684196.329,real_q8_tensor_220w_none,1,97,11457,217.79,68,1800,9251,3,16
1784684196.329,real_q8_tensor_220w_none,2,96,11457,213.80,72,1830,9251,3,16
1784684196.329,real_q8_tensor_220w_none,3,100,11457,216.19,69,1815,9251,3,16
1784684196.923,real_q8_tensor_220w_none,0,100,11457,213.24,63,1875,9251,3,16
1784684196.923,real_q8_tensor_220w_none,1,80,11457,218.03,68,1800,9251,3,16
1784684196.923,real_q8_tensor_220w_none,2,81,11457,214.15,71,1830,9251,3,16
1784684196.923,real_q8_tensor_220w_none,3,100,11457,216.75,69,1815,9251,3,16
1784684197.529,real_q8_tensor_220w_none,0,100,11457,212.99,63,1875,9251,3,16
1784684197.529,real_q8_tensor_220w_none,1,80,11457,218.03,67,1785,9251,3,16
1784684197.529,real_q8_tensor_220w_none,2,81,11457,215.90,71,1845,9251,3,16
1784684197.529,real_q8_tensor_220w_none,3,100,11457,217.12,69,1800,9251,3,16
1784684198.135,real_q8_tensor_220w_none,0,78,11457,213.20,63,1875,9251,3,16
1784684198.135,real_q8_tensor_220w_none,1,80,11457,217.47,68,1800,9251,3,16
1784684198.135,real_q8_tensor_220w_none,2,79,11457,214.44,72,1830,9251,3,16
1784684198.135,real_q8_tensor_220w_none,3,100,11457,216.93,69,1800,9251,3,16
1784684198.735,real_q8_tensor_220w_none,0,99,11457,213.46,63,1890,9251,3,16
1784684198.735,real_q8_tensor_220w_none,1,100,11457,220.18,68,1860,9251,3,16
1784684198.735,real_q8_tensor_220w_none,2,98,11457,216.61,72,1860,9251,3,16
1784684198.735,real_q8_tensor_220w_none,3,100,11457,216.53,69,1860,9251,3,16
1784684199.310,real_q8_tensor_220w_none,0,100,11457,213.68,63,1860,9251,3,16
1784684199.310,real_q8_tensor_220w_none,1,100,11457,217.97,68,1800,9251,3,16
1784684199.310,real_q8_tensor_220w_none,2,98,11457,214.57,72,1830,9251,3,16
1784684199.310,real_q8_tensor_220w_none,3,100,11457,217.76,69,1800,9251,3,16
1784684199.925,real_q8_tensor_220w_none,0,100,11457,214.75,63,1860,9251,3,16
1784684199.925,real_q8_tensor_220w_none,1,80,11457,217.99,68,1785,9251,3,16
1784684199.925,real_q8_tensor_220w_none,2,80,11457,214.59,72,1815,9251,3,16
1784684199.925,real_q8_tensor_220w_none,3,100,11457,218.38,69,1800,9251,3,16
1784684200.518,real_q8_tensor_220w_none,0,100,11457,213.27,63,1860,9251,3,16
1784684200.518,real_q8_tensor_220w_none,1,80,11457,218.18,68,1800,9251,3,16
1784684200.518,real_q8_tensor_220w_none,2,80,11457,214.37,72,1830,9251,3,16
1784684200.518,real_q8_tensor_220w_none,3,100,11457,217.73,69,1800,9251,3,16
1784684201.093,real_q8_tensor_220w_none,0,100,11457,213.17,63,1860,9251,3,16
1784684201.093,real_q8_tensor_220w_none,1,80,11457,217.29,68,1785,9251,3,16
1784684201.093,real_q8_tensor_220w_none,2,80,11457,213.68,72,1815,9251,3,16
1784684201.093,real_q8_tensor_220w_none,3,100,11457,218.21,69,1800,9251,3,16
1784684201.669,real_q8_tensor_220w_none,0,100,11457,214.03,64,1860,9251,3,16
1784684201.669,real_q8_tensor_220w_none,1,100,11457,218.42,68,1785,9251,3,16
1784684201.669,real_q8_tensor_220w_none,2,90,11457,214.30,72,1830,9251,3,16
1784684201.669,real_q8_tensor_220w_none,3,100,11457,218.31,69,1800,9251,3,16
1784684202.265,real_q8_tensor_220w_none,0,87,11457,213.38,63,1860,9251,3,16
1784684202.265,real_q8_tensor_220w_none,1,75,11457,217.91,68,1785,9251,3,16
1784684202.265,real_q8_tensor_220w_none,2,75,11457,213.63,72,1815,9251,3,16
1784684202.265,real_q8_tensor_220w_none,3,100,11457,218.18,69,1800,9251,3,16
1784684202.865,real_q8_tensor_220w_none,0,100,11457,214.21,64,1860,9251,3,16
1784684202.865,real_q8_tensor_220w_none,1,75,11457,218.04,68,1785,9251,3,16
1784684202.865,real_q8_tensor_220w_none,2,75,11457,213.63,72,1830,9251,3,16
1784684202.865,real_q8_tensor_220w_none,3,100,11457,219.88,69,1800,9251,3,16
1784684203.451,real_q8_tensor_220w_none,0,100,11457,213.78,64,1860,9251,3,16
1784684203.451,real_q8_tensor_220w_none,1,100,11457,218.52,68,1770,9251,3,16
1784684203.451,real_q8_tensor_220w_none,2,100,11457,214.66,72,1815,9251,3,16
1784684203.451,real_q8_tensor_220w_none,3,100,11457,218.50,69,1785,9251,3,16
1784684204.027,real_q8_tensor_220w_none,0,48,11457,197.09,62,1860,9251,3,16
1784684204.027,real_q8_tensor_220w_none,1,100,11457,205.73,66,1785,9251,3,16
1784684204.027,real_q8_tensor_220w_none,2,100,11457,200.78,72,1830,9251,3,16
1784684204.027,real_q8_tensor_220w_none,3,53,11457,205.29,68,1785,9251,3,16
1784684204.604,real_q8_tensor_220w_none,0,48,11457,182.71,62,1800,9251,3,16
1784684204.604,real_q8_tensor_220w_none,1,35,11457,194.46,66,1680,9251,3,16
1784684204.604,real_q8_tensor_220w_none,2,64,11457,187.94,70,1755,9251,3,16
1784684204.604,real_q8_tensor_220w_none,3,53,11457,193.58,68,1710,9251,3,16
1784684205.181,real_q8_tensor_220w_none,0,94,11457,204.95,63,1815,9251,3,16
1784684205.181,real_q8_tensor_220w_none,1,35,11457,210.37,67,1725,9251,3,16
1784684205.181,real_q8_tensor_220w_none,2,64,11457,206.97,71,1755,9251,3,16
1784684205.181,real_q8_tensor_220w_none,3,94,11457,211.23,68,1725,9251,3,16
1784684205.753,real_q8_tensor_220w_none,0,94,11457,219.91,63,1800,9251,3,16
1784684205.753,real_q8_tensor_220w_none,1,94,11457,219.88,67,1710,9251,3,16
1784684205.753,real_q8_tensor_220w_none,2,94,11457,219.64,71,1755,9251,3,16
1784684205.753,real_q8_tensor_220w_none,3,94,11457,219.86,68,1710,9251,3,16
1784684206.328,real_q8_tensor_220w_none,0,94,11457,219.59,63,1770,9251,3,16
1784684206.328,real_q8_tensor_220w_none,1,94,11457,219.20,67,1635,9251,3,16
1784684206.328,real_q8_tensor_220w_none,2,94,11457,218.83,71,1755,9251,3,16
1784684206.328,real_q8_tensor_220w_none,3,93,11457,219.74,68,1650,9251,3,16
1784684206.903,real_q8_tensor_220w_none,0,94,11457,219.78,63,1800,9251,3,16
1784684206.903,real_q8_tensor_220w_none,1,94,11457,220.00,67,1710,9251,3,16
1784684206.903,real_q8_tensor_220w_none,2,94,11457,219.80,71,1755,9251,3,16
1784684206.903,real_q8_tensor_220w_none,3,93,11457,219.77,68,1710,9251,3,16
1784684207.477,real_q8_tensor_220w_none,0,94,11457,218.46,63,1755,9251,3,16
1784684207.477,real_q8_tensor_220w_none,1,94,11457,218.74,67,1665,9251,3,16
1784684207.477,real_q8_tensor_220w_none,2,94,11457,218.95,71,1725,9251,3,16
1784684207.477,real_q8_tensor_220w_none,3,93,11457,218.59,68,1680,9251,3,16
1784684208.053,real_q8_tensor_220w_none,0,94,11457,219.94,63,1800,9251,3,16
1784684208.053,real_q8_tensor_220w_none,1,94,11457,219.91,67,1710,9251,3,16
1784684208.053,real_q8_tensor_220w_none,2,94,11457,219.95,71,1740,9251,3,16
1784684208.053,real_q8_tensor_220w_none,3,93,11457,219.60,68,1710,9251,3,16
1784684208.625,real_q8_tensor_220w_none,0,94,11457,218.91,63,1770,9251,3,16
1784684208.625,real_q8_tensor_220w_none,1,94,11457,219.34,67,1695,9251,3,16
1784684208.625,real_q8_tensor_220w_none,2,94,11457,219.14,71,1740,9251,3,16
1784684208.625,real_q8_tensor_220w_none,3,93,11457,219.40,68,1695,9251,3,16
1784684209.198,real_q8_tensor_220w_none,0,71,11457,215.04,62,1935,9251,3,16
1784684209.198,real_q8_tensor_220w_none,1,38,11457,213.17,66,1905,9251,3,16
1784684209.198,real_q8_tensor_220w_none,2,37,11457,211.59,71,1905,9251,3,16
1784684209.198,real_q8_tensor_220w_none,3,94,11457,215.48,68,1920,9251,3,16
1784684209.785,real_q8_tensor_220w_none,0,43,11457,199.72,63,1890,9251,3,16
1784684209.785,real_q8_tensor_220w_none,1,38,11457,205.01,66,1815,9251,3,16
1784684209.785,real_q8_tensor_220w_none,2,37,11457,200.30,70,1845,9251,3,16
1784684209.785,real_q8_tensor_220w_none,3,47,11457,204.23,68,1815,9251,3,16
1784684210.382,real_q8_tensor_220w_none,0,43,11457,206.39,63,1875,9251,3,16
1784684210.382,real_q8_tensor_220w_none,1,100,11457,210.03,68,1815,9251,3,16
1784684210.382,real_q8_tensor_220w_none,2,100,11457,206.48,72,1845,9251,3,16
1784684210.382,real_q8_tensor_220w_none,3,47,11457,210.08,69,1815,9251,3,16
1784684210.993,real_q8_tensor_220w_none,0,100,11457,213.57,64,1875,9251,3,16
1784684210.993,real_q8_tensor_220w_none,1,100,11457,217.99,68,1800,9251,3,16
1784684210.993,real_q8_tensor_220w_none,2,100,11457,215.74,72,1845,9251,3,16
1784684210.993,real_q8_tensor_220w_none,3,100,11457,217.22,69,1815,9251,3,16
1784684211.574,real_q8_tensor_220w_none,0,91,11457,213.74,63,1920,9251,3,16
1784684211.574,real_q8_tensor_220w_none,1,100,11457,218.06,68,1815,9251,3,16
1784684211.574,real_q8_tensor_220w_none,2,100,11457,215.79,72,1875,9251,3,16
1784684211.574,real_q8_tensor_220w_none,3,100,11457,217.15,69,1800,9251,3,16
1784684212.172,real_q8_tensor_220w_none,0,100,11457,213.27,64,1875,9251,3,16
1784684212.172,real_q8_tensor_220w_none,1,100,11457,218.22,68,1800,9251,3,16
1784684212.172,real_q8_tensor_220w_none,2,94,11457,216.13,73,1830,9251,3,16
1784684212.172,real_q8_tensor_220w_none,3,100,11457,216.98,69,1815,9251,3,16
1784684212.765,real_q8_tensor_220w_none,0,91,11457,213.56,63,1875,9251,3,16
1784684212.765,real_q8_tensor_220w_none,1,81,11457,218.31,68,1800,9251,3,16
1784684212.765,real_q8_tensor_220w_none,2,82,11457,216.14,72,1815,9251,3,16
1784684212.765,real_q8_tensor_220w_none,3,100,11457,217.03,69,1815,9251,3,16
1784684213.341,real_q8_tensor_220w_none,0,100,11457,213.25,64,1875,9251,3,16
1784684213.341,real_q8_tensor_220w_none,1,81,11457,218.31,68,1770,9251,3,16
1784684213.341,real_q8_tensor_220w_none,2,82,11457,214.76,73,1830,9251,3,16
1784684213.341,real_q8_tensor_220w_none,3,100,11457,217.70,69,1815,9251,3,16
1784684213.919,real_q8_tensor_220w_none,0,100,11457,213.19,64,1875,9251,3,16
1784684213.919,real_q8_tensor_220w_none,1,100,11457,218.21,68,1785,9251,3,16
1784684213.919,real_q8_tensor_220w_none,2,100,11457,215.22,72,1845,9251,3,16
1784684213.919,real_q8_tensor_220w_none,3,100,11457,216.94,69,1815,9251,3,16
1784684214.520,real_q8_tensor_220w_none,0,100,11457,213.90,64,1905,9251,3,16
1784684214.520,real_q8_tensor_220w_none,1,100,11457,219.19,68,1860,9251,3,16
1784684214.520,real_q8_tensor_220w_none,2,100,11457,217.49,73,1815,9251,3,16
1784684214.520,real_q8_tensor_220w_none,3,100,11457,216.86,70,1860,9251,3,16
1784684215.094,real_q8_tensor_220w_none,0,100,11457,214.41,64,1860,9251,3,16
1784684215.094,real_q8_tensor_220w_none,1,100,11457,218.25,68,1800,9251,3,16
1784684215.094,real_q8_tensor_220w_none,2,100,11457,216.01,73,1830,9251,3,16
1784684215.094,real_q8_tensor_220w_none,3,100,11457,217.04,69,1800,9251,3,16
1784684215.671,real_q8_tensor_220w_none,0,79,11457,213.43,64,1905,9251,3,16
1784684215.671,real_q8_tensor_220w_none,1,100,11457,219.06,68,1815,9251,3,16
1784684215.671,real_q8_tensor_220w_none,2,100,11457,215.99,73,1875,9251,3,16
1784684215.671,real_q8_tensor_220w_none,3,79,11457,216.45,69,1830,9251,3,16
1784684216.249,real_q8_tensor_220w_none,0,90,11457,212.88,64,1860,9251,3,16
1784684216.249,real_q8_tensor_220w_none,1,100,11457,218.26,68,1800,9251,3,16
1784684216.249,real_q8_tensor_220w_none,2,100,11457,215.52,73,1815,9251,3,16
1784684216.249,real_q8_tensor_220w_none,3,100,11457,217.76,70,1800,9251,3,16
1784684216.825,real_q8_tensor_220w_none,0,100,11457,215.13,63,1860,9251,3,16
1784684216.825,real_q8_tensor_220w_none,1,100,11457,217.55,68,1785,9251,3,16
1784684216.825,real_q8_tensor_220w_none,2,100,11457,214.49,72,1815,9251,3,16
1784684216.825,real_q8_tensor_220w_none,3,96,11457,219.98,69,1800,9251,3,16
1784684217.402,real_q8_tensor_220w_none,0,100,11457,212.72,64,1860,9251,3,16
1784684217.402,real_q8_tensor_220w_none,1,100,11457,217.29,69,1785,9251,3,16
1784684217.402,real_q8_tensor_220w_none,2,100,11457,214.19,73,1815,9251,3,16
1784684217.402,real_q8_tensor_220w_none,3,96,11457,218.30,70,1800,9251,3,16
1784684218.003,real_q8_tensor_220w_none,0,80,11457,214.01,64,1860,9251,3,16
1784684218.003,real_q8_tensor_220w_none,1,100,11457,218.37,68,1770,9251,3,16
1784684218.003,real_q8_tensor_220w_none,2,100,11457,215.03,72,1815,9251,3,16
1784684218.003,real_q8_tensor_220w_none,3,80,11457,218.66,69,1800,9251,3,16
1784684218.597,real_q8_tensor_220w_none,0,80,11457,214.44,64,1860,9251,3,16
1784684218.597,real_q8_tensor_220w_none,1,100,11457,218.13,68,1785,9251,3,16
1784684218.597,real_q8_tensor_220w_none,2,100,11457,215.40,73,1815,9251,3,16
1784684218.597,real_q8_tensor_220w_none,3,80,11457,218.20,70,1785,9251,3,16
1784684219.172,real_q8_tensor_220w_none,0,86,11457,213.26,64,1860,9251,3,16
1784684219.172,real_q8_tensor_220w_none,1,100,11457,217.58,68,1785,9251,3,16
1784684219.172,real_q8_tensor_220w_none,2,89,11457,214.87,73,1815,9251,3,16
1784684219.172,real_q8_tensor_220w_none,3,92,11457,218.13,70,1785,9251,3,16
1784684219.768,real_q8_tensor_220w_none,0,100,11457,211.97,64,1845,9251,3,16
1784684219.768,real_q8_tensor_220w_none,1,100,11457,218.13,69,1785,9251,3,16
1784684219.768,real_q8_tensor_220w_none,2,100,11457,214.92,73,1815,9251,3,16
1784684219.768,real_q8_tensor_220w_none,3,92,11457,218.06,70,1785,9251,3,16
1784684220.346,real_q8_tensor_220w_none,0,79,11457,212.55,64,1860,9251,3,16
1784684220.346,real_q8_tensor_220w_none,1,100,11457,218.52,68,1770,9251,3,16
1784684220.346,real_q8_tensor_220w_none,2,100,11457,215.73,73,1815,9251,3,16
1784684220.346,real_q8_tensor_220w_none,3,100,11457,217.97,70,1800,9251,3,16
1784684220.920,real_q8_tensor_220w_none,0,79,11457,213.04,64,1845,9251,3,16
1784684220.920,real_q8_tensor_220w_none,1,100,11457,218.41,69,1785,9251,3,16
1784684220.920,real_q8_tensor_220w_none,2,100,11457,215.87,73,1815,9251,3,16
1784684220.920,real_q8_tensor_220w_none,3,100,11457,219.67,70,1785,9251,3,16
1784684221.509,real_q8_tensor_220w_none,0,46,11457,208.07,63,1920,9251,3,16
1784684221.509,real_q8_tensor_220w_none,1,100,11457,210.23,66,1905,9251,3,16
1784684221.509,real_q8_tensor_220w_none,2,100,11457,207.10,71,1890,9251,3,16
1784684221.509,real_q8_tensor_220w_none,3,42,11457,213.70,68,1920,9251,3,16
1784684222.097,real_q8_tensor_220w_none,0,100,11457,190.10,62,1920,9251,3,16
1784684222.097,real_q8_tensor_220w_none,1,51,11457,201.25,67,1905,9251,3,16
1784684222.097,real_q8_tensor_220w_none,2,49,11457,193.90,71,1890,9251,3,16
1784684222.097,real_q8_tensor_220w_none,3,56,11457,199.19,69,1890,9251,3,16
1784684222.664,real_q8_tensor_220w_none,0,94,11457,199.57,63,1800,9251,3,16
1784684222.664,real_q8_tensor_220w_none,1,51,11457,203.93,68,1725,9251,3,16
1784684222.664,real_q8_tensor_220w_none,2,49,11457,198.83,72,1755,9251,3,16
1784684222.664,real_q8_tensor_220w_none,3,93,11457,208.37,69,1725,9251,3,16
1784684223.239,real_q8_tensor_220w_none,0,94,11457,214.91,63,1770,9251,3,16
1784684223.239,real_q8_tensor_220w_none,1,94,11457,215.98,67,1680,9251,3,16
1784684223.239,real_q8_tensor_220w_none,2,94,11457,214.34,72,1725,9251,3,16
1784684223.239,real_q8_tensor_220w_none,3,94,11457,217.47,68,1695,9251,3,16
1784684223.839,real_q8_tensor_220w_none,0,94,11457,219.68,64,1800,9251,3,16
1784684223.839,real_q8_tensor_220w_none,1,94,11457,220.06,68,1710,9251,3,16
1784684223.839,real_q8_tensor_220w_none,2,94,11457,219.80,72,1755,9251,3,16
1784684223.839,real_q8_tensor_220w_none,3,93,11457,219.64,69,1710,9251,3,16
1784684224.413,real_q8_tensor_220w_none,0,94,11457,219.39,63,1770,9251,3,16
1784684224.413,real_q8_tensor_220w_none,1,94,11457,219.97,67,1695,9251,3,16
1784684224.413,real_q8_tensor_220w_none,2,94,11457,219.47,72,1740,9251,3,16
1784684224.413,real_q8_tensor_220w_none,3,93,11457,219.70,69,1695,9251,3,16
1784684224.985,real_q8_tensor_220w_none,0,94,11457,219.41,64,1785,9251,3,16
1784684224.985,real_q8_tensor_220w_none,1,94,11457,219.27,68,1665,9251,3,16
1784684224.985,real_q8_tensor_220w_none,2,94,11457,218.97,72,1725,9251,3,16
1784684224.985,real_q8_tensor_220w_none,3,93,11457,219.47,69,1680,9251,3,16
1784684225.602,real_q8_tensor_220w_none,0,94,11457,219.59,63,1785,9251,3,16
1784684225.602,real_q8_tensor_220w_none,1,94,11457,220.03,68,1710,9251,3,16
1784684225.602,real_q8_tensor_220w_none,2,94,11457,219.53,72,1740,9251,3,16
1784684225.602,real_q8_tensor_220w_none,3,93,11457,219.78,69,1710,9251,3,16
1784684226.201,real_q8_tensor_220w_none,0,94,11457,218.76,63,1770,9251,3,16
1784684226.201,real_q8_tensor_220w_none,1,94,11457,219.28,68,1665,9251,3,16
1784684226.201,real_q8_tensor_220w_none,2,94,11457,218.87,72,1710,9251,3,16
1784684226.201,real_q8_tensor_220w_none,3,94,11457,219.08,69,1680,9251,3,16
1784684226.776,real_q8_tensor_220w_none,0,93,11457,219.81,63,1785,9251,3,16
1784684226.776,real_q8_tensor_220w_none,1,94,11457,219.92,68,1710,9251,3,16
1784684226.776,real_q8_tensor_220w_none,2,94,11457,219.71,72,1740,9251,3,16
1784684226.776,real_q8_tensor_220w_none,3,94,11457,219.72,69,1710,9251,3,16
1784684227.341,real_q8_tensor_220w_none,0,93,11457,202.53,63,1920,9251,3,16
1784684227.341,real_q8_tensor_220w_none,1,52,11457,211.53,67,1905,9251,3,16
1784684227.341,real_q8_tensor_220w_none,2,94,11457,207.17,71,1890,9251,3,16
1784684227.341,real_q8_tensor_220w_none,3,4,11457,206.82,68,1920,9251,3,16
1784684227.928,real_q8_tensor_220w_none,0,81,11457,196.80,64,1875,9251,3,16
1784684227.928,real_q8_tensor_220w_none,1,52,11457,202.07,68,1785,9251,3,16
1784684227.928,real_q8_tensor_220w_none,2,88,11457,196.57,73,1845,9251,3,16
1784684227.928,real_q8_tensor_220w_none,3,4,11457,203.89,69,1815,9251,3,16
1784684228.528,real_q8_tensor_220w_none,0,81,11457,215.12,64,1875,9251,3,16
1784684228.528,real_q8_tensor_220w_none,1,100,11457,215.26,68,1860,9251,3,16
1784684228.528,real_q8_tensor_220w_none,2,88,11457,211.04,73,1830,9251,3,16
1784684228.528,real_q8_tensor_220w_none,3,81,11457,217.50,69,1830,9251,3,16
1784684229.116,real_q8_tensor_220w_none,0,100,11457,214.05,64,1860,9251,3,16
1784684229.116,real_q8_tensor_220w_none,1,100,11457,218.25,69,1785,9251,3,16
1784684229.116,real_q8_tensor_220w_none,2,100,11457,212.93,73,1830,9251,3,16
1784684229.116,real_q8_tensor_220w_none,3,81,11457,216.74,69,1815,9251,3,16
1784684229.710,real_q8_tensor_220w_none,0,100,11457,214.61,64,1860,9251,3,16
1784684229.710,real_q8_tensor_220w_none,1,81,11457,218.29,68,1785,9251,3,16
1784684229.710,real_q8_tensor_220w_none,2,91,11457,213.57,73,1830,9251,3,16
1784684229.710,real_q8_tensor_220w_none,3,85,11457,217.71,69,1815,9251,3,16
1784684230.304,real_q8_tensor_220w_none,0,100,11457,214.58,64,1875,9251,3,16
1784684230.304,real_q8_tensor_220w_none,1,81,11457,217.81,69,1800,9251,3,16
1784684230.304,real_q8_tensor_220w_none,2,100,11457,213.23,73,1830,9251,3,16
1784684230.304,real_q8_tensor_220w_none,3,85,11457,217.49,70,1800,9251,3,16
1784684230.902,real_q8_tensor_220w_none,0,100,11457,214.70,64,1860,9251,3,16
1784684230.902,real_q8_tensor_220w_none,1,100,11457,218.26,68,1785,9251,3,16
1784684230.902,real_q8_tensor_220w_none,2,100,11457,212.91,73,1830,9251,3,16
1784684230.902,real_q8_tensor_220w_none,3,100,11457,218.10,70,1800,9251,3,16
1784684231.520,real_q8_tensor_220w_none,0,100,11457,214.41,64,1890,9251,3,16
1784684231.520,real_q8_tensor_220w_none,1,100,11457,219.51,69,1860,9251,3,16
1784684231.520,real_q8_tensor_220w_none,2,85,11457,214.16,72,1860,9251,3,16
1784684231.520,real_q8_tensor_220w_none,3,100,11457,218.28,70,1890,9251,3,16
1784684232.097,real_q8_tensor_220w_none,0,100,11457,213.71,64,1860,9251,3,16
1784684232.097,real_q8_tensor_220w_none,1,100,11457,218.28,69,1785,9251,3,16
1784684232.097,real_q8_tensor_220w_none,2,85,11457,213.79,73,1815,9251,3,16
1784684232.097,real_q8_tensor_220w_none,3,100,11457,218.22,70,1800,9251,3,16
1784684232.673,real_q8_tensor_220w_none,0,80,11457,213.52,64,1875,9251,3,16
1784684232.673,real_q8_tensor_220w_none,1,100,11457,218.22,68,1785,9251,3,16
1784684232.673,real_q8_tensor_220w_none,2,81,11457,213.71,73,1830,9251,3,16
1784684232.673,real_q8_tensor_220w_none,3,90,11457,217.85,70,1800,9251,3,16
1784684233.274,real_q8_tensor_220w_none,0,90,11457,213.97,64,1860,9251,3,16
1784684233.274,real_q8_tensor_220w_none,1,100,11457,218.54,69,1785,9251,3,16
1784684233.274,real_q8_tensor_220w_none,2,81,11457,213.65,73,1830,9251,3,16
1784684233.274,real_q8_tensor_220w_none,3,100,11457,218.12,70,1800,9251,3,16
1784684233.876,real_q8_tensor_220w_none,0,93,11457,213.97,64,1845,9251,3,16
1784684233.876,real_q8_tensor_220w_none,1,100,11457,217.51,69,1800,9251,3,16
1784684233.876,real_q8_tensor_220w_none,2,80,11457,213.39,73,1815,9251,3,16
1784684233.876,real_q8_tensor_220w_none,3,100,11457,217.75,70,1800,9251,3,16
1784684234.450,real_q8_tensor_220w_none,0,93,11457,214.14,64,1860,9251,3,16
1784684234.450,real_q8_tensor_220w_none,1,100,11457,218.16,69,1785,9251,3,16
1784684234.450,real_q8_tensor_220w_none,2,80,11457,213.16,73,1815,9251,3,16
1784684234.450,real_q8_tensor_220w_none,3,100,11457,218.10,70,1800,9251,3,16
1784684235.024,real_q8_tensor_220w_none,0,80,11457,213.94,64,1845,9251,3,16
1784684235.024,real_q8_tensor_220w_none,1,100,11457,218.36,69,1785,9251,3,16
1784684235.024,real_q8_tensor_220w_none,2,100,11457,212.98,73,1815,9251,3,16
1784684235.024,real_q8_tensor_220w_none,3,100,11457,218.32,70,1785,9251,3,16
1784684235.599,real_q8_tensor_220w_none,0,80,11457,214.12,64,1845,9251,3,16
1784684235.599,real_q8_tensor_220w_none,1,100,11457,219.42,69,1785,9251,3,16
1784684235.599,real_q8_tensor_220w_none,2,100,11457,214.42,73,1815,9251,3,16
1784684235.599,real_q8_tensor_220w_none,3,100,11457,218.26,70,1785,9251,3,16
1784684236.191,real_q8_tensor_220w_none,0,100,11457,214.22,65,1860,9251,3,16
1784684236.191,real_q8_tensor_220w_none,1,90,11457,217.90,69,1800,9251,3,16
1784684236.191,real_q8_tensor_220w_none,2,100,11457,212.73,73,1815,9251,3,16
1784684236.191,real_q8_tensor_220w_none,3,90,11457,218.55,70,1785,9251,3,16
1784684236.792,real_q8_tensor_220w_none,0,100,11457,216.50,64,1905,9251,3,16
1784684236.792,real_q8_tensor_220w_none,1,79,11457,217.34,69,1890,9251,3,16
1784684236.792,real_q8_tensor_220w_none,2,100,11457,212.79,73,1875,9251,3,16
1784684236.792,real_q8_tensor_220w_none,3,100,11457,220.40,70,1890,9251,3,16
1784684237.394,real_q8_tensor_220w_none,0,100,11457,214.26,64,1860,9251,3,16
1784684237.394,real_q8_tensor_220w_none,1,79,11457,218.28,69,1770,9251,3,16
1784684237.394,real_q8_tensor_220w_none,2,100,11457,213.71,73,1815,9251,3,16
1784684237.394,real_q8_tensor_220w_none,3,100,11457,218.32,70,1785,9251,3,16
1784684237.968,real_q8_tensor_220w_none,0,100,11457,213.21,65,1905,9251,3,16
1784684237.968,real_q8_tensor_220w_none,1,100,11457,219.95,69,1800,9251,3,16
1784684237.968,real_q8_tensor_220w_none,2,100,11457,215.99,74,1875,9251,3,16
1784684237.968,real_q8_tensor_220w_none,3,78,11457,217.80,70,1860,9251,3,16
1784684238.545,real_q8_tensor_220w_none,0,100,11457,212.46,64,1845,9251,3,16
1784684238.545,real_q8_tensor_220w_none,1,100,11457,217.76,69,1785,9251,3,16
1784684238.545,real_q8_tensor_220w_none,2,100,11457,213.88,74,1815,9251,3,16
1784684238.545,real_q8_tensor_220w_none,3,78,11457,218.53,70,1785,9251,3,16
1784684239.119,real_q8_tensor_220w_none,0,100,11457,212.64,65,1845,9251,3,16
1784684239.119,real_q8_tensor_220w_none,1,78,11457,216.97,69,1770,9251,3,16
1784684239.119,real_q8_tensor_220w_none,2,100,11457,213.43,73,1815,9251,3,16
1784684239.119,real_q8_tensor_220w_none,3,78,11457,218.12,70,1770,9251,3,16
1784684239.720,real_q8_tensor_220w_none,0,100,11457,212.85,65,1845,9251,3,16
1784684239.720,real_q8_tensor_220w_none,1,89,11457,217.65,69,1785,9251,3,16
1784684239.720,real_q8_tensor_220w_none,2,100,11457,213.85,74,1815,9251,3,16
1784684239.720,real_q8_tensor_220w_none,3,89,11457,218.37,70,1770,9251,3,16
1784684240.297,real_q8_tensor_220w_none,0,100,11457,213.68,64,1845,9251,3,16
1784684240.297,real_q8_tensor_220w_none,1,77,11457,218.07,69,1800,9251,3,16
1784684240.297,real_q8_tensor_220w_none,2,100,11457,213.44,74,1815,9251,3,16
1784684240.297,real_q8_tensor_220w_none,3,86,11457,218.49,69,1770,9251,3,16
1784684240.875,real_q8_tensor_220w_none,0,100,11457,212.07,65,1845,9251,3,16
1784684240.875,real_q8_tensor_220w_none,1,77,11457,218.09,69,1770,9251,3,16
1784684240.875,real_q8_tensor_220w_none,2,100,11457,213.40,74,1815,9251,3,16
1784684240.875,real_q8_tensor_220w_none,3,86,11457,218.18,70,1770,9251,3,16
1784684241.467,real_q8_tensor_220w_none,0,100,11457,211.88,65,1905,9251,3,16
1784684241.467,real_q8_tensor_220w_none,1,100,11457,219.52,69,1770,9251,3,16
1784684241.467,real_q8_tensor_220w_none,2,100,11457,216.02,73,1875,9251,3,16
1784684241.467,real_q8_tensor_220w_none,3,78,11457,217.91,70,1785,9251,3,16
1784684242.044,real_q8_tensor_220w_none,0,100,11457,212.46,65,1860,9251,3,16
1784684242.044,real_q8_tensor_220w_none,1,100,11457,217.50,69,1770,9251,3,16
1784684242.044,real_q8_tensor_220w_none,2,100,11457,214.25,74,1815,9251,3,16
1784684242.044,real_q8_tensor_220w_none,3,78,11457,218.02,70,1770,9251,3,16
1784684242.648,real_q8_tensor_220w_none,0,100,11457,212.33,65,1845,9251,3,16
1784684242.648,real_q8_tensor_220w_none,1,80,11457,217.78,68,1755,9251,3,16
1784684242.648,real_q8_tensor_220w_none,2,100,11457,213.08,73,1830,9251,3,16
1784684242.648,real_q8_tensor_220w_none,3,77,11457,218.10,70,1770,9251,3,16
1784684243.228,real_q8_tensor_220w_none,0,100,11457,212.92,65,1845,9251,3,16
1784684243.228,real_q8_tensor_220w_none,1,100,11457,217.94,69,1770,9251,3,16
1784684243.228,real_q8_tensor_220w_none,2,100,11457,213.13,74,1800,9251,3,16
1784684243.228,real_q8_tensor_220w_none,3,88,11457,218.35,70,1785,9251,3,16
1784684243.808,real_q8_tensor_220w_none,0,100,11457,215.22,64,1890,9251,3,16
1784684243.808,real_q8_tensor_220w_none,1,76,11457,216.69,69,1890,9251,3,16
1784684243.808,real_q8_tensor_220w_none,2,100,11457,212.40,74,1860,9251,3,16
1784684243.808,real_q8_tensor_220w_none,3,100,11457,219.19,70,1890,9251,3,16
1784684244.384,real_q8_tensor_220w_none,0,100,11457,212.79,65,1845,9251,3,16
1784684244.384,real_q8_tensor_220w_none,1,76,11457,217.41,69,1755,9251,3,16
1784684244.384,real_q8_tensor_220w_none,2,100,11457,212.86,74,1800,9251,3,16
1784684244.384,real_q8_tensor_220w_none,3,100,11457,216.99,70,1770,9251,3,16
1784684244.960,real_q8_tensor_220w_none,0,100,11457,215.09,65,1845,9251,3,16
1784684244.960,real_q8_tensor_220w_none,1,100,11457,219.31,69,1785,9251,3,16
1784684244.960,real_q8_tensor_220w_none,2,100,11457,215.15,74,1800,9251,3,16
1784684244.960,real_q8_tensor_220w_none,3,100,11457,218.57,70,1770,9251,3,16
1784684245.526,real_q8_tensor_220w_none,0,76,11457,213.62,65,1845,9251,3,16
1784684245.526,real_q8_tensor_220w_none,1,100,11457,217.51,69,1755,9251,3,16
1784684245.526,real_q8_tensor_220w_none,2,100,11457,212.37,74,1800,9251,3,16
1784684245.526,real_q8_tensor_220w_none,3,100,11457,217.43,70,1770,9251,3,16
1784684246.100,real_q8_tensor_220w_none,0,76,11457,213.32,65,1845,9251,3,16
1784684246.100,real_q8_tensor_220w_none,1,100,11457,220.35,69,1770,9251,3,16
1784684246.100,real_q8_tensor_220w_none,2,100,11457,214.66,74,1800,9251,3,16
1784684246.100,real_q8_tensor_220w_none,3,100,11457,217.54,70,1785,9251,3,16
1784684246.676,real_q8_tensor_220w_none,0,70,11457,212.76,65,1830,9251,3,16
1784684246.676,real_q8_tensor_220w_none,1,100,11457,216.70,69,1755,9251,3,16
1784684246.676,real_q8_tensor_220w_none,2,70,11457,211.54,73,1800,9251,3,16
1784684246.676,real_q8_tensor_220w_none,3,100,11457,217.32,70,1755,9251,3,16
1784684247.250,real_q8_tensor_220w_none,0,87,11457,212.29,65,1845,9251,3,16
1784684247.250,real_q8_tensor_220w_none,1,100,11457,217.19,69,1770,9251,3,16
1784684247.250,real_q8_tensor_220w_none,2,87,11457,213.64,74,1785,9251,3,16
1784684247.250,real_q8_tensor_220w_none,3,100,11457,216.74,70,1785,9251,3,16
1784684247.829,real_q8_tensor_220w_none,0,74,11457,212.93,65,1830,9251,3,16
1784684247.829,real_q8_tensor_220w_none,1,100,11457,215.96,69,1740,9251,3,16
1784684247.829,real_q8_tensor_220w_none,2,74,11457,214.76,73,1800,9251,3,16
1784684247.829,real_q8_tensor_220w_none,3,100,11457,217.27,70,1755,9251,3,16
1784684248.425,real_q8_tensor_220w_none,0,74,11457,212.38,65,1845,9251,3,16
1784684248.425,real_q8_tensor_220w_none,1,100,11457,216.85,69,1740,9251,3,16
1784684248.425,real_q8_tensor_220w_none,2,74,11457,215.94,74,1785,9251,3,16
1784684248.425,real_q8_tensor_220w_none,3,100,11457,217.49,70,1785,9251,3,16
1784684249.001,real_q8_tensor_220w_none,0,100,11457,213.84,65,1875,9251,3,16
1784684249.001,real_q8_tensor_220w_none,1,100,11457,217.12,69,1770,9251,3,16
1784684249.001,real_q8_tensor_220w_none,2,77,11457,215.57,74,1830,9251,3,16
1784684249.001,real_q8_tensor_220w_none,3,100,11457,219.10,71,1845,9251,3,16
1784684249.572,real_q8_tensor_220w_none,0,100,11457,212.25,65,1845,9251,3,16
1784684249.572,real_q8_tensor_220w_none,1,92,11457,216.87,69,1740,9251,3,16
1784684249.572,real_q8_tensor_220w_none,2,77,11457,216.15,74,1800,9251,3,16
1784684249.572,real_q8_tensor_220w_none,3,100,11457,217.48,71,1770,9251,3,16
1784684250.149,real_q8_tensor_220w_none,0,100,11457,214.67,65,1830,9251,3,16
1784684250.149,real_q8_tensor_220w_none,1,92,11457,218.49,69,1770,9251,3,16
1784684250.149,real_q8_tensor_220w_none,2,100,11457,218.35,74,1785,9251,3,16
1784684250.149,real_q8_tensor_220w_none,3,100,11457,218.71,71,1785,9251,3,16
1784684250.722,real_q8_tensor_220w_none,0,100,11457,211.91,64,1830,9251,3,16
1784684250.722,real_q8_tensor_220w_none,1,75,11457,216.70,69,1755,9251,3,16
1784684250.722,real_q8_tensor_220w_none,2,87,11457,215.78,74,1770,9251,3,16
1784684250.722,real_q8_tensor_220w_none,3,100,11457,217.50,71,1770,9251,3,16
1784684251.317,real_q8_tensor_220w_none,0,100,11457,211.93,65,1830,9251,3,16
1784684251.317,real_q8_tensor_220w_none,1,75,11457,217.43,69,1755,9251,3,16
1784684251.317,real_q8_tensor_220w_none,2,100,11457,216.26,74,1785,9251,3,16
1784684251.317,real_q8_tensor_220w_none,3,100,11457,218.94,70,1770,9251,3,16
1784684251.913,real_q8_tensor_220w_none,0,100,11457,212.98,64,1830,9251,3,16
1784684251.913,real_q8_tensor_220w_none,1,80,11457,217.76,69,1740,9251,3,16
1784684251.913,real_q8_tensor_220w_none,2,100,11457,216.00,74,1785,9251,3,16
1784684251.913,real_q8_tensor_220w_none,3,80,11457,216.05,70,1770,9251,3,16
1784684252.492,real_q8_tensor_220w_none,0,100,11457,204.68,65,1830,9251,3,16
1784684252.492,real_q8_tensor_220w_none,1,80,11457,210.27,69,1740,9251,3,16
1784684252.492,real_q8_tensor_220w_none,2,100,11457,207.93,74,1785,9251,3,16
1784684252.492,real_q8_tensor_220w_none,3,80,11457,210.04,70,1755,9251,3,16
1784684253.084,real_q8_tensor_220w_none,0,36,11457,182.44,64,1800,9251,3,16
1784684253.084,real_q8_tensor_220w_none,1,81,11457,193.95,67,1695,9251,3,16
1784684253.084,real_q8_tensor_220w_none,2,59,11457,187.40,72,1740,9251,3,16
1784684253.084,real_q8_tensor_220w_none,3,40,11457,194.44,69,1710,9251,3,16
1784684253.682,real_q8_tensor_220w_none,0,94,11457,195.35,64,1785,9251,3,16
1784684253.682,real_q8_tensor_220w_none,1,81,11457,208.09,69,1695,9251,3,16
1784684253.682,real_q8_tensor_220w_none,2,94,11457,202.59,73,1740,9251,3,16
1784684253.682,real_q8_tensor_220w_none,3,93,11457,203.95,70,1710,9251,3,16
1784684254.273,real_q8_tensor_220w_none,0,94,11457,219.72,64,1785,9251,3,16
1784684254.273,real_q8_tensor_220w_none,1,94,11457,220.14,68,1695,9251,3,16
1784684254.273,real_q8_tensor_220w_none,2,94,11457,219.60,73,1740,9251,3,16
1784684254.273,real_q8_tensor_220w_none,3,94,11457,219.69,69,1710,9251,3,16
1784684254.849,real_q8_tensor_220w_none,0,94,11457,218.89,64,1755,9251,3,16
1784684254.849,real_q8_tensor_220w_none,1,94,11457,219.27,68,1620,9251,3,16
1784684254.849,real_q8_tensor_220w_none,2,94,11457,219.51,73,1710,9251,3,16
1784684254.849,real_q8_tensor_220w_none,3,94,11457,218.44,69,1635,9251,3,16
1784684255.446,real_q8_tensor_220w_none,0,94,11457,219.58,64,1785,9251,3,16
1784684255.446,real_q8_tensor_220w_none,1,93,11457,219.88,68,1695,9251,3,16
1784684255.446,real_q8_tensor_220w_none,2,94,11457,219.49,73,1740,9251,3,16
1784684255.446,real_q8_tensor_220w_none,3,94,11457,219.66,69,1710,9251,3,16
1784684256.024,real_q8_tensor_220w_none,0,94,11457,219.03,64,1770,9251,3,16
1784684256.024,real_q8_tensor_220w_none,1,93,11457,219.20,68,1680,9251,3,16
1784684256.024,real_q8_tensor_220w_none,2,94,11457,219.06,73,1710,9251,3,16
1784684256.024,real_q8_tensor_220w_none,3,94,11457,219.43,69,1695,9251,3,16
1784684256.623,real_q8_tensor_220w_none,0,94,11457,219.75,64,1785,9251,3,16
1784684256.623,real_q8_tensor_220w_none,1,93,11457,219.90,69,1680,9251,3,16
1784684256.623,real_q8_tensor_220w_none,2,94,11457,219.58,73,1740,9251,3,16
1784684256.623,real_q8_tensor_220w_none,3,94,11457,220.08,69,1710,9251,3,16
1784684257.197,real_q8_tensor_220w_none,0,94,11457,219.54,64,1770,9251,3,16
1784684257.197,real_q8_tensor_220w_none,1,93,11457,219.74,68,1680,9251,3,16
1784684257.197,real_q8_tensor_220w_none,2,94,11457,219.30,73,1725,9251,3,16
1784684257.197,real_q8_tensor_220w_none,3,94,11457,219.61,69,1695,9251,3,16
1784684257.775,real_q8_tensor_220w_none,0,94,11457,219.65,64,1770,9251,3,16
1784684257.775,real_q8_tensor_220w_none,1,93,11457,219.18,68,1665,9251,3,16
1784684257.775,real_q8_tensor_220w_none,2,94,11457,219.68,73,1725,9251,3,16
1784684257.775,real_q8_tensor_220w_none,3,94,11457,219.26,69,1680,9251,3,16
1784684258.394,real_q8_tensor_220w_none,0,100,11457,201.32,64,1875,9251,3,16
1784684258.394,real_q8_tensor_220w_none,1,93,11457,204.14,68,1800,9251,3,16
1784684258.394,real_q8_tensor_220w_none,2,100,11457,203.24,73,1830,9251,3,16
1784684258.394,real_q8_tensor_220w_none,3,94,11457,202.91,69,1815,9251,3,16
1784684258.975,real_q8_tensor_220w_none,0,100,11457,197.64,65,1860,9251,3,16
1784684258.975,real_q8_tensor_220w_none,1,79,11457,202.34,69,1785,9251,3,16
1784684258.975,real_q8_tensor_220w_none,2,100,11457,198.72,73,1830,9251,3,16
1784684258.975,real_q8_tensor_220w_none,3,79,11457,200.89,70,1815,9251,3,16
1784684259.551,real_q8_tensor_220w_none,0,100,11457,214.99,65,1860,9251,3,16
1784684259.551,real_q8_tensor_220w_none,1,79,11457,218.33,69,1785,9251,3,16
1784684259.551,real_q8_tensor_220w_none,2,100,11457,214.42,74,1830,9251,3,16
1784684259.551,real_q8_tensor_220w_none,3,79,11457,217.48,70,1800,9251,3,16
1784684260.126,real_q8_tensor_220w_none,0,100,11457,214.43,65,1860,9251,3,16
1784684260.126,real_q8_tensor_220w_none,1,100,11457,217.88,69,1785,9251,3,16
1784684260.126,real_q8_tensor_220w_none,2,100,11457,214.61,74,1830,9251,3,16
1784684260.126,real_q8_tensor_220w_none,3,82,11457,217.62,70,1815,9251,3,16
1784684260.701,real_q8_tensor_220w_none,0,100,11457,214.12,65,1890,9251,3,16
1784684260.701,real_q8_tensor_220w_none,1,100,11457,218.52,69,1845,9251,3,16
1784684260.701,real_q8_tensor_220w_none,2,96,11457,215.39,74,1860,9251,3,16
1784684260.701,real_q8_tensor_220w_none,3,100,11457,217.92,70,1860,9251,3,16
1784684261.295,real_q8_tensor_220w_none,0,100,11457,214.71,65,1845,9251,3,16
1784684261.295,real_q8_tensor_220w_none,1,100,11457,217.76,69,1785,9251,3,16
1784684261.295,real_q8_tensor_220w_none,2,96,11457,215.60,74,1830,9251,3,16
1784684261.295,real_q8_tensor_220w_none,3,100,11457,218.09,70,1800,9251,3,16
1784684261.888,real_q8_tensor_220w_none,0,81,11457,214.38,65,1860,9251,3,16
1784684261.888,real_q8_tensor_220w_none,1,100,11457,218.88,69,1785,9251,3,16
1784684261.888,real_q8_tensor_220w_none,2,81,11457,215.65,74,1830,9251,3,16
1784684261.888,real_q8_tensor_220w_none,3,100,11457,217.70,70,1800,9251,3,16
1784684262.487,real_q8_tensor_220w_none,0,81,11457,214.86,65,1860,9251,3,16
1784684262.487,real_q8_tensor_220w_none,1,100,11457,218.04,69,1785,9251,3,16
1784684262.487,real_q8_tensor_220w_none,2,81,11457,215.16,74,1830,9251,3,16
1784684262.487,real_q8_tensor_220w_none,3,100,11457,217.38,70,1800,9251,3,16
1784684263.086,real_q8_tensor_220w_none,0,99,11457,215.15,65,1860,9251,3,16
1784684263.086,real_q8_tensor_220w_none,1,100,11457,217.74,69,1755,9251,3,16
1784684263.086,real_q8_tensor_220w_none,2,100,11457,214.82,74,1815,9251,3,16
1784684263.086,real_q8_tensor_220w_none,3,100,11457,217.41,70,1800,9251,3,16
1784684263.663,real_q8_tensor_220w_none,0,100,11457,214.96,65,1845,9251,3,16
1784684263.663,real_q8_tensor_220w_none,1,100,11457,217.68,69,1785,9251,3,16
1784684263.663,real_q8_tensor_220w_none,2,91,11457,214.62,74,1815,9251,3,16
1784684263.663,real_q8_tensor_220w_none,3,100,11457,218.02,71,1785,9251,3,16
1784684264.233,real_q8_tensor_220w_none,0,100,11457,214.72,65,1845,9251,3,16
1784684264.233,real_q8_tensor_220w_none,1,90,11457,217.71,69,1785,9251,3,16
1784684264.233,real_q8_tensor_220w_none,2,100,11457,214.51,74,1815,9251,3,16
1784684264.233,real_q8_tensor_220w_none,3,90,11457,218.27,70,1800,9251,3,16
1784684264.830,real_q8_tensor_220w_none,0,100,11457,214.11,65,1890,9251,3,16
1784684264.830,real_q8_tensor_220w_none,1,100,11457,220.28,69,1830,9251,3,16
1784684264.830,real_q8_tensor_220w_none,2,100,11457,216.93,73,1815,9251,3,16
1784684264.830,real_q8_tensor_220w_none,3,100,11457,217.93,70,1860,9251,3,16
1784684265.404,real_q8_tensor_220w_none,0,100,11457,213.85,65,1860,9251,3,16
1784684265.404,real_q8_tensor_220w_none,1,100,11457,218.10,69,1770,9251,3,16
1784684265.404,real_q8_tensor_220w_none,2,100,11457,214.71,74,1815,9251,3,16
1784684265.404,real_q8_tensor_220w_none,3,100,11457,218.08,71,1800,9251,3,16
1784684265.995,real_q8_tensor_220w_none,0,100,11457,216.02,65,1860,9251,3,16
1784684265.995,real_q8_tensor_220w_none,1,80,11457,217.94,69,1785,9251,3,16
1784684265.995,real_q8_tensor_220w_none,2,100,11457,214.50,74,1815,9251,3,16
1784684265.995,real_q8_tensor_220w_none,3,89,11457,218.95,70,1815,9251,3,16
1784684266.572,real_q8_tensor_220w_none,0,100,11457,213.41,65,1845,9251,3,16
1784684266.572,real_q8_tensor_220w_none,1,80,11457,218.23,69,1770,9251,3,16
1784684266.572,real_q8_tensor_220w_none,2,100,11457,214.83,74,1815,9251,3,16
1784684266.572,real_q8_tensor_220w_none,3,89,11457,218.13,70,1800,9251,3,16
1784684267.147,real_q8_tensor_220w_none,0,100,11457,212.87,65,1860,9251,3,16
1784684267.147,real_q8_tensor_220w_none,1,79,11457,217.58,69,1785,9251,3,16
1784684267.147,real_q8_tensor_220w_none,2,100,11457,214.85,74,1815,9251,3,16
1784684267.147,real_q8_tensor_220w_none,3,79,11457,218.25,70,1785,9251,3,16
1784684267.751,real_q8_tensor_220w_none,0,100,11457,213.18,65,1860,9251,3,16
1784684267.751,real_q8_tensor_220w_none,1,89,11457,218.06,69,1755,9251,3,16
1784684267.751,real_q8_tensor_220w_none,2,100,11457,215.49,74,1815,9251,3,16
1784684267.751,real_q8_tensor_220w_none,3,89,11457,218.10,71,1800,9251,3,16
1784684268.328,real_q8_tensor_220w_none,0,100,11457,213.08,64,1845,9251,3,16
1784684268.328,real_q8_tensor_220w_none,1,78,11457,218.10,69,1770,9251,3,16
1784684268.328,real_q8_tensor_220w_none,2,100,11457,215.38,74,1815,9251,3,16
1784684268.328,real_q8_tensor_220w_none,3,100,11457,218.32,70,1770,9251,3,16
1784684268.922,real_q8_tensor_220w_none,0,100,11457,213.77,65,1845,9251,3,16
1784684268.922,real_q8_tensor_220w_none,1,78,11457,218.24,70,1770,9251,3,16
1784684268.922,real_q8_tensor_220w_none,2,100,11457,214.96,74,1815,9251,3,16
1784684268.922,real_q8_tensor_220w_none,3,100,11457,218.92,70,1800,9251,3,16
1784684269.497,real_q8_tensor_220w_none,0,100,11457,213.35,65,1845,9251,3,16
1784684269.497,real_q8_tensor_220w_none,1,100,11457,218.34,69,1740,9251,3,16
1784684269.497,real_q8_tensor_220w_none,2,100,11457,215.17,74,1815,9251,3,16
1784684269.497,real_q8_tensor_220w_none,3,79,11457,218.06,70,1770,9251,3,16
1784684270.071,real_q8_tensor_220w_none,0,100,11457,213.19,65,1845,9251,3,16
1784684270.071,real_q8_tensor_220w_none,1,100,11457,218.17,69,1755,9251,3,16
1784684270.071,real_q8_tensor_220w_none,2,100,11457,215.42,75,1815,9251,3,16
1784684270.071,real_q8_tensor_220w_none,3,79,11457,218.27,71,1785,9251,3,16
1784684270.645,real_q8_tensor_220w_none,0,100,11457,213.10,64,1845,9251,3,16
1784684270.645,real_q8_tensor_220w_none,1,77,11457,217.98,70,1755,9251,3,16
1784684270.645,real_q8_tensor_220w_none,2,100,11457,215.67,74,1815,9251,3,16
1784684270.645,real_q8_tensor_220w_none,3,86,11457,218.05,70,1785,9251,3,16
1784684271.221,real_q8_tensor_220w_none,0,100,11457,213.34,65,1845,9251,3,16
1784684271.221,real_q8_tensor_220w_none,1,100,11457,217.97,70,1770,9251,3,16
1784684271.221,real_q8_tensor_220w_none,2,100,11457,215.10,74,1800,9251,3,16
1784684271.221,real_q8_tensor_220w_none,3,89,11457,218.14,71,1785,9251,3,16
1784684271.798,real_q8_tensor_220w_none,0,100,11457,213.09,65,1845,9251,3,16
1784684271.798,real_q8_tensor_220w_none,1,78,11457,218.13,69,1740,9251,3,16
1784684271.798,real_q8_tensor_220w_none,2,100,11457,214.61,74,1800,9251,3,16
1784684271.798,real_q8_tensor_220w_none,3,78,11457,218.24,71,1770,9251,3,16
1784684272.399,real_q8_tensor_220w_none,0,100,11457,215.81,65,1845,9251,3,16
1784684272.399,real_q8_tensor_220w_none,1,78,11457,217.71,70,1755,9251,3,16
1784684272.399,real_q8_tensor_220w_none,2,100,11457,215.15,74,1800,9251,3,16
1784684272.399,real_q8_tensor_220w_none,3,78,11457,220.04,71,1785,9251,3,16
1784684273.017,real_q8_tensor_220w_none,0,100,11457,213.50,65,1845,9251,3,16
1784684273.017,real_q8_tensor_220w_none,1,96,11457,217.90,69,1755,9251,3,16
1784684273.017,real_q8_tensor_220w_none,2,100,11457,214.61,74,1800,9251,3,16
1784684273.017,real_q8_tensor_220w_none,3,100,11457,218.07,71,1785,9251,3,16
1784684273.643,real_q8_tensor_220w_none,0,100,11457,216.17,66,1845,9251,3,16
1784684273.643,real_q8_tensor_220w_none,1,96,11457,218.93,70,1785,9251,3,16
1784684273.643,real_q8_tensor_220w_none,2,100,11457,215.75,74,1800,9251,3,16
1784684273.643,real_q8_tensor_220w_none,3,100,11457,219.64,71,1785,9251,3,16
1784684274.237,real_q8_tensor_220w_none,0,88,11457,214.05,65,1845,9251,3,16
1784684274.237,real_q8_tensor_220w_none,1,100,11457,217.77,70,1770,9251,3,16
1784684274.237,real_q8_tensor_220w_none,2,88,11457,215.10,75,1800,9251,3,16
1784684274.237,real_q8_tensor_220w_none,3,100,11457,218.06,70,1785,9251,3,16
1784684274.814,real_q8_tensor_220w_none,0,100,11457,216.07,65,1845,9251,3,16
1784684274.814,real_q8_tensor_220w_none,1,100,11457,217.65,69,1755,9251,3,16
1784684274.814,real_q8_tensor_220w_none,2,100,11457,214.78,74,1815,9251,3,16
1784684274.814,real_q8_tensor_220w_none,3,100,11457,218.14,71,1785,9251,3,16
1784684275.414,real_q8_tensor_220w_none,0,76,11457,213.40,65,1845,9251,3,16
1784684275.414,real_q8_tensor_220w_none,1,100,11457,217.52,70,1755,9251,3,16
1784684275.414,real_q8_tensor_220w_none,2,100,11457,213.72,74,1800,9251,3,16
1784684275.414,real_q8_tensor_220w_none,3,100,11457,217.84,71,1770,9251,3,16
1784684275.987,real_q8_tensor_220w_none,0,76,11457,213.58,65,1845,9251,3,16
1784684275.987,real_q8_tensor_220w_none,1,100,11457,219.23,70,1755,9251,3,16
1784684275.987,real_q8_tensor_220w_none,2,100,11457,215.76,74,1800,9251,3,16
1784684275.987,real_q8_tensor_220w_none,3,100,11457,217.50,71,1770,9251,3,16
1784684276.562,real_q8_tensor_220w_none,0,74,11457,213.62,65,1860,9251,3,16
1784684276.562,real_q8_tensor_220w_none,1,100,11457,216.68,69,1755,9251,3,16
1784684276.562,real_q8_tensor_220w_none,2,73,11457,213.28,74,1785,9251,3,16
1784684276.562,real_q8_tensor_220w_none,3,100,11457,217.93,71,1785,9251,3,16
1784684277.135,real_q8_tensor_220w_none,0,74,11457,212.36,65,1845,9251,3,16
1784684277.135,real_q8_tensor_220w_none,1,100,11457,216.87,70,1740,9251,3,16
1784684277.135,real_q8_tensor_220w_none,2,73,11457,212.90,74,1815,9251,3,16
1784684277.135,real_q8_tensor_220w_none,3,100,11457,218.06,71,1770,9251,3,16
1784684277.710,real_q8_tensor_220w_none,0,100,11457,214.19,65,1830,9251,3,16
1784684277.710,real_q8_tensor_220w_none,1,100,11457,216.85,70,1755,9251,3,16
1784684277.710,real_q8_tensor_220w_none,2,75,11457,213.35,75,1800,9251,3,16
1784684277.710,real_q8_tensor_220w_none,3,99,11457,219.50,71,1785,9251,3,16
1784684278.288,real_q8_tensor_220w_none,0,100,11457,212.96,65,1845,9251,3,16
1784684278.288,real_q8_tensor_220w_none,1,75,11457,216.79,70,1755,9251,3,16
1784684278.288,real_q8_tensor_220w_none,2,75,11457,213.59,75,1800,9251,3,16
1784684278.288,real_q8_tensor_220w_none,3,100,11457,216.99,71,1770,9251,3,16
1784684278.864,real_q8_tensor_220w_none,0,100,11457,214.41,65,1875,9251,3,16
1784684278.864,real_q8_tensor_220w_none,1,100,11457,218.92,70,1770,9251,3,16
1784684278.864,real_q8_tensor_220w_none,2,100,11457,215.96,75,1785,9251,3,16
1784684278.864,real_q8_tensor_220w_none,3,100,11457,219.02,71,1770,9251,3,16
1784684279.433,real_q8_tensor_220w_none,0,100,11457,212.29,65,1845,9251,3,16
1784684279.433,real_q8_tensor_220w_none,1,100,11457,217.04,70,1740,9251,3,16
1784684279.433,real_q8_tensor_220w_none,2,100,11457,213.97,75,1785,9251,3,16
1784684279.433,real_q8_tensor_220w_none,3,100,11457,217.10,71,1770,9251,3,16
1784684280.006,real_q8_tensor_220w_none,0,100,11457,212.59,65,1830,9251,3,16
1784684280.006,real_q8_tensor_220w_none,1,100,11457,218.65,70,1755,9251,3,16
1784684280.006,real_q8_tensor_220w_none,2,100,11457,216.41,75,1785,9251,3,16
1784684280.006,real_q8_tensor_220w_none,3,100,11457,218.34,71,1770,9251,3,16
1784684280.599,real_q8_tensor_220w_none,0,100,11457,212.88,65,1830,9251,3,16
1784684280.599,real_q8_tensor_220w_none,1,100,11457,216.62,69,1755,9251,3,16
1784684280.599,real_q8_tensor_220w_none,2,100,11457,214.06,74,1785,9251,3,16
1784684280.599,real_q8_tensor_220w_none,3,74,11457,216.66,71,1785,9251,3,16
1784684281.174,real_q8_tensor_220w_none,0,100,11457,213.03,65,1830,9251,3,16
1784684281.174,real_q8_tensor_220w_none,1,100,11457,218.56,70,1740,9251,3,16
1784684281.174,real_q8_tensor_220w_none,2,100,11457,216.14,75,1770,9251,3,16
1784684281.174,real_q8_tensor_220w_none,3,87,11457,216.32,71,1770,9251,3,16
1784684281.768,real_q8_tensor_220w_none,0,86,11457,212.16,65,1830,9251,3,16
1784684281.768,real_q8_tensor_220w_none,1,100,11457,217.86,70,1740,9251,3,16
1784684281.768,real_q8_tensor_220w_none,2,100,11457,214.94,74,1770,9251,3,16
1784684281.768,real_q8_tensor_220w_none,3,73,11457,215.92,71,1770,9251,3,16
1784684282.346,real_q8_tensor_220w_none,0,100,11457,212.29,65,1830,9251,3,16
1784684282.346,real_q8_tensor_220w_none,1,100,11457,215.88,70,1740,9251,3,16
1784684282.346,real_q8_tensor_220w_none,2,100,11457,211.91,75,1770,9251,3,16
1784684282.346,real_q8_tensor_220w_none,3,73,11457,216.09,71,1770,9251,3,16
1784684282.922,real_q8_tensor_220w_none,0,100,11457,207.15,63,1815,9251,3,16
1784684282.922,real_q8_tensor_220w_none,1,100,11457,209.12,69,1740,9251,3,16
1784684282.922,real_q8_tensor_220w_none,2,100,11457,205.10,73,1785,9251,3,16
1784684282.922,real_q8_tensor_220w_none,3,7,11457,209.44,69,1770,9251,3,16
1784684283.499,real_q8_tensor_220w_none,0,42,11457,195.25,64,1920,9251,3,16
1784684283.499,real_q8_tensor_220w_none,1,35,11457,199.89,68,1905,9251,3,16
1784684283.499,real_q8_tensor_220w_none,2,34,11457,194.76,73,1890,9251,3,16
1784684283.499,real_q8_tensor_220w_none,3,7,11457,202.11,69,1920,9251,3,16
1784684284.068,real_q8_tensor_220w_none,0,94,11457,194.16,65,1785,9251,3,16
1784684284.068,real_q8_tensor_220w_none,1,94,11457,203.32,69,1695,9251,3,16
1784684284.068,real_q8_tensor_220w_none,2,83,11457,197.75,74,1740,9251,3,16
1784684284.068,real_q8_tensor_220w_none,3,93,11457,203.59,70,1710,9251,3,16
1784684284.648,real_q8_tensor_220w_none,0,94,11457,212.09,65,1725,9251,3,16
1784684284.648,real_q8_tensor_220w_none,1,94,11457,214.78,68,1605,9251,3,16
1784684284.648,real_q8_tensor_220w_none,2,94,11457,211.91,73,1680,9251,3,16
1784684284.648,real_q8_tensor_220w_none,3,93,11457,215.81,70,1665,9251,3,16
1784684285.222,real_q8_tensor_220w_none,0,94,11457,219.67,65,1785,9251,3,16
1784684285.222,real_q8_tensor_220w_none,1,94,11457,220.06,69,1695,9251,3,16
1784684285.222,real_q8_tensor_220w_none,2,94,11457,219.70,74,1740,9251,3,16
1784684285.222,real_q8_tensor_220w_none,3,93,11457,219.69,70,1710,9251,3,16
1784684285.814,real_q8_tensor_220w_none,0,94,11457,219.47,64,1770,9251,3,16
1784684285.814,real_q8_tensor_220w_none,1,93,11457,219.54,69,1695,9251,3,16
1784684285.814,real_q8_tensor_220w_none,2,94,11457,219.36,74,1725,9251,3,16
1784684285.814,real_q8_tensor_220w_none,3,93,11457,219.82,69,1695,9251,3,16
1784684286.432,real_q8_tensor_220w_none,0,94,11457,219.46,65,1785,9251,3,16
1784684286.432,real_q8_tensor_220w_none,1,93,11457,219.79,69,1650,9251,3,16
1784684286.432,real_q8_tensor_220w_none,2,94,11457,219.83,74,1710,9251,3,16
1784684286.432,real_q8_tensor_220w_none,3,94,11457,219.58,70,1680,9251,3,16
1784684287.024,real_q8_tensor_220w_none,0,94,11457,219.47,64,1770,9251,3,16
1784684287.024,real_q8_tensor_220w_none,1,93,11457,219.89,69,1695,9251,3,16
1784684287.024,real_q8_tensor_220w_none,2,94,11457,219.62,74,1740,9251,3,16
1784684287.024,real_q8_tensor_220w_none,3,94,11457,219.73,69,1695,9251,3,16
1784684287.597,real_q8_tensor_220w_none,0,94,11457,219.41,64,1755,9251,3,16
1784684287.597,real_q8_tensor_220w_none,1,93,11457,219.19,69,1650,9251,3,16
1784684287.597,real_q8_tensor_220w_none,2,94,11457,219.02,73,1710,9251,3,16
1784684287.597,real_q8_tensor_220w_none,3,93,11457,219.34,69,1680,9251,3,16
1784684288.170,real_q8_tensor_220w_none,0,94,11457,219.54,65,1785,9251,3,16
1784684288.170,real_q8_tensor_220w_none,1,94,11457,219.97,69,1695,9251,3,16
1784684288.170,real_q8_tensor_220w_none,2,94,11457,219.67,74,1740,9251,3,16
1784684288.170,real_q8_tensor_220w_none,3,93,11457,219.73,69,1695,9251,3,16
1784684288.761,real_q8_tensor_220w_none,0,50,11457,210.56,63,1920,9251,3,16
1784684288.761,real_q8_tensor_220w_none,1,94,11457,215.18,68,1905,9251,3,16
1784684288.761,real_q8_tensor_220w_none,2,70,11457,206.11,72,1890,9251,3,16
1784684288.761,real_q8_tensor_220w_none,3,94,11457,211.38,68,1920,9251,3,16
1784684289.351,real_q8_tensor_220w_none,0,98,11457,197.31,65,1875,9251,3,16
1784684289.351,real_q8_tensor_220w_none,1,100,11457,201.56,69,1800,9251,3,16
1784684289.351,real_q8_tensor_220w_none,2,100,11457,198.17,74,1830,9251,3,16
1784684289.351,real_q8_tensor_220w_none,3,100,11457,202.49,70,1815,9251,3,16
1784684289.969,real_q8_tensor_220w_none,0,98,11457,214.29,65,1875,9251,3,16
1784684289.969,real_q8_tensor_220w_none,1,100,11457,214.23,70,1770,9251,3,16
1784684289.969,real_q8_tensor_220w_none,2,100,11457,210.51,74,1830,9251,3,16
1784684289.969,real_q8_tensor_220w_none,3,100,11457,216.89,70,1800,9251,3,16
1784684290.542,real_q8_tensor_220w_none,0,100,11457,215.04,65,1875,9251,3,16
1784684290.542,real_q8_tensor_220w_none,1,100,11457,218.13,70,1785,9251,3,16
1784684290.542,real_q8_tensor_220w_none,2,100,11457,214.71,74,1830,9251,3,16
1784684290.542,real_q8_tensor_220w_none,3,100,11457,216.57,70,1815,9251,3,16
1784684291.117,real_q8_tensor_220w_none,0,100,11457,214.58,65,1860,9251,3,16
1784684291.117,real_q8_tensor_220w_none,1,100,11457,218.19,70,1800,9251,3,16
1784684291.117,real_q8_tensor_220w_none,2,100,11457,214.78,74,1875,9251,3,16
1784684291.117,real_q8_tensor_220w_none,3,100,11457,216.76,70,1800,9251,3,16
1784684291.694,real_q8_tensor_220w_none,0,100,11457,215.14,65,1860,9251,3,16
1784684291.694,real_q8_tensor_220w_none,1,100,11457,218.19,70,1785,9251,3,16
1784684291.694,real_q8_tensor_220w_none,2,100,11457,214.98,74,1815,9251,3,16
1784684291.694,real_q8_tensor_220w_none,3,100,11457,217.22,70,1785,9251,3,16
1784684292.268,real_q8_tensor_220w_none,0,100,11457,215.12,65,1860,9251,3,16
1784684292.268,real_q8_tensor_220w_none,1,91,11457,218.49,69,1785,9251,3,16
1784684292.268,real_q8_tensor_220w_none,2,100,11457,215.26,74,1815,9251,3,16
1784684292.268,real_q8_tensor_220w_none,3,100,11457,217.68,70,1785,9251,3,16
1784684292.848,real_q8_tensor_220w_none,0,100,11457,215.63,65,1860,9251,3,16
1784684292.848,real_q8_tensor_220w_none,1,100,11457,218.21,70,1770,9251,3,16
1784684292.848,real_q8_tensor_220w_none,2,100,11457,215.34,75,1815,9251,3,16
1784684292.848,real_q8_tensor_220w_none,3,100,11457,218.61,71,1800,9251,3,16
1784684293.438,real_q8_tensor_220w_none,0,100,11457,215.09,65,1845,9251,3,16
1784684293.438,real_q8_tensor_220w_none,1,100,11457,217.89,70,1785,9251,3,16
1784684293.438,real_q8_tensor_220w_none,2,100,11457,214.62,74,1815,9251,3,16
1784684293.438,real_q8_tensor_220w_none,3,100,11457,218.08,71,1800,9251,3,16
1784684294.031,real_q8_tensor_220w_none,0,100,11457,216.54,65,1860,9251,3,16
1784684294.031,real_q8_tensor_220w_none,1,100,11457,218.32,70,1785,9251,3,16
1784684294.031,real_q8_tensor_220w_none,2,100,11457,214.48,75,1815,9251,3,16
1784684294.031,real_q8_tensor_220w_none,3,95,11457,220.11,71,1785,9251,3,16
1784684294.598,real_q8_tensor_220w_none,0,100,11457,215.01,65,1860,9251,3,16
1784684294.598,real_q8_tensor_220w_none,1,100,11457,218.26,70,1785,9251,3,16
1784684294.598,real_q8_tensor_220w_none,2,100,11457,214.20,74,1815,9251,3,16
1784684294.598,real_q8_tensor_220w_none,3,95,11457,218.35,71,1800,9251,3,16
1784684295.197,real_q8_tensor_220w_none,0,100,11457,215.33,66,1905,9251,3,16
1784684295.197,real_q8_tensor_220w_none,1,79,11457,217.79,69,1845,9251,3,16
1784684295.197,real_q8_tensor_220w_none,2,79,11457,213.76,74,1875,9251,3,16
1784684295.197,real_q8_tensor_220w_none,3,100,11457,218.16,71,1800,9251,3,16
1784684295.807,real_q8_tensor_220w_none,0,100,11457,215.20,66,1860,9251,3,16
1784684295.807,real_q8_tensor_220w_none,1,79,11457,217.76,70,1785,9251,3,16
1784684295.807,real_q8_tensor_220w_none,2,79,11457,213.96,75,1815,9251,3,16
1784684295.807,real_q8_tensor_220w_none,3,100,11457,218.45,71,1800,9251,3,16
1784684296.385,real_q8_tensor_220w_none,0,84,11457,214.72,65,1860,9251,3,16
1784684296.385,real_q8_tensor_220w_none,1,78,11457,217.96,70,1770,9251,3,16
1784684296.385,real_q8_tensor_220w_none,2,78,11457,214.39,74,1800,9251,3,16
1784684296.385,real_q8_tensor_220w_none,3,80,11457,217.46,70,1800,9251,3,16
1784684296.988,real_q8_tensor_220w_none,0,84,11457,213.49,65,1845,9251,3,16
1784684296.988,real_q8_tensor_220w_none,1,78,11457,218.02,70,1785,9251,3,16
1784684296.988,real_q8_tensor_220w_none,2,78,11457,214.72,75,1815,9251,3,16
1784684296.988,real_q8_tensor_220w_none,3,80,11457,217.85,71,1785,9251,3,16
1784684297.585,real_q8_tensor_220w_none,0,78,11457,214.09,65,1860,9251,3,16
1784684297.585,real_q8_tensor_220w_none,1,100,11457,218.06,70,1770,9251,3,16
1784684297.585,real_q8_tensor_220w_none,2,100,11457,214.96,74,1800,9251,3,16
1784684297.585,real_q8_tensor_220w_none,3,77,11457,217.32,71,1800,9251,3,16
1784684298.165,real_q8_tensor_220w_none,0,78,11457,213.51,66,1845,9251,3,16
1784684298.165,real_q8_tensor_220w_none,1,100,11457,217.47,70,1770,9251,3,16
1784684298.165,real_q8_tensor_220w_none,2,100,11457,215.80,75,1815,9251,3,16
1784684298.165,real_q8_tensor_220w_none,3,77,11457,217.91,71,1770,9251,3,16
1784684298.752,real_q8_tensor_220w_none,0,95,11457,213.39,66,1860,9251,3,16
1784684298.752,real_q8_tensor_220w_none,1,100,11457,217.83,70,1770,9251,3,16
1784684298.752,real_q8_tensor_220w_none,2,100,11457,214.94,75,1815,9251,3,16
1784684298.752,real_q8_tensor_220w_none,3,100,11457,218.25,71,1785,9251,3,16
1784684299.388,real_q8_tensor_220w_none,0,95,11457,214.35,66,1875,9251,3,16
1784684299.388,real_q8_tensor_220w_none,1,100,11457,219.60,70,1770,9251,3,16
1784684299.388,real_q8_tensor_220w_none,2,100,11457,217.06,75,1830,9251,3,16
1784684299.388,real_q8_tensor_220w_none,3,100,11457,218.71,71,1800,9251,3,16
1784684299.979,real_q8_tensor_220w_none,0,100,11457,214.36,66,1845,9251,3,16
1784684299.979,real_q8_tensor_220w_none,1,90,11457,217.94,70,1770,9251,3,16
1784684299.979,real_q8_tensor_220w_none,2,100,11457,215.13,75,1815,9251,3,16
1784684299.979,real_q8_tensor_220w_none,3,100,11457,218.23,71,1785,9251,3,16
1784684300.557,real_q8_tensor_220w_none,0,100,11457,216.52,66,1845,9251,3,16
1784684300.557,real_q8_tensor_220w_none,1,90,11457,217.95,70,1755,9251,3,16
1784684300.557,real_q8_tensor_220w_none,2,100,11457,214.77,75,1815,9251,3,16
1784684300.557,real_q8_tensor_220w_none,3,100,11457,220.11,71,1800,9251,3,16
1784684301.126,real_q8_tensor_220w_none,0,100,11457,213.92,66,1845,9251,3,16
1784684301.126,real_q8_tensor_220w_none,1,100,11457,217.57,70,1770,9251,3,16
1784684301.126,real_q8_tensor_220w_none,2,100,11457,214.69,75,1800,9251,3,16
1784684301.126,real_q8_tensor_220w_none,3,100,11457,218.33,71,1785,9251,3,16
1784684301.738,real_q8_tensor_220w_none,0,95,11457,214.52,65,1905,9251,3,16
1784684301.738,real_q8_tensor_220w_none,1,100,11457,219.83,70,1785,9251,3,16
1784684301.738,real_q8_tensor_220w_none,2,100,11457,217.39,75,1875,9251,3,16
1784684301.738,real_q8_tensor_220w_none,3,100,11457,218.13,70,1875,9251,3,16
1784684302.345,real_q8_tensor_220w_none,0,100,11457,213.33,66,1845,9251,3,16
1784684302.345,real_q8_tensor_220w_none,1,100,11457,217.15,70,1755,9251,3,16
1784684302.345,real_q8_tensor_220w_none,2,100,11457,214.40,75,1800,9251,3,16
1784684302.345,real_q8_tensor_220w_none,3,100,11457,218.10,71,1785,9251,3,16
1784684302.943,real_q8_tensor_220w_none,0,100,11457,213.40,65,1845,9251,3,16
1784684302.943,real_q8_tensor_220w_none,1,100,11457,219.12,70,1755,9251,3,16
1784684302.943,real_q8_tensor_220w_none,2,100,11457,216.19,75,1800,9251,3,16
1784684302.943,real_q8_tensor_220w_none,3,100,11457,217.08,70,1770,9251,3,16
1784684303.545,real_q8_tensor_220w_none,0,100,11457,214.46,66,1845,9251,3,16
1784684303.545,real_q8_tensor_220w_none,1,100,11457,217.72,70,1755,9251,3,16
1784684303.545,real_q8_tensor_220w_none,2,100,11457,214.89,75,1800,9251,3,16
1784684303.545,real_q8_tensor_220w_none,3,100,11457,218.00,71,1770,9251,3,16
1784684304.142,real_q8_tensor_220w_none,0,100,11457,214.13,66,1845,9251,3,16
1784684304.142,real_q8_tensor_220w_none,1,100,11457,218.53,70,1755,9251,3,16
1784684304.142,real_q8_tensor_220w_none,2,100,11457,215.87,74,1800,9251,3,16
1784684304.142,real_q8_tensor_220w_none,3,100,11457,218.00,71,1785,9251,3,16
1784684304.718,real_q8_tensor_220w_none,0,100,11457,214.46,66,1845,9251,3,16
1784684304.718,real_q8_tensor_220w_none,1,100,11457,217.67,70,1755,9251,3,16
1784684304.718,real_q8_tensor_220w_none,2,100,11457,214.64,75,1800,9251,3,16
1784684304.718,real_q8_tensor_220w_none,3,100,11457,217.41,71,1770,9251,3,16
1784684305.313,real_q8_tensor_220w_none,0,100,11457,216.90,66,1845,9251,3,16
1784684305.313,real_q8_tensor_220w_none,1,100,11457,217.03,70,1845,9251,3,16
1784684305.313,real_q8_tensor_220w_none,2,100,11457,213.98,74,1875,9251,3,16
1784684305.313,real_q8_tensor_220w_none,3,100,11457,219.49,71,1875,9251,3,16
1784684305.891,real_q8_tensor_220w_none,0,100,11457,214.87,66,1845,9251,3,16
1784684305.891,real_q8_tensor_220w_none,1,100,11457,217.53,70,1755,9251,3,16
1784684305.891,real_q8_tensor_220w_none,2,100,11457,214.60,75,1815,9251,3,16
1784684305.891,real_q8_tensor_220w_none,3,100,11457,217.82,71,1770,9251,3,16
1784684306.522,real_q8_tensor_220w_none,0,100,11457,216.91,66,1845,9251,3,16
1784684306.522,real_q8_tensor_220w_none,1,100,11457,217.12,70,1740,9251,3,16
1784684306.522,real_q8_tensor_220w_none,2,100,11457,214.02,74,1785,9251,3,16
1784684306.522,real_q8_tensor_220w_none,3,100,11457,217.59,71,1770,9251,3,16
1784684307.099,real_q8_tensor_220w_none,0,100,11457,214.44,66,1845,9251,3,16
1784684307.099,real_q8_tensor_220w_none,1,100,11457,217.48,70,1740,9251,3,16
1784684307.099,real_q8_tensor_220w_none,2,100,11457,213.57,75,1800,9251,3,16
1784684307.099,real_q8_tensor_220w_none,3,100,11457,217.41,71,1785,9251,3,16
1784684307.674,real_q8_tensor_220w_none,0,100,11457,216.07,66,1890,9251,3,16
1784684307.674,real_q8_tensor_220w_none,1,100,11457,219.46,70,1845,9251,3,16
1784684307.674,real_q8_tensor_220w_none,2,100,11457,216.38,75,1800,9251,3,16
1784684307.674,real_q8_tensor_220w_none,3,100,11457,219.60,71,1860,9251,3,16
1784684308.247,real_q8_tensor_220w_none,0,100,11457,213.60,66,1845,9251,3,16
1784684308.247,real_q8_tensor_220w_none,1,100,11457,217.39,70,1740,9251,3,16
1784684308.247,real_q8_tensor_220w_none,2,100,11457,213.68,75,1800,9251,3,16
1784684308.247,real_q8_tensor_220w_none,3,100,11457,217.24,71,1770,9251,3,16
1784684308.820,real_q8_tensor_220w_none,0,100,11457,214.92,66,1830,9251,3,16
1784684308.820,real_q8_tensor_220w_none,1,100,11457,219.90,70,1770,9251,3,16
1784684308.820,real_q8_tensor_220w_none,2,100,11457,216.14,75,1785,9251,3,16
1784684308.820,real_q8_tensor_220w_none,3,100,11457,219.18,71,1770,9251,3,16
1784684309.409,real_q8_tensor_220w_none,0,75,11457,212.77,65,1830,9251,3,16
1784684309.409,real_q8_tensor_220w_none,1,98,11457,217.70,70,1755,9251,3,16
1784684309.409,real_q8_tensor_220w_none,2,100,11457,213.72,75,1785,9251,3,16
1784684309.409,real_q8_tensor_220w_none,3,100,11457,217.25,71,1785,9251,3,16
1784684310.000,real_q8_tensor_220w_none,0,75,11457,213.19,66,1845,9251,3,16
1784684310.000,real_q8_tensor_220w_none,1,98,11457,219.86,70,1740,9251,3,16
1784684310.000,real_q8_tensor_220w_none,2,100,11457,216.80,75,1800,9251,3,16
1784684310.000,real_q8_tensor_220w_none,3,100,11457,216.89,71,1770,9251,3,16
1784684310.574,real_q8_tensor_220w_none,0,75,11457,212.84,65,1830,9251,3,16
1784684310.574,real_q8_tensor_220w_none,1,86,11457,216.99,69,1740,9251,3,16
1784684310.574,real_q8_tensor_220w_none,2,87,11457,214.83,74,1785,9251,3,16
1784684310.574,real_q8_tensor_220w_none,3,75,11457,217.79,71,1770,9251,3,16
1784684311.165,real_q8_tensor_220w_none,0,75,11457,212.95,66,1830,9251,3,16
1784684311.165,real_q8_tensor_220w_none,1,86,11457,216.69,70,1740,9251,3,16
1784684311.165,real_q8_tensor_220w_none,2,87,11457,215.74,75,1770,9251,3,16
1784684311.165,real_q8_tensor_220w_none,3,75,11457,217.45,71,1755,9251,3,16
1784684311.741,real_q8_tensor_220w_none,0,74,11457,212.71,66,1905,9251,3,16
1784684311.741,real_q8_tensor_220w_none,1,100,11457,218.22,70,1875,9251,3,16
1784684311.741,real_q8_tensor_220w_none,2,100,11457,218.10,74,1875,9251,3,16
1784684311.741,real_q8_tensor_220w_none,3,73,11457,216.00,71,1890,9251,3,16
1784684312.317,real_q8_tensor_220w_none,0,74,11457,213.89,66,1830,9251,3,16
1784684312.317,real_q8_tensor_220w_none,1,100,11457,216.98,70,1740,9251,3,16
1784684312.317,real_q8_tensor_220w_none,2,100,11457,215.24,75,1785,9251,3,16
1784684312.317,real_q8_tensor_220w_none,3,73,11457,216.44,71,1755,9251,3,16
1784684312.930,real_q8_tensor_220w_none,0,90,11457,214.74,65,1830,9251,3,16
1784684312.930,real_q8_tensor_220w_none,1,100,11457,218.16,70,1860,9251,3,16
1784684312.930,real_q8_tensor_220w_none,2,100,11457,214.72,75,1875,9251,3,16
1784684312.930,real_q8_tensor_220w_none,3,86,11457,216.96,70,1875,9251,3,16
1784684313.550,real_q8_tensor_220w_none,0,90,11457,213.02,66,1830,9251,3,16
1784684313.550,real_q8_tensor_220w_none,1,100,11457,216.47,70,1740,9251,3,16
1784684313.550,real_q8_tensor_220w_none,2,100,11457,214.91,75,1770,9251,3,16
1784684313.550,real_q8_tensor_220w_none,3,86,11457,216.10,71,1785,9251,3,16
1784684314.124,real_q8_tensor_220w_none,0,100,11457,215.13,66,1830,9251,3,16
1784684314.124,real_q8_tensor_220w_none,1,100,11457,218.83,70,1755,9251,3,16
1784684314.124,real_q8_tensor_220w_none,2,100,11457,217.71,75,1770,9251,3,16
1784684314.124,real_q8_tensor_220w_none,3,100,11457,218.40,71,1740,9251,3,16
1784684314.710,real_q8_tensor_220w_none,0,100,11457,212.76,66,1845,9251,3,16
1784684314.710,real_q8_tensor_220w_none,1,100,11457,216.27,70,1725,9251,3,16
1784684314.710,real_q8_tensor_220w_none,2,86,11457,214.83,75,1785,9251,3,16
1784684314.710,real_q8_tensor_220w_none,3,86,11457,216.45,71,1770,9251,3,16
1784684315.290,real_q8_tensor_220w_none,0,100,11457,212.82,66,1830,9251,3,16
1784684315.290,real_q8_tensor_220w_none,1,92,11457,218.80,70,1740,9251,3,16
1784684315.290,real_q8_tensor_220w_none,2,100,11457,217.46,75,1770,9251,3,16
1784684315.290,real_q8_tensor_220w_none,3,100,11457,215.79,71,1755,9251,3,16
1784684315.864,real_q8_tensor_220w_none,0,100,11457,213.09,65,1800,9251,3,16
1784684315.864,real_q8_tensor_220w_none,1,70,11457,215.75,70,1755,9251,3,16
1784684315.864,real_q8_tensor_220w_none,2,100,11457,213.39,75,1785,9251,3,16
1784684315.864,real_q8_tensor_220w_none,3,100,11457,216.12,70,1770,9251,3,16
1784684316.465,real_q8_tensor_220w_none,0,100,11457,211.65,66,1845,9251,3,16
1784684316.465,real_q8_tensor_220w_none,1,70,11457,215.96,70,1740,9251,3,16
1784684316.465,real_q8_tensor_220w_none,2,100,11457,213.23,75,1800,9251,3,16
1784684316.465,real_q8_tensor_220w_none,3,100,11457,216.15,71,1755,9251,3,16
1784684317.062,real_q8_tensor_220w_none,0,100,11457,214.34,66,1860,9251,3,16
1784684317.062,real_q8_tensor_220w_none,1,80,11457,215.58,70,1740,9251,3,16
1784684317.062,real_q8_tensor_220w_none,2,100,11457,214.21,75,1830,9251,3,16
1784684317.062,real_q8_tensor_220w_none,3,100,11457,218.30,71,1740,9251,3,16
1784684317.656,real_q8_tensor_220w_none,0,100,11457,212.78,66,1830,9251,3,16
1784684317.656,real_q8_tensor_220w_none,1,80,11457,215.83,70,1755,9251,3,16
1784684317.656,real_q8_tensor_220w_none,2,79,11457,215.09,75,1755,9251,3,16
1784684317.656,real_q8_tensor_220w_none,3,100,11457,216.21,71,1740,9251,3,16
1784684318.230,real_q8_tensor_220w_none,0,99,11457,216.01,66,1815,9251,3,16
1784684318.230,real_q8_tensor_220w_none,1,100,11457,217.88,70,1725,9251,3,16
1784684318.230,real_q8_tensor_220w_none,2,86,11457,218.07,75,1755,9251,3,16
1784684318.230,real_q8_tensor_220w_none,3,100,11457,217.88,71,1770,9251,3,16
1784684318.833,real_q8_tensor_220w_none,0,71,11457,213.43,65,1800,9251,3,16
1784684318.833,real_q8_tensor_220w_none,1,100,11457,215.50,69,1695,9251,3,16
1784684318.833,real_q8_tensor_220w_none,2,71,11457,213.88,75,1755,9251,3,16
1784684318.833,real_q8_tensor_220w_none,3,72,11457,216.18,71,1740,9251,3,16
1784684319.411,real_q8_tensor_220w_none,0,71,11457,213.77,66,1815,9251,3,16
1784684319.411,real_q8_tensor_220w_none,1,100,11457,216.47,70,1710,9251,3,16
1784684319.411,real_q8_tensor_220w_none,2,71,11457,214.26,75,1770,9251,3,16
1784684319.411,real_q8_tensor_220w_none,3,72,11457,217.55,71,1770,9251,3,16
1784684320.003,real_q8_tensor_220w_none,0,79,11457,213.22,65,1905,9251,3,16
1784684320.003,real_q8_tensor_220w_none,1,100,11457,218.05,71,1740,9251,3,16
1784684320.003,real_q8_tensor_220w_none,2,100,11457,217.74,75,1875,9251,3,16
1784684320.003,real_q8_tensor_220w_none,3,72,11457,215.17,70,1740,9251,3,16
1784684320.642,real_q8_tensor_220w_none,0,79,11457,212.19,66,1830,9251,3,16
1784684320.642,real_q8_tensor_220w_none,1,100,11457,215.96,70,1740,9251,3,16
1784684320.642,real_q8_tensor_220w_none,2,100,11457,214.91,75,1785,9251,3,16
1784684320.642,real_q8_tensor_220w_none,3,72,11457,214.87,71,1740,9251,3,16
1784684321.232,real_q8_tensor_220w_none,0,100,11457,214.19,66,1830,9251,3,16
1784684321.232,real_q8_tensor_220w_none,1,100,11457,217.50,70,1755,9251,3,16
1784684321.232,real_q8_tensor_220w_none,2,100,11457,216.86,75,1740,9251,3,16
1784684321.232,real_q8_tensor_220w_none,3,100,11457,217.75,71,1740,9251,3,16
1784684321.825,real_q8_tensor_220w_none,0,100,11457,211.62,65,1815,9251,3,16
1784684321.825,real_q8_tensor_220w_none,1,71,11457,216.18,70,1710,9251,3,16
1784684321.825,real_q8_tensor_220w_none,2,100,11457,215.80,75,1770,9251,3,16
1784684321.825,real_q8_tensor_220w_none,3,100,11457,215.92,70,1770,9251,3,16
1784684322.398,real_q8_tensor_220w_none,0,100,11457,211.84,66,1815,9251,3,16
1784684322.398,real_q8_tensor_220w_none,1,71,11457,216.14,70,1725,9251,3,16
1784684322.398,real_q8_tensor_220w_none,2,100,11457,215.88,75,1755,9251,3,16
1784684322.398,real_q8_tensor_220w_none,3,100,11457,215.88,71,1740,9251,3,16
1784684322.971,real_q8_tensor_220w_none,0,100,11457,214.51,66,1845,9251,3,16
1784684322.971,real_q8_tensor_220w_none,1,96,11457,217.71,70,1710,9251,3,16
1784684322.971,real_q8_tensor_220w_none,2,100,11457,216.83,75,1740,9251,3,16
1784684322.971,real_q8_tensor_220w_none,3,100,11457,218.35,71,1710,9251,3,16
1784684323.555,real_q8_tensor_220w_none,0,82,11457,211.92,66,1800,9251,3,16
1784684323.555,real_q8_tensor_220w_none,1,96,11457,215.51,70,1710,9251,3,16
1784684323.555,real_q8_tensor_220w_none,2,70,11457,214.90,75,1755,9251,3,16
1784684323.555,real_q8_tensor_220w_none,3,88,11457,215.66,71,1770,9251,3,16
1784684324.132,real_q8_tensor_220w_none,0,82,11457,215.09,66,1800,9251,3,16
1784684324.132,real_q8_tensor_220w_none,1,100,11457,215.11,70,1725,9251,3,16
1784684324.132,real_q8_tensor_220w_none,2,70,11457,214.05,75,1740,9251,3,16
1784684324.132,real_q8_tensor_220w_none,3,88,11457,218.30,71,1725,9251,3,16
1784684324.708,real_q8_tensor_220w_none,0,82,11457,211.94,66,1860,9251,3,16
1784684324.708,real_q8_tensor_220w_none,1,100,11457,217.53,70,1860,9251,3,16
1784684324.708,real_q8_tensor_220w_none,2,100,11457,216.10,75,1830,9251,3,16
1784684324.708,real_q8_tensor_220w_none,3,78,11457,214.84,70,1875,9251,3,16
1784684325.322,real_q8_tensor_220w_none,0,82,11457,210.74,66,1800,9251,3,16
1784684325.322,real_q8_tensor_220w_none,1,100,11457,215.04,70,1725,9251,3,16
1784684325.322,real_q8_tensor_220w_none,2,100,11457,213.11,75,1755,9251,3,16
1784684325.322,real_q8_tensor_220w_none,3,78,11457,215.35,71,1770,9251,3,16
1784684325.913,real_q8_tensor_220w_none,0,100,11457,214.27,66,1800,9251,3,16
1784684325.913,real_q8_tensor_220w_none,1,100,11457,217.37,70,1755,9251,3,16
1784684325.913,real_q8_tensor_220w_none,2,100,11457,215.37,75,1755,9251,3,16
1784684325.913,real_q8_tensor_220w_none,3,100,11457,217.77,71,1755,9251,3,16
1784684326.504,real_q8_tensor_220w_none,0,100,11457,212.23,66,1785,9251,3,16
1784684326.504,real_q8_tensor_220w_none,1,73,11457,214.36,70,1650,9251,3,16
1784684326.504,real_q8_tensor_220w_none,2,100,11457,212.87,75,1740,9251,3,16
1784684326.504,real_q8_tensor_220w_none,3,100,11457,216.06,71,1665,9251,3,16
1784684327.104,real_q8_tensor_220w_none,0,100,11457,204.54,66,1800,9251,3,16
1784684327.104,real_q8_tensor_220w_none,1,73,11457,208.49,70,1755,9251,3,16
1784684327.104,real_q8_tensor_220w_none,2,100,11457,206.37,75,1740,9251,3,16
1784684327.104,real_q8_tensor_220w_none,3,100,11457,209.47,71,1755,9251,3,16
1784684327.678,real_q8_tensor_220w_none,0,100,11457,191.05,65,1785,9251,3,16
1784684327.678,real_q8_tensor_220w_none,1,94,11457,199.27,69,1680,9251,3,16
1784684327.678,real_q8_tensor_220w_none,2,100,11457,193.69,74,1740,9251,3,16
1784684327.678,real_q8_tensor_220w_none,3,47,11457,200.74,70,1695,9251,3,16
1784684328.279,real_q8_tensor_220w_none,0,94,11457,203.10,65,1785,9251,3,16
1784684328.279,real_q8_tensor_220w_none,1,94,11457,209.59,69,1695,9251,3,16
1784684328.279,real_q8_tensor_220w_none,2,94,11457,205.67,74,1740,9251,3,16
1784684328.279,real_q8_tensor_220w_none,3,94,11457,210.49,70,1695,9251,3,16
1784684328.857,real_q8_tensor_220w_none,0,94,11457,219.83,65,1785,9251,3,16
1784684328.857,real_q8_tensor_220w_none,1,94,11457,219.93,69,1680,9251,3,16
1784684328.857,real_q8_tensor_220w_none,2,94,11457,219.63,74,1725,9251,3,16
1784684328.857,real_q8_tensor_220w_none,3,94,11457,219.70,70,1710,9251,3,16
1784684329.448,real_q8_tensor_220w_none,0,94,11457,218.79,65,1740,9251,3,16
1784684329.448,real_q8_tensor_220w_none,1,94,11457,218.85,69,1620,9251,3,16
1784684329.448,real_q8_tensor_220w_none,2,94,11457,218.00,74,1680,9251,3,16
1784684329.448,real_q8_tensor_220w_none,3,94,11457,217.85,70,1650,9251,3,16
1784684330.046,real_q8_tensor_220w_none,0,94,11457,219.64,65,1785,9251,3,16
1784684330.046,real_q8_tensor_220w_none,1,94,11457,220.00,69,1695,9251,3,16
1784684330.046,real_q8_tensor_220w_none,2,94,11457,219.79,74,1740,9251,3,16
1784684330.046,real_q8_tensor_220w_none,3,94,11457,219.60,70,1710,9251,3,16
1784684330.672,real_q8_tensor_220w_none,0,94,11457,219.24,65,1815,9251,3,16
1784684330.672,real_q8_tensor_220w_none,1,94,11457,219.19,69,1740,9251,3,16
1784684330.672,real_q8_tensor_220w_none,2,90,11457,218.96,74,1770,9251,3,16
1784684330.672,real_q8_tensor_220w_none,3,93,11457,219.47,70,1710,9251,3,16
1784684331.274,real_q8_tensor_220w_none,0,93,11457,219.96,65,1770,9251,3,16
1784684331.274,real_q8_tensor_220w_none,1,94,11457,218.79,69,1665,9251,3,16
1784684331.274,real_q8_tensor_220w_none,2,88,11457,218.93,74,1710,9251,3,16
1784684331.274,real_q8_tensor_220w_none,3,93,11457,219.79,70,1695,9251,3,16
1784684331.845,real_q8_tensor_220w_none,0,94,11457,211.84,65,1785,9251,3,16
1784684331.845,real_q8_tensor_220w_none,1,94,11457,215.88,69,1710,9251,3,16
1784684331.845,real_q8_tensor_220w_none,2,94,11457,213.53,74,1740,9251,3,16
1784684331.845,real_q8_tensor_220w_none,3,93,11457,214.72,70,1710,9251,3,16
1784684332.440,real_q8_tensor_220w_none,0,94,11457,214.47,65,1770,9251,3,16
1784684332.440,real_q8_tensor_220w_none,1,94,11457,214.13,69,1680,9251,3,16
1784684332.440,real_q8_tensor_220w_none,2,94,11457,212.49,74,1710,9251,3,16
1784684332.440,real_q8_tensor_220w_none,3,93,11457,217.22,69,1695,9251,3,16
1784684333.034,real_q8_tensor_220w_none,0,1,11457,197.86,63,1920,9251,3,16
1784684333.034,real_q8_tensor_220w_none,1,94,11457,204.86,67,1905,9251,3,16
1784684333.034,real_q8_tensor_220w_none,2,0,11457,203.17,72,1890,9251,3,16
1784684333.034,real_q8_tensor_220w_none,3,6,11457,201.48,68,1920,9251,3,16
1784684333.626,real_q8_tensor_220w_none,0,1,11457,197.54,65,1875,9251,3,16
1784684333.626,real_q8_tensor_220w_none,1,100,11457,203.68,70,1785,9251,3,16
1784684333.626,real_q8_tensor_220w_none,2,0,11457,199.34,75,1830,9251,3,16
1784684333.626,real_q8_tensor_220w_none,3,6,11457,202.54,70,1830,9251,3,16
1784684334.204,real_q8_tensor_220w_none,0,90,11457,215.03,65,1860,9251,3,16
1784684334.204,real_q8_tensor_220w_none,1,90,11457,217.93,70,1785,9251,3,16
1784684334.204,real_q8_tensor_220w_none,2,79,11457,215.32,74,1815,9251,3,16
1784684334.204,real_q8_tensor_220w_none,3,94,11457,216.62,70,1815,9251,3,16
1784684334.807,real_q8_tensor_220w_none,0,90,11457,215.24,66,1860,9251,3,16
1784684334.807,real_q8_tensor_220w_none,1,100,11457,217.79,70,1770,9251,3,16
1784684334.807,real_q8_tensor_220w_none,2,79,11457,215.68,75,1815,9251,3,16
1784684334.807,real_q8_tensor_220w_none,3,94,11457,216.83,71,1800,9251,3,16
1784684335.383,real_q8_tensor_220w_none,0,82,11457,214.88,66,1875,9251,3,16
1784684335.383,real_q8_tensor_220w_none,1,91,11457,218.28,70,1770,9251,3,16
1784684335.383,real_q8_tensor_220w_none,2,100,11457,215.34,75,1830,9251,3,16
1784684335.383,real_q8_tensor_220w_none,3,87,11457,217.04,71,1815,9251,3,16
1784684335.984,real_q8_tensor_220w_none,0,82,11457,215.08,66,1860,9251,3,16
1784684335.984,real_q8_tensor_220w_none,1,83,11457,218.85,70,1845,9251,3,16
1784684335.984,real_q8_tensor_220w_none,2,100,11457,215.91,75,1815,9251,3,16
1784684335.984,real_q8_tensor_220w_none,3,87,11457,216.84,71,1860,9251,3,16
1784684336.560,real_q8_tensor_220w_none,0,100,11457,214.95,66,1875,9251,3,16
1784684336.560,real_q8_tensor_220w_none,1,83,11457,218.20,70,1785,9251,3,16
1784684336.560,real_q8_tensor_220w_none,2,100,11457,215.60,75,1815,9251,3,16
1784684336.560,real_q8_tensor_220w_none,3,100,11457,216.71,71,1800,9251,3,16
1784684337.154,real_q8_tensor_220w_none,0,100,11457,214.27,65,1860,9251,3,16
1784684337.154,real_q8_tensor_220w_none,1,81,11457,218.07,70,1785,9251,3,16
1784684337.154,real_q8_tensor_220w_none,2,100,11457,215.61,74,1815,9251,3,16
1784684337.154,real_q8_tensor_220w_none,3,100,11457,217.67,71,1785,9251,3,16
1784684337.755,real_q8_tensor_220w_none,0,100,11457,213.80,66,1860,9251,3,16
1784684337.755,real_q8_tensor_220w_none,1,100,11457,217.74,70,1785,9251,3,16
1784684337.755,real_q8_tensor_220w_none,2,100,11457,215.27,75,1815,9251,3,16
1784684337.755,real_q8_tensor_220w_none,3,100,11457,218.37,71,1800,9251,3,16
1784684338.350,real_q8_tensor_220w_none,0,100,11457,214.21,66,1845,9251,3,16
1784684338.350,real_q8_tensor_220w_none,1,80,11457,217.57,70,1785,9251,3,16
1784684338.350,real_q8_tensor_220w_none,2,100,11457,215.05,75,1815,9251,3,16
1784684338.350,real_q8_tensor_220w_none,3,100,11457,218.22,71,1755,9251,3,16
1784684338.941,real_q8_tensor_220w_none,0,100,11457,214.32,66,1860,9251,3,16
1784684338.941,real_q8_tensor_220w_none,1,80,11457,217.79,70,1770,9251,3,16
1784684338.941,real_q8_tensor_220w_none,2,100,11457,215.04,75,1815,9251,3,16
1784684338.941,real_q8_tensor_220w_none,3,100,11457,218.31,71,1800,9251,3,16
1784684339.526,real_q8_tensor_220w_none,0,100,11457,214.30,66,1845,9251,3,16
1784684339.526,real_q8_tensor_220w_none,1,100,11457,218.06,70,1770,9251,3,16
1784684339.526,real_q8_tensor_220w_none,2,100,11457,214.88,75,1815,9251,3,16
1784684339.526,real_q8_tensor_220w_none,3,100,11457,218.54,71,1770,9251,3,16
1784684340.102,real_q8_tensor_220w_none,0,100,11457,214.26,66,1860,9251,3,16
1784684340.102,real_q8_tensor_220w_none,1,100,11457,219.26,70,1815,9251,3,16
1784684340.102,real_q8_tensor_220w_none,2,100,11457,217.03,75,1815,9251,3,16
1784684340.102,real_q8_tensor_220w_none,3,100,11457,218.51,71,1830,9251,3,16
1784684340.670,real_q8_tensor_220w_none,0,100,11457,214.25,66,1860,9251,3,16
1784684340.670,real_q8_tensor_220w_none,1,100,11457,218.01,70,1770,9251,3,16
1784684340.670,real_q8_tensor_220w_none,2,100,11457,216.00,75,1815,9251,3,16
1784684340.670,real_q8_tensor_220w_none,3,90,11457,218.19,71,1800,9251,3,16
1784684341.273,real_q8_tensor_220w_none,0,100,11457,216.40,66,1845,9251,3,16
1784684341.273,real_q8_tensor_220w_none,1,100,11457,218.19,70,1770,9251,3,16
1784684341.273,real_q8_tensor_220w_none,2,79,11457,216.07,75,1815,9251,3,16
1784684341.273,real_q8_tensor_220w_none,3,100,11457,220.35,70,1785,9251,3,16
1784684341.875,real_q8_tensor_220w_none,0,100,11457,213.70,66,1845,9251,3,16
1784684341.875,real_q8_tensor_220w_none,1,100,11457,217.86,70,1770,9251,3,16
1784684341.875,real_q8_tensor_220w_none,2,79,11457,216.46,75,1815,9251,3,16
1784684341.875,real_q8_tensor_220w_none,3,100,11457,218.23,71,1785,9251,3,16
1784684342.450,real_q8_tensor_220w_none,0,79,11457,213.64,65,1845,9251,3,16
1784684342.450,real_q8_tensor_220w_none,1,100,11457,219.82,69,1755,9251,3,16
1784684342.450,real_q8_tensor_220w_none,2,97,11457,217.77,74,1815,9251,3,16
1784684342.450,real_q8_tensor_220w_none,3,79,11457,217.96,71,1800,9251,3,16
1784684343.029,real_q8_tensor_220w_none,0,79,11457,214.72,66,1845,9251,3,16
1784684343.029,real_q8_tensor_220w_none,1,100,11457,218.36,70,1770,9251,3,16
1784684343.029,real_q8_tensor_220w_none,2,97,11457,216.15,75,1815,9251,3,16
1784684343.029,real_q8_tensor_220w_none,3,79,11457,218.52,71,1770,9251,3,16
1784684343.643,real_q8_tensor_220w_none,0,78,11457,213.44,66,1845,9251,3,16
1784684343.643,real_q8_tensor_220w_none,1,100,11457,218.41,70,1755,9251,3,16
1784684343.643,real_q8_tensor_220w_none,2,78,11457,216.21,75,1800,9251,3,16
1784684343.643,real_q8_tensor_220w_none,3,79,11457,218.32,71,1770,9251,3,16
1784684344.243,real_q8_tensor_220w_none,0,92,11457,212.84,66,1845,9251,3,16
1784684344.243,real_q8_tensor_220w_none,1,100,11457,218.18,70,1770,9251,3,16
1784684344.243,real_q8_tensor_220w_none,2,89,11457,218.16,75,1800,9251,3,16
1784684344.243,real_q8_tensor_220w_none,3,100,11457,218.48,71,1770,9251,3,16
1784684344.841,real_q8_tensor_220w_none,0,100,11457,213.40,66,1860,9251,3,16
1784684344.841,real_q8_tensor_220w_none,1,100,11457,218.07,70,1770,9251,3,16
1784684344.841,real_q8_tensor_220w_none,2,78,11457,215.69,75,1800,9251,3,16
1784684344.841,real_q8_tensor_220w_none,3,100,11457,218.39,71,1785,9251,3,16
1784684345.438,real_q8_tensor_220w_none,0,100,11457,215.51,66,1845,9251,3,16
1784684345.438,real_q8_tensor_220w_none,1,100,11457,217.99,70,1755,9251,3,16
1784684345.438,real_q8_tensor_220w_none,2,78,11457,216.48,75,1800,9251,3,16
1784684345.438,real_q8_tensor_220w_none,3,100,11457,220.45,71,1770,9251,3,16
1784684346.021,real_q8_tensor_220w_none,0,100,11457,213.48,66,1845,9251,3,16
1784684346.021,real_q8_tensor_220w_none,1,89,11457,217.82,70,1755,9251,3,16
1784684346.021,real_q8_tensor_220w_none,2,100,11457,216.17,75,1800,9251,3,16
1784684346.021,real_q8_tensor_220w_none,3,100,11457,217.99,71,1785,9251,3,16
1784684346.599,real_q8_tensor_220w_none,0,100,11457,215.44,66,1860,9251,3,16
1784684346.599,real_q8_tensor_220w_none,1,100,11457,218.86,70,1770,9251,3,16
1784684346.599,real_q8_tensor_220w_none,2,100,11457,216.94,75,1815,9251,3,16
1784684346.599,real_q8_tensor_220w_none,3,100,11457,219.52,71,1785,9251,3,16
1784684347.192,real_q8_tensor_220w_none,0,78,11457,213.71,66,1860,9251,3,16
1784684347.192,real_q8_tensor_220w_none,1,100,11457,217.78,70,1755,9251,3,16
1784684347.192,real_q8_tensor_220w_none,2,100,11457,215.60,75,1815,9251,3,16
1784684347.192,real_q8_tensor_220w_none,3,100,11457,217.89,71,1785,9251,3,16
1784684347.792,real_q8_tensor_220w_none,0,78,11457,213.79,66,1845,9251,3,16
1784684347.792,real_q8_tensor_220w_none,1,100,11457,219.54,70,1770,9251,3,16
1784684347.792,real_q8_tensor_220w_none,2,100,11457,217.22,75,1800,9251,3,16
1784684347.792,real_q8_tensor_220w_none,3,100,11457,218.00,71,1785,9251,3,16
1784684348.363,real_q8_tensor_220w_none,0,96,11457,213.58,66,1830,9251,3,16
1784684348.363,real_q8_tensor_220w_none,1,77,11457,217.48,70,1770,9251,3,16
1784684348.363,real_q8_tensor_220w_none,2,77,11457,215.29,75,1800,9251,3,16
1784684348.363,real_q8_tensor_220w_none,3,100,11457,217.95,71,1785,9251,3,16
1784684348.937,real_q8_tensor_220w_none,0,96,11457,214.69,66,1845,9251,3,16
1784684348.937,real_q8_tensor_220w_none,1,77,11457,216.94,70,1770,9251,3,16
1784684348.937,real_q8_tensor_220w_none,2,77,11457,215.67,75,1800,9251,3,16
1784684348.937,real_q8_tensor_220w_none,3,100,11457,219.10,71,1770,9251,3,16
1784684349.512,real_q8_tensor_220w_none,0,76,11457,213.00,66,1845,9251,3,16
1784684349.512,real_q8_tensor_220w_none,1,76,11457,217.53,70,1770,9251,3,16
1784684349.512,real_q8_tensor_220w_none,2,77,11457,215.65,75,1785,9251,3,16
1784684349.512,real_q8_tensor_220w_none,3,100,11457,217.87,71,1770,9251,3,16
1784684350.088,real_q8_tensor_220w_none,0,76,11457,214.36,66,1845,9251,3,16
1784684350.088,real_q8_tensor_220w_none,1,76,11457,217.52,70,1755,9251,3,16
1784684350.088,real_q8_tensor_220w_none,2,77,11457,215.05,75,1800,9251,3,16
1784684350.088,real_q8_tensor_220w_none,3,100,11457,219.95,71,1770,9251,3,16
1784684350.683,real_q8_tensor_220w_none,0,75,11457,213.86,66,1845,9251,3,16
1784684350.683,real_q8_tensor_220w_none,1,78,11457,217.88,70,1740,9251,3,16
1784684350.683,real_q8_tensor_220w_none,2,78,11457,214.65,75,1785,9251,3,16
1784684350.683,real_q8_tensor_220w_none,3,76,11457,217.48,71,1770,9251,3,16
1784684351.283,real_q8_tensor_220w_none,0,88,11457,213.85,66,1845,9251,3,16
1784684351.283,real_q8_tensor_220w_none,1,89,11457,217.18,70,1770,9251,3,16
1784684351.283,real_q8_tensor_220w_none,2,78,11457,214.50,75,1800,9251,3,16
1784684351.283,real_q8_tensor_220w_none,3,76,11457,218.01,71,1785,9251,3,16
1784684351.860,real_q8_tensor_220w_none,0,74,11457,212.77,66,1830,9251,3,16
1784684351.860,real_q8_tensor_220w_none,1,78,11457,217.01,70,1740,9251,3,16
1784684351.860,real_q8_tensor_220w_none,2,78,11457,214.80,74,1785,9251,3,16
1784684351.860,real_q8_tensor_220w_none,3,74,11457,217.29,71,1770,9251,3,16
1784684352.470,real_q8_tensor_220w_none,0,74,11457,213.32,66,1830,9251,3,16
1784684352.470,real_q8_tensor_220w_none,1,78,11457,217.05,70,1740,9251,3,16
1784684352.470,real_q8_tensor_220w_none,2,78,11457,214.74,75,1785,9251,3,16
1784684352.470,real_q8_tensor_220w_none,3,74,11457,216.47,71,1890,9251,3,16
1784684353.086,real_q8_tensor_220w_none,0,72,11457,211.95,66,1845,9251,3,16
1784684353.086,real_q8_tensor_220w_none,1,73,11457,216.04,70,1740,9251,3,16
1784684353.086,real_q8_tensor_220w_none,2,74,11457,213.98,75,1785,9251,3,16
1784684353.086,real_q8_tensor_220w_none,3,74,11457,216.60,71,1770,9251,3,16
1784684353.676,real_q8_tensor_220w_none,0,100,11457,212.50,66,1830,9251,3,16
1784684353.676,real_q8_tensor_220w_none,1,100,11457,216.77,70,1740,9251,3,16
1784684353.676,real_q8_tensor_220w_none,2,100,11457,214.17,75,1800,9251,3,16
1784684353.676,real_q8_tensor_220w_none,3,100,11457,216.83,71,1770,9251,3,16
1784684354.275,real_q8_tensor_220w_none,0,100,11457,213.42,65,1830,9251,3,16
1784684354.275,real_q8_tensor_220w_none,1,100,11457,216.64,70,1755,9251,3,16
1784684354.275,real_q8_tensor_220w_none,2,87,11457,214.26,75,1785,9251,3,16
1784684354.275,real_q8_tensor_220w_none,3,100,11457,216.98,70,1770,9251,3,16
1784684354.880,real_q8_tensor_220w_none,0,100,11457,212.81,66,1830,9251,3,16
1784684354.880,real_q8_tensor_220w_none,1,100,11457,216.34,70,1755,9251,3,16
1784684354.880,real_q8_tensor_220w_none,2,100,11457,214.22,75,1800,9251,3,16
1784684354.880,real_q8_tensor_220w_none,3,100,11457,217.34,71,1755,9251,3,16
1784684355.473,real_q8_tensor_220w_none,0,100,11457,215.08,65,1905,9251,3,16
1784684355.473,real_q8_tensor_220w_none,1,100,11457,216.58,70,1725,9251,3,16
1784684355.473,real_q8_tensor_220w_none,2,100,11457,214.33,75,1875,9251,3,16
1784684355.473,real_q8_tensor_220w_none,3,100,11457,218.13,70,1770,9251,3,16
1784684356.050,real_q8_tensor_220w_none,0,100,11457,212.45,66,1845,9251,3,16
1784684356.050,real_q8_tensor_220w_none,1,100,11457,216.74,70,1740,9251,3,16
1784684356.050,real_q8_tensor_220w_none,2,100,11457,214.89,75,1770,9251,3,16
1784684356.050,real_q8_tensor_220w_none,3,100,11457,217.02,71,1755,9251,3,16
1784684356.646,real_q8_tensor_220w_none,0,100,11457,214.69,66,1890,9251,3,16
1784684356.646,real_q8_tensor_220w_none,1,100,11457,216.33,70,1800,9251,3,16
1784684356.646,real_q8_tensor_220w_none,2,87,11457,215.46,75,1845,9251,3,16
1784684356.646,real_q8_tensor_220w_none,3,100,11457,219.06,71,1860,9251,3,16
1784684357.248,real_q8_tensor_220w_none,0,100,11457,212.22,66,1830,9251,3,16
1784684357.248,real_q8_tensor_220w_none,1,89,11457,216.67,70,1740,9251,3,16
1784684357.248,real_q8_tensor_220w_none,2,91,11457,216.33,75,1755,9251,3,16
1784684357.248,real_q8_tensor_220w_none,3,100,11457,216.76,71,1770,9251,3,16
1784684357.822,real_q8_tensor_220w_none,0,100,11457,214.30,66,1830,9251,3,16
1784684357.822,real_q8_tensor_220w_none,1,89,11457,219.43,70,1740,9251,3,16
1784684357.822,real_q8_tensor_220w_none,2,91,11457,218.96,75,1800,9251,3,16
1784684357.822,real_q8_tensor_220w_none,3,100,11457,217.90,71,1755,9251,3,16
1784684358.396,real_q8_tensor_220w_none,0,74,11457,211.95,65,1845,9251,3,16
1784684358.396,real_q8_tensor_220w_none,1,74,11457,217.41,70,1725,9251,3,16
1784684358.396,real_q8_tensor_220w_none,2,73,11457,216.12,75,1770,9251,3,16
1784684358.396,real_q8_tensor_220w_none,3,73,11457,215.81,70,1755,9251,3,16
1784684358.974,real_q8_tensor_220w_none,0,74,11457,212.77,66,1830,9251,3,16
1784684358.974,real_q8_tensor_220w_none,1,74,11457,216.90,71,1725,9251,3,16
1784684358.974,real_q8_tensor_220w_none,2,73,11457,215.89,75,1770,9251,3,16
1784684358.974,real_q8_tensor_220w_none,3,73,11457,216.55,71,1740,9251,3,16
1784684359.575,real_q8_tensor_220w_none,0,100,11457,213.91,66,1905,9251,3,16
1784684359.575,real_q8_tensor_220w_none,1,72,11457,215.33,70,1875,9251,3,16
1784684359.575,real_q8_tensor_220w_none,2,71,11457,214.76,75,1875,9251,3,16
1784684359.575,real_q8_tensor_220w_none,3,100,11457,218.15,71,1890,9251,3,16
1784684360.155,real_q8_tensor_220w_none,0,100,11457,211.74,66,1830,9251,3,16
1784684360.155,real_q8_tensor_220w_none,1,72,11457,216.49,70,1755,9251,3,16
1784684360.155,real_q8_tensor_220w_none,2,71,11457,214.05,75,1755,9251,3,16
1784684360.155,real_q8_tensor_220w_none,3,100,11457,216.85,71,1740,9251,3,16
1784684360.729,real_q8_tensor_220w_none,0,100,11457,213.61,66,1815,9251,3,16
1784684360.729,real_q8_tensor_220w_none,1,100,11457,219.22,70,1725,9251,3,16
1784684360.729,real_q8_tensor_220w_none,2,100,11457,216.00,76,1785,9251,3,16
1784684360.729,real_q8_tensor_220w_none,3,100,11457,218.52,71,1740,9251,3,16
1784684361.319,real_q8_tensor_220w_none,0,100,11457,212.19,65,1815,9251,3,16
1784684361.319,real_q8_tensor_220w_none,1,100,11457,215.39,70,1755,9251,3,16
1784684361.319,real_q8_tensor_220w_none,2,100,11457,214.69,75,1770,9251,3,16
1784684361.319,real_q8_tensor_220w_none,3,100,11457,215.23,70,1770,9251,3,16
1784684361.896,real_q8_tensor_220w_none,0,100,11457,215.42,66,1800,9251,3,16
1784684361.896,real_q8_tensor_220w_none,1,100,11457,214.69,70,1725,9251,3,16
1784684361.896,real_q8_tensor_220w_none,2,100,11457,214.32,75,1800,9251,3,16
1784684361.896,real_q8_tensor_220w_none,3,100,11457,217.65,71,1755,9251,3,16
1784684362.488,real_q8_tensor_220w_none,0,100,11457,214.19,66,1920,9251,3,16
1784684362.488,real_q8_tensor_220w_none,1,100,11457,215.42,70,1875,9251,3,16
1784684362.488,real_q8_tensor_220w_none,2,100,11457,213.84,74,1860,9251,3,16
1784684362.488,real_q8_tensor_220w_none,3,100,11457,216.18,71,1890,9251,3,16
1784684363.081,real_q8_tensor_220w_none,0,100,11457,212.30,66,1815,9251,3,16
1784684363.081,real_q8_tensor_220w_none,1,100,11457,216.20,70,1710,9251,3,16
1784684363.081,real_q8_tensor_220w_none,2,100,11457,214.89,75,1785,9251,3,16
1784684363.081,real_q8_tensor_220w_none,3,100,11457,216.49,71,1755,9251,3,16
1784684363.657,real_q8_tensor_220w_none,0,100,11457,214.86,66,1830,9251,3,16
1784684363.657,real_q8_tensor_220w_none,1,100,11457,218.00,70,1725,9251,3,16
1784684363.657,real_q8_tensor_220w_none,2,100,11457,217.30,75,1770,9251,3,16
1784684363.657,real_q8_tensor_220w_none,3,100,11457,217.83,71,1755,9251,3,16
1784684364.251,real_q8_tensor_220w_none,0,71,11457,211.55,66,1830,9251,3,16
1784684364.251,real_q8_tensor_220w_none,1,100,11457,215.28,69,1725,9251,3,16
1784684364.251,real_q8_tensor_220w_none,2,100,11457,215.33,75,1800,9251,3,16
1784684364.251,real_q8_tensor_220w_none,3,71,11457,215.10,71,1740,9251,3,16
1784684364.845,real_q8_tensor_220w_none,0,71,11457,210.83,66,1815,9251,3,16
1784684364.845,real_q8_tensor_220w_none,1,100,11457,216.79,70,1740,9251,3,16
1784684364.845,real_q8_tensor_220w_none,2,100,11457,217.08,75,1770,9251,3,16
1784684364.845,real_q8_tensor_220w_none,3,71,11457,215.31,71,1770,9251,3,16
1784684365.437,real_q8_tensor_220w_none,0,92,11457,212.07,65,1905,9251,3,16
1784684365.437,real_q8_tensor_220w_none,1,100,11457,217.39,71,1860,9251,3,16
1784684365.437,real_q8_tensor_220w_none,2,100,11457,215.84,76,1875,9251,3,16
1784684365.437,real_q8_tensor_220w_none,3,85,11457,216.04,70,1890,9251,3,16
1784684366.029,real_q8_tensor_220w_none,0,92,11457,211.52,66,1815,9251,3,16
1784684366.029,real_q8_tensor_220w_none,1,100,11457,216.47,70,1755,9251,3,16
1784684366.029,real_q8_tensor_220w_none,2,100,11457,213.98,75,1755,9251,3,16
1784684366.029,real_q8_tensor_220w_none,3,85,11457,215.86,71,1770,9251,3,16
1784684366.636,real_q8_tensor_220w_none,0,100,11457,213.80,66,1800,9251,3,16
1784684366.636,real_q8_tensor_220w_none,1,100,11457,217.48,70,1755,9251,3,16
1784684366.636,real_q8_tensor_220w_none,2,100,11457,216.26,76,1755,9251,3,16
1784684366.636,real_q8_tensor_220w_none,3,100,11457,217.80,71,1755,9251,3,16
1784684367.226,real_q8_tensor_220w_none,0,98,11457,211.71,66,1830,9251,3,16
1784684367.226,real_q8_tensor_220w_none,1,85,11457,215.27,70,1725,9251,3,16
1784684367.226,real_q8_tensor_220w_none,2,100,11457,214.43,75,1785,9251,3,16
1784684367.226,real_q8_tensor_220w_none,3,85,11457,215.82,71,1740,9251,3,16
1784684367.829,real_q8_tensor_220w_none,0,100,11457,214.54,66,1815,9251,3,16
1784684367.829,real_q8_tensor_220w_none,1,100,11457,215.38,70,1740,9251,3,16
1784684367.829,real_q8_tensor_220w_none,2,100,11457,214.98,75,1755,9251,3,16
1784684367.829,real_q8_tensor_220w_none,3,100,11457,219.07,71,1740,9251,3,16
1784684368.404,real_q8_tensor_220w_none,0,100,11457,212.34,65,1890,9251,3,16
1784684368.404,real_q8_tensor_220w_none,1,100,11457,217.33,70,1830,9251,3,16
1784684368.404,real_q8_tensor_220w_none,2,100,11457,216.52,76,1830,9251,3,16
1784684368.404,real_q8_tensor_220w_none,3,100,11457,215.50,70,1890,9251,3,16
1784684369.015,real_q8_tensor_220w_none,0,100,11457,211.10,66,1815,9251,3,16
1784684369.015,real_q8_tensor_220w_none,1,100,11457,214.90,70,1725,9251,3,16
1784684369.015,real_q8_tensor_220w_none,2,100,11457,214.09,76,1755,9251,3,16
1784684369.015,real_q8_tensor_220w_none,3,100,11457,215.27,71,1725,9251,3,16
1784684369.591,real_q8_tensor_220w_none,0,100,11457,212.26,66,1800,9251,3,16
1784684369.591,real_q8_tensor_220w_none,1,100,11457,217.10,70,1755,9251,3,16
1784684369.591,real_q8_tensor_220w_none,2,100,11457,216.55,75,1755,9251,3,16
1784684369.591,real_q8_tensor_220w_none,3,100,11457,217.76,71,1770,9251,3,16
1784684370.183,real_q8_tensor_220w_none,0,100,11457,213.34,66,1905,9251,3,16
1784684370.183,real_q8_tensor_220w_none,1,69,11457,213.76,70,1875,9251,3,16
1784684370.183,real_q8_tensor_220w_none,2,68,11457,212.62,76,1860,9251,3,16
1784684370.183,real_q8_tensor_220w_none,3,100,11457,217.75,71,1890,9251,3,16
1784684370.759,real_q8_tensor_220w_none,0,87,11457,211.62,66,1785,9251,3,16
1784684370.759,real_q8_tensor_220w_none,1,96,11457,215.45,70,1695,9251,3,16
1784684370.759,real_q8_tensor_220w_none,2,87,11457,214.28,75,1740,9251,3,16
1784684370.759,real_q8_tensor_220w_none,3,87,11457,215.65,71,1710,9251,3,16
1784684371.342,real_q8_tensor_220w_none,0,100,11457,206.27,66,1830,9251,3,16
1784684371.342,real_q8_tensor_220w_none,1,100,11457,211.87,70,1725,9251,3,16
1784684371.342,real_q8_tensor_220w_none,2,100,11457,209.42,75,1755,9251,3,16
1784684371.342,real_q8_tensor_220w_none,3,100,11457,211.77,71,1740,9251,3,16
1784684371.954,real_q8_tensor_220w_none,0,100,11457,193.98,65,1785,9251,3,16
1784684371.954,real_q8_tensor_220w_none,1,100,11457,203.42,69,1695,9251,3,16
1784684371.954,real_q8_tensor_220w_none,2,100,11457,199.20,74,1740,9251,3,16
1784684371.954,real_q8_tensor_220w_none,3,100,11457,203.14,70,1695,9251,3,16
1784684372.549,real_q8_tensor_220w_none,0,94,11457,209.21,65,1695,9251,3,16
1784684372.549,real_q8_tensor_220w_none,1,94,11457,211.68,69,1590,9251,3,16
1784684372.549,real_q8_tensor_220w_none,2,94,11457,209.17,74,1620,9251,3,16
1784684372.549,real_q8_tensor_220w_none,3,94,11457,213.86,70,1605,9251,3,16
1784684373.126,real_q8_tensor_220w_none,0,94,11457,219.53,65,1785,9251,3,16
1784684373.126,real_q8_tensor_220w_none,1,94,11457,220.05,69,1695,9251,3,16
1784684373.126,real_q8_tensor_220w_none,2,94,11457,219.77,74,1740,9251,3,16
1784684373.126,real_q8_tensor_220w_none,3,94,11457,219.73,70,1710,9251,3,16
1784684373.724,real_q8_tensor_220w_none,0,94,11457,219.16,65,1770,9251,3,16
1784684373.724,real_q8_tensor_220w_none,1,94,11457,219.40,69,1680,9251,3,16
1784684373.724,real_q8_tensor_220w_none,2,94,11457,219.19,74,1710,9251,3,16
1784684373.724,real_q8_tensor_220w_none,3,94,11457,219.75,70,1695,9251,3,16
1784684374.301,real_q8_tensor_220w_none,0,94,11457,219.46,65,1785,9251,3,16
1784684374.301,real_q8_tensor_220w_none,1,94,11457,219.98,69,1665,9251,3,16
1784684374.301,real_q8_tensor_220w_none,2,94,11457,219.75,74,1740,9251,3,16
1784684374.301,real_q8_tensor_220w_none,3,94,11457,219.38,70,1710,9251,3,16
1784684374.900,real_q8_tensor_220w_none,0,94,11457,219.66,65,1770,9251,3,16
1784684374.900,real_q8_tensor_220w_none,1,94,11457,220.00,69,1695,9251,3,16
1784684374.900,real_q8_tensor_220w_none,2,94,11457,219.63,74,1725,9251,3,16
1784684374.900,real_q8_tensor_220w_none,3,94,11457,219.71,70,1695,9251,3,16
1784684375.473,real_q8_tensor_220w_none,0,94,11457,216.07,64,1920,9251,3,16
1784684375.473,real_q8_tensor_220w_none,1,94,11457,214.57,68,1905,9251,3,16
1784684375.473,real_q8_tensor_220w_none,2,94,11457,213.76,73,1890,9251,3,16
1784684375.473,real_q8_tensor_220w_none,3,94,11457,215.99,69,1920,9251,3,16
1784684376.066,real_q8_tensor_220w_none,0,94,11457,213.77,65,1785,9251,3,16
1784684376.066,real_q8_tensor_220w_none,1,95,11457,216.82,69,1695,9251,3,16
1784684376.066,real_q8_tensor_220w_none,2,94,11457,214.88,74,1740,9251,3,16
1784684376.066,real_q8_tensor_220w_none,3,94,11457,216.62,70,1710,9251,3,16
1784684376.642,real_q8_tensor_220w_none,0,94,11457,219.84,65,1770,9251,3,16
1784684376.642,real_q8_tensor_220w_none,1,95,11457,219.98,69,1695,9251,3,16
1784684376.642,real_q8_tensor_220w_none,2,94,11457,219.41,74,1725,9251,3,16
1784684376.642,real_q8_tensor_220w_none,3,94,11457,221.12,70,1695,9251,3,16
1784684377.238,real_q8_tensor_220w_none,0,95,11457,195.67,65,1875,9251,3,16
1784684377.238,real_q8_tensor_220w_none,1,51,11457,200.99,68,1800,9251,3,16
1784684377.238,real_q8_tensor_220w_none,2,52,11457,197.37,73,1830,9251,3,16
1784684377.238,real_q8_tensor_220w_none,3,99,11457,200.80,69,1815,9251,3,16
1784684377.829,real_q8_tensor_220w_none,0,95,11457,195.59,66,1860,9251,3,16
1784684377.829,real_q8_tensor_220w_none,1,51,11457,202.42,70,1800,9251,3,16
1784684377.829,real_q8_tensor_220w_none,2,52,11457,197.56,75,1815,9251,3,16
1784684377.829,real_q8_tensor_220w_none,3,99,11457,201.66,70,1815,9251,3,16
1784684378.398,real_q8_tensor_220w_none,0,100,11457,214.47,66,1875,9251,3,16
1784684378.398,real_q8_tensor_220w_none,1,100,11457,218.23,70,1785,9251,3,16
1784684378.398,real_q8_tensor_220w_none,2,100,11457,214.56,75,1815,9251,3,16
1784684378.398,real_q8_tensor_220w_none,3,100,11457,216.91,70,1800,9251,3,16
1784684378.999,real_q8_tensor_220w_none,0,100,11457,214.56,66,1860,9251,3,16
1784684378.999,real_q8_tensor_220w_none,1,100,11457,217.79,69,1845,9251,3,16
1784684378.999,real_q8_tensor_220w_none,2,100,11457,214.73,74,1875,9251,3,16
1784684378.999,real_q8_tensor_220w_none,3,100,11457,216.62,71,1860,9251,3,16
1784684379.578,real_q8_tensor_220w_none,0,100,11457,214.87,66,1860,9251,3,16
1784684379.578,real_q8_tensor_220w_none,1,100,11457,217.73,70,1785,9251,3,16
1784684379.578,real_q8_tensor_220w_none,2,100,11457,215.01,75,1830,9251,3,16
1784684379.578,real_q8_tensor_220w_none,3,100,11457,217.42,71,1815,9251,3,16
1784684380.169,real_q8_tensor_220w_none,0,100,11457,214.59,66,1860,9251,3,16
1784684380.169,real_q8_tensor_220w_none,1,100,11457,218.19,70,1785,9251,3,16
1784684380.169,real_q8_tensor_220w_none,2,100,11457,215.31,75,1815,9251,3,16
1784684380.169,real_q8_tensor_220w_none,3,100,11457,218.00,71,1800,9251,3,16
1784684380.763,real_q8_tensor_220w_none,0,100,11457,214.27,66,1860,9251,3,16
1784684380.763,real_q8_tensor_220w_none,1,100,11457,218.06,70,1785,9251,3,16
1784684380.763,real_q8_tensor_220w_none,2,100,11457,214.86,75,1830,9251,3,16
1784684380.763,real_q8_tensor_220w_none,3,100,11457,217.30,71,1785,9251,3,16
1784684381.354,real_q8_tensor_220w_none,0,100,11457,214.16,66,1860,9251,3,16
1784684381.354,real_q8_tensor_220w_none,1,100,11457,218.43,70,1755,9251,3,16
1784684381.354,real_q8_tensor_220w_none,2,100,11457,214.78,75,1815,9251,3,16
1784684381.354,real_q8_tensor_220w_none,3,100,11457,216.48,71,1815,9251,3,16
1784684381.930,real_q8_tensor_220w_none,0,100,11457,214.28,66,1860,9251,3,16
1784684381.930,real_q8_tensor_220w_none,1,100,11457,217.92,70,1770,9251,3,16
1784684381.930,real_q8_tensor_220w_none,2,100,11457,214.42,75,1815,9251,3,16
1784684381.930,real_q8_tensor_220w_none,3,100,11457,218.34,71,1800,9251,3,16
1784684382.496,real_q8_tensor_220w_none,0,100,11457,213.68,66,1860,9251,3,16
1784684382.496,real_q8_tensor_220w_none,1,100,11457,217.52,70,1785,9251,3,16
1784684382.496,real_q8_tensor_220w_none,2,100,11457,214.33,75,1815,9251,3,16
1784684382.496,real_q8_tensor_220w_none,3,100,11457,217.98,71,1800,9251,3,16
1784684383.095,real_q8_tensor_220w_none,0,80,11457,214.19,66,1875,9251,3,16
1784684383.095,real_q8_tensor_220w_none,1,91,11457,219.32,69,1755,9251,3,16
1784684383.095,real_q8_tensor_220w_none,2,89,11457,215.86,75,1875,9251,3,16
1784684383.095,real_q8_tensor_220w_none,3,79,11457,217.94,71,1815,9251,3,16
1784684383.697,real_q8_tensor_220w_none,0,100,11457,214.69,66,1860,9251,3,16
1784684383.697,real_q8_tensor_220w_none,1,91,11457,218.27,70,1770,9251,3,16
1784684383.697,real_q8_tensor_220w_none,2,100,11457,215.19,75,1815,9251,3,16
1784684383.697,real_q8_tensor_220w_none,3,89,11457,218.15,71,1785,9251,3,16
1784684384.299,real_q8_tensor_220w_none,0,94,11457,214.21,65,1860,9251,3,16
1784684384.299,real_q8_tensor_220w_none,1,77,11457,217.99,70,1770,9251,3,16
1784684384.299,real_q8_tensor_220w_none,2,78,11457,215.12,75,1815,9251,3,16
1784684384.299,real_q8_tensor_220w_none,3,100,11457,218.61,71,1770,9251,3,16
1784684384.899,real_q8_tensor_220w_none,0,94,11457,213.32,66,1860,9251,3,16
1784684384.899,real_q8_tensor_220w_none,1,77,11457,217.65,70,1770,9251,3,16
1784684384.899,real_q8_tensor_220w_none,2,78,11457,215.38,75,1800,9251,3,16
1784684384.899,real_q8_tensor_220w_none,3,100,11457,218.74,71,1800,9251,3,16
1784684385.491,real_q8_tensor_220w_none,0,100,11457,212.10,66,1860,9251,3,16
1784684385.491,real_q8_tensor_220w_none,1,100,11457,217.71,70,1770,9251,3,16
1784684385.491,real_q8_tensor_220w_none,2,100,11457,214.43,75,1815,9251,3,16
1784684385.491,real_q8_tensor_220w_none,3,100,11457,217.94,71,1800,9251,3,16
1784684386.091,real_q8_tensor_220w_none,0,100,11457,212.45,66,1845,9251,3,16
1784684386.091,real_q8_tensor_220w_none,1,100,11457,218.95,70,1770,9251,3,16
1784684386.091,real_q8_tensor_220w_none,2,100,11457,215.90,75,1815,9251,3,16
1784684386.091,real_q8_tensor_220w_none,3,100,11457,218.25,71,1785,9251,3,16
1784684386.662,real_q8_tensor_220w_none,0,98,11457,213.57,66,1845,9251,3,16
1784684386.662,real_q8_tensor_220w_none,1,100,11457,218.06,70,1770,9251,3,16
1784684386.662,real_q8_tensor_220w_none,2,100,11457,215.13,75,1815,9251,3,16
1784684386.662,real_q8_tensor_220w_none,3,100,11457,218.27,71,1800,9251,3,16
1784684387.269,real_q8_tensor_220w_none,0,100,11457,214.30,66,1845,9251,3,16
1784684387.269,real_q8_tensor_220w_none,1,100,11457,219.02,70,1815,9251,3,16
1784684387.269,real_q8_tensor_220w_none,2,96,11457,216.13,75,1815,9251,3,16
1784684387.269,real_q8_tensor_220w_none,3,100,11457,219.35,71,1815,9251,3,16
1784684387.844,real_q8_tensor_220w_none,0,100,11457,214.42,66,1845,9251,3,16
1784684387.844,real_q8_tensor_220w_none,1,99,11457,217.99,70,1755,9251,3,16
1784684387.844,real_q8_tensor_220w_none,2,100,11457,215.49,75,1800,9251,3,16
1784684387.844,real_q8_tensor_220w_none,3,100,11457,217.82,71,1785,9251,3,16
1784684388.420,real_q8_tensor_220w_none,0,100,11457,215.84,66,1860,9251,3,16
1784684388.420,real_q8_tensor_220w_none,1,99,11457,218.21,70,1770,9251,3,16
1784684388.420,real_q8_tensor_220w_none,2,100,11457,215.75,75,1815,9251,3,16
1784684388.420,real_q8_tensor_220w_none,3,100,11457,219.56,71,1785,9251,3,16
1784684388.987,real_q8_tensor_220w_none,0,100,11457,213.47,66,1845,9251,3,16
1784684388.987,real_q8_tensor_220w_none,1,100,11457,217.87,70,1770,9251,3,16
1784684388.987,real_q8_tensor_220w_none,2,100,11457,215.38,75,1815,9251,3,16
1784684388.987,real_q8_tensor_220w_none,3,100,11457,218.06,71,1785,9251,3,16
1784684389.587,real_q8_tensor_220w_none,0,100,11457,213.77,66,1860,9251,3,16
1784684389.587,real_q8_tensor_220w_none,1,100,11457,219.38,70,1830,9251,3,16
1784684389.587,real_q8_tensor_220w_none,2,100,11457,217.13,75,1800,9251,3,16
1784684389.587,real_q8_tensor_220w_none,3,100,11457,218.06,71,1830,9251,3,16
1784684390.153,real_q8_tensor_220w_none,0,100,11457,213.26,66,1860,9251,3,16
1784684390.153,real_q8_tensor_220w_none,1,76,11457,217.52,70,1755,9251,3,16
1784684390.153,real_q8_tensor_220w_none,2,100,11457,213.78,75,1815,9251,3,16
1784684390.153,real_q8_tensor_220w_none,3,100,11457,218.26,71,1785,9251,3,16
1784684390.731,real_q8_tensor_220w_none,0,100,11457,215.97,66,1845,9251,3,16
1784684390.731,real_q8_tensor_220w_none,1,90,11457,217.37,70,1770,9251,3,16
1784684390.731,real_q8_tensor_220w_none,2,100,11457,213.67,75,1800,9251,3,16
1784684390.731,real_q8_tensor_220w_none,3,100,11457,220.35,71,1800,9251,3,16
1784684391.306,real_q8_tensor_220w_none,0,76,11457,213.77,66,1845,9251,3,16
1784684391.306,real_q8_tensor_220w_none,1,97,11457,217.85,70,1755,9251,3,16
1784684391.306,real_q8_tensor_220w_none,2,97,11457,214.13,75,1800,9251,3,16
1784684391.306,real_q8_tensor_220w_none,3,100,11457,218.05,71,1785,9251,3,16
1784684391.882,real_q8_tensor_220w_none,0,76,11457,213.85,66,1845,9251,3,16
1784684391.882,real_q8_tensor_220w_none,1,97,11457,218.58,70,1755,9251,3,16
1784684391.882,real_q8_tensor_220w_none,2,97,11457,215.64,75,1800,9251,3,16
1784684391.882,real_q8_tensor_220w_none,3,100,11457,217.71,71,1785,9251,3,16
1784684392.458,real_q8_tensor_220w_none,0,77,11457,214.14,66,1845,9251,3,16
1784684392.458,real_q8_tensor_220w_none,1,100,11457,217.69,70,1755,9251,3,16
1784684392.458,real_q8_tensor_220w_none,2,100,11457,215.08,75,1800,9251,3,16
1784684392.458,real_q8_tensor_220w_none,3,77,11457,217.26,71,1785,9251,3,16
1784684393.059,real_q8_tensor_220w_none,0,77,11457,214.45,66,1845,9251,3,16
1784684393.059,real_q8_tensor_220w_none,1,100,11457,220.04,70,1755,9251,3,16
1784684393.059,real_q8_tensor_220w_none,2,100,11457,217.74,75,1800,9251,3,16
1784684393.059,real_q8_tensor_220w_none,3,77,11457,217.57,71,1770,9251,3,16
1784684393.635,real_q8_tensor_220w_none,0,75,11457,214.02,66,1845,9251,3,16
1784684393.635,real_q8_tensor_220w_none,1,75,11457,217.15,70,1770,9251,3,16
1784684393.635,real_q8_tensor_220w_none,2,75,11457,214.27,75,1785,9251,3,16
1784684393.635,real_q8_tensor_220w_none,3,80,11457,217.63,71,1785,9251,3,16
1784684394.211,real_q8_tensor_220w_none,0,75,11457,214.19,66,1845,9251,3,16
1784684394.211,real_q8_tensor_220w_none,1,75,11457,217.14,70,1755,9251,3,16
1784684394.211,real_q8_tensor_220w_none,2,75,11457,213.68,75,1785,9251,3,16
1784684394.211,real_q8_tensor_220w_none,3,100,11457,217.54,71,1785,9251,3,16
1784684394.787,real_q8_tensor_220w_none,0,95,11457,215.80,66,1830,9251,3,16
1784684394.787,real_q8_tensor_220w_none,1,76,11457,216.99,70,1740,9251,3,16
1784684394.787,real_q8_tensor_220w_none,2,76,11457,214.35,75,1785,9251,3,16
1784684394.787,real_q8_tensor_220w_none,3,90,11457,218.31,71,1770,9251,3,16
1784684395.366,real_q8_tensor_220w_none,0,95,11457,213.84,66,1845,9251,3,16
1784684395.366,real_q8_tensor_220w_none,1,76,11457,217.26,70,1740,9251,3,16
1784684395.366,real_q8_tensor_220w_none,2,76,11457,214.24,75,1785,9251,3,16
1784684395.366,real_q8_tensor_220w_none,3,90,11457,217.79,71,1770,9251,3,16
1784684395.957,real_q8_tensor_220w_none,0,97,11457,215.19,66,1905,9251,3,16
1784684395.957,real_q8_tensor_220w_none,1,100,11457,216.71,70,1875,9251,3,16
1784684395.957,real_q8_tensor_220w_none,2,74,11457,213.29,75,1860,9251,3,16
1784684395.957,real_q8_tensor_220w_none,3,91,11457,218.07,71,1890,9251,3,16
1784684396.533,real_q8_tensor_220w_none,0,97,11457,212.40,66,1830,9251,3,16
1784684396.533,real_q8_tensor_220w_none,1,100,11457,216.47,70,1755,9251,3,16
1784684396.533,real_q8_tensor_220w_none,2,74,11457,214.03,75,1800,9251,3,16
1784684396.533,real_q8_tensor_220w_none,3,91,11457,216.85,71,1770,9251,3,16
1784684397.130,real_q8_tensor_220w_none,0,100,11457,214.35,66,1845,9251,3,16
1784684397.130,real_q8_tensor_220w_none,1,100,11457,218.99,70,1830,9251,3,16
1784684397.130,real_q8_tensor_220w_none,2,100,11457,216.29,75,1785,9251,3,16
1784684397.130,real_q8_tensor_220w_none,3,97,11457,219.23,71,1845,9251,3,16
1784684397.703,real_q8_tensor_220w_none,0,87,11457,212.69,66,1830,9251,3,16
1784684397.703,real_q8_tensor_220w_none,1,87,11457,217.85,70,1770,9251,3,16
1784684397.703,real_q8_tensor_220w_none,2,87,11457,213.55,75,1785,9251,3,16
1784684397.703,real_q8_tensor_220w_none,3,87,11457,216.93,71,1785,9251,3,16
1784684398.299,real_q8_tensor_220w_none,0,100,11457,215.21,66,1830,9251,3,16
1784684398.299,real_q8_tensor_220w_none,1,100,11457,219.43,70,1755,9251,3,16
1784684398.299,real_q8_tensor_220w_none,2,100,11457,216.41,75,1800,9251,3,16
1784684398.299,real_q8_tensor_220w_none,3,100,11457,218.69,71,1755,9251,3,16
1784684398.893,real_q8_tensor_220w_none,0,100,11457,213.15,66,1830,9251,3,16
1784684398.893,real_q8_tensor_220w_none,1,100,11457,216.62,70,1740,9251,3,16
1784684398.893,real_q8_tensor_220w_none,2,100,11457,214.54,75,1785,9251,3,16
1784684398.893,real_q8_tensor_220w_none,3,100,11457,217.25,71,1770,9251,3,16
1784684399.488,real_q8_tensor_220w_none,0,100,11457,213.11,66,1830,9251,3,16
1784684399.488,real_q8_tensor_220w_none,1,100,11457,219.27,70,1740,9251,3,16
1784684399.488,real_q8_tensor_220w_none,2,100,11457,217.52,75,1800,9251,3,16
1784684399.488,real_q8_tensor_220w_none,3,100,11457,218.95,71,1770,9251,3,16
1784684400.066,real_q8_tensor_220w_none,0,100,11457,212.84,66,1830,9251,3,16
1784684400.066,real_q8_tensor_220w_none,1,83,11457,216.88,70,1755,9251,3,16
1784684400.066,real_q8_tensor_220w_none,2,100,11457,215.33,74,1800,9251,3,16
1784684400.066,real_q8_tensor_220w_none,3,100,11457,217.02,71,1755,9251,3,16
1784684400.643,real_q8_tensor_220w_none,0,100,11457,212.34,66,1830,9251,3,16
1784684400.643,real_q8_tensor_220w_none,1,83,11457,217.17,70,1755,9251,3,16
1784684400.643,real_q8_tensor_220w_none,2,100,11457,215.65,75,1770,9251,3,16
1784684400.643,real_q8_tensor_220w_none,3,100,11457,217.23,71,1770,9251,3,16
1784684401.219,real_q8_tensor_220w_none,0,100,11457,212.41,65,1905,9251,3,16
1784684401.219,real_q8_tensor_220w_none,1,100,11457,218.12,70,1725,9251,3,16
1784684401.219,real_q8_tensor_220w_none,2,100,11457,217.69,76,1860,9251,3,16
1784684401.219,real_q8_tensor_220w_none,3,86,11457,215.46,70,1755,9251,3,16
1784684401.825,real_q8_tensor_220w_none,0,100,11457,212.43,66,1830,9251,3,16
1784684401.825,real_q8_tensor_220w_none,1,100,11457,216.09,70,1740,9251,3,16
1784684401.825,real_q8_tensor_220w_none,2,100,11457,214.96,75,1770,9251,3,16
1784684401.825,real_q8_tensor_220w_none,3,100,11457,216.40,71,1740,9251,3,16
1784684402.419,real_q8_tensor_220w_none,0,100,11457,214.33,66,1860,9251,3,16
1784684402.419,real_q8_tensor_220w_none,1,100,11457,217.73,70,1740,9251,3,16
1784684402.419,real_q8_tensor_220w_none,2,100,11457,215.76,75,1755,9251,3,16
1784684402.419,real_q8_tensor_220w_none,3,100,11457,217.87,71,1740,9251,3,16
1784684403.007,real_q8_tensor_220w_none,0,100,11457,212.27,66,1830,9251,3,16
1784684403.007,real_q8_tensor_220w_none,1,100,11457,215.59,70,1740,9251,3,16
1784684403.007,real_q8_tensor_220w_none,2,95,11457,213.66,75,1800,9251,3,16
1784684403.007,real_q8_tensor_220w_none,3,100,11457,215.77,71,1755,9251,3,16
1784684403.605,real_q8_tensor_220w_none,0,100,11457,213.96,66,1815,9251,3,16
1784684403.605,real_q8_tensor_220w_none,1,100,11457,218.99,70,1725,9251,3,16
1784684403.605,real_q8_tensor_220w_none,2,95,11457,216.88,76,1755,9251,3,16
1784684403.605,real_q8_tensor_220w_none,3,100,11457,218.30,71,1755,9251,3,16
1784684404.198,real_q8_tensor_220w_none,0,93,11457,211.65,65,1845,9251,3,16
1784684404.198,real_q8_tensor_220w_none,1,100,11457,215.98,70,1755,9251,3,16
1784684404.198,real_q8_tensor_220w_none,2,72,11457,214.73,75,1755,9251,3,16
1784684404.198,real_q8_tensor_220w_none,3,98,11457,216.28,71,1740,9251,3,16
1784684404.789,real_q8_tensor_220w_none,0,88,11457,212.07,66,1830,9251,3,16
1784684404.789,real_q8_tensor_220w_none,1,100,11457,215.52,70,1710,9251,3,16
1784684404.789,real_q8_tensor_220w_none,2,72,11457,214.75,75,1785,9251,3,16
1784684404.789,real_q8_tensor_220w_none,3,98,11457,218.36,71,1755,9251,3,16
1784684405.366,real_q8_tensor_220w_none,0,100,11457,214.97,66,1905,9251,3,16
1784684405.366,real_q8_tensor_220w_none,1,100,11457,215.46,69,1860,9251,3,16
1784684405.366,real_q8_tensor_220w_none,2,71,11457,214.65,75,1875,9251,3,16
1784684405.366,real_q8_tensor_220w_none,3,100,11457,217.81,71,1890,9251,3,16
1784684405.960,real_q8_tensor_220w_none,0,100,11457,212.52,66,1830,9251,3,16
1784684405.960,real_q8_tensor_220w_none,1,100,11457,217.26,70,1725,9251,3,16
1784684405.960,real_q8_tensor_220w_none,2,71,11457,214.13,75,1785,9251,3,16
1784684405.960,real_q8_tensor_220w_none,3,100,11457,216.05,71,1740,9251,3,16
1784684406.558,real_q8_tensor_220w_none,0,100,11457,214.24,66,1800,9251,3,16
1784684406.558,real_q8_tensor_220w_none,1,100,11457,218.10,70,1755,9251,3,16
1784684406.558,real_q8_tensor_220w_none,2,100,11457,216.21,75,1755,9251,3,16
1784684406.558,real_q8_tensor_220w_none,3,100,11457,217.41,71,1770,9251,3,16
1784684407.149,real_q8_tensor_220w_none,0,100,11457,211.32,66,1815,9251,3,16
1784684407.149,real_q8_tensor_220w_none,1,100,11457,216.85,70,1740,9251,3,16
1784684407.149,real_q8_tensor_220w_none,2,100,11457,214.10,75,1755,9251,3,16
1784684407.149,real_q8_tensor_220w_none,3,100,11457,216.48,71,1770,9251,3,16
1784684407.747,real_q8_tensor_220w_none,0,100,11457,213.40,66,1845,9251,3,16
1784684407.747,real_q8_tensor_220w_none,1,86,11457,217.09,70,1710,9251,3,16
1784684407.747,real_q8_tensor_220w_none,2,100,11457,216.38,75,1785,9251,3,16
1784684407.747,real_q8_tensor_220w_none,3,100,11457,218.75,71,1740,9251,3,16
1784684408.322,real_q8_tensor_220w_none,0,100,11457,212.49,66,1890,9251,3,16
1784684408.322,real_q8_tensor_220w_none,1,100,11457,218.18,70,1875,9251,3,16
1784684408.322,real_q8_tensor_220w_none,2,100,11457,216.18,75,1860,9251,3,16
1784684408.322,real_q8_tensor_220w_none,3,100,11457,215.41,71,1890,9251,3,16
1784684408.899,real_q8_tensor_220w_none,0,100,11457,211.81,66,1785,9251,3,16
1784684408.899,real_q8_tensor_220w_none,1,100,11457,215.25,70,1755,9251,3,16
1784684408.899,real_q8_tensor_220w_none,2,100,11457,214.29,75,1755,9251,3,16
1784684408.899,real_q8_tensor_220w_none,3,100,11457,215.93,71,1755,9251,3,16
1784684409.498,real_q8_tensor_220w_none,0,100,11457,213.57,66,1815,9251,3,16
1784684409.498,real_q8_tensor_220w_none,1,100,11457,217.25,70,1725,9251,3,16
1784684409.498,real_q8_tensor_220w_none,2,100,11457,216.21,75,1755,9251,3,16
1784684409.498,real_q8_tensor_220w_none,3,100,11457,217.55,71,1710,9251,3,16
1784684410.075,real_q8_tensor_220w_none,0,96,11457,211.41,65,1785,9251,3,16
1784684410.075,real_q8_tensor_220w_none,1,100,11457,216.19,70,1770,9251,3,16
1784684410.075,real_q8_tensor_220w_none,2,70,11457,214.01,75,1770,9251,3,16
1784684410.075,real_q8_tensor_220w_none,3,100,11457,215.54,70,1740,9251,3,16
1784684410.693,real_q8_tensor_220w_none,0,96,11457,214.43,66,1815,9251,3,16
1784684410.693,real_q8_tensor_220w_none,1,100,11457,216.67,70,1755,9251,3,16
1784684410.693,real_q8_tensor_220w_none,2,70,11457,214.37,75,1770,9251,3,16
1784684410.693,real_q8_tensor_220w_none,3,89,11457,216.45,71,1770,9251,3,16
1784684411.286,real_q8_tensor_220w_none,0,70,11457,211.37,66,1905,9251,3,16
1784684411.286,real_q8_tensor_220w_none,1,100,11457,217.06,69,1875,9251,3,16
1784684411.286,real_q8_tensor_220w_none,2,97,11457,215.25,74,1860,9251,3,16
1784684411.286,real_q8_tensor_220w_none,3,69,11457,214.23,71,1890,9251,3,16
1784684411.890,real_q8_tensor_220w_none,0,70,11457,212.68,66,1830,9251,3,16
1784684411.890,real_q8_tensor_220w_none,1,100,11457,215.00,70,1710,9251,3,16
1784684411.890,real_q8_tensor_220w_none,2,100,11457,213.87,75,1755,9251,3,16
1784684411.890,real_q8_tensor_220w_none,3,69,11457,215.71,71,1755,9251,3,16
1784684412.463,real_q8_tensor_220w_none,0,100,11457,216.48,66,1830,9251,3,16
1784684412.463,real_q8_tensor_220w_none,1,100,11457,217.16,70,1710,9251,3,16
1784684412.463,real_q8_tensor_220w_none,2,100,11457,216.11,76,1770,9251,3,16
1784684412.463,real_q8_tensor_220w_none,3,100,11457,218.57,71,1740,9251,3,16
1784684413.056,real_q8_tensor_220w_none,0,100,11457,213.03,65,1800,9251,3,16
1784684413.056,real_q8_tensor_220w_none,1,69,11457,216.06,70,1695,9251,3,16
1784684413.056,real_q8_tensor_220w_none,2,70,11457,214.29,76,1740,9251,3,16
1784684413.056,real_q8_tensor_220w_none,3,100,11457,215.22,70,1725,9251,3,16
1784684413.650,real_q8_tensor_220w_none,0,100,11457,212.59,66,1800,9251,3,16
1784684413.650,real_q8_tensor_220w_none,1,69,11457,217.09,70,1710,9251,3,16
1784684413.650,real_q8_tensor_220w_none,2,70,11457,215.51,75,1755,9251,3,16
1784684413.650,real_q8_tensor_220w_none,3,100,11457,216.32,71,1725,9251,3,16
1784684414.224,real_q8_tensor_220w_none,0,100,11457,215.67,66,1800,9251,3,16
1784684414.224,real_q8_tensor_220w_none,1,100,11457,217.54,70,1740,9251,3,16
1784684414.224,real_q8_tensor_220w_none,2,100,11457,216.03,76,1755,9251,3,16
1784684414.224,real_q8_tensor_220w_none,3,100,11457,217.08,71,1770,9251,3,16
1784684414.822,real_q8_tensor_220w_none,0,69,11457,212.87,66,1785,9251,3,16
1784684414.822,real_q8_tensor_220w_none,1,100,11457,214.72,70,1710,9251,3,16
1784684414.822,real_q8_tensor_220w_none,2,100,11457,213.62,75,1770,9251,3,16
1784684414.822,real_q8_tensor_220w_none,3,74,11457,215.92,71,1725,9251,3,16
1784684415.420,real_q8_tensor_220w_none,0,69,11457,216.21,66,1800,9251,3,16
1784684415.420,real_q8_tensor_220w_none,1,100,11457,215.17,70,1725,9251,3,16
1784684415.420,real_q8_tensor_220w_none,2,100,11457,213.52,76,1740,9251,3,16
1784684415.420,real_q8_tensor_220w_none,3,74,11457,218.76,71,1755,9251,3,16
1784684415.997,real_q8_tensor_220w_none,0,100,11457,215.32,66,1815,9251,3,16
1784684415.997,real_q8_tensor_220w_none,1,100,11457,216.76,70,1800,9251,3,16
1784684415.997,real_q8_tensor_220w_none,2,100,11457,216.24,76,1770,9251,3,16
1784684415.997,real_q8_tensor_220w_none,3,99,11457,217.43,71,1725,9251,3,16
1784684416.585,real_q8_tensor_220w_none,0,100,11457,211.02,66,1785,9251,3,16
1784684416.585,real_q8_tensor_220w_none,1,77,11457,216.16,70,1725,9251,3,16
1784684416.585,real_q8_tensor_220w_none,2,81,11457,213.69,75,1725,9251,3,16
1784684416.585,real_q8_tensor_220w_none,3,99,11457,215.92,71,1755,9251,3,16
1784684417.161,real_q8_tensor_220w_none,0,100,11457,211.76,66,1830,9251,3,16
1784684417.161,real_q8_tensor_220w_none,1,77,11457,218.92,70,1710,9251,3,16
1784684417.161,real_q8_tensor_220w_none,2,81,11457,215.56,76,1785,9251,3,16
1784684417.161,real_q8_tensor_220w_none,3,100,11457,215.90,71,1725,9251,3,16
1784684417.754,real_q8_tensor_220w_none,0,100,11457,213.36,66,1800,9251,3,16
1784684417.754,real_q8_tensor_220w_none,1,100,11457,217.12,70,1710,9251,3,16
1784684417.754,real_q8_tensor_220w_none,2,100,11457,215.91,76,1740,9251,3,16
1784684417.754,real_q8_tensor_220w_none,3,100,11457,218.31,71,1725,9251,3,16
1784684418.323,real_q8_tensor_220w_none,0,68,11457,209.06,66,1785,9251,3,16
1784684418.323,real_q8_tensor_220w_none,1,100,11457,213.99,70,1695,9251,3,16
1784684418.323,real_q8_tensor_220w_none,2,100,11457,212.65,75,1755,9251,3,16
1784684418.323,real_q8_tensor_220w_none,3,73,11457,215.70,71,1710,9251,3,16
1784684418.899,real_q8_tensor_220w_none,0,68,11457,213.22,66,1785,9251,3,16
1784684418.899,real_q8_tensor_220w_none,1,100,11457,215.53,70,1740,9251,3,16
1784684418.899,real_q8_tensor_220w_none,2,100,11457,212.51,76,1740,9251,3,16
1784684418.899,real_q8_tensor_220w_none,3,73,11457,218.83,71,1740,9251,3,16
1784684419.474,real_q8_tensor_220w_none,0,100,11457,213.95,66,1800,9251,3,16
1784684419.474,real_q8_tensor_220w_none,1,100,11457,218.28,70,1695,9251,3,16
1784684419.474,real_q8_tensor_220w_none,2,100,11457,215.75,76,1740,9251,3,16
1784684419.474,real_q8_tensor_220w_none,3,100,11457,217.59,71,1725,9251,3,16
1784684420.048,real_q8_tensor_220w_none,0,100,11457,211.27,65,1785,9251,3,16
1784684420.048,real_q8_tensor_220w_none,1,100,11457,215.63,70,1665,9251,3,16
1784684420.048,real_q8_tensor_220w_none,2,67,11457,213.13,75,1875,9251,3,16
1784684420.048,real_q8_tensor_220w_none,3,100,11457,214.38,70,1725,9251,3,16
1784684420.625,real_q8_tensor_220w_none,0,100,11457,211.48,66,1815,9251,3,16
1784684420.625,real_q8_tensor_220w_none,1,100,11457,214.87,70,1740,9251,3,16
1784684420.625,real_q8_tensor_220w_none,2,67,11457,213.45,75,1740,9251,3,16
1784684420.625,real_q8_tensor_220w_none,3,100,11457,215.25,71,1725,9251,3,16
1784684421.200,real_q8_tensor_220w_none,0,100,11457,214.03,66,1785,9251,3,16
1784684421.200,real_q8_tensor_220w_none,1,100,11457,216.79,70,1710,9251,3,16
1784684421.200,real_q8_tensor_220w_none,2,100,11457,215.71,76,1740,9251,3,16
1784684421.200,real_q8_tensor_220w_none,3,100,11457,216.18,71,1710,9251,3,16
1784684421.775,real_q8_tensor_220w_none,0,100,11457,212.95,66,1875,9251,3,16
1784684421.775,real_q8_tensor_220w_none,1,96,11457,216.66,70,1800,9251,3,16
1784684421.775,real_q8_tensor_220w_none,2,100,11457,214.14,76,1740,9251,3,16
1784684421.775,real_q8_tensor_220w_none,3,100,11457,216.30,71,1800,9251,3,16
1784684422.345,real_q8_tensor_220w_none,0,100,11457,209.84,66,1785,9251,3,16
1784684422.345,real_q8_tensor_220w_none,1,100,11457,214.66,70,1695,9251,3,16
1784684422.345,real_q8_tensor_220w_none,2,100,11457,212.85,75,1740,9251,3,16
1784684422.345,real_q8_tensor_220w_none,3,100,11457,214.10,71,1740,9251,3,16
1784684422.937,real_q8_tensor_220w_none,0,100,11457,215.57,66,1785,9251,3,16
1784684422.937,real_q8_tensor_220w_none,1,100,11457,217.21,70,1710,9251,3,16
1784684422.937,real_q8_tensor_220w_none,2,100,11457,215.98,76,1740,9251,3,16
1784684422.937,real_q8_tensor_220w_none,3,100,11457,217.36,71,1740,9251,3,16
1784684423.547,real_q8_tensor_220w_none,0,100,11457,217.00,67,1740,9251,3,16
1784684423.547,real_q8_tensor_220w_none,1,100,11457,217.34,70,1635,9251,3,16
1784684423.547,real_q8_tensor_220w_none,2,100,11457,214.79,76,1725,9251,3,16
1784684423.547,real_q8_tensor_220w_none,3,100,11457,216.79,71,1710,9251,3,16
1784684424.114,real_q8_tensor_220w_none,0,72,11457,213.80,65,1800,9251,3,16
1784684424.114,real_q8_tensor_220w_none,1,100,11457,214.63,70,1695,9251,3,16
1784684424.114,real_q8_tensor_220w_none,2,100,11457,213.04,75,1725,9251,3,16
1784684424.114,real_q8_tensor_220w_none,3,84,11457,214.53,70,1710,9251,3,16
1784684424.690,real_q8_tensor_220w_none,0,72,11457,212.02,66,1785,9251,3,16
1784684424.690,real_q8_tensor_220w_none,1,100,11457,216.44,70,1740,9251,3,16
1784684424.690,real_q8_tensor_220w_none,2,100,11457,214.72,75,1725,9251,3,16
1784684424.690,real_q8_tensor_220w_none,3,84,11457,217.31,71,1755,9251,3,16
1784684425.265,real_q8_tensor_220w_none,0,100,11457,214.07,66,1815,9251,3,16
1784684425.265,real_q8_tensor_220w_none,1,100,11457,216.79,70,1695,9251,3,16
1784684425.265,real_q8_tensor_220w_none,2,100,11457,215.49,76,1770,9251,3,16
1784684425.265,real_q8_tensor_220w_none,3,100,11457,216.28,71,1710,9251,3,16
1784684425.864,real_q8_tensor_220w_none,0,100,11457,215.31,65,1815,9251,3,16
1784684425.864,real_q8_tensor_220w_none,1,64,11457,213.21,70,1665,9251,3,16
1784684425.864,real_q8_tensor_220w_none,2,65,11457,212.20,75,1725,9251,3,16
1784684425.864,real_q8_tensor_220w_none,3,100,11457,214.64,70,1695,9251,3,16
1784684426.464,real_q8_tensor_220w_none,0,100,11457,211.93,66,1785,9251,3,16
1784684426.464,real_q8_tensor_220w_none,1,64,11457,214.65,70,1695,9251,3,16
1784684426.464,real_q8_tensor_220w_none,2,65,11457,213.54,75,1740,9251,3,16
1784684426.464,real_q8_tensor_220w_none,3,100,11457,214.68,71,1710,9251,3,16
1784684427.037,real_q8_tensor_220w_none,0,100,11457,214.57,66,1815,9251,3,16
1784684427.037,real_q8_tensor_220w_none,1,100,11457,216.93,70,1680,9251,3,16
1784684427.037,real_q8_tensor_220w_none,2,100,11457,216.07,76,1785,9251,3,16
1784684427.037,real_q8_tensor_220w_none,3,100,11457,217.29,71,1710,9251,3,16
1784684427.611,real_q8_tensor_220w_none,0,100,11457,213.82,66,1770,9251,3,16
1784684427.611,real_q8_tensor_220w_none,1,100,11457,216.34,71,1680,9251,3,16
1784684427.611,real_q8_tensor_220w_none,2,100,11457,215.13,75,1770,9251,3,16
1784684427.611,real_q8_tensor_220w_none,3,100,11457,217.83,71,1665,9251,3,16
1784684428.178,real_q8_tensor_220w_none,0,100,11457,211.04,65,1815,9251,3,16
1784684428.178,real_q8_tensor_220w_none,1,65,11457,213.73,70,1665,9251,3,16
1784684428.178,real_q8_tensor_220w_none,2,65,11457,211.11,75,1755,9251,3,16
1784684428.178,real_q8_tensor_220w_none,3,100,11457,214.59,70,1695,9251,3,16
1784684428.755,real_q8_tensor_220w_none,0,100,11457,209.89,66,1770,9251,3,16
1784684428.755,real_q8_tensor_220w_none,1,91,11457,216.57,70,1680,9251,3,16
1784684428.755,real_q8_tensor_220w_none,2,82,11457,215.26,75,1740,9251,3,16
1784684428.755,real_q8_tensor_220w_none,3,100,11457,213.76,71,1695,9251,3,16
1784684429.331,real_q8_tensor_220w_none,0,100,11457,215.24,66,1785,9251,3,16
1784684429.331,real_q8_tensor_220w_none,1,100,11457,215.79,70,1620,9251,3,16
1784684429.331,real_q8_tensor_220w_none,2,100,11457,214.46,75,1740,9251,3,16
1784684429.331,real_q8_tensor_220w_none,3,100,11457,216.01,71,1635,9251,3,16
1784684429.950,real_q8_tensor_220w_none,0,100,11457,215.04,66,1770,9251,3,16
1784684429.950,real_q8_tensor_220w_none,1,100,11457,215.41,70,1875,9251,3,16
1784684429.950,real_q8_tensor_220w_none,2,100,11457,204.82,73,1890,9251,3,16
1784684429.950,real_q8_tensor_220w_none,3,100,11457,209.33,71,1755,9251,3,16
1784684430.556,real_q8_tensor_220w_none,0,41,11457,180.92,64,1785,9251,3,16
1784684430.556,real_q8_tensor_220w_none,1,29,11457,191.46,70,1665,9251,3,16
1784684430.556,real_q8_tensor_220w_none,2,28,11457,184.72,74,1740,9251,3,16
1784684430.556,real_q8_tensor_220w_none,3,31,11457,197.92,69,1695,9251,3,16
1784684431.160,real_q8_tensor_220w_none,0,41,11457,193.72,65,1785,9251,3,16
1784684431.160,real_q8_tensor_220w_none,1,94,11457,207.38,70,1695,9251,3,16
1784684431.160,real_q8_tensor_220w_none,2,93,11457,201.43,74,1740,9251,3,16
1784684431.160,real_q8_tensor_220w_none,3,31,11457,211.10,70,1695,9251,3,16
1784684431.761,real_q8_tensor_220w_none,0,94,11457,219.77,65,1770,9251,3,16
1784684431.761,real_q8_tensor_220w_none,1,94,11457,220.08,69,1695,9251,3,16
1784684431.761,real_q8_tensor_220w_none,2,94,11457,219.67,74,1725,9251,3,16
1784684431.761,real_q8_tensor_220w_none,3,94,11457,219.94,70,1680,9251,3,16
1784684432.338,real_q8_tensor_220w_none,0,94,11457,219.67,65,1740,9251,3,16
1784684432.338,real_q8_tensor_220w_none,1,94,11457,218.54,69,1620,9251,3,16
1784684432.338,real_q8_tensor_220w_none,2,94,11457,218.90,74,1695,9251,3,16
1784684432.338,real_q8_tensor_220w_none,3,94,11457,219.30,70,1650,9251,3,16
1784684432.933,real_q8_tensor_220w_none,0,94,11457,219.69,65,1785,9251,3,16
1784684432.933,real_q8_tensor_220w_none,1,94,11457,219.77,70,1695,9251,3,16
1784684432.933,real_q8_tensor_220w_none,2,94,11457,219.66,74,1740,9251,3,16
1784684432.933,real_q8_tensor_220w_none,3,94,11457,219.86,70,1710,9251,3,16
1784684433.509,real_q8_tensor_220w_none,0,94,11457,218.81,65,1755,9251,3,16
1784684433.509,real_q8_tensor_220w_none,1,94,11457,218.97,69,1650,9251,3,16
1784684433.509,real_q8_tensor_220w_none,2,94,11457,219.10,74,1710,9251,3,16
1784684433.509,real_q8_tensor_220w_none,3,94,11457,219.24,70,1680,9251,3,16
1784684434.086,real_q8_tensor_220w_none,0,95,11457,219.57,65,1770,9251,3,16
1784684434.086,real_q8_tensor_220w_none,1,94,11457,220.08,70,1695,9251,3,16
1784684434.086,real_q8_tensor_220w_none,2,94,11457,219.64,74,1725,9251,3,16
1784684434.086,real_q8_tensor_220w_none,3,94,11457,219.68,70,1710,9251,3,16
1784684434.659,real_q8_tensor_220w_none,0,95,11457,219.23,65,1770,9251,3,16
1784684434.659,real_q8_tensor_220w_none,1,94,11457,219.38,69,1680,9251,3,16
1784684434.659,real_q8_tensor_220w_none,2,94,11457,219.08,74,1710,9251,3,16
1784684434.659,real_q8_tensor_220w_none,3,94,11457,219.56,70,1695,9251,3,16
1784684435.234,real_q8_tensor_220w_none,0,95,11457,219.48,65,1770,9251,3,16
1784684435.234,real_q8_tensor_220w_none,1,94,11457,219.59,69,1665,9251,3,16
1784684435.234,real_q8_tensor_220w_none,2,94,11457,219.76,74,1710,9251,3,16
1784684435.234,real_q8_tensor_220w_none,3,94,11457,219.69,70,1680,9251,3,16
1784684435.808,real_q8_tensor_220w_none,0,95,11457,207.89,63,1920,9251,3,16
1784684435.808,real_q8_tensor_220w_none,1,19,11457,213.12,68,1905,9251,3,16
1784684435.808,real_q8_tensor_220w_none,2,18,11457,212.21,72,1890,9251,3,16
1784684435.808,real_q8_tensor_220w_none,3,94,11457,209.25,68,1920,9251,3,16
1784684436.395,real_q8_tensor_220w_none,0,93,11457,193.15,65,1860,9251,3,16
1784684436.395,real_q8_tensor_220w_none,1,19,11457,198.11,70,1785,9251,3,16
1784684436.395,real_q8_tensor_220w_none,2,18,11457,194.74,75,1830,9251,3,16
1784684436.395,real_q8_tensor_220w_none,3,97,11457,199.29,70,1815,9251,3,16
1784684436.995,real_q8_tensor_220w_none,0,93,11457,213.02,66,1860,9251,3,16
1784684436.995,real_q8_tensor_220w_none,1,100,11457,213.59,70,1770,9251,3,16
1784684436.995,real_q8_tensor_220w_none,2,100,11457,209.70,75,1815,9251,3,16
1784684436.995,real_q8_tensor_220w_none,3,97,11457,216.63,70,1815,9251,3,16
1784684437.581,real_q8_tensor_220w_none,0,83,11457,214.39,66,1875,9251,3,16
1784684437.581,real_q8_tensor_220w_none,1,100,11457,218.08,70,1785,9251,3,16
1784684437.581,real_q8_tensor_220w_none,2,100,11457,214.50,75,1830,9251,3,16
1784684437.581,real_q8_tensor_220w_none,3,88,11457,216.73,70,1815,9251,3,16
1784684438.158,real_q8_tensor_220w_none,0,83,11457,215.13,66,1875,9251,3,16
1784684438.158,real_q8_tensor_220w_none,1,81,11457,217.73,70,1785,9251,3,16
1784684438.158,real_q8_tensor_220w_none,2,80,11457,215.09,75,1815,9251,3,16
1784684438.158,real_q8_tensor_220w_none,3,88,11457,217.14,71,1800,9251,3,16
1784684438.771,real_q8_tensor_220w_none,0,100,11457,215.08,66,1875,9251,3,16
1784684438.771,real_q8_tensor_220w_none,1,100,11457,217.90,70,1800,9251,3,16
1784684438.771,real_q8_tensor_220w_none,2,90,11457,214.57,75,1815,9251,3,16
1784684438.771,real_q8_tensor_220w_none,3,100,11457,217.40,71,1785,9251,3,16
1784684439.351,real_q8_tensor_220w_none,0,100,11457,215.09,66,1860,9251,3,16
1784684439.351,real_q8_tensor_220w_none,1,90,11457,217.99,71,1770,9251,3,16
1784684439.351,real_q8_tensor_220w_none,2,92,11457,215.15,75,1815,9251,3,16
1784684439.351,real_q8_tensor_220w_none,3,100,11457,218.66,71,1800,9251,3,16
1784684439.951,real_q8_tensor_220w_none,0,100,11457,215.17,66,1860,9251,3,16
1784684439.951,real_q8_tensor_220w_none,1,90,11457,218.11,70,1770,9251,3,16
1784684439.951,real_q8_tensor_220w_none,2,92,11457,214.95,75,1815,9251,3,16
1784684439.951,real_q8_tensor_220w_none,3,100,11457,218.71,71,1800,9251,3,16
1784684440.540,real_q8_tensor_220w_none,0,100,11457,214.62,66,1860,9251,3,16
1784684440.540,real_q8_tensor_220w_none,1,100,11457,218.24,70,1770,9251,3,16
1784684440.540,real_q8_tensor_220w_none,2,100,11457,214.67,75,1815,9251,3,16
1784684440.540,real_q8_tensor_220w_none,3,100,11457,218.45,71,1785,9251,3,16
1784684441.133,real_q8_tensor_220w_none,0,100,11457,215.10,66,1890,9251,3,16
1784684441.133,real_q8_tensor_220w_none,1,100,11457,218.19,70,1800,9251,3,16
1784684441.133,real_q8_tensor_220w_none,2,100,11457,214.63,75,1860,9251,3,16
1784684441.133,real_q8_tensor_220w_none,3,100,11457,219.54,70,1860,9251,3,16
1784684441.704,real_q8_tensor_220w_none,0,100,11457,214.55,66,1845,9251,3,16
1784684441.704,real_q8_tensor_220w_none,1,100,11457,217.92,70,1770,9251,3,16
1784684441.704,real_q8_tensor_220w_none,2,100,11457,214.62,75,1815,9251,3,16
1784684441.704,real_q8_tensor_220w_none,3,100,11457,218.33,71,1785,9251,3,16
1784684442.278,real_q8_tensor_220w_none,0,100,11457,214.78,66,1890,9251,3,16
1784684442.278,real_q8_tensor_220w_none,1,100,11457,218.77,70,1875,9251,3,16
1784684442.278,real_q8_tensor_220w_none,2,93,11457,215.60,75,1860,9251,3,16
1784684442.278,real_q8_tensor_220w_none,3,100,11457,218.38,71,1890,9251,3,16
1784684442.856,real_q8_tensor_220w_none,0,100,11457,214.45,66,1860,9251,3,16
1784684442.856,real_q8_tensor_220w_none,1,100,11457,218.61,71,1770,9251,3,16
1784684442.856,real_q8_tensor_220w_none,2,100,11457,215.44,75,1815,9251,3,16
1784684442.856,real_q8_tensor_220w_none,3,100,11457,218.62,71,1800,9251,3,16
1784684443.430,real_q8_tensor_220w_none,0,80,11457,213.95,65,1905,9251,3,16
1784684443.430,real_q8_tensor_220w_none,1,100,11457,219.38,71,1785,9251,3,16
1784684443.430,real_q8_tensor_220w_none,2,100,11457,216.95,75,1860,9251,3,16
1784684443.430,real_q8_tensor_220w_none,3,100,11457,217.69,70,1785,9251,3,16
1784684444.007,real_q8_tensor_220w_none,0,80,11457,213.68,66,1860,9251,3,16
1784684444.007,real_q8_tensor_220w_none,1,100,11457,218.27,71,1770,9251,3,16
1784684444.007,real_q8_tensor_220w_none,2,100,11457,215.67,75,1800,9251,3,16
1784684444.007,real_q8_tensor_220w_none,3,100,11457,218.26,71,1785,9251,3,16
1784684444.624,real_q8_tensor_220w_none,0,79,11457,213.85,66,1860,9251,3,16
1784684444.624,real_q8_tensor_220w_none,1,100,11457,217.59,70,1770,9251,3,16
1784684444.624,real_q8_tensor_220w_none,2,100,11457,214.90,75,1800,9251,3,16
1784684444.624,real_q8_tensor_220w_none,3,100,11457,218.45,71,1800,9251,3,16
1784684445.199,real_q8_tensor_220w_none,0,79,11457,213.63,66,1845,9251,3,16
1784684445.199,real_q8_tensor_220w_none,1,100,11457,218.23,71,1755,9251,3,16
1784684445.199,real_q8_tensor_220w_none,2,100,11457,215.42,75,1815,9251,3,16
1784684445.199,real_q8_tensor_220w_none,3,100,11457,218.20,71,1785,9251,3,16
1784684445.802,real_q8_tensor_220w_none,0,90,11457,213.69,66,1845,9251,3,16
1784684445.802,real_q8_tensor_220w_none,1,90,11457,218.05,71,1770,9251,3,16
1784684445.802,real_q8_tensor_220w_none,2,100,11457,215.96,75,1815,9251,3,16
1784684445.802,real_q8_tensor_220w_none,3,100,11457,218.16,71,1785,9251,3,16
1784684446.405,real_q8_tensor_220w_none,0,100,11457,214.98,66,1845,9251,3,16
1784684446.405,real_q8_tensor_220w_none,1,100,11457,217.45,71,1755,9251,3,16
1784684446.405,real_q8_tensor_220w_none,2,100,11457,215.68,75,1815,9251,3,16
1784684446.405,real_q8_tensor_220w_none,3,100,11457,220.04,71,1785,9251,3,16
1784684446.997,real_q8_tensor_220w_none,0,100,11457,213.82,66,1845,9251,3,16
1784684446.997,real_q8_tensor_220w_none,1,100,11457,217.76,71,1770,9251,3,16
1784684446.997,real_q8_tensor_220w_none,2,100,11457,215.71,75,1815,9251,3,16
1784684446.997,real_q8_tensor_220w_none,3,100,11457,218.79,71,1770,9251,3,16
1784684447.594,real_q8_tensor_220w_none,0,100,11457,215.74,66,1845,9251,3,16
1784684447.594,real_q8_tensor_220w_none,1,100,11457,219.59,71,1755,9251,3,16
1784684447.594,real_q8_tensor_220w_none,2,100,11457,217.93,75,1800,9251,3,16
1784684447.594,real_q8_tensor_220w_none,3,92,11457,218.68,71,1770,9251,3,16
1784684448.159,real_q8_tensor_220w_none,0,100,11457,213.70,66,1845,9251,3,16
1784684448.159,real_q8_tensor_220w_none,1,100,11457,217.66,71,1755,9251,3,16
1784684448.159,real_q8_tensor_220w_none,2,100,11457,215.59,75,1800,9251,3,16
1784684448.159,real_q8_tensor_220w_none,3,92,11457,218.21,71,1770,9251,3,16
1784684448.734,real_q8_tensor_220w_none,0,100,11457,214.24,66,1845,9251,3,16
1784684448.734,real_q8_tensor_220w_none,1,100,11457,219.34,71,1770,9251,3,16
1784684448.734,real_q8_tensor_220w_none,2,100,11457,216.27,75,1800,9251,3,16
1784684448.734,real_q8_tensor_220w_none,3,100,11457,218.91,71,1785,9251,3,16
1784684449.326,real_q8_tensor_220w_none,0,100,11457,213.96,66,1845,9251,3,16
1784684449.326,real_q8_tensor_220w_none,1,100,11457,217.93,71,1755,9251,3,16
1784684449.326,real_q8_tensor_220w_none,2,100,11457,214.85,75,1800,9251,3,16
1784684449.326,real_q8_tensor_220w_none,3,100,11457,217.91,71,1770,9251,3,16
1784684449.916,real_q8_tensor_220w_none,0,100,11457,216.23,66,1845,9251,3,16
1784684449.916,real_q8_tensor_220w_none,1,100,11457,218.22,71,1755,9251,3,16
1784684449.916,real_q8_tensor_220w_none,2,100,11457,215.28,75,1800,9251,3,16
1784684449.916,real_q8_tensor_220w_none,3,100,11457,220.08,71,1770,9251,3,16
1784684450.486,real_q8_tensor_220w_none,0,100,11457,214.09,66,1845,9251,3,16
1784684450.486,real_q8_tensor_220w_none,1,100,11457,218.14,71,1755,9251,3,16
1784684450.486,real_q8_tensor_220w_none,2,100,11457,214.79,75,1800,9251,3,16
1784684450.486,real_q8_tensor_220w_none,3,100,11457,217.87,71,1770,9251,3,16
1784684451.083,real_q8_tensor_220w_none,0,100,11457,214.24,66,1845,9251,3,16
1784684451.083,real_q8_tensor_220w_none,1,100,11457,219.62,71,1755,9251,3,16
1784684451.083,real_q8_tensor_220w_none,2,100,11457,216.84,75,1800,9251,3,16
1784684451.083,real_q8_tensor_220w_none,3,100,11457,219.15,71,1785,9251,3,16
1784684451.657,real_q8_tensor_220w_none,0,100,11457,214.07,66,1845,9251,3,16
1784684451.657,real_q8_tensor_220w_none,1,100,11457,217.91,71,1755,9251,3,16
1784684451.657,real_q8_tensor_220w_none,2,100,11457,215.31,75,1800,9251,3,16
1784684451.657,real_q8_tensor_220w_none,3,100,11457,218.44,71,1755,9251,3,16
1784684452.249,real_q8_tensor_220w_none,0,100,11457,213.25,66,1845,9251,3,16
1784684452.249,real_q8_tensor_220w_none,1,100,11457,219.87,71,1755,9251,3,16
1784684452.249,real_q8_tensor_220w_none,2,100,11457,217.30,75,1800,9251,3,16
1784684452.249,real_q8_tensor_220w_none,3,100,11457,218.05,71,1770,9251,3,16
1784684452.826,real_q8_tensor_220w_none,0,100,11457,213.14,66,1845,9251,3,16
1784684452.826,real_q8_tensor_220w_none,1,100,11457,217.32,71,1740,9251,3,16
1784684452.826,real_q8_tensor_220w_none,2,100,11457,214.00,75,1785,9251,3,16
1784684452.826,real_q8_tensor_220w_none,3,100,11457,217.74,71,1785,9251,3,16
1784684453.400,real_q8_tensor_220w_none,0,100,11457,214.00,66,1845,9251,3,16
1784684453.400,real_q8_tensor_220w_none,1,100,11457,217.18,71,1770,9251,3,16
1784684453.400,real_q8_tensor_220w_none,2,100,11457,213.89,75,1785,9251,3,16
1784684453.400,real_q8_tensor_220w_none,3,100,11457,218.27,71,1785,9251,3,16
1784684453.975,real_q8_tensor_220w_none,0,100,11457,214.07,65,1845,9251,3,16
1784684453.975,real_q8_tensor_220w_none,1,100,11457,217.31,71,1740,9251,3,16
1784684453.975,real_q8_tensor_220w_none,2,100,11457,215.34,75,1800,9251,3,16
1784684453.975,real_q8_tensor_220w_none,3,100,11457,218.24,70,1740,9251,3,16
1784684454.569,real_q8_tensor_220w_none,0,100,11457,213.25,66,1830,9251,3,16
1784684454.569,real_q8_tensor_220w_none,1,100,11457,217.44,71,1740,9251,3,16
1784684454.569,real_q8_tensor_220w_none,2,100,11457,216.38,75,1785,9251,3,16
1784684454.569,real_q8_tensor_220w_none,3,100,11457,218.09,71,1770,9251,3,16
1784684455.143,real_q8_tensor_220w_none,0,100,11457,214.07,65,1830,9251,3,16
1784684455.143,real_q8_tensor_220w_none,1,100,11457,216.71,71,1740,9251,3,16
1784684455.143,real_q8_tensor_220w_none,2,100,11457,215.67,75,1785,9251,3,16
1784684455.143,real_q8_tensor_220w_none,3,100,11457,218.23,70,1770,9251,3,16
1784684455.744,real_q8_tensor_220w_none,0,100,11457,212.99,66,1830,9251,3,16
1784684455.744,real_q8_tensor_220w_none,1,100,11457,216.67,71,1740,9251,3,16
1784684455.744,real_q8_tensor_220w_none,2,100,11457,216.39,75,1785,9251,3,16
1784684455.744,real_q8_tensor_220w_none,3,100,11457,217.22,71,1770,9251,3,16
1784684456.320,real_q8_tensor_220w_none,0,100,11457,215.29,65,1905,9251,3,16
1784684456.320,real_q8_tensor_220w_none,1,100,11457,216.62,71,1875,9251,3,16
1784684456.320,real_q8_tensor_220w_none,2,100,11457,215.70,75,1875,9251,3,16
1784684456.320,real_q8_tensor_220w_none,3,100,11457,219.02,71,1890,9251,3,16
1784684456.920,real_q8_tensor_220w_none,0,100,11457,213.03,66,1845,9251,3,16
1784684456.920,real_q8_tensor_220w_none,1,100,11457,216.70,71,1755,9251,3,16
1784684456.920,real_q8_tensor_220w_none,2,100,11457,215.54,75,1785,9251,3,16
1784684456.920,real_q8_tensor_220w_none,3,100,11457,217.48,71,1755,9251,3,16
1784684457.513,real_q8_tensor_220w_none,0,100,11457,215.10,66,1830,9251,3,16
1784684457.513,real_q8_tensor_220w_none,1,100,11457,218.76,71,1740,9251,3,16
1784684457.513,real_q8_tensor_220w_none,2,100,11457,218.18,76,1785,9251,3,16
1784684457.513,real_q8_tensor_220w_none,3,100,11457,218.36,71,1755,9251,3,16
1784684458.078,real_q8_tensor_220w_none,0,100,11457,212.94,66,1830,9251,3,16
1784684458.078,real_q8_tensor_220w_none,1,100,11457,216.81,71,1740,9251,3,16
1784684458.078,real_q8_tensor_220w_none,2,100,11457,215.86,75,1800,9251,3,16
1784684458.078,real_q8_tensor_220w_none,3,100,11457,217.34,71,1755,9251,3,16
1784684458.678,real_q8_tensor_220w_none,0,100,11457,212.36,66,1830,9251,3,16
1784684458.678,real_q8_tensor_220w_none,1,100,11457,219.52,71,1740,9251,3,16
1784684458.678,real_q8_tensor_220w_none,2,100,11457,218.07,75,1800,9251,3,16
1784684458.678,real_q8_tensor_220w_none,3,100,11457,219.10,71,1755,9251,3,16
1784684459.257,real_q8_tensor_220w_none,0,72,11457,212.16,65,1845,9251,3,16
1784684459.257,real_q8_tensor_220w_none,1,83,11457,217.22,70,1740,9251,3,16
1784684459.257,real_q8_tensor_220w_none,2,83,11457,215.10,74,1800,9251,3,16
1784684459.257,real_q8_tensor_220w_none,3,73,11457,216.97,71,1740,9251,3,16
1784684459.832,real_q8_tensor_220w_none,0,72,11457,212.69,66,1830,9251,3,16
1784684459.832,real_q8_tensor_220w_none,1,83,11457,216.83,71,1725,9251,3,16
1784684459.832,real_q8_tensor_220w_none,2,83,11457,215.20,75,1770,9251,3,16
1784684459.832,real_q8_tensor_220w_none,3,73,11457,216.64,71,1755,9251,3,16
1784684460.406,real_q8_tensor_220w_none,0,78,11457,212.72,65,1905,9251,3,16
1784684460.406,real_q8_tensor_220w_none,1,100,11457,218.20,71,1710,9251,3,16
1784684460.406,real_q8_tensor_220w_none,2,100,11457,217.38,75,1875,9251,3,16
1784684460.406,real_q8_tensor_220w_none,3,73,11457,215.83,71,1770,9251,3,16
1784684461.003,real_q8_tensor_220w_none,0,78,11457,212.13,66,1815,9251,3,16
1784684461.003,real_q8_tensor_220w_none,1,100,11457,216.32,71,1740,9251,3,16
1784684461.003,real_q8_tensor_220w_none,2,100,11457,215.24,75,1785,9251,3,16
1784684461.003,real_q8_tensor_220w_none,3,73,11457,216.74,71,1755,9251,3,16
1784684461.603,real_q8_tensor_220w_none,0,100,11457,214.19,66,1860,9251,3,16
1784684461.603,real_q8_tensor_220w_none,1,100,11457,218.13,71,1755,9251,3,16
1784684461.603,real_q8_tensor_220w_none,2,100,11457,216.23,75,1815,9251,3,16
1784684461.603,real_q8_tensor_220w_none,3,100,11457,218.49,71,1755,9251,3,16
1784684462.199,real_q8_tensor_220w_none,0,100,11457,212.58,66,1830,9251,3,16
1784684462.199,real_q8_tensor_220w_none,1,100,11457,216.74,71,1755,9251,3,16
1784684462.199,real_q8_tensor_220w_none,2,100,11457,214.29,75,1770,9251,3,16
1784684462.199,real_q8_tensor_220w_none,3,100,11457,217.09,71,1770,9251,3,16
1784684462.775,real_q8_tensor_220w_none,0,100,11457,212.88,66,1845,9251,3,16
1784684462.775,real_q8_tensor_220w_none,1,100,11457,219.35,71,1740,9251,3,16
1784684462.775,real_q8_tensor_220w_none,2,100,11457,216.96,75,1785,9251,3,16
1784684462.775,real_q8_tensor_220w_none,3,100,11457,218.92,71,1770,9251,3,16
1784684463.350,real_q8_tensor_220w_none,0,100,11457,212.24,65,1830,9251,3,16
1784684463.350,real_q8_tensor_220w_none,1,100,11457,215.73,71,1725,9251,3,16
1784684463.350,real_q8_tensor_220w_none,2,100,11457,213.49,75,1755,9251,3,16
1784684463.350,real_q8_tensor_220w_none,3,100,11457,215.47,70,1740,9251,3,16
1784684463.929,real_q8_tensor_220w_none,0,100,11457,212.17,66,1815,9251,3,16
1784684463.929,real_q8_tensor_220w_none,1,100,11457,215.28,71,1755,9251,3,16
1784684463.929,real_q8_tensor_220w_none,2,100,11457,213.34,75,1770,9251,3,16
1784684463.929,real_q8_tensor_220w_none,3,100,11457,215.93,71,1770,9251,3,16
1784684464.500,real_q8_tensor_220w_none,0,100,11457,214.51,66,1830,9251,3,16
1784684464.500,real_q8_tensor_220w_none,1,100,11457,217.90,71,1740,9251,3,16
1784684464.500,real_q8_tensor_220w_none,2,100,11457,216.89,76,1755,9251,3,16
1784684464.500,real_q8_tensor_220w_none,3,100,11457,218.55,71,1725,9251,3,16
1784684465.084,real_q8_tensor_220w_none,0,71,11457,211.65,66,1815,9251,3,16
1784684465.084,real_q8_tensor_220w_none,1,80,11457,216.42,71,1725,9251,3,16
1784684465.084,real_q8_tensor_220w_none,2,82,11457,216.09,75,1755,9251,3,16
1784684465.084,real_q8_tensor_220w_none,3,100,11457,216.64,71,1770,9251,3,16
1784684465.658,real_q8_tensor_220w_none,0,71,11457,212.02,66,1830,9251,3,16
1784684465.658,real_q8_tensor_220w_none,1,80,11457,218.42,71,1725,9251,3,16
1784684465.658,real_q8_tensor_220w_none,2,82,11457,218.46,76,1785,9251,3,16
1784684465.658,real_q8_tensor_220w_none,3,100,11457,218.02,71,1725,9251,3,16
1784684466.258,real_q8_tensor_220w_none,0,100,11457,213.79,66,1905,9251,3,16
1784684466.258,real_q8_tensor_220w_none,1,70,11457,215.73,72,1875,9251,3,16
1784684466.258,real_q8_tensor_220w_none,2,71,11457,213.97,75,1830,9251,3,16
1784684466.258,real_q8_tensor_220w_none,3,100,11457,218.30,71,1890,9251,3,16
1784684466.836,real_q8_tensor_220w_none,0,100,11457,211.56,66,1815,9251,3,16
1784684466.836,real_q8_tensor_220w_none,1,70,11457,216.84,71,1725,9251,3,16
1784684466.836,real_q8_tensor_220w_none,2,71,11457,214.10,75,1785,9251,3,16
1784684466.836,real_q8_tensor_220w_none,3,100,11457,216.50,71,1755,9251,3,16
1784684467.410,real_q8_tensor_220w_none,0,100,11457,214.95,66,1785,9251,3,16
1784684467.410,real_q8_tensor_220w_none,1,100,11457,218.96,71,1710,9251,3,16
1784684467.410,real_q8_tensor_220w_none,2,100,11457,217.95,76,1770,9251,3,16
1784684467.410,real_q8_tensor_220w_none,3,100,11457,217.92,71,1770,9251,3,16
1784684467.985,real_q8_tensor_220w_none,0,100,11457,211.87,66,1830,9251,3,16
1784684467.985,real_q8_tensor_220w_none,1,100,11457,215.08,71,1725,9251,3,16
1784684467.985,real_q8_tensor_220w_none,2,100,11457,213.86,75,1785,9251,3,16
1784684467.985,real_q8_tensor_220w_none,3,100,11457,215.44,71,1740,9251,3,16
1784684468.580,real_q8_tensor_220w_none,0,100,11457,213.70,66,1815,9251,3,16
1784684468.580,real_q8_tensor_220w_none,1,100,11457,215.55,71,1740,9251,3,16
1784684468.580,real_q8_tensor_220w_none,2,100,11457,213.27,76,1755,9251,3,16
1784684468.580,real_q8_tensor_220w_none,3,100,11457,218.43,71,1740,9251,3,16
1784684469.178,real_q8_tensor_220w_none,0,100,11457,214.17,66,1830,9251,3,16
1784684469.178,real_q8_tensor_220w_none,1,100,11457,218.49,71,1710,9251,3,16
1784684469.178,real_q8_tensor_220w_none,2,100,11457,217.16,76,1755,9251,3,16
1784684469.178,real_q8_tensor_220w_none,3,100,11457,217.81,71,1740,9251,3,16
1784684469.742,real_q8_tensor_220w_none,0,71,11457,210.75,66,1815,9251,3,16
1784684469.742,real_q8_tensor_220w_none,1,100,11457,215.67,71,1740,9251,3,16
1784684469.742,real_q8_tensor_220w_none,2,100,11457,215.08,75,1755,9251,3,16
1784684469.742,real_q8_tensor_220w_none,3,73,11457,215.47,71,1740,9251,3,16
1784684470.342,real_q8_tensor_220w_none,0,71,11457,212.71,66,1800,9251,3,16
1784684470.342,real_q8_tensor_220w_none,1,100,11457,217.48,71,1755,9251,3,16
1784684470.342,real_q8_tensor_220w_none,2,100,11457,216.90,75,1755,9251,3,16
1784684470.342,real_q8_tensor_220w_none,3,73,11457,218.01,71,1770,9251,3,16
1784684470.917,real_q8_tensor_220w_none,0,93,11457,212.86,66,1890,9251,3,16
1784684470.917,real_q8_tensor_220w_none,1,100,11457,217.82,71,1830,9251,3,16
1784684470.917,real_q8_tensor_220w_none,2,100,11457,216.01,76,1830,9251,3,16
1784684470.917,real_q8_tensor_220w_none,3,84,11457,216.58,70,1845,9251,3,16
1784684471.489,real_q8_tensor_220w_none,0,93,11457,210.85,66,1815,9251,3,16
1784684471.489,real_q8_tensor_220w_none,1,100,11457,215.74,71,1740,9251,3,16
1784684471.489,real_q8_tensor_220w_none,2,100,11457,212.85,75,1755,9251,3,16
1784684471.489,real_q8_tensor_220w_none,3,84,11457,216.14,71,1755,9251,3,16
1784684472.064,real_q8_tensor_220w_none,0,100,11457,211.96,66,1785,9251,3,16
1784684472.064,real_q8_tensor_220w_none,1,100,11457,217.31,71,1740,9251,3,16
1784684472.064,real_q8_tensor_220w_none,2,100,11457,216.14,75,1755,9251,3,16
1784684472.064,real_q8_tensor_220w_none,3,100,11457,216.71,71,1755,9251,3,16
1784684472.638,real_q8_tensor_220w_none,0,100,11457,214.22,66,1905,9251,3,16
1784684472.638,real_q8_tensor_220w_none,1,100,11457,214.20,71,1860,9251,3,16
1784684472.638,real_q8_tensor_220w_none,2,100,11457,212.32,76,1845,9251,3,16
1784684472.638,real_q8_tensor_220w_none,3,100,11457,217.49,71,1875,9251,3,16
1784684473.229,real_q8_tensor_220w_none,0,100,11457,211.18,66,1815,9251,3,16
1784684473.229,real_q8_tensor_220w_none,1,75,11457,214.97,71,1710,9251,3,16
1784684473.229,real_q8_tensor_220w_none,2,77,11457,213.13,75,1740,9251,3,16
1784684473.229,real_q8_tensor_220w_none,3,100,11457,215.41,71,1725,9251,3,16
1784684473.804,real_q8_tensor_220w_none,0,100,11457,214.00,66,1785,9251,3,16
1784684473.804,real_q8_tensor_220w_none,1,100,11457,217.65,71,1740,9251,3,16
1784684473.804,real_q8_tensor_220w_none,2,77,11457,215.70,75,1740,9251,3,16
1784684473.804,real_q8_tensor_220w_none,3,100,11457,218.23,71,1755,9251,3,16
1784684474.396,real_q8_tensor_220w_none,0,67,11457,209.36,66,1905,9251,3,16
1784684474.396,real_q8_tensor_220w_none,1,100,11457,217.48,71,1860,9251,3,16
1784684474.396,real_q8_tensor_220w_none,2,98,11457,214.51,75,1830,9251,3,16
1784684474.396,real_q8_tensor_220w_none,3,68,11457,215.09,71,1875,9251,3,16
1784684474.971,real_q8_tensor_220w_none,0,67,11457,209.80,66,1800,9251,3,16
1784684474.971,real_q8_tensor_220w_none,1,100,11457,214.53,71,1710,9251,3,16
1784684474.971,real_q8_tensor_220w_none,2,98,11457,213.32,75,1740,9251,3,16
1784684474.971,real_q8_tensor_220w_none,3,68,11457,215.15,71,1755,9251,3,16
1784684475.545,real_q8_tensor_220w_none,0,100,11457,214.60,66,1815,9251,3,16
1784684475.545,real_q8_tensor_220w_none,1,100,11457,216.67,71,1710,9251,3,16
1784684475.545,real_q8_tensor_220w_none,2,100,11457,215.75,75,1740,9251,3,16
1784684475.545,real_q8_tensor_220w_none,3,100,11457,218.10,71,1740,9251,3,16
1784684476.119,real_q8_tensor_220w_none,0,100,11457,213.38,65,1905,9251,3,16
1784684476.119,real_q8_tensor_220w_none,1,100,11457,213.81,71,1845,9251,3,16
1784684476.119,real_q8_tensor_220w_none,2,100,11457,213.65,75,1845,9251,3,16
1784684476.119,real_q8_tensor_220w_none,3,100,11457,217.56,71,1860,9251,3,16
1784684476.711,real_q8_tensor_220w_none,0,100,11457,210.92,66,1800,9251,3,16
1784684476.711,real_q8_tensor_220w_none,1,96,11457,215.73,71,1695,9251,3,16
1784684476.711,real_q8_tensor_220w_none,2,100,11457,215.93,75,1740,9251,3,16
1784684476.711,real_q8_tensor_220w_none,3,100,11457,215.40,71,1725,9251,3,16
1784684477.311,real_q8_tensor_220w_none,0,100,11457,213.96,66,1830,9251,3,16
1784684477.311,real_q8_tensor_220w_none,1,100,11457,219.57,71,1725,9251,3,16
1784684477.311,real_q8_tensor_220w_none,2,100,11457,218.71,75,1755,9251,3,16
1784684477.311,real_q8_tensor_220w_none,3,100,11457,217.24,71,1740,9251,3,16
1784684477.885,real_q8_tensor_220w_none,0,73,11457,211.36,66,1905,9251,3,16
1784684477.885,real_q8_tensor_220w_none,1,100,11457,217.89,71,1875,9251,3,16
1784684477.885,real_q8_tensor_220w_none,2,100,11457,216.65,75,1860,9251,3,16
1784684477.885,real_q8_tensor_220w_none,3,68,11457,214.40,70,1875,9251,3,16
1784684478.478,real_q8_tensor_220w_none,0,73,11457,211.15,66,1785,9251,3,16
1784684478.478,real_q8_tensor_220w_none,1,100,11457,214.82,71,1695,9251,3,16
1784684478.478,real_q8_tensor_220w_none,2,100,11457,213.59,75,1740,9251,3,16
1784684478.478,real_q8_tensor_220w_none,3,68,11457,214.83,71,1710,9251,3,16
1784684479.052,real_q8_tensor_220w_none,0,100,11457,213.42,66,1800,9251,3,16
1784684479.052,real_q8_tensor_220w_none,1,100,11457,216.98,71,1695,9251,3,16
1784684479.052,real_q8_tensor_220w_none,2,100,11457,215.30,75,1785,9251,3,16
1784684479.052,real_q8_tensor_220w_none,3,100,11457,217.25,71,1725,9251,3,16
1784684479.627,real_q8_tensor_220w_none,0,100,11457,213.12,66,1785,9251,3,16
1784684479.627,real_q8_tensor_220w_none,1,100,11457,217.62,71,1740,9251,3,16
1784684479.627,real_q8_tensor_220w_none,2,100,11457,215.03,75,1740,9251,3,16
1784684479.627,real_q8_tensor_220w_none,3,100,11457,216.77,71,1755,9251,3,16
1784684480.195,real_q8_tensor_220w_none,0,72,11457,210.68,66,1815,9251,3,16
1784684480.195,real_q8_tensor_220w_none,1,83,11457,215.81,71,1695,9251,3,16
1784684480.195,real_q8_tensor_220w_none,2,67,11457,213.44,75,1785,9251,3,16
1784684480.195,real_q8_tensor_220w_none,3,83,11457,215.16,71,1710,9251,3,16
1784684480.796,real_q8_tensor_220w_none,0,83,11457,215.15,66,1830,9251,3,16
1784684480.796,real_q8_tensor_220w_none,1,100,11457,216.02,71,1710,9251,3,16
1784684480.796,real_q8_tensor_220w_none,2,67,11457,214.61,75,1785,9251,3,16
1784684480.796,real_q8_tensor_220w_none,3,83,11457,216.88,71,1710,9251,3,16
1784684481.395,real_q8_tensor_220w_none,0,100,11457,214.40,66,1785,9251,3,16
1784684481.395,real_q8_tensor_220w_none,1,100,11457,217.08,71,1695,9251,3,16
1784684481.395,real_q8_tensor_220w_none,2,100,11457,215.47,75,1770,9251,3,16
1784684481.395,real_q8_tensor_220w_none,3,100,11457,216.20,71,1710,9251,3,16
1784684481.980,real_q8_tensor_220w_none,0,100,11457,212.12,65,1770,9251,3,16
1784684481.980,real_q8_tensor_220w_none,1,67,11457,214.73,71,1680,9251,3,16
1784684481.980,real_q8_tensor_220w_none,2,100,11457,212.82,75,1740,9251,3,16
1784684481.980,real_q8_tensor_220w_none,3,100,11457,213.79,70,1710,9251,3,16
1784684482.556,real_q8_tensor_220w_none,0,100,11457,212.18,66,1785,9251,3,16
1784684482.556,real_q8_tensor_220w_none,1,67,11457,216.35,71,1680,9251,3,16
1784684482.556,real_q8_tensor_220w_none,2,100,11457,215.40,75,1740,9251,3,16
1784684482.556,real_q8_tensor_220w_none,3,100,11457,213.60,71,1710,9251,3,16
1784684483.130,real_q8_tensor_220w_none,0,100,11457,214.91,66,1785,9251,3,16
1784684483.130,real_q8_tensor_220w_none,1,100,11457,216.92,71,1680,9251,3,16
1784684483.130,real_q8_tensor_220w_none,2,100,11457,215.28,75,1770,9251,3,16
1784684483.130,real_q8_tensor_220w_none,3,100,11457,216.72,71,1710,9251,3,16
1784684483.704,real_q8_tensor_220w_none,0,87,11457,213.40,65,1890,9251,3,16
1784684483.704,real_q8_tensor_220w_none,1,100,11457,216.56,71,1890,9251,3,16
1784684483.704,real_q8_tensor_220w_none,2,100,11457,215.69,76,1845,9251,3,16
1784684483.704,real_q8_tensor_220w_none,3,80,11457,214.52,70,1905,9251,3,16
1784684484.304,real_q8_tensor_220w_none,0,100,11457,211.57,66,1800,9251,3,16
1784684484.304,real_q8_tensor_220w_none,1,82,11457,214.18,71,1695,9251,3,16
1784684484.304,real_q8_tensor_220w_none,2,100,11457,212.89,75,1740,9251,3,16
1784684484.304,real_q8_tensor_220w_none,3,80,11457,214.21,71,1710,9251,3,16
1784684484.878,real_q8_tensor_220w_none,0,100,11457,213.78,66,1785,9251,3,16
1784684484.878,real_q8_tensor_220w_none,1,82,11457,216.51,71,1680,9251,3,16
1784684484.878,real_q8_tensor_220w_none,2,100,11457,215.64,75,1740,9251,3,16
1784684484.878,real_q8_tensor_220w_none,3,100,11457,216.28,71,1710,9251,3,16
1784684485.473,real_q8_tensor_220w_none,0,100,11457,213.70,66,1785,9251,3,16
1784684485.473,real_q8_tensor_220w_none,1,100,11457,216.43,72,1680,9251,3,16
1784684485.473,real_q8_tensor_220w_none,2,100,11457,215.54,75,1755,9251,3,16
1784684485.473,real_q8_tensor_220w_none,3,100,11457,216.23,71,1695,9251,3,16
1784684486.040,real_q8_tensor_220w_none,0,100,11457,209.11,66,1785,9251,3,16
1784684486.040,real_q8_tensor_220w_none,1,100,11457,214.03,71,1680,9251,3,16
1784684486.040,real_q8_tensor_220w_none,2,70,11457,212.43,75,1755,9251,3,16
1784684486.040,real_q8_tensor_220w_none,3,65,11457,213.74,71,1695,9251,3,16
1784684486.635,real_q8_tensor_220w_none,0,100,11457,209.98,66,1770,9251,3,16
1784684486.635,real_q8_tensor_220w_none,1,100,11457,217.08,71,1665,9251,3,16
1784684486.635,real_q8_tensor_220w_none,2,70,11457,216.38,75,1740,9251,3,16
1784684486.635,real_q8_tensor_220w_none,3,65,11457,214.22,71,1710,9251,3,16
1784684487.210,real_q8_tensor_220w_none,0,95,11457,215.20,66,1800,9251,3,16
1784684487.210,real_q8_tensor_220w_none,1,100,11457,215.79,72,1665,9251,3,16
1784684487.210,real_q8_tensor_220w_none,2,100,11457,214.84,75,1770,9251,3,16
1784684487.210,real_q8_tensor_220w_none,3,100,11457,215.60,71,1695,9251,3,16
1784684487.824,real_q8_tensor_220w_none,0,97,11457,215.10,65,1725,9251,3,16
1784684487.824,real_q8_tensor_220w_none,1,100,11457,212.82,71,1695,9251,3,16
1784684487.824,real_q8_tensor_220w_none,2,100,11457,211.39,75,1665,9251,3,16
1784684487.824,real_q8_tensor_220w_none,3,100,11457,214.57,70,1680,9251,3,16
1784684488.447,real_q8_tensor_220w_none,0,97,11457,206.02,64,1770,9251,3,16
1784684488.447,real_q8_tensor_220w_none,1,72,11457,208.30,71,1680,9251,3,16
1784684488.447,real_q8_tensor_220w_none,2,73,11457,205.94,74,1770,9251,3,16
1784684488.447,real_q8_tensor_220w_none,3,100,11457,209.27,70,1695,9251,3,16
1784684489.064,real_q8_tensor_220w_none,0,34,11457,189.69,64,1785,9251,3,16
1784684489.064,real_q8_tensor_220w_none,1,72,11457,197.86,70,1665,9251,3,16
1784684489.064,real_q8_tensor_220w_none,2,73,11457,193.39,74,1740,9251,3,16
1784684489.064,real_q8_tensor_220w_none,3,100,11457,198.37,69,1815,9251,3,16
1784684489.737,real_q8_tensor_220w_none,0,92,11457,192.12,65,1800,9251,3,16
1784684489.737,real_q8_tensor_220w_none,1,91,11457,202.77,71,1680,9251,3,16
1784684489.737,real_q8_tensor_220w_none,2,91,11457,195.78,74,1755,9251,3,16
1784684489.737,real_q8_tensor_220w_none,3,91,11457,202.75,70,1710,9251,3,16
1784684490.339,real_q8_tensor_220w_none,0,94,11457,213.81,65,1740,9251,3,16
1784684490.339,real_q8_tensor_220w_none,1,91,11457,217.99,70,1665,9251,3,16
1784684490.339,real_q8_tensor_220w_none,2,91,11457,216.63,74,1710,9251,3,16
1784684490.339,real_q8_tensor_220w_none,3,91,11457,217.02,69,1695,9251,3,16
1784684490.918,real_q8_tensor_220w_none,0,94,11457,219.56,65,1785,9251,3,16
1784684490.918,real_q8_tensor_220w_none,1,93,11457,219.81,71,1680,9251,3,16
1784684490.918,real_q8_tensor_220w_none,2,93,11457,219.80,74,1740,9251,3,16
1784684490.918,real_q8_tensor_220w_none,3,93,11457,219.99,70,1695,9251,3,16
1784684491.496,real_q8_tensor_220w_none,0,92,11457,219.50,65,1770,9251,3,16
1784684491.496,real_q8_tensor_220w_none,1,93,11457,219.89,70,1695,9251,3,16
1784684491.496,real_q8_tensor_220w_none,2,93,11457,219.54,74,1725,9251,3,16
1784684491.496,real_q8_tensor_220w_none,3,93,11457,219.73,69,1695,9251,3,16
1784684492.090,real_q8_tensor_220w_none,0,92,11457,219.18,65,1785,9251,3,16
1784684492.090,real_q8_tensor_220w_none,1,93,11457,219.12,70,1665,9251,3,16
1784684492.090,real_q8_tensor_220w_none,2,93,11457,219.38,74,1725,9251,3,16
1784684492.090,real_q8_tensor_220w_none,3,91,11457,219.14,70,1680,9251,3,16
1784684492.673,real_q8_tensor_220w_none,0,94,11457,220.00,65,1770,9251,3,16
1784684492.673,real_q8_tensor_220w_none,1,93,11457,220.05,71,1680,9251,3,16
1784684492.673,real_q8_tensor_220w_none,2,93,11457,219.65,74,1725,9251,3,16
1784684492.673,real_q8_tensor_220w_none,3,91,11457,220.05,70,1695,9251,3,16
1784684493.270,real_q8_tensor_220w_none,0,94,11457,218.96,65,1755,9251,3,16
1784684493.270,real_q8_tensor_220w_none,1,93,11457,219.08,70,1650,9251,3,16
1784684493.270,real_q8_tensor_220w_none,2,94,11457,218.91,74,1710,9251,3,16
1784684493.270,real_q8_tensor_220w_none,3,94,11457,219.17,69,1680,9251,3,16
1784684493.883,real_q8_tensor_220w_none,0,93,11457,219.59,65,1770,9251,3,16
1784684493.883,real_q8_tensor_220w_none,1,93,11457,220.01,70,1665,9251,3,16
1784684493.883,real_q8_tensor_220w_none,2,94,11457,219.48,74,1725,9251,3,16
1784684493.883,real_q8_tensor_220w_none,3,94,11457,219.79,70,1695,9251,3,16
1784684494.466,real_q8_tensor_220w_none,0,93,11457,219.23,65,1770,9251,3,16
1784684494.466,real_q8_tensor_220w_none,1,93,11457,219.50,70,1665,9251,3,16
1784684494.466,real_q8_tensor_220w_none,2,93,11457,219.40,74,1725,9251,3,16
1784684494.466,real_q8_tensor_220w_none,3,93,11457,219.76,69,1695,9251,3,16
1784684495.044,real_q8_tensor_220w_none,0,100,11457,185.63,65,1860,9251,3,16
1784684495.044,real_q8_tensor_220w_none,1,93,11457,192.74,71,1800,9251,3,16
1784684495.044,real_q8_tensor_220w_none,2,93,11457,188.29,74,1830,9251,3,16
1784684495.044,real_q8_tensor_220w_none,3,93,11457,193.72,69,1815,9251,3,16
1784684495.664,real_q8_tensor_220w_none,0,100,11457,192.02,65,1875,9251,3,16
1784684495.664,real_q8_tensor_220w_none,1,80,11457,197.40,71,1785,9251,3,16
1784684495.664,real_q8_tensor_220w_none,2,81,11457,190.33,74,1830,9251,3,16
1784684495.664,real_q8_tensor_220w_none,3,100,11457,200.71,70,1815,9251,3,16
1784684496.263,real_q8_tensor_220w_none,0,100,11457,214.61,65,1860,9251,3,16
1784684496.263,real_q8_tensor_220w_none,1,92,11457,217.91,71,1755,9251,3,16
1784684496.263,real_q8_tensor_220w_none,2,100,11457,214.18,75,1830,9251,3,16
1784684496.263,real_q8_tensor_220w_none,3,100,11457,216.43,70,1800,9251,3,16
1784684496.860,real_q8_tensor_220w_none,0,100,11457,214.90,65,1845,9251,3,16
1784684496.860,real_q8_tensor_220w_none,1,100,11457,218.12,71,1770,9251,3,16
1784684496.860,real_q8_tensor_220w_none,2,100,11457,215.08,75,1815,9251,3,16
1784684496.860,real_q8_tensor_220w_none,3,100,11457,216.84,70,1815,9251,3,16
1784684497.459,real_q8_tensor_220w_none,0,100,11457,214.90,66,1860,9251,3,16
1784684497.459,real_q8_tensor_220w_none,1,100,11457,218.72,71,1770,9251,3,16
1784684497.459,real_q8_tensor_220w_none,2,100,11457,215.11,74,1830,9251,3,16
1784684497.459,real_q8_tensor_220w_none,3,100,11457,217.56,70,1815,9251,3,16
1784684498.056,real_q8_tensor_220w_none,0,100,11457,214.43,66,1845,9251,3,16
1784684498.056,real_q8_tensor_220w_none,1,100,11457,218.08,71,1785,9251,3,16
1784684498.056,real_q8_tensor_220w_none,2,100,11457,214.62,75,1830,9251,3,16
1784684498.056,real_q8_tensor_220w_none,3,100,11457,217.07,70,1800,9251,3,16
1784684498.648,real_q8_tensor_220w_none,0,80,11457,214.49,65,1860,9251,3,16
1784684498.648,real_q8_tensor_220w_none,1,100,11457,218.16,71,1770,9251,3,16
1784684498.648,real_q8_tensor_220w_none,2,100,11457,214.74,75,1815,9251,3,16
1784684498.648,real_q8_tensor_220w_none,3,100,11457,216.67,70,1800,9251,3,16
1784684499.222,real_q8_tensor_220w_none,0,80,11457,214.57,66,1860,9251,3,16
1784684499.222,real_q8_tensor_220w_none,1,100,11457,218.06,71,1785,9251,3,16
1784684499.222,real_q8_tensor_220w_none,2,100,11457,214.95,75,1815,9251,3,16
1784684499.222,real_q8_tensor_220w_none,3,100,11457,216.78,70,1800,9251,3,16
1784684499.799,real_q8_tensor_220w_none,0,100,11457,214.73,65,1860,9251,3,16
1784684499.799,real_q8_tensor_220w_none,1,90,11457,218.23,71,1770,9251,3,16
1784684499.799,real_q8_tensor_220w_none,2,100,11457,215.15,75,1815,9251,3,16
1784684499.799,real_q8_tensor_220w_none,3,100,11457,216.80,71,1800,9251,3,16
1784684500.375,real_q8_tensor_220w_none,0,100,11457,215.33,66,1860,9251,3,16
1784684500.375,real_q8_tensor_220w_none,1,100,11457,218.07,72,1770,9251,3,16
1784684500.375,real_q8_tensor_220w_none,2,100,11457,215.05,75,1815,9251,3,16
1784684500.375,real_q8_tensor_220w_none,3,100,11457,219.76,71,1770,9251,3,16
1784684500.947,real_q8_tensor_220w_none,0,91,11457,214.35,66,1845,9251,3,16
1784684500.947,real_q8_tensor_220w_none,1,100,11457,217.62,71,1755,9251,3,16
1784684500.947,real_q8_tensor_220w_none,2,100,11457,215.31,75,1815,9251,3,16
1784684500.947,real_q8_tensor_220w_none,3,100,11457,218.39,70,1800,9251,3,16
1784684501.523,real_q8_tensor_220w_none,0,91,11457,214.30,66,1890,9251,3,16
1784684501.523,real_q8_tensor_220w_none,1,85,11457,218.16,71,1845,9251,3,16
1784684501.523,real_q8_tensor_220w_none,2,85,11457,216.25,75,1815,9251,3,16
1784684501.523,real_q8_tensor_220w_none,3,100,11457,218.42,71,1860,9251,3,16
1784684502.122,real_q8_tensor_220w_none,0,100,11457,213.97,66,1845,9251,3,16
1784684502.122,real_q8_tensor_220w_none,1,85,11457,218.49,71,1770,9251,3,16
1784684502.122,real_q8_tensor_220w_none,2,85,11457,215.69,75,1815,9251,3,16
1784684502.122,real_q8_tensor_220w_none,3,100,11457,218.80,71,1800,9251,3,16
1784684502.698,real_q8_tensor_220w_none,0,100,11457,213.63,66,1890,9251,3,16
1784684502.698,real_q8_tensor_220w_none,1,100,11457,219.93,72,1860,9251,3,16
1784684502.698,real_q8_tensor_220w_none,2,100,11457,217.25,75,1860,9251,3,16
1784684502.698,real_q8_tensor_220w_none,3,78,11457,217.34,70,1890,9251,3,16
1784684503.272,real_q8_tensor_220w_none,0,100,11457,213.68,66,1860,9251,3,16
1784684503.272,real_q8_tensor_220w_none,1,89,11457,218.27,71,1770,9251,3,16
1784684503.272,real_q8_tensor_220w_none,2,89,11457,215.35,75,1800,9251,3,16
1784684503.272,real_q8_tensor_220w_none,3,89,11457,218.43,71,1785,9251,3,16
1784684503.851,real_q8_tensor_220w_none,0,100,11457,215.48,66,1905,9251,3,16
1784684503.851,real_q8_tensor_220w_none,1,78,11457,217.49,71,1755,9251,3,16
1784684503.851,real_q8_tensor_220w_none,2,78,11457,214.59,75,1875,9251,3,16
1784684503.851,real_q8_tensor_220w_none,3,100,11457,220.39,71,1800,9251,3,16
1784684504.431,real_q8_tensor_220w_none,0,100,11457,213.75,66,1845,9251,3,16
1784684504.431,real_q8_tensor_220w_none,1,78,11457,217.99,71,1755,9251,3,16
1784684504.431,real_q8_tensor_220w_none,2,78,11457,215.26,75,1815,9251,3,16
1784684504.431,real_q8_tensor_220w_none,3,100,11457,218.40,71,1785,9251,3,16
1784684505.030,real_q8_tensor_220w_none,0,100,11457,213.68,65,1845,9251,3,16
1784684505.030,real_q8_tensor_220w_none,1,100,11457,217.18,72,1785,9251,3,16
1784684505.030,real_q8_tensor_220w_none,2,79,11457,215.68,75,1815,9251,3,16
1784684505.030,real_q8_tensor_220w_none,3,79,11457,217.26,70,1800,9251,3,16
1784684505.606,real_q8_tensor_220w_none,0,100,11457,213.51,66,1845,9251,3,16
1784684505.606,real_q8_tensor_220w_none,1,100,11457,218.27,71,1755,9251,3,16
1784684505.606,real_q8_tensor_220w_none,2,79,11457,215.59,75,1815,9251,3,16
1784684505.606,real_q8_tensor_220w_none,3,79,11457,218.08,71,1785,9251,3,16
1784684506.207,real_q8_tensor_220w_none,0,100,11457,213.00,66,1845,9251,3,16
1784684506.207,real_q8_tensor_220w_none,1,78,11457,217.61,71,1770,9251,3,16
1784684506.207,real_q8_tensor_220w_none,2,78,11457,214.55,75,1800,9251,3,16
1784684506.207,real_q8_tensor_220w_none,3,78,11457,218.09,71,1770,9251,3,16
1784684506.783,real_q8_tensor_220w_none,0,100,11457,213.34,66,1845,9251,3,16
1784684506.783,real_q8_tensor_220w_none,1,100,11457,217.87,72,1755,9251,3,16
1784684506.783,real_q8_tensor_220w_none,2,89,11457,215.84,75,1815,9251,3,16
1784684506.783,real_q8_tensor_220w_none,3,100,11457,218.40,71,1785,9251,3,16
1784684507.411,real_q8_tensor_220w_none,0,100,11457,213.17,66,1845,9251,3,16
1784684507.411,real_q8_tensor_220w_none,1,77,11457,217.44,72,1755,9251,3,16
1784684507.411,real_q8_tensor_220w_none,2,100,11457,215.71,75,1815,9251,3,16
1784684507.411,real_q8_tensor_220w_none,3,100,11457,218.01,71,1785,9251,3,16
1784684508.039,real_q8_tensor_220w_none,0,100,11457,212.94,66,1845,9251,3,16
1784684508.039,real_q8_tensor_220w_none,1,100,11457,219.30,72,1770,9251,3,16
1784684508.039,real_q8_tensor_220w_none,2,100,11457,217.87,75,1800,9251,3,16
1784684508.039,real_q8_tensor_220w_none,3,100,11457,218.24,71,1770,9251,3,16
1784684508.633,real_q8_tensor_220w_none,0,100,11457,213.30,66,1845,9251,3,16
1784684508.633,real_q8_tensor_220w_none,1,100,11457,218.37,72,1740,9251,3,16
1784684508.633,real_q8_tensor_220w_none,2,100,11457,215.59,75,1800,9251,3,16
1784684508.633,real_q8_tensor_220w_none,3,100,11457,218.13,71,1785,9251,3,16
1784684509.229,real_q8_tensor_220w_none,0,100,11457,216.50,66,1905,9251,3,16
1784684509.229,real_q8_tensor_220w_none,1,100,11457,219.13,71,1860,9251,3,16
1784684509.229,real_q8_tensor_220w_none,2,96,11457,216.04,74,1845,9251,3,16
1784684509.229,real_q8_tensor_220w_none,3,100,11457,217.99,71,1875,9251,3,16
1784684509.844,real_q8_tensor_220w_none,0,100,11457,213.74,66,1845,9251,3,16
1784684509.844,real_q8_tensor_220w_none,1,100,11457,218.23,72,1755,9251,3,16
1784684509.844,real_q8_tensor_220w_none,2,100,11457,214.85,75,1800,9251,3,16
1784684509.844,real_q8_tensor_220w_none,3,100,11457,218.51,71,1785,9251,3,16
1784684510.419,real_q8_tensor_220w_none,0,100,11457,216.14,66,1905,9251,3,16
1784684510.419,real_q8_tensor_220w_none,1,100,11457,217.46,72,1860,9251,3,16
1784684510.419,real_q8_tensor_220w_none,2,100,11457,214.23,75,1845,9251,3,16
1784684510.419,real_q8_tensor_220w_none,3,100,11457,219.29,71,1875,9251,3,16
1784684511.020,real_q8_tensor_220w_none,0,88,11457,214.27,66,1845,9251,3,16
1784684511.020,real_q8_tensor_220w_none,1,100,11457,217.93,72,1755,9251,3,16
1784684511.020,real_q8_tensor_220w_none,2,100,11457,215.18,75,1800,9251,3,16
1784684511.020,real_q8_tensor_220w_none,3,100,11457,218.03,71,1770,9251,3,16
1784684511.595,real_q8_tensor_220w_none,0,100,11457,215.91,66,1845,9251,3,16
1784684511.595,real_q8_tensor_220w_none,1,100,11457,220.11,72,1755,9251,3,16
1784684511.595,real_q8_tensor_220w_none,2,100,11457,217.05,75,1800,9251,3,16
1784684511.595,real_q8_tensor_220w_none,3,100,11457,219.66,71,1785,9251,3,16
1784684512.161,real_q8_tensor_220w_none,0,100,11457,213.95,66,1845,9251,3,16
1784684512.161,real_q8_tensor_220w_none,1,100,11457,217.93,72,1740,9251,3,16
1784684512.161,real_q8_tensor_220w_none,2,100,11457,214.10,75,1785,9251,3,16
1784684512.161,real_q8_tensor_220w_none,3,76,11457,217.23,71,1785,9251,3,16
1784684512.735,real_q8_tensor_220w_none,0,100,11457,213.85,66,1830,9251,3,16
1784684512.735,real_q8_tensor_220w_none,1,100,11457,220.12,72,1755,9251,3,16
1784684512.735,real_q8_tensor_220w_none,2,100,11457,216.38,75,1800,9251,3,16
1784684512.735,real_q8_tensor_220w_none,3,88,11457,218.00,71,1785,9251,3,16
1784684513.331,real_q8_tensor_220w_none,0,100,11457,212.65,66,1830,9251,3,16
1784684513.331,real_q8_tensor_220w_none,1,100,11457,217.20,72,1755,9251,3,16
1784684513.331,real_q8_tensor_220w_none,2,100,11457,214.44,75,1785,9251,3,16
1784684513.331,real_q8_tensor_220w_none,3,100,11457,217.61,71,1770,9251,3,16
1784684513.949,real_q8_tensor_220w_none,0,100,11457,212.95,66,1845,9251,3,16
1784684513.949,real_q8_tensor_220w_none,1,100,11457,218.85,72,1755,9251,3,16
1784684513.949,real_q8_tensor_220w_none,2,100,11457,216.35,75,1785,9251,3,16
1784684513.949,real_q8_tensor_220w_none,3,100,11457,217.45,71,1770,9251,3,16
1784684514.524,real_q8_tensor_220w_none,0,100,11457,212.86,66,1830,9251,3,16
1784684514.524,real_q8_tensor_220w_none,1,75,11457,217.29,72,1725,9251,3,16
1784684514.524,real_q8_tensor_220w_none,2,76,11457,213.97,75,1800,9251,3,16
1784684514.524,real_q8_tensor_220w_none,3,76,11457,218.15,71,1755,9251,3,16
1784684515.097,real_q8_tensor_220w_none,0,100,11457,213.10,66,1845,9251,3,16
1784684515.097,real_q8_tensor_220w_none,1,75,11457,217.39,72,1755,9251,3,16
1784684515.097,real_q8_tensor_220w_none,2,76,11457,213.79,75,1785,9251,3,16
1784684515.097,real_q8_tensor_220w_none,3,76,11457,217.17,71,1785,9251,3,16
1784684515.672,real_q8_tensor_220w_none,0,100,11457,213.75,66,1830,9251,3,16
1784684515.672,real_q8_tensor_220w_none,1,75,11457,216.01,72,1725,9251,3,16
1784684515.672,real_q8_tensor_220w_none,2,75,11457,213.76,74,1785,9251,3,16
1784684515.672,real_q8_tensor_220w_none,3,75,11457,217.37,71,1770,9251,3,16
1784684516.273,real_q8_tensor_220w_none,0,100,11457,212.93,66,1845,9251,3,16
1784684516.273,real_q8_tensor_220w_none,1,87,11457,216.91,72,1755,9251,3,16
1784684516.273,real_q8_tensor_220w_none,2,100,11457,214.18,75,1785,9251,3,16
1784684516.273,real_q8_tensor_220w_none,3,87,11457,217.32,71,1770,9251,3,16
1784684516.868,real_q8_tensor_220w_none,0,100,11457,214.71,66,1905,9251,3,16
1784684516.868,real_q8_tensor_220w_none,1,80,11457,217.53,71,1875,9251,3,16
1784684516.868,real_q8_tensor_220w_none,2,75,11457,213.52,74,1860,9251,3,16
1784684516.868,real_q8_tensor_220w_none,3,74,11457,217.58,71,1890,9251,3,16
1784684517.446,real_q8_tensor_220w_none,0,100,11457,213.52,66,1830,9251,3,16
1784684517.446,real_q8_tensor_220w_none,1,80,11457,217.29,72,1755,9251,3,16
1784684517.446,real_q8_tensor_220w_none,2,75,11457,214.60,75,1785,9251,3,16
1784684517.446,real_q8_tensor_220w_none,3,74,11457,217.54,71,1785,9251,3,16
1784684518.037,real_q8_tensor_220w_none,0,100,11457,215.41,66,1845,9251,3,16
1784684518.037,real_q8_tensor_220w_none,1,99,11457,218.66,71,1815,9251,3,16
1784684518.037,real_q8_tensor_220w_none,2,98,11457,217.67,75,1800,9251,3,16
1784684518.037,real_q8_tensor_220w_none,3,100,11457,218.75,71,1845,9251,3,16
1784684518.629,real_q8_tensor_220w_none,0,100,11457,213.19,66,1830,9251,3,16
1784684518.629,real_q8_tensor_220w_none,1,99,11457,216.28,72,1740,9251,3,16
1784684518.629,real_q8_tensor_220w_none,2,98,11457,215.52,75,1785,9251,3,16
1784684518.629,real_q8_tensor_220w_none,3,100,11457,216.57,71,1770,9251,3,16
1784684519.226,real_q8_tensor_220w_none,0,100,11457,215.63,66,1830,9251,3,16
1784684519.226,real_q8_tensor_220w_none,1,100,11457,218.18,72,1740,9251,3,16
1784684519.226,real_q8_tensor_220w_none,2,100,11457,216.60,75,1770,9251,3,16
1784684519.226,real_q8_tensor_220w_none,3,100,11457,219.34,71,1785,9251,3,16
1784684519.802,real_q8_tensor_220w_none,0,74,11457,212.22,66,1845,9251,3,16
1784684519.802,real_q8_tensor_220w_none,1,86,11457,216.90,72,1755,9251,3,16
1784684519.802,real_q8_tensor_220w_none,2,100,11457,213.91,75,1755,9251,3,16
1784684519.802,real_q8_tensor_220w_none,3,100,11457,216.48,71,1740,9251,3,16
1784684520.379,real_q8_tensor_220w_none,0,74,11457,213.64,66,1845,9251,3,16
1784684520.379,real_q8_tensor_220w_none,1,100,11457,216.82,72,1740,9251,3,16
1784684520.379,real_q8_tensor_220w_none,2,100,11457,214.83,75,1770,9251,3,16
1784684520.379,real_q8_tensor_220w_none,3,100,11457,218.01,71,1755,9251,3,16
1784684520.973,real_q8_tensor_220w_none,0,71,11457,212.19,66,1800,9251,3,16
1784684520.973,real_q8_tensor_220w_none,1,93,11457,216.37,71,1725,9251,3,16
1784684520.973,real_q8_tensor_220w_none,2,100,11457,215.02,74,1770,9251,3,16
1784684520.973,real_q8_tensor_220w_none,3,100,11457,217.36,71,1755,9251,3,16
1784684521.577,real_q8_tensor_220w_none,0,86,11457,211.59,66,1830,9251,3,16
1784684521.577,real_q8_tensor_220w_none,1,100,11457,215.90,72,1740,9251,3,16
1784684521.577,real_q8_tensor_220w_none,2,100,11457,214.18,75,1770,9251,3,16
1784684521.577,real_q8_tensor_220w_none,3,100,11457,216.78,71,1740,9251,3,16
1784684522.175,real_q8_tensor_220w_none,0,100,11457,213.12,66,1830,9251,3,16
1784684522.175,real_q8_tensor_220w_none,1,100,11457,218.26,72,1815,9251,3,16
1784684522.175,real_q8_tensor_220w_none,2,100,11457,216.73,75,1770,9251,3,16
1784684522.175,real_q8_tensor_220w_none,3,100,11457,216.32,71,1830,9251,3,16
1784684522.742,real_q8_tensor_220w_none,0,86,11457,211.49,66,1815,9251,3,16
1784684522.742,real_q8_tensor_220w_none,1,100,11457,216.01,72,1725,9251,3,16
1784684522.742,real_q8_tensor_220w_none,2,100,11457,213.94,75,1785,9251,3,16
1784684522.742,real_q8_tensor_220w_none,3,78,11457,216.36,71,1740,9251,3,16
1784684523.315,real_q8_tensor_220w_none,0,100,11457,212.59,66,1830,9251,3,16
1784684523.315,real_q8_tensor_220w_none,1,100,11457,215.10,72,1710,9251,3,16
1784684523.315,real_q8_tensor_220w_none,2,100,11457,217.68,75,1770,9251,3,16
1784684523.315,real_q8_tensor_220w_none,3,78,11457,217.55,71,1755,9251,3,16
1784684523.891,real_q8_tensor_220w_none,0,100,11457,211.27,66,1905,9251,3,16
1784684523.891,real_q8_tensor_220w_none,1,97,11457,216.91,71,1695,9251,3,16
1784684523.891,real_q8_tensor_220w_none,2,95,11457,218.87,74,1875,9251,3,16
1784684523.891,real_q8_tensor_220w_none,3,71,11457,214.66,71,1770,9251,3,16
1784684524.469,real_q8_tensor_220w_none,0,100,11457,211.72,66,1830,9251,3,16
1784684524.469,real_q8_tensor_220w_none,1,97,11457,215.74,72,1755,9251,3,16
1784684524.469,real_q8_tensor_220w_none,2,95,11457,216.53,75,1770,9251,3,16
1784684524.469,real_q8_tensor_220w_none,3,71,11457,215.12,71,1755,9251,3,16
1784684525.061,real_q8_tensor_220w_none,0,100,11457,214.99,66,1815,9251,3,16
1784684525.061,real_q8_tensor_220w_none,1,100,11457,217.29,72,1725,9251,3,16
1784684525.061,real_q8_tensor_220w_none,2,100,11457,217.54,76,1785,9251,3,16
1784684525.061,real_q8_tensor_220w_none,3,100,11457,216.80,71,1755,9251,3,16
1784684525.635,real_q8_tensor_220w_none,0,71,11457,211.59,65,1815,9251,3,16
1784684525.635,real_q8_tensor_220w_none,1,100,11457,215.38,72,1710,9251,3,16
1784684525.635,real_q8_tensor_220w_none,2,100,11457,215.53,75,1785,9251,3,16
1784684525.635,real_q8_tensor_220w_none,3,100,11457,215.24,71,1755,9251,3,16
1784684526.235,real_q8_tensor_220w_none,0,85,11457,211.17,66,1830,9251,3,16
1784684526.235,real_q8_tensor_220w_none,1,100,11457,218.80,72,1740,9251,3,16
1784684526.235,real_q8_tensor_220w_none,2,100,11457,218.79,75,1755,9251,3,16
1784684526.235,real_q8_tensor_220w_none,3,100,11457,217.24,71,1740,9251,3,16
1784684526.836,real_q8_tensor_220w_none,0,100,11457,214.32,66,1800,9251,3,16
1784684526.836,real_q8_tensor_220w_none,1,100,11457,215.09,71,1695,9251,3,16
1784684526.836,real_q8_tensor_220w_none,2,100,11457,213.78,75,1875,9251,3,16
1784684526.836,real_q8_tensor_220w_none,3,100,11457,216.07,71,1755,9251,3,16
1784684527.437,real_q8_tensor_220w_none,0,100,11457,211.73,66,1815,9251,3,16
1784684527.437,real_q8_tensor_220w_none,1,100,11457,215.55,72,1710,9251,3,16
1784684527.437,real_q8_tensor_220w_none,2,100,11457,213.31,75,1785,9251,3,16
1784684527.437,real_q8_tensor_220w_none,3,100,11457,217.96,71,1755,9251,3,16
1784684528.032,real_q8_tensor_220w_none,0,100,11457,213.52,66,1830,9251,3,16
1784684528.032,real_q8_tensor_220w_none,1,100,11457,217.57,72,1710,9251,3,16
1784684528.032,real_q8_tensor_220w_none,2,100,11457,216.20,75,1785,9251,3,16
1784684528.032,real_q8_tensor_220w_none,3,100,11457,218.34,71,1740,9251,3,16
1784684528.625,real_q8_tensor_220w_none,0,100,11457,211.63,66,1815,9251,3,16
1784684528.625,real_q8_tensor_220w_none,1,100,11457,215.30,71,1710,9251,3,16
1784684528.625,real_q8_tensor_220w_none,2,100,11457,214.96,74,1755,9251,3,16
1784684528.625,real_q8_tensor_220w_none,3,70,11457,215.66,71,1725,9251,3,16
1784684529.216,real_q8_tensor_220w_none,0,100,11457,211.15,66,1800,9251,3,16
1784684529.216,real_q8_tensor_220w_none,1,100,11457,217.18,72,1710,9251,3,16
1784684529.216,real_q8_tensor_220w_none,2,100,11457,216.66,75,1755,9251,3,16
1784684529.216,real_q8_tensor_220w_none,3,100,11457,216.22,71,1725,9251,3,16
1784684529.816,real_q8_tensor_220w_none,0,100,11457,212.95,66,1860,9251,3,16
1784684529.816,real_q8_tensor_220w_none,1,100,11457,217.04,72,1830,9251,3,16
1784684529.816,real_q8_tensor_220w_none,2,100,11457,215.76,75,1830,9251,3,16
1784684529.816,real_q8_tensor_220w_none,3,100,11457,217.71,71,1845,9251,3,16
1784684530.387,real_q8_tensor_220w_none,0,100,11457,211.15,66,1785,9251,3,16
1784684530.387,real_q8_tensor_220w_none,1,81,11457,215.32,72,1740,9251,3,16
1784684530.387,real_q8_tensor_220w_none,2,100,11457,213.26,75,1755,9251,3,16
1784684530.387,real_q8_tensor_220w_none,3,100,11457,216.11,71,1755,9251,3,16
1784684530.962,real_q8_tensor_220w_none,0,100,11457,210.66,66,1800,9251,3,16
1784684530.962,real_q8_tensor_220w_none,1,81,11457,218.67,72,1725,9251,3,16
1784684530.962,real_q8_tensor_220w_none,2,100,11457,217.57,75,1740,9251,3,16
1784684530.962,real_q8_tensor_220w_none,3,100,11457,218.00,71,1770,9251,3,16
1784684531.534,real_q8_tensor_220w_none,0,100,11457,213.88,66,1815,9251,3,16
1784684531.534,real_q8_tensor_220w_none,1,83,11457,216.40,72,1800,9251,3,16
1784684531.534,real_q8_tensor_220w_none,2,100,11457,214.55,75,1785,9251,3,16
1784684531.534,real_q8_tensor_220w_none,3,100,11457,217.03,71,1830,9251,3,16
1784684532.108,real_q8_tensor_220w_none,0,100,11457,211.29,66,1800,9251,3,16
1784684532.108,real_q8_tensor_220w_none,1,83,11457,215.57,72,1740,9251,3,16
1784684532.108,real_q8_tensor_220w_none,2,100,11457,214.32,75,1740,9251,3,16
1784684532.108,real_q8_tensor_220w_none,3,100,11457,214.69,71,1740,9251,3,16
1784684532.745,real_q8_tensor_220w_none,0,100,11457,214.07,66,1815,9251,3,16
1784684532.745,real_q8_tensor_220w_none,1,100,11457,217.06,72,1710,9251,3,16
1784684532.745,real_q8_tensor_220w_none,2,100,11457,216.57,75,1785,9251,3,16
1784684532.745,real_q8_tensor_220w_none,3,100,11457,217.68,71,1740,9251,3,16
1784684533.339,real_q8_tensor_220w_none,0,100,11457,211.68,65,1815,9251,3,16
1784684533.339,real_q8_tensor_220w_none,1,100,11457,214.11,72,1710,9251,3,16
1784684533.339,real_q8_tensor_220w_none,2,67,11457,213.17,75,1785,9251,3,16
1784684533.339,real_q8_tensor_220w_none,3,93,11457,214.99,70,1725,9251,3,16
1784684533.940,real_q8_tensor_220w_none,0,100,11457,210.30,66,1800,9251,3,16
1784684533.940,real_q8_tensor_220w_none,1,100,11457,215.84,72,1695,9251,3,16
1784684533.940,real_q8_tensor_220w_none,2,67,11457,214.76,75,1740,9251,3,16
1784684533.940,real_q8_tensor_220w_none,3,93,11457,217.16,71,1770,9251,3,16
1784684534.538,real_q8_tensor_220w_none,0,100,11457,213.87,66,1800,9251,3,16
1784684534.538,real_q8_tensor_220w_none,1,100,11457,217.55,72,1695,9251,3,16
1784684534.538,real_q8_tensor_220w_none,2,100,11457,216.14,75,1740,9251,3,16
1784684534.538,real_q8_tensor_220w_none,3,100,11457,217.13,71,1770,9251,3,16
1784684535.109,real_q8_tensor_220w_none,0,69,11457,210.88,66,1770,9251,3,16
1784684535.109,real_q8_tensor_220w_none,1,76,11457,215.09,71,1680,9251,3,16
1784684535.109,real_q8_tensor_220w_none,2,100,11457,214.32,74,1740,9251,3,16
1784684535.109,real_q8_tensor_220w_none,3,100,11457,215.03,71,1740,9251,3,16
1784684535.688,real_q8_tensor_220w_none,0,69,11457,212.01,66,1800,9251,3,16
1784684535.688,real_q8_tensor_220w_none,1,76,11457,215.96,71,1695,9251,3,16
1784684535.688,real_q8_tensor_220w_none,2,100,11457,214.81,75,1785,9251,3,16
1784684535.688,real_q8_tensor_220w_none,3,100,11457,216.63,71,1725,9251,3,16
1784684536.287,real_q8_tensor_220w_none,0,100,11457,214.34,66,1785,9251,3,16
1784684536.287,real_q8_tensor_220w_none,1,100,11457,217.96,72,1710,9251,3,16
1784684536.287,real_q8_tensor_220w_none,2,100,11457,216.97,75,1755,9251,3,16
1784684536.287,real_q8_tensor_220w_none,3,100,11457,217.82,71,1740,9251,3,16
1784684536.881,real_q8_tensor_220w_none,0,100,11457,211.68,66,1815,9251,3,16
1784684536.881,real_q8_tensor_220w_none,1,100,11457,215.31,71,1710,9251,3,16
1784684536.881,real_q8_tensor_220w_none,2,68,11457,214.88,75,1740,9251,3,16
1784684536.881,real_q8_tensor_220w_none,3,84,11457,215.23,71,1725,9251,3,16
1784684537.474,real_q8_tensor_220w_none,0,100,11457,215.43,66,1785,9251,3,16
1784684537.474,real_q8_tensor_220w_none,1,100,11457,215.55,72,1725,9251,3,16
1784684537.474,real_q8_tensor_220w_none,2,68,11457,215.16,76,1740,9251,3,16
1784684537.474,real_q8_tensor_220w_none,3,84,11457,217.53,71,1755,9251,3,16
1784684538.064,real_q8_tensor_220w_none,0,100,11457,214.03,66,1785,9251,3,16
1784684538.064,real_q8_tensor_220w_none,1,100,11457,216.93,72,1695,9251,3,16
1784684538.064,real_q8_tensor_220w_none,2,100,11457,216.49,75,1740,9251,3,16
1784684538.064,real_q8_tensor_220w_none,3,100,11457,216.56,71,1710,9251,3,16
1784684538.638,real_q8_tensor_220w_none,0,69,11457,209.77,65,1785,9251,3,16
1784684538.638,real_q8_tensor_220w_none,1,66,11457,215.40,71,1680,9251,3,16
1784684538.638,real_q8_tensor_220w_none,2,100,11457,213.40,75,1725,9251,3,16
1784684538.638,real_q8_tensor_220w_none,3,100,11457,213.63,70,1710,9251,3,16
1784684539.215,real_q8_tensor_220w_none,0,69,11457,211.52,66,1785,9251,3,16
1784684539.215,real_q8_tensor_220w_none,1,66,11457,218.83,71,1695,9251,3,16
1784684539.215,real_q8_tensor_220w_none,2,100,11457,216.62,75,1770,9251,3,16
1784684539.215,real_q8_tensor_220w_none,3,100,11457,214.64,71,1710,9251,3,16
1784684539.807,real_q8_tensor_220w_none,0,100,11457,214.11,66,1830,9251,3,16
1784684539.807,real_q8_tensor_220w_none,1,100,11457,217.27,72,1695,9251,3,16
1784684539.807,real_q8_tensor_220w_none,2,100,11457,215.26,75,1770,9251,3,16
1784684539.807,real_q8_tensor_220w_none,3,100,11457,215.91,71,1710,9251,3,16
1784684540.384,real_q8_tensor_220w_none,0,65,11457,209.27,66,1905,9251,3,16
1784684540.384,real_q8_tensor_220w_none,1,100,11457,217.51,70,1860,9251,3,16
1784684540.384,real_q8_tensor_220w_none,2,93,11457,215.14,75,1875,9251,3,16
1784684540.384,real_q8_tensor_220w_none,3,66,11457,213.66,71,1710,9251,3,16
1784684540.959,real_q8_tensor_220w_none,0,65,11457,210.39,66,1785,9251,3,16
1784684540.959,real_q8_tensor_220w_none,1,100,11457,214.72,71,1695,9251,3,16
1784684540.959,real_q8_tensor_220w_none,2,93,11457,213.03,75,1740,9251,3,16
1784684540.959,real_q8_tensor_220w_none,3,66,11457,214.98,71,1710,9251,3,16
1784684541.533,real_q8_tensor_220w_none,0,100,11457,214.62,66,1800,9251,3,16
1784684541.533,real_q8_tensor_220w_none,1,100,11457,216.69,71,1695,9251,3,16
1784684541.533,real_q8_tensor_220w_none,2,100,11457,216.09,75,1755,9251,3,16
1784684541.533,real_q8_tensor_220w_none,3,100,11457,217.37,71,1710,9251,3,16
1784684542.108,real_q8_tensor_220w_none,0,100,11457,214.45,66,1785,9251,3,16
1784684542.108,real_q8_tensor_220w_none,1,100,11457,216.93,71,1680,9251,3,16
1784684542.108,real_q8_tensor_220w_none,2,100,11457,216.26,76,1725,9251,3,16
1784684542.108,real_q8_tensor_220w_none,3,100,11457,216.59,71,1710,9251,3,16
1784684542.682,real_q8_tensor_220w_none,0,66,11457,211.20,65,1770,9251,3,16
1784684542.682,real_q8_tensor_220w_none,1,100,11457,212.97,71,1665,9251,3,16
1784684542.682,real_q8_tensor_220w_none,2,66,11457,211.99,75,1725,9251,3,16
1784684542.682,real_q8_tensor_220w_none,3,69,11457,215.19,70,1740,9251,3,16
1784684543.258,real_q8_tensor_220w_none,0,83,11457,210.93,66,1770,9251,3,16
1784684543.258,real_q8_tensor_220w_none,1,100,11457,214.24,71,1680,9251,3,16
1784684543.258,real_q8_tensor_220w_none,2,84,11457,213.22,75,1725,9251,3,16
1784684543.258,real_q8_tensor_220w_none,3,83,11457,218.67,71,1755,9251,3,16
1784684543.835,real_q8_tensor_220w_none,0,100,11457,213.85,66,1785,9251,3,16
1784684543.835,real_q8_tensor_220w_none,1,100,11457,216.29,71,1680,9251,3,16
1784684543.835,real_q8_tensor_220w_none,2,100,11457,215.58,75,1725,9251,3,16
1784684543.835,real_q8_tensor_220w_none,3,100,11457,217.64,71,1740,9251,3,16
1784684544.410,real_q8_tensor_220w_none,0,100,11457,214.77,66,1770,9251,3,16
1784684544.410,real_q8_tensor_220w_none,1,100,11457,216.84,71,1770,9251,3,16
1784684544.410,real_q8_tensor_220w_none,2,100,11457,216.01,75,1725,9251,3,16
1784684544.410,real_q8_tensor_220w_none,3,100,11457,217.46,71,1785,9251,3,16
1784684544.973,real_q8_tensor_220w_none,0,85,11457,211.81,66,1770,9251,3,16
1784684544.973,real_q8_tensor_220w_none,1,100,11457,214.24,71,1680,9251,3,16
1784684544.973,real_q8_tensor_220w_none,2,65,11457,212.68,75,1725,9251,3,16
1784684544.973,real_q8_tensor_220w_none,3,90,11457,215.05,71,1725,9251,3,16
1784684545.569,real_q8_tensor_220w_none,0,85,11457,215.58,66,1815,9251,3,16
1784684545.569,real_q8_tensor_220w_none,1,100,11457,217.03,71,1680,9251,3,16
1784684545.569,real_q8_tensor_220w_none,2,65,11457,216.09,75,1755,9251,3,16
1784684545.569,real_q8_tensor_220w_none,3,90,11457,216.42,71,1710,9251,3,16
1784684546.165,real_q8_tensor_220w_none,0,100,11457,216.37,66,1770,9251,3,16
1784684546.165,real_q8_tensor_220w_none,1,100,11457,215.81,71,1725,9251,3,16
1784684546.165,real_q8_tensor_220w_none,2,100,11457,214.64,75,1710,9251,3,16
1784684546.165,real_q8_tensor_220w_none,3,100,11457,215.95,71,1710,9251,3,16
1784684546.774,real_q8_tensor_220w_none,0,100,11457,211.96,66,1770,9251,3,16
1784684546.774,real_q8_tensor_220w_none,1,65,11457,212.50,71,1665,9251,3,16
1784684546.774,real_q8_tensor_220w_none,2,100,11457,210.13,75,1710,9251,3,16
1784684546.774,real_q8_tensor_220w_none,3,82,11457,213.62,71,1725,9251,3,16
1784684547.355,real_q8_tensor_220w_none,0,92,11457,210.94,66,1800,9251,3,16
1784684547.355,real_q8_tensor_220w_none,1,65,11457,213.98,71,1665,9251,3,16
1784684547.355,real_q8_tensor_220w_none,2,100,11457,212.46,75,1770,9251,3,16
1784684547.355,real_q8_tensor_220w_none,3,100,11457,217.66,71,1710,9251,3,16
1784684547.933,real_q8_tensor_220w_none,0,92,11457,215.15,66,1755,9251,3,16
1784684547.933,real_q8_tensor_220w_none,1,100,11457,215.69,71,1680,9251,3,16
1784684547.933,real_q8_tensor_220w_none,2,100,11457,214.70,75,1740,9251,3,16
1784684547.933,real_q8_tensor_220w_none,3,100,11457,216.44,71,1680,9251,3,16
1784684548.510,real_q8_tensor_220w_none,0,100,11457,215.57,66,1815,9251,3,16
1784684548.510,real_q8_tensor_220w_none,1,100,11457,216.39,71,1695,9251,3,16
1784684548.510,real_q8_tensor_220w_none,2,93,11457,214.52,75,1755,9251,3,16
1784684548.510,real_q8_tensor_220w_none,3,100,11457,215.74,71,1725,9251,3,16
1784684549.093,real_q8_tensor_220w_none,0,100,11457,212.17,66,1770,9251,3,16
1784684549.093,real_q8_tensor_220w_none,1,63,11457,213.60,71,1665,9251,3,16
1784684549.093,real_q8_tensor_220w_none,2,93,11457,211.71,74,1710,9251,3,16
1784684549.093,real_q8_tensor_220w_none,3,100,11457,213.24,71,1695,9251,3,16
1784684549.689,real_q8_tensor_220w_none,0,100,11457,216.53,66,1755,9251,3,16
1784684549.689,real_q8_tensor_220w_none,1,63,11457,213.20,71,1650,9251,3,16
1784684549.689,real_q8_tensor_220w_none,2,100,11457,214.26,75,1755,9251,3,16
1784684549.689,real_q8_tensor_220w_none,3,100,11457,216.55,71,1695,9251,3,16
1784684550.287,real_q8_tensor_220w_none,0,100,11457,215.74,66,1815,9251,3,16
1784684550.287,real_q8_tensor_220w_none,1,100,11457,215.53,71,1710,9251,3,16
1784684550.287,real_q8_tensor_220w_none,2,100,11457,213.53,75,1725,9251,3,16
1784684550.287,real_q8_tensor_220w_none,3,100,11457,216.35,71,1725,9251,3,16
1784684550.865,real_q8_tensor_220w_none,0,100,11457,212.51,66,1815,9251,3,16
1784684550.865,real_q8_tensor_220w_none,1,100,11457,215.69,71,1800,9251,3,16
1784684550.865,real_q8_tensor_220w_none,2,100,11457,213.96,75,1785,9251,3,16
1784684550.865,real_q8_tensor_220w_none,3,74,11457,213.25,71,1800,9251,3,16
1784684551.432,real_q8_tensor_220w_none,0,100,11457,208.88,66,1755,9251,3,16
1784684551.432,real_q8_tensor_220w_none,1,73,11457,213.30,70,1710,9251,3,16
1784684551.432,real_q8_tensor_220w_none,2,100,11457,210.94,74,1695,9251,3,16
1784684551.432,real_q8_tensor_220w_none,3,74,11457,212.72,71,1740,9251,3,16
1784684552.009,real_q8_tensor_220w_none,0,100,11457,212.19,66,1755,9251,3,16
1784684552.009,real_q8_tensor_220w_none,1,81,11457,212.93,71,1650,9251,3,16
1784684552.009,real_q8_tensor_220w_none,2,100,11457,213.73,75,1710,9251,3,16
1784684552.009,real_q8_tensor_220w_none,3,100,11457,215.53,71,1695,9251,3,16
1784684552.584,real_q8_tensor_220w_none,0,89,11457,214.01,66,1740,9251,3,16
1784684552.584,real_q8_tensor_220w_none,1,100,11457,215.25,71,1665,9251,3,16
1784684552.584,real_q8_tensor_220w_none,2,81,11457,214.36,75,1740,9251,3,16
1784684552.584,real_q8_tensor_220w_none,3,100,11457,214.94,71,1710,9251,3,16
1784684553.186,real_q8_tensor_220w_none,0,100,11457,215.05,66,1770,9251,3,16
1784684553.186,real_q8_tensor_220w_none,1,100,11457,215.80,71,1770,9251,3,16
1784684553.186,real_q8_tensor_220w_none,2,100,11457,214.69,75,1740,9251,3,16
1784684553.186,real_q8_tensor_220w_none,3,100,11457,214.98,71,1800,9251,3,16
1784684553.772,real_q8_tensor_220w_none,0,98,11457,211.33,66,1785,9251,3,16
1784684553.772,real_q8_tensor_220w_none,1,63,11457,213.76,71,1680,9251,3,16
1784684553.772,real_q8_tensor_220w_none,2,100,11457,211.08,75,1755,9251,3,16
1784684553.772,real_q8_tensor_220w_none,3,81,11457,212.33,70,1680,9251,3,16
1784684554.356,real_q8_tensor_220w_none,0,95,11457,210.74,66,1800,9251,3,16
1784684554.356,real_q8_tensor_220w_none,1,63,11457,216.24,71,1665,9251,3,16
1784684554.356,real_q8_tensor_220w_none,2,100,11457,214.48,75,1755,9251,3,16
1784684554.356,real_q8_tensor_220w_none,3,100,11457,215.16,71,1710,9251,3,16
1784684554.932,real_q8_tensor_220w_none,0,95,11457,213.39,66,1815,9251,3,16
1784684554.932,real_q8_tensor_220w_none,1,100,11457,215.43,71,1665,9251,3,16
1784684554.932,real_q8_tensor_220w_none,2,100,11457,213.84,75,1695,9251,3,16
1784684554.932,real_q8_tensor_220w_none,3,100,11457,214.77,71,1710,9251,3,16
1784684555.506,real_q8_tensor_220w_none,0,100,11457,213.20,66,1800,9251,3,16
1784684555.506,real_q8_tensor_220w_none,1,100,11457,214.97,71,1680,9251,3,16
1784684555.506,real_q8_tensor_220w_none,2,100,11457,213.71,75,1725,9251,3,16
1784684555.506,real_q8_tensor_220w_none,3,100,11457,214.86,71,1680,9251,3,16
1784684556.081,real_q8_tensor_220w_none,0,100,11457,208.81,64,1905,9251,3,16
1784684556.081,real_q8_tensor_220w_none,1,99,11457,214.74,70,1875,9251,3,16
1784684556.081,real_q8_tensor_220w_none,2,100,11457,214.25,74,1860,9251,3,16
1784684556.081,real_q8_tensor_220w_none,3,100,11457,211.36,71,1890,9251,3,16
1784684556.670,real_q8_tensor_220w_none,0,100,11457,211.05,66,1755,9251,3,16
1784684556.670,real_q8_tensor_220w_none,1,99,11457,212.09,71,1635,9251,3,16
1784684556.670,real_q8_tensor_220w_none,2,79,11457,210.88,75,1710,9251,3,16
1784684556.670,real_q8_tensor_220w_none,3,100,11457,214.57,71,1680,9251,3,16
1784684557.270,real_q8_tensor_220w_none,0,100,11457,213.18,66,1755,9251,3,16
1784684557.270,real_q8_tensor_220w_none,1,100,11457,214.98,71,1710,9251,3,16
1784684557.270,real_q8_tensor_220w_none,2,100,11457,212.79,75,1680,9251,3,16
1784684557.270,real_q8_tensor_220w_none,3,81,11457,214.04,71,1725,9251,3,16
1784684557.863,real_q8_tensor_220w_none,0,100,11457,212.18,66,1740,9251,3,16
1784684557.863,real_q8_tensor_220w_none,1,100,11457,215.52,71,1695,9251,3,16
1784684557.863,real_q8_tensor_220w_none,2,100,11457,213.67,75,1680,9251,3,16
1784684557.863,real_q8_tensor_220w_none,3,100,11457,214.65,71,1680,9251,3,16
1784684558.438,real_q8_tensor_220w_none,0,100,11457,213.12,66,1830,9251,3,16
1784684558.438,real_q8_tensor_220w_none,1,89,11457,213.99,71,1800,9251,3,16
1784684558.438,real_q8_tensor_220w_none,2,100,11457,211.99,75,1695,9251,3,16
1784684558.438,real_q8_tensor_220w_none,3,100,11457,214.93,71,1800,9251,3,16
1784684559.001,real_q8_tensor_220w_none,0,60,11457,210.12,66,1740,9251,3,16
1784684559.001,real_q8_tensor_220w_none,1,89,11457,212.13,70,1680,9251,3,16
1784684559.001,real_q8_tensor_220w_none,2,72,11457,209.93,74,1680,9251,3,16
1784684559.001,real_q8_tensor_220w_none,3,61,11457,212.04,70,1665,9251,3,16
1784684559.577,real_q8_tensor_220w_none,0,60,11457,214.63,66,1785,9251,3,16
1784684559.577,real_q8_tensor_220w_none,1,100,11457,213.16,71,1650,9251,3,16
1784684559.577,real_q8_tensor_220w_none,2,72,11457,211.80,75,1755,9251,3,16
1784684559.577,real_q8_tensor_220w_none,3,61,11457,215.12,70,1680,9251,3,16
1784684560.154,real_q8_tensor_220w_none,0,100,11457,212.91,66,1740,9251,3,16
1784684560.154,real_q8_tensor_220w_none,1,100,11457,214.25,71,1635,9251,3,16
1784684560.154,real_q8_tensor_220w_none,2,100,11457,212.91,75,1710,9251,3,16
1784684560.154,real_q8_tensor_220w_none,3,100,11457,214.46,71,1680,9251,3,16
1784684560.727,real_q8_tensor_220w_none,0,100,11457,211.83,66,1740,9251,3,16
1784684560.727,real_q8_tensor_220w_none,1,100,11457,214.17,71,1635,9251,3,16
1784684560.727,real_q8_tensor_220w_none,2,100,11457,212.91,75,1740,9251,3,16
1784684560.727,real_q8_tensor_220w_none,3,96,11457,215.16,71,1680,9251,3,16
1784684561.324,real_q8_tensor_220w_none,0,100,11457,211.89,66,1890,9251,3,16
1784684561.324,real_q8_tensor_220w_none,1,100,11457,212.28,70,1845,9251,3,16
1784684561.324,real_q8_tensor_220w_none,2,82,11457,211.01,74,1860,9251,3,16
1784684561.324,real_q8_tensor_220w_none,3,100,11457,211.47,71,1860,9251,3,16
1784684561.931,real_q8_tensor_220w_none,0,100,11457,213.16,66,1800,9251,3,16
1784684561.931,real_q8_tensor_220w_none,1,85,11457,211.96,71,1635,9251,3,16
1784684561.931,real_q8_tensor_220w_none,2,82,11457,210.43,75,1740,9251,3,16
1784684561.931,real_q8_tensor_220w_none,3,100,11457,216.32,71,1665,9251,3,16
1784684562.567,real_q8_tensor_220w_none,0,100,11457,211.38,66,1725,9251,3,16
1784684562.567,real_q8_tensor_220w_none,1,99,11457,214.82,71,1635,9251,3,16
1784684562.567,real_q8_tensor_220w_none,2,100,11457,213.23,75,1740,9251,3,16
1784684562.567,real_q8_tensor_220w_none,3,100,11457,215.15,71,1665,9251,3,16
1784684563.186,real_q8_tensor_220w_none,0,100,11457,211.94,66,1755,9251,3,16
1784684563.186,real_q8_tensor_220w_none,1,100,11457,214.21,71,1680,9251,3,16
1784684563.186,real_q8_tensor_220w_none,2,100,11457,213.10,75,1680,9251,3,16
1784684563.186,real_q8_tensor_220w_none,3,100,11457,215.40,71,1710,9251,3,16
1784684563.796,real_q8_tensor_220w_none,0,86,11457,210.66,65,1875,9251,3,16
1784684563.796,real_q8_tensor_220w_none,1,100,11457,214.24,71,1875,9251,3,16
1784684563.796,real_q8_tensor_220w_none,2,100,11457,212.24,75,1845,9251,3,16
1784684563.796,real_q8_tensor_220w_none,3,100,11457,212.83,70,1890,9251,3,16
1784684564.372,real_q8_tensor_220w_none,0,86,11457,209.03,66,1755,9251,3,16
1784684564.372,real_q8_tensor_220w_none,1,59,11457,216.06,71,1650,9251,3,16
1784684564.372,real_q8_tensor_220w_none,2,100,11457,213.59,75,1725,9251,3,16
1784684564.372,real_q8_tensor_220w_none,3,89,11457,213.65,70,1680,9251,3,16
1784684564.985,real_q8_tensor_220w_none,0,100,11457,211.80,66,1800,9251,3,16
1784684564.985,real_q8_tensor_220w_none,1,59,11457,214.51,71,1635,9251,3,16
1784684564.985,real_q8_tensor_220w_none,2,100,11457,212.38,75,1725,9251,3,16
1784684564.985,real_q8_tensor_220w_none,3,89,11457,215.04,71,1680,9251,3,16
1784684565.572,real_q8_tensor_220w_none,0,100,11457,213.33,66,1710,9251,3,16
1784684565.572,real_q8_tensor_220w_none,1,100,11457,214.62,71,1665,9251,3,16
1784684565.572,real_q8_tensor_220w_none,2,100,11457,212.70,75,1695,9251,3,16
1784684565.572,real_q8_tensor_220w_none,3,100,11457,214.51,71,1710,9251,3,16
1784684566.142,real_q8_tensor_220w_none,0,100,11457,212.19,66,1725,9251,3,16
1784684566.142,real_q8_tensor_220w_none,1,100,11457,214.85,71,1710,9251,3,16
1784684566.142,real_q8_tensor_220w_none,2,100,11457,212.87,75,1680,9251,3,16
1784684566.142,real_q8_tensor_220w_none,3,100,11457,214.20,71,1725,9251,3,16
1784684566.731,real_q8_tensor_220w_none,0,100,11457,211.28,66,1890,9251,3,16
1784684566.731,real_q8_tensor_220w_none,1,78,11457,211.88,71,1830,9251,3,16
1784684566.731,real_q8_tensor_220w_none,2,100,11457,209.58,75,1815,9251,3,16
1784684566.731,real_q8_tensor_220w_none,3,100,11457,214.20,71,1830,9251,3,16
1784684567.297,real_q8_tensor_220w_none,0,56,11457,206.99,66,1785,9251,3,16
1784684567.297,real_q8_tensor_220w_none,1,100,11457,212.00,70,1620,9251,3,16
1784684567.297,real_q8_tensor_220w_none,2,75,11457,209.62,74,1755,9251,3,16
1784684567.297,real_q8_tensor_220w_none,3,100,11457,210.77,71,1665,9251,3,16
1784684567.877,real_q8_tensor_220w_none,0,56,11457,211.89,66,1725,9251,3,16
1784684567.877,real_q8_tensor_220w_none,1,86,11457,214.13,71,1620,9251,3,16
1784684567.877,real_q8_tensor_220w_none,2,75,11457,211.61,75,1695,9251,3,16
1784684567.877,real_q8_tensor_220w_none,3,100,11457,214.15,70,1665,9251,3,16
1784684568.469,real_q8_tensor_220w_none,0,100,11457,211.12,66,1725,9251,3,16
1784684568.469,real_q8_tensor_220w_none,1,86,11457,213.51,71,1620,9251,3,16
1784684568.469,real_q8_tensor_220w_none,2,100,11457,212.02,75,1740,9251,3,16
1784684568.469,real_q8_tensor_220w_none,3,100,11457,213.28,71,1665,9251,3,16
1784684569.042,real_q8_tensor_220w_none,0,100,11457,211.56,66,1785,9251,3,16
1784684569.042,real_q8_tensor_220w_none,1,100,11457,214.22,71,1620,9251,3,16
1784684569.042,real_q8_tensor_220w_none,2,100,11457,212.61,75,1740,9251,3,16
1784684569.042,real_q8_tensor_220w_none,3,100,11457,213.04,71,1665,9251,3,16
1784684569.617,real_q8_tensor_220w_none,0,100,11457,211.53,66,1740,9251,3,16
1784684569.617,real_q8_tensor_220w_none,1,100,11457,214.40,71,1620,9251,3,16
1784684569.617,real_q8_tensor_220w_none,2,100,11457,213.07,75,1725,9251,3,16
1784684569.617,real_q8_tensor_220w_none,3,100,11457,213.96,71,1665,9251,3,16
1784684570.188,real_q8_tensor_220w_none,0,100,11457,210.73,66,1785,9251,3,16
1784684570.188,real_q8_tensor_220w_none,1,100,11457,214.22,71,1695,9251,3,16
1784684570.188,real_q8_tensor_220w_none,2,100,11457,213.03,75,1740,9251,3,16
1784684570.188,real_q8_tensor_220w_none,3,100,11457,214.28,71,1710,9251,3,16
1784684570.750,real_q8_tensor_220w_none,0,100,11457,210.71,66,1890,9251,3,16
1784684570.750,real_q8_tensor_220w_none,1,80,11457,210.01,71,1875,9251,3,16
1784684570.750,real_q8_tensor_220w_none,2,59,11457,208.37,73,1875,9251,3,16
1784684570.750,real_q8_tensor_220w_none,3,100,11457,211.17,71,1890,9251,3,16
1784684571.322,real_q8_tensor_220w_none,0,100,11457,207.70,66,1710,9251,3,16
1784684571.322,real_q8_tensor_220w_none,1,97,11457,216.09,70,1665,9251,3,16
1784684571.322,real_q8_tensor_220w_none,2,59,11457,213.66,74,1680,9251,3,16
1784684571.322,real_q8_tensor_220w_none,3,57,11457,211.79,71,1680,9251,3,16
1784684571.893,real_q8_tensor_220w_none,0,100,11457,211.44,66,1785,9251,3,16
1784684571.893,real_q8_tensor_220w_none,1,97,11457,216.30,71,1695,9251,3,16
1784684571.893,real_q8_tensor_220w_none,2,98,11457,213.39,75,1680,9251,3,16
1784684571.893,real_q8_tensor_220w_none,3,57,11457,215.27,70,1725,9251,3,16
1784684572.464,real_q8_tensor_220w_none,0,100,11457,210.96,66,1725,9251,3,16
1784684572.464,real_q8_tensor_220w_none,1,100,11457,215.16,71,1620,9251,3,16
1784684572.464,real_q8_tensor_220w_none,2,98,11457,213.08,75,1740,9251,3,16
1784684572.464,real_q8_tensor_220w_none,3,100,11457,214.48,71,1665,9251,3,16
1784684573.061,real_q8_tensor_220w_none,0,100,11457,212.43,66,1725,9251,3,16
1784684573.061,real_q8_tensor_220w_none,1,97,11457,214.38,71,1635,9251,3,16
1784684573.061,real_q8_tensor_220w_none,2,100,11457,212.54,75,1665,9251,3,16
1784684573.061,real_q8_tensor_220w_none,3,100,11457,214.14,71,1680,9251,3,16
1784684573.634,real_q8_tensor_220w_none,0,100,11457,212.03,66,1725,9251,3,16
1784684573.634,real_q8_tensor_220w_none,1,100,11457,214.72,71,1635,9251,3,16
1784684573.634,real_q8_tensor_220w_none,2,100,11457,213.33,75,1665,9251,3,16
1784684573.634,real_q8_tensor_220w_none,3,100,11457,214.02,71,1695,9251,3,16
1784684574.204,real_q8_tensor_220w_none,0,100,11457,210.99,66,1695,9251,3,16
1784684574.204,real_q8_tensor_220w_none,1,100,11457,213.99,71,1755,9251,3,16
1784684574.204,real_q8_tensor_220w_none,2,100,11457,211.83,75,1665,9251,3,16
1784684574.204,real_q8_tensor_220w_none,3,100,11457,213.68,71,1785,9251,3,16
1784684574.766,real_q8_tensor_220w_none,0,100,11457,205.61,66,1905,9251,3,16
1784684574.766,real_q8_tensor_220w_none,1,79,11457,211.69,70,1875,9251,3,16
1784684574.766,real_q8_tensor_220w_none,2,100,11457,208.69,73,1875,9251,3,16
1784684574.766,real_q8_tensor_220w_none,3,56,11457,210.93,71,1905,9251,3,16
1784684575.337,real_q8_tensor_220w_none,0,57,11457,206.00,65,1785,9251,3,16
1784684575.337,real_q8_tensor_220w_none,1,79,11457,213.46,70,1620,9251,3,16
1784684575.337,real_q8_tensor_220w_none,2,76,11457,211.89,75,1725,9251,3,16
1784684575.337,real_q8_tensor_220w_none,3,56,11457,209.55,70,1635,9251,3,16
1784684575.908,real_q8_tensor_220w_none,0,57,11457,212.08,66,1740,9251,3,16
1784684575.908,real_q8_tensor_220w_none,1,100,11457,213.30,71,1695,9251,3,16
1784684575.908,real_q8_tensor_220w_none,2,76,11457,211.80,75,1665,9251,3,16
1784684575.908,real_q8_tensor_220w_none,3,100,11457,214.15,71,1725,9251,3,16
1784684576.503,real_q8_tensor_220w_none,0,100,11457,211.29,66,1725,9251,3,16
1784684576.503,real_q8_tensor_220w_none,1,100,11457,214.05,71,1605,9251,3,16
1784684576.503,real_q8_tensor_220w_none,2,100,11457,211.96,75,1680,9251,3,16
1784684576.503,real_q8_tensor_220w_none,3,100,11457,214.28,70,1650,9251,3,16
1784684577.098,real_q8_tensor_220w_none,0,100,11457,211.66,66,1785,9251,3,16
1784684577.098,real_q8_tensor_220w_none,1,100,11457,214.12,71,1620,9251,3,16
1784684577.098,real_q8_tensor_220w_none,2,100,11457,212.37,75,1740,9251,3,16
1784684577.098,real_q8_tensor_220w_none,3,100,11457,213.93,70,1650,9251,3,16
1784684577.695,real_q8_tensor_220w_none,0,100,11457,211.93,66,1785,9251,3,16
1784684577.695,real_q8_tensor_220w_none,1,100,11457,214.10,71,1605,9251,3,16
1784684577.695,real_q8_tensor_220w_none,2,100,11457,212.39,75,1740,9251,3,16
1784684577.695,real_q8_tensor_220w_none,3,100,11457,214.09,71,1650,9251,3,16
1784684578.290,real_q8_tensor_220w_none,0,98,11457,211.27,65,1890,9251,3,16
1784684578.290,real_q8_tensor_220w_none,1,100,11457,209.39,71,1860,9251,3,16
1784684578.290,real_q8_tensor_220w_none,2,100,11457,207.33,75,1830,9251,3,16
1784684578.290,real_q8_tensor_220w_none,3,85,11457,212.97,70,1860,9251,3,16
1784684578.882,real_q8_tensor_220w_none,0,74,11457,211.12,65,1725,9251,3,16
1784684578.882,real_q8_tensor_220w_none,1,100,11457,211.62,71,1635,9251,3,16
1784684578.882,real_q8_tensor_220w_none,2,74,11457,209.71,75,1695,9251,3,16
1784684578.882,real_q8_tensor_220w_none,3,85,11457,214.85,70,1680,9251,3,16
1784684579.451,real_q8_tensor_220w_none,0,74,11457,201.52,66,1770,9251,3,16
1784684579.451,real_q8_tensor_220w_none,1,100,11457,208.48,71,1605,9251,3,16
1784684579.451,real_q8_tensor_220w_none,2,74,11457,206.20,75,1725,9251,3,16
1784684579.451,real_q8_tensor_220w_none,3,100,11457,206.76,70,1635,9251,3,16
1784684580.047,real_q8_tensor_220w_none,0,93,11457,188.69,65,1770,9251,3,16
1784684580.047,real_q8_tensor_220w_none,1,100,11457,196.88,70,1680,9251,3,16
1784684580.047,real_q8_tensor_220w_none,2,93,11457,192.07,74,1725,9251,3,16
1784684580.047,real_q8_tensor_220w_none,3,100,11457,197.51,70,1695,9251,3,16
1784684580.647,real_q8_tensor_220w_none,0,93,11457,205.28,65,1770,9251,3,16
1784684580.647,real_q8_tensor_220w_none,1,93,11457,211.26,70,1620,9251,3,16
1784684580.647,real_q8_tensor_220w_none,2,93,11457,207.75,74,1725,9251,3,16
1784684580.647,real_q8_tensor_220w_none,3,93,11457,210.53,70,1620,9251,3,16
1784684581.248,real_q8_tensor_220w_none,0,93,11457,219.63,65,1770,9251,3,16
1784684581.248,real_q8_tensor_220w_none,1,94,11457,219.95,70,1665,9251,3,16
1784684581.248,real_q8_tensor_220w_none,2,93,11457,219.65,74,1725,9251,3,16
1784684581.248,real_q8_tensor_220w_none,3,94,11457,219.45,70,1695,9251,3,16
1784684581.851,real_q8_tensor_220w_none,0,93,11457,211.43,65,1785,9251,3,16
1784684581.851,real_q8_tensor_220w_none,1,81,11457,214.43,70,1680,9251,3,16
1784684581.851,real_q8_tensor_220w_none,2,93,11457,211.98,74,1725,9251,3,16
1784684581.851,real_q8_tensor_220w_none,3,94,11457,215.33,70,1695,9251,3,16
1784684582.451,real_q8_tensor_220w_none,0,94,11457,213.89,65,1770,9251,3,16
1784684582.451,real_q8_tensor_220w_none,1,81,11457,217.65,70,1680,9251,3,16
1784684582.451,real_q8_tensor_220w_none,2,93,11457,214.73,74,1725,9251,3,16
1784684582.451,real_q8_tensor_220w_none,3,94,11457,216.18,70,1695,9251,3,16
1784684583.028,real_q8_tensor_220w_none,0,94,11457,219.89,65,1770,9251,3,16
1784684583.028,real_q8_tensor_220w_none,1,93,11457,219.98,70,1680,9251,3,16
1784684583.028,real_q8_tensor_220w_none,2,93,11457,219.83,74,1725,9251,3,16
1784684583.028,real_q8_tensor_220w_none,3,94,11457,219.72,69,1695,9251,3,16
1784684583.603,real_q8_tensor_220w_none,0,94,11457,219.04,65,1740,9251,3,16
1784684583.603,real_q8_tensor_220w_none,1,94,11457,219.07,70,1605,9251,3,16
1784684583.603,real_q8_tensor_220w_none,2,94,11457,218.56,74,1680,9251,3,16
1784684583.603,real_q8_tensor_220w_none,3,94,11457,218.92,69,1650,9251,3,16
1784684584.181,real_q8_tensor_220w_none,0,94,11457,219.60,65,1770,9251,3,16
1784684584.181,real_q8_tensor_220w_none,1,93,11457,219.92,70,1665,9251,3,16
1784684584.181,real_q8_tensor_220w_none,2,94,11457,219.67,74,1725,9251,3,16
1784684584.181,real_q8_tensor_220w_none,3,94,11457,219.66,69,1695,9251,3,16
1784684584.773,real_q8_tensor_220w_none,0,93,11457,218.86,65,1740,9251,3,16
1784684584.773,real_q8_tensor_220w_none,1,93,11457,219.25,70,1635,9251,3,16
1784684584.773,real_q8_tensor_220w_none,2,94,11457,219.09,74,1695,9251,3,16
1784684584.773,real_q8_tensor_220w_none,3,94,11457,218.97,69,1665,9251,3,16
1784684585.345,real_q8_tensor_220w_none,0,94,11457,219.71,65,1770,9251,3,16
1784684585.345,real_q8_tensor_220w_none,1,94,11457,219.88,70,1665,9251,3,16
1784684585.345,real_q8_tensor_220w_none,2,94,11457,219.83,74,1710,9251,3,16
1784684585.345,real_q8_tensor_220w_none,3,93,11457,219.80,69,1695,9251,3,16
1784684585.925,real_q8_tensor_220w_none,0,94,11457,187.88,64,1860,9251,3,16
1784684585.925,real_q8_tensor_220w_none,1,100,11457,195.07,69,1800,9251,3,16
1784684585.925,real_q8_tensor_220w_none,2,94,11457,190.39,73,1830,9251,3,16
1784684585.925,real_q8_tensor_220w_none,3,71,11457,194.88,69,1830,9251,3,16
1784684586.498,real_q8_tensor_220w_none,0,100,11457,185.29,65,1860,9251,3,16
1784684586.498,real_q8_tensor_220w_none,1,100,11457,193.92,71,1800,9251,3,16
1784684586.498,real_q8_tensor_220w_none,2,100,11457,187.69,75,1830,9251,3,16
1784684586.498,real_q8_tensor_220w_none,3,71,11457,193.70,70,1815,9251,3,16
1784684587.065,real_q8_tensor_220w_none,0,100,11457,214.51,65,1875,9251,3,16
1784684587.065,real_q8_tensor_220w_none,1,100,11457,218.36,71,1785,9251,3,16
1784684587.065,real_q8_tensor_220w_none,2,100,11457,215.07,75,1815,9251,3,16
1784684587.065,real_q8_tensor_220w_none,3,100,11457,217.40,70,1815,9251,3,16
1784684587.638,real_q8_tensor_220w_none,0,100,11457,214.92,65,1860,9251,3,16
1784684587.638,real_q8_tensor_220w_none,1,100,11457,218.13,70,1845,9251,3,16
1784684587.638,real_q8_tensor_220w_none,2,100,11457,215.26,74,1830,9251,3,16
1784684587.638,real_q8_tensor_220w_none,3,100,11457,216.98,70,1860,9251,3,16
1784684588.207,real_q8_tensor_220w_none,0,100,11457,215.21,65,1860,9251,3,16
1784684588.207,real_q8_tensor_220w_none,1,100,11457,218.49,71,1785,9251,3,16
1784684588.207,real_q8_tensor_220w_none,2,100,11457,215.10,75,1830,9251,3,16
1784684588.207,real_q8_tensor_220w_none,3,100,11457,217.20,70,1800,9251,3,16
1784684588.779,real_q8_tensor_220w_none,0,81,11457,214.55,65,1905,9251,3,16
1784684588.779,real_q8_tensor_220w_none,1,100,11457,217.77,71,1785,9251,3,16
1784684588.779,real_q8_tensor_220w_none,2,100,11457,214.95,75,1875,9251,3,16
1784684588.779,real_q8_tensor_220w_none,3,91,11457,217.11,70,1830,9251,3,16
1784684589.353,real_q8_tensor_220w_none,0,81,11457,214.46,65,1860,9251,3,16
1784684589.353,real_q8_tensor_220w_none,1,100,11457,217.53,71,1785,9251,3,16
1784684589.353,real_q8_tensor_220w_none,2,100,11457,214.59,75,1815,9251,3,16
1784684589.353,real_q8_tensor_220w_none,3,100,11457,217.06,70,1800,9251,3,16
1784684589.947,real_q8_tensor_220w_none,0,98,11457,214.04,65,1845,9251,3,16
1784684589.947,real_q8_tensor_220w_none,1,100,11457,217.98,71,1770,9251,3,16
1784684589.947,real_q8_tensor_220w_none,2,80,11457,214.91,75,1815,9251,3,16
1784684589.947,real_q8_tensor_220w_none,3,100,11457,217.77,70,1800,9251,3,16
1784684590.563,real_q8_tensor_220w_none,0,98,11457,214.18,66,1860,9251,3,16
1784684590.563,real_q8_tensor_220w_none,1,100,11457,217.95,71,1770,9251,3,16
1784684590.563,real_q8_tensor_220w_none,2,80,11457,215.21,75,1815,9251,3,16
1784684590.563,real_q8_tensor_220w_none,3,100,11457,218.32,70,1800,9251,3,16
1784684591.151,real_q8_tensor_220w_none,0,100,11457,214.68,66,1860,9251,3,16
1784684591.151,real_q8_tensor_220w_none,1,100,11457,218.44,71,1785,9251,3,16
1784684591.151,real_q8_tensor_220w_none,2,100,11457,215.20,75,1815,9251,3,16
1784684591.151,real_q8_tensor_220w_none,3,100,11457,218.10,70,1785,9251,3,16
1784684591.749,real_q8_tensor_220w_none,0,100,11457,214.52,66,1905,9251,3,16
1784684591.749,real_q8_tensor_220w_none,1,96,11457,220.18,71,1860,9251,3,16
1784684591.749,real_q8_tensor_220w_none,2,100,11457,216.31,74,1860,9251,3,16
1784684591.749,real_q8_tensor_220w_none,3,80,11457,218.04,70,1860,9251,3,16
1784684592.320,real_q8_tensor_220w_none,0,100,11457,214.13,66,1860,9251,3,16
1784684592.320,real_q8_tensor_220w_none,1,100,11457,217.63,71,1785,9251,3,16
1784684592.320,real_q8_tensor_220w_none,2,100,11457,214.65,75,1815,9251,3,16
1784684592.320,real_q8_tensor_220w_none,3,80,11457,218.16,70,1800,9251,3,16
1784684592.915,real_q8_tensor_220w_none,0,100,11457,215.02,65,1845,9251,3,16
1784684592.915,real_q8_tensor_220w_none,1,100,11457,217.29,71,1770,9251,3,16
1784684592.915,real_q8_tensor_220w_none,2,100,11457,214.66,75,1830,9251,3,16
1784684592.915,real_q8_tensor_220w_none,3,81,11457,218.24,70,1815,9251,3,16
1784684593.487,real_q8_tensor_220w_none,0,100,11457,213.95,66,1860,9251,3,16
1784684593.487,real_q8_tensor_220w_none,1,100,11457,217.68,71,1770,9251,3,16
1784684593.487,real_q8_tensor_220w_none,2,100,11457,215.07,75,1815,9251,3,16
1784684593.487,real_q8_tensor_220w_none,3,90,11457,218.01,71,1800,9251,3,16
1784684594.059,real_q8_tensor_220w_none,0,100,11457,215.05,66,1860,9251,3,16
1784684594.059,real_q8_tensor_220w_none,1,100,11457,217.41,71,1785,9251,3,16
1784684594.059,real_q8_tensor_220w_none,2,100,11457,215.11,74,1800,9251,3,16
1784684594.059,real_q8_tensor_220w_none,3,79,11457,218.03,70,1770,9251,3,16
1784684594.630,real_q8_tensor_220w_none,0,100,11457,215.06,66,1845,9251,3,16
1784684594.630,real_q8_tensor_220w_none,1,100,11457,217.77,71,1770,9251,3,16
1784684594.630,real_q8_tensor_220w_none,2,100,11457,215.45,75,1815,9251,3,16
1784684594.630,real_q8_tensor_220w_none,3,79,11457,218.20,71,1785,9251,3,16
1784684595.200,real_q8_tensor_220w_none,0,100,11457,213.47,65,1860,9251,3,16
1784684595.200,real_q8_tensor_220w_none,1,100,11457,218.05,71,1770,9251,3,16
1784684595.200,real_q8_tensor_220w_none,2,100,11457,215.34,75,1800,9251,3,16
1784684595.200,real_q8_tensor_220w_none,3,79,11457,217.36,71,1785,9251,3,16
1784684595.794,real_q8_tensor_220w_none,0,100,11457,213.53,66,1845,9251,3,16
1784684595.794,real_q8_tensor_220w_none,1,100,11457,218.35,71,1770,9251,3,16
1784684595.794,real_q8_tensor_220w_none,2,100,11457,214.99,75,1815,9251,3,16
1784684595.794,real_q8_tensor_220w_none,3,100,11457,218.23,71,1785,9251,3,16
1784684596.388,real_q8_tensor_220w_none,0,100,11457,213.60,66,1860,9251,3,16
1784684596.388,real_q8_tensor_220w_none,1,100,11457,218.17,71,1770,9251,3,16
1784684596.388,real_q8_tensor_220w_none,2,100,11457,215.70,74,1800,9251,3,16
1784684596.388,real_q8_tensor_220w_none,3,78,11457,217.89,70,1770,9251,3,16
1784684596.983,real_q8_tensor_220w_none,0,100,11457,214.28,66,1845,9251,3,16
1784684596.983,real_q8_tensor_220w_none,1,100,11457,217.93,71,1770,9251,3,16
1784684596.983,real_q8_tensor_220w_none,2,100,11457,215.64,75,1800,9251,3,16
1784684596.983,real_q8_tensor_220w_none,3,78,11457,218.27,71,1785,9251,3,16
1784684597.553,real_q8_tensor_220w_none,0,100,11457,214.63,65,1845,9251,3,16
1784684597.553,real_q8_tensor_220w_none,1,100,11457,217.90,71,1755,9251,3,16
1784684597.553,real_q8_tensor_220w_none,2,100,11457,214.61,75,1800,9251,3,16
1784684597.553,real_q8_tensor_220w_none,3,91,11457,218.30,70,1770,9251,3,16
1784684598.122,real_q8_tensor_220w_none,0,100,11457,213.32,66,1845,9251,3,16
1784684598.122,real_q8_tensor_220w_none,1,100,11457,217.59,71,1755,9251,3,16
1784684598.122,real_q8_tensor_220w_none,2,100,11457,215.25,75,1800,9251,3,16
1784684598.122,real_q8_tensor_220w_none,3,91,11457,218.16,71,1785,9251,3,16
1784684598.692,real_q8_tensor_220w_none,0,100,11457,213.83,66,1860,9251,3,16
1784684598.692,real_q8_tensor_220w_none,1,100,11457,218.10,71,1755,9251,3,16
1784684598.692,real_q8_tensor_220w_none,2,100,11457,214.99,74,1815,9251,3,16
1784684598.692,real_q8_tensor_220w_none,3,78,11457,217.76,70,1785,9251,3,16
1784684599.287,real_q8_tensor_220w_none,0,100,11457,214.14,66,1845,9251,3,16
1784684599.287,real_q8_tensor_220w_none,1,100,11457,218.44,71,1755,9251,3,16
1784684599.287,real_q8_tensor_220w_none,2,100,11457,214.93,75,1800,9251,3,16
1784684599.287,real_q8_tensor_220w_none,3,89,11457,218.30,71,1785,9251,3,16
1784684599.859,real_q8_tensor_220w_none,0,100,11457,213.57,66,1845,9251,3,16
1784684599.859,real_q8_tensor_220w_none,1,100,11457,217.26,70,1740,9251,3,16
1784684599.859,real_q8_tensor_220w_none,2,100,11457,214.52,75,1800,9251,3,16
1784684599.859,real_q8_tensor_220w_none,3,77,11457,218.24,71,1785,9251,3,16
1784684600.429,real_q8_tensor_220w_none,0,100,11457,213.30,66,1845,9251,3,16
1784684600.429,real_q8_tensor_220w_none,1,100,11457,217.82,71,1755,9251,3,16
1784684600.429,real_q8_tensor_220w_none,2,100,11457,215.09,75,1800,9251,3,16
1784684600.429,real_q8_tensor_220w_none,3,77,11457,217.69,71,1785,9251,3,16
1784684601.023,real_q8_tensor_220w_none,0,100,11457,215.66,65,1845,9251,3,16
1784684601.023,real_q8_tensor_220w_none,1,100,11457,218.15,71,1740,9251,3,16
1784684601.023,real_q8_tensor_220w_none,2,100,11457,214.93,75,1875,9251,3,16
1784684601.023,real_q8_tensor_220w_none,3,95,11457,218.63,70,1770,9251,3,16
1784684601.593,real_q8_tensor_220w_none,0,100,11457,213.48,66,1845,9251,3,16
1784684601.593,real_q8_tensor_220w_none,1,100,11457,217.81,71,1755,9251,3,16
1784684601.593,real_q8_tensor_220w_none,2,100,11457,215.22,75,1800,9251,3,16
1784684601.593,real_q8_tensor_220w_none,3,95,11457,217.23,71,1770,9251,3,16
1784684602.164,real_q8_tensor_220w_none,0,100,11457,214.66,65,1830,9251,3,16
1784684602.164,real_q8_tensor_220w_none,1,100,11457,217.59,71,1755,9251,3,16
1784684602.164,real_q8_tensor_220w_none,2,100,11457,214.81,75,1875,9251,3,16
1784684602.164,real_q8_tensor_220w_none,3,85,11457,217.81,70,1830,9251,3,16
1784684602.777,real_q8_tensor_220w_none,0,100,11457,213.89,66,1845,9251,3,16
1784684602.777,real_q8_tensor_220w_none,1,100,11457,217.88,71,1755,9251,3,16
1784684602.777,real_q8_tensor_220w_none,2,100,11457,214.49,75,1800,9251,3,16
1784684602.777,real_q8_tensor_220w_none,3,98,11457,217.94,71,1785,9251,3,16
1784684603.348,real_q8_tensor_220w_none,0,100,11457,214.56,66,1845,9251,3,16
1784684603.348,real_q8_tensor_220w_none,1,100,11457,219.92,71,1740,9251,3,16
1784684603.348,real_q8_tensor_220w_none,2,100,11457,215.99,75,1800,9251,3,16
1784684603.348,real_q8_tensor_220w_none,3,76,11457,216.75,71,1845,9251,3,16
1784684603.925,real_q8_tensor_220w_none,0,96,11457,214.16,66,1845,9251,3,16
1784684603.925,real_q8_tensor_220w_none,1,100,11457,217.82,71,1755,9251,3,16
1784684603.925,real_q8_tensor_220w_none,2,100,11457,213.68,75,1800,9251,3,16
1784684603.925,real_q8_tensor_220w_none,3,76,11457,217.89,71,1770,9251,3,16
1784684604.497,real_q8_tensor_220w_none,0,96,11457,215.61,66,1830,9251,3,16
1784684604.497,real_q8_tensor_220w_none,1,100,11457,218.60,71,1740,9251,3,16
1784684604.497,real_q8_tensor_220w_none,2,100,11457,215.62,75,1800,9251,3,16
1784684604.497,real_q8_tensor_220w_none,3,100,11457,220.12,71,1770,9251,3,16
1784684605.100,real_q8_tensor_220w_none,0,96,11457,213.41,66,1845,9251,3,16
1784684605.100,real_q8_tensor_220w_none,1,100,11457,217.49,71,1755,9251,3,16
1784684605.100,real_q8_tensor_220w_none,2,100,11457,213.89,75,1785,9251,3,16
1784684605.100,real_q8_tensor_220w_none,3,100,11457,217.49,71,1770,9251,3,16
1784684605.692,real_q8_tensor_220w_none,0,96,11457,214.52,66,1830,9251,3,16
1784684605.692,real_q8_tensor_220w_none,1,100,11457,217.79,71,1755,9251,3,16
1784684605.692,real_q8_tensor_220w_none,2,100,11457,215.75,75,1785,9251,3,16
1784684605.692,real_q8_tensor_220w_none,3,100,11457,219.45,71,1785,9251,3,16
1784684606.285,real_q8_tensor_220w_none,0,83,11457,211.76,66,1830,9251,3,16
1784684606.285,real_q8_tensor_220w_none,1,74,11457,216.36,71,1740,9251,3,16
1784684606.285,real_q8_tensor_220w_none,2,74,11457,215.01,75,1800,9251,3,16
1784684606.285,real_q8_tensor_220w_none,3,92,11457,216.82,71,1770,9251,3,16
1784684606.855,real_q8_tensor_220w_none,0,83,11457,214.08,66,1830,9251,3,16
1784684606.855,real_q8_tensor_220w_none,1,74,11457,217.81,71,1770,9251,3,16
1784684606.855,real_q8_tensor_220w_none,2,74,11457,217.10,75,1785,9251,3,16
1784684606.855,real_q8_tensor_220w_none,3,100,11457,219.41,71,1785,9251,3,16
1784684607.426,real_q8_tensor_220w_none,0,100,11457,215.12,65,1815,9251,3,16
1784684607.426,real_q8_tensor_220w_none,1,74,11457,216.73,71,1740,9251,3,16
1784684607.426,real_q8_tensor_220w_none,2,74,11457,216.43,75,1785,9251,3,16
1784684607.426,real_q8_tensor_220w_none,3,100,11457,217.15,70,1785,9251,3,16
1784684608.018,real_q8_tensor_220w_none,0,100,11457,212.65,66,1830,9251,3,16
1784684608.018,real_q8_tensor_220w_none,1,74,11457,216.86,71,1740,9251,3,16
1784684608.018,real_q8_tensor_220w_none,2,74,11457,215.60,75,1800,9251,3,16
1784684608.018,real_q8_tensor_220w_none,3,100,11457,217.18,71,1755,9251,3,16
1784684608.591,real_q8_tensor_220w_none,0,100,11457,215.41,66,1875,9251,3,16
1784684608.591,real_q8_tensor_220w_none,1,73,11457,215.95,71,1875,9251,3,16
1784684608.591,real_q8_tensor_220w_none,2,74,11457,215.63,75,1830,9251,3,16
1784684608.591,real_q8_tensor_220w_none,3,100,11457,219.01,71,1890,9251,3,16
1784684609.185,real_q8_tensor_220w_none,0,100,11457,213.08,66,1845,9251,3,16
1784684609.185,real_q8_tensor_220w_none,1,73,11457,217.26,71,1755,9251,3,16
1784684609.185,real_q8_tensor_220w_none,2,74,11457,217.11,75,1785,9251,3,16
1784684609.185,real_q8_tensor_220w_none,3,100,11457,217.30,71,1755,9251,3,16
1784684609.778,real_q8_tensor_220w_none,0,100,11457,214.89,66,1830,9251,3,16
1784684609.778,real_q8_tensor_220w_none,1,100,11457,219.90,71,1770,9251,3,16
1784684609.778,real_q8_tensor_220w_none,2,100,11457,219.94,75,1785,9251,3,16
1784684609.778,real_q8_tensor_220w_none,3,100,11457,218.47,71,1770,9251,3,16
1784684610.348,real_q8_tensor_220w_none,0,100,11457,212.64,65,1845,9251,3,16
1784684610.348,real_q8_tensor_220w_none,1,100,11457,216.96,70,1740,9251,3,16
1784684610.348,real_q8_tensor_220w_none,2,100,11457,217.14,75,1800,9251,3,16
1784684610.348,real_q8_tensor_220w_none,3,100,11457,216.50,71,1770,9251,3,16
1784684610.936,real_q8_tensor_220w_none,0,100,11457,212.44,66,1830,9251,3,16
1784684610.936,real_q8_tensor_220w_none,1,100,11457,216.80,71,1755,9251,3,16
1784684610.936,real_q8_tensor_220w_none,2,100,11457,217.86,75,1755,9251,3,16
1784684610.936,real_q8_tensor_220w_none,3,100,11457,216.87,71,1755,9251,3,16
1784684611.508,real_q8_tensor_220w_none,0,100,11457,214.18,66,1830,9251,3,16
1784684611.508,real_q8_tensor_220w_none,1,100,11457,216.08,71,1710,9251,3,16
1784684611.508,real_q8_tensor_220w_none,2,100,11457,216.14,75,1755,9251,3,16
1784684611.508,real_q8_tensor_220w_none,3,87,11457,217.19,70,1755,9251,3,16
1784684612.103,real_q8_tensor_220w_none,0,100,11457,212.52,66,1815,9251,3,16
1784684612.103,real_q8_tensor_220w_none,1,100,11457,216.37,71,1725,9251,3,16
1784684612.103,real_q8_tensor_220w_none,2,100,11457,215.94,75,1755,9251,3,16
1784684612.103,real_q8_tensor_220w_none,3,87,11457,218.82,71,1755,9251,3,16
1784684612.713,real_q8_tensor_220w_none,0,100,11457,214.42,66,1890,9251,3,16
1784684612.713,real_q8_tensor_220w_none,1,100,11457,215.74,70,1860,9251,3,16
1784684612.713,real_q8_tensor_220w_none,2,100,11457,216.26,74,1845,9251,3,16
1784684612.713,real_q8_tensor_220w_none,3,100,11457,218.25,71,1890,9251,3,16
1784684613.305,real_q8_tensor_220w_none,0,100,11457,212.20,66,1830,9251,3,16
1784684613.305,real_q8_tensor_220w_none,1,78,11457,215.40,71,1740,9251,3,16
1784684613.305,real_q8_tensor_220w_none,2,100,11457,216.39,75,1770,9251,3,16
1784684613.305,real_q8_tensor_220w_none,3,100,11457,216.19,71,1755,9251,3,16
1784684613.873,real_q8_tensor_220w_none,0,100,11457,214.82,66,1830,9251,3,16
1784684613.873,real_q8_tensor_220w_none,1,78,11457,217.91,71,1710,9251,3,16
1784684613.873,real_q8_tensor_220w_none,2,100,11457,217.99,75,1755,9251,3,16
1784684613.873,real_q8_tensor_220w_none,3,100,11457,218.18,71,1740,9251,3,16
1784684614.459,real_q8_tensor_220w_none,0,72,11457,211.38,66,1800,9251,3,16
1784684614.459,real_q8_tensor_220w_none,1,71,11457,215.68,70,1710,9251,3,16
1784684614.459,real_q8_tensor_220w_none,2,72,11457,215.60,75,1785,9251,3,16
1784684614.459,real_q8_tensor_220w_none,3,99,11457,216.75,71,1740,9251,3,16
1784684615.058,real_q8_tensor_220w_none,0,72,11457,211.80,66,1800,9251,3,16
1784684615.058,real_q8_tensor_220w_none,1,71,11457,215.38,71,1725,9251,3,16
1784684615.058,real_q8_tensor_220w_none,2,72,11457,215.41,75,1770,9251,3,16
1784684615.058,real_q8_tensor_220w_none,3,100,11457,218.48,71,1785,9251,3,16
1784684615.643,real_q8_tensor_220w_none,0,100,11457,213.66,66,1875,9251,3,16
1784684615.643,real_q8_tensor_220w_none,1,100,11457,216.93,70,1830,9251,3,16
1784684615.643,real_q8_tensor_220w_none,2,100,11457,217.67,74,1770,9251,3,16
1784684615.643,real_q8_tensor_220w_none,3,100,11457,215.91,71,1845,9251,3,16
1784684616.208,real_q8_tensor_220w_none,0,100,11457,211.00,66,1800,9251,3,16
1784684616.208,real_q8_tensor_220w_none,1,100,11457,215.66,70,1755,9251,3,16
1784684616.208,real_q8_tensor_220w_none,2,100,11457,214.16,75,1770,9251,3,16
1784684616.208,real_q8_tensor_220w_none,3,91,11457,216.66,71,1770,9251,3,16
1784684616.777,real_q8_tensor_220w_none,0,100,11457,213.53,66,1815,9251,3,16
1784684616.777,real_q8_tensor_220w_none,1,100,11457,217.93,71,1725,9251,3,16
1784684616.777,real_q8_tensor_220w_none,2,100,11457,215.73,75,1785,9251,3,16
1784684616.777,real_q8_tensor_220w_none,3,100,11457,219.05,71,1740,9251,3,16
1784684617.375,real_q8_tensor_220w_none,0,100,11457,210.66,66,1800,9251,3,16
1784684617.375,real_q8_tensor_220w_none,1,100,11457,216.73,71,1710,9251,3,16
1784684617.375,real_q8_tensor_220w_none,2,100,11457,214.34,75,1755,9251,3,16
1784684617.375,real_q8_tensor_220w_none,3,71,11457,215.49,70,1740,9251,3,16
1784684617.971,real_q8_tensor_220w_none,0,100,11457,211.74,66,1785,9251,3,16
1784684617.971,real_q8_tensor_220w_none,1,100,11457,216.49,71,1710,9251,3,16
1784684617.971,real_q8_tensor_220w_none,2,100,11457,217.69,75,1785,9251,3,16
1784684617.971,real_q8_tensor_220w_none,3,71,11457,216.00,71,1740,9251,3,16
1784684618.567,real_q8_tensor_220w_none,0,100,11457,213.36,66,1815,9251,3,16
1784684618.567,real_q8_tensor_220w_none,1,100,11457,216.86,71,1740,9251,3,16
1784684618.567,real_q8_tensor_220w_none,2,100,11457,216.13,75,1740,9251,3,16
1784684618.567,real_q8_tensor_220w_none,3,100,11457,217.55,71,1770,9251,3,16
1784684619.131,real_q8_tensor_220w_none,0,71,11457,210.21,66,1800,9251,3,16
1784684619.131,real_q8_tensor_220w_none,1,76,11457,215.69,71,1755,9251,3,16
1784684619.131,real_q8_tensor_220w_none,2,77,11457,213.66,75,1755,9251,3,16
1784684619.131,real_q8_tensor_220w_none,3,100,11457,215.51,71,1770,9251,3,16
1784684619.700,real_q8_tensor_220w_none,0,71,11457,211.32,66,1800,9251,3,16
1784684619.700,real_q8_tensor_220w_none,1,76,11457,218.96,71,1710,9251,3,16
1784684619.700,real_q8_tensor_220w_none,2,77,11457,216.75,75,1770,9251,3,16
1784684619.700,real_q8_tensor_220w_none,3,100,11457,215.90,71,1740,9251,3,16
1784684620.293,real_q8_tensor_220w_none,0,100,11457,214.14,66,1815,9251,3,16
1784684620.293,real_q8_tensor_220w_none,1,100,11457,217.45,71,1725,9251,3,16
1784684620.293,real_q8_tensor_220w_none,2,100,11457,215.82,75,1740,9251,3,16
1784684620.293,real_q8_tensor_220w_none,3,100,11457,217.11,71,1710,9251,3,16
1784684620.856,real_q8_tensor_220w_none,0,100,11457,211.54,65,1800,9251,3,16
1784684620.856,real_q8_tensor_220w_none,1,100,11457,215.85,71,1710,9251,3,16
1784684620.856,real_q8_tensor_220w_none,2,100,11457,213.33,75,1755,9251,3,16
1784684620.856,real_q8_tensor_220w_none,3,100,11457,214.65,71,1725,9251,3,16
1784684621.427,real_q8_tensor_220w_none,0,100,11457,211.05,66,1815,9251,3,16
1784684621.427,real_q8_tensor_220w_none,1,100,11457,216.93,71,1710,9251,3,16
1784684621.427,real_q8_tensor_220w_none,2,100,11457,216.00,75,1755,9251,3,16
1784684621.427,real_q8_tensor_220w_none,3,100,11457,214.25,71,1725,9251,3,16
1784684621.997,real_q8_tensor_220w_none,0,100,11457,213.40,66,1815,9251,3,16
1784684621.997,real_q8_tensor_220w_none,1,100,11457,217.44,71,1710,9251,3,16
1784684621.997,real_q8_tensor_220w_none,2,100,11457,216.40,75,1770,9251,3,16
1784684621.997,real_q8_tensor_220w_none,3,100,11457,217.30,71,1740,9251,3,16
1784684622.562,real_q8_tensor_220w_none,0,74,11457,211.24,65,1785,9251,3,16
1784684622.562,real_q8_tensor_220w_none,1,69,11457,215.13,71,1740,9251,3,16
1784684622.562,real_q8_tensor_220w_none,2,69,11457,212.39,75,1755,9251,3,16
1784684622.562,real_q8_tensor_220w_none,3,100,11457,215.35,70,1770,9251,3,16
1784684623.130,real_q8_tensor_220w_none,0,74,11457,214.41,66,1815,9251,3,16
1784684623.130,real_q8_tensor_220w_none,1,69,11457,215.09,70,1725,9251,3,16
1784684623.130,real_q8_tensor_220w_none,2,69,11457,212.70,75,1755,9251,3,16
1784684623.130,real_q8_tensor_220w_none,3,100,11457,218.86,71,1740,9251,3,16
1784684623.722,real_q8_tensor_220w_none,0,100,11457,213.36,66,1800,9251,3,16
1784684623.722,real_q8_tensor_220w_none,1,100,11457,217.23,71,1710,9251,3,16
1784684623.722,real_q8_tensor_220w_none,2,100,11457,214.85,75,1785,9251,3,16
1784684623.722,real_q8_tensor_220w_none,3,100,11457,217.54,71,1740,9251,3,16
1784684624.304,real_q8_tensor_220w_none,0,84,11457,210.98,66,1830,9251,3,16
1784684624.304,real_q8_tensor_220w_none,1,84,11457,214.22,70,1710,9251,3,16
1784684624.304,real_q8_tensor_220w_none,2,89,11457,212.84,75,1785,9251,3,16
1784684624.304,real_q8_tensor_220w_none,3,68,11457,215.07,71,1740,9251,3,16
1784684624.900,real_q8_tensor_220w_none,0,100,11457,211.43,66,1785,9251,3,16
1784684624.900,real_q8_tensor_220w_none,1,100,11457,217.25,70,1695,9251,3,16
1784684624.900,real_q8_tensor_220w_none,2,100,11457,216.35,75,1785,9251,3,16
1784684624.900,real_q8_tensor_220w_none,3,68,11457,216.24,71,1725,9251,3,16
1784684625.469,real_q8_tensor_220w_none,0,100,11457,213.79,66,1785,9251,3,16
1784684625.469,real_q8_tensor_220w_none,1,100,11457,217.21,70,1695,9251,3,16
1784684625.469,real_q8_tensor_220w_none,2,100,11457,215.85,75,1755,9251,3,16
1784684625.469,real_q8_tensor_220w_none,3,100,11457,217.99,71,1725,9251,3,16
1784684626.040,real_q8_tensor_220w_none,0,80,11457,210.69,65,1785,9251,3,16
1784684626.040,real_q8_tensor_220w_none,1,67,11457,215.81,70,1695,9251,3,16
1784684626.040,real_q8_tensor_220w_none,2,68,11457,213.47,75,1740,9251,3,16
1784684626.040,real_q8_tensor_220w_none,3,100,11457,216.11,70,1755,9251,3,16
1784684626.634,real_q8_tensor_220w_none,0,80,11457,214.17,66,1800,9251,3,16
1784684626.634,real_q8_tensor_220w_none,1,67,11457,216.75,71,1695,9251,3,16
1784684626.634,real_q8_tensor_220w_none,2,68,11457,214.64,75,1770,9251,3,16
1784684626.634,real_q8_tensor_220w_none,3,100,11457,218.93,71,1725,9251,3,16
1784684627.226,real_q8_tensor_220w_none,0,100,11457,213.55,66,1785,9251,3,16
1784684627.226,real_q8_tensor_220w_none,1,100,11457,217.97,71,1740,9251,3,16
1784684627.226,real_q8_tensor_220w_none,2,100,11457,216.44,75,1740,9251,3,16
1784684627.226,real_q8_tensor_220w_none,3,100,11457,217.68,71,1755,9251,3,16
1784684627.813,real_q8_tensor_220w_none,0,100,11457,209.50,66,1785,9251,3,16
1784684627.813,real_q8_tensor_220w_none,1,96,11457,216.46,70,1695,9251,3,16
1784684627.813,real_q8_tensor_220w_none,2,100,11457,213.53,74,1740,9251,3,16
1784684627.813,real_q8_tensor_220w_none,3,67,11457,214.72,71,1725,9251,3,16
1784684628.384,real_q8_tensor_220w_none,0,100,11457,210.61,66,1800,9251,3,16
1784684628.384,real_q8_tensor_220w_none,1,100,11457,218.71,70,1710,9251,3,16
1784684628.384,real_q8_tensor_220w_none,2,100,11457,217.20,75,1755,9251,3,16
1784684628.384,real_q8_tensor_220w_none,3,67,11457,215.61,71,1725,9251,3,16
1784684628.979,real_q8_tensor_220w_none,0,100,11457,213.45,66,1830,9251,3,16
1784684628.979,real_q8_tensor_220w_none,1,100,11457,217.39,71,1710,9251,3,16
1784684628.979,real_q8_tensor_220w_none,2,100,11457,216.32,75,1770,9251,3,16
1784684628.979,real_q8_tensor_220w_none,3,100,11457,216.89,71,1710,9251,3,16
1784684629.573,real_q8_tensor_220w_none,0,66,11457,209.72,66,1785,9251,3,16
1784684629.573,real_q8_tensor_220w_none,1,68,11457,213.91,70,1695,9251,3,16
1784684629.573,real_q8_tensor_220w_none,2,68,11457,212.23,74,1770,9251,3,16
1784684629.573,real_q8_tensor_220w_none,3,100,11457,214.95,71,1695,9251,3,16
1784684630.143,real_q8_tensor_220w_none,0,66,11457,209.74,66,1785,9251,3,16
1784684630.143,real_q8_tensor_220w_none,1,68,11457,214.75,70,1710,9251,3,16
1784684630.143,real_q8_tensor_220w_none,2,68,11457,212.73,75,1740,9251,3,16
1784684630.143,real_q8_tensor_220w_none,3,100,11457,217.45,71,1725,9251,3,16
1784684630.715,real_q8_tensor_220w_none,0,100,11457,212.87,66,1785,9251,3,16
1784684630.715,real_q8_tensor_220w_none,1,100,11457,217.15,70,1725,9251,3,16
1784684630.715,real_q8_tensor_220w_none,2,100,11457,215.98,76,1740,9251,3,16
1784684630.715,real_q8_tensor_220w_none,3,83,11457,216.37,71,1755,9251,3,16
1784684631.304,real_q8_tensor_220w_none,0,100,11457,212.28,66,1920,9251,3,16
1784684631.304,real_q8_tensor_220w_none,1,83,11457,213.10,70,1695,9251,3,16
1784684631.304,real_q8_tensor_220w_none,2,100,11457,211.82,75,1890,9251,3,16
1784684631.304,real_q8_tensor_220w_none,3,100,11457,216.62,71,1695,9251,3,16
1784684631.900,real_q8_tensor_220w_none,0,100,11457,209.97,66,1785,9251,3,16
1784684631.900,real_q8_tensor_220w_none,1,66,11457,214.06,70,1695,9251,3,16
1784684631.900,real_q8_tensor_220w_none,2,100,11457,212.87,75,1770,9251,3,16
1784684631.900,real_q8_tensor_220w_none,3,100,11457,214.36,71,1710,9251,3,16
1784684632.471,real_q8_tensor_220w_none,0,100,11457,212.87,66,1800,9251,3,16
1784684632.471,real_q8_tensor_220w_none,1,66,11457,218.25,70,1740,9251,3,16
1784684632.471,real_q8_tensor_220w_none,2,100,11457,217.71,75,1725,9251,3,16
1784684632.471,real_q8_tensor_220w_none,3,100,11457,216.70,71,1725,9251,3,16
1784684633.040,real_q8_tensor_220w_none,0,100,11457,213.13,66,1800,9251,3,16
1784684633.040,real_q8_tensor_220w_none,1,100,11457,217.41,71,1740,9251,3,16
1784684633.040,real_q8_tensor_220w_none,2,100,11457,216.24,75,1740,9251,3,16
1784684633.040,real_q8_tensor_220w_none,3,100,11457,217.02,71,1755,9251,3,16
1784684633.606,real_q8_tensor_220w_none,0,100,11457,210.18,65,1755,9251,3,16
1784684633.606,real_q8_tensor_220w_none,1,100,11457,214.65,71,1665,9251,3,16
1784684633.606,real_q8_tensor_220w_none,2,100,11457,213.06,75,1725,9251,3,16
1784684633.606,real_q8_tensor_220w_none,3,65,11457,213.30,70,1710,9251,3,16
1784684634.176,real_q8_tensor_220w_none,0,100,11457,211.06,66,1785,9251,3,16
1784684634.176,real_q8_tensor_220w_none,1,100,11457,213.83,70,1695,9251,3,16
1784684634.176,real_q8_tensor_220w_none,2,100,11457,212.74,75,1770,9251,3,16
1784684634.176,real_q8_tensor_220w_none,3,65,11457,214.82,71,1710,9251,3,16
1784684634.747,real_q8_tensor_220w_none,0,95,11457,215.05,66,1770,9251,3,16
1784684634.747,real_q8_tensor_220w_none,1,100,11457,215.80,71,1680,9251,3,16
1784684634.747,real_q8_tensor_220w_none,2,82,11457,215.27,75,1725,9251,3,16
1784684634.747,real_q8_tensor_220w_none,3,100,11457,216.29,71,1710,9251,3,16
1784684635.339,real_q8_tensor_220w_none,0,100,11457,214.55,66,1770,9251,3,16
1784684635.339,real_q8_tensor_220w_none,1,100,11457,217.15,70,1635,9251,3,16
1784684635.339,real_q8_tensor_220w_none,2,100,11457,215.80,75,1725,9251,3,16
1784684635.339,real_q8_tensor_220w_none,3,100,11457,214.71,71,1680,9251,3,16
1784684635.900,real_q8_tensor_220w_none,0,100,11457,209.99,66,1770,9251,3,16
1784684635.900,real_q8_tensor_220w_none,1,100,11457,213.76,69,1665,9251,3,16
1784684635.900,real_q8_tensor_220w_none,2,100,11457,212.29,74,1740,9251,3,16
1784684635.900,real_q8_tensor_220w_none,3,64,11457,214.44,71,1695,9251,3,16
1784684636.471,real_q8_tensor_220w_none,0,100,11457,213.45,66,1785,9251,3,16
1784684636.471,real_q8_tensor_220w_none,1,100,11457,212.75,70,1695,9251,3,16
1784684636.471,real_q8_tensor_220w_none,2,100,11457,212.29,75,1725,9251,3,16
1784684636.471,real_q8_tensor_220w_none,3,64,11457,216.06,71,1710,9251,3,16
1784684637.039,real_q8_tensor_220w_none,0,100,11457,216.67,66,1755,9251,3,16
1784684637.039,real_q8_tensor_220w_none,1,100,11457,216.04,71,1710,9251,3,16
1784684637.039,real_q8_tensor_220w_none,2,100,11457,215.20,75,1710,9251,3,16
1784684637.039,real_q8_tensor_220w_none,3,100,11457,215.75,71,1710,9251,3,16
1784684637.635,real_q8_tensor_220w_none,0,100,11457,215.91,66,1875,9251,3,16
1784684637.635,real_q8_tensor_220w_none,1,100,11457,215.70,70,1785,9251,3,16
1784684637.635,real_q8_tensor_220w_none,2,100,11457,215.37,75,1740,9251,3,16
1784684637.635,real_q8_tensor_220w_none,3,100,11457,216.23,71,1770,9251,3,16
1784684638.194,real_q8_tensor_220w_none,0,100,11457,211.35,66,1800,9251,3,16
1784684638.194,real_q8_tensor_220w_none,1,100,11457,213.07,70,1725,9251,3,16
1784684638.194,real_q8_tensor_220w_none,2,100,11457,212.15,74,1710,9251,3,16
1784684638.194,real_q8_tensor_220w_none,3,64,11457,214.07,71,1725,9251,3,16
1784684638.762,real_q8_tensor_220w_none,0,100,11457,213.58,66,1785,9251,3,16
1784684638.762,real_q8_tensor_220w_none,1,100,11457,214.16,70,1680,9251,3,16
1784684638.762,real_q8_tensor_220w_none,2,100,11457,212.46,75,1755,9251,3,16
1784684638.762,real_q8_tensor_220w_none,3,92,11457,217.13,71,1695,9251,3,16
1784684639.332,real_q8_tensor_220w_none,0,100,11457,213.82,66,1755,9251,3,16
1784684639.332,real_q8_tensor_220w_none,1,100,11457,215.65,70,1665,9251,3,16
1784684639.332,real_q8_tensor_220w_none,2,100,11457,214.79,75,1710,9251,3,16
1784684639.332,real_q8_tensor_220w_none,3,100,11457,215.92,71,1695,9251,3,16
1784684639.901,real_q8_tensor_220w_none,0,100,11457,214.46,66,1815,9251,3,16
1784684639.901,real_q8_tensor_220w_none,1,100,11457,215.43,71,1725,9251,3,16
1784684639.901,real_q8_tensor_220w_none,2,100,11457,214.79,75,1740,9251,3,16
1784684639.901,real_q8_tensor_220w_none,3,100,11457,215.70,71,1680,9251,3,16
1784684640.466,real_q8_tensor_220w_none,0,100,11457,211.56,66,1860,9251,3,16
1784684640.466,real_q8_tensor_220w_none,1,100,11457,213.40,69,1650,9251,3,16
1784684640.466,real_q8_tensor_220w_none,2,100,11457,212.81,74,1740,9251,3,16
1784684640.466,real_q8_tensor_220w_none,3,63,11457,213.20,71,1680,9251,3,16
1784684641.035,real_q8_tensor_220w_none,0,64,11457,212.51,66,1770,9251,3,16
1784684641.035,real_q8_tensor_220w_none,1,100,11457,212.91,70,1665,9251,3,16
1784684641.035,real_q8_tensor_220w_none,2,100,11457,211.22,75,1725,9251,3,16
1784684641.035,real_q8_tensor_220w_none,3,63,11457,216.25,71,1680,9251,3,16
1784684641.606,real_q8_tensor_220w_none,0,64,11457,216.30,66,1785,9251,3,16
1784684641.606,real_q8_tensor_220w_none,1,100,11457,215.16,70,1665,9251,3,16
1784684641.606,real_q8_tensor_220w_none,2,100,11457,214.25,75,1755,9251,3,16
1784684641.606,real_q8_tensor_220w_none,3,100,11457,216.44,71,1680,9251,3,16
1784684642.195,real_q8_tensor_220w_none,0,100,11457,215.07,66,1770,9251,3,16
1784684642.195,real_q8_tensor_220w_none,1,100,11457,215.42,70,1725,9251,3,16
1784684642.195,real_q8_tensor_220w_none,2,100,11457,214.46,75,1710,9251,3,16
1784684642.195,real_q8_tensor_220w_none,3,100,11457,215.95,71,1740,9251,3,16
1784684642.766,real_q8_tensor_220w_none,0,100,11457,210.90,66,1890,9251,3,16
1784684642.766,real_q8_tensor_220w_none,1,100,11457,215.56,70,1875,9251,3,16
1784684642.766,real_q8_tensor_220w_none,2,100,11457,214.60,74,1845,9251,3,16
1784684642.766,real_q8_tensor_220w_none,3,65,11457,211.80,70,1890,9251,3,16
1784684643.335,real_q8_tensor_220w_none,0,64,11457,210.02,66,1740,9251,3,16
1784684643.335,real_q8_tensor_220w_none,1,81,11457,213.32,70,1695,9251,3,16
1784684643.335,real_q8_tensor_220w_none,2,82,11457,211.81,75,1710,9251,3,16
1784684643.335,real_q8_tensor_220w_none,3,65,11457,213.99,71,1740,9251,3,16
1784684643.905,real_q8_tensor_220w_none,0,64,11457,213.01,66,1770,9251,3,16
1784684643.905,real_q8_tensor_220w_none,1,81,11457,215.75,70,1650,9251,3,16
1784684643.905,real_q8_tensor_220w_none,2,82,11457,213.97,75,1695,9251,3,16
1784684643.905,real_q8_tensor_220w_none,3,100,11457,216.98,71,1695,9251,3,16
1784684644.476,real_q8_tensor_220w_none,0,100,11457,212.98,66,1785,9251,3,16
1784684644.476,real_q8_tensor_220w_none,1,100,11457,215.20,70,1680,9251,3,16
1784684644.476,real_q8_tensor_220w_none,2,100,11457,213.57,75,1710,9251,3,16
1784684644.476,real_q8_tensor_220w_none,3,100,11457,215.53,71,1680,9251,3,16
1784684645.046,real_q8_tensor_220w_none,0,100,11457,212.73,66,1770,9251,3,16
1784684645.046,real_q8_tensor_220w_none,1,100,11457,215.29,70,1665,9251,3,16
1784684645.046,real_q8_tensor_220w_none,2,100,11457,213.96,75,1740,9251,3,16
1784684645.046,real_q8_tensor_220w_none,3,100,11457,215.35,71,1680,9251,3,16
1784684645.633,real_q8_tensor_220w_none,0,94,11457,212.42,65,1755,9251,3,16
1784684645.633,real_q8_tensor_220w_none,1,61,11457,212.52,70,1695,9251,3,16
1784684645.633,real_q8_tensor_220w_none,2,62,11457,210.93,75,1680,9251,3,16
1784684645.633,real_q8_tensor_220w_none,3,90,11457,212.81,70,1725,9251,3,16
1784684646.204,real_q8_tensor_220w_none,0,94,11457,210.37,66,1755,9251,3,16
1784684646.204,real_q8_tensor_220w_none,1,61,11457,215.41,70,1710,9251,3,16
1784684646.204,real_q8_tensor_220w_none,2,62,11457,213.88,75,1695,9251,3,16
1784684646.204,real_q8_tensor_220w_none,3,100,11457,212.28,71,1740,9251,3,16
1784684646.773,real_q8_tensor_220w_none,0,100,11457,213.91,66,1755,9251,3,16
1784684646.773,real_q8_tensor_220w_none,1,100,11457,214.93,70,1665,9251,3,16
1784684646.773,real_q8_tensor_220w_none,2,100,11457,213.17,75,1710,9251,3,16
1784684646.773,real_q8_tensor_220w_none,3,100,11457,215.13,71,1710,9251,3,16
1784684647.343,real_q8_tensor_220w_none,0,100,11457,213.25,66,1755,9251,3,16
1784684647.343,real_q8_tensor_220w_none,1,100,11457,215.32,70,1710,9251,3,16
1784684647.343,real_q8_tensor_220w_none,2,100,11457,214.21,75,1695,9251,3,16
1784684647.343,real_q8_tensor_220w_none,3,100,11457,215.52,71,1665,9251,3,16
1784684647.931,real_q8_tensor_220w_none,0,100,11457,212.24,66,1845,9251,3,16
1784684647.931,real_q8_tensor_220w_none,1,100,11457,214.60,70,1785,9251,3,16
1784684647.931,real_q8_tensor_220w_none,2,100,11457,214.01,75,1695,9251,3,16
1784684647.931,real_q8_tensor_220w_none,3,100,11457,215.15,71,1815,9251,3,16
1784684648.490,real_q8_tensor_220w_none,0,100,11457,208.41,65,1800,9251,3,16
1784684648.490,real_q8_tensor_220w_none,1,100,11457,211.50,70,1695,9251,3,16
1784684648.490,real_q8_tensor_220w_none,2,100,11457,210.30,75,1680,9251,3,16
1784684648.490,real_q8_tensor_220w_none,3,61,11457,214.41,71,1680,9251,3,16
1784684649.100,real_q8_tensor_220w_none,0,100,11457,213.12,66,1800,9251,3,16
1784684649.100,real_q8_tensor_220w_none,1,100,11457,214.45,70,1665,9251,3,16
1784684649.100,real_q8_tensor_220w_none,2,100,11457,213.81,75,1755,9251,3,16
1784684649.100,real_q8_tensor_220w_none,3,61,11457,216.56,71,1680,9251,3,16
1784684649.671,real_q8_tensor_220w_none,0,100,11457,211.85,66,1740,9251,3,16
1784684649.671,real_q8_tensor_220w_none,1,100,11457,215.05,70,1635,9251,3,16
1784684649.671,real_q8_tensor_220w_none,2,100,11457,214.35,75,1740,9251,3,16
1784684649.671,real_q8_tensor_220w_none,3,100,11457,215.50,71,1680,9251,3,16
1784684650.241,real_q8_tensor_220w_none,0,100,11457,213.63,66,1755,9251,3,16
1784684650.241,real_q8_tensor_220w_none,1,100,11457,214.36,70,1620,9251,3,16
1784684650.241,real_q8_tensor_220w_none,2,100,11457,213.02,75,1695,9251,3,16
1784684650.241,real_q8_tensor_220w_none,3,100,11457,214.73,71,1665,9251,3,16
1784684650.811,real_q8_tensor_220w_none,0,100,11457,214.32,66,1890,9251,3,16
1784684650.811,real_q8_tensor_220w_none,1,100,11457,212.53,69,1845,9251,3,16
1784684650.811,real_q8_tensor_220w_none,2,100,11457,211.61,74,1860,9251,3,16
1784684650.811,real_q8_tensor_220w_none,3,60,11457,211.84,71,1860,9251,3,16
1784684651.406,real_q8_tensor_220w_none,0,59,11457,209.37,66,1770,9251,3,16
1784684651.406,real_q8_tensor_220w_none,1,94,11457,211.45,69,1665,9251,3,16
1784684651.406,real_q8_tensor_220w_none,2,93,11457,210.45,74,1695,9251,3,16
1784684651.406,real_q8_tensor_220w_none,3,60,11457,212.39,71,1665,9251,3,16
1784684651.975,real_q8_tensor_220w_none,0,59,11457,213.37,66,1740,9251,3,16
1784684651.975,real_q8_tensor_220w_none,1,94,11457,214.05,70,1650,9251,3,16
1784684651.975,real_q8_tensor_220w_none,2,93,11457,212.05,75,1710,9251,3,16
1784684651.975,real_q8_tensor_220w_none,3,100,11457,214.87,71,1665,9251,3,16
1784684652.545,real_q8_tensor_220w_none,0,100,11457,211.35,66,1800,9251,3,16
1784684652.545,real_q8_tensor_220w_none,1,100,11457,214.69,70,1665,9251,3,16
1784684652.545,real_q8_tensor_220w_none,2,100,11457,212.61,75,1695,9251,3,16
1784684652.545,real_q8_tensor_220w_none,3,100,11457,214.49,71,1695,9251,3,16
1784684653.138,real_q8_tensor_220w_none,0,100,11457,211.37,66,1725,9251,3,16
1784684653.138,real_q8_tensor_220w_none,1,100,11457,214.12,70,1635,9251,3,16
1784684653.138,real_q8_tensor_220w_none,2,100,11457,212.85,75,1710,9251,3,16
1784684653.138,real_q8_tensor_220w_none,3,100,11457,215.24,71,1665,9251,3,16
1784684653.706,real_q8_tensor_220w_none,0,100,11457,211.92,66,1740,9251,3,16
1784684653.706,real_q8_tensor_220w_none,1,90,11457,212.39,70,1785,9251,3,16
1784684653.706,real_q8_tensor_220w_none,2,83,11457,211.21,75,1680,9251,3,16
1784684653.706,real_q8_tensor_220w_none,3,100,11457,214.65,71,1815,9251,3,16
1784684654.264,real_q8_tensor_220w_none,0,80,11457,208.61,66,1740,9251,3,16
1784684654.264,real_q8_tensor_220w_none,1,100,11457,212.26,69,1635,9251,3,16
1784684654.264,real_q8_tensor_220w_none,2,89,11457,210.31,73,1740,9251,3,16
1784684654.264,real_q8_tensor_220w_none,3,59,11457,212.26,71,1650,9251,3,16
1784684654.860,real_q8_tensor_220w_none,0,100,11457,213.88,66,1725,9251,3,16
1784684654.860,real_q8_tensor_220w_none,1,94,11457,213.40,70,1710,9251,3,16
1784684654.860,real_q8_tensor_220w_none,2,94,11457,211.33,75,1665,9251,3,16
1784684654.860,real_q8_tensor_220w_none,3,59,11457,216.01,71,1710,9251,3,16
1784684655.429,real_q8_tensor_220w_none,0,80,11457,211.65,66,1740,9251,3,16
1784684655.429,real_q8_tensor_220w_none,1,80,11457,213.99,70,1665,9251,3,16
1784684655.429,real_q8_tensor_220w_none,2,100,11457,212.61,75,1695,9251,3,16
1784684655.429,real_q8_tensor_220w_none,3,100,11457,214.46,70,1680,9251,3,16
1784684656.004,real_q8_tensor_220w_none,0,100,11457,212.16,66,1800,9251,3,16
1784684656.004,real_q8_tensor_220w_none,1,100,11457,213.78,70,1695,9251,3,16
1784684656.004,real_q8_tensor_220w_none,2,100,11457,212.68,75,1665,9251,3,16
1784684656.004,real_q8_tensor_220w_none,3,100,11457,214.37,71,1650,9251,3,16
1784684656.643,real_q8_tensor_220w_none,0,100,11457,210.76,66,1830,9251,3,16
1784684656.643,real_q8_tensor_220w_none,1,100,11457,214.20,70,1845,9251,3,16
1784684656.643,real_q8_tensor_220w_none,2,100,11457,212.33,75,1785,9251,3,16
1784684656.643,real_q8_tensor_220w_none,3,73,11457,211.59,69,1860,9251,3,16
1784684657.237,real_q8_tensor_220w_none,0,80,11457,209.34,65,1725,9251,3,16
1784684657.237,real_q8_tensor_220w_none,1,57,11457,211.17,70,1695,9251,3,16
1784684657.237,real_q8_tensor_220w_none,2,58,11457,208.85,75,1680,9251,3,16
1784684657.237,real_q8_tensor_220w_none,3,86,11457,213.43,70,1725,9251,3,16
1784684657.813,real_q8_tensor_220w_none,0,90,11457,212.22,66,1725,9251,3,16
1784684657.813,real_q8_tensor_220w_none,1,78,11457,214.91,70,1710,9251,3,16
1784684657.813,real_q8_tensor_220w_none,2,100,11457,213.04,75,1710,9251,3,16
1784684657.813,real_q8_tensor_220w_none,3,100,11457,214.44,70,1740,9251,3,16
1784684658.449,real_q8_tensor_220w_none,0,100,11457,211.93,66,1710,9251,3,16
1784684658.449,real_q8_tensor_220w_none,1,100,11457,213.80,70,1665,9251,3,16
1784684658.449,real_q8_tensor_220w_none,2,100,11457,211.28,75,1680,9251,3,16
1784684658.449,real_q8_tensor_220w_none,3,100,11457,215.05,71,1710,9251,3,16
1784684659.044,real_q8_tensor_220w_none,0,100,11457,211.66,66,1725,9251,3,16
1784684659.044,real_q8_tensor_220w_none,1,100,11457,213.80,70,1650,9251,3,16
1784684659.044,real_q8_tensor_220w_none,2,100,11457,211.87,75,1680,9251,3,16
1784684659.044,real_q8_tensor_220w_none,3,100,11457,214.52,70,1710,9251,3,16
1784684659.615,real_q8_tensor_220w_none,0,100,11457,211.10,66,1770,9251,3,16
1784684659.615,real_q8_tensor_220w_none,1,98,11457,213.90,70,1635,9251,3,16
1784684659.615,real_q8_tensor_220w_none,2,100,11457,212.07,75,1740,9251,3,16
1784684659.615,real_q8_tensor_220w_none,3,100,11457,213.53,71,1650,9251,3,16
1784684660.177,real_q8_tensor_220w_none,0,100,11457,207.08,64,1725,9251,3,16
1784684660.177,real_q8_tensor_220w_none,1,98,11457,210.82,69,1620,9251,3,16
1784684660.177,real_q8_tensor_220w_none,2,61,11457,208.77,75,1665,9251,3,16
1784684660.177,real_q8_tensor_220w_none,3,57,11457,209.35,70,1665,9251,3,16
1784684660.771,real_q8_tensor_220w_none,0,97,11457,212.40,66,1725,9251,3,16
1784684660.771,real_q8_tensor_220w_none,1,62,11457,210.48,70,1635,9251,3,16
1784684660.771,real_q8_tensor_220w_none,2,97,11457,209.34,75,1665,9251,3,16
1784684660.771,real_q8_tensor_220w_none,3,78,11457,215.59,70,1725,9251,3,16
1784684661.344,real_q8_tensor_220w_none,0,97,11457,211.95,66,1725,9251,3,16
1784684661.344,real_q8_tensor_220w_none,1,62,11457,213.60,70,1635,9251,3,16
1784684661.344,real_q8_tensor_220w_none,2,100,11457,212.31,75,1665,9251,3,16
1784684661.344,real_q8_tensor_220w_none,3,100,11457,214.93,71,1665,9251,3,16
1784684661.920,real_q8_tensor_220w_none,0,100,11457,211.10,66,1800,9251,3,16
1784684661.920,real_q8_tensor_220w_none,1,97,11457,214.40,70,1785,9251,3,16
1784684661.920,real_q8_tensor_220w_none,2,100,11457,209.37,75,1665,9251,3,16
1784684661.920,real_q8_tensor_220w_none,3,100,11457,215.39,70,1650,9251,3,16
1784684662.530,real_q8_tensor_220w_none,0,100,11457,210.43,66,1785,9251,3,16
1784684662.530,real_q8_tensor_220w_none,1,100,11457,212.55,70,1620,9251,3,16
1784684662.530,real_q8_tensor_220w_none,2,54,11457,210.39,75,1725,9251,3,16
1784684662.530,real_q8_tensor_220w_none,3,93,11457,213.73,71,1665,9251,3,16
1784684663.128,real_q8_tensor_220w_none,0,100,11457,210.67,66,1800,9251,3,16
1784684663.128,real_q8_tensor_220w_none,1,100,11457,212.92,70,1680,9251,3,16
1784684663.128,real_q8_tensor_220w_none,2,100,11457,210.22,75,1740,9251,3,16
1784684663.128,real_q8_tensor_220w_none,3,100,11457,214.07,71,1665,9251,3,16
1784684663.689,real_q8_tensor_220w_none,0,85,11457,209.35,64,1905,9251,3,16
1784684663.689,real_q8_tensor_220w_none,1,100,11457,210.34,70,1875,9251,3,16
1784684663.689,real_q8_tensor_220w_none,2,100,11457,207.09,75,1845,9251,3,16
1784684663.689,real_q8_tensor_220w_none,3,100,11457,211.57,69,1890,9251,3,16
1784684664.258,real_q8_tensor_220w_none,0,78,11457,208.68,66,1725,9251,3,16
1784684664.258,real_q8_tensor_220w_none,1,78,11457,213.38,70,1605,9251,3,16
1784684664.258,real_q8_tensor_220w_none,2,100,11457,211.22,74,1740,9251,3,16
1784684664.258,real_q8_tensor_220w_none,3,77,11457,213.93,70,1650,9251,3,16
1784684664.875,real_q8_tensor_220w_none,0,100,11457,210.44,66,1725,9251,3,16
1784684664.875,real_q8_tensor_220w_none,1,100,11457,213.92,70,1695,9251,3,16
1784684664.875,real_q8_tensor_220w_none,2,100,11457,211.57,75,1665,9251,3,16
1784684664.875,real_q8_tensor_220w_none,3,77,11457,214.79,70,1695,9251,3,16
1784684665.467,real_q8_tensor_220w_none,0,100,11457,212.26,66,1725,9251,3,16
1784684665.467,real_q8_tensor_220w_none,1,100,11457,214.20,70,1620,9251,3,16
1784684665.467,real_q8_tensor_220w_none,2,100,11457,212.24,75,1680,9251,3,16
1784684665.467,real_q8_tensor_220w_none,3,100,11457,213.99,70,1725,9251,3,16
1784684666.095,real_q8_tensor_220w_none,0,100,11457,211.09,66,1725,9251,3,16
1784684666.095,real_q8_tensor_220w_none,1,100,11457,213.23,70,1620,9251,3,16
1784684666.095,real_q8_tensor_220w_none,2,100,11457,211.29,75,1680,9251,3,16
1784684666.095,real_q8_tensor_220w_none,3,100,11457,214.05,71,1635,9251,3,16
1784684666.691,real_q8_tensor_220w_none,0,100,11457,210.89,66,1845,9251,3,16
1784684666.691,real_q8_tensor_220w_none,1,100,11457,210.19,70,1770,9251,3,16
1784684666.691,real_q8_tensor_220w_none,2,65,11457,208.07,75,1740,9251,3,16
1784684666.691,real_q8_tensor_220w_none,3,100,11457,214.58,71,1785,9251,3,16
1784684667.253,real_q8_tensor_220w_none,0,56,11457,206.82,66,1740,9251,3,16
1784684667.253,real_q8_tensor_220w_none,1,74,11457,210.64,69,1785,9251,3,16
1784684667.253,real_q8_tensor_220w_none,2,86,11457,209.08,73,1650,9251,3,16
1784684667.253,real_q8_tensor_220w_none,3,100,11457,211.09,70,1620,9251,3,16
1784684667.823,real_q8_tensor_220w_none,0,56,11457,205.88,65,1710,9251,3,16
1784684667.823,real_q8_tensor_220w_none,1,92,11457,213.46,70,1605,9251,3,16
1784684667.823,real_q8_tensor_220w_none,2,76,11457,212.18,75,1740,9251,3,16
1784684667.823,real_q8_tensor_220w_none,3,55,11457,213.87,70,1650,9251,3,16
1784684668.394,real_q8_tensor_220w_none,0,100,11457,211.01,65,1740,9251,3,16
1784684668.394,real_q8_tensor_220w_none,1,100,11457,212.27,70,1620,9251,3,16
1784684668.394,real_q8_tensor_220w_none,2,76,11457,211.37,75,1665,9251,3,16
1784684668.394,real_q8_tensor_220w_none,3,55,11457,214.42,70,1650,9251,3,16
1784684668.986,real_q8_tensor_220w_none,0,100,11457,210.89,66,1710,9251,3,16
1784684668.986,real_q8_tensor_220w_none,1,100,11457,212.94,70,1620,9251,3,16
1784684668.986,real_q8_tensor_220w_none,2,100,11457,211.65,75,1740,9251,3,16
1784684668.986,real_q8_tensor_220w_none,3,100,11457,213.64,71,1650,9251,3,16
1784684669.559,real_q8_tensor_220w_none,0,100,11457,211.60,66,1710,9251,3,16
1784684669.559,real_q8_tensor_220w_none,1,100,11457,213.56,70,1680,9251,3,16
1784684669.559,real_q8_tensor_220w_none,2,100,11457,211.18,75,1665,9251,3,16
1784684669.559,real_q8_tensor_220w_none,3,100,11457,214.26,71,1665,9251,3,16
1784684670.129,real_q8_tensor_220w_none,0,100,11457,199.81,63,1695,9251,3,16
1784684670.129,real_q8_tensor_220w_none,1,100,11457,201.91,69,1620,9251,3,16
1784684670.129,real_q8_tensor_220w_none,2,23,11457,198.59,74,1650,9251,3,16
1784684670.129,real_q8_tensor_220w_none,3,71,11457,205.46,68,1695,9251,3,16
1784684670.723,real_q8_tensor_220w_none,0,18,11457,194.47,64,1920,9251,3,16
1784684670.723,real_q8_tensor_220w_none,1,30,11457,198.15,68,1830,9251,3,16
1784684670.723,real_q8_tensor_220w_none,2,23,11457,195.02,73,1890,9251,3,16
1784684670.723,real_q8_tensor_220w_none,3,71,11457,200.41,69,1920,9251,3,16
1784684671.289,real_q8_tensor_220w_none,0,94,11457,203.29,65,1770,9251,3,16
1784684671.289,real_q8_tensor_220w_none,1,94,11457,206.26,69,1695,9251,3,16
1784684671.289,real_q8_tensor_220w_none,2,93,11457,205.98,74,1725,9251,3,16
1784684671.289,real_q8_tensor_220w_none,3,94,11457,209.40,70,1695,9251,3,16
1784684671.867,real_q8_tensor_220w_none,0,93,11457,215.24,65,1770,9251,3,16
1784684671.867,real_q8_tensor_220w_none,1,94,11457,214.14,68,1665,9251,3,16
1784684671.867,real_q8_tensor_220w_none,2,93,11457,215.22,73,1725,9251,3,16
1784684671.867,real_q8_tensor_220w_none,3,94,11457,217.86,69,1665,9251,3,16
1784684672.443,real_q8_tensor_220w_none,0,93,11457,219.49,65,1770,9251,3,16
1784684672.443,real_q8_tensor_220w_none,1,94,11457,219.67,69,1680,9251,3,16
1784684672.443,real_q8_tensor_220w_none,2,93,11457,219.58,74,1725,9251,3,16
1784684672.443,real_q8_tensor_220w_none,3,94,11457,219.79,69,1680,9251,3,16
1784684673.043,real_q8_tensor_220w_none,0,94,11457,213.15,65,1770,9251,3,16
1784684673.043,real_q8_tensor_220w_none,1,94,11457,216.66,69,1680,9251,3,16
1784684673.043,real_q8_tensor_220w_none,2,93,11457,214.54,74,1725,9251,3,16
1784684673.043,real_q8_tensor_220w_none,3,94,11457,217.24,69,1695,9251,3,16
1784684673.619,real_q8_tensor_220w_none,0,94,11457,213.51,65,1710,9251,3,16
1784684673.619,real_q8_tensor_220w_none,1,94,11457,214.94,68,1605,9251,3,16
1784684673.619,real_q8_tensor_220w_none,2,94,11457,213.33,73,1620,9251,3,16
1784684673.619,real_q8_tensor_220w_none,3,93,11457,214.91,69,1635,9251,3,16
1784684674.194,real_q8_tensor_220w_none,0,93,11457,219.78,65,1755,9251,3,16
1784684674.194,real_q8_tensor_220w_none,1,94,11457,219.86,69,1680,9251,3,16
1784684674.194,real_q8_tensor_220w_none,2,94,11457,219.85,74,1740,9251,3,16
1784684674.194,real_q8_tensor_220w_none,3,93,11457,219.72,69,1695,9251,3,16
1784684674.768,real_q8_tensor_220w_none,0,94,11457,219.24,65,1770,9251,3,16
1784684674.768,real_q8_tensor_220w_none,1,93,11457,219.18,69,1665,9251,3,16
1784684674.768,real_q8_tensor_220w_none,2,93,11457,218.72,73,1710,9251,3,16
1784684674.768,real_q8_tensor_220w_none,3,93,11457,219.69,69,1695,9251,3,16
1784684675.345,real_q8_tensor_220w_none,0,93,11457,219.73,65,1770,9251,3,16
1784684675.345,real_q8_tensor_220w_none,1,93,11457,220.06,69,1665,9251,3,16
1784684675.345,real_q8_tensor_220w_none,2,93,11457,219.69,74,1725,9251,3,16
1784684675.345,real_q8_tensor_220w_none,3,93,11457,219.96,69,1665,9251,3,16
1784684675.918,real_q8_tensor_220w_none,0,93,11457,219.60,65,1770,9251,3,16
1784684675.918,real_q8_tensor_220w_none,1,93,11457,219.74,69,1680,9251,3,16
1784684675.918,real_q8_tensor_220w_none,2,93,11457,219.49,74,1725,9251,3,16
1784684675.918,real_q8_tensor_220w_none,3,93,11457,220.05,69,1680,9251,3,16
1784684676.515,real_q8_tensor_220w_none,0,38,11457,204.22,63,1920,9251,3,16
1784684676.515,real_q8_tensor_220w_none,1,0,11457,209.75,67,1905,9251,3,16
1784684676.515,real_q8_tensor_220w_none,2,86,11457,208.62,72,1890,9251,3,16
1784684676.515,real_q8_tensor_220w_none,3,16,11457,206.44,68,1920,9251,3,16
1784684677.101,real_q8_tensor_220w_none,0,38,11457,182.34,65,1875,9251,3,16
1784684677.101,real_q8_tensor_220w_none,1,0,11457,189.64,69,1800,9251,3,16
1784684677.101,real_q8_tensor_220w_none,2,100,11457,184.91,74,1830,9251,3,16
1784684677.101,real_q8_tensor_220w_none,3,100,11457,189.60,69,1800,9251,3,16
1784684677.689,real_q8_tensor_220w_none,0,100,11457,193.04,65,1860,9251,3,16
1784684677.689,real_q8_tensor_220w_none,1,100,11457,204.86,69,1785,9251,3,16
1784684677.689,real_q8_tensor_220w_none,2,100,11457,200.02,74,1830,9251,3,16
1784684677.689,real_q8_tensor_220w_none,3,100,11457,200.99,70,1800,9251,3,16
1784684678.278,real_q8_tensor_220w_none,0,100,11457,214.55,65,1860,9251,3,16
1784684678.278,real_q8_tensor_220w_none,1,90,11457,217.85,69,1785,9251,3,16
1784684678.278,real_q8_tensor_220w_none,2,80,11457,214.66,75,1875,9251,3,16
1784684678.278,real_q8_tensor_220w_none,3,99,11457,217.39,70,1800,9251,3,16
1784684678.871,real_q8_tensor_220w_none,0,100,11457,214.61,65,1875,9251,3,16
1784684678.871,real_q8_tensor_220w_none,1,100,11457,217.13,70,1785,9251,3,16
1784684678.871,real_q8_tensor_220w_none,2,80,11457,214.82,75,1815,9251,3,16
1784684678.871,real_q8_tensor_220w_none,3,99,11457,216.72,70,1800,9251,3,16
1784684679.444,real_q8_tensor_220w_none,0,100,11457,214.90,65,1860,9251,3,16
1784684679.444,real_q8_tensor_220w_none,1,100,11457,218.36,70,1785,9251,3,16
1784684679.444,real_q8_tensor_220w_none,2,82,11457,215.35,74,1800,9251,3,16
1784684679.444,real_q8_tensor_220w_none,3,81,11457,217.27,70,1800,9251,3,16
1784684680.015,real_q8_tensor_220w_none,0,100,11457,214.83,65,1860,9251,3,16
1784684680.015,real_q8_tensor_220w_none,1,100,11457,218.70,70,1785,9251,3,16
1784684680.015,real_q8_tensor_220w_none,2,82,11457,215.00,75,1815,9251,3,16
1784684680.015,real_q8_tensor_220w_none,3,81,11457,218.11,70,1800,9251,3,16
1784684680.586,real_q8_tensor_220w_none,0,100,11457,214.78,65,1860,9251,3,16
1784684680.586,real_q8_tensor_220w_none,1,100,11457,218.24,69,1770,9251,3,16
1784684680.586,real_q8_tensor_220w_none,2,100,11457,214.96,75,1830,9251,3,16
1784684680.586,real_q8_tensor_220w_none,3,81,11457,218.15,70,1800,9251,3,16
1784684681.179,real_q8_tensor_220w_none,0,100,11457,215.00,66,1860,9251,3,16
1784684681.179,real_q8_tensor_220w_none,1,100,11457,218.24,70,1785,9251,3,16
1784684681.179,real_q8_tensor_220w_none,2,100,11457,215.39,75,1815,9251,3,16
1784684681.179,real_q8_tensor_220w_none,3,81,11457,217.57,70,1815,9251,3,16
1784684681.760,real_q8_tensor_220w_none,0,90,11457,214.54,66,1860,9251,3,16
1784684681.760,real_q8_tensor_220w_none,1,90,11457,217.93,70,1785,9251,3,16
1784684681.760,real_q8_tensor_220w_none,2,100,11457,214.82,75,1815,9251,3,16
1784684681.760,real_q8_tensor_220w_none,3,100,11457,217.16,70,1800,9251,3,16
1784684682.355,real_q8_tensor_220w_none,0,94,11457,215.89,66,1890,9251,3,16
1784684682.355,real_q8_tensor_220w_none,1,100,11457,218.20,70,1860,9251,3,16
1784684682.355,real_q8_tensor_220w_none,2,100,11457,214.63,75,1860,9251,3,16
1784684682.355,real_q8_tensor_220w_none,3,100,11457,217.59,70,1860,9251,3,16
1784684682.925,real_q8_tensor_220w_none,0,94,11457,214.30,66,1860,9251,3,16
1784684682.925,real_q8_tensor_220w_none,1,100,11457,218.34,70,1785,9251,3,16
1784684682.925,real_q8_tensor_220w_none,2,100,11457,215.08,75,1815,9251,3,16
1784684682.925,real_q8_tensor_220w_none,3,100,11457,217.19,70,1800,9251,3,16
1784684683.493,real_q8_tensor_220w_none,0,100,11457,215.49,66,1890,9251,3,16
1784684683.493,real_q8_tensor_220w_none,1,80,11457,217.93,70,1860,9251,3,16
1784684683.493,real_q8_tensor_220w_none,2,100,11457,215.07,75,1860,9251,3,16
1784684683.493,real_q8_tensor_220w_none,3,100,11457,219.25,70,1890,9251,3,16
1784684684.060,real_q8_tensor_220w_none,0,100,11457,215.08,66,1845,9251,3,16
1784684684.060,real_q8_tensor_220w_none,1,80,11457,218.10,70,1770,9251,3,16
1784684684.060,real_q8_tensor_220w_none,2,100,11457,215.08,75,1815,9251,3,16
1784684684.060,real_q8_tensor_220w_none,3,100,11457,218.62,70,1800,9251,3,16
1784684684.630,real_q8_tensor_220w_none,0,100,11457,214.27,66,1905,9251,3,16
1784684684.630,real_q8_tensor_220w_none,1,98,11457,220.08,69,1815,9251,3,16
1784684684.630,real_q8_tensor_220w_none,2,100,11457,216.90,74,1875,9251,3,16
1784684684.630,real_q8_tensor_220w_none,3,100,11457,217.71,71,1860,9251,3,16
1784684685.198,real_q8_tensor_220w_none,0,100,11457,214.15,66,1845,9251,3,16
1784684685.198,real_q8_tensor_220w_none,1,98,11457,218.25,70,1770,9251,3,16
1784684685.198,real_q8_tensor_220w_none,2,100,11457,215.57,75,1815,9251,3,16
1784684685.198,real_q8_tensor_220w_none,3,100,11457,217.76,70,1800,9251,3,16
1784684685.767,real_q8_tensor_220w_none,0,97,11457,215.04,65,1875,9251,3,16
1784684685.767,real_q8_tensor_220w_none,1,79,11457,217.74,70,1785,9251,3,16
1784684685.767,real_q8_tensor_220w_none,2,90,11457,215.95,75,1800,9251,3,16
1784684685.767,real_q8_tensor_220w_none,3,95,11457,218.91,70,1785,9251,3,16
1784684686.363,real_q8_tensor_220w_none,0,89,11457,212.73,66,1845,9251,3,16
1784684686.363,real_q8_tensor_220w_none,1,89,11457,217.96,70,1785,9251,3,16
1784684686.363,real_q8_tensor_220w_none,2,100,11457,215.68,75,1815,9251,3,16
1784684686.363,real_q8_tensor_220w_none,3,100,11457,218.23,70,1785,9251,3,16
1784684686.938,real_q8_tensor_220w_none,0,78,11457,212.61,66,1845,9251,3,16
1784684686.938,real_q8_tensor_220w_none,1,87,11457,218.68,69,1770,9251,3,16
1784684686.938,real_q8_tensor_220w_none,2,100,11457,215.96,74,1875,9251,3,16
1784684686.938,real_q8_tensor_220w_none,3,100,11457,218.43,71,1785,9251,3,16
1784684687.509,real_q8_tensor_220w_none,0,78,11457,213.15,66,1845,9251,3,16
1784684687.509,real_q8_tensor_220w_none,1,87,11457,218.19,70,1755,9251,3,16
1784684687.509,real_q8_tensor_220w_none,2,100,11457,215.69,75,1815,9251,3,16
1784684687.509,real_q8_tensor_220w_none,3,100,11457,218.16,70,1785,9251,3,16
1784684688.081,real_q8_tensor_220w_none,0,97,11457,215.32,65,1845,9251,3,16
1784684688.081,real_q8_tensor_220w_none,1,78,11457,217.89,70,1770,9251,3,16
1784684688.081,real_q8_tensor_220w_none,2,100,11457,215.11,75,1800,9251,3,16
1784684688.081,real_q8_tensor_220w_none,3,100,11457,218.34,70,1785,9251,3,16
1784684688.676,real_q8_tensor_220w_none,0,97,11457,213.91,66,1845,9251,3,16
1784684688.676,real_q8_tensor_220w_none,1,78,11457,218.42,70,1755,9251,3,16
1784684688.676,real_q8_tensor_220w_none,2,100,11457,215.20,75,1800,9251,3,16
1784684688.676,real_q8_tensor_220w_none,3,100,11457,218.40,71,1770,9251,3,16
1784684689.271,real_q8_tensor_220w_none,0,78,11457,213.15,65,1845,9251,3,16
1784684689.271,real_q8_tensor_220w_none,1,100,11457,219.55,70,1755,9251,3,16
1784684689.271,real_q8_tensor_220w_none,2,100,11457,217.42,75,1815,9251,3,16
1784684689.271,real_q8_tensor_220w_none,3,100,11457,217.87,70,1785,9251,3,16
1784684689.844,real_q8_tensor_220w_none,0,78,11457,214.02,66,1845,9251,3,16
1784684689.844,real_q8_tensor_220w_none,1,100,11457,217.27,70,1755,9251,3,16
1784684689.844,real_q8_tensor_220w_none,2,100,11457,215.33,75,1800,9251,3,16
1784684689.844,real_q8_tensor_220w_none,3,100,11457,217.84,70,1785,9251,3,16
1784684690.415,real_q8_tensor_220w_none,0,100,11457,216.24,66,1845,9251,3,16
1784684690.415,real_q8_tensor_220w_none,1,77,11457,217.34,69,1755,9251,3,16
1784684690.415,real_q8_tensor_220w_none,2,100,11457,213.82,74,1875,9251,3,16
1784684690.415,real_q8_tensor_220w_none,3,100,11457,219.87,71,1785,9251,3,16
1784684690.986,real_q8_tensor_220w_none,0,100,11457,213.96,66,1845,9251,3,16
1784684690.986,real_q8_tensor_220w_none,1,77,11457,217.89,70,1755,9251,3,16
1784684690.986,real_q8_tensor_220w_none,2,100,11457,214.47,75,1800,9251,3,16
1784684690.986,real_q8_tensor_220w_none,3,100,11457,218.19,71,1785,9251,3,16
1784684691.584,real_q8_tensor_220w_none,0,100,11457,215.88,65,1845,9251,3,16
1784684691.584,real_q8_tensor_220w_none,1,77,11457,217.14,70,1755,9251,3,16
1784684691.584,real_q8_tensor_220w_none,2,100,11457,214.52,75,1800,9251,3,16
1784684691.584,real_q8_tensor_220w_none,3,100,11457,219.03,70,1770,9251,3,16
1784684692.179,real_q8_tensor_220w_none,0,100,11457,213.88,66,1845,9251,3,16
1784684692.179,real_q8_tensor_220w_none,1,77,11457,217.80,70,1755,9251,3,16
1784684692.179,real_q8_tensor_220w_none,2,100,11457,215.26,75,1815,9251,3,16
1784684692.179,real_q8_tensor_220w_none,3,100,11457,217.29,70,1785,9251,3,16
1784684692.750,real_q8_tensor_220w_none,0,85,11457,214.35,65,1905,9251,3,16
1784684692.750,real_q8_tensor_220w_none,1,100,11457,219.13,70,1755,9251,3,16
1784684692.750,real_q8_tensor_220w_none,2,100,11457,217.11,75,1875,9251,3,16
1784684692.750,real_q8_tensor_220w_none,3,89,11457,217.16,70,1770,9251,3,16
1784684693.344,real_q8_tensor_220w_none,0,85,11457,214.21,66,1845,9251,3,16
1784684693.344,real_q8_tensor_220w_none,1,100,11457,217.71,70,1755,9251,3,16
1784684693.344,real_q8_tensor_220w_none,2,100,11457,214.09,75,1800,9251,3,16
1784684693.344,real_q8_tensor_220w_none,3,100,11457,217.78,70,1770,9251,3,16
1784684693.913,real_q8_tensor_220w_none,0,100,11457,215.59,66,1845,9251,3,16
1784684693.913,real_q8_tensor_220w_none,1,100,11457,219.51,70,1785,9251,3,16
1784684693.913,real_q8_tensor_220w_none,2,100,11457,215.42,75,1785,9251,3,16
1784684693.913,real_q8_tensor_220w_none,3,100,11457,219.73,71,1785,9251,3,16
1784684694.472,real_q8_tensor_220w_none,0,100,11457,214.18,66,1845,9251,3,16
1784684694.472,real_q8_tensor_220w_none,1,100,11457,217.90,70,1740,9251,3,16
1784684694.472,real_q8_tensor_220w_none,2,100,11457,213.57,75,1800,9251,3,16
1784684694.472,real_q8_tensor_220w_none,3,100,11457,217.71,70,1785,9251,3,16
1784684695.058,real_q8_tensor_220w_none,0,100,11457,216.56,66,1830,9251,3,16
1784684695.058,real_q8_tensor_220w_none,1,100,11457,217.39,70,1755,9251,3,16
1784684695.058,real_q8_tensor_220w_none,2,100,11457,213.71,75,1785,9251,3,16
1784684695.058,real_q8_tensor_220w_none,3,100,11457,219.87,71,1785,9251,3,16
1784684695.627,real_q8_tensor_220w_none,0,100,11457,213.38,65,1845,9251,3,16
1784684695.627,real_q8_tensor_220w_none,1,100,11457,217.25,70,1755,9251,3,16
1784684695.627,real_q8_tensor_220w_none,2,75,11457,213.65,75,1785,9251,3,16
1784684695.627,real_q8_tensor_220w_none,3,100,11457,217.37,71,1770,9251,3,16
1784684696.223,real_q8_tensor_220w_none,0,100,11457,212.63,66,1830,9251,3,16
1784684696.223,real_q8_tensor_220w_none,1,100,11457,217.37,70,1740,9251,3,16
1784684696.223,real_q8_tensor_220w_none,2,75,11457,213.55,75,1785,9251,3,16
1784684696.223,real_q8_tensor_220w_none,3,100,11457,219.74,71,1755,9251,3,16
1784684696.793,real_q8_tensor_220w_none,0,100,11457,212.04,65,1830,9251,3,16
1784684696.793,real_q8_tensor_220w_none,1,100,11457,217.24,70,1740,9251,3,16
1784684696.793,real_q8_tensor_220w_none,2,75,11457,213.62,75,1815,9251,3,16
1784684696.793,real_q8_tensor_220w_none,3,75,11457,216.57,70,1770,9251,3,16
1784684697.365,real_q8_tensor_220w_none,0,100,11457,212.97,66,1830,9251,3,16
1784684697.365,real_q8_tensor_220w_none,1,100,11457,217.13,70,1755,9251,3,16
1784684697.365,real_q8_tensor_220w_none,2,75,11457,214.34,75,1785,9251,3,16
1784684697.365,real_q8_tensor_220w_none,3,75,11457,217.61,71,1755,9251,3,16
1784684697.934,real_q8_tensor_220w_none,0,100,11457,213.63,66,1830,9251,3,16
1784684697.934,real_q8_tensor_220w_none,1,100,11457,218.43,70,1845,9251,3,16
1784684697.934,real_q8_tensor_220w_none,2,100,11457,216.53,75,1785,9251,3,16
1784684697.934,real_q8_tensor_220w_none,3,78,11457,216.93,71,1860,9251,3,16
1784684698.496,real_q8_tensor_220w_none,0,84,11457,212.47,66,1830,9251,3,16
1784684698.496,real_q8_tensor_220w_none,1,100,11457,216.88,70,1740,9251,3,16
1784684698.496,real_q8_tensor_220w_none,2,100,11457,214.63,75,1785,9251,3,16
1784684698.496,real_q8_tensor_220w_none,3,78,11457,217.31,71,1755,9251,3,16
1784684699.065,real_q8_tensor_220w_none,0,84,11457,214.41,66,1830,9251,3,16
1784684699.065,real_q8_tensor_220w_none,1,100,11457,216.81,70,1740,9251,3,16
1784684699.065,real_q8_tensor_220w_none,2,100,11457,214.71,75,1800,9251,3,16
1784684699.065,real_q8_tensor_220w_none,3,100,11457,219.57,71,1755,9251,3,16
1784684699.635,real_q8_tensor_220w_none,0,74,11457,213.31,66,1830,9251,3,16
1784684699.635,real_q8_tensor_220w_none,1,73,11457,215.29,70,1740,9251,3,16
1784684699.635,real_q8_tensor_220w_none,2,100,11457,213.88,75,1770,9251,3,16
1784684699.635,real_q8_tensor_220w_none,3,100,11457,217.60,71,1740,9251,3,16
1784684700.203,real_q8_tensor_220w_none,0,100,11457,212.13,66,1830,9251,3,16
1784684700.203,real_q8_tensor_220w_none,1,85,11457,215.32,70,1740,9251,3,16
1784684700.203,real_q8_tensor_220w_none,2,100,11457,213.38,75,1785,9251,3,16
1784684700.203,real_q8_tensor_220w_none,3,100,11457,216.88,71,1770,9251,3,16
1784684700.834,real_q8_tensor_220w_none,0,74,11457,211.97,65,1830,9251,3,16
1784684700.834,real_q8_tensor_220w_none,1,90,11457,216.62,69,1740,9251,3,16
1784684700.834,real_q8_tensor_220w_none,2,100,11457,214.97,74,1770,9251,3,16
1784684700.834,real_q8_tensor_220w_none,3,100,11457,216.28,70,1770,9251,3,16
1784684701.427,real_q8_tensor_220w_none,0,74,11457,212.94,66,1830,9251,3,16
1784684701.427,real_q8_tensor_220w_none,1,90,11457,216.76,70,1740,9251,3,16
1784684701.427,real_q8_tensor_220w_none,2,100,11457,214.62,75,1770,9251,3,16
1784684701.427,real_q8_tensor_220w_none,3,100,11457,216.20,71,1755,9251,3,16
1784684701.996,real_q8_tensor_220w_none,0,80,11457,213.08,66,1875,9251,3,16
1784684701.996,real_q8_tensor_220w_none,1,100,11457,218.27,70,1830,9251,3,16
1784684701.996,real_q8_tensor_220w_none,2,100,11457,216.36,75,1785,9251,3,16
1784684701.996,real_q8_tensor_220w_none,3,100,11457,215.96,71,1845,9251,3,16
1784684702.603,real_q8_tensor_220w_none,0,80,11457,212.43,66,1845,9251,3,16
1784684702.603,real_q8_tensor_220w_none,1,100,11457,215.88,70,1725,9251,3,16
1784684702.603,real_q8_tensor_220w_none,2,100,11457,213.45,75,1785,9251,3,16
1784684702.603,real_q8_tensor_220w_none,3,82,11457,216.15,70,1755,9251,3,16
1784684703.176,real_q8_tensor_220w_none,0,100,11457,214.75,66,1845,9251,3,16
1784684703.176,real_q8_tensor_220w_none,1,100,11457,217.59,70,1740,9251,3,16
1784684703.176,real_q8_tensor_220w_none,2,100,11457,216.15,75,1770,9251,3,16
1784684703.176,real_q8_tensor_220w_none,3,100,11457,217.47,71,1755,9251,3,16
1784684703.806,real_q8_tensor_220w_none,0,100,11457,211.65,65,1815,9251,3,16
1784684703.806,real_q8_tensor_220w_none,1,97,11457,216.03,70,1725,9251,3,16
1784684703.806,real_q8_tensor_220w_none,2,79,11457,214.04,75,1755,9251,3,16
1784684703.806,real_q8_tensor_220w_none,3,72,11457,215.54,70,1755,9251,3,16
1784684704.383,real_q8_tensor_220w_none,0,100,11457,213.18,66,1830,9251,3,16
1784684704.383,real_q8_tensor_220w_none,1,100,11457,218.07,70,1755,9251,3,16
1784684704.383,real_q8_tensor_220w_none,2,79,11457,215.78,75,1755,9251,3,16
1784684704.383,real_q8_tensor_220w_none,3,72,11457,215.97,71,1740,9251,3,16
1784684704.975,real_q8_tensor_220w_none,0,100,11457,214.62,66,1905,9251,3,16
1784684704.975,real_q8_tensor_220w_none,1,100,11457,218.16,70,1875,9251,3,16
1784684704.975,real_q8_tensor_220w_none,2,100,11457,213.08,75,1830,9251,3,16
1784684704.975,real_q8_tensor_220w_none,3,95,11457,217.32,70,1890,9251,3,16
1784684705.543,real_q8_tensor_220w_none,0,100,11457,211.21,66,1800,9251,3,16
1784684705.543,real_q8_tensor_220w_none,1,100,11457,216.00,70,1725,9251,3,16
1784684705.543,real_q8_tensor_220w_none,2,100,11457,212.92,75,1770,9251,3,16
1784684705.543,real_q8_tensor_220w_none,3,95,11457,216.29,71,1785,9251,3,16
1784684706.112,real_q8_tensor_220w_none,0,100,11457,213.93,66,1830,9251,3,16
1784684706.112,real_q8_tensor_220w_none,1,100,11457,217.60,70,1740,9251,3,16
1784684706.112,real_q8_tensor_220w_none,2,100,11457,215.53,75,1800,9251,3,16
1784684706.112,real_q8_tensor_220w_none,3,100,11457,217.59,71,1740,9251,3,16
1784684706.705,real_q8_tensor_220w_none,0,83,11457,212.39,65,1815,9251,3,16
1784684706.705,real_q8_tensor_220w_none,1,72,11457,215.36,70,1740,9251,3,16
1784684706.705,real_q8_tensor_220w_none,2,100,11457,213.25,75,1755,9251,3,16
1784684706.705,real_q8_tensor_220w_none,3,100,11457,214.90,70,1740,9251,3,16
1784684707.273,real_q8_tensor_220w_none,0,86,11457,211.39,66,1800,9251,3,16
1784684707.273,real_q8_tensor_220w_none,1,86,11457,214.98,70,1710,9251,3,16
1784684707.273,real_q8_tensor_220w_none,2,100,11457,213.18,75,1785,9251,3,16
1784684707.273,real_q8_tensor_220w_none,3,100,11457,215.50,71,1755,9251,3,16
1784684707.842,real_q8_tensor_220w_none,0,100,11457,213.99,66,1800,9251,3,16
1784684707.842,real_q8_tensor_220w_none,1,100,11457,216.95,70,1710,9251,3,16
1784684707.842,real_q8_tensor_220w_none,2,100,11457,215.76,75,1770,9251,3,16
1784684707.842,real_q8_tensor_220w_none,3,100,11457,217.84,71,1770,9251,3,16
1784684708.410,real_q8_tensor_220w_none,0,100,11457,211.99,65,1800,9251,3,16
1784684708.410,real_q8_tensor_220w_none,1,100,11457,215.95,70,1725,9251,3,16
1784684708.410,real_q8_tensor_220w_none,2,71,11457,213.82,75,1740,9251,3,16
1784684708.410,real_q8_tensor_220w_none,3,100,11457,216.70,70,1770,9251,3,16
1784684709.002,real_q8_tensor_220w_none,0,100,11457,211.96,66,1830,9251,3,16
1784684709.002,real_q8_tensor_220w_none,1,100,11457,216.69,70,1695,9251,3,16
1784684709.002,real_q8_tensor_220w_none,2,71,11457,215.12,75,1755,9251,3,16
1784684709.002,real_q8_tensor_220w_none,3,100,11457,216.92,71,1740,9251,3,16
1784684709.571,real_q8_tensor_220w_none,0,100,11457,213.44,66,1800,9251,3,16
1784684709.571,real_q8_tensor_220w_none,1,100,11457,216.74,70,1755,9251,3,16
1784684709.571,real_q8_tensor_220w_none,2,100,11457,216.29,75,1770,9251,3,16
1784684709.571,real_q8_tensor_220w_none,3,100,11457,217.74,71,1770,9251,3,16
1784684710.131,real_q8_tensor_220w_none,0,98,11457,211.23,65,1800,9251,3,16
1784684710.131,real_q8_tensor_220w_none,1,71,11457,215.25,70,1740,9251,3,16
1784684710.131,real_q8_tensor_220w_none,2,100,11457,214.47,75,1755,9251,3,16
1784684710.131,real_q8_tensor_220w_none,3,100,11457,215.94,70,1770,9251,3,16
1784684710.699,real_q8_tensor_220w_none,0,98,11457,211.48,66,1830,9251,3,16
1784684710.699,real_q8_tensor_220w_none,1,71,11457,216.44,70,1725,9251,3,16
1784684710.699,real_q8_tensor_220w_none,2,100,11457,215.44,75,1755,9251,3,16
1784684710.699,real_q8_tensor_220w_none,3,100,11457,215.97,71,1725,9251,3,16
1784684711.267,real_q8_tensor_220w_none,0,100,11457,213.97,66,1830,9251,3,16
1784684711.267,real_q8_tensor_220w_none,1,100,11457,217.74,70,1710,9251,3,16
1784684711.267,real_q8_tensor_220w_none,2,100,11457,216.10,75,1785,9251,3,16
1784684711.267,real_q8_tensor_220w_none,3,100,11457,218.07,71,1725,9251,3,16
1784684711.834,real_q8_tensor_220w_none,0,100,11457,210.99,66,1815,9251,3,16
1784684711.834,real_q8_tensor_220w_none,1,100,11457,216.26,70,1710,9251,3,16
1784684711.834,real_q8_tensor_220w_none,2,70,11457,213.43,75,1770,9251,3,16
1784684711.834,real_q8_tensor_220w_none,3,90,11457,216.43,71,1725,9251,3,16
1784684712.425,real_q8_tensor_220w_none,0,100,11457,214.31,66,1785,9251,3,16
1784684712.425,real_q8_tensor_220w_none,1,100,11457,215.58,70,1710,9251,3,16
1784684712.425,real_q8_tensor_220w_none,2,70,11457,214.08,75,1755,9251,3,16
1784684712.425,real_q8_tensor_220w_none,3,90,11457,218.53,71,1740,9251,3,16
1784684713.021,real_q8_tensor_220w_none,0,100,11457,213.50,66,1830,9251,3,16
1784684713.021,real_q8_tensor_220w_none,1,100,11457,217.77,70,1725,9251,3,16
1784684713.021,real_q8_tensor_220w_none,2,100,11457,215.88,75,1755,9251,3,16
1784684713.021,real_q8_tensor_220w_none,3,100,11457,214.38,71,1725,9251,3,16
1784684713.581,real_q8_tensor_220w_none,0,69,11457,211.15,66,1800,9251,3,16
1784684713.581,real_q8_tensor_220w_none,1,100,11457,216.05,70,1710,9251,3,16
1784684713.581,real_q8_tensor_220w_none,2,100,11457,213.31,75,1740,9251,3,16
1784684713.581,real_q8_tensor_220w_none,3,100,11457,215.45,71,1740,9251,3,16
1784684714.150,real_q8_tensor_220w_none,0,69,11457,213.03,66,1800,9251,3,16
1784684714.150,real_q8_tensor_220w_none,1,100,11457,215.63,70,1755,9251,3,16
1784684714.150,real_q8_tensor_220w_none,2,100,11457,213.51,75,1740,9251,3,16
1784684714.150,real_q8_tensor_220w_none,3,100,11457,217.87,71,1755,9251,3,16
1784684714.717,real_q8_tensor_220w_none,0,100,11457,212.29,66,1815,9251,3,16
1784684714.717,real_q8_tensor_220w_none,1,100,11457,217.48,70,1755,9251,3,16
1784684714.717,real_q8_tensor_220w_none,2,100,11457,215.93,75,1740,9251,3,16
1784684714.717,real_q8_tensor_220w_none,3,100,11457,217.84,71,1770,9251,3,16
1784684715.283,real_q8_tensor_220w_none,0,84,11457,210.39,65,1785,9251,3,16
1784684715.283,real_q8_tensor_220w_none,1,84,11457,215.47,69,1710,9251,3,16
1784684715.283,real_q8_tensor_220w_none,2,81,11457,214.00,74,1725,9251,3,16
1784684715.283,real_q8_tensor_220w_none,3,68,11457,215.44,71,1710,9251,3,16
1784684715.853,real_q8_tensor_220w_none,0,100,11457,211.44,66,1785,9251,3,16
1784684715.853,real_q8_tensor_220w_none,1,100,11457,215.06,70,1710,9251,3,16
1784684715.853,real_q8_tensor_220w_none,2,81,11457,213.26,75,1755,9251,3,16
1784684715.853,real_q8_tensor_220w_none,3,68,11457,215.86,71,1725,9251,3,16
1784684716.421,real_q8_tensor_220w_none,0,100,11457,213.17,66,1785,9251,3,16
1784684716.421,real_q8_tensor_220w_none,1,100,11457,216.83,70,1710,9251,3,16
1784684716.421,real_q8_tensor_220w_none,2,100,11457,215.43,75,1755,9251,3,16
1784684716.421,real_q8_tensor_220w_none,3,100,11457,217.50,71,1755,9251,3,16
1784684716.988,real_q8_tensor_220w_none,0,97,11457,212.36,65,1905,9251,3,16
1784684716.988,real_q8_tensor_220w_none,1,67,11457,214.37,70,1680,9251,3,16
1784684716.988,real_q8_tensor_220w_none,2,100,11457,212.98,75,1875,9251,3,16
1784684716.988,real_q8_tensor_220w_none,3,100,11457,215.94,70,1740,9251,3,16
1784684717.556,real_q8_tensor_220w_none,0,84,11457,210.80,66,1800,9251,3,16
1784684717.556,real_q8_tensor_220w_none,1,84,11457,214.45,70,1755,9251,3,16
1784684717.556,real_q8_tensor_220w_none,2,88,11457,213.49,75,1740,9251,3,16
1784684717.556,real_q8_tensor_220w_none,3,100,11457,214.46,71,1740,9251,3,16
1784684718.129,real_q8_tensor_220w_none,0,100,11457,213.90,66,1800,9251,3,16
1784684718.129,real_q8_tensor_220w_none,1,100,11457,216.80,70,1710,9251,3,16
1784684718.129,real_q8_tensor_220w_none,2,88,11457,217.30,75,1740,9251,3,16
1784684718.129,real_q8_tensor_220w_none,3,100,11457,216.53,71,1710,9251,3,16
1784684718.721,real_q8_tensor_220w_none,0,100,11457,214.49,66,1875,9251,3,16
1784684718.721,real_q8_tensor_220w_none,1,100,11457,217.18,70,1815,9251,3,16
1784684718.721,real_q8_tensor_220w_none,2,98,11457,217.31,75,1830,9251,3,16
1784684718.721,real_q8_tensor_220w_none,3,67,11457,213.29,71,1815,9251,3,16
1784684719.286,real_q8_tensor_220w_none,0,69,11457,213.50,66,1785,9251,3,16
1784684719.286,real_q8_tensor_220w_none,1,100,11457,214.69,70,1725,9251,3,16
1784684719.286,real_q8_tensor_220w_none,2,84,11457,213.82,75,1740,9251,3,16
1784684719.286,real_q8_tensor_220w_none,3,96,11457,214.14,70,1755,9251,3,16
1784684719.856,real_q8_tensor_220w_none,0,69,11457,217.05,66,1800,9251,3,16
1784684719.856,real_q8_tensor_220w_none,1,100,11457,214.34,70,1710,9251,3,16
1784684719.856,real_q8_tensor_220w_none,2,100,11457,212.81,75,1740,9251,3,16
1784684719.856,real_q8_tensor_220w_none,3,100,11457,217.43,71,1710,9251,3,16
1784684720.424,real_q8_tensor_220w_none,0,100,11457,215.31,66,1785,9251,3,16
1784684720.424,real_q8_tensor_220w_none,1,100,11457,217.21,70,1740,9251,3,16
1784684720.424,real_q8_tensor_220w_none,2,100,11457,216.23,75,1740,9251,3,16
1784684720.424,real_q8_tensor_220w_none,3,100,11457,217.13,71,1710,9251,3,16
1784684720.993,real_q8_tensor_220w_none,0,100,11457,212.38,65,1815,9251,3,16
1784684720.993,real_q8_tensor_220w_none,1,100,11457,214.60,70,1665,9251,3,16
1784684720.993,real_q8_tensor_220w_none,2,66,11457,212.88,75,1725,9251,3,16
1784684720.993,real_q8_tensor_220w_none,3,77,11457,213.82,70,1710,9251,3,16
1784684721.561,real_q8_tensor_220w_none,0,100,11457,210.33,66,1785,9251,3,16
1784684721.561,real_q8_tensor_220w_none,1,92,11457,214.33,70,1740,9251,3,16
1784684721.561,real_q8_tensor_220w_none,2,66,11457,212.10,75,1740,9251,3,16
1784684721.561,real_q8_tensor_220w_none,3,77,11457,213.84,70,1755,9251,3,16
1784684722.128,real_q8_tensor_220w_none,0,100,11457,213.15,66,1785,9251,3,16
1784684722.128,real_q8_tensor_220w_none,1,92,11457,217.24,70,1695,9251,3,16
1784684722.128,real_q8_tensor_220w_none,2,100,11457,216.37,75,1755,9251,3,16
1784684722.128,real_q8_tensor_220w_none,3,100,11457,215.96,71,1710,9251,3,16
1784684722.697,real_q8_tensor_220w_none,0,100,11457,212.49,66,1815,9251,3,16
1784684722.697,real_q8_tensor_220w_none,1,100,11457,216.85,70,1710,9251,3,16
1784684722.697,real_q8_tensor_220w_none,2,100,11457,216.92,75,1740,9251,3,16
1784684722.697,real_q8_tensor_220w_none,3,100,11457,216.00,71,1725,9251,3,16
1784684723.257,real_q8_tensor_220w_none,0,83,11457,209.51,65,1785,9251,3,16
1784684723.257,real_q8_tensor_220w_none,1,100,11457,214.08,69,1665,9251,3,16
1784684723.257,real_q8_tensor_220w_none,2,66,11457,213.23,74,1740,9251,3,16
1784684723.257,real_q8_tensor_220w_none,3,66,11457,214.96,71,1710,9251,3,16
1784684723.829,real_q8_tensor_220w_none,0,100,11457,213.43,66,1785,9251,3,16
1784684723.829,real_q8_tensor_220w_none,1,100,11457,214.94,70,1695,9251,3,16
1784684723.829,real_q8_tensor_220w_none,2,66,11457,213.71,75,1770,9251,3,16
1784684723.829,real_q8_tensor_220w_none,3,66,11457,218.04,71,1710,9251,3,16
1784684724.397,real_q8_tensor_220w_none,0,100,11457,214.03,66,1830,9251,3,16
1784684724.397,real_q8_tensor_220w_none,1,100,11457,216.26,70,1725,9251,3,16
1784684724.397,real_q8_tensor_220w_none,2,100,11457,215.09,75,1770,9251,3,16
1784684724.397,real_q8_tensor_220w_none,3,100,11457,216.68,71,1710,9251,3,16
1784684724.966,real_q8_tensor_220w_none,0,100,11457,213.96,66,1770,9251,3,16
1784684724.966,real_q8_tensor_220w_none,1,100,11457,216.27,70,1815,9251,3,16
1784684724.966,real_q8_tensor_220w_none,2,100,11457,215.26,75,1710,9251,3,16
1784684724.966,real_q8_tensor_220w_none,3,100,11457,216.26,71,1830,9251,3,16
1784684725.523,real_q8_tensor_220w_none,0,100,11457,211.70,66,1770,9251,3,16
1784684725.523,real_q8_tensor_220w_none,1,100,11457,214.47,70,1725,9251,3,16
1784684725.523,real_q8_tensor_220w_none,2,65,11457,212.79,75,1725,9251,3,16
1784684725.523,real_q8_tensor_220w_none,3,90,11457,214.32,71,1740,9251,3,16
1784684726.133,real_q8_tensor_220w_none,0,100,11457,215.46,66,1800,9251,3,16
1784684726.133,real_q8_tensor_220w_none,1,100,11457,217.33,70,1740,9251,3,16
1784684726.133,real_q8_tensor_220w_none,2,65,11457,215.81,75,1725,9251,3,16
1784684726.133,real_q8_tensor_220w_none,3,90,11457,216.58,71,1755,9251,3,16
1784684726.701,real_q8_tensor_220w_none,0,100,11457,215.33,66,1785,9251,3,16
1784684726.701,real_q8_tensor_220w_none,1,100,11457,216.30,70,1680,9251,3,16
1784684726.701,real_q8_tensor_220w_none,2,100,11457,215.08,75,1725,9251,3,16
1784684726.701,real_q8_tensor_220w_none,3,100,11457,216.49,71,1725,9251,3,16
1784684727.268,real_q8_tensor_220w_none,0,97,11457,214.49,66,1890,9251,3,16
1784684727.268,real_q8_tensor_220w_none,1,100,11457,216.95,70,1845,9251,3,16
1784684727.268,real_q8_tensor_220w_none,2,100,11457,211.23,75,1815,9251,3,16
1784684727.268,real_q8_tensor_220w_none,3,100,11457,216.88,70,1860,9251,3,16
1784684727.835,real_q8_tensor_220w_none,0,81,11457,211.16,65,1770,9251,3,16
1784684727.835,real_q8_tensor_220w_none,1,99,11457,214.56,70,1710,9251,3,16
1784684727.835,real_q8_tensor_220w_none,2,65,11457,211.87,75,1710,9251,3,16
1784684727.835,real_q8_tensor_220w_none,3,100,11457,214.59,70,1710,9251,3,16
1784684728.408,real_q8_tensor_220w_none,0,100,11457,211.28,66,1785,9251,3,16
1784684728.408,real_q8_tensor_220w_none,1,100,11457,216.73,70,1695,9251,3,16
1784684728.408,real_q8_tensor_220w_none,2,65,11457,214.59,75,1740,9251,3,16
1784684728.408,real_q8_tensor_220w_none,3,100,11457,216.42,71,1695,9251,3,16
1784684728.980,real_q8_tensor_220w_none,0,100,11457,213.90,66,1755,9251,3,16
1784684728.980,real_q8_tensor_220w_none,1,100,11457,215.61,70,1710,9251,3,16
1784684728.980,real_q8_tensor_220w_none,2,100,11457,213.91,75,1740,9251,3,16
1784684728.980,real_q8_tensor_220w_none,3,100,11457,216.64,71,1755,9251,3,16
1784684729.576,real_q8_tensor_220w_none,0,97,11457,213.57,65,1890,9251,3,16
1784684729.576,real_q8_tensor_220w_none,1,64,11457,211.38,70,1845,9251,3,16
1784684729.576,real_q8_tensor_220w_none,2,100,11457,210.09,75,1860,9251,3,16
1784684729.576,real_q8_tensor_220w_none,3,100,11457,215.51,70,1860,9251,3,16
1784684730.144,real_q8_tensor_220w_none,0,97,11457,210.58,65,1785,9251,3,16
1784684730.144,real_q8_tensor_220w_none,1,64,11457,212.68,70,1680,9251,3,16
1784684730.144,real_q8_tensor_220w_none,2,64,11457,210.70,75,1725,9251,3,16
1784684730.144,real_q8_tensor_220w_none,3,100,11457,213.24,71,1695,9251,3,16
1784684730.713,real_q8_tensor_220w_none,0,100,11457,211.09,66,1755,9251,3,16
1784684730.713,real_q8_tensor_220w_none,1,100,11457,217.26,70,1665,9251,3,16
1784684730.713,real_q8_tensor_220w_none,2,64,11457,214.39,75,1740,9251,3,16
1784684730.713,real_q8_tensor_220w_none,3,100,11457,216.24,70,1710,9251,3,16
1784684731.284,real_q8_tensor_220w_none,0,100,11457,214.57,66,1815,9251,3,16
1784684731.284,real_q8_tensor_220w_none,1,100,11457,215.62,70,1695,9251,3,16
1784684731.284,real_q8_tensor_220w_none,2,100,11457,213.91,75,1710,9251,3,16
1784684731.284,real_q8_tensor_220w_none,3,100,11457,216.03,71,1695,9251,3,16
1784684731.855,real_q8_tensor_220w_none,0,100,11457,213.57,66,1800,9251,3,16
1784684731.855,real_q8_tensor_220w_none,1,100,11457,215.32,70,1695,9251,3,16
1784684731.855,real_q8_tensor_220w_none,2,100,11457,215.34,75,1740,9251,3,16
1784684731.855,real_q8_tensor_220w_none,3,100,11457,215.58,70,1695,9251,3,16
1784684732.414,real_q8_tensor_220w_none,0,100,11457,209.38,65,1740,9251,3,16
1784684732.414,real_q8_tensor_220w_none,1,100,11457,212.36,70,1725,9251,3,16
1784684732.414,real_q8_tensor_220w_none,2,59,11457,211.64,75,1710,9251,3,16
1784684732.414,real_q8_tensor_220w_none,3,81,11457,213.30,70,1740,9251,3,16
1784684732.985,real_q8_tensor_220w_none,0,100,11457,209.86,66,1755,9251,3,16
1784684732.985,real_q8_tensor_220w_none,1,100,11457,215.74,70,1665,9251,3,16
1784684732.985,real_q8_tensor_220w_none,2,59,11457,214.93,75,1770,9251,3,16
1784684732.985,real_q8_tensor_220w_none,3,81,11457,213.09,70,1680,9251,3,16
1784684733.555,real_q8_tensor_220w_none,0,100,11457,213.78,66,1770,9251,3,16
1784684733.555,real_q8_tensor_220w_none,1,100,11457,214.79,70,1680,9251,3,16
1784684733.555,real_q8_tensor_220w_none,2,100,11457,214.12,75,1710,9251,3,16
1784684733.555,real_q8_tensor_220w_none,3,100,11457,215.35,71,1710,9251,3,16
1784684734.126,real_q8_tensor_220w_none,0,100,11457,213.16,66,1785,9251,3,16
1784684734.126,real_q8_tensor_220w_none,1,100,11457,215.05,70,1650,9251,3,16
1784684734.126,real_q8_tensor_220w_none,2,100,11457,213.76,75,1710,9251,3,16
1784684734.126,real_q8_tensor_220w_none,3,100,11457,215.35,71,1710,9251,3,16
1784684734.727,real_q8_tensor_220w_none,0,100,11457,209.12,66,1740,9251,3,16
1784684734.727,real_q8_tensor_220w_none,1,100,11457,212.12,69,1665,9251,3,16
1784684734.727,real_q8_tensor_220w_none,2,70,11457,210.44,73,1875,9251,3,16
1784684734.727,real_q8_tensor_220w_none,3,63,11457,213.30,71,1665,9251,3,16
1784684735.296,real_q8_tensor_220w_none,0,66,11457,209.26,66,1800,9251,3,16
1784684735.296,real_q8_tensor_220w_none,1,100,11457,212.48,70,1665,9251,3,16
1784684735.296,real_q8_tensor_220w_none,2,81,11457,210.87,75,1755,9251,3,16
1784684735.296,real_q8_tensor_220w_none,3,92,11457,212.98,70,1680,9251,3,16
1784684735.869,real_q8_tensor_220w_none,0,66,11457,213.20,66,1800,9251,3,16
1784684735.869,real_q8_tensor_220w_none,1,100,11457,214.99,70,1725,9251,3,16
1784684735.869,real_q8_tensor_220w_none,2,100,11457,213.88,75,1710,9251,3,16
1784684735.869,real_q8_tensor_220w_none,3,100,11457,215.46,71,1740,9251,3,16
1784684736.436,real_q8_tensor_220w_none,0,100,11457,213.39,66,1755,9251,3,16
1784684736.436,real_q8_tensor_220w_none,1,100,11457,215.46,70,1740,9251,3,16
1784684736.436,real_q8_tensor_220w_none,2,100,11457,214.06,75,1695,9251,3,16
1784684736.436,real_q8_tensor_220w_none,3,100,11457,215.46,71,1740,9251,3,16
1784684737.005,real_q8_tensor_220w_none,0,100,11457,214.36,66,1740,9251,3,16
1784684737.005,real_q8_tensor_220w_none,1,100,11457,215.22,70,1650,9251,3,16
1784684737.005,real_q8_tensor_220w_none,2,100,11457,214.26,75,1710,9251,3,16
1784684737.005,real_q8_tensor_220w_none,3,100,11457,214.66,71,1695,9251,3,16
1784684737.568,real_q8_tensor_220w_none,0,66,11457,209.45,65,1725,9251,3,16
1784684737.568,real_q8_tensor_220w_none,1,99,11457,211.94,69,1635,9251,3,16
1784684737.568,real_q8_tensor_220w_none,2,100,11457,210.26,74,1710,9251,3,16
1784684737.568,real_q8_tensor_220w_none,3,100,11457,210.28,70,1665,9251,3,16
1784684738.139,real_q8_tensor_220w_none,0,81,11457,211.46,66,1725,9251,3,16
1784684738.139,real_q8_tensor_220w_none,1,81,11457,211.73,69,1650,9251,3,16
1784684738.139,real_q8_tensor_220w_none,2,79,11457,210.42,75,1740,9251,3,16
1784684738.139,real_q8_tensor_220w_none,3,100,11457,214.12,70,1680,9251,3,16
1784684738.712,real_q8_tensor_220w_none,0,100,11457,214.55,66,1770,9251,3,16
1784684738.712,real_q8_tensor_220w_none,1,100,11457,214.55,70,1665,9251,3,16
1784684738.712,real_q8_tensor_220w_none,2,79,11457,213.45,75,1710,9251,3,16
1784684738.712,real_q8_tensor_220w_none,3,100,11457,215.54,71,1665,9251,3,16
1784684739.281,real_q8_tensor_220w_none,0,100,11457,214.55,66,1800,9251,3,16
1784684739.281,real_q8_tensor_220w_none,1,100,11457,214.34,70,1680,9251,3,16
1784684739.281,real_q8_tensor_220w_none,2,100,11457,213.07,75,1695,9251,3,16
1784684739.281,real_q8_tensor_220w_none,3,100,11457,215.08,71,1740,9251,3,16
1784684739.878,real_q8_tensor_220w_none,0,100,11457,213.69,66,1845,9251,3,16
1784684739.878,real_q8_tensor_220w_none,1,90,11457,213.14,69,1845,9251,3,16
1784684739.878,real_q8_tensor_220w_none,2,100,11457,211.90,74,1800,9251,3,16
1784684739.878,real_q8_tensor_220w_none,3,100,11457,213.97,71,1860,9251,3,16
1784684740.462,real_q8_tensor_220w_none,0,100,11457,209.38,65,1755,9251,3,16
1784684740.462,real_q8_tensor_220w_none,1,90,11457,212.20,69,1665,9251,3,16
1784684740.462,real_q8_tensor_220w_none,2,87,11457,209.96,74,1755,9251,3,16
1784684740.462,real_q8_tensor_220w_none,3,100,11457,212.01,70,1665,9251,3,16
1784684741.054,real_q8_tensor_220w_none,0,100,11457,212.92,66,1740,9251,3,16
1784684741.054,real_q8_tensor_220w_none,1,100,11457,212.73,70,1665,9251,3,16
1784684741.054,real_q8_tensor_220w_none,2,87,11457,211.07,75,1695,9251,3,16
1784684741.054,real_q8_tensor_220w_none,3,100,11457,215.72,71,1695,9251,3,16
1784684741.626,real_q8_tensor_220w_none,0,100,11457,211.60,66,1770,9251,3,16
1784684741.626,real_q8_tensor_220w_none,1,100,11457,213.99,70,1725,9251,3,16
1784684741.626,real_q8_tensor_220w_none,2,100,11457,212.30,75,1680,9251,3,16
1784684741.626,real_q8_tensor_220w_none,3,100,11457,214.46,71,1725,9251,3,16
1784684742.196,real_q8_tensor_220w_none,0,100,11457,212.26,66,1800,9251,3,16
1784684742.196,real_q8_tensor_220w_none,1,100,11457,214.29,70,1650,9251,3,16
1784684742.196,real_q8_tensor_220w_none,2,100,11457,212.46,75,1755,9251,3,16
1784684742.196,real_q8_tensor_220w_none,3,100,11457,215.20,71,1680,9251,3,16
1784684742.767,real_q8_tensor_220w_none,0,100,11457,212.68,66,1770,9251,3,16
1784684742.767,real_q8_tensor_220w_none,1,100,11457,213.08,69,1665,9251,3,16
1784684742.767,real_q8_tensor_220w_none,2,100,11457,211.27,75,1725,9251,3,16
1784684742.767,real_q8_tensor_220w_none,3,100,11457,215.07,71,1665,9251,3,16
1784684743.331,real_q8_tensor_220w_none,0,59,11457,209.16,66,1710,9251,3,16
1784684743.331,real_q8_tensor_220w_none,1,68,11457,211.78,68,1635,9251,3,16
1784684743.331,real_q8_tensor_220w_none,2,100,11457,210.10,74,1695,9251,3,16
1784684743.331,real_q8_tensor_220w_none,3,60,11457,211.85,70,1680,9251,3,16
1784684743.901,real_q8_tensor_220w_none,0,59,11457,208.45,65,1785,9251,3,16
1784684743.901,real_q8_tensor_220w_none,1,68,11457,213.49,69,1710,9251,3,16
1784684743.901,real_q8_tensor_220w_none,2,100,11457,211.99,75,1680,9251,3,16
1784684743.901,real_q8_tensor_220w_none,3,60,11457,212.00,70,1725,9251,3,16
1784684744.470,real_q8_tensor_220w_none,0,100,11457,211.16,66,1755,9251,3,16
1784684744.470,real_q8_tensor_220w_none,1,100,11457,214.14,69,1680,9251,3,16
1784684744.470,real_q8_tensor_220w_none,2,100,11457,212.71,75,1680,9251,3,16
1784684744.470,real_q8_tensor_220w_none,3,100,11457,215.25,71,1710,9251,3,16
1784684745.062,real_q8_tensor_220w_none,0,100,11457,212.23,66,1740,9251,3,16
1784684745.062,real_q8_tensor_220w_none,1,100,11457,214.33,70,1635,9251,3,16
1784684745.062,real_q8_tensor_220w_none,2,100,11457,212.75,75,1755,9251,3,16
1784684745.062,real_q8_tensor_220w_none,3,100,11457,215.11,71,1680,9251,3,16
1784684745.654,real_q8_tensor_220w_none,0,100,11457,212.46,66,1740,9251,3,16
1784684745.654,real_q8_tensor_220w_none,1,100,11457,213.94,70,1725,9251,3,16
1784684745.654,real_q8_tensor_220w_none,2,100,11457,212.33,75,1680,9251,3,16
1784684745.654,real_q8_tensor_220w_none,3,100,11457,214.74,70,1710,9251,3,16
1784684746.218,real_q8_tensor_220w_none,0,100,11457,207.24,66,1890,9251,3,16
1784684746.218,real_q8_tensor_220w_none,1,100,11457,212.55,68,1875,9251,3,16
1784684746.218,real_q8_tensor_220w_none,2,81,11457,211.12,73,1860,9251,3,16
1784684746.218,real_q8_tensor_220w_none,3,100,11457,211.44,71,1890,9251,3,16
1784684746.783,real_q8_tensor_220w_none,0,58,11457,207.94,65,1710,9251,3,16
1784684746.783,real_q8_tensor_220w_none,1,84,11457,212.49,69,1635,9251,3,16
1784684746.783,real_q8_tensor_220w_none,2,80,11457,211.03,73,1695,9251,3,16
1784684746.783,real_q8_tensor_220w_none,3,59,11457,212.04,70,1665,9251,3,16
1784684747.352,real_q8_tensor_220w_none,0,58,11457,212.63,66,1800,9251,3,16
1784684747.352,real_q8_tensor_220w_none,1,84,11457,213.45,70,1665,9251,3,16
1784684747.352,real_q8_tensor_220w_none,2,94,11457,212.24,75,1755,9251,3,16
1784684747.352,real_q8_tensor_220w_none,3,59,11457,214.90,70,1650,9251,3,16
1784684747.922,real_q8_tensor_220w_none,0,100,11457,211.66,66,1725,9251,3,16
1784684747.922,real_q8_tensor_220w_none,1,100,11457,214.59,70,1635,9251,3,16
1784684747.922,real_q8_tensor_220w_none,2,94,11457,213.77,75,1710,9251,3,16
1784684747.922,real_q8_tensor_220w_none,3,100,11457,214.01,70,1665,9251,3,16
1784684748.543,real_q8_tensor_220w_none,0,100,11457,211.20,66,1725,9251,3,16
1784684748.543,real_q8_tensor_220w_none,1,100,11457,214.14,70,1620,9251,3,16
1784684748.543,real_q8_tensor_220w_none,2,100,11457,213.62,75,1680,9251,3,16
1784684748.543,real_q8_tensor_220w_none,3,100,11457,214.47,71,1695,9251,3,16
1784684749.141,real_q8_tensor_220w_none,0,93,11457,211.03,65,1905,9251,3,16
1784684749.141,real_q8_tensor_220w_none,1,100,11457,214.03,70,1875,9251,3,16
1784684749.141,real_q8_tensor_220w_none,2,100,11457,209.78,75,1845,9251,3,16
1784684749.141,real_q8_tensor_220w_none,3,77,11457,212.62,70,1890,9251,3,16
1784684749.730,real_q8_tensor_220w_none,0,93,11457,208.24,64,1785,9251,3,16
1784684749.730,real_q8_tensor_220w_none,1,100,11457,210.92,70,1620,9251,3,16
1784684749.730,real_q8_tensor_220w_none,2,58,11457,208.53,75,1740,9251,3,16
1784684749.730,real_q8_tensor_220w_none,3,77,11457,213.26,69,1665,9251,3,16
1784684750.299,real_q8_tensor_220w_none,0,76,11457,208.42,65,1785,9251,3,16
1784684750.299,real_q8_tensor_220w_none,1,100,11457,213.98,70,1695,9251,3,16
1784684750.299,real_q8_tensor_220w_none,2,79,11457,212.87,75,1680,9251,3,16
1784684750.299,real_q8_tensor_220w_none,3,85,11457,213.76,70,1695,9251,3,16
1784684750.869,real_q8_tensor_220w_none,0,76,11457,211.96,66,1725,9251,3,16
1784684750.869,real_q8_tensor_220w_none,1,100,11457,213.96,69,1650,9251,3,16
1784684750.869,real_q8_tensor_220w_none,2,100,11457,212.63,75,1680,9251,3,16
1784684750.869,real_q8_tensor_220w_none,3,85,11457,214.42,70,1710,9251,3,16
1784684751.438,real_q8_tensor_220w_none,0,100,11457,212.07,66,1725,9251,3,16
1784684751.438,real_q8_tensor_220w_none,1,100,11457,213.86,70,1650,9251,3,16
1784684751.438,real_q8_tensor_220w_none,2,100,11457,211.14,75,1665,9251,3,16
1784684751.438,real_q8_tensor_220w_none,3,100,11457,214.45,70,1725,9251,3,16
1784684752.011,real_q8_tensor_220w_none,0,100,11457,211.16,66,1725,9251,3,16
1784684752.011,real_q8_tensor_220w_none,1,100,11457,213.93,70,1710,9251,3,16
1784684752.011,real_q8_tensor_220w_none,2,100,11457,211.22,75,1680,9251,3,16
1784684752.011,real_q8_tensor_220w_none,3,100,11457,214.41,70,1725,9251,3,16
1784684752.581,real_q8_tensor_220w_none,0,100,11457,210.90,66,1725,9251,3,16
1784684752.581,real_q8_tensor_220w_none,1,100,11457,213.51,70,1635,9251,3,16
1784684752.581,real_q8_tensor_220w_none,2,100,11457,211.35,75,1665,9251,3,16
1784684752.581,real_q8_tensor_220w_none,3,100,11457,214.61,71,1680,9251,3,16
1784684753.141,real_q8_tensor_220w_none,0,100,11457,207.18,66,1905,9251,3,16
1784684753.141,real_q8_tensor_220w_none,1,100,11457,214.16,69,1875,9251,3,16
1784684753.141,real_q8_tensor_220w_none,2,100,11457,212.13,75,1845,9251,3,16
1784684753.141,real_q8_tensor_220w_none,3,100,11457,210.23,69,1890,9251,3,16
1784684753.708,real_q8_tensor_220w_none,0,69,11457,207.48,64,1740,9251,3,16
1784684753.708,real_q8_tensor_220w_none,1,57,11457,210.31,69,1635,9251,3,16
1784684753.708,real_q8_tensor_220w_none,2,100,11457,207.38,74,1680,9251,3,16
1784684753.708,real_q8_tensor_220w_none,3,93,11457,214.89,69,1650,9251,3,16
1784684754.279,real_q8_tensor_220w_none,0,78,11457,211.20,65,1725,9251,3,16
1784684754.279,real_q8_tensor_220w_none,1,78,11457,213.69,69,1620,9251,3,16
1784684754.279,real_q8_tensor_220w_none,2,100,11457,211.71,75,1725,9251,3,16
1784684754.279,real_q8_tensor_220w_none,3,83,11457,215.28,70,1650,9251,3,16
1784684754.850,real_q8_tensor_220w_none,0,100,11457,210.81,66,1710,9251,3,16
1784684754.850,real_q8_tensor_220w_none,1,100,11457,213.15,69,1695,9251,3,16
1784684754.850,real_q8_tensor_220w_none,2,100,11457,211.36,75,1665,9251,3,16
1784684754.850,real_q8_tensor_220w_none,3,100,11457,214.71,70,1710,9251,3,16
1784684755.440,real_q8_tensor_220w_none,0,100,11457,212.26,66,1800,9251,3,16
1784684755.440,real_q8_tensor_220w_none,1,100,11457,213.62,69,1695,9251,3,16
1784684755.440,real_q8_tensor_220w_none,2,100,11457,211.32,75,1680,9251,3,16
1784684755.440,real_q8_tensor_220w_none,3,100,11457,214.61,70,1710,9251,3,16
1784684756.008,real_q8_tensor_220w_none,0,100,11457,211.81,66,1785,9251,3,16
1784684756.008,real_q8_tensor_220w_none,1,100,11457,213.55,70,1680,9251,3,16
1784684756.008,real_q8_tensor_220w_none,2,100,11457,211.85,75,1740,9251,3,16
1784684756.008,real_q8_tensor_220w_none,3,100,11457,214.24,71,1665,9251,3,16
1784684756.576,real_q8_tensor_220w_none,0,100,11457,211.80,66,1770,9251,3,16
1784684756.576,real_q8_tensor_220w_none,1,100,11457,213.29,70,1620,9251,3,16
1784684756.576,real_q8_tensor_220w_none,2,100,11457,211.11,75,1725,9251,3,16
1784684756.576,real_q8_tensor_220w_none,3,100,11457,213.49,71,1650,9251,3,16
1784684757.142,real_q8_tensor_220w_none,0,97,11457,210.63,65,1875,9251,3,16
1784684757.142,real_q8_tensor_220w_none,1,100,11457,213.66,69,1815,9251,3,16
1784684757.142,real_q8_tensor_220w_none,2,100,11457,211.32,75,1800,9251,3,16
1784684757.142,real_q8_tensor_220w_none,3,83,11457,212.91,69,1815,9251,3,16
1784684757.700,real_q8_tensor_220w_none,0,97,11457,211.56,65,1695,9251,3,16
1784684757.700,real_q8_tensor_220w_none,1,100,11457,208.79,69,1590,9251,3,16
1784684757.700,real_q8_tensor_220w_none,2,56,11457,206.84,74,1875,9251,3,16
1784684757.700,real_q8_tensor_220w_none,3,83,11457,213.43,70,1635,9251,3,16
1784684758.269,real_q8_tensor_220w_none,0,56,11457,210.96,66,1725,9251,3,16
1784684758.269,real_q8_tensor_220w_none,1,99,11457,214.95,69,1620,9251,3,16
1784684758.269,real_q8_tensor_220w_none,2,78,11457,213.40,75,1680,9251,3,16
1784684758.269,real_q8_tensor_220w_none,3,100,11457,213.45,71,1650,9251,3,16
1784684758.886,real_q8_tensor_220w_none,0,56,11457,210.47,66,1755,9251,3,16
1784684758.886,real_q8_tensor_220w_none,1,99,11457,213.02,69,1620,9251,3,16
1784684758.886,real_q8_tensor_220w_none,2,100,11457,210.88,75,1725,9251,3,16
1784684758.886,real_q8_tensor_220w_none,3,100,11457,213.45,70,1635,9251,3,16
1784684759.479,real_q8_tensor_220w_none,0,100,11457,210.56,66,1710,9251,3,16
1784684759.479,real_q8_tensor_220w_none,1,100,11457,213.47,69,1650,9251,3,16
1784684759.479,real_q8_tensor_220w_none,2,100,11457,211.46,74,1665,9251,3,16
1784684759.479,real_q8_tensor_220w_none,3,100,11457,213.50,70,1695,9251,3,16
1784684760.046,real_q8_tensor_220w_none,0,100,11457,210.88,66,1785,9251,3,16
1784684760.046,real_q8_tensor_220w_none,1,100,11457,213.55,69,1635,9251,3,16
1784684760.046,real_q8_tensor_220w_none,2,100,11457,212.22,75,1740,9251,3,16
1784684760.046,real_q8_tensor_220w_none,3,100,11457,214.18,70,1695,9251,3,16
1784684760.614,real_q8_tensor_220w_none,0,100,11457,210.93,66,1710,9251,3,16
1784684760.614,real_q8_tensor_220w_none,1,100,11457,213.03,69,1635,9251,3,16
1784684760.614,real_q8_tensor_220w_none,2,100,11457,212.08,75,1665,9251,3,16
1784684760.614,real_q8_tensor_220w_none,3,100,11457,214.11,71,1680,9251,3,16
1784684761.182,real_q8_tensor_220w_none,0,100,11457,210.02,66,1785,9251,3,16
1784684761.182,real_q8_tensor_220w_none,1,100,11457,212.20,69,1680,9251,3,16
1784684761.182,real_q8_tensor_220w_none,2,100,11457,211.03,75,1650,9251,3,16
1784684761.182,real_q8_tensor_220w_none,3,100,11457,213.79,71,1665,9251,3,16
1784684761.743,real_q8_tensor_220w_none,0,97,11457,209.58,65,1875,9251,3,16
1784684761.743,real_q8_tensor_220w_none,1,100,11457,212.66,69,1830,9251,3,16
1784684761.743,real_q8_tensor_220w_none,2,100,11457,211.07,75,1785,9251,3,16
1784684761.743,real_q8_tensor_220w_none,3,80,11457,212.01,69,1830,9251,3,16
1784684762.305,real_q8_tensor_220w_none,0,100,11457,211.73,66,1725,9251,3,16
1784684762.305,real_q8_tensor_220w_none,1,77,11457,208.74,68,1785,9251,3,16
1784684762.305,real_q8_tensor_220w_none,2,54,11457,205.93,73,1650,9251,3,16
1784684762.305,real_q8_tensor_220w_none,3,77,11457,213.80,70,1875,9251,3,16
1784684762.876,real_q8_tensor_220w_none,0,55,11457,207.29,65,1710,9251,3,16
1784684762.876,real_q8_tensor_220w_none,1,85,11457,214.41,68,1620,9251,3,16
1784684762.876,real_q8_tensor_220w_none,2,54,11457,212.69,73,1710,9251,3,16
1784684762.876,real_q8_tensor_220w_none,3,54,11457,212.15,70,1620,9251,3,16
1784684763.446,real_q8_tensor_220w_none,0,55,11457,210.39,66,1770,9251,3,16
1784684763.446,real_q8_tensor_220w_none,1,85,11457,214.08,69,1680,9251,3,16
1784684763.446,real_q8_tensor_220w_none,2,76,11457,212.65,74,1740,9251,3,16
1784684763.446,real_q8_tensor_220w_none,3,54,11457,212.40,70,1680,9251,3,16
1784684764.014,real_q8_tensor_220w_none,0,100,11457,210.16,66,1740,9251,3,16
1784684764.014,real_q8_tensor_220w_none,1,100,11457,213.05,69,1620,9251,3,16
1784684764.014,real_q8_tensor_220w_none,2,76,11457,211.73,75,1695,9251,3,16
1784684764.014,real_q8_tensor_220w_none,3,100,11457,212.99,70,1650,9251,3,16
1784684764.603,real_q8_tensor_220w_none,0,100,11457,209.96,66,1710,9251,3,16
1784684764.603,real_q8_tensor_220w_none,1,100,11457,213.09,70,1650,9251,3,16
1784684764.603,real_q8_tensor_220w_none,2,100,11457,212.50,75,1650,9251,3,16
1784684764.603,real_q8_tensor_220w_none,3,100,11457,213.80,70,1680,9251,3,16
1784684765.175,real_q8_tensor_220w_none,0,100,11457,210.69,66,1725,9251,3,16
1784684765.175,real_q8_tensor_220w_none,1,100,11457,213.64,69,1695,9251,3,16
1784684765.175,real_q8_tensor_220w_none,2,100,11457,212.40,75,1650,9251,3,16
1784684765.175,real_q8_tensor_220w_none,3,100,11457,213.48,70,1695,9251,3,16
1784684765.763,real_q8_tensor_220w_none,0,100,11457,210.89,66,1770,9251,3,16
1784684765.763,real_q8_tensor_220w_none,1,100,11457,213.29,69,1680,9251,3,16
1784684765.763,real_q8_tensor_220w_none,2,100,11457,211.18,74,1710,9251,3,16
1784684765.763,real_q8_tensor_220w_none,3,100,11457,213.12,70,1710,9251,3,16
1784684766.353,real_q8_tensor_220w_none,0,100,11457,211.08,66,1770,9251,3,16
1784684766.353,real_q8_tensor_220w_none,1,91,11457,212.24,70,1725,9251,3,16
1784684766.353,real_q8_tensor_220w_none,2,100,11457,210.55,75,1695,9251,3,16
1784684766.353,real_q8_tensor_220w_none,3,100,11457,212.58,70,1710,9251,3,16
1784684766.938,real_q8_tensor_220w_none,0,100,11457,208.11,66,1875,9251,3,16
1784684766.938,real_q8_tensor_220w_none,1,91,11457,212.59,69,1860,9251,3,16
1784684766.938,real_q8_tensor_220w_none,2,100,11457,211.70,75,1845,9251,3,16
1784684766.938,real_q8_tensor_220w_none,3,100,11457,209.68,69,1875,9251,3,16
1784684767.501,real_q8_tensor_220w_none,0,97,11457,210.50,65,1680,9251,3,16
1784684767.501,real_q8_tensor_220w_none,1,54,11457,208.31,68,1575,9251,3,16
1784684767.501,real_q8_tensor_220w_none,2,100,11457,207.31,73,1875,9251,3,16
1784684767.501,real_q8_tensor_220w_none,3,86,11457,214.95,69,1590,9251,3,16
1784684768.069,real_q8_tensor_220w_none,0,97,11457,208.54,65,1710,9251,3,16
1784684768.069,real_q8_tensor_220w_none,1,54,11457,211.71,69,1695,9251,3,16
1784684768.069,real_q8_tensor_220w_none,2,85,11457,211.63,74,1620,9251,3,16
1784684768.069,real_q8_tensor_220w_none,3,86,11457,212.73,70,1695,9251,3,16
1784684768.662,real_q8_tensor_220w_none,0,100,11457,208.92,66,1695,9251,3,16
1784684768.662,real_q8_tensor_220w_none,1,65,11457,212.30,69,1665,9251,3,16
1784684768.662,real_q8_tensor_220w_none,2,85,11457,210.42,74,1650,9251,3,16
1784684768.662,real_q8_tensor_220w_none,3,100,11457,212.49,70,1710,9251,3,16
1784684769.232,real_q8_tensor_220w_none,0,88,11457,209.67,65,1725,9251,3,16
1784684769.232,real_q8_tensor_220w_none,1,76,11457,213.16,69,1620,9251,3,16
1784684769.232,real_q8_tensor_220w_none,2,100,11457,210.74,74,1695,9251,3,16
1784684769.232,real_q8_tensor_220w_none,3,76,11457,213.32,70,1605,9251,3,16
1784684769.829,real_q8_tensor_220w_none,0,100,11457,209.76,66,1770,9251,3,16
1784684769.829,real_q8_tensor_220w_none,1,100,11457,212.35,69,1620,9251,3,16
1784684769.829,real_q8_tensor_220w_none,2,100,11457,210.82,74,1725,9251,3,16
1784684769.829,real_q8_tensor_220w_none,3,100,11457,212.16,70,1605,9251,3,16
1784684770.400,real_q8_tensor_220w_none,0,100,11457,210.59,65,1680,9251,3,16
1784684770.400,real_q8_tensor_220w_none,1,100,11457,211.39,70,1605,9251,3,16
1784684770.400,real_q8_tensor_220w_none,2,100,11457,209.45,75,1665,9251,3,16
1784684770.400,real_q8_tensor_220w_none,3,100,11457,212.81,70,1665,9251,3,16
1784684770.992,real_q8_tensor_220w_none,0,100,11457,210.09,66,1770,9251,3,16
1784684770.992,real_q8_tensor_220w_none,1,100,11457,213.14,69,1680,9251,3,16
1784684770.992,real_q8_tensor_220w_none,2,100,11457,211.44,75,1635,9251,3,16
1784684770.992,real_q8_tensor_220w_none,3,100,11457,212.90,70,1695,9251,3,16
1784684771.564,real_q8_tensor_220w_none,0,100,11457,208.81,65,1785,9251,3,16
1784684771.564,real_q8_tensor_220w_none,1,100,11457,211.98,69,1590,9251,3,16
1784684771.564,real_q8_tensor_220w_none,2,100,11457,210.23,75,1710,9251,3,16
1784684771.564,real_q8_tensor_220w_none,3,100,11457,212.31,70,1635,9251,3,16
1784684772.133,real_q8_tensor_220w_none,0,100,11457,208.87,66,1680,9251,3,16
1784684772.133,real_q8_tensor_220w_none,1,100,11457,211.72,69,1575,9251,3,16
1784684772.133,real_q8_tensor_220w_none,2,100,11457,208.80,75,1680,9251,3,16
1784684772.133,real_q8_tensor_220w_none,3,100,11457,213.05,70,1620,9251,3,16
1784684772.719,real_q8_tensor_220w_none,0,81,11457,207.07,66,1860,9251,3,16
1784684772.719,real_q8_tensor_220w_none,1,100,11457,211.51,69,1800,9251,3,16
1784684772.719,real_q8_tensor_220w_none,2,100,11457,210.08,74,1770,9251,3,16
1784684772.719,real_q8_tensor_220w_none,3,100,11457,209.15,70,1800,9251,3,16
1784684773.277,real_q8_tensor_220w_none,0,100,11457,210.16,65,1890,9251,3,16
1784684773.277,real_q8_tensor_220w_none,1,54,11457,208.19,69,1875,9251,3,16
1784684773.277,real_q8_tensor_220w_none,2,100,11457,206.26,75,1830,9251,3,16
1784684773.277,real_q8_tensor_220w_none,3,95,11457,212.10,70,1890,9251,3,16
1784684773.848,real_q8_tensor_220w_none,0,53,11457,206.72,65,1755,9251,3,16
1784684773.848,real_q8_tensor_220w_none,1,54,11457,212.11,68,1590,9251,3,16
1784684773.848,real_q8_tensor_220w_none,2,75,11457,210.16,73,1710,9251,3,16
1784684773.848,real_q8_tensor_220w_none,3,95,11457,210.77,70,1605,9251,3,16
1784684774.439,real_q8_tensor_220w_none,0,53,11457,208.96,66,1710,9251,3,16
1784684774.439,real_q8_tensor_220w_none,1,100,11457,211.29,69,1635,9251,3,16
1784684774.439,real_q8_tensor_220w_none,2,75,11457,210.35,75,1650,9251,3,16
1784684774.439,real_q8_tensor_220w_none,3,85,11457,211.68,70,1620,9251,3,16
1784684775.035,real_q8_tensor_220w_none,0,100,11457,208.27,66,1695,9251,3,16
1784684775.035,real_q8_tensor_220w_none,1,100,11457,211.78,69,1590,9251,3,16
1784684775.035,real_q8_tensor_220w_none,2,100,11457,210.35,74,1635,9251,3,16
1784684775.035,real_q8_tensor_220w_none,3,85,11457,212.41,70,1635,9251,3,16
1784684775.630,real_q8_tensor_220w_none,0,100,11457,208.56,66,1710,9251,3,16
1784684775.630,real_q8_tensor_220w_none,1,100,11457,212.10,69,1590,9251,3,16
1784684775.630,real_q8_tensor_220w_none,2,100,11457,209.31,74,1695,9251,3,16
1784684775.630,real_q8_tensor_220w_none,3,100,11457,212.75,70,1605,9251,3,16
1784684776.225,real_q8_tensor_220w_none,0,100,11457,210.43,66,1680,9251,3,16
1784684776.225,real_q8_tensor_220w_none,1,100,11457,211.65,69,1665,9251,3,16
1784684776.225,real_q8_tensor_220w_none,2,100,11457,209.04,74,1620,9251,3,16
1784684776.225,real_q8_tensor_220w_none,3,100,11457,212.57,70,1665,9251,3,16
1784684776.795,real_q8_tensor_220w_none,0,75,11457,209.37,65,1695,9251,3,16
1784684776.795,real_q8_tensor_220w_none,1,100,11457,211.70,69,1590,9251,3,16
1784684776.795,real_q8_tensor_220w_none,2,100,11457,208.49,75,1740,9251,3,16
1784684776.795,real_q8_tensor_220w_none,3,100,11457,212.16,70,1590,9251,3,16
1784684777.367,real_q8_tensor_220w_none,0,100,11457,207.66,66,1680,9251,3,16
1784684777.367,real_q8_tensor_220w_none,1,100,11457,210.34,69,1560,9251,3,16
1784684777.367,real_q8_tensor_220w_none,2,100,11457,208.55,75,1725,9251,3,16
1784684777.367,real_q8_tensor_220w_none,3,100,11457,212.21,70,1620,9251,3,16
1784684777.962,real_q8_tensor_220w_none,0,100,11457,207.52,66,1785,9251,3,16
1784684777.962,real_q8_tensor_220w_none,1,100,11457,209.07,69,1575,9251,3,16
1784684777.962,real_q8_tensor_220w_none,2,100,11457,208.67,75,1725,9251,3,16
1784684777.962,real_q8_tensor_220w_none,3,100,11457,212.44,70,1605,9251,3,16
1784684778.552,real_q8_tensor_220w_none,0,100,11457,207.49,65,1650,9251,3,16
1784684778.552,real_q8_tensor_220w_none,1,100,11457,210.43,69,1590,9251,3,16
1784684778.552,real_q8_tensor_220w_none,2,100,11457,208.81,75,1620,9251,3,16
1784684778.552,real_q8_tensor_220w_none,3,100,11457,212.19,70,1635,9251,3,16
1784684779.122,real_q8_tensor_220w_none,0,100,11457,207.50,65,1755,9251,3,16
1784684779.122,real_q8_tensor_220w_none,1,100,11457,211.33,69,1620,9251,3,16
1784684779.122,real_q8_tensor_220w_none,2,100,11457,209.60,75,1725,9251,3,16
1784684779.122,real_q8_tensor_220w_none,3,100,11457,211.63,70,1620,9251,3,16
1784684779.706,real_q8_tensor_220w_none,0,65,11457,206.66,66,1875,9251,3,16
1784684779.706,real_q8_tensor_220w_none,1,99,11457,211.52,69,1830,9251,3,16
1784684779.706,real_q8_tensor_220w_none,2,97,11457,209.05,74,1845,9251,3,16
1784684779.706,real_q8_tensor_220w_none,3,79,11457,210.27,69,1890,9251,3,16
1784684780.293,real_q8_tensor_220w_none,0,99,11457,208.33,65,1650,9251,3,16
1784684780.293,real_q8_tensor_220w_none,1,51,11457,209.61,68,1560,9251,3,16
1784684780.293,real_q8_tensor_220w_none,2,100,11457,206.57,73,1635,9251,3,16
1784684780.293,real_q8_tensor_220w_none,3,58,11457,212.04,70,1605,9251,3,16
1784684780.900,real_q8_tensor_220w_none,0,94,11457,207.78,64,1680,9251,3,16
1784684780.900,real_q8_tensor_220w_none,1,51,11457,210.67,69,1575,9251,3,16
1784684780.900,real_q8_tensor_220w_none,2,62,11457,208.06,74,1620,9251,3,16
1784684780.900,real_q8_tensor_220w_none,3,58,11457,211.37,69,1695,9251,3,16
1784684781.493,real_q8_tensor_220w_none,0,94,11457,208.07,65,1650,9251,3,16
1784684781.493,real_q8_tensor_220w_none,1,100,11457,210.22,69,1560,9251,3,16
1784684781.493,real_q8_tensor_220w_none,2,62,11457,208.50,74,1710,9251,3,16
1784684781.493,real_q8_tensor_220w_none,3,64,11457,211.44,70,1605,9251,3,16
1784684782.061,real_q8_tensor_220w_none,0,100,11457,208.35,65,1755,9251,3,16
1784684782.061,real_q8_tensor_220w_none,1,100,11457,211.11,69,1590,9251,3,16
1784684782.061,real_q8_tensor_220w_none,2,100,11457,208.67,74,1680,9251,3,16
1784684782.061,real_q8_tensor_220w_none,3,64,11457,211.82,70,1590,9251,3,16
1784684782.630,real_q8_tensor_220w_none,0,100,11457,208.07,65,1665,9251,3,16
1784684782.630,real_q8_tensor_220w_none,1,100,11457,211.91,69,1680,9251,3,16
1784684782.630,real_q8_tensor_220w_none,2,100,11457,209.40,74,1620,9251,3,16
1784684782.630,real_q8_tensor_220w_none,3,100,11457,212.03,70,1710,9251,3,16
1784684783.198,real_q8_tensor_220w_none,0,100,11457,207.94,65,1650,9251,3,16
1784684783.198,real_q8_tensor_220w_none,1,100,11457,210.95,69,1560,9251,3,16
1784684783.198,real_q8_tensor_220w_none,2,100,11457,209.40,74,1635,9251,3,16
1784684783.198,real_q8_tensor_220w_none,3,100,11457,211.62,70,1605,9251,3,16
1784684783.766,real_q8_tensor_220w_none,0,74,11457,208.66,65,1740,9251,3,16
1784684783.766,real_q8_tensor_220w_none,1,100,11457,210.90,69,1560,9251,3,16
1784684783.766,real_q8_tensor_220w_none,2,100,11457,209.60,74,1710,9251,3,16
1784684783.766,real_q8_tensor_220w_none,3,100,11457,212.12,70,1620,9251,3,16
1784684784.335,real_q8_tensor_220w_none,0,100,11457,208.24,65,1650,9251,3,16
1784684784.335,real_q8_tensor_220w_none,1,100,11457,210.95,69,1560,9251,3,16
1784684784.335,real_q8_tensor_220w_none,2,100,11457,208.52,74,1635,9251,3,16
1784684784.335,real_q8_tensor_220w_none,3,100,11457,211.65,70,1710,9251,3,16
1784684784.930,real_q8_tensor_220w_none,0,100,11457,208.48,66,1725,9251,3,16
1784684784.930,real_q8_tensor_220w_none,1,100,11457,211.03,69,1680,9251,3,16
1784684784.930,real_q8_tensor_220w_none,2,100,11457,208.94,74,1620,9251,3,16
1784684784.930,real_q8_tensor_220w_none,3,100,11457,211.29,70,1695,9251,3,16
1784684785.522,real_q8_tensor_220w_none,0,100,11457,208.54,65,1755,9251,3,16
1784684785.522,real_q8_tensor_220w_none,1,100,11457,210.98,69,1590,9251,3,16
1784684785.522,real_q8_tensor_220w_none,2,100,11457,209.49,74,1680,9251,3,16
1784684785.522,real_q8_tensor_220w_none,3,100,11457,211.15,70,1590,9251,3,16
1784684786.114,real_q8_tensor_220w_none,0,100,11457,207.93,65,1770,9251,3,16
1784684786.114,real_q8_tensor_220w_none,1,100,11457,210.40,69,1665,9251,3,16
1784684786.114,real_q8_tensor_220w_none,2,100,11457,209.02,74,1725,9251,3,16
1784684786.114,real_q8_tensor_220w_none,3,100,11457,210.43,70,1665,9251,3,16
1784684786.684,real_q8_tensor_220w_none,0,100,11457,207.79,65,1695,9251,3,16
1784684786.684,real_q8_tensor_220w_none,1,100,11457,210.16,69,1635,9251,3,16
1784684786.684,real_q8_tensor_220w_none,2,100,11457,207.80,74,1620,9251,3,16
1784684786.684,real_q8_tensor_220w_none,3,100,11457,211.23,70,1590,9251,3,16
1784684787.253,real_q8_tensor_220w_none,0,100,11457,208.06,66,1755,9251,3,16
1784684787.253,real_q8_tensor_220w_none,1,100,11457,211.51,69,1680,9251,3,16
1784684787.253,real_q8_tensor_220w_none,2,100,11457,208.50,74,1620,9251,3,16
1784684787.253,real_q8_tensor_220w_none,3,100,11457,211.14,70,1695,9251,3,16
1784684787.822,real_q8_tensor_220w_none,0,100,11457,208.15,66,1665,9251,3,16
1784684787.822,real_q8_tensor_220w_none,1,100,11457,211.13,69,1635,9251,3,16
1784684787.822,real_q8_tensor_220w_none,2,100,11457,208.64,74,1620,9251,3,16
1784684787.822,real_q8_tensor_220w_none,3,100,11457,211.40,70,1635,9251,3,16
1784684788.391,real_q8_tensor_220w_none,0,100,11457,208.29,65,1665,9251,3,16
1784684788.391,real_q8_tensor_220w_none,1,100,11457,211.55,69,1545,9251,3,16
1784684788.391,real_q8_tensor_220w_none,2,100,11457,209.39,74,1635,9251,3,16
1784684788.391,real_q8_tensor_220w_none,3,100,11457,210.57,70,1590,9251,3,16
1784684788.987,real_q8_tensor_220w_none,0,100,11457,207.79,66,1650,9251,3,16
1784684788.987,real_q8_tensor_220w_none,1,100,11457,210.78,69,1560,9251,3,16
1784684788.987,real_q8_tensor_220w_none,2,100,11457,208.79,74,1695,9251,3,16
1784684788.987,real_q8_tensor_220w_none,3,100,11457,210.63,70,1590,9251,3,16
1784684789.556,real_q8_tensor_220w_none,0,100,11457,208.04,66,1710,9251,3,16
1784684789.556,real_q8_tensor_220w_none,1,100,11457,209.61,69,1695,9251,3,16
1784684789.556,real_q8_tensor_220w_none,2,100,11457,208.28,74,1635,9251,3,16
1784684789.556,real_q8_tensor_220w_none,3,100,11457,210.87,70,1695,9251,3,16
1784684790.145,real_q8_tensor_220w_none,0,100,11457,207.86,66,1665,9251,3,16
1784684790.145,real_q8_tensor_220w_none,1,100,11457,210.13,69,1725,9251,3,16
1784684790.145,real_q8_tensor_220w_none,2,100,11457,208.52,74,1620,9251,3,16
1784684790.145,real_q8_tensor_220w_none,3,100,11457,210.09,70,1710,9251,3,16
1784684790.705,real_q8_tensor_220w_none,0,100,11457,209.08,66,1665,9251,3,16
1784684790.705,real_q8_tensor_220w_none,1,100,11457,210.50,69,1725,9251,3,16
1784684790.705,real_q8_tensor_220w_none,2,100,11457,208.39,74,1620,9251,3,16
1784684790.705,real_q8_tensor_220w_none,3,79,11457,212.38,70,1725,9251,3,16
1784684791.265,real_q8_tensor_220w_none,0,100,11457,206.07,66,1665,9251,3,16
1784684791.265,real_q8_tensor_220w_none,1,88,11457,211.60,69,1725,9251,3,16
1784684791.265,real_q8_tensor_220w_none,2,100,11457,209.57,74,1620,9251,3,16
1784684791.265,real_q8_tensor_220w_none,3,100,11457,210.81,70,1710,9251,3,16
1784684791.826,real_q8_tensor_220w_none,0,100,11457,207.76,65,1680,9251,3,16
1784684791.826,real_q8_tensor_220w_none,1,100,11457,209.89,69,1710,9251,3,16
1784684791.826,real_q8_tensor_220w_none,2,100,11457,207.46,74,1605,9251,3,16
1784684791.826,real_q8_tensor_220w_none,3,99,11457,212.36,70,1695,9251,3,16
1784684792.386,real_q8_tensor_220w_none,0,100,11457,209.24,65,1785,9251,3,16
1784684792.386,real_q8_tensor_220w_none,1,100,11457,211.23,69,1785,9251,3,16
1784684792.386,real_q8_tensor_220w_none,2,100,11457,208.09,74,1755,9251,3,16
1784684792.386,real_q8_tensor_220w_none,3,99,11457,212.13,70,1800,9251,3,16
1784684792.967,real_q8_tensor_220w_none,0,100,11457,206.84,66,1770,9251,3,16
1784684792.967,real_q8_tensor_220w_none,1,100,11457,212.85,69,1785,9251,3,16
1784684792.967,real_q8_tensor_220w_none,2,73,11457,209.80,74,1755,9251,3,16
1784684792.967,real_q8_tensor_220w_none,3,100,11457,210.60,70,1770,9251,3,16
1784684793.527,real_q8_tensor_220w_none,0,98,11457,209.32,65,1815,9251,3,16
1784684793.527,real_q8_tensor_220w_none,1,100,11457,210.88,69,1830,9251,3,16
1784684793.527,real_q8_tensor_220w_none,2,73,11457,208.83,74,1800,9251,3,16
1784684793.527,real_q8_tensor_220w_none,3,100,11457,213.26,69,1845,9251,3,16
1784684794.111,real_q8_tensor_220w_none,0,98,11457,203.29,63,1710,9251,3,16
1784684794.111,real_q8_tensor_220w_none,1,100,11457,204.55,68,1605,9251,3,16
1784684794.111,real_q8_tensor_220w_none,2,45,11457,201.26,74,1620,9251,3,16
1784684794.111,real_q8_tensor_220w_none,3,85,11457,207.86,68,1605,9251,3,16
1784684794.679,real_q8_tensor_220w_none,0,30,11457,194.46,63,1920,9251,3,16
1784684794.679,real_q8_tensor_220w_none,1,33,11457,202.71,68,1845,9251,3,16
1784684794.679,real_q8_tensor_220w_none,2,45,11457,198.84,73,1860,9251,3,16
1784684794.679,real_q8_tensor_220w_none,3,85,11457,200.18,68,1860,9251,3,16
1784684795.238,real_q8_tensor_220w_none,0,30,11457,202.63,65,1770,9251,3,16
1784684795.238,real_q8_tensor_220w_none,1,33,11457,207.21,68,1680,9251,3,16
1784684795.238,real_q8_tensor_220w_none,2,93,11457,203.97,73,1725,9251,3,16
1784684795.238,real_q8_tensor_220w_none,3,93,11457,208.68,69,1695,9251,3,16
1784684795.814,real_q8_tensor_220w_none,0,94,11457,215.26,64,1755,9251,3,16
1784684795.814,real_q8_tensor_220w_none,1,94,11457,214.96,68,1665,9251,3,16
1784684795.814,real_q8_tensor_220w_none,2,94,11457,213.32,73,1710,9251,3,16
1784684795.814,real_q8_tensor_220w_none,3,94,11457,217.53,69,1695,9251,3,16
1784684796.394,real_q8_tensor_220w_none,0,94,11457,219.67,65,1770,9251,3,16
1784684796.394,real_q8_tensor_220w_none,1,94,11457,219.68,68,1680,9251,3,16
1784684796.394,real_q8_tensor_220w_none,2,94,11457,219.55,73,1725,9251,3,16
1784684796.394,real_q8_tensor_220w_none,3,94,11457,219.62,69,1695,9251,3,16
1784684796.967,real_q8_tensor_220w_none,0,94,11457,219.52,64,1770,9251,3,16
1784684796.967,real_q8_tensor_220w_none,1,93,11457,219.74,68,1650,9251,3,16
1784684796.967,real_q8_tensor_220w_none,2,94,11457,219.73,73,1725,9251,3,16
1784684796.967,real_q8_tensor_220w_none,3,94,11457,219.83,69,1680,9251,3,16
1784684797.559,real_q8_tensor_220w_none,0,94,11457,219.57,65,1770,9251,3,16
1784684797.559,real_q8_tensor_220w_none,1,93,11457,219.38,68,1635,9251,3,16
1784684797.559,real_q8_tensor_220w_none,2,93,11457,219.45,73,1710,9251,3,16
1784684797.559,real_q8_tensor_220w_none,3,94,11457,219.71,69,1650,9251,3,16
1784684798.133,real_q8_tensor_220w_none,0,93,11457,219.55,64,1770,9251,3,16
1784684798.133,real_q8_tensor_220w_none,1,93,11457,219.56,68,1680,9251,3,16
1784684798.133,real_q8_tensor_220w_none,2,93,11457,219.73,73,1710,9251,3,16
1784684798.133,real_q8_tensor_220w_none,3,93,11457,219.83,69,1695,9251,3,16
1784684798.707,real_q8_tensor_220w_none,0,93,11457,218.96,64,1755,9251,3,16
1784684798.707,real_q8_tensor_220w_none,1,93,11457,218.93,68,1650,9251,3,16
1784684798.707,real_q8_tensor_220w_none,2,93,11457,219.10,73,1680,9251,3,16
1784684798.707,real_q8_tensor_220w_none,3,93,11457,218.94,69,1665,9251,3,16
1784684799.282,real_q8_tensor_220w_none,0,49,11457,210.61,64,1740,9251,3,16
1784684799.282,real_q8_tensor_220w_none,1,44,11457,212.99,68,1665,9251,3,16
1784684799.282,real_q8_tensor_220w_none,2,73,11457,211.24,72,1890,9251,3,16
1784684799.282,real_q8_tensor_220w_none,3,44,11457,213.71,68,1740,9251,3,16
1784684799.883,real_q8_tensor_220w_none,0,93,11457,212.63,64,1770,9251,3,16
1784684799.883,real_q8_tensor_220w_none,1,93,11457,215.89,68,1665,9251,3,16
1784684799.883,real_q8_tensor_220w_none,2,93,11457,213.53,73,1725,9251,3,16
1784684799.883,real_q8_tensor_220w_none,3,93,11457,216.63,69,1695,9251,3,16
1784684800.485,real_q8_tensor_220w_none,0,94,11457,219.88,64,1770,9251,3,16
1784684800.485,real_q8_tensor_220w_none,1,93,11457,220.09,68,1665,9251,3,16
1784684800.485,real_q8_tensor_220w_none,2,93,11457,219.77,73,1725,9251,3,16
1784684800.485,real_q8_tensor_220w_none,3,94,11457,219.87,69,1680,9251,3,16
1784684801.058,real_q8_tensor_220w_none,0,94,11457,189.45,64,1875,9251,3,16
1784684801.058,real_q8_tensor_220w_none,1,93,11457,194.46,68,1800,9251,3,16
1784684801.058,real_q8_tensor_220w_none,2,100,11457,191.73,73,1830,9251,3,16
1784684801.058,real_q8_tensor_220w_none,3,94,11457,195.83,69,1830,9251,3,16
1784684801.646,real_q8_tensor_220w_none,0,100,11457,189.45,65,1860,9251,3,16
1784684801.646,real_q8_tensor_220w_none,1,100,11457,194.70,69,1785,9251,3,16
1784684801.646,real_q8_tensor_220w_none,2,100,11457,189.85,74,1830,9251,3,16
1784684801.646,real_q8_tensor_220w_none,3,100,11457,196.38,70,1830,9251,3,16
1784684802.210,real_q8_tensor_220w_none,0,100,11457,215.26,65,1860,9251,3,16
1784684802.210,real_q8_tensor_220w_none,1,100,11457,217.22,69,1785,9251,3,16
1784684802.210,real_q8_tensor_220w_none,2,100,11457,214.67,74,1815,9251,3,16
1784684802.210,real_q8_tensor_220w_none,3,100,11457,216.68,70,1815,9251,3,16
1784684802.779,real_q8_tensor_220w_none,0,100,11457,215.16,65,1890,9251,3,16
1784684802.779,real_q8_tensor_220w_none,1,92,11457,219.17,68,1875,9251,3,16
1784684802.779,real_q8_tensor_220w_none,2,95,11457,215.47,74,1860,9251,3,16
1784684802.779,real_q8_tensor_220w_none,3,100,11457,217.10,70,1890,9251,3,16
1784684803.347,real_q8_tensor_220w_none,0,100,11457,214.56,65,1860,9251,3,16
1784684803.347,real_q8_tensor_220w_none,1,92,11457,218.13,69,1785,9251,3,16
1784684803.347,real_q8_tensor_220w_none,2,100,11457,215.07,74,1830,9251,3,16
1784684803.347,real_q8_tensor_220w_none,3,100,11457,217.42,70,1815,9251,3,16
1784684803.917,real_q8_tensor_220w_none,0,80,11457,214.40,65,1875,9251,3,16
1784684803.917,real_q8_tensor_220w_none,1,97,11457,219.07,69,1785,9251,3,16
1784684803.917,real_q8_tensor_220w_none,2,100,11457,216.33,74,1815,9251,3,16
1784684803.917,real_q8_tensor_220w_none,3,81,11457,217.27,70,1785,9251,3,16
1784684804.486,real_q8_tensor_220w_none,0,80,11457,215.32,65,1860,9251,3,16
1784684804.486,real_q8_tensor_220w_none,1,97,11457,218.44,69,1800,9251,3,16
1784684804.486,real_q8_tensor_220w_none,2,100,11457,215.26,74,1815,9251,3,16
1784684804.486,real_q8_tensor_220w_none,3,81,11457,216.97,70,1785,9251,3,16
1784684805.055,real_q8_tensor_220w_none,0,81,11457,214.70,65,1875,9251,3,16
1784684805.055,real_q8_tensor_220w_none,1,81,11457,218.11,69,1785,9251,3,16
1784684805.055,real_q8_tensor_220w_none,2,100,11457,214.92,74,1815,9251,3,16
1784684805.055,real_q8_tensor_220w_none,3,81,11457,216.45,70,1800,9251,3,16
1784684805.625,real_q8_tensor_220w_none,0,81,11457,214.45,65,1860,9251,3,16
1784684805.625,real_q8_tensor_220w_none,1,81,11457,218.04,69,1770,9251,3,16
1784684805.625,real_q8_tensor_220w_none,2,100,11457,214.84,74,1830,9251,3,16
1784684805.625,real_q8_tensor_220w_none,3,81,11457,217.94,70,1800,9251,3,16
1784684806.215,real_q8_tensor_220w_none,0,85,11457,214.01,65,1860,9251,3,16
1784684806.215,real_q8_tensor_220w_none,1,78,11457,218.15,69,1770,9251,3,16
1784684806.215,real_q8_tensor_220w_none,2,100,11457,214.70,74,1815,9251,3,16
1784684806.215,real_q8_tensor_220w_none,3,93,11457,218.37,70,1800,9251,3,16
1784684806.785,real_q8_tensor_220w_none,0,87,11457,213.56,65,1860,9251,3,16
1784684806.785,real_q8_tensor_220w_none,1,87,11457,217.35,69,1785,9251,3,16
1784684806.785,real_q8_tensor_220w_none,2,100,11457,214.00,74,1815,9251,3,16
1784684806.785,real_q8_tensor_220w_none,3,100,11457,218.04,70,1785,9251,3,16
1784684807.356,real_q8_tensor_220w_none,0,79,11457,214.00,65,1860,9251,3,16
1784684807.356,real_q8_tensor_220w_none,1,100,11457,217.79,69,1770,9251,3,16
1784684807.356,real_q8_tensor_220w_none,2,100,11457,214.54,74,1815,9251,3,16
1784684807.356,real_q8_tensor_220w_none,3,80,11457,218.57,70,1800,9251,3,16
1784684807.926,real_q8_tensor_220w_none,0,79,11457,215.09,65,1845,9251,3,16
1784684807.926,real_q8_tensor_220w_none,1,100,11457,218.24,69,1770,9251,3,16
1784684807.926,real_q8_tensor_220w_none,2,100,11457,215.21,74,1815,9251,3,16
1784684807.926,real_q8_tensor_220w_none,3,80,11457,218.44,70,1800,9251,3,16
1784684808.500,real_q8_tensor_220w_none,0,100,11457,214.68,65,1845,9251,3,16
1784684808.500,real_q8_tensor_220w_none,1,80,11457,218.18,69,1785,9251,3,16
1784684808.500,real_q8_tensor_220w_none,2,100,11457,214.95,74,1815,9251,3,16
1784684808.500,real_q8_tensor_220w_none,3,100,11457,218.60,70,1770,9251,3,16
1784684809.088,real_q8_tensor_220w_none,0,100,11457,214.14,65,1845,9251,3,16
1784684809.088,real_q8_tensor_220w_none,1,80,11457,218.17,69,1785,9251,3,16
1784684809.088,real_q8_tensor_220w_none,2,100,11457,215.31,74,1815,9251,3,16
1784684809.088,real_q8_tensor_220w_none,3,100,11457,220.48,70,1785,9251,3,16
1784684809.657,real_q8_tensor_220w_none,0,80,11457,213.36,65,1860,9251,3,16
1784684809.657,real_q8_tensor_220w_none,1,100,11457,218.10,69,1770,9251,3,16
1784684809.657,real_q8_tensor_220w_none,2,100,11457,215.17,74,1815,9251,3,16
1784684809.657,real_q8_tensor_220w_none,3,86,11457,218.60,70,1755,9251,3,16
1784684810.231,real_q8_tensor_220w_none,0,100,11457,213.40,66,1845,9251,3,16
1784684810.231,real_q8_tensor_220w_none,1,100,11457,220.09,69,1785,9251,3,16
1784684810.231,real_q8_tensor_220w_none,2,100,11457,217.10,75,1815,9251,3,16
1784684810.231,real_q8_tensor_220w_none,3,100,11457,218.55,70,1785,9251,3,16
1784684810.820,real_q8_tensor_220w_none,0,100,11457,213.47,65,1860,9251,3,16
1784684810.820,real_q8_tensor_220w_none,1,88,11457,218.34,69,1755,9251,3,16
1784684810.820,real_q8_tensor_220w_none,2,87,11457,215.24,74,1815,9251,3,16
1784684810.820,real_q8_tensor_220w_none,3,100,11457,218.50,70,1785,9251,3,16
1784684811.389,real_q8_tensor_220w_none,0,100,11457,215.78,66,1860,9251,3,16
1784684811.389,real_q8_tensor_220w_none,1,88,11457,218.18,69,1770,9251,3,16
1784684811.389,real_q8_tensor_220w_none,2,87,11457,214.95,74,1815,9251,3,16
1784684811.389,real_q8_tensor_220w_none,3,100,11457,219.87,70,1785,9251,3,16
1784684811.992,real_q8_tensor_220w_none,0,78,11457,213.77,65,1845,9251,3,16
1784684811.992,real_q8_tensor_220w_none,1,100,11457,218.53,69,1755,9251,3,16
1784684811.992,real_q8_tensor_220w_none,2,100,11457,215.24,75,1815,9251,3,16
1784684811.992,real_q8_tensor_220w_none,3,100,11457,217.82,70,1785,9251,3,16
1784684812.563,real_q8_tensor_220w_none,0,78,11457,214.12,66,1845,9251,3,16
1784684812.563,real_q8_tensor_220w_none,1,100,11457,220.27,69,1770,9251,3,16
1784684812.563,real_q8_tensor_220w_none,2,100,11457,218.04,75,1800,9251,3,16
1784684812.563,real_q8_tensor_220w_none,3,100,11457,217.71,70,1785,9251,3,16
1784684813.128,real_q8_tensor_220w_none,0,100,11457,213.72,65,1845,9251,3,16
1784684813.128,real_q8_tensor_220w_none,1,78,11457,217.90,69,1755,9251,3,16
1784684813.128,real_q8_tensor_220w_none,2,78,11457,215.82,74,1830,9251,3,16
1784684813.128,real_q8_tensor_220w_none,3,100,11457,218.29,70,1785,9251,3,16
1784684813.698,real_q8_tensor_220w_none,0,100,11457,215.39,65,1845,9251,3,16
1784684813.698,real_q8_tensor_220w_none,1,78,11457,218.04,69,1755,9251,3,16
1784684813.698,real_q8_tensor_220w_none,2,78,11457,215.67,75,1815,9251,3,16
1784684813.698,real_q8_tensor_220w_none,3,100,11457,220.78,70,1770,9251,3,16
1784684814.289,real_q8_tensor_220w_none,0,77,11457,213.96,65,1845,9251,3,16
1784684814.289,real_q8_tensor_220w_none,1,100,11457,217.44,69,1770,9251,3,16
1784684814.289,real_q8_tensor_220w_none,2,100,11457,215.30,75,1815,9251,3,16
1784684814.289,real_q8_tensor_220w_none,3,100,11457,218.11,70,1770,9251,3,16
1784684814.859,real_q8_tensor_220w_none,0,77,11457,213.69,66,1860,9251,3,16
1784684814.859,real_q8_tensor_220w_none,1,100,11457,219.37,69,1770,9251,3,16
1784684814.859,real_q8_tensor_220w_none,2,100,11457,216.16,74,1800,9251,3,16
1784684814.859,real_q8_tensor_220w_none,3,100,11457,217.83,70,1785,9251,3,16
1784684815.429,real_q8_tensor_220w_none,0,78,11457,213.69,65,1845,9251,3,16
1784684815.429,real_q8_tensor_220w_none,1,77,11457,217.71,69,1755,9251,3,16
1784684815.429,real_q8_tensor_220w_none,2,77,11457,214.16,74,1800,9251,3,16
1784684815.429,real_q8_tensor_220w_none,3,82,11457,218.38,70,1770,9251,3,16
1784684815.998,real_q8_tensor_220w_none,0,78,11457,213.74,66,1845,9251,3,16
1784684815.998,real_q8_tensor_220w_none,1,77,11457,216.79,69,1770,9251,3,16
1784684815.998,real_q8_tensor_220w_none,2,77,11457,214.51,75,1800,9251,3,16
1784684815.998,real_q8_tensor_220w_none,3,82,11457,217.34,70,1770,9251,3,16
1784684816.565,real_q8_tensor_220w_none,0,100,11457,213.53,66,1860,9251,3,16
1784684816.565,real_q8_tensor_220w_none,1,100,11457,217.58,69,1755,9251,3,16
1784684816.565,real_q8_tensor_220w_none,2,100,11457,216.23,75,1860,9251,3,16
1784684816.565,real_q8_tensor_220w_none,3,81,11457,217.21,70,1785,9251,3,16
1784684817.140,real_q8_tensor_220w_none,0,100,11457,213.02,66,1860,9251,3,16
1784684817.140,real_q8_tensor_220w_none,1,100,11457,217.75,69,1770,9251,3,16
1784684817.140,real_q8_tensor_220w_none,2,100,11457,214.29,74,1800,9251,3,16
1784684817.140,real_q8_tensor_220w_none,3,100,11457,217.55,70,1785,9251,3,16
1784684817.735,real_q8_tensor_220w_none,0,100,11457,213.59,65,1905,9251,3,16
1784684817.735,real_q8_tensor_220w_none,1,100,11457,219.44,69,1755,9251,3,16
1784684817.735,real_q8_tensor_220w_none,2,100,11457,216.18,75,1875,9251,3,16
1784684817.735,real_q8_tensor_220w_none,3,100,11457,216.49,70,1770,9251,3,16
1784684818.306,real_q8_tensor_220w_none,0,100,11457,213.87,66,1830,9251,3,16
1784684818.306,real_q8_tensor_220w_none,1,100,11457,217.80,69,1755,9251,3,16
1784684818.306,real_q8_tensor_220w_none,2,100,11457,214.32,75,1800,9251,3,16
1784684818.306,real_q8_tensor_220w_none,3,100,11457,217.03,70,1770,9251,3,16
1784684818.875,real_q8_tensor_220w_none,0,100,11457,215.87,66,1845,9251,3,16
1784684818.875,real_q8_tensor_220w_none,1,100,11457,218.93,69,1785,9251,3,16
1784684818.875,real_q8_tensor_220w_none,2,100,11457,215.90,75,1785,9251,3,16
1784684818.875,real_q8_tensor_220w_none,3,100,11457,219.26,70,1770,9251,3,16
1784684819.433,real_q8_tensor_220w_none,0,100,11457,213.78,66,1830,9251,3,16
1784684819.433,real_q8_tensor_220w_none,1,75,11457,217.14,69,1755,9251,3,16
1784684819.433,real_q8_tensor_220w_none,2,76,11457,214.15,75,1785,9251,3,16
1784684819.433,real_q8_tensor_220w_none,3,100,11457,217.10,70,1770,9251,3,16
1784684820.006,real_q8_tensor_220w_none,0,100,11457,215.72,66,1845,9251,3,16
1784684820.006,real_q8_tensor_220w_none,1,75,11457,217.26,70,1755,9251,3,16
1784684820.006,real_q8_tensor_220w_none,2,76,11457,214.49,75,1785,9251,3,16
1784684820.006,real_q8_tensor_220w_none,3,100,11457,219.75,70,1785,9251,3,16
1784684820.579,real_q8_tensor_220w_none,0,75,11457,212.81,65,1830,9251,3,16
1784684820.579,real_q8_tensor_220w_none,1,74,11457,217.81,69,1740,9251,3,16
1784684820.579,real_q8_tensor_220w_none,2,75,11457,213.69,75,1800,9251,3,16
1784684820.579,real_q8_tensor_220w_none,3,75,11457,217.71,70,1770,9251,3,16
1784684821.151,real_q8_tensor_220w_none,0,75,11457,213.60,66,1845,9251,3,16
1784684821.151,real_q8_tensor_220w_none,1,74,11457,217.58,69,1755,9251,3,16
1784684821.151,real_q8_tensor_220w_none,2,75,11457,213.93,75,1785,9251,3,16
1784684821.151,real_q8_tensor_220w_none,3,75,11457,217.35,71,1770,9251,3,16
1784684821.747,real_q8_tensor_220w_none,0,86,11457,213.35,65,1845,9251,3,16
1784684821.747,real_q8_tensor_220w_none,1,74,11457,216.83,69,1755,9251,3,16
1784684821.747,real_q8_tensor_220w_none,2,75,11457,214.02,75,1770,9251,3,16
1784684821.747,real_q8_tensor_220w_none,3,78,11457,216.59,70,1755,9251,3,16
1784684822.318,real_q8_tensor_220w_none,0,87,11457,212.22,65,1845,9251,3,16
1784684822.318,real_q8_tensor_220w_none,1,87,11457,216.11,69,1770,9251,3,16
1784684822.318,real_q8_tensor_220w_none,2,87,11457,214.45,75,1785,9251,3,16
1784684822.318,real_q8_tensor_220w_none,3,78,11457,216.58,70,1755,9251,3,16
1784684822.888,real_q8_tensor_220w_none,0,100,11457,214.18,66,1845,9251,3,16
1784684822.888,real_q8_tensor_220w_none,1,100,11457,218.24,70,1755,9251,3,16
1784684822.888,real_q8_tensor_220w_none,2,100,11457,217.39,75,1800,9251,3,16
1784684822.888,real_q8_tensor_220w_none,3,100,11457,218.12,70,1755,9251,3,16
1784684823.449,real_q8_tensor_220w_none,0,100,11457,212.97,65,1830,9251,3,16
1784684823.449,real_q8_tensor_220w_none,1,100,11457,216.42,69,1740,9251,3,16
1784684823.449,real_q8_tensor_220w_none,2,100,11457,214.65,74,1770,9251,3,16
1784684823.449,real_q8_tensor_220w_none,3,100,11457,217.37,70,1755,9251,3,16
1784684824.018,real_q8_tensor_220w_none,0,100,11457,212.72,66,1830,9251,3,16
1784684824.018,real_q8_tensor_220w_none,1,100,11457,216.56,70,1740,9251,3,16
1784684824.018,real_q8_tensor_220w_none,2,100,11457,213.60,75,1770,9251,3,16
1784684824.018,real_q8_tensor_220w_none,3,100,11457,217.43,71,1755,9251,3,16
1784684824.586,real_q8_tensor_220w_none,0,100,11457,212.99,66,1845,9251,3,16
1784684824.586,real_q8_tensor_220w_none,1,100,11457,216.17,69,1740,9251,3,16
1784684824.586,real_q8_tensor_220w_none,2,100,11457,213.40,74,1800,9251,3,16
1784684824.586,real_q8_tensor_220w_none,3,100,11457,216.68,71,1755,9251,3,16
1784684825.178,real_q8_tensor_220w_none,0,100,11457,212.97,66,1830,9251,3,16
1784684825.178,real_q8_tensor_220w_none,1,100,11457,216.57,70,1755,9251,3,16
1784684825.178,real_q8_tensor_220w_none,2,100,11457,214.01,75,1785,9251,3,16
1784684825.178,real_q8_tensor_220w_none,3,100,11457,216.50,70,1770,9251,3,16
1784684825.745,real_q8_tensor_220w_none,0,100,11457,215.32,66,1815,9251,3,16
1784684825.745,real_q8_tensor_220w_none,1,100,11457,218.35,70,1725,9251,3,16
1784684825.745,real_q8_tensor_220w_none,2,100,11457,216.98,75,1785,9251,3,16
1784684825.745,real_q8_tensor_220w_none,3,100,11457,218.45,71,1770,9251,3,16
1784684826.309,real_q8_tensor_220w_none,0,95,11457,212.95,65,1815,9251,3,16
1784684826.309,real_q8_tensor_220w_none,1,72,11457,216.88,69,1740,9251,3,16
1784684826.309,real_q8_tensor_220w_none,2,72,11457,215.48,75,1785,9251,3,16
1784684826.309,real_q8_tensor_220w_none,3,100,11457,216.25,70,1770,9251,3,16
1784684826.878,real_q8_tensor_220w_none,0,95,11457,212.37,66,1815,9251,3,16
1784684826.878,real_q8_tensor_220w_none,1,72,11457,216.40,69,1755,9251,3,16
1784684826.878,real_q8_tensor_220w_none,2,72,11457,215.07,75,1770,9251,3,16
1784684826.878,real_q8_tensor_220w_none,3,100,11457,216.18,71,1785,9251,3,16
1784684827.447,real_q8_tensor_220w_none,0,100,11457,214.61,66,1875,9251,3,16
1784684827.447,real_q8_tensor_220w_none,1,100,11457,214.72,70,1815,9251,3,16
1784684827.447,real_q8_tensor_220w_none,2,72,11457,213.34,75,1845,9251,3,16
1784684827.447,real_q8_tensor_220w_none,3,100,11457,218.35,71,1845,9251,3,16
1784684828.015,real_q8_tensor_220w_none,0,100,11457,212.62,66,1845,9251,3,16
1784684828.015,real_q8_tensor_220w_none,1,100,11457,215.61,69,1740,9251,3,16
1784684828.015,real_q8_tensor_220w_none,2,72,11457,214.00,75,1800,9251,3,16
1784684828.015,real_q8_tensor_220w_none,3,100,11457,216.38,71,1755,9251,3,16
1784684828.585,real_q8_tensor_220w_none,0,100,11457,212.77,66,1815,9251,3,16
1784684828.585,real_q8_tensor_220w_none,1,100,11457,218.73,70,1725,9251,3,16
1784684828.585,real_q8_tensor_220w_none,2,100,11457,216.78,75,1785,9251,3,16
1784684828.585,real_q8_tensor_220w_none,3,100,11457,218.26,71,1755,9251,3,16
1784684829.156,real_q8_tensor_220w_none,0,100,11457,213.04,65,1815,9251,3,16
1784684829.156,real_q8_tensor_220w_none,1,100,11457,215.81,70,1770,9251,3,16
1784684829.156,real_q8_tensor_220w_none,2,100,11457,213.78,75,1770,9251,3,16
1784684829.156,real_q8_tensor_220w_none,3,100,11457,216.40,70,1770,9251,3,16
1784684829.725,real_q8_tensor_220w_none,0,100,11457,211.27,66,1830,9251,3,16
1784684829.725,real_q8_tensor_220w_none,1,100,11457,215.47,69,1710,9251,3,16
1784684829.725,real_q8_tensor_220w_none,2,100,11457,214.11,75,1785,9251,3,16
1784684829.725,real_q8_tensor_220w_none,3,100,11457,216.57,71,1755,9251,3,16
1784684830.313,real_q8_tensor_220w_none,0,100,11457,213.42,66,1815,9251,3,16
1784684830.313,real_q8_tensor_220w_none,1,100,11457,216.50,70,1740,9251,3,16
1784684830.313,real_q8_tensor_220w_none,2,100,11457,216.01,75,1770,9251,3,16
1784684830.313,real_q8_tensor_220w_none,3,100,11457,217.81,71,1755,9251,3,16
1784684830.881,real_q8_tensor_220w_none,0,72,11457,209.96,65,1830,9251,3,16
1784684830.881,real_q8_tensor_220w_none,1,72,11457,214.75,69,1740,9251,3,16
1784684830.881,real_q8_tensor_220w_none,2,71,11457,213.50,75,1755,9251,3,16
1784684830.881,real_q8_tensor_220w_none,3,100,11457,215.57,70,1740,9251,3,16
1784684831.454,real_q8_tensor_220w_none,0,72,11457,211.20,66,1815,9251,3,16
1784684831.454,real_q8_tensor_220w_none,1,72,11457,216.57,69,1725,9251,3,16
1784684831.454,real_q8_tensor_220w_none,2,71,11457,215.61,75,1755,9251,3,16
1784684831.454,real_q8_tensor_220w_none,3,100,11457,216.14,71,1755,9251,3,16
1784684832.026,real_q8_tensor_220w_none,0,100,11457,213.59,66,1830,9251,3,16
1784684832.026,real_q8_tensor_220w_none,1,100,11457,218.39,70,1740,9251,3,16
1784684832.026,real_q8_tensor_220w_none,2,100,11457,216.81,75,1785,9251,3,16
1784684832.026,real_q8_tensor_220w_none,3,100,11457,218.75,70,1725,9251,3,16
1784684832.588,real_q8_tensor_220w_none,0,100,11457,211.78,65,1815,9251,3,16
1784684832.588,real_q8_tensor_220w_none,1,100,11457,216.66,69,1710,9251,3,16
1784684832.588,real_q8_tensor_220w_none,2,100,11457,214.29,75,1755,9251,3,16
1784684832.588,real_q8_tensor_220w_none,3,100,11457,216.32,70,1770,9251,3,16
1784684833.159,real_q8_tensor_220w_none,0,100,11457,211.75,66,1800,9251,3,16
1784684833.159,real_q8_tensor_220w_none,1,100,11457,217.99,70,1710,9251,3,16
1784684833.159,real_q8_tensor_220w_none,2,100,11457,217.19,75,1740,9251,3,16
1784684833.159,real_q8_tensor_220w_none,3,100,11457,216.21,71,1740,9251,3,16
1784684833.728,real_q8_tensor_220w_none,0,100,11457,213.94,66,1830,9251,3,16
1784684833.728,real_q8_tensor_220w_none,1,100,11457,216.87,70,1740,9251,3,16
1784684833.728,real_q8_tensor_220w_none,2,100,11457,215.57,75,1785,9251,3,16
1784684833.728,real_q8_tensor_220w_none,3,100,11457,218.05,71,1740,9251,3,16
1784684834.288,real_q8_tensor_220w_none,0,100,11457,211.34,66,1800,9251,3,16
1784684834.288,real_q8_tensor_220w_none,1,74,11457,215.30,69,1725,9251,3,16
1784684834.288,real_q8_tensor_220w_none,2,75,11457,213.08,75,1785,9251,3,16
1784684834.288,real_q8_tensor_220w_none,3,100,11457,216.09,70,1740,9251,3,16
1784684834.883,real_q8_tensor_220w_none,0,100,11457,213.41,66,1800,9251,3,16
1784684834.883,real_q8_tensor_220w_none,1,74,11457,217.86,70,1725,9251,3,16
1784684834.883,real_q8_tensor_220w_none,2,75,11457,216.50,75,1785,9251,3,16
1784684834.883,real_q8_tensor_220w_none,3,100,11457,216.86,71,1725,9251,3,16
1784684835.480,real_q8_tensor_220w_none,0,100,11457,213.73,66,1905,9251,3,16
1784684835.480,real_q8_tensor_220w_none,1,83,11457,215.26,69,1860,9251,3,16
1784684835.480,real_q8_tensor_220w_none,2,84,11457,214.55,74,1830,9251,3,16
1784684835.480,real_q8_tensor_220w_none,3,100,11457,214.76,71,1875,9251,3,16
1784684836.048,real_q8_tensor_220w_none,0,100,11457,211.87,66,1800,9251,3,16
1784684836.048,real_q8_tensor_220w_none,1,83,11457,215.56,69,1725,9251,3,16
1784684836.048,real_q8_tensor_220w_none,2,84,11457,213.84,75,1785,9251,3,16
1784684836.048,real_q8_tensor_220w_none,3,100,11457,215.22,71,1740,9251,3,16
1784684836.617,real_q8_tensor_220w_none,0,100,11457,214.04,66,1830,9251,3,16
1784684836.617,real_q8_tensor_220w_none,1,100,11457,217.25,69,1740,9251,3,16
1784684836.617,real_q8_tensor_220w_none,2,100,11457,215.05,75,1755,9251,3,16
1784684836.617,real_q8_tensor_220w_none,3,100,11457,217.00,71,1740,9251,3,16
1784684837.186,real_q8_tensor_220w_none,0,100,11457,210.62,66,1890,9251,3,16
1784684837.186,real_q8_tensor_220w_none,1,100,11457,217.07,69,1755,9251,3,16
1784684837.186,real_q8_tensor_220w_none,2,100,11457,216.04,74,1860,9251,3,16
1784684837.186,real_q8_tensor_220w_none,3,100,11457,213.61,70,1875,9251,3,16
1784684837.776,real_q8_tensor_220w_none,0,72,11457,211.60,66,1800,9251,3,16
1784684837.776,real_q8_tensor_220w_none,1,100,11457,215.34,69,1710,9251,3,16
1784684837.776,real_q8_tensor_220w_none,2,100,11457,214.52,75,1740,9251,3,16
1784684837.776,real_q8_tensor_220w_none,3,83,11457,215.30,70,1725,9251,3,16
1784684838.346,real_q8_tensor_220w_none,0,72,11457,214.28,66,1800,9251,3,16
1784684838.346,real_q8_tensor_220w_none,1,100,11457,217.32,70,1740,9251,3,16
1784684838.346,real_q8_tensor_220w_none,2,100,11457,217.80,75,1755,9251,3,16
1784684838.346,real_q8_tensor_220w_none,3,83,11457,218.78,71,1755,9251,3,16
1784684838.937,real_q8_tensor_220w_none,0,97,11457,213.18,66,1905,9251,3,16
1784684838.937,real_q8_tensor_220w_none,1,100,11457,216.67,70,1860,9251,3,16
1784684838.937,real_q8_tensor_220w_none,2,100,11457,213.35,75,1845,9251,3,16
1784684838.937,real_q8_tensor_220w_none,3,88,11457,217.28,70,1875,9251,3,16
1784684839.506,real_q8_tensor_220w_none,0,97,11457,210.63,66,1800,9251,3,16
1784684839.506,real_q8_tensor_220w_none,1,100,11457,214.40,69,1695,9251,3,16
1784684839.506,real_q8_tensor_220w_none,2,100,11457,212.88,75,1740,9251,3,16
1784684839.506,real_q8_tensor_220w_none,3,88,11457,214.87,70,1725,9251,3,16
1784684840.079,real_q8_tensor_220w_none,0,100,11457,210.93,66,1800,9251,3,16
1784684840.079,real_q8_tensor_220w_none,1,100,11457,218.08,70,1710,9251,3,16
1784684840.079,real_q8_tensor_220w_none,2,100,11457,216.32,75,1740,9251,3,16
1784684840.079,real_q8_tensor_220w_none,3,100,11457,216.90,71,1755,9251,3,16
1784684840.650,real_q8_tensor_220w_none,0,100,11457,214.29,66,1875,9251,3,16
1784684840.650,real_q8_tensor_220w_none,1,100,11457,217.13,68,1875,9251,3,16
1784684840.650,real_q8_tensor_220w_none,2,100,11457,214.93,74,1815,9251,3,16
1784684840.650,real_q8_tensor_220w_none,3,100,11457,218.06,71,1875,9251,3,16
1784684841.244,real_q8_tensor_220w_none,0,78,11457,211.62,66,1815,9251,3,16
1784684841.244,real_q8_tensor_220w_none,1,100,11457,215.72,70,1710,9251,3,16
1784684841.244,real_q8_tensor_220w_none,2,100,11457,212.32,75,1770,9251,3,16
1784684841.244,real_q8_tensor_220w_none,3,86,11457,216.50,71,1710,9251,3,16
1784684841.817,real_q8_tensor_220w_none,0,100,11457,213.76,66,1785,9251,3,16
1784684841.817,real_q8_tensor_220w_none,1,83,11457,217.08,70,1710,9251,3,16
1784684841.817,real_q8_tensor_220w_none,2,98,11457,214.69,75,1755,9251,3,16
1784684841.817,real_q8_tensor_220w_none,3,100,11457,218.61,71,1740,9251,3,16
1784684842.411,real_q8_tensor_220w_none,0,100,11457,213.13,66,1875,9251,3,16
1784684842.411,real_q8_tensor_220w_none,1,100,11457,217.50,70,1860,9251,3,16
1784684842.411,real_q8_tensor_220w_none,2,100,11457,216.14,75,1830,9251,3,16
1784684842.411,real_q8_tensor_220w_none,3,100,11457,218.10,70,1860,9251,3,16
1784684843.002,real_q8_tensor_220w_none,0,100,11457,211.52,66,1800,9251,3,16
1784684843.002,real_q8_tensor_220w_none,1,100,11457,216.10,70,1695,9251,3,16
1784684843.002,real_q8_tensor_220w_none,2,100,11457,214.57,75,1770,9251,3,16
1784684843.002,real_q8_tensor_220w_none,3,100,11457,215.56,71,1725,9251,3,16
1784684843.575,real_q8_tensor_220w_none,0,100,11457,211.37,66,1800,9251,3,16
1784684843.575,real_q8_tensor_220w_none,1,100,11457,219.16,70,1725,9251,3,16
1784684843.575,real_q8_tensor_220w_none,2,100,11457,217.94,75,1740,9251,3,16
1784684843.575,real_q8_tensor_220w_none,3,100,11457,217.58,71,1755,9251,3,16
1784684844.146,real_q8_tensor_220w_none,0,100,11457,213.98,66,1800,9251,3,16
1784684844.146,real_q8_tensor_220w_none,1,100,11457,217.05,70,1710,9251,3,16
1784684844.146,real_q8_tensor_220w_none,2,100,11457,215.90,75,1755,9251,3,16
1784684844.146,real_q8_tensor_220w_none,3,100,11457,216.43,71,1710,9251,3,16
1784684844.715,real_q8_tensor_220w_none,0,66,11457,210.29,66,1785,9251,3,16
1784684844.715,real_q8_tensor_220w_none,1,70,11457,214.01,69,1680,9251,3,16
1784684844.715,real_q8_tensor_220w_none,2,70,11457,212.16,74,1710,9251,3,16
1784684844.715,real_q8_tensor_220w_none,3,100,11457,214.49,71,1695,9251,3,16
1784684845.307,real_q8_tensor_220w_none,0,83,11457,211.43,66,1785,9251,3,16
1784684845.307,real_q8_tensor_220w_none,1,83,11457,214.52,70,1695,9251,3,16
1784684845.307,real_q8_tensor_220w_none,2,83,11457,216.02,75,1740,9251,3,16
1784684845.307,real_q8_tensor_220w_none,3,100,11457,217.48,71,1710,9251,3,16
1784684845.907,real_q8_tensor_220w_none,0,100,11457,212.55,66,1785,9251,3,16
1784684845.907,real_q8_tensor_220w_none,1,100,11457,216.35,70,1695,9251,3,16
1784684845.907,real_q8_tensor_220w_none,2,100,11457,215.78,75,1740,9251,3,16
1784684845.907,real_q8_tensor_220w_none,3,100,11457,216.68,71,1710,9251,3,16
1784684846.497,real_q8_tensor_220w_none,0,100,11457,210.14,66,1770,9251,3,16
1784684846.497,real_q8_tensor_220w_none,1,100,11457,213.37,69,1710,9251,3,16
1784684846.497,real_q8_tensor_220w_none,2,100,11457,211.93,74,1740,9251,3,16
1784684846.497,real_q8_tensor_220w_none,3,66,11457,214.39,71,1755,9251,3,16
1784684847.066,real_q8_tensor_220w_none,0,99,11457,210.36,66,1785,9251,3,16
1784684847.066,real_q8_tensor_220w_none,1,100,11457,215.27,70,1695,9251,3,16
1784684847.066,real_q8_tensor_220w_none,2,100,11457,213.91,75,1740,9251,3,16
1784684847.066,real_q8_tensor_220w_none,3,66,11457,214.45,71,1710,9251,3,16
1784684847.637,real_q8_tensor_220w_none,0,99,11457,212.92,66,1785,9251,3,16
1784684847.637,real_q8_tensor_220w_none,1,100,11457,217.38,70,1695,9251,3,16
1784684847.637,real_q8_tensor_220w_none,2,100,11457,215.91,75,1755,9251,3,16
1784684847.637,real_q8_tensor_220w_none,3,100,11457,216.45,71,1710,9251,3,16
1784684848.205,real_q8_tensor_220w_none,0,100,11457,214.15,66,1830,9251,3,16
1784684848.205,real_q8_tensor_220w_none,1,100,11457,216.89,70,1815,9251,3,16
1784684848.205,real_q8_tensor_220w_none,2,100,11457,216.36,75,1815,9251,3,16
1784684848.205,real_q8_tensor_220w_none,3,100,11457,216.63,71,1710,9251,3,16
1784684848.790,real_q8_tensor_220w_none,0,83,11457,211.94,65,1815,9251,3,16
1784684848.790,real_q8_tensor_220w_none,1,100,11457,214.68,70,1725,9251,3,16
1784684848.790,real_q8_tensor_220w_none,2,83,11457,213.57,75,1725,9251,3,16
1784684848.790,real_q8_tensor_220w_none,3,100,11457,214.43,70,1725,9251,3,16
1784684849.363,real_q8_tensor_220w_none,0,100,11457,211.93,66,1785,9251,3,16
1784684849.363,real_q8_tensor_220w_none,1,100,11457,217.67,70,1710,9251,3,16
1784684849.363,real_q8_tensor_220w_none,2,100,11457,216.37,75,1725,9251,3,16
1784684849.363,real_q8_tensor_220w_none,3,100,11457,214.26,71,1710,9251,3,16
1784684849.934,real_q8_tensor_220w_none,0,100,11457,215.22,66,1815,9251,3,16
1784684849.934,real_q8_tensor_220w_none,1,100,11457,216.03,70,1725,9251,3,16
1784684849.934,real_q8_tensor_220w_none,2,100,11457,215.25,75,1725,9251,3,16
1784684849.934,real_q8_tensor_220w_none,3,100,11457,216.31,71,1740,9251,3,16
1784684850.502,real_q8_tensor_220w_none,0,85,11457,213.29,64,1890,9251,3,16
1784684850.502,real_q8_tensor_220w_none,1,100,11457,217.41,70,1845,9251,3,16
1784684850.502,real_q8_tensor_220w_none,2,100,11457,216.04,75,1860,9251,3,16
1784684850.502,real_q8_tensor_220w_none,3,100,11457,214.67,69,1875,9251,3,16
1784684851.092,real_q8_tensor_220w_none,0,85,11457,211.42,66,1770,9251,3,16
1784684851.092,real_q8_tensor_220w_none,1,100,11457,216.86,70,1665,9251,3,16
1784684851.092,real_q8_tensor_220w_none,2,100,11457,215.60,75,1740,9251,3,16
1784684851.092,real_q8_tensor_220w_none,3,100,11457,214.42,70,1710,9251,3,16
1784684851.715,real_q8_tensor_220w_none,0,100,11457,214.79,66,1800,9251,3,16
1784684851.715,real_q8_tensor_220w_none,1,100,11457,215.52,70,1740,9251,3,16
1784684851.715,real_q8_tensor_220w_none,2,100,11457,214.50,75,1725,9251,3,16
1784684851.715,real_q8_tensor_220w_none,3,100,11457,216.15,71,1725,9251,3,16
1784684852.313,real_q8_tensor_220w_none,0,100,11457,214.60,65,1905,9251,3,16
1784684852.313,real_q8_tensor_220w_none,1,100,11457,211.65,70,1860,9251,3,16
1784684852.313,real_q8_tensor_220w_none,2,82,11457,210.85,75,1860,9251,3,16
1784684852.313,real_q8_tensor_220w_none,3,99,11457,216.21,70,1845,9251,3,16
1784684852.906,real_q8_tensor_220w_none,0,94,11457,210.31,66,1770,9251,3,16
1784684852.906,real_q8_tensor_220w_none,1,65,11457,213.84,70,1680,9251,3,16
1784684852.906,real_q8_tensor_220w_none,2,64,11457,212.62,75,1725,9251,3,16
1784684852.906,real_q8_tensor_220w_none,3,99,11457,214.18,71,1695,9251,3,16
1784684853.495,real_q8_tensor_220w_none,0,94,11457,213.57,66,1815,9251,3,16
1784684853.495,real_q8_tensor_220w_none,1,65,11457,218.38,70,1725,9251,3,16
1784684853.495,real_q8_tensor_220w_none,2,64,11457,215.44,75,1725,9251,3,16
1784684853.495,real_q8_tensor_220w_none,3,100,11457,216.51,71,1725,9251,3,16
1784684854.085,real_q8_tensor_220w_none,0,100,11457,214.27,66,1770,9251,3,16
1784684854.085,real_q8_tensor_220w_none,1,100,11457,216.60,70,1680,9251,3,16
1784684854.085,real_q8_tensor_220w_none,2,100,11457,214.53,75,1710,9251,3,16
1784684854.085,real_q8_tensor_220w_none,3,100,11457,216.40,71,1725,9251,3,16
1784684854.678,real_q8_tensor_220w_none,0,100,11457,213.25,66,1755,9251,3,16
1784684854.678,real_q8_tensor_220w_none,1,100,11457,211.82,69,1665,9251,3,16
1784684854.678,real_q8_tensor_220w_none,2,100,11457,210.45,74,1710,9251,3,16
1784684854.678,real_q8_tensor_220w_none,3,100,11457,213.20,70,1680,9251,3,16
1784684855.247,real_q8_tensor_220w_none,0,100,11457,213.57,66,1815,9251,3,16
1784684855.247,real_q8_tensor_220w_none,1,100,11457,213.50,70,1740,9251,3,16
1784684855.247,real_q8_tensor_220w_none,2,100,11457,212.28,75,1725,9251,3,16
1784684855.247,real_q8_tensor_220w_none,3,96,11457,216.56,71,1740,9251,3,16
1784684855.886,real_q8_tensor_220w_none,0,100,11457,212.95,66,1755,9251,3,16
1784684855.886,real_q8_tensor_220w_none,1,100,11457,214.35,70,1740,9251,3,16
1784684855.886,real_q8_tensor_220w_none,2,100,11457,213.73,75,1725,9251,3,16
1784684855.886,real_q8_tensor_220w_none,3,100,11457,215.92,71,1755,9251,3,16
1784684856.481,real_q8_tensor_220w_none,0,79,11457,211.01,66,1875,9251,3,16
1784684856.481,real_q8_tensor_220w_none,1,100,11457,214.95,70,1860,9251,3,16
1784684856.481,real_q8_tensor_220w_none,2,100,11457,214.45,75,1845,9251,3,16
1784684856.481,real_q8_tensor_220w_none,3,100,11457,213.34,69,1860,9251,3,16
1784684857.086,real_q8_tensor_220w_none,0,79,11457,209.50,66,1815,9251,3,16
1784684857.086,real_q8_tensor_220w_none,1,100,11457,216.30,70,1725,9251,3,16
1784684857.086,real_q8_tensor_220w_none,2,100,11457,215.62,75,1710,9251,3,16
1784684857.086,real_q8_tensor_220w_none,3,100,11457,213.35,71,1740,9251,3,16
1784684857.703,real_q8_tensor_220w_none,0,100,11457,212.64,66,1815,9251,3,16
1784684857.703,real_q8_tensor_220w_none,1,100,11457,214.98,70,1725,9251,3,16
1784684857.703,real_q8_tensor_220w_none,2,100,11457,214.36,75,1710,9251,3,16
1784684857.703,real_q8_tensor_220w_none,3,100,11457,215.71,71,1725,9251,3,16
1784684858.300,real_q8_tensor_220w_none,0,100,11457,213.06,66,1755,9251,3,16
1784684858.300,real_q8_tensor_220w_none,1,100,11457,215.21,70,1695,9251,3,16
1784684858.300,real_q8_tensor_220w_none,2,100,11457,214.24,75,1710,9251,3,16
1784684858.300,real_q8_tensor_220w_none,3,100,11457,215.50,71,1740,9251,3,16
1784684858.872,real_q8_tensor_220w_none,0,100,11457,212.90,66,1905,9251,3,16
1784684858.872,real_q8_tensor_220w_none,1,72,11457,212.67,69,1890,9251,3,16
1784684858.872,real_q8_tensor_220w_none,2,72,11457,210.06,73,1845,9251,3,16
1784684858.872,real_q8_tensor_220w_none,3,100,11457,212.73,70,1905,9251,3,16
1784684859.439,real_q8_tensor_220w_none,0,100,11457,209.34,66,1800,9251,3,16
1784684859.439,real_q8_tensor_220w_none,1,72,11457,212.95,70,1695,9251,3,16
1784684859.439,real_q8_tensor_220w_none,2,72,11457,210.78,75,1740,9251,3,16
1784684859.439,real_q8_tensor_220w_none,3,73,11457,213.35,70,1680,9251,3,16
1784684860.010,real_q8_tensor_220w_none,0,100,11457,213.24,66,1785,9251,3,16
1784684860.010,real_q8_tensor_220w_none,1,100,11457,215.35,70,1725,9251,3,16
1784684860.010,real_q8_tensor_220w_none,2,100,11457,213.91,75,1710,9251,3,16
1784684860.010,real_q8_tensor_220w_none,3,73,11457,215.53,71,1740,9251,3,16
1784684860.578,real_q8_tensor_220w_none,0,100,11457,212.02,66,1800,9251,3,16
1784684860.578,real_q8_tensor_220w_none,1,100,11457,214.57,70,1665,9251,3,16
1784684860.578,real_q8_tensor_220w_none,2,100,11457,213.22,75,1725,9251,3,16
1784684860.578,real_q8_tensor_220w_none,3,100,11457,213.60,70,1680,9251,3,16
1784684861.151,real_q8_tensor_220w_none,0,100,11457,212.16,66,1800,9251,3,16
1784684861.151,real_q8_tensor_220w_none,1,100,11457,213.76,70,1725,9251,3,16
1784684861.151,real_q8_tensor_220w_none,2,100,11457,212.46,75,1695,9251,3,16
1784684861.151,real_q8_tensor_220w_none,3,100,11457,213.78,71,1725,9251,3,16
1784684861.720,real_q8_tensor_220w_none,0,100,11457,210.49,65,1755,9251,3,16
1784684861.720,real_q8_tensor_220w_none,1,100,11457,212.33,70,1650,9251,3,16
1784684861.720,real_q8_tensor_220w_none,2,100,11457,210.35,75,1770,9251,3,16
1784684861.720,real_q8_tensor_220w_none,3,72,11457,211.71,69,1665,9251,3,16
1784684862.318,real_q8_tensor_220w_none,0,80,11457,209.53,66,1785,9251,3,16
1784684862.318,real_q8_tensor_220w_none,1,100,11457,216.05,69,1665,9251,3,16
1784684862.318,real_q8_tensor_220w_none,2,85,11457,215.02,75,1695,9251,3,16
1784684862.318,real_q8_tensor_220w_none,3,100,11457,213.07,70,1680,9251,3,16
1784684862.914,real_q8_tensor_220w_none,0,100,11457,211.60,66,1755,9251,3,16
1784684862.914,real_q8_tensor_220w_none,1,100,11457,214.21,70,1650,9251,3,16
1784684862.914,real_q8_tensor_220w_none,2,100,11457,213.43,75,1710,9251,3,16
1784684862.914,real_q8_tensor_220w_none,3,100,11457,214.64,71,1665,9251,3,16
1784684863.485,real_q8_tensor_220w_none,0,100,11457,212.44,66,1755,9251,3,16
1784684863.485,real_q8_tensor_220w_none,1,100,11457,214.86,70,1725,9251,3,16
1784684863.485,real_q8_tensor_220w_none,2,100,11457,212.73,75,1710,9251,3,16
1784684863.485,real_q8_tensor_220w_none,3,100,11457,214.23,71,1740,9251,3,16
1784684864.053,real_q8_tensor_220w_none,0,100,11457,211.99,66,1755,9251,3,16
1784684864.053,real_q8_tensor_220w_none,1,100,11457,214.57,70,1710,9251,3,16
1784684864.053,real_q8_tensor_220w_none,2,100,11457,213.59,75,1695,9251,3,16
1784684864.053,real_q8_tensor_220w_none,3,100,11457,215.65,71,1740,9251,3,16
1784684864.615,real_q8_tensor_220w_none,0,100,11457,207.59,65,1725,9251,3,16
1784684864.615,real_q8_tensor_220w_none,1,90,11457,211.58,69,1665,9251,3,16
1784684864.615,real_q8_tensor_220w_none,2,100,11457,209.92,73,1695,9251,3,16
1784684864.615,real_q8_tensor_220w_none,3,61,11457,211.35,70,1695,9251,3,16
1784684865.207,real_q8_tensor_220w_none,0,100,11457,212.25,66,1800,9251,3,16
1784684865.207,real_q8_tensor_220w_none,1,90,11457,212.48,69,1695,9251,3,16
1784684865.207,real_q8_tensor_220w_none,2,90,11457,210.43,75,1680,9251,3,16
1784684865.207,real_q8_tensor_220w_none,3,61,11457,215.92,70,1665,9251,3,16
1784684865.777,real_q8_tensor_220w_none,0,80,11457,212.62,66,1785,9251,3,16
1784684865.777,real_q8_tensor_220w_none,1,100,11457,214.79,70,1665,9251,3,16
1784684865.777,real_q8_tensor_220w_none,2,100,11457,213.34,75,1755,9251,3,16
1784684865.777,real_q8_tensor_220w_none,3,100,11457,215.11,71,1665,9251,3,16
1784684866.347,real_q8_tensor_220w_none,0,100,11457,211.59,66,1740,9251,3,16
1784684866.347,real_q8_tensor_220w_none,1,100,11457,214.80,70,1665,9251,3,16
1784684866.347,real_q8_tensor_220w_none,2,100,11457,212.67,75,1740,9251,3,16
1784684866.347,real_q8_tensor_220w_none,3,100,11457,214.93,71,1665,9251,3,16
1784684866.916,real_q8_tensor_220w_none,0,100,11457,211.65,66,1740,9251,3,16
1784684866.916,real_q8_tensor_220w_none,1,100,11457,214.47,70,1620,9251,3,16
1784684866.916,real_q8_tensor_220w_none,2,100,11457,212.62,75,1695,9251,3,16
1784684866.916,real_q8_tensor_220w_none,3,100,11457,214.46,70,1680,9251,3,16
1784684867.481,real_q8_tensor_220w_none,0,100,11457,208.56,66,1905,9251,3,16
1784684867.481,real_q8_tensor_220w_none,1,100,11457,212.47,68,1830,9251,3,16
1784684867.481,real_q8_tensor_220w_none,2,80,11457,210.59,73,1875,9251,3,16
1784684867.481,real_q8_tensor_220w_none,3,100,11457,211.97,71,1875,9251,3,16
1784684868.047,real_q8_tensor_220w_none,0,100,11457,208.99,66,1800,9251,3,16
1784684868.047,real_q8_tensor_220w_none,1,96,11457,212.84,68,1695,9251,3,16
1784684868.047,real_q8_tensor_220w_none,2,80,11457,211.14,73,1680,9251,3,16
1784684868.047,real_q8_tensor_220w_none,3,60,11457,212.60,70,1680,9251,3,16
1784684868.616,real_q8_tensor_220w_none,0,100,11457,212.30,66,1740,9251,3,16
1784684868.616,real_q8_tensor_220w_none,1,96,11457,214.34,69,1635,9251,3,16
1784684868.616,real_q8_tensor_220w_none,2,100,11457,212.47,75,1695,9251,3,16
1784684868.616,real_q8_tensor_220w_none,3,60,11457,214.85,70,1665,9251,3,16
1784684869.184,real_q8_tensor_220w_none,0,100,11457,211.58,66,1740,9251,3,16
1784684869.184,real_q8_tensor_220w_none,1,100,11457,214.38,70,1725,9251,3,16
1784684869.184,real_q8_tensor_220w_none,2,100,11457,212.43,75,1665,9251,3,16
1784684869.184,real_q8_tensor_220w_none,3,100,11457,214.79,70,1710,9251,3,16
1784684869.753,real_q8_tensor_220w_none,0,100,11457,212.59,66,1725,9251,3,16
1784684869.753,real_q8_tensor_220w_none,1,100,11457,214.66,70,1635,9251,3,16
1784684869.753,real_q8_tensor_220w_none,2,100,11457,212.98,75,1755,9251,3,16
1784684869.753,real_q8_tensor_220w_none,3,100,11457,214.88,71,1680,9251,3,16
1784684870.321,real_q8_tensor_220w_none,0,100,11457,211.85,66,1725,9251,3,16
1784684870.321,real_q8_tensor_220w_none,1,100,11457,214.13,70,1725,9251,3,16
1784684870.321,real_q8_tensor_220w_none,2,100,11457,212.08,75,1665,9251,3,16
1784684870.321,real_q8_tensor_220w_none,3,100,11457,214.87,71,1710,9251,3,16
1784684870.886,real_q8_tensor_220w_none,0,58,11457,207.16,66,1905,9251,3,16
1784684870.886,real_q8_tensor_220w_none,1,100,11457,212.50,68,1875,9251,3,16
1784684870.886,real_q8_tensor_220w_none,2,81,11457,211.12,73,1845,9251,3,16
1784684870.886,real_q8_tensor_220w_none,3,59,11457,210.60,71,1890,9251,3,16
1784684871.454,real_q8_tensor_220w_none,0,58,11457,207.89,65,1785,9251,3,16
1784684871.454,real_q8_tensor_220w_none,1,81,11457,211.42,69,1710,9251,3,16
1784684871.454,real_q8_tensor_220w_none,2,81,11457,210.91,74,1710,9251,3,16
1784684871.454,real_q8_tensor_220w_none,3,59,11457,215.63,70,1725,9251,3,16
1784684872.042,real_q8_tensor_220w_none,0,100,11457,213.02,66,1800,9251,3,16
1784684872.042,real_q8_tensor_220w_none,1,95,11457,214.26,69,1710,9251,3,16
1784684872.042,real_q8_tensor_220w_none,2,100,11457,213.31,74,1740,9251,3,16
1784684872.042,real_q8_tensor_220w_none,3,100,11457,213.96,70,1710,9251,3,16
1784684872.641,real_q8_tensor_220w_none,0,100,11457,211.75,66,1800,9251,3,16
1784684872.641,real_q8_tensor_220w_none,1,100,11457,214.35,70,1695,9251,3,16
1784684872.641,real_q8_tensor_220w_none,2,99,11457,212.96,74,1665,9251,3,16
1784684872.641,real_q8_tensor_220w_none,3,79,11457,214.32,71,1665,9251,3,16
1784684873.236,real_q8_tensor_220w_none,0,100,11457,211.28,66,1725,9251,3,16
1784684873.236,real_q8_tensor_220w_none,1,100,11457,213.95,70,1710,9251,3,16
1784684873.236,real_q8_tensor_220w_none,2,100,11457,212.51,75,1665,9251,3,16
1784684873.236,real_q8_tensor_220w_none,3,100,11457,214.66,71,1725,9251,3,16
1784684873.805,real_q8_tensor_220w_none,0,98,11457,211.01,66,1770,9251,3,16
1784684873.805,real_q8_tensor_220w_none,1,100,11457,213.54,70,1785,9251,3,16
1784684873.805,real_q8_tensor_220w_none,2,100,11457,212.40,75,1755,9251,3,16
1784684873.805,real_q8_tensor_220w_none,3,100,11457,212.93,70,1800,9251,3,16
1784684874.365,real_q8_tensor_220w_none,0,62,11457,208.84,65,1725,9251,3,16
1784684874.365,real_q8_tensor_220w_none,1,100,11457,210.24,70,1620,9251,3,16
1784684874.365,real_q8_tensor_220w_none,2,58,11457,208.44,74,1710,9251,3,16
1784684874.365,real_q8_tensor_220w_none,3,76,11457,211.93,70,1650,9251,3,16
1784684874.953,real_q8_tensor_220w_none,0,62,11457,208.40,66,1770,9251,3,16
1784684874.953,real_q8_tensor_220w_none,1,100,11457,215.43,70,1650,9251,3,16
1784684874.953,real_q8_tensor_220w_none,2,58,11457,213.86,74,1740,9251,3,16
1784684874.953,real_q8_tensor_220w_none,3,76,11457,212.59,70,1680,9251,3,16
1784684875.522,real_q8_tensor_220w_none,0,100,11457,211.38,65,1785,9251,3,16
1784684875.522,real_q8_tensor_220w_none,1,100,11457,214.81,69,1665,9251,3,16
1784684875.522,real_q8_tensor_220w_none,2,100,11457,213.29,74,1710,9251,3,16
1784684875.522,real_q8_tensor_220w_none,3,100,11457,214.63,70,1650,9251,3,16
1784684876.090,real_q8_tensor_220w_none,0,100,11457,210.33,66,1785,9251,3,16
1784684876.090,real_q8_tensor_220w_none,1,100,11457,213.10,70,1680,9251,3,16
1784684876.090,real_q8_tensor_220w_none,2,100,11457,211.68,74,1740,9251,3,16
1784684876.090,real_q8_tensor_220w_none,3,100,11457,214.17,70,1665,9251,3,16
1784684876.659,real_q8_tensor_220w_none,0,100,11457,211.03,66,1770,9251,3,16
1784684876.659,real_q8_tensor_220w_none,1,100,11457,212.08,70,1620,9251,3,16
1784684876.659,real_q8_tensor_220w_none,2,100,11457,210.78,75,1725,9251,3,16
1784684876.659,real_q8_tensor_220w_none,3,100,11457,213.65,70,1650,9251,3,16
1784684877.250,real_q8_tensor_220w_none,0,100,11457,212.11,66,1725,9251,3,16
1784684877.250,real_q8_tensor_220w_none,1,100,11457,213.61,70,1635,9251,3,16
1784684877.250,real_q8_tensor_220w_none,2,100,11457,211.98,75,1755,9251,3,16
1784684877.250,real_q8_tensor_220w_none,3,100,11457,213.86,70,1665,9251,3,16
1784684877.813,real_q8_tensor_220w_none,0,87,11457,210.02,64,1905,9251,3,16
1784684877.813,real_q8_tensor_220w_none,1,78,11457,209.85,70,1590,9251,3,16
1784684877.813,real_q8_tensor_220w_none,2,56,11457,207.77,75,1875,9251,3,16
1784684877.813,real_q8_tensor_220w_none,3,72,11457,211.87,69,1665,9251,3,16
1784684878.404,real_q8_tensor_220w_none,0,87,11457,209.10,65,1725,9251,3,16
1784684878.404,real_q8_tensor_220w_none,1,56,11457,209.61,69,1620,9251,3,16
1784684878.404,real_q8_tensor_220w_none,2,56,11457,207.71,74,1710,9251,3,16
1784684878.404,real_q8_tensor_220w_none,3,72,11457,213.39,70,1650,9251,3,16
1784684878.972,real_q8_tensor_220w_none,0,65,11457,209.34,65,1725,9251,3,16
1784684878.972,real_q8_tensor_220w_none,1,56,11457,213.06,70,1620,9251,3,16
1784684878.972,real_q8_tensor_220w_none,2,100,11457,211.54,75,1665,9251,3,16
1784684878.972,real_q8_tensor_220w_none,3,100,11457,214.57,70,1650,9251,3,16
1784684879.541,real_q8_tensor_220w_none,0,65,11457,211.59,66,1725,9251,3,16
1784684879.541,real_q8_tensor_220w_none,1,100,11457,213.64,70,1650,9251,3,16
1784684879.541,real_q8_tensor_220w_none,2,100,11457,211.93,74,1665,9251,3,16
1784684879.541,real_q8_tensor_220w_none,3,100,11457,215.15,70,1710,9251,3,16
1784684880.109,real_q8_tensor_220w_none,0,100,11457,212.08,66,1785,9251,3,16
1784684880.109,real_q8_tensor_220w_none,1,100,11457,214.30,69,1680,9251,3,16
1784684880.109,real_q8_tensor_220w_none,2,100,11457,211.56,75,1740,9251,3,16
1784684880.109,real_q8_tensor_220w_none,3,100,11457,214.94,70,1665,9251,3,16
1784684880.703,real_q8_tensor_220w_none,0,100,11457,211.46,66,1770,9251,3,16
1784684880.703,real_q8_tensor_220w_none,1,100,11457,213.43,70,1710,9251,3,16
1784684880.703,real_q8_tensor_220w_none,2,100,11457,211.69,75,1665,9251,3,16
1784684880.703,real_q8_tensor_220w_none,3,100,11457,213.75,70,1725,9251,3,16
1784684881.295,real_q8_tensor_220w_none,0,100,11457,210.61,66,1800,9251,3,16
1784684881.295,real_q8_tensor_220w_none,1,100,11457,212.83,70,1680,9251,3,16
1784684881.295,real_q8_tensor_220w_none,2,100,11457,211.28,75,1770,9251,3,16
1784684881.295,real_q8_tensor_220w_none,3,100,11457,213.97,71,1665,9251,3,16
1784684881.877,real_q8_tensor_220w_none,0,100,11457,207.04,66,1905,9251,3,16
1784684881.877,real_q8_tensor_220w_none,1,70,11457,210.54,68,1620,9251,3,16
1784684881.877,real_q8_tensor_220w_none,2,100,11457,208.96,73,1875,9251,3,16
1784684881.877,real_q8_tensor_220w_none,3,100,11457,211.22,70,1695,9251,3,16
1784684882.446,real_q8_tensor_220w_none,0,56,11457,205.90,65,1725,9251,3,16
1784684882.446,real_q8_tensor_220w_none,1,78,11457,214.08,68,1635,9251,3,16
1784684882.446,real_q8_tensor_220w_none,2,77,11457,212.77,74,1680,9251,3,16
1784684882.446,real_q8_tensor_220w_none,3,55,11457,210.56,70,1665,9251,3,16
1784684883.022,real_q8_tensor_220w_none,0,56,11457,211.26,65,1710,9251,3,16
1784684883.022,real_q8_tensor_220w_none,1,100,11457,213.28,69,1605,9251,3,16
1784684883.022,real_q8_tensor_220w_none,2,77,11457,211.92,74,1665,9251,3,16
1784684883.022,real_q8_tensor_220w_none,3,55,11457,213.57,70,1650,9251,3,16
1784684883.614,real_q8_tensor_220w_none,0,100,11457,211.74,66,1770,9251,3,16
1784684883.614,real_q8_tensor_220w_none,1,100,11457,213.37,70,1620,9251,3,16
1784684883.614,real_q8_tensor_220w_none,2,100,11457,211.94,75,1695,9251,3,16
1784684883.614,real_q8_tensor_220w_none,3,100,11457,213.33,70,1650,9251,3,16
1784684884.185,real_q8_tensor_220w_none,0,100,11457,212.20,65,1710,9251,3,16
1784684884.185,real_q8_tensor_220w_none,1,100,11457,213.04,70,1620,9251,3,16
1784684884.185,real_q8_tensor_220w_none,2,100,11457,211.21,75,1725,9251,3,16
1784684884.185,real_q8_tensor_220w_none,3,100,11457,213.75,70,1650,9251,3,16
1784684884.755,real_q8_tensor_220w_none,0,100,11457,211.53,66,1710,9251,3,16
1784684884.755,real_q8_tensor_220w_none,1,100,11457,212.91,70,1665,9251,3,16
1784684884.755,real_q8_tensor_220w_none,2,100,11457,211.82,75,1665,9251,3,16
1784684884.755,real_q8_tensor_220w_none,3,100,11457,213.93,71,1650,9251,3,16
1784684885.326,real_q8_tensor_220w_none,0,100,11457,210.41,66,1710,9251,3,16
1784684885.326,real_q8_tensor_220w_none,1,100,11457,212.44,70,1590,9251,3,16
1784684885.326,real_q8_tensor_220w_none,2,100,11457,211.49,75,1665,9251,3,16
1784684885.326,real_q8_tensor_220w_none,3,100,11457,214.15,71,1650,9251,3,16
1784684885.899,real_q8_tensor_220w_none,0,100,11457,209.48,66,1785,9251,3,16
1784684885.899,real_q8_tensor_220w_none,1,100,11457,212.35,70,1665,9251,3,16
1784684885.899,real_q8_tensor_220w_none,2,100,11457,210.66,75,1740,9251,3,16
1784684885.899,real_q8_tensor_220w_none,3,100,11457,213.71,70,1665,9251,3,16
1784684886.461,real_q8_tensor_220w_none,0,100,11457,210.69,66,1905,9251,3,16
1784684886.461,real_q8_tensor_220w_none,1,77,11457,209.66,68,1875,9251,3,16
1784684886.461,real_q8_tensor_220w_none,2,100,11457,208.26,73,1830,9251,3,16
1784684886.461,real_q8_tensor_220w_none,3,100,11457,213.16,70,1875,9251,3,16
1784684887.030,real_q8_tensor_220w_none,0,55,11457,205.89,64,1695,9251,3,16
1784684887.030,real_q8_tensor_220w_none,1,77,11457,213.67,69,1605,9251,3,16
1784684887.030,real_q8_tensor_220w_none,2,72,11457,211.58,74,1665,9251,3,16
1784684887.030,real_q8_tensor_220w_none,3,54,11457,208.85,69,1650,9251,3,16
1784684887.622,real_q8_tensor_220w_none,0,55,11457,211.74,65,1755,9251,3,16
1784684887.622,real_q8_tensor_220w_none,1,55,11457,211.88,69,1620,9251,3,16
1784684887.622,real_q8_tensor_220w_none,2,72,11457,211.15,74,1695,9251,3,16
1784684887.622,real_q8_tensor_220w_none,3,54,11457,213.50,70,1650,9251,3,16
1784684888.191,real_q8_tensor_220w_none,0,100,11457,211.03,66,1695,9251,3,16
1784684888.191,real_q8_tensor_220w_none,1,55,11457,211.76,69,1680,9251,3,16
1784684888.191,real_q8_tensor_220w_none,2,100,11457,210.77,74,1650,9251,3,16
1784684888.191,real_q8_tensor_220w_none,3,100,11457,212.61,70,1695,9251,3,16
1784684888.759,real_q8_tensor_220w_none,0,100,11457,210.56,66,1755,9251,3,16
1784684888.759,real_q8_tensor_220w_none,1,100,11457,212.26,69,1620,9251,3,16
1784684888.759,real_q8_tensor_220w_none,2,100,11457,211.15,74,1695,9251,3,16
1784684888.759,real_q8_tensor_220w_none,3,84,11457,213.15,70,1650,9251,3,16
1784684889.375,real_q8_tensor_220w_none,0,100,11457,209.91,65,1725,9251,3,16
1784684889.375,real_q8_tensor_220w_none,1,100,11457,212.89,70,1650,9251,3,16
1784684889.375,real_q8_tensor_220w_none,2,100,11457,211.68,75,1650,9251,3,16
1784684889.375,real_q8_tensor_220w_none,3,100,11457,212.82,70,1635,9251,3,16
1784684889.946,real_q8_tensor_220w_none,0,100,11457,210.57,65,1695,9251,3,16
1784684889.946,real_q8_tensor_220w_none,1,100,11457,213.07,69,1650,9251,3,16
1784684889.946,real_q8_tensor_220w_none,2,100,11457,212.01,75,1650,9251,3,16
1784684889.946,real_q8_tensor_220w_none,3,100,11457,212.51,70,1695,9251,3,16
1784684890.514,real_q8_tensor_220w_none,0,100,11457,210.61,66,1695,9251,3,16
1784684890.514,real_q8_tensor_220w_none,1,100,11457,212.46,69,1620,9251,3,16
1784684890.514,real_q8_tensor_220w_none,2,100,11457,211.52,74,1650,9251,3,16
1784684890.514,real_q8_tensor_220w_none,3,100,11457,212.46,70,1680,9251,3,16
1784684891.082,real_q8_tensor_220w_none,0,100,11457,209.74,65,1845,9251,3,16
1784684891.082,real_q8_tensor_220w_none,1,100,11457,211.90,70,1845,9251,3,16
1784684891.082,real_q8_tensor_220w_none,2,100,11457,210.99,74,1815,9251,3,16
1784684891.082,real_q8_tensor_220w_none,3,100,11457,212.24,69,1845,9251,3,16
1784684891.684,real_q8_tensor_220w_none,0,52,11457,208.06,65,1665,9251,3,16
1784684891.684,real_q8_tensor_220w_none,1,100,11457,208.75,68,1635,9251,3,16
1784684891.684,real_q8_tensor_220w_none,2,69,11457,207.65,73,1875,9251,3,16
1784684891.684,real_q8_tensor_220w_none,3,53,11457,212.34,70,1725,9251,3,16
1784684892.252,real_q8_tensor_220w_none,0,76,11457,209.60,64,1695,9251,3,16
1784684892.252,real_q8_tensor_220w_none,1,67,11457,213.82,69,1665,9251,3,16
1784684892.252,real_q8_tensor_220w_none,2,91,11457,212.50,74,1650,9251,3,16
1784684892.252,real_q8_tensor_220w_none,3,76,11457,212.40,70,1665,9251,3,16
1784684892.849,real_q8_tensor_220w_none,0,77,11457,209.78,65,1725,9251,3,16
1784684892.849,real_q8_tensor_220w_none,1,76,11457,211.85,69,1605,9251,3,16
1784684892.849,real_q8_tensor_220w_none,2,100,11457,209.88,74,1710,9251,3,16
1784684892.849,real_q8_tensor_220w_none,3,100,11457,213.60,70,1605,9251,3,16
1784684893.439,real_q8_tensor_220w_none,0,77,11457,209.95,66,1695,9251,3,16
1784684893.439,real_q8_tensor_220w_none,1,100,11457,212.76,69,1590,9251,3,16
1784684893.439,real_q8_tensor_220w_none,2,100,11457,210.89,74,1725,9251,3,16
1784684893.439,real_q8_tensor_220w_none,3,100,11457,212.96,70,1635,9251,3,16
1784684894.009,real_q8_tensor_220w_none,0,53,11457,207.79,65,1680,9251,3,16
1784684894.009,real_q8_tensor_220w_none,1,100,11457,211.83,69,1605,9251,3,16
1784684894.009,real_q8_tensor_220w_none,2,100,11457,210.91,74,1665,9251,3,16
1784684894.009,real_q8_tensor_220w_none,3,100,11457,212.42,70,1620,9251,3,16
1784684894.579,real_q8_tensor_220w_none,0,53,11457,208.52,66,1875,9251,3,16
1784684894.579,real_q8_tensor_220w_none,1,87,11457,210.52,68,1860,9251,3,16
1784684894.579,real_q8_tensor_220w_none,2,100,11457,209.92,74,1620,9251,3,16
1784684894.579,real_q8_tensor_220w_none,3,100,11457,212.39,70,1620,9251,3,16
1784684895.176,real_q8_tensor_220w_none,0,100,11457,209.26,65,1725,9251,3,16
1784684895.176,real_q8_tensor_220w_none,1,100,11457,212.07,69,1590,9251,3,16
1784684895.176,real_q8_tensor_220w_none,2,100,11457,210.66,75,1710,9251,3,16
1784684895.176,real_q8_tensor_220w_none,3,100,11457,212.03,70,1605,9251,3,16
1784684895.771,real_q8_tensor_220w_none,0,100,11457,209.63,66,1695,9251,3,16
1784684895.771,real_q8_tensor_220w_none,1,100,11457,211.36,70,1680,9251,3,16
1784684895.771,real_q8_tensor_220w_none,2,100,11457,209.99,74,1635,9251,3,16
1784684895.771,real_q8_tensor_220w_none,3,100,11457,212.25,70,1710,9251,3,16
1784684896.343,real_q8_tensor_220w_none,0,100,11457,209.40,65,1830,9251,3,16
1784684896.343,real_q8_tensor_220w_none,1,100,11457,211.54,69,1725,9251,3,16
1784684896.343,real_q8_tensor_220w_none,2,100,11457,210.07,74,1785,9251,3,16
1784684896.343,real_q8_tensor_220w_none,3,66,11457,208.35,70,1830,9251,3,16
1784684896.941,real_q8_tensor_220w_none,0,100,11457,209.44,65,1905,9251,3,16
1784684896.941,real_q8_tensor_220w_none,1,100,11457,208.39,68,1890,9251,3,16
1784684896.941,real_q8_tensor_220w_none,2,100,11457,206.48,73,1860,9251,3,16
1784684896.941,real_q8_tensor_220w_none,3,66,11457,214.15,70,1905,9251,3,16
1784684897.533,real_q8_tensor_220w_none,0,51,11457,206.44,64,1770,9251,3,16
1784684897.533,real_q8_tensor_220w_none,1,64,11457,211.77,68,1590,9251,3,16
1784684897.533,real_q8_tensor_220w_none,2,73,11457,209.86,73,1725,9251,3,16
1784684897.533,real_q8_tensor_220w_none,3,52,11457,210.89,70,1620,9251,3,16
1784684898.102,real_q8_tensor_220w_none,0,51,11457,209.38,65,1695,9251,3,16
1784684898.102,real_q8_tensor_220w_none,1,64,11457,213.01,70,1575,9251,3,16
1784684898.102,real_q8_tensor_220w_none,2,73,11457,211.03,74,1710,9251,3,16
1784684898.102,real_q8_tensor_220w_none,3,52,11457,211.43,70,1620,9251,3,16
1784684898.670,real_q8_tensor_220w_none,0,52,11457,209.02,65,1695,9251,3,16
1784684898.670,real_q8_tensor_220w_none,1,95,11457,212.15,69,1680,9251,3,16
1784684898.670,real_q8_tensor_220w_none,2,96,11457,210.02,74,1620,9251,3,16
1784684898.670,real_q8_tensor_220w_none,3,100,11457,212.39,70,1695,9251,3,16
1784684899.239,real_q8_tensor_220w_none,0,52,11457,208.47,65,1755,9251,3,16
1784684899.239,real_q8_tensor_220w_none,1,95,11457,212.38,69,1635,9251,3,16
1784684899.239,real_q8_tensor_220w_none,2,96,11457,210.25,74,1650,9251,3,16
1784684899.239,real_q8_tensor_220w_none,3,100,11457,212.25,70,1605,9251,3,16
1784684899.812,real_q8_tensor_220w_none,0,100,11457,208.81,65,1710,9251,3,16
1784684899.812,real_q8_tensor_220w_none,1,100,11457,212.02,69,1590,9251,3,16
1784684899.812,real_q8_tensor_220w_none,2,100,11457,209.92,74,1635,9251,3,16
1784684899.812,real_q8_tensor_220w_none,3,100,11457,211.84,70,1650,9251,3,16
1784684900.382,real_q8_tensor_220w_none,0,100,11457,208.75,65,1725,9251,3,16
1784684900.382,real_q8_tensor_220w_none,1,100,11457,211.47,69,1605,9251,3,16
1784684900.382,real_q8_tensor_220w_none,2,100,11457,210.20,74,1695,9251,3,16
1784684900.382,real_q8_tensor_220w_none,3,100,11457,211.46,70,1605,9251,3,16
1784684900.974,real_q8_tensor_220w_none,0,100,11457,209.04,65,1665,9251,3,16
1784684900.974,real_q8_tensor_220w_none,1,100,11457,210.74,69,1665,9251,3,16
1784684900.974,real_q8_tensor_220w_none,2,100,11457,211.43,74,1650,9251,3,16
1784684900.974,real_q8_tensor_220w_none,3,100,11457,211.11,70,1710,9251,3,16
1784684901.542,real_q8_tensor_220w_none,0,100,11457,209.81,65,1770,9251,3,16
1784684901.542,real_q8_tensor_220w_none,1,100,11457,211.91,69,1665,9251,3,16
1784684901.542,real_q8_tensor_220w_none,2,100,11457,210.39,74,1620,9251,3,16
1784684901.542,real_q8_tensor_220w_none,3,100,11457,211.66,70,1665,9251,3,16
1784684902.111,real_q8_tensor_220w_none,0,100,11457,208.47,65,1710,9251,3,16
1784684902.111,real_q8_tensor_220w_none,1,100,11457,212.68,69,1590,9251,3,16
1784684902.111,real_q8_tensor_220w_none,2,100,11457,209.95,74,1620,9251,3,16
1784684902.111,real_q8_tensor_220w_none,3,100,11457,212.80,70,1635,9251,3,16
1784684902.679,real_q8_tensor_220w_none,0,100,11457,207.76,65,1680,9251,3,16
1784684902.679,real_q8_tensor_220w_none,1,100,11457,211.55,69,1605,9251,3,16
1784684902.679,real_q8_tensor_220w_none,2,100,11457,208.92,74,1620,9251,3,16
1784684902.679,real_q8_tensor_220w_none,3,100,11457,212.27,70,1650,9251,3,16
1784684903.293,real_q8_tensor_220w_none,0,100,11457,207.57,65,1680,9251,3,16
1784684903.293,real_q8_tensor_220w_none,1,100,11457,211.74,69,1620,9251,3,16
1784684903.293,real_q8_tensor_220w_none,2,100,11457,209.80,74,1620,9251,3,16
1784684903.293,real_q8_tensor_220w_none,3,100,11457,212.52,70,1680,9251,3,16
1784684903.879,real_q8_tensor_220w_none,0,100,11457,206.87,65,1815,9251,3,16
1784684903.879,real_q8_tensor_220w_none,1,100,11457,212.68,70,1740,9251,3,16
1784684903.879,real_q8_tensor_220w_none,2,100,11457,209.84,74,1620,9251,3,16
1784684903.879,real_q8_tensor_220w_none,3,100,11457,210.69,70,1725,9251,3,16
1784684904.440,real_q8_tensor_220w_none,0,100,11457,209.75,65,1860,9251,3,16
1784684904.440,real_q8_tensor_220w_none,1,81,11457,211.36,69,1800,9251,3,16
1784684904.440,real_q8_tensor_220w_none,2,75,11457,207.63,74,1785,9251,3,16
1784684904.440,real_q8_tensor_220w_none,3,100,11457,211.79,70,1815,9251,3,16
1784684904.998,real_q8_tensor_220w_none,0,100,11457,207.94,64,1905,9251,3,16
1784684904.998,real_q8_tensor_220w_none,1,81,11457,212.14,69,1875,9251,3,16
1784684904.998,real_q8_tensor_220w_none,2,75,11457,210.63,74,1860,9251,3,16
1784684904.998,real_q8_tensor_220w_none,3,100,11457,210.16,69,1890,9251,3,16
1784684905.589,real_q8_tensor_220w_none,0,51,11457,208.20,65,1665,9251,3,16
1784684905.589,real_q8_tensor_220w_none,1,71,11457,210.24,68,1560,9251,3,16
1784684905.589,real_q8_tensor_220w_none,2,71,11457,208.40,73,1680,9251,3,16
1784684905.589,real_q8_tensor_220w_none,3,49,11457,212.90,70,1590,9251,3,16
1784684906.184,real_q8_tensor_220w_none,0,51,11457,207.84,64,1740,9251,3,16
1784684906.184,real_q8_tensor_220w_none,1,71,11457,212.29,69,1635,9251,3,16
1784684906.184,real_q8_tensor_220w_none,2,71,11457,209.61,74,1710,9251,3,16
1784684906.184,real_q8_tensor_220w_none,3,49,11457,211.61,69,1590,9251,3,16
1784684906.754,real_q8_tensor_220w_none,0,48,11457,209.96,65,1755,9251,3,16
1784684906.754,real_q8_tensor_220w_none,1,84,11457,211.09,69,1650,9251,3,16
1784684906.754,real_q8_tensor_220w_none,2,83,11457,209.49,74,1620,9251,3,16
1784684906.754,real_q8_tensor_220w_none,3,49,11457,210.86,70,1665,9251,3,16
1784684907.324,real_q8_tensor_220w_none,0,86,11457,208.69,65,1650,9251,3,16
1784684907.324,real_q8_tensor_220w_none,1,75,11457,211.05,69,1665,9251,3,16
1784684907.324,real_q8_tensor_220w_none,2,75,11457,208.73,74,1605,9251,3,16
1784684907.324,real_q8_tensor_220w_none,3,85,11457,211.08,70,1665,9251,3,16
1784684907.896,real_q8_tensor_220w_none,0,100,11457,208.60,65,1665,9251,3,16
1784684907.896,real_q8_tensor_220w_none,1,87,11457,211.67,69,1590,9251,3,16
1784684907.896,real_q8_tensor_220w_none,2,88,11457,209.10,74,1665,9251,3,16
1784684907.896,real_q8_tensor_220w_none,3,85,11457,210.57,70,1635,9251,3,16
1784684908.467,real_q8_tensor_220w_none,0,100,11457,207.65,65,1650,9251,3,16
1784684908.467,real_q8_tensor_220w_none,1,87,11457,211.23,69,1620,9251,3,16
1784684908.467,real_q8_tensor_220w_none,2,88,11457,208.67,74,1635,9251,3,16
1784684908.467,real_q8_tensor_220w_none,3,100,11457,210.80,70,1665,9251,3,16
1784684909.038,real_q8_tensor_220w_none,0,100,11457,207.71,65,1665,9251,3,16
1784684909.038,real_q8_tensor_220w_none,1,100,11457,211.31,69,1545,9251,3,16
1784684909.038,real_q8_tensor_220w_none,2,100,11457,208.10,74,1710,9251,3,16
1784684909.038,real_q8_tensor_220w_none,3,100,11457,211.38,70,1605,9251,3,16
1784684909.606,real_q8_tensor_220w_none,0,100,11457,207.67,65,1755,9251,3,16
1784684909.606,real_q8_tensor_220w_none,1,100,11457,210.87,69,1575,9251,3,16
1784684909.606,real_q8_tensor_220w_none,2,100,11457,208.36,74,1710,9251,3,16
1784684909.606,real_q8_tensor_220w_none,3,100,11457,211.59,70,1590,9251,3,16
1784684910.173,real_q8_tensor_220w_none,0,100,11457,207.76,65,1725,9251,3,16
1784684910.173,real_q8_tensor_220w_none,1,100,11457,210.92,69,1575,9251,3,16
1784684910.173,real_q8_tensor_220w_none,2,100,11457,208.66,74,1650,9251,3,16
1784684910.173,real_q8_tensor_220w_none,3,100,11457,211.10,70,1620,9251,3,16
1784684910.742,real_q8_tensor_220w_none,0,100,11457,207.60,65,1755,9251,3,16
1784684910.742,real_q8_tensor_220w_none,1,100,11457,210.33,69,1575,9251,3,16
1784684910.742,real_q8_tensor_220w_none,2,100,11457,208.45,74,1725,9251,3,16
1784684910.742,real_q8_tensor_220w_none,3,100,11457,210.86,70,1575,9251,3,16
1784684911.313,real_q8_tensor_220w_none,0,100,11457,208.33,65,1725,9251,3,16
1784684911.313,real_q8_tensor_220w_none,1,100,11457,210.48,69,1590,9251,3,16
1784684911.313,real_q8_tensor_220w_none,2,100,11457,208.76,74,1650,9251,3,16
1784684911.313,real_q8_tensor_220w_none,3,100,11457,210.69,70,1620,9251,3,16
1784684911.886,real_q8_tensor_220w_none,0,100,11457,207.37,65,1755,9251,3,16
1784684911.886,real_q8_tensor_220w_none,1,100,11457,211.12,69,1560,9251,3,16
1784684911.886,real_q8_tensor_220w_none,2,100,11457,208.60,74,1725,9251,3,16
1784684911.886,real_q8_tensor_220w_none,3,100,11457,210.32,70,1590,9251,3,16
1784684912.453,real_q8_tensor_220w_none,0,100,11457,208.42,65,1680,9251,3,16
1784684912.453,real_q8_tensor_220w_none,1,100,11457,209.45,69,1575,9251,3,16
1784684912.453,real_q8_tensor_220w_none,2,100,11457,207.34,74,1680,9251,3,16
1784684912.453,real_q8_tensor_220w_none,3,100,11457,210.74,70,1605,9251,3,16
1784684913.044,real_q8_tensor_220w_none,0,100,11457,208.17,65,1650,9251,3,16
1784684913.044,real_q8_tensor_220w_none,1,100,11457,211.05,69,1665,9251,3,16
1784684913.044,real_q8_tensor_220w_none,2,100,11457,208.58,74,1620,9251,3,16
1784684913.044,real_q8_tensor_220w_none,3,100,11457,210.67,70,1695,9251,3,16
1784684913.616,real_q8_tensor_220w_none,0,100,11457,207.05,65,1755,9251,3,16
1784684913.616,real_q8_tensor_220w_none,1,100,11457,210.27,69,1650,9251,3,16
1784684913.616,real_q8_tensor_220w_none,2,100,11457,207.88,74,1620,9251,3,16
1784684913.616,real_q8_tensor_220w_none,3,100,11457,210.69,70,1620,9251,3,16
1784684914.203,real_q8_tensor_220w_none,0,100,11457,207.75,65,1755,9251,3,16
1784684914.203,real_q8_tensor_220w_none,1,100,11457,210.26,69,1560,9251,3,16
1784684914.203,real_q8_tensor_220w_none,2,100,11457,207.79,74,1710,9251,3,16
1784684914.203,real_q8_tensor_220w_none,3,100,11457,211.11,70,1575,9251,3,16
1784684914.775,real_q8_tensor_220w_none,0,100,11457,207.60,65,1665,9251,3,16
1784684914.775,real_q8_tensor_220w_none,1,100,11457,210.93,69,1605,9251,3,16
1784684914.775,real_q8_tensor_220w_none,2,100,11457,208.75,74,1620,9251,3,16
1784684914.775,real_q8_tensor_220w_none,3,100,11457,210.45,70,1635,9251,3,16
1784684915.373,real_q8_tensor_220w_none,0,100,11457,206.68,65,1755,9251,3,16
1784684915.373,real_q8_tensor_220w_none,1,100,11457,211.20,69,1635,9251,3,16
1784684915.373,real_q8_tensor_220w_none,2,100,11457,209.15,74,1605,9251,3,16
1784684915.373,real_q8_tensor_220w_none,3,100,11457,210.89,70,1650,9251,3,16
1784684915.944,real_q8_tensor_220w_none,0,100,11457,206.50,65,1740,9251,3,16
1784684915.944,real_q8_tensor_220w_none,1,100,11457,210.38,69,1545,9251,3,16
1784684915.944,real_q8_tensor_220w_none,2,100,11457,208.30,74,1710,9251,3,16
1784684915.944,real_q8_tensor_220w_none,3,100,11457,211.05,70,1590,9251,3,16
1784684916.515,real_q8_tensor_220w_none,0,100,11457,207.38,65,1740,9251,3,16
1784684916.515,real_q8_tensor_220w_none,1,100,11457,210.24,69,1665,9251,3,16
1784684916.515,real_q8_tensor_220w_none,2,100,11457,208.49,74,1665,9251,3,16
1784684916.515,real_q8_tensor_220w_none,3,100,11457,211.20,70,1575,9251,3,16
1784684917.113,real_q8_tensor_220w_none,0,100,11457,206.99,65,1635,9251,3,16
1784684917.113,real_q8_tensor_220w_none,1,100,11457,211.87,69,1575,9251,3,16
1784684917.113,real_q8_tensor_220w_none,2,100,11457,210.44,74,1620,9251,3,16
1784684917.113,real_q8_tensor_220w_none,3,100,11457,210.19,70,1635,9251,3,16
1784684917.699,real_q8_tensor_220w_none,0,100,11457,206.61,65,1680,9251,3,16
1784684917.699,real_q8_tensor_220w_none,1,100,11457,210.27,69,1620,9251,3,16
1784684917.699,real_q8_tensor_220w_none,2,100,11457,208.74,74,1590,9251,3,16
1784684917.699,real_q8_tensor_220w_none,3,100,11457,210.71,70,1680,9251,3,16
1784684918.263,real_q8_tensor_220w_none,0,8,11457,200.69,63,1920,9251,3,16
1784684918.263,real_q8_tensor_220w_none,1,13,11457,199.44,67,1485,9251,3,16
1784684918.263,real_q8_tensor_220w_none,2,13,11457,196.67,72,1845,9251,3,16
1784684918.263,real_q8_tensor_220w_none,3,31,11457,206.29,68,1590,9251,3,16
1784684918.832,real_q8_tensor_220w_none,0,82,11457,197.76,63,1920,9251,3,16
1784684918.832,real_q8_tensor_220w_none,1,58,11457,200.66,69,1905,9251,3,16
1784684918.832,real_q8_tensor_220w_none,2,15,11457,198.06,74,1875,9251,3,16
1784684918.832,real_q8_tensor_220w_none,3,56,11457,202.08,68,1920,9251,3,16
1784684919.400,real_q8_tensor_220w_none,0,93,11457,202.18,65,1770,9251,3,16
1784684919.400,real_q8_tensor_220w_none,1,94,11457,209.41,69,1665,9251,3,16
1784684919.400,real_q8_tensor_220w_none,2,15,11457,205.44,73,1725,9251,3,16
1784684919.400,real_q8_tensor_220w_none,3,56,11457,204.24,69,1695,9251,3,16
1784684919.976,real_q8_tensor_220w_none,0,93,11457,212.80,64,1755,9251,3,16
1784684919.976,real_q8_tensor_220w_none,1,94,11457,215.93,68,1665,9251,3,16
1784684919.976,real_q8_tensor_220w_none,2,93,11457,213.59,73,1695,9251,3,16
1784684919.976,real_q8_tensor_220w_none,3,93,11457,212.97,69,1665,9251,3,16
1784684920.575,real_q8_tensor_220w_none,0,94,11457,219.54,64,1770,9251,3,16
1784684920.575,real_q8_tensor_220w_none,1,94,11457,219.77,68,1695,9251,3,16
1784684920.575,real_q8_tensor_220w_none,2,93,11457,219.80,73,1725,9251,3,16
1784684920.575,real_q8_tensor_220w_none,3,93,11457,219.71,69,1695,9251,3,16
1784684921.175,real_q8_tensor_220w_none,0,94,11457,219.83,64,1770,9251,3,16
1784684921.175,real_q8_tensor_220w_none,1,94,11457,219.68,68,1680,9251,3,16
1784684921.175,real_q8_tensor_220w_none,2,94,11457,219.55,73,1725,9251,3,16
1784684921.175,real_q8_tensor_220w_none,3,94,11457,219.91,69,1695,9251,3,16
1784684921.750,real_q8_tensor_220w_none,0,94,11457,219.36,64,1770,9251,3,16
1784684921.750,real_q8_tensor_220w_none,1,94,11457,219.52,68,1650,9251,3,16
1784684921.750,real_q8_tensor_220w_none,2,94,11457,219.62,73,1710,9251,3,16
1784684921.750,real_q8_tensor_220w_none,3,94,11457,219.69,69,1680,9251,3,16
1784684922.325,real_q8_tensor_220w_none,0,94,11457,219.42,64,1770,9251,3,16
1784684922.325,real_q8_tensor_220w_none,1,94,11457,219.62,68,1680,9251,3,16
1784684922.325,real_q8_tensor_220w_none,2,93,11457,219.63,73,1725,9251,3,16
1784684922.325,real_q8_tensor_220w_none,3,94,11457,219.83,69,1665,9251,3,16
1784684922.901,real_q8_tensor_220w_none,0,94,11457,219.11,64,1755,9251,3,16
1784684922.901,real_q8_tensor_220w_none,1,94,11457,219.08,68,1635,9251,3,16
1784684922.901,real_q8_tensor_220w_none,2,93,11457,219.02,73,1695,9251,3,16
1784684922.901,real_q8_tensor_220w_none,3,94,11457,218.89,69,1665,9251,3,16
1784684923.499,real_q8_tensor_220w_none,0,94,11457,209.99,63,1905,9251,3,16
1784684923.499,real_q8_tensor_220w_none,1,59,11457,214.13,67,1665,9251,3,16
1784684923.499,real_q8_tensor_220w_none,2,38,11457,212.97,72,1830,9251,3,16
1784684923.499,real_q8_tensor_220w_none,3,94,11457,212.23,69,1680,9251,3,16
1784684924.078,real_q8_tensor_220w_none,0,94,11457,212.96,64,1770,9251,3,16
1784684924.078,real_q8_tensor_220w_none,1,93,11457,215.80,68,1680,9251,3,16
1784684924.078,real_q8_tensor_220w_none,2,94,11457,213.93,73,1725,9251,3,16
1784684924.078,real_q8_tensor_220w_none,3,93,11457,216.68,69,1695,9251,3,16
1784684924.656,real_q8_tensor_220w_none,0,94,11457,219.79,64,1770,9251,3,16
1784684924.656,real_q8_tensor_220w_none,1,93,11457,219.78,68,1680,9251,3,16
1784684924.656,real_q8_tensor_220w_none,2,94,11457,219.96,73,1710,9251,3,16
1784684924.656,real_q8_tensor_220w_none,3,93,11457,219.80,69,1695,9251,3,16
1784684925.255,real_q8_tensor_220w_none,0,0,11457,174.59,62,1920,9251,3,16
1784684925.255,real_q8_tensor_220w_none,1,0,11457,185.74,66,1905,9251,3,16
1784684925.255,real_q8_tensor_220w_none,2,0,11457,181.57,70,1890,9251,3,16
1784684925.255,real_q8_tensor_220w_none,3,0,11457,182.43,66,1920,9251,3,16
1784684925.845,real_q8_tensor_220w_none,0,0,11457,169.35,65,1875,9251,3,16
1784684925.845,real_q8_tensor_220w_none,1,0,11457,179.89,69,1785,9251,3,16
1784684925.845,real_q8_tensor_220w_none,2,100,11457,173.72,74,1830,9251,3,16
1784684925.845,real_q8_tensor_220w_none,3,0,11457,180.97,69,1815,9251,3,16
1784684926.416,real_q8_tensor_220w_none,0,100,11457,211.08,65,1875,9251,3,16
1784684926.416,real_q8_tensor_220w_none,1,100,11457,219.12,69,1800,9251,3,16
1784684926.416,real_q8_tensor_220w_none,2,100,11457,215.76,74,1830,9251,3,16
1784684926.416,real_q8_tensor_220w_none,3,100,11457,215.45,70,1815,9251,3,16
1784684926.977,real_q8_tensor_220w_none,0,100,11457,214.74,65,1875,9251,3,16
1784684926.977,real_q8_tensor_220w_none,1,100,11457,218.44,69,1785,9251,3,16
1784684926.977,real_q8_tensor_220w_none,2,100,11457,214.31,74,1830,9251,3,16
1784684926.977,real_q8_tensor_220w_none,3,100,11457,216.92,70,1815,9251,3,16
1784684927.550,real_q8_tensor_220w_none,0,100,11457,215.19,65,1905,9251,3,16
1784684927.550,real_q8_tensor_220w_none,1,97,11457,218.76,69,1860,9251,3,16
1784684927.550,real_q8_tensor_220w_none,2,100,11457,215.56,73,1860,9251,3,16
1784684927.550,real_q8_tensor_220w_none,3,100,11457,217.07,70,1875,9251,3,16
1784684928.117,real_q8_tensor_220w_none,0,100,11457,215.45,65,1860,9251,3,16
1784684928.117,real_q8_tensor_220w_none,1,97,11457,218.48,69,1785,9251,3,16
1784684928.117,real_q8_tensor_220w_none,2,100,11457,215.36,74,1815,9251,3,16
1784684928.117,real_q8_tensor_220w_none,3,100,11457,217.12,70,1815,9251,3,16
1784684928.686,real_q8_tensor_220w_none,0,81,11457,215.43,65,1890,9251,3,16
1784684928.686,real_q8_tensor_220w_none,1,100,11457,218.71,69,1785,9251,3,16
1784684928.686,real_q8_tensor_220w_none,2,100,11457,215.47,73,1860,9251,3,16
1784684928.686,real_q8_tensor_220w_none,3,81,11457,217.03,70,1800,9251,3,16
1784684929.258,real_q8_tensor_220w_none,0,81,11457,215.27,65,1860,9251,3,16
1784684929.258,real_q8_tensor_220w_none,1,100,11457,218.22,69,1770,9251,3,16
1784684929.258,real_q8_tensor_220w_none,2,100,11457,215.30,74,1815,9251,3,16
1784684929.258,real_q8_tensor_220w_none,3,100,11457,217.05,70,1800,9251,3,16
1784684929.832,real_q8_tensor_220w_none,0,81,11457,214.91,65,1845,9251,3,16
1784684929.832,real_q8_tensor_220w_none,1,81,11457,217.96,69,1770,9251,3,16
1784684929.832,real_q8_tensor_220w_none,2,81,11457,215.52,74,1815,9251,3,16
1784684929.832,real_q8_tensor_220w_none,3,81,11457,217.06,70,1815,9251,3,16
1784684930.402,real_q8_tensor_220w_none,0,81,11457,214.62,65,1860,9251,3,16
1784684930.402,real_q8_tensor_220w_none,1,81,11457,217.89,69,1770,9251,3,16
1784684930.402,real_q8_tensor_220w_none,2,81,11457,215.53,74,1815,9251,3,16
1784684930.402,real_q8_tensor_220w_none,3,81,11457,217.56,70,1800,9251,3,16
1784684930.970,real_q8_tensor_220w_none,0,77,11457,213.96,65,1860,9251,3,16
1784684930.970,real_q8_tensor_220w_none,1,75,11457,217.56,69,1785,9251,3,16
1784684930.970,real_q8_tensor_220w_none,2,76,11457,214.38,74,1815,9251,3,16
1784684930.970,real_q8_tensor_220w_none,3,84,11457,216.87,70,1800,9251,3,16
1784684931.563,real_q8_tensor_220w_none,0,77,11457,214.26,65,1860,9251,3,16
1784684931.563,real_q8_tensor_220w_none,1,75,11457,218.14,69,1785,9251,3,16
1784684931.563,real_q8_tensor_220w_none,2,76,11457,214.11,74,1815,9251,3,16
1784684931.563,real_q8_tensor_220w_none,3,84,11457,217.80,70,1785,9251,3,16
1784684932.159,real_q8_tensor_220w_none,0,79,11457,214.28,65,1860,9251,3,16
1784684932.159,real_q8_tensor_220w_none,1,100,11457,218.16,69,1755,9251,3,16
1784684932.159,real_q8_tensor_220w_none,2,100,11457,214.80,74,1815,9251,3,16
1784684932.159,real_q8_tensor_220w_none,3,100,11457,218.03,70,1800,9251,3,16
1784684932.731,real_q8_tensor_220w_none,0,79,11457,214.43,65,1860,9251,3,16
1784684932.731,real_q8_tensor_220w_none,1,100,11457,218.01,69,1770,9251,3,16
1784684932.731,real_q8_tensor_220w_none,2,100,11457,215.51,74,1815,9251,3,16
1784684932.731,real_q8_tensor_220w_none,3,100,11457,217.93,70,1785,9251,3,16
1784684933.320,real_q8_tensor_220w_none,0,100,11457,214.69,65,1845,9251,3,16
1784684933.320,real_q8_tensor_220w_none,1,100,11457,218.24,69,1770,9251,3,16
1784684933.320,real_q8_tensor_220w_none,2,100,11457,215.80,74,1815,9251,3,16
1784684933.320,real_q8_tensor_220w_none,3,100,11457,218.40,70,1800,9251,3,16
1784684933.915,real_q8_tensor_220w_none,0,100,11457,214.91,66,1860,9251,3,16
1784684933.915,real_q8_tensor_220w_none,1,100,11457,217.13,69,1785,9251,3,16
1784684933.915,real_q8_tensor_220w_none,2,89,11457,215.38,73,1815,9251,3,16
1784684933.915,real_q8_tensor_220w_none,3,100,11457,218.57,70,1785,9251,3,16
1784684934.537,real_q8_tensor_220w_none,0,100,11457,215.21,65,1845,9251,3,16
1784684934.537,real_q8_tensor_220w_none,1,100,11457,218.26,69,1770,9251,3,16
1784684934.537,real_q8_tensor_220w_none,2,100,11457,215.92,74,1815,9251,3,16
1784684934.537,real_q8_tensor_220w_none,3,100,11457,218.42,70,1800,9251,3,16
1784684935.108,real_q8_tensor_220w_none,0,100,11457,214.06,65,1845,9251,3,16
1784684935.108,real_q8_tensor_220w_none,1,100,11457,220.41,69,1770,9251,3,16
1784684935.108,real_q8_tensor_220w_none,2,100,11457,216.24,74,1830,9251,3,16
1784684935.108,real_q8_tensor_220w_none,3,100,11457,217.41,70,1815,9251,3,16
1784684935.679,real_q8_tensor_220w_none,0,100,11457,213.51,65,1845,9251,3,16
1784684935.679,real_q8_tensor_220w_none,1,100,11457,218.14,69,1785,9251,3,16
1784684935.679,real_q8_tensor_220w_none,2,100,11457,216.44,74,1815,9251,3,16
1784684935.679,real_q8_tensor_220w_none,3,100,11457,218.01,70,1800,9251,3,16
1784684936.249,real_q8_tensor_220w_none,0,100,11457,215.46,65,1845,9251,3,16
1784684936.249,real_q8_tensor_220w_none,1,100,11457,217.49,69,1770,9251,3,16
1784684936.249,real_q8_tensor_220w_none,2,100,11457,215.12,74,1875,9251,3,16
1784684936.249,real_q8_tensor_220w_none,3,100,11457,218.40,70,1800,9251,3,16
1784684936.821,real_q8_tensor_220w_none,0,100,11457,213.50,65,1845,9251,3,16
1784684936.821,real_q8_tensor_220w_none,1,100,11457,218.10,69,1770,9251,3,16
1784684936.821,real_q8_tensor_220w_none,2,100,11457,214.95,74,1815,9251,3,16
1784684936.821,real_q8_tensor_220w_none,3,100,11457,218.50,70,1785,9251,3,16
1784684937.394,real_q8_tensor_220w_none,0,100,11457,213.37,65,1905,9251,3,16
1784684937.394,real_q8_tensor_220w_none,1,100,11457,220.11,69,1770,9251,3,16
1784684937.394,real_q8_tensor_220w_none,2,100,11457,217.28,74,1860,9251,3,16
1784684937.394,real_q8_tensor_220w_none,3,100,11457,217.12,70,1785,9251,3,16
1784684937.966,real_q8_tensor_220w_none,0,100,11457,213.21,65,1845,9251,3,16
1784684937.966,real_q8_tensor_220w_none,1,100,11457,218.54,69,1755,9251,3,16
1784684937.966,real_q8_tensor_220w_none,2,100,11457,215.41,74,1815,9251,3,16
1784684937.966,real_q8_tensor_220w_none,3,100,11457,217.70,70,1785,9251,3,16
1784684938.535,real_q8_tensor_220w_none,0,100,11457,215.00,65,1890,9251,3,16
1784684938.535,real_q8_tensor_220w_none,1,100,11457,217.91,69,1845,9251,3,16
1784684938.535,real_q8_tensor_220w_none,2,100,11457,216.12,74,1845,9251,3,16
1784684938.535,real_q8_tensor_220w_none,3,100,11457,220.28,70,1860,9251,3,16
1784684939.102,real_q8_tensor_220w_none,0,100,11457,213.45,65,1845,9251,3,16
1784684939.102,real_q8_tensor_220w_none,1,98,11457,217.24,69,1770,9251,3,16
1784684939.102,real_q8_tensor_220w_none,2,100,11457,215.15,74,1800,9251,3,16
1784684939.102,real_q8_tensor_220w_none,3,100,11457,218.25,70,1785,9251,3,16
1784684939.674,real_q8_tensor_220w_none,0,100,11457,215.45,65,1845,9251,3,16
1784684939.674,real_q8_tensor_220w_none,1,98,11457,218.82,69,1770,9251,3,16
1784684939.674,real_q8_tensor_220w_none,2,100,11457,216.11,74,1800,9251,3,16
1784684939.674,real_q8_tensor_220w_none,3,100,11457,219.64,70,1785,9251,3,16
1784684940.236,real_q8_tensor_220w_none,0,78,11457,213.65,65,1845,9251,3,16
1784684940.236,real_q8_tensor_220w_none,1,100,11457,217.84,69,1755,9251,3,16
1784684940.236,real_q8_tensor_220w_none,2,100,11457,214.66,75,1800,9251,3,16
1784684940.236,real_q8_tensor_220w_none,3,78,11457,218.27,70,1785,9251,3,16
1784684940.807,real_q8_tensor_220w_none,0,100,11457,213.71,65,1845,9251,3,16
1784684940.807,real_q8_tensor_220w_none,1,100,11457,219.69,69,1755,9251,3,16
1784684940.807,real_q8_tensor_220w_none,2,100,11457,217.02,74,1800,9251,3,16
1784684940.807,real_q8_tensor_220w_none,3,92,11457,217.78,70,1785,9251,3,16
1784684941.398,real_q8_tensor_220w_none,0,85,11457,213.55,65,1845,9251,3,16
1784684941.398,real_q8_tensor_220w_none,1,74,11457,216.99,69,1755,9251,3,16
1784684941.398,real_q8_tensor_220w_none,2,75,11457,214.77,74,1800,9251,3,16
1784684941.398,real_q8_tensor_220w_none,3,92,11457,217.61,70,1785,9251,3,16
1784684941.967,real_q8_tensor_220w_none,0,85,11457,214.01,65,1845,9251,3,16
1784684941.967,real_q8_tensor_220w_none,1,74,11457,216.98,69,1770,9251,3,16
1784684941.967,real_q8_tensor_220w_none,2,75,11457,214.66,75,1800,9251,3,16
1784684941.967,real_q8_tensor_220w_none,3,92,11457,218.83,70,1770,9251,3,16
1784684942.538,real_q8_tensor_220w_none,0,83,11457,214.16,65,1845,9251,3,16
1784684942.538,real_q8_tensor_220w_none,1,75,11457,217.64,69,1740,9251,3,16
1784684942.538,real_q8_tensor_220w_none,2,75,11457,214.49,74,1785,9251,3,16
1784684942.538,real_q8_tensor_220w_none,3,75,11457,217.23,70,1770,9251,3,16
1784684943.111,real_q8_tensor_220w_none,0,83,11457,215.19,66,1845,9251,3,16
1784684943.111,real_q8_tensor_220w_none,1,75,11457,217.16,69,1755,9251,3,16
1784684943.111,real_q8_tensor_220w_none,2,75,11457,213.84,74,1800,9251,3,16
1784684943.111,real_q8_tensor_220w_none,3,75,11457,219.60,70,1770,9251,3,16
1784684943.746,real_q8_tensor_220w_none,0,95,11457,213.62,65,1845,9251,3,16
1784684943.746,real_q8_tensor_220w_none,1,75,11457,217.62,69,1770,9251,3,16
1784684943.746,real_q8_tensor_220w_none,2,76,11457,214.47,74,1785,9251,3,16
1784684943.746,real_q8_tensor_220w_none,3,100,11457,217.79,70,1755,9251,3,16
1784684944.343,real_q8_tensor_220w_none,0,100,11457,213.58,65,1845,9251,3,16
1784684944.343,real_q8_tensor_220w_none,1,87,11457,217.54,69,1755,9251,3,16
1784684944.343,real_q8_tensor_220w_none,2,100,11457,213.72,74,1785,9251,3,16
1784684944.343,real_q8_tensor_220w_none,3,100,11457,220.32,70,1770,9251,3,16
1784684944.917,real_q8_tensor_220w_none,0,100,11457,213.50,65,1845,9251,3,16
1784684944.917,real_q8_tensor_220w_none,1,75,11457,217.27,69,1755,9251,3,16
1784684944.917,real_q8_tensor_220w_none,2,76,11457,214.79,74,1785,9251,3,16
1784684944.917,real_q8_tensor_220w_none,3,76,11457,216.50,70,1770,9251,3,16
1784684945.487,real_q8_tensor_220w_none,0,100,11457,212.53,65,1830,9251,3,16
1784684945.487,real_q8_tensor_220w_none,1,75,11457,216.75,69,1770,9251,3,16
1784684945.487,real_q8_tensor_220w_none,2,76,11457,215.54,74,1785,9251,3,16
1784684945.487,real_q8_tensor_220w_none,3,76,11457,216.97,70,1785,9251,3,16
1784684946.056,real_q8_tensor_220w_none,0,100,11457,213.12,66,1845,9251,3,16
1784684946.056,real_q8_tensor_220w_none,1,100,11457,218.02,69,1740,9251,3,16
1784684946.056,real_q8_tensor_220w_none,2,100,11457,217.52,75,1785,9251,3,16
1784684946.056,real_q8_tensor_220w_none,3,85,11457,217.80,70,1755,9251,3,16
1784684946.616,real_q8_tensor_220w_none,0,78,11457,212.71,65,1845,9251,3,16
1784684946.616,real_q8_tensor_220w_none,1,100,11457,216.67,69,1755,9251,3,16
1784684946.616,real_q8_tensor_220w_none,2,100,11457,215.90,75,1785,9251,3,16
1784684946.616,real_q8_tensor_220w_none,3,85,11457,217.64,70,1755,9251,3,16
1784684947.210,real_q8_tensor_220w_none,0,78,11457,213.15,66,1830,9251,3,16
1784684947.210,real_q8_tensor_220w_none,1,100,11457,218.85,69,1740,9251,3,16
1784684947.210,real_q8_tensor_220w_none,2,100,11457,218.15,75,1785,9251,3,16
1784684947.210,real_q8_tensor_220w_none,3,100,11457,218.33,70,1770,9251,3,16
1784684947.780,real_q8_tensor_220w_none,0,75,11457,213.01,65,1845,9251,3,16
1784684947.780,real_q8_tensor_220w_none,1,100,11457,216.66,69,1740,9251,3,16
1784684947.780,real_q8_tensor_220w_none,2,87,11457,215.37,74,1785,9251,3,16
1784684947.780,real_q8_tensor_220w_none,3,100,11457,217.27,70,1755,9251,3,16
1784684948.352,real_q8_tensor_220w_none,0,75,11457,213.19,65,1830,9251,3,16
1784684948.352,real_q8_tensor_220w_none,1,100,11457,217.22,69,1770,9251,3,16
1784684948.352,real_q8_tensor_220w_none,2,100,11457,215.58,75,1785,9251,3,16
1784684948.352,real_q8_tensor_220w_none,3,100,11457,217.84,70,1785,9251,3,16
1784684948.922,real_q8_tensor_220w_none,0,100,11457,214.36,65,1860,9251,3,16
1784684948.922,real_q8_tensor_220w_none,1,100,11457,216.58,70,1845,9251,3,16
1784684948.922,real_q8_tensor_220w_none,2,100,11457,215.25,75,1815,9251,3,16
1784684948.922,real_q8_tensor_220w_none,3,100,11457,219.23,70,1845,9251,3,16
1784684949.486,real_q8_tensor_220w_none,0,100,11457,212.42,66,1830,9251,3,16
1784684949.486,real_q8_tensor_220w_none,1,85,11457,216.83,69,1740,9251,3,16
1784684949.486,real_q8_tensor_220w_none,2,100,11457,215.30,74,1785,9251,3,16
1784684949.486,real_q8_tensor_220w_none,3,100,11457,216.12,70,1770,9251,3,16
1784684950.079,real_q8_tensor_220w_none,0,100,11457,214.86,66,1815,9251,3,16
1784684950.079,real_q8_tensor_220w_none,1,85,11457,218.91,70,1740,9251,3,16
1784684950.079,real_q8_tensor_220w_none,2,100,11457,217.66,75,1785,9251,3,16
1784684950.079,real_q8_tensor_220w_none,3,100,11457,217.45,70,1740,9251,3,16
1784684950.650,real_q8_tensor_220w_none,0,100,11457,213.25,65,1830,9251,3,16
1784684950.650,real_q8_tensor_220w_none,1,74,11457,216.62,69,1770,9251,3,16
1784684950.650,real_q8_tensor_220w_none,2,73,11457,215.15,74,1770,9251,3,16
1784684950.650,real_q8_tensor_220w_none,3,95,11457,216.50,70,1785,9251,3,16
1784684951.219,real_q8_tensor_220w_none,0,100,11457,211.89,66,1845,9251,3,16
1784684951.219,real_q8_tensor_220w_none,1,74,11457,216.20,70,1740,9251,3,16
1784684951.219,real_q8_tensor_220w_none,2,73,11457,215.21,75,1770,9251,3,16
1784684951.219,real_q8_tensor_220w_none,3,95,11457,219.10,70,1740,9251,3,16
1784684951.818,real_q8_tensor_220w_none,0,100,11457,214.79,66,1875,9251,3,16
1784684951.818,real_q8_tensor_220w_none,1,73,11457,214.90,70,1875,9251,3,16
1784684951.818,real_q8_tensor_220w_none,2,73,11457,213.60,75,1830,9251,3,16
1784684951.818,real_q8_tensor_220w_none,3,100,11457,218.16,70,1890,9251,3,16
1784684952.386,real_q8_tensor_220w_none,0,100,11457,212.07,66,1815,9251,3,16
1784684952.386,real_q8_tensor_220w_none,1,73,11457,215.79,69,1710,9251,3,16
1784684952.386,real_q8_tensor_220w_none,2,73,11457,213.53,74,1785,9251,3,16
1784684952.386,real_q8_tensor_220w_none,3,100,11457,216.34,70,1755,9251,3,16
1784684952.954,real_q8_tensor_220w_none,0,100,11457,214.64,66,1815,9251,3,16
1784684952.954,real_q8_tensor_220w_none,1,100,11457,218.88,70,1740,9251,3,16
1784684952.954,real_q8_tensor_220w_none,2,100,11457,217.38,75,1770,9251,3,16
1784684952.954,real_q8_tensor_220w_none,3,100,11457,217.91,70,1755,9251,3,16
1784684953.539,real_q8_tensor_220w_none,0,89,11457,213.68,65,1830,9251,3,16
1784684953.539,real_q8_tensor_220w_none,1,100,11457,216.52,69,1740,9251,3,16
1784684953.539,real_q8_tensor_220w_none,2,100,11457,214.93,74,1770,9251,3,16
1784684953.539,real_q8_tensor_220w_none,3,100,11457,216.67,70,1740,9251,3,16
1784684954.110,real_q8_tensor_220w_none,0,89,11457,211.88,66,1830,9251,3,16
1784684954.110,real_q8_tensor_220w_none,1,100,11457,216.60,70,1710,9251,3,16
1784684954.110,real_q8_tensor_220w_none,2,100,11457,214.36,74,1785,9251,3,16
1784684954.110,real_q8_tensor_220w_none,3,100,11457,216.60,71,1740,9251,3,16
1784684954.680,real_q8_tensor_220w_none,0,100,11457,213.97,66,1815,9251,3,16
1784684954.680,real_q8_tensor_220w_none,1,100,11457,217.41,70,1710,9251,3,16
1784684954.680,real_q8_tensor_220w_none,2,100,11457,216.15,75,1770,9251,3,16
1784684954.680,real_q8_tensor_220w_none,3,100,11457,217.89,71,1740,9251,3,16
1784684955.248,real_q8_tensor_220w_none,0,86,11457,210.37,65,1815,9251,3,16
1784684955.248,real_q8_tensor_220w_none,1,72,11457,215.92,70,1725,9251,3,16
1784684955.248,real_q8_tensor_220w_none,2,72,11457,213.71,75,1755,9251,3,16
1784684955.248,real_q8_tensor_220w_none,3,100,11457,216.51,70,1755,9251,3,16
1784684955.819,real_q8_tensor_220w_none,0,100,11457,210.86,66,1815,9251,3,16
1784684955.819,real_q8_tensor_220w_none,1,100,11457,217.39,70,1740,9251,3,16
1784684955.819,real_q8_tensor_220w_none,2,86,11457,215.11,74,1770,9251,3,16
1784684955.819,real_q8_tensor_220w_none,3,86,11457,216.95,70,1770,9251,3,16
1784684956.392,real_q8_tensor_220w_none,0,100,11457,214.61,66,1830,9251,3,16
1784684956.392,real_q8_tensor_220w_none,1,100,11457,217.90,70,1710,9251,3,16
1784684956.392,real_q8_tensor_220w_none,2,100,11457,217.01,75,1785,9251,3,16
1784684956.392,real_q8_tensor_220w_none,3,100,11457,218.30,70,1740,9251,3,16
1784684956.954,real_q8_tensor_220w_none,0,100,11457,212.21,65,1830,9251,3,16
1784684956.954,real_q8_tensor_220w_none,1,100,11457,214.93,69,1710,9251,3,16
1784684956.954,real_q8_tensor_220w_none,2,100,11457,214.99,74,1755,9251,3,16
1784684956.954,real_q8_tensor_220w_none,3,100,11457,215.11,70,1740,9251,3,16
1784684957.548,real_q8_tensor_220w_none,0,100,11457,213.76,66,1845,9251,3,16
1784684957.548,real_q8_tensor_220w_none,1,100,11457,216.27,69,1725,9251,3,16
1784684957.548,real_q8_tensor_220w_none,2,100,11457,216.84,75,1785,9251,3,16
1784684957.548,real_q8_tensor_220w_none,3,100,11457,217.64,70,1755,9251,3,16
1784684958.143,real_q8_tensor_220w_none,0,100,11457,213.97,66,1905,9251,3,16
1784684958.143,real_q8_tensor_220w_none,1,100,11457,215.09,69,1875,9251,3,16
1784684958.143,real_q8_tensor_220w_none,2,100,11457,214.07,74,1860,9251,3,16
1784684958.143,real_q8_tensor_220w_none,3,100,11457,215.12,70,1875,9251,3,16
1784684958.712,real_q8_tensor_220w_none,0,100,11457,211.65,65,1830,9251,3,16
1784684958.712,real_q8_tensor_220w_none,1,100,11457,214.66,70,1740,9251,3,16
1784684958.712,real_q8_tensor_220w_none,2,100,11457,213.82,75,1770,9251,3,16
1784684958.712,real_q8_tensor_220w_none,3,100,11457,214.77,70,1755,9251,3,16
1784684959.307,real_q8_tensor_220w_none,0,100,11457,213.97,66,1845,9251,3,16
1784684959.307,real_q8_tensor_220w_none,1,100,11457,217.17,70,1710,9251,3,16
1784684959.307,real_q8_tensor_220w_none,2,100,11457,216.16,75,1785,9251,3,16
1784684959.307,real_q8_tensor_220w_none,3,100,11457,217.73,70,1740,9251,3,16
1784684959.904,real_q8_tensor_220w_none,0,100,11457,210.15,65,1800,9251,3,16
1784684959.904,real_q8_tensor_220w_none,1,92,11457,215.43,69,1725,9251,3,16
1784684959.904,real_q8_tensor_220w_none,2,79,11457,214.92,74,1740,9251,3,16
1784684959.904,real_q8_tensor_220w_none,3,68,11457,214.97,70,1710,9251,3,16
1784684960.475,real_q8_tensor_220w_none,0,100,11457,210.44,66,1815,9251,3,16
1784684960.475,real_q8_tensor_220w_none,1,92,11457,214.82,70,1710,9251,3,16
1784684960.475,real_q8_tensor_220w_none,2,79,11457,213.69,75,1755,9251,3,16
1784684960.475,real_q8_tensor_220w_none,3,68,11457,214.80,71,1740,9251,3,16
1784684961.066,real_q8_tensor_220w_none,0,100,11457,214.29,66,1800,9251,3,16
1784684961.066,real_q8_tensor_220w_none,1,100,11457,216.58,70,1725,9251,3,16
1784684961.066,real_q8_tensor_220w_none,2,100,11457,215.07,75,1755,9251,3,16
1784684961.066,real_q8_tensor_220w_none,3,100,11457,216.98,70,1740,9251,3,16
1784684961.637,real_q8_tensor_220w_none,0,75,11457,212.03,65,1785,9251,3,16
1784684961.637,real_q8_tensor_220w_none,1,100,11457,215.12,69,1725,9251,3,16
1784684961.637,real_q8_tensor_220w_none,2,100,11457,213.58,75,1755,9251,3,16
1784684961.637,real_q8_tensor_220w_none,3,100,11457,214.31,70,1755,9251,3,16
1784684962.207,real_q8_tensor_220w_none,0,75,11457,211.28,66,1800,9251,3,16
1784684962.207,real_q8_tensor_220w_none,1,100,11457,216.31,70,1710,9251,3,16
1784684962.207,real_q8_tensor_220w_none,2,100,11457,214.51,75,1740,9251,3,16
1784684962.207,real_q8_tensor_220w_none,3,100,11457,215.53,71,1725,9251,3,16
1784684962.776,real_q8_tensor_220w_none,0,100,11457,213.80,66,1800,9251,3,16
1784684962.776,real_q8_tensor_220w_none,1,100,11457,217.23,70,1740,9251,3,16
1784684962.776,real_q8_tensor_220w_none,2,100,11457,214.88,75,1740,9251,3,16
1784684962.776,real_q8_tensor_220w_none,3,100,11457,217.28,71,1770,9251,3,16
1784684963.348,real_q8_tensor_220w_none,0,100,11457,211.44,65,1770,9251,3,16
1784684963.348,real_q8_tensor_220w_none,1,100,11457,215.22,69,1710,9251,3,16
1784684963.348,real_q8_tensor_220w_none,2,68,11457,211.45,74,1755,9251,3,16
1784684963.348,real_q8_tensor_220w_none,3,69,11457,215.17,70,1725,9251,3,16
1784684963.943,real_q8_tensor_220w_none,0,100,11457,210.47,66,1785,9251,3,16
1784684963.943,real_q8_tensor_220w_none,1,100,11457,216.13,70,1710,9251,3,16
1784684963.943,real_q8_tensor_220w_none,2,68,11457,213.59,75,1755,9251,3,16
1784684963.943,real_q8_tensor_220w_none,3,69,11457,218.99,71,1725,9251,3,16
1784684964.514,real_q8_tensor_220w_none,0,100,11457,212.38,66,1830,9251,3,16
1784684964.514,real_q8_tensor_220w_none,1,100,11457,216.54,70,1710,9251,3,16
1784684964.514,real_q8_tensor_220w_none,2,100,11457,215.88,75,1770,9251,3,16
1784684964.514,real_q8_tensor_220w_none,3,100,11457,218.31,70,1740,9251,3,16
1784684965.107,real_q8_tensor_220w_none,0,64,11457,208.58,65,1785,9251,3,16
1784684965.107,real_q8_tensor_220w_none,1,68,11457,213.81,69,1710,9251,3,16
1784684965.107,real_q8_tensor_220w_none,2,82,11457,212.52,75,1785,9251,3,16
1784684965.107,real_q8_tensor_220w_none,3,82,11457,214.46,70,1725,9251,3,16
1784684965.706,real_q8_tensor_220w_none,0,64,11457,208.71,66,1785,9251,3,16
1784684965.706,real_q8_tensor_220w_none,1,68,11457,217.60,69,1755,9251,3,16
1784684965.706,real_q8_tensor_220w_none,2,100,11457,216.48,75,1755,9251,3,16
1784684965.706,real_q8_tensor_220w_none,3,100,11457,215.20,70,1755,9251,3,16
1784684966.299,real_q8_tensor_220w_none,0,100,11457,212.62,66,1830,9251,3,16
1784684966.299,real_q8_tensor_220w_none,1,100,11457,216.09,70,1710,9251,3,16
1784684966.299,real_q8_tensor_220w_none,2,93,11457,215.94,75,1740,9251,3,16
1784684966.299,real_q8_tensor_220w_none,3,100,11457,216.85,71,1710,9251,3,16
1784684966.869,real_q8_tensor_220w_none,0,100,11457,210.65,66,1785,9251,3,16
1784684966.869,real_q8_tensor_220w_none,1,100,11457,212.42,69,1710,9251,3,16
1784684966.869,real_q8_tensor_220w_none,2,68,11457,211.83,74,1740,9251,3,16
1784684966.869,real_q8_tensor_220w_none,3,68,11457,213.66,70,1740,9251,3,16
1784684967.440,real_q8_tensor_220w_none,0,100,11457,210.23,65,1800,9251,3,16
1784684967.440,real_q8_tensor_220w_none,1,100,11457,213.88,70,1710,9251,3,16
1784684967.440,real_q8_tensor_220w_none,2,68,11457,213.12,75,1785,9251,3,16
1784684967.440,real_q8_tensor_220w_none,3,68,11457,216.39,70,1725,9251,3,16
1784684968.009,real_q8_tensor_220w_none,0,100,11457,212.76,66,1785,9251,3,16
1784684968.009,real_q8_tensor_220w_none,1,100,11457,216.40,70,1755,9251,3,16
1784684968.009,real_q8_tensor_220w_none,2,100,11457,215.75,75,1755,9251,3,16
1784684968.009,real_q8_tensor_220w_none,3,100,11457,216.37,71,1755,9251,3,16
1784684968.580,real_q8_tensor_220w_none,0,89,11457,211.62,65,1920,9251,3,16
1784684968.580,real_q8_tensor_220w_none,1,100,11457,215.32,70,1875,9251,3,16
1784684968.580,real_q8_tensor_220w_none,2,100,11457,212.84,75,1860,9251,3,16
1784684968.580,real_q8_tensor_220w_none,3,100,11457,215.70,70,1905,9251,3,16
1784684969.177,real_q8_tensor_220w_none,0,89,11457,210.79,66,1815,9251,3,16
1784684969.177,real_q8_tensor_220w_none,1,100,11457,217.21,70,1740,9251,3,16
1784684969.177,real_q8_tensor_220w_none,2,100,11457,214.23,74,1740,9251,3,16
1784684969.177,real_q8_tensor_220w_none,3,100,11457,215.43,70,1740,9251,3,16
1784684969.771,real_q8_tensor_220w_none,0,100,11457,212.45,66,1785,9251,3,16
1784684969.771,real_q8_tensor_220w_none,1,100,11457,216.73,70,1695,9251,3,16
1784684969.771,real_q8_tensor_220w_none,2,100,11457,215.21,74,1740,9251,3,16
1784684969.771,real_q8_tensor_220w_none,3,97,11457,216.10,70,1725,9251,3,16
1784684970.342,real_q8_tensor_220w_none,0,87,11457,209.31,66,1905,9251,3,16
1784684970.342,real_q8_tensor_220w_none,1,100,11457,216.80,69,1845,9251,3,16
1784684970.342,real_q8_tensor_220w_none,2,100,11457,215.33,75,1845,9251,3,16
1784684970.342,real_q8_tensor_220w_none,3,66,11457,213.45,71,1845,9251,3,16
1784684970.930,real_q8_tensor_220w_none,0,66,11457,209.48,65,1785,9251,3,16
1784684970.930,real_q8_tensor_220w_none,1,100,11457,215.02,70,1710,9251,3,16
1784684970.930,real_q8_tensor_220w_none,2,100,11457,213.76,75,1740,9251,3,16
1784684970.930,real_q8_tensor_220w_none,3,66,11457,215.04,70,1725,9251,3,16
1784684971.523,real_q8_tensor_220w_none,0,66,11457,209.63,66,1905,9251,3,16
1784684971.523,real_q8_tensor_220w_none,1,100,11457,215.54,69,1725,9251,3,16
1784684971.523,real_q8_tensor_220w_none,2,100,11457,213.31,74,1785,9251,3,16
1784684971.523,real_q8_tensor_220w_none,3,100,11457,217.83,70,1755,9251,3,16
1784684972.088,real_q8_tensor_220w_none,0,66,11457,212.90,66,1830,9251,3,16
1784684972.088,real_q8_tensor_220w_none,1,64,11457,216.79,69,1785,9251,3,16
1784684972.088,real_q8_tensor_220w_none,2,100,11457,214.71,75,1770,9251,3,16
1784684972.088,real_q8_tensor_220w_none,3,100,11457,216.14,70,1755,9251,3,16
1784684972.696,real_q8_tensor_220w_none,0,65,11457,210.64,65,1770,9251,3,16
1784684972.696,real_q8_tensor_220w_none,1,100,11457,213.91,68,1710,9251,3,16
1784684972.696,real_q8_tensor_220w_none,2,100,11457,213.07,74,1740,9251,3,16
1784684972.696,real_q8_tensor_220w_none,3,100,11457,214.77,70,1755,9251,3,16
1784684973.290,real_q8_tensor_220w_none,0,83,11457,214.59,66,1785,9251,3,16
1784684973.290,real_q8_tensor_220w_none,1,83,11457,216.02,70,1710,9251,3,16
1784684973.290,real_q8_tensor_220w_none,2,100,11457,215.56,75,1725,9251,3,16
1784684973.290,real_q8_tensor_220w_none,3,100,11457,217.18,70,1710,9251,3,16
1784684973.883,real_q8_tensor_220w_none,0,100,11457,215.21,66,1815,9251,3,16
1784684973.883,real_q8_tensor_220w_none,1,100,11457,217.02,70,1725,9251,3,16
1784684973.883,real_q8_tensor_220w_none,2,100,11457,215.69,75,1755,9251,3,16
1784684973.883,real_q8_tensor_220w_none,3,100,11457,216.28,71,1710,9251,3,16
1784684974.455,real_q8_tensor_220w_none,0,100,11457,211.34,66,1770,9251,3,16
1784684974.455,real_q8_tensor_220w_none,1,100,11457,214.86,68,1665,9251,3,16
1784684974.455,real_q8_tensor_220w_none,2,80,11457,212.71,73,1875,9251,3,16
1784684974.455,real_q8_tensor_220w_none,3,65,11457,214.32,71,1710,9251,3,16
1784684975.024,real_q8_tensor_220w_none,0,71,11457,213.08,65,1800,9251,3,16
1784684975.024,real_q8_tensor_220w_none,1,100,11457,213.32,69,1695,9251,3,16
1784684975.024,real_q8_tensor_220w_none,2,80,11457,211.99,75,1725,9251,3,16
1784684975.024,real_q8_tensor_220w_none,3,65,11457,217.10,70,1710,9251,3,16
1784684975.619,real_q8_tensor_220w_none,0,100,11457,214.39,66,1770,9251,3,16
1784684975.619,real_q8_tensor_220w_none,1,100,11457,216.38,70,1695,9251,3,16
1784684975.619,real_q8_tensor_220w_none,2,100,11457,215.15,75,1725,9251,3,16
1784684975.619,real_q8_tensor_220w_none,3,100,11457,216.64,70,1710,9251,3,16
1784684976.217,real_q8_tensor_220w_none,0,100,11457,213.93,66,1755,9251,3,16
1784684976.217,real_q8_tensor_220w_none,1,99,11457,217.47,70,1605,9251,3,16
1784684976.217,real_q8_tensor_220w_none,2,100,11457,215.21,75,1740,9251,3,16
1784684976.217,real_q8_tensor_220w_none,3,100,11457,217.13,71,1665,9251,3,16
1784684976.778,real_q8_tensor_220w_none,0,82,11457,210.70,65,1755,9251,3,16
1784684976.778,real_q8_tensor_220w_none,1,99,11457,213.18,69,1665,9251,3,16
1784684976.778,real_q8_tensor_220w_none,2,66,11457,211.22,74,1710,9251,3,16
1784684976.778,real_q8_tensor_220w_none,3,64,11457,214.73,70,1680,9251,3,16
1784684977.351,real_q8_tensor_220w_none,0,100,11457,215.06,66,1755,9251,3,16
1784684977.351,real_q8_tensor_220w_none,1,66,11457,212.98,69,1725,9251,3,16
1784684977.351,real_q8_tensor_220w_none,2,66,11457,210.48,75,1725,9251,3,16
1784684977.351,real_q8_tensor_220w_none,3,64,11457,217.64,70,1725,9251,3,16
1784684977.946,real_q8_tensor_220w_none,0,100,11457,214.18,66,1785,9251,3,16
1784684977.946,real_q8_tensor_220w_none,1,100,11457,215.86,70,1665,9251,3,16
1784684977.946,real_q8_tensor_220w_none,2,100,11457,213.54,75,1770,9251,3,16
1784684977.946,real_q8_tensor_220w_none,3,100,11457,216.83,71,1695,9251,3,16
1784684978.516,real_q8_tensor_220w_none,0,100,11457,213.24,66,1845,9251,3,16
1784684978.516,real_q8_tensor_220w_none,1,100,11457,215.46,69,1800,9251,3,16
1784684978.516,real_q8_tensor_220w_none,2,100,11457,214.15,74,1725,9251,3,16
1784684978.516,real_q8_tensor_220w_none,3,100,11457,216.37,71,1800,9251,3,16
1784684979.102,real_q8_tensor_220w_none,0,100,11457,210.50,66,1755,9251,3,16
1784684979.102,real_q8_tensor_220w_none,1,97,11457,213.28,68,1680,9251,3,16
1784684979.102,real_q8_tensor_220w_none,2,95,11457,211.24,73,1710,9251,3,16
1784684979.102,real_q8_tensor_220w_none,3,64,11457,213.78,70,1725,9251,3,16
1784684979.672,real_q8_tensor_220w_none,0,100,11457,214.05,65,1770,9251,3,16
1784684979.672,real_q8_tensor_220w_none,1,97,11457,213.72,70,1680,9251,3,16
1784684979.672,real_q8_tensor_220w_none,2,95,11457,211.51,75,1770,9251,3,16
1784684979.672,real_q8_tensor_220w_none,3,64,11457,218.10,70,1695,9251,3,16
1784684980.243,real_q8_tensor_220w_none,0,100,11457,213.68,66,1755,9251,3,16
1784684980.243,real_q8_tensor_220w_none,1,100,11457,215.70,70,1665,9251,3,16
1784684980.243,real_q8_tensor_220w_none,2,100,11457,214.75,75,1710,9251,3,16
1784684980.243,real_q8_tensor_220w_none,3,100,11457,216.19,70,1695,9251,3,16
1784684980.812,real_q8_tensor_220w_none,0,84,11457,212.52,66,1845,9251,3,16
1784684980.812,real_q8_tensor_220w_none,1,100,11457,215.33,70,1845,9251,3,16
1784684980.812,real_q8_tensor_220w_none,2,100,11457,213.85,75,1830,9251,3,16
1784684980.812,real_q8_tensor_220w_none,3,88,11457,213.46,69,1860,9251,3,16
1784684981.445,real_q8_tensor_220w_none,0,84,11457,212.43,65,1785,9251,3,16
1784684981.445,real_q8_tensor_220w_none,1,73,11457,212.69,69,1680,9251,3,16
1784684981.445,real_q8_tensor_220w_none,2,78,11457,211.04,74,1755,9251,3,16
1784684981.445,real_q8_tensor_220w_none,3,100,11457,213.22,70,1680,9251,3,16
1784684982.016,real_q8_tensor_220w_none,0,100,11457,214.06,66,1800,9251,3,16
1784684982.016,real_q8_tensor_220w_none,1,73,11457,215.26,69,1725,9251,3,16
1784684982.016,real_q8_tensor_220w_none,2,78,11457,214.83,74,1725,9251,3,16
1784684982.016,real_q8_tensor_220w_none,3,100,11457,215.43,70,1740,9251,3,16
1784684982.586,real_q8_tensor_220w_none,0,100,11457,215.22,66,1755,9251,3,16
1784684982.586,real_q8_tensor_220w_none,1,100,11457,214.96,69,1665,9251,3,16
1784684982.586,real_q8_tensor_220w_none,2,100,11457,214.82,74,1725,9251,3,16
1784684982.586,real_q8_tensor_220w_none,3,100,11457,215.09,70,1695,9251,3,16
1784684983.154,real_q8_tensor_220w_none,0,100,11457,214.85,66,1770,9251,3,16
1784684983.154,real_q8_tensor_220w_none,1,100,11457,215.06,70,1650,9251,3,16
1784684983.154,real_q8_tensor_220w_none,2,100,11457,214.59,75,1770,9251,3,16
1784684983.154,real_q8_tensor_220w_none,3,100,11457,215.53,71,1680,9251,3,16
1784684983.717,real_q8_tensor_220w_none,0,100,11457,212.81,65,1740,9251,3,16
1784684983.717,real_q8_tensor_220w_none,1,62,11457,212.51,70,1635,9251,3,16
1784684983.717,real_q8_tensor_220w_none,2,63,11457,211.06,75,1710,9251,3,16
1784684983.717,real_q8_tensor_220w_none,3,78,11457,213.85,69,1680,9251,3,16
1784684984.288,real_q8_tensor_220w_none,0,100,11457,209.79,66,1770,9251,3,16
1784684984.288,real_q8_tensor_220w_none,1,81,11457,216.55,69,1725,9251,3,16
1784684984.288,real_q8_tensor_220w_none,2,82,11457,214.72,75,1695,9251,3,16
1784684984.288,real_q8_tensor_220w_none,3,81,11457,213.34,70,1740,9251,3,16
1784684984.897,real_q8_tensor_220w_none,0,100,11457,213.35,65,1755,9251,3,16
1784684984.897,real_q8_tensor_220w_none,1,100,11457,215.77,70,1665,9251,3,16
1784684984.897,real_q8_tensor_220w_none,2,100,11457,213.66,75,1695,9251,3,16
1784684984.897,real_q8_tensor_220w_none,3,100,11457,215.28,71,1680,9251,3,16
1784684985.466,real_q8_tensor_220w_none,0,100,11457,213.89,66,1755,9251,3,16
1784684985.466,real_q8_tensor_220w_none,1,100,11457,214.79,70,1650,9251,3,16
1784684985.466,real_q8_tensor_220w_none,2,100,11457,212.93,75,1710,9251,3,16
1784684985.466,real_q8_tensor_220w_none,3,100,11457,215.06,70,1695,9251,3,16
1784684986.040,real_q8_tensor_220w_none,0,100,11457,209.77,65,1725,9251,3,16
1784684986.040,real_q8_tensor_220w_none,1,90,11457,214.20,68,1635,9251,3,16
1784684986.040,real_q8_tensor_220w_none,2,89,11457,212.23,73,1710,9251,3,16
1784684986.040,real_q8_tensor_220w_none,3,62,11457,211.51,70,1680,9251,3,16
1784684986.651,real_q8_tensor_220w_none,0,100,11457,212.59,65,1755,9251,3,16
1784684986.651,real_q8_tensor_220w_none,1,90,11457,212.22,70,1650,9251,3,16
1784684986.651,real_q8_tensor_220w_none,2,89,11457,210.07,74,1710,9251,3,16
1784684986.651,real_q8_tensor_220w_none,3,62,11457,215.69,70,1695,9251,3,16
1784684987.221,real_q8_tensor_220w_none,0,100,11457,214.24,66,1740,9251,3,16
1784684987.221,real_q8_tensor_220w_none,1,100,11457,214.93,69,1665,9251,3,16
1784684987.221,real_q8_tensor_220w_none,2,100,11457,213.82,75,1695,9251,3,16
1784684987.221,real_q8_tensor_220w_none,3,100,11457,216.84,70,1665,9251,3,16
1784684987.790,real_q8_tensor_220w_none,0,100,11457,212.72,66,1725,9251,3,16
1784684987.790,real_q8_tensor_220w_none,1,81,11457,215.48,70,1665,9251,3,16
1784684987.790,real_q8_tensor_220w_none,2,100,11457,212.65,75,1695,9251,3,16
1784684987.790,real_q8_tensor_220w_none,3,94,11457,214.90,70,1710,9251,3,16
1784684988.361,real_q8_tensor_220w_none,0,100,11457,212.69,66,1725,9251,3,16
1784684988.361,real_q8_tensor_220w_none,1,100,11457,214.85,70,1725,9251,3,16
1784684988.361,real_q8_tensor_220w_none,2,100,11457,212.41,75,1695,9251,3,16
1784684988.361,real_q8_tensor_220w_none,3,100,11457,214.81,70,1710,9251,3,16
1784684988.928,real_q8_tensor_220w_none,0,100,11457,211.60,65,1905,9251,3,16
1784684988.928,real_q8_tensor_220w_none,1,100,11457,210.69,68,1665,9251,3,16
1784684988.928,real_q8_tensor_220w_none,2,100,11457,208.85,73,1875,9251,3,16
1784684988.928,real_q8_tensor_220w_none,3,100,11457,215.18,70,1770,9251,3,16
1784684989.497,real_q8_tensor_220w_none,0,100,11457,208.15,65,1725,9251,3,16
1784684989.497,real_q8_tensor_220w_none,1,62,11457,214.20,69,1665,9251,3,16
1784684989.497,real_q8_tensor_220w_none,2,100,11457,212.53,74,1695,9251,3,16
1784684989.497,real_q8_tensor_220w_none,3,81,11457,212.18,70,1710,9251,3,16
1784684990.066,real_q8_tensor_220w_none,0,100,11457,212.20,65,1755,9251,3,16
1784684990.066,real_q8_tensor_220w_none,1,62,11457,215.88,70,1710,9251,3,16
1784684990.066,real_q8_tensor_220w_none,2,100,11457,214.97,75,1680,9251,3,16
1784684990.066,real_q8_tensor_220w_none,3,81,11457,214.81,71,1665,9251,3,16
1784684990.635,real_q8_tensor_220w_none,0,100,11457,212.00,66,1770,9251,3,16
1784684990.635,real_q8_tensor_220w_none,1,100,11457,214.11,69,1680,9251,3,16
1784684990.635,real_q8_tensor_220w_none,2,100,11457,213.41,74,1725,9251,3,16
1784684990.635,real_q8_tensor_220w_none,3,100,11457,214.86,70,1665,9251,3,16
1784684991.205,real_q8_tensor_220w_none,0,100,11457,213.01,66,1740,9251,3,16
1784684991.205,real_q8_tensor_220w_none,1,100,11457,214.05,69,1710,9251,3,16
1784684991.205,real_q8_tensor_220w_none,2,100,11457,213.50,75,1665,9251,3,16
1784684991.205,real_q8_tensor_220w_none,3,100,11457,214.75,70,1740,9251,3,16
1784684991.797,real_q8_tensor_220w_none,0,98,11457,212.62,65,1890,9251,3,16
1784684991.797,real_q8_tensor_220w_none,1,100,11457,209.95,70,1845,9251,3,16
1784684991.797,real_q8_tensor_220w_none,2,60,11457,209.27,75,1860,9251,3,16
1784684991.797,real_q8_tensor_220w_none,3,89,11457,214.32,70,1860,9251,3,16
1784684992.367,real_q8_tensor_220w_none,0,72,11457,208.48,64,1770,9251,3,16
1784684992.367,real_q8_tensor_220w_none,1,100,11457,211.07,69,1650,9251,3,16
1784684992.367,real_q8_tensor_220w_none,2,60,11457,209.90,74,1755,9251,3,16
1784684992.367,real_q8_tensor_220w_none,3,89,11457,212.66,70,1665,9251,3,16
1784684992.937,real_q8_tensor_220w_none,0,72,11457,208.52,66,1740,9251,3,16
1784684992.937,real_q8_tensor_220w_none,1,100,11457,215.48,70,1635,9251,3,16
1784684992.937,real_q8_tensor_220w_none,2,100,11457,213.95,74,1695,9251,3,16
1784684992.937,real_q8_tensor_220w_none,3,100,11457,214.32,70,1740,9251,3,16
1784684993.509,real_q8_tensor_220w_none,0,100,11457,212.57,66,1785,9251,3,16
1784684993.509,real_q8_tensor_220w_none,1,100,11457,215.36,70,1665,9251,3,16
1784684993.509,real_q8_tensor_220w_none,2,100,11457,212.69,75,1695,9251,3,16
1784684993.509,real_q8_tensor_220w_none,3,100,11457,214.08,71,1695,9251,3,16
1784684994.080,real_q8_tensor_220w_none,0,100,11457,212.24,66,1755,9251,3,16
1784684994.080,real_q8_tensor_220w_none,1,100,11457,215.37,70,1665,9251,3,16
1784684994.080,real_q8_tensor_220w_none,2,100,11457,213.00,74,1680,9251,3,16
1784684994.080,real_q8_tensor_220w_none,3,100,11457,214.24,70,1710,9251,3,16
1784684994.649,real_q8_tensor_220w_none,0,100,11457,210.88,66,1785,9251,3,16
1784684994.649,real_q8_tensor_220w_none,1,100,11457,214.66,70,1650,9251,3,16
1784684994.649,real_q8_tensor_220w_none,2,100,11457,213.16,75,1680,9251,3,16
1784684994.649,real_q8_tensor_220w_none,3,100,11457,214.18,71,1695,9251,3,16
1784684995.214,real_q8_tensor_220w_none,0,100,11457,211.71,65,1710,9251,3,16
1784684995.214,real_q8_tensor_220w_none,1,60,11457,210.45,68,1620,9251,3,16
1784684995.214,real_q8_tensor_220w_none,2,59,11457,208.35,73,1680,9251,3,16
1784684995.214,real_q8_tensor_220w_none,3,95,11457,211.63,70,1665,9251,3,16
1784684995.806,real_q8_tensor_220w_none,0,63,11457,209.10,65,1740,9251,3,16
1784684995.806,real_q8_tensor_220w_none,1,79,11457,215.48,69,1620,9251,3,16
1784684995.806,real_q8_tensor_220w_none,2,79,11457,214.42,74,1740,9251,3,16
1784684995.806,real_q8_tensor_220w_none,3,93,11457,211.41,70,1665,9251,3,16
1784684996.379,real_q8_tensor_220w_none,0,63,11457,212.34,65,1770,9251,3,16
1784684996.379,real_q8_tensor_220w_none,1,100,11457,215.15,69,1635,9251,3,16
1784684996.379,real_q8_tensor_220w_none,2,100,11457,214.33,74,1695,9251,3,16
1784684996.379,real_q8_tensor_220w_none,3,100,11457,214.36,70,1695,9251,3,16
1784684996.950,real_q8_tensor_220w_none,0,100,11457,212.73,65,1740,9251,3,16
1784684996.950,real_q8_tensor_220w_none,1,100,11457,213.44,69,1635,9251,3,16
1784684996.950,real_q8_tensor_220w_none,2,100,11457,212.62,75,1665,9251,3,16
1784684996.950,real_q8_tensor_220w_none,3,100,11457,214.41,70,1665,9251,3,16
1784684997.528,real_q8_tensor_220w_none,0,100,11457,212.17,66,1725,9251,3,16
1784684997.528,real_q8_tensor_220w_none,1,100,11457,213.57,70,1635,9251,3,16
1784684997.528,real_q8_tensor_220w_none,2,100,11457,212.79,75,1710,9251,3,16
1784684997.528,real_q8_tensor_220w_none,3,100,11457,214.77,70,1665,9251,3,16
1784684998.098,real_q8_tensor_220w_none,0,100,11457,211.99,65,1785,9251,3,16
1784684998.098,real_q8_tensor_220w_none,1,100,11457,213.75,69,1635,9251,3,16
1784684998.098,real_q8_tensor_220w_none,2,100,11457,212.09,74,1740,9251,3,16
1784684998.098,real_q8_tensor_220w_none,3,100,11457,214.43,70,1680,9251,3,16
1784684998.661,real_q8_tensor_220w_none,0,100,11457,207.59,66,1905,9251,3,16
1784684998.661,real_q8_tensor_220w_none,1,89,11457,213.27,68,1875,9251,3,16
1784684998.661,real_q8_tensor_220w_none,2,91,11457,211.99,74,1875,9251,3,16
1784684998.661,real_q8_tensor_220w_none,3,58,11457,209.68,70,1890,9251,3,16
1784684999.228,real_q8_tensor_220w_none,0,59,11457,208.25,65,1725,9251,3,16
1784684999.228,real_q8_tensor_220w_none,1,89,11457,211.16,69,1635,9251,3,16
1784684999.228,real_q8_tensor_220w_none,2,91,11457,209.53,74,1680,9251,3,16
1784684999.228,real_q8_tensor_220w_none,3,58,11457,210.44,70,1650,9251,3,16
1784684999.798,real_q8_tensor_220w_none,0,79,11457,214.40,65,1725,9251,3,16
1784684999.798,real_q8_tensor_220w_none,1,100,11457,213.57,69,1620,9251,3,16
1784684999.798,real_q8_tensor_220w_none,2,100,11457,211.72,74,1695,9251,3,16
1784684999.798,real_q8_tensor_220w_none,3,100,11457,215.97,70,1665,9251,3,16
1784685000.370,real_q8_tensor_220w_none,0,100,11457,211.70,66,1725,9251,3,16
1784685000.370,real_q8_tensor_220w_none,1,100,11457,213.72,69,1650,9251,3,16
1784685000.370,real_q8_tensor_220w_none,2,100,11457,211.95,74,1740,9251,3,16
1784685000.370,real_q8_tensor_220w_none,3,100,11457,213.83,70,1635,9251,3,16
1784685000.941,real_q8_tensor_220w_none,0,100,11457,211.42,65,1725,9251,3,16
1784685000.941,real_q8_tensor_220w_none,1,100,11457,213.22,70,1635,9251,3,16
1784685000.941,real_q8_tensor_220w_none,2,100,11457,211.61,75,1725,9251,3,16
1784685000.941,real_q8_tensor_220w_none,3,100,11457,213.87,70,1650,9251,3,16
1784685001.513,real_q8_tensor_220w_none,0,100,11457,210.64,66,1740,9251,3,16
1784685001.513,real_q8_tensor_220w_none,1,100,11457,214.04,69,1620,9251,3,16
1784685001.513,real_q8_tensor_220w_none,2,100,11457,212.97,75,1665,9251,3,16
1784685001.513,real_q8_tensor_220w_none,3,100,11457,213.93,70,1650,9251,3,16
1784685002.141,real_q8_tensor_220w_none,0,100,11457,206.46,65,1905,9251,3,16
1784685002.141,real_q8_tensor_220w_none,1,88,11457,211.79,68,1590,9251,3,16
1784685002.141,real_q8_tensor_220w_none,2,82,11457,210.59,73,1875,9251,3,16
1784685002.141,real_q8_tensor_220w_none,3,56,11457,208.78,70,1665,9251,3,16
1784685002.734,real_q8_tensor_220w_none,0,100,11457,211.98,64,1785,9251,3,16
1784685002.734,real_q8_tensor_220w_none,1,88,11457,212.10,69,1620,9251,3,16
1784685002.734,real_q8_tensor_220w_none,2,82,11457,209.61,74,1740,9251,3,16
1784685002.734,real_q8_tensor_220w_none,3,56,11457,215.55,70,1650,9251,3,16
1784685003.334,real_q8_tensor_220w_none,0,99,11457,211.77,65,1725,9251,3,16
1784685003.334,real_q8_tensor_220w_none,1,100,11457,213.84,70,1620,9251,3,16
1784685003.334,real_q8_tensor_220w_none,2,100,11457,211.88,75,1680,9251,3,16
1784685003.334,real_q8_tensor_220w_none,3,100,11457,214.45,70,1725,9251,3,16
1784685003.926,real_q8_tensor_220w_none,0,100,11457,212.49,66,1740,9251,3,16
1784685003.926,real_q8_tensor_220w_none,1,100,11457,214.22,69,1680,9251,3,16
1784685003.926,real_q8_tensor_220w_none,2,100,11457,213.17,74,1665,9251,3,16
1784685003.926,real_q8_tensor_220w_none,3,100,11457,215.15,70,1740,9251,3,16
1784685004.497,real_q8_tensor_220w_none,0,100,11457,211.64,65,1770,9251,3,16
1784685004.497,real_q8_tensor_220w_none,1,100,11457,213.39,70,1620,9251,3,16
1784685004.497,real_q8_tensor_220w_none,2,100,11457,211.73,75,1740,9251,3,16
1784685004.497,real_q8_tensor_220w_none,3,100,11457,214.55,70,1650,9251,3,16
1784685005.091,real_q8_tensor_220w_none,0,100,11457,211.31,66,1725,9251,3,16
1784685005.091,real_q8_tensor_220w_none,1,100,11457,213.26,69,1620,9251,3,16
1784685005.091,real_q8_tensor_220w_none,2,100,11457,211.91,75,1725,9251,3,16
1784685005.091,real_q8_tensor_220w_none,3,100,11457,213.82,70,1650,9251,3,16
1784685005.657,real_q8_tensor_220w_none,0,100,11457,207.91,64,1920,9251,3,16
1784685005.657,real_q8_tensor_220w_none,1,53,11457,209.89,69,1590,9251,3,16
1784685005.657,real_q8_tensor_220w_none,2,54,11457,207.32,74,1890,9251,3,16
1784685005.657,real_q8_tensor_220w_none,3,69,11457,210.77,69,1650,9251,3,16
1784685006.267,real_q8_tensor_220w_none,0,67,11457,209.92,65,1770,9251,3,16
1784685006.267,real_q8_tensor_220w_none,1,78,11457,213.62,69,1710,9251,3,16
1784685006.267,real_q8_tensor_220w_none,2,78,11457,211.22,74,1695,9251,3,16
1784685006.267,real_q8_tensor_220w_none,3,78,11457,214.26,70,1665,9251,3,16
1784685006.868,real_q8_tensor_220w_none,0,67,11457,210.96,65,1710,9251,3,16
1784685006.868,real_q8_tensor_220w_none,1,100,11457,213.55,69,1620,9251,3,16
1784685006.868,real_q8_tensor_220w_none,2,100,11457,211.47,74,1665,9251,3,16
1784685006.868,real_q8_tensor_220w_none,3,100,11457,213.73,70,1665,9251,3,16
1784685007.462,real_q8_tensor_220w_none,0,100,11457,209.95,65,1740,9251,3,16
1784685007.462,real_q8_tensor_220w_none,1,100,11457,212.21,69,1695,9251,3,16
1784685007.462,real_q8_tensor_220w_none,2,100,11457,210.52,74,1665,9251,3,16
1784685007.462,real_q8_tensor_220w_none,3,100,11457,213.82,70,1665,9251,3,16
1784685008.067,real_q8_tensor_220w_none,0,100,11457,209.12,65,1725,9251,3,16
1784685008.067,real_q8_tensor_220w_none,1,100,11457,212.19,69,1680,9251,3,16
1784685008.067,real_q8_tensor_220w_none,2,100,11457,210.23,75,1665,9251,3,16
1784685008.067,real_q8_tensor_220w_none,3,100,11457,213.63,70,1665,9251,3,16
1784685008.678,real_q8_tensor_220w_none,0,100,11457,209.66,65,1815,9251,3,16
1784685008.678,real_q8_tensor_220w_none,1,100,11457,211.59,69,1770,9251,3,16
1784685008.678,real_q8_tensor_220w_none,2,100,11457,209.90,74,1665,9251,3,16
1784685008.678,real_q8_tensor_220w_none,3,100,11457,213.51,70,1785,9251,3,16
1784685009.269,real_q8_tensor_220w_none,0,77,11457,211.52,64,1710,9251,3,16
1784685009.269,real_q8_tensor_220w_none,1,54,11457,211.81,69,1695,9251,3,16
1784685009.269,real_q8_tensor_220w_none,2,55,11457,210.03,74,1665,9251,3,16
1784685009.269,real_q8_tensor_220w_none,3,92,11457,214.81,70,1695,9251,3,16
1784685010.021,real_q8_tensor_220w_none,0,100,11457,209.41,65,1740,9251,3,16
1784685010.021,real_q8_tensor_220w_none,1,54,11457,212.84,70,1620,9251,3,16
1784685010.021,real_q8_tensor_220w_none,2,55,11457,210.76,74,1710,9251,3,16
1784685010.021,real_q8_tensor_220w_none,3,92,11457,212.78,70,1635,9251,3,16
1784685010.623,real_q8_tensor_220w_none,0,100,11457,210.26,65,1785,9251,3,16
1784685010.623,real_q8_tensor_220w_none,1,100,11457,212.91,70,1680,9251,3,16
1784685010.623,real_q8_tensor_220w_none,2,100,11457,211.16,74,1650,9251,3,16
1784685010.623,real_q8_tensor_220w_none,3,100,11457,212.97,70,1665,9251,3,16
1784685011.193,real_q8_tensor_220w_none,0,100,11457,210.16,65,1785,9251,3,16
1784685011.193,real_q8_tensor_220w_none,1,100,11457,212.70,69,1620,9251,3,16
1784685011.193,real_q8_tensor_220w_none,2,100,11457,211.29,74,1725,9251,3,16
1784685011.193,real_q8_tensor_220w_none,3,100,11457,213.52,70,1620,9251,3,16
1784685011.788,real_q8_tensor_220w_none,0,100,11457,209.63,66,1740,9251,3,16
1784685011.788,real_q8_tensor_220w_none,1,100,11457,213.28,69,1680,9251,3,16
1784685011.788,real_q8_tensor_220w_none,2,100,11457,211.03,74,1650,9251,3,16
1784685011.788,real_q8_tensor_220w_none,3,100,11457,212.99,70,1725,9251,3,16
1784685012.350,real_q8_tensor_220w_none,0,74,11457,206.97,66,1875,9251,3,16
1784685012.350,real_q8_tensor_220w_none,1,100,11457,213.51,69,1845,9251,3,16
1784685012.350,real_q8_tensor_220w_none,2,100,11457,211.95,74,1830,9251,3,16
1784685012.350,real_q8_tensor_220w_none,3,100,11457,209.59,69,1890,9251,3,16
1784685012.933,real_q8_tensor_220w_none,0,74,11457,209.87,65,1680,9251,3,16
1784685012.933,real_q8_tensor_220w_none,1,51,11457,209.41,69,1590,9251,3,16
1784685012.933,real_q8_tensor_220w_none,2,52,11457,206.30,74,1650,9251,3,16
1784685012.933,real_q8_tensor_220w_none,3,75,11457,215.18,69,1620,9251,3,16
1784685013.502,real_q8_tensor_220w_none,0,50,11457,209.24,65,1695,9251,3,16
1784685013.502,real_q8_tensor_220w_none,1,51,11457,213.28,69,1605,9251,3,16
1784685013.502,real_q8_tensor_220w_none,2,52,11457,210.63,74,1650,9251,3,16
1784685013.502,real_q8_tensor_220w_none,3,75,11457,213.91,70,1650,9251,3,16
1784685014.094,real_q8_tensor_220w_none,0,50,11457,209.32,65,1710,9251,3,16
1784685014.094,real_q8_tensor_220w_none,1,100,11457,212.89,69,1695,9251,3,16
1784685014.094,real_q8_tensor_220w_none,2,100,11457,211.74,74,1650,9251,3,16
1784685014.094,real_q8_tensor_220w_none,3,100,11457,212.60,70,1725,9251,3,16
1784685014.686,real_q8_tensor_220w_none,0,100,11457,210.17,65,1695,9251,3,16
1784685014.686,real_q8_tensor_220w_none,1,100,11457,212.66,69,1590,9251,3,16
1784685014.686,real_q8_tensor_220w_none,2,100,11457,211.73,74,1680,9251,3,16
1784685014.686,real_q8_tensor_220w_none,3,100,11457,212.47,70,1635,9251,3,16
1784685015.254,real_q8_tensor_220w_none,0,100,11457,210.12,65,1710,9251,3,16
1784685015.254,real_q8_tensor_220w_none,1,100,11457,211.44,69,1680,9251,3,16
1784685015.254,real_q8_tensor_220w_none,2,100,11457,209.51,74,1635,9251,3,16
1784685015.254,real_q8_tensor_220w_none,3,100,11457,212.49,70,1710,9251,3,16
1784685015.824,real_q8_tensor_220w_none,0,100,11457,208.67,65,1785,9251,3,16
1784685015.824,real_q8_tensor_220w_none,1,100,11457,212.33,69,1695,9251,3,16
1784685015.824,real_q8_tensor_220w_none,2,99,11457,210.04,74,1635,9251,3,16
1784685015.824,real_q8_tensor_220w_none,3,100,11457,213.12,70,1710,9251,3,16
1784685016.415,real_q8_tensor_220w_none,0,100,11457,210.70,65,1695,9251,3,16
1784685016.415,real_q8_tensor_220w_none,1,100,11457,213.16,69,1590,9251,3,16
1784685016.415,real_q8_tensor_220w_none,2,100,11457,210.88,74,1725,9251,3,16
1784685016.415,real_q8_tensor_220w_none,3,100,11457,213.27,70,1635,9251,3,16
1784685017.013,real_q8_tensor_220w_none,0,100,11457,210.82,66,1740,9251,3,16
1784685017.013,real_q8_tensor_220w_none,1,100,11457,213.41,69,1620,9251,3,16
1784685017.013,real_q8_tensor_220w_none,2,100,11457,211.54,74,1725,9251,3,16
1784685017.013,real_q8_tensor_220w_none,3,100,11457,210.23,70,1605,9251,3,16
1784685017.598,real_q8_tensor_220w_none,0,100,11457,210.74,65,1860,9251,3,16
1784685017.598,real_q8_tensor_220w_none,1,53,11457,207.49,69,1875,9251,3,16
1784685017.598,real_q8_tensor_220w_none,2,52,11457,206.60,75,1845,9251,3,16
1784685017.598,real_q8_tensor_220w_none,3,92,11457,212.27,70,1890,9251,3,16
1784685018.162,real_q8_tensor_220w_none,0,53,11457,206.02,65,1665,9251,3,16
1784685018.162,real_q8_tensor_220w_none,1,53,11457,209.03,68,1560,9251,3,16
1784685018.162,real_q8_tensor_220w_none,2,52,11457,208.40,73,1860,9251,3,16
1784685018.162,real_q8_tensor_220w_none,3,92,11457,212.18,70,1605,9251,3,16
1784685018.731,real_q8_tensor_220w_none,0,53,11457,205.01,64,1725,9251,3,16
1784685018.731,real_q8_tensor_220w_none,1,59,11457,213.96,69,1590,9251,3,16
1784685018.731,real_q8_tensor_220w_none,2,58,11457,212.61,74,1710,9251,3,16
1784685018.731,real_q8_tensor_220w_none,3,97,11457,212.74,69,1650,9251,3,16
1784685019.299,real_q8_tensor_220w_none,0,63,11457,211.93,65,1755,9251,3,16
1784685019.299,real_q8_tensor_220w_none,1,76,11457,212.76,69,1605,9251,3,16
1784685019.299,real_q8_tensor_220w_none,2,76,11457,211.08,74,1725,9251,3,16
1784685019.299,real_q8_tensor_220w_none,3,76,11457,212.87,70,1605,9251,3,16
1784685019.869,real_q8_tensor_220w_none,0,63,11457,208.70,65,1695,9251,3,16
1784685019.869,real_q8_tensor_220w_none,1,86,11457,212.60,69,1605,9251,3,16
1784685019.869,real_q8_tensor_220w_none,2,87,11457,210.49,74,1635,9251,3,16
1784685019.869,real_q8_tensor_220w_none,3,100,11457,211.86,70,1605,9251,3,16
1784685020.437,real_q8_tensor_220w_none,0,100,11457,209.33,65,1755,9251,3,16
1784685020.437,real_q8_tensor_220w_none,1,86,11457,212.10,69,1620,9251,3,16
1784685020.437,real_q8_tensor_220w_none,2,87,11457,210.41,74,1665,9251,3,16
1784685020.437,real_q8_tensor_220w_none,3,100,11457,211.98,70,1635,9251,3,16
1784685021.030,real_q8_tensor_220w_none,0,100,11457,210.54,65,1695,9251,3,16
1784685021.030,real_q8_tensor_220w_none,1,100,11457,211.99,69,1575,9251,3,16
1784685021.030,real_q8_tensor_220w_none,2,100,11457,210.90,74,1650,9251,3,16
1784685021.030,real_q8_tensor_220w_none,3,100,11457,211.96,70,1635,9251,3,16
1784685021.619,real_q8_tensor_220w_none,0,100,11457,209.54,65,1770,9251,3,16
1784685021.619,real_q8_tensor_220w_none,1,100,11457,212.13,69,1605,9251,3,16
1784685021.619,real_q8_tensor_220w_none,2,100,11457,211.31,74,1695,9251,3,16
1784685021.619,real_q8_tensor_220w_none,3,100,11457,212.50,70,1605,9251,3,16
1784685022.208,real_q8_tensor_220w_none,0,100,11457,208.96,65,1770,9251,3,16
1784685022.208,real_q8_tensor_220w_none,1,100,11457,211.68,69,1680,9251,3,16
1784685022.208,real_q8_tensor_220w_none,2,100,11457,210.37,75,1740,9251,3,16
1784685022.208,real_q8_tensor_220w_none,3,100,11457,212.60,70,1605,9251,3,16
1784685022.821,real_q8_tensor_220w_none,0,100,11457,208.69,65,1695,9251,3,16
1784685022.821,real_q8_tensor_220w_none,1,100,11457,211.40,70,1605,9251,3,16
1784685022.821,real_q8_tensor_220w_none,2,100,11457,209.93,74,1710,9251,3,16
1784685022.821,real_q8_tensor_220w_none,3,100,11457,211.37,70,1590,9251,3,16
1784685023.388,real_q8_tensor_220w_none,0,100,11457,209.12,65,1695,9251,3,16
1784685023.388,real_q8_tensor_220w_none,1,100,11457,210.80,69,1590,9251,3,16
1784685023.388,real_q8_tensor_220w_none,2,83,11457,208.76,74,1665,9251,3,16
1784685023.388,real_q8_tensor_220w_none,3,100,11457,211.37,70,1620,9251,3,16
1784685023.948,real_q8_tensor_220w_none,0,85,11457,207.19,65,1830,9251,3,16
1784685023.948,real_q8_tensor_220w_none,1,100,11457,212.62,69,1755,9251,3,16
1784685023.948,real_q8_tensor_220w_none,2,83,11457,210.10,74,1710,9251,3,16
1784685023.948,real_q8_tensor_220w_none,3,100,11457,209.35,70,1755,9251,3,16
1784685024.505,real_q8_tensor_220w_none,0,85,11457,209.58,65,1890,9251,3,16
1784685024.505,real_q8_tensor_220w_none,1,65,11457,209.62,69,1845,9251,3,16
1784685024.505,real_q8_tensor_220w_none,2,65,11457,206.93,74,1815,9251,3,16
1784685024.505,real_q8_tensor_220w_none,3,100,11457,212.58,70,1845,9251,3,16
1784685025.066,real_q8_tensor_220w_none,0,62,11457,206.30,64,1665,9251,3,16
1784685025.066,real_q8_tensor_220w_none,1,65,11457,212.01,69,1560,9251,3,16
1784685025.066,real_q8_tensor_220w_none,2,65,11457,209.93,74,1605,9251,3,16
1784685025.066,real_q8_tensor_220w_none,3,100,11457,209.78,69,1650,9251,3,16
1784685025.659,real_q8_tensor_220w_none,0,62,11457,207.84,64,1680,9251,3,16
1784685025.659,real_q8_tensor_220w_none,1,51,11457,208.88,68,1605,9251,3,16
1784685025.659,real_q8_tensor_220w_none,2,50,11457,207.48,73,1695,9251,3,16
1784685025.659,real_q8_tensor_220w_none,3,67,11457,212.02,70,1620,9251,3,16
1784685026.228,real_q8_tensor_220w_none,0,51,11457,206.44,65,1680,9251,3,16
1784685026.228,real_q8_tensor_220w_none,1,51,11457,210.67,69,1575,9251,3,16
1784685026.228,real_q8_tensor_220w_none,2,50,11457,209.14,74,1620,9251,3,16
1784685026.228,real_q8_tensor_220w_none,3,67,11457,212.26,70,1635,9251,3,16
1784685026.795,real_q8_tensor_220w_none,0,75,11457,208.02,65,1680,9251,3,16
1784685026.795,real_q8_tensor_220w_none,1,100,11457,210.20,69,1590,9251,3,16
1784685026.795,real_q8_tensor_220w_none,2,100,11457,209.89,74,1635,9251,3,16
1784685026.795,real_q8_tensor_220w_none,3,85,11457,212.05,70,1635,9251,3,16
1784685027.391,real_q8_tensor_220w_none,0,100,11457,208.56,65,1680,9251,3,16
1784685027.391,real_q8_tensor_220w_none,1,100,11457,210.38,69,1590,9251,3,16
1784685027.391,real_q8_tensor_220w_none,2,100,11457,209.70,74,1635,9251,3,16
1784685027.391,real_q8_tensor_220w_none,3,85,11457,211.11,70,1650,9251,3,16
1784685027.985,real_q8_tensor_220w_none,0,100,11457,208.19,65,1770,9251,3,16
1784685027.985,real_q8_tensor_220w_none,1,100,11457,211.06,69,1650,9251,3,16
1784685027.985,real_q8_tensor_220w_none,2,100,11457,209.02,74,1605,9251,3,16
1784685027.985,real_q8_tensor_220w_none,3,100,11457,210.69,70,1665,9251,3,16
1784685028.552,real_q8_tensor_220w_none,0,100,11457,208.19,65,1710,9251,3,16
1784685028.552,real_q8_tensor_220w_none,1,100,11457,210.37,69,1650,9251,3,16
1784685028.552,real_q8_tensor_220w_none,2,100,11457,208.31,74,1635,9251,3,16
1784685028.552,real_q8_tensor_220w_none,3,100,11457,212.33,70,1620,9251,3,16
1784685029.147,real_q8_tensor_220w_none,0,100,11457,208.55,65,1695,9251,3,16
1784685029.147,real_q8_tensor_220w_none,1,100,11457,210.84,69,1575,9251,3,16
1784685029.147,real_q8_tensor_220w_none,2,100,11457,208.79,74,1635,9251,3,16
1784685029.147,real_q8_tensor_220w_none,3,100,11457,212.08,70,1605,9251,3,16
1784685029.718,real_q8_tensor_220w_none,0,100,11457,207.97,65,1755,9251,3,16
1784685029.718,real_q8_tensor_220w_none,1,100,11457,210.99,69,1560,9251,3,16
1784685029.718,real_q8_tensor_220w_none,2,100,11457,209.28,74,1725,9251,3,16
1784685029.718,real_q8_tensor_220w_none,3,100,11457,211.60,70,1605,9251,3,16
1784685030.286,real_q8_tensor_220w_none,0,100,11457,208.41,65,1770,9251,3,16
1784685030.286,real_q8_tensor_220w_none,1,100,11457,211.35,69,1680,9251,3,16
1784685030.286,real_q8_tensor_220w_none,2,100,11457,208.61,74,1710,9251,3,16
1784685030.286,real_q8_tensor_220w_none,3,100,11457,211.37,70,1695,9251,3,16
1784685030.855,real_q8_tensor_220w_none,0,100,11457,207.87,65,1680,9251,3,16
1784685030.855,real_q8_tensor_220w_none,1,100,11457,211.76,69,1665,9251,3,16
1784685030.855,real_q8_tensor_220w_none,2,100,11457,208.91,74,1605,9251,3,16
1784685030.855,real_q8_tensor_220w_none,3,100,11457,211.07,70,1695,9251,3,16
1784685031.487,real_q8_tensor_220w_none,0,100,11457,208.02,65,1680,9251,3,16
1784685031.487,real_q8_tensor_220w_none,1,100,11457,211.19,69,1740,9251,3,16
1784685031.487,real_q8_tensor_220w_none,2,100,11457,209.13,74,1605,9251,3,16
1784685031.487,real_q8_tensor_220w_none,3,100,11457,211.47,70,1665,9251,3,16
1784685032.075,real_q8_tensor_220w_none,0,100,11457,208.24,65,1830,9251,3,16
1784685032.075,real_q8_tensor_220w_none,1,100,11457,211.20,69,1830,9251,3,16
1784685032.075,real_q8_tensor_220w_none,2,100,11457,208.72,74,1800,9251,3,16
1784685032.075,real_q8_tensor_220w_none,3,100,11457,211.32,70,1845,9251,3,16
1784685032.661,real_q8_tensor_220w_none,0,100,11457,208.18,64,1905,9251,3,16
1784685032.661,real_q8_tensor_220w_none,1,100,11457,212.03,69,1890,9251,3,16
1784685032.661,real_q8_tensor_220w_none,2,100,11457,208.61,74,1860,9251,3,16
1784685032.661,real_q8_tensor_220w_none,3,64,11457,210.81,69,1905,9251,3,16
1784685033.252,real_q8_tensor_220w_none,0,48,11457,208.21,65,1725,9251,3,16
1784685033.252,real_q8_tensor_220w_none,1,100,11457,211.37,68,1560,9251,3,16
1784685033.252,real_q8_tensor_220w_none,2,100,11457,208.99,73,1680,9251,3,16
1784685033.252,real_q8_tensor_220w_none,3,74,11457,211.19,70,1590,9251,3,16
1784685033.840,real_q8_tensor_220w_none,0,89,11457,207.84,64,1725,9251,3,16
1784685033.840,real_q8_tensor_220w_none,1,49,11457,210.93,69,1575,9251,3,16
1784685033.840,real_q8_tensor_220w_none,2,68,11457,208.47,74,1650,9251,3,16
1784685033.840,real_q8_tensor_220w_none,3,85,11457,211.31,69,1605,9251,3,16
1784685034.410,real_q8_tensor_220w_none,0,49,11457,208.02,65,1680,9251,3,16
1784685034.410,real_q8_tensor_220w_none,1,49,11457,211.32,69,1575,9251,3,16
1784685034.410,real_q8_tensor_220w_none,2,78,11457,207.97,74,1650,9251,3,16
1784685034.410,real_q8_tensor_220w_none,3,85,11457,211.42,70,1620,9251,3,16
1784685035.002,real_q8_tensor_220w_none,0,49,11457,207.87,65,1665,9251,3,16
1784685035.002,real_q8_tensor_220w_none,1,100,11457,210.86,69,1605,9251,3,16
1784685035.002,real_q8_tensor_220w_none,2,78,11457,208.18,74,1620,9251,3,16
1784685035.002,real_q8_tensor_220w_none,3,85,11457,211.16,70,1680,9251,3,16
1784685035.594,real_q8_tensor_220w_none,0,100,11457,206.86,65,1755,9251,3,16
1784685035.594,real_q8_tensor_220w_none,1,100,11457,209.83,69,1575,9251,3,16
1784685035.594,real_q8_tensor_220w_none,2,100,11457,207.70,74,1665,9251,3,16
1784685035.594,real_q8_tensor_220w_none,3,85,11457,211.59,70,1590,9251,3,16
1784685036.182,real_q8_tensor_220w_none,0,100,11457,208.09,65,1680,9251,3,16
1784685036.182,real_q8_tensor_220w_none,1,100,11457,211.21,69,1545,9251,3,16
1784685036.182,real_q8_tensor_220w_none,2,100,11457,209.43,74,1710,9251,3,16
1784685036.182,real_q8_tensor_220w_none,3,100,11457,211.00,70,1605,9251,3,16
1784685036.766,real_q8_tensor_220w_none,0,100,11457,207.38,65,1680,9251,3,16
1784685036.766,real_q8_tensor_220w_none,1,100,11457,210.32,69,1680,9251,3,16
1784685036.766,real_q8_tensor_220w_none,2,100,11457,207.48,74,1605,9251,3,16
1784685036.766,real_q8_tensor_220w_none,3,74,11457,211.63,70,1665,9251,3,16
1784685037.367,real_q8_tensor_220w_none,0,100,11457,207.99,65,1725,9251,3,16
1784685037.367,real_q8_tensor_220w_none,1,100,11457,210.78,69,1575,9251,3,16
1784685037.367,real_q8_tensor_220w_none,2,100,11457,208.03,74,1710,9251,3,16
1784685037.367,real_q8_tensor_220w_none,3,100,11457,211.40,70,1590,9251,3,16
1784685037.965,real_q8_tensor_220w_none,0,100,11457,206.52,65,1710,9251,3,16
1784685037.965,real_q8_tensor_220w_none,1,100,11457,210.46,69,1620,9251,3,16
1784685037.965,real_q8_tensor_220w_none,2,100,11457,207.38,74,1635,9251,3,16
1784685037.965,real_q8_tensor_220w_none,3,100,11457,210.92,70,1605,9251,3,16
1784685038.558,real_q8_tensor_220w_none,0,100,11457,207.68,65,1755,9251,3,16
1784685038.558,real_q8_tensor_220w_none,1,100,11457,210.50,69,1635,9251,3,16
1784685038.558,real_q8_tensor_220w_none,2,100,11457,208.35,74,1605,9251,3,16
1784685038.558,real_q8_tensor_220w_none,3,100,11457,211.24,70,1665,9251,3,16
1784685039.126,real_q8_tensor_220w_none,0,100,11457,207.92,65,1755,9251,3,16
1784685039.126,real_q8_tensor_220w_none,1,100,11457,210.56,69,1650,9251,3,16
1784685039.126,real_q8_tensor_220w_none,2,100,11457,209.26,74,1710,9251,3,16
1784685039.126,real_q8_tensor_220w_none,3,100,11457,210.91,70,1575,9251,3,16
1784685039.694,real_q8_tensor_220w_none,0,100,11457,206.90,65,1755,9251,3,16
1784685039.694,real_q8_tensor_220w_none,1,100,11457,210.71,69,1545,9251,3,16
1784685039.694,real_q8_tensor_220w_none,2,100,11457,208.92,74,1710,9251,3,16
1784685039.694,real_q8_tensor_220w_none,3,100,11457,211.09,70,1590,9251,3,16
1784685040.263,real_q8_tensor_220w_none,0,100,11457,206.62,65,1650,9251,3,16
1784685040.263,real_q8_tensor_220w_none,1,100,11457,210.60,69,1560,9251,3,16
1784685040.263,real_q8_tensor_220w_none,2,100,11457,208.42,74,1710,9251,3,16
1784685040.263,real_q8_tensor_220w_none,3,100,11457,210.96,70,1575,9251,3,16
1784685040.832,real_q8_tensor_220w_none,0,100,11457,207.19,65,1725,9251,3,16
1784685040.832,real_q8_tensor_220w_none,1,100,11457,210.36,69,1575,9251,3,16
1784685040.832,real_q8_tensor_220w_none,2,100,11457,208.04,74,1650,9251,3,16
1784685040.832,real_q8_tensor_220w_none,3,100,11457,211.25,70,1590,9251,3,16
1784685041.427,real_q8_tensor_220w_none,0,100,11457,207.01,65,1665,9251,3,16
1784685041.427,real_q8_tensor_220w_none,1,100,11457,210.99,69,1575,9251,3,16
1784685041.427,real_q8_tensor_220w_none,2,100,11457,208.13,74,1605,9251,3,16
1784685041.427,real_q8_tensor_220w_none,3,100,11457,209.90,70,1635,9251,3,16
1784685041.997,real_q8_tensor_220w_none,0,100,11457,206.60,65,1680,9251,3,16
1784685041.997,real_q8_tensor_220w_none,1,100,11457,210.69,69,1620,9251,3,16
1784685041.997,real_q8_tensor_220w_none,2,100,11457,207.60,74,1605,9251,3,16
1784685041.997,real_q8_tensor_220w_none,3,100,11457,209.70,70,1695,9251,3,16
1784685042.565,real_q8_tensor_220w_none,0,100,11457,206.38,65,1755,9251,3,16
1784685042.565,real_q8_tensor_220w_none,1,100,11457,210.10,69,1560,9251,3,16
1784685042.565,real_q8_tensor_220w_none,2,100,11457,207.64,74,1680,9251,3,16
1784685042.565,real_q8_tensor_220w_none,3,100,11457,210.21,70,1575,9251,3,16
1784685043.135,real_q8_tensor_220w_none,0,100,11457,206.71,65,1635,9251,3,16
1784685043.135,real_q8_tensor_220w_none,1,100,11457,210.13,69,1545,9251,3,16
1784685043.135,real_q8_tensor_220w_none,2,100,11457,208.24,74,1710,9251,3,16
1784685043.135,real_q8_tensor_220w_none,3,100,11457,210.79,70,1575,9251,3,16
1784685043.704,real_q8_tensor_220w_none,0,100,11457,206.86,65,1665,9251,3,16
1784685043.704,real_q8_tensor_220w_none,1,100,11457,209.61,69,1560,9251,3,16
1784685043.704,real_q8_tensor_220w_none,2,100,11457,207.58,74,1605,9251,3,16
1784685043.704,real_q8_tensor_220w_none,3,100,11457,210.75,70,1665,9251,3,16
1784685044.274,real_q8_tensor_220w_none,0,100,11457,206.68,65,1650,9251,3,16
1784685044.274,real_q8_tensor_220w_none,1,100,11457,208.55,69,1575,9251,3,16
1784685044.274,real_q8_tensor_220w_none,2,100,11457,207.27,74,1605,9251,3,16
1784685044.274,real_q8_tensor_220w_none,3,100,11457,209.80,70,1635,9251,3,16
1784685044.867,real_q8_tensor_220w_none,0,100,11457,206.89,65,1650,9251,3,16
1784685044.867,real_q8_tensor_220w_none,1,100,11457,212.10,69,1740,9251,3,16
1784685044.867,real_q8_tensor_220w_none,2,100,11457,210.54,74,1590,9251,3,16
1784685044.867,real_q8_tensor_220w_none,3,100,11457,209.48,70,1755,9251,3,16
1784685045.472,real_q8_tensor_220w_none,0,100,11457,207.70,65,1740,9251,3,16
1784685045.472,real_q8_tensor_220w_none,1,100,11457,209.63,69,1590,9251,3,16
1784685045.472,real_q8_tensor_220w_none,2,100,11457,206.85,74,1710,9251,3,16
1784685045.472,real_q8_tensor_220w_none,3,100,11457,210.52,70,1590,9251,3,16
1784685046.033,real_q8_tensor_220w_none,0,100,11457,210.73,65,1695,9251,3,16
1784685046.033,real_q8_tensor_220w_none,1,100,11457,210.03,69,1545,9251,3,16
1784685046.033,real_q8_tensor_220w_none,2,100,11457,206.40,74,1665,9251,3,16
1784685046.033,real_q8_tensor_220w_none,3,100,11457,213.87,70,1590,9251,3,16
1784685046.594,real_q8_tensor_220w_none,0,100,11457,206.13,65,1740,9251,3,16
1784685046.594,real_q8_tensor_220w_none,1,100,11457,211.46,69,1665,9251,3,16
1784685046.594,real_q8_tensor_220w_none,2,100,11457,209.19,74,1575,9251,3,16
1784685046.594,real_q8_tensor_220w_none,3,100,11457,210.92,70,1680,9251,3,16
1784685047.157,real_q8_tensor_220w_none,0,100,11457,205.67,65,1800,9251,3,16
1784685047.157,real_q8_tensor_220w_none,1,100,11457,213.25,69,1710,9251,3,16
1784685047.157,real_q8_tensor_220w_none,2,88,11457,211.63,74,1605,9251,3,16
1784685047.157,real_q8_tensor_220w_none,3,100,11457,210.60,70,1710,9251,3,16
1784685047.760,real_q8_tensor_220w_none,0,100,11457,208.27,65,1635,9251,3,16
1784685047.760,real_q8_tensor_220w_none,1,100,11457,210.26,69,1530,9251,3,16
1784685047.760,real_q8_tensor_220w_none,2,100,11457,207.63,74,1695,9251,3,16
1784685047.760,real_q8_tensor_220w_none,3,100,11457,212.61,69,1560,9251,3,16
1784685048.325,real_q8_tensor_220w_none,0,100,11457,206.78,65,1725,9251,3,16
1784685048.325,real_q8_tensor_220w_none,1,100,11457,211.23,69,1665,9251,3,16
1784685048.325,real_q8_tensor_220w_none,2,100,11457,208.67,74,1650,9251,3,16
1784685048.325,real_q8_tensor_220w_none,3,100,11457,213.86,70,1680,9251,3,16
1784685048.887,real_q8_tensor_220w_none,0,100,11457,205.58,65,1725,9251,3,16
1784685048.887,real_q8_tensor_220w_none,1,100,11457,209.37,69,1650,9251,3,16
1784685048.887,real_q8_tensor_220w_none,2,100,11457,207.36,74,1590,9251,3,16
1784685048.887,real_q8_tensor_220w_none,3,100,11457,210.87,70,1560,9251,3,16
1784685049.465,real_q8_tensor_220w_none,0,100,11457,206.18,65,1710,9251,3,16
1784685049.465,real_q8_tensor_220w_none,1,100,11457,209.66,69,1515,9251,3,16
1784685049.465,real_q8_tensor_220w_none,2,100,11457,207.18,74,1680,9251,3,16
1784685049.465,real_q8_tensor_220w_none,3,100,11457,211.42,70,1590,9251,3,16
1784685050.029,real_q8_tensor_220w_none,0,100,11457,208.66,65,1635,9251,3,16
1784685050.029,real_q8_tensor_220w_none,1,100,11457,209.84,69,1650,9251,3,16
1784685050.029,real_q8_tensor_220w_none,2,100,11457,207.38,74,1575,9251,3,16
1784685050.029,real_q8_tensor_220w_none,3,100,11457,212.81,70,1650,9251,3,16
1784685050.592,real_q8_tensor_220w_none,0,100,11457,206.13,65,1650,9251,3,16
1784685050.592,real_q8_tensor_220w_none,1,100,11457,211.04,69,1530,9251,3,16
1784685050.592,real_q8_tensor_220w_none,2,100,11457,209.36,74,1695,9251,3,16
1784685050.592,real_q8_tensor_220w_none,3,100,11457,208.69,70,1560,9251,3,16
1784685051.161,real_q8_tensor_220w_none,0,100,11457,206.94,65,1740,9251,3,16
1784685051.161,real_q8_tensor_220w_none,1,100,11457,209.14,69,1635,9251,3,16
1784685051.161,real_q8_tensor_220w_none,2,100,11457,207.16,74,1710,9251,3,16
1784685051.161,real_q8_tensor_220w_none,3,100,11457,209.62,70,1650,9251,3,16
1784685051.731,real_q8_tensor_220w_none,0,100,11457,206.46,65,1635,9251,3,16
1784685051.731,real_q8_tensor_220w_none,1,100,11457,208.87,69,1650,9251,3,16
1784685051.731,real_q8_tensor_220w_none,2,100,11457,206.59,74,1605,9251,3,16
1784685051.731,real_q8_tensor_220w_none,3,100,11457,211.46,70,1665,9251,3,16
1784685052.299,real_q8_tensor_220w_none,0,100,11457,206.43,65,1635,9251,3,16
1784685052.299,real_q8_tensor_220w_none,1,100,11457,209.24,69,1545,9251,3,16
1784685052.299,real_q8_tensor_220w_none,2,100,11457,206.87,74,1605,9251,3,16
1784685052.299,real_q8_tensor_220w_none,3,100,11457,209.98,70,1590,9251,3,16
1784685052.871,real_q8_tensor_220w_none,0,100,11457,206.23,65,1755,9251,3,16
1784685052.871,real_q8_tensor_220w_none,1,100,11457,209.09,69,1515,9251,3,16
1784685052.871,real_q8_tensor_220w_none,2,100,11457,206.77,74,1695,9251,3,16
1784685052.871,real_q8_tensor_220w_none,3,100,11457,209.23,70,1560,9251,3,16
1784685053.479,real_q8_tensor_220w_none,0,100,11457,205.14,65,1665,9251,3,16
1784685053.479,real_q8_tensor_220w_none,1,100,11457,211.62,69,1605,9251,3,16
1784685053.479,real_q8_tensor_220w_none,2,100,11457,210.08,74,1590,9251,3,16
1784685053.479,real_q8_tensor_220w_none,3,100,11457,208.99,70,1650,9251,3,16
1784685054.079,real_q8_tensor_220w_none,0,100,11457,204.99,65,1620,9251,3,16
1784685054.079,real_q8_tensor_220w_none,1,100,11457,213.24,69,1515,9251,3,16
1784685054.079,real_q8_tensor_220w_none,2,100,11457,211.38,74,1590,9251,3,16
1784685054.079,real_q8_tensor_220w_none,3,100,11457,208.90,70,1560,9251,3,16
1784685054.644,real_q8_tensor_220w_none,0,100,11457,206.37,65,1710,9251,3,16
1784685054.644,real_q8_tensor_220w_none,1,100,11457,209.21,69,1515,9251,3,16
1784685054.644,real_q8_tensor_220w_none,2,100,11457,206.46,74,1695,9251,3,16
1784685054.644,real_q8_tensor_220w_none,3,100,11457,210.50,70,1560,9251,3,16
1784685055.214,real_q8_tensor_220w_none,0,100,11457,209.43,65,1755,9251,3,16
1784685055.214,real_q8_tensor_220w_none,1,100,11457,208.88,69,1635,9251,3,16
1784685055.214,real_q8_tensor_220w_none,2,100,11457,206.30,74,1575,9251,3,16
1784685055.214,real_q8_tensor_220w_none,3,100,11457,213.15,70,1650,9251,3,16
1784685055.817,real_q8_tensor_220w_none,0,100,11457,205.75,65,1665,9251,3,16
1784685055.817,real_q8_tensor_220w_none,1,100,11457,209.23,69,1620,9251,3,16
1784685055.817,real_q8_tensor_220w_none,2,100,11457,207.42,74,1605,9251,3,16
1784685055.817,real_q8_tensor_220w_none,3,100,11457,213.92,70,1665,9251,3,16
1784685056.386,real_q8_tensor_220w_none,0,100,11457,203.92,65,1635,9251,3,16
1784685056.386,real_q8_tensor_220w_none,1,100,11457,210.04,69,1575,9251,3,16
1784685056.386,real_q8_tensor_220w_none,2,100,11457,208.28,74,1590,9251,3,16
1784685056.386,real_q8_tensor_220w_none,3,100,11457,208.76,70,1650,9251,3,16
1784685056.954,real_q8_tensor_220w_none,0,100,11457,205.74,65,1725,9251,3,16
1784685056.954,real_q8_tensor_220w_none,1,100,11457,208.05,69,1650,9251,3,16
1784685056.954,real_q8_tensor_220w_none,2,100,11457,206.59,74,1575,9251,3,16
1784685056.954,real_q8_tensor_220w_none,3,100,11457,208.72,70,1680,9251,3,16
1784685057.522,real_q8_tensor_220w_none,0,100,11457,205.14,65,1635,9251,3,16
1784685057.522,real_q8_tensor_220w_none,1,100,11457,209.00,69,1500,9251,3,16
1784685057.522,real_q8_tensor_220w_none,2,100,11457,207.50,74,1710,9251,3,16
1784685057.522,real_q8_tensor_220w_none,3,100,11457,208.43,70,1545,9251,3,16
1784685058.123,real_q8_tensor_220w_none,0,100,11457,205.72,65,1635,9251,3,16
1784685058.123,real_q8_tensor_220w_none,1,100,11457,208.08,69,1560,9251,3,16
1784685058.123,real_q8_tensor_220w_none,2,100,11457,205.86,74,1635,9251,3,16
1784685058.123,real_q8_tensor_220w_none,3,100,11457,209.46,70,1605,9251,3,16
1784685058.700,real_q8_tensor_220w_none,0,100,11457,206.42,65,1650,9251,3,16
1784685058.700,real_q8_tensor_220w_none,1,100,11457,208.89,69,1635,9251,3,16
1784685058.700,real_q8_tensor_220w_none,2,100,11457,206.53,74,1560,9251,3,16
1784685058.700,real_q8_tensor_220w_none,3,100,11457,209.68,70,1665,9251,3,16
1784685059.270,real_q8_tensor_220w_none,0,100,11457,204.48,65,1695,9251,3,16
1784685059.270,real_q8_tensor_220w_none,1,100,11457,208.59,69,1620,9251,3,16
1784685059.270,real_q8_tensor_220w_none,2,100,11457,206.02,74,1575,9251,3,16
1784685059.270,real_q8_tensor_220w_none,3,100,11457,208.98,70,1680,9251,3,16
1784685059.839,real_q8_tensor_220w_none,0,100,11457,205.62,65,1665,9251,3,16
1784685059.839,real_q8_tensor_220w_none,1,100,11457,207.35,69,1635,9251,3,16
1784685059.839,real_q8_tensor_220w_none,2,100,11457,204.80,74,1590,9251,3,16
1784685059.839,real_q8_tensor_220w_none,3,100,11457,208.99,70,1605,9251,3,16
1784685060.414,real_q8_tensor_220w_none,0,100,11457,206.54,65,1620,9251,3,16
1784685060.414,real_q8_tensor_220w_none,1,100,11457,208.40,69,1515,9251,3,16
1784685060.414,real_q8_tensor_220w_none,2,100,11457,206.10,73,1560,9251,3,16
1784685060.414,real_q8_tensor_220w_none,3,100,11457,208.58,70,1545,9251,3,16
1784685061.007,real_q8_tensor_220w_none,0,100,11457,205.25,65,1710,9251,3,16
1784685061.007,real_q8_tensor_220w_none,1,100,11457,209.25,69,1635,9251,3,16
1784685061.007,real_q8_tensor_220w_none,2,100,11457,206.85,74,1560,9251,3,16
1784685061.007,real_q8_tensor_220w_none,3,100,11457,208.83,70,1680,9251,3,16
1784685061.579,real_q8_tensor_220w_none,0,100,11457,204.28,65,1710,9251,3,16
1784685061.579,real_q8_tensor_220w_none,1,100,11457,207.96,69,1620,9251,3,16
1784685061.579,real_q8_tensor_220w_none,2,100,11457,205.70,74,1620,9251,3,16
1784685061.579,real_q8_tensor_220w_none,3,100,11457,209.05,70,1680,9251,3,16
1784685062.148,real_q8_tensor_220w_none,0,100,11457,204.78,65,1710,9251,3,16
1784685062.148,real_q8_tensor_220w_none,1,100,11457,207.58,69,1575,9251,3,16
1784685062.148,real_q8_tensor_220w_none,2,100,11457,205.95,74,1635,9251,3,16
1784685062.148,real_q8_tensor_220w_none,3,100,11457,208.79,70,1560,9251,3,16
1784685062.717,real_q8_tensor_220w_none,0,100,11457,205.93,65,1665,9251,3,16
1784685062.717,real_q8_tensor_220w_none,1,100,11457,208.12,69,1515,9251,3,16
1784685062.717,real_q8_tensor_220w_none,2,100,11457,206.54,74,1650,9251,3,16
1784685062.717,real_q8_tensor_220w_none,3,100,11457,208.36,70,1560,9251,3,16
1784685063.286,real_q8_tensor_220w_none,0,71,11457,205.55,65,1620,9251,3,16
1784685063.286,real_q8_tensor_220w_none,1,100,11457,208.43,69,1590,9251,3,16
1784685063.286,real_q8_tensor_220w_none,2,100,11457,206.22,74,1605,9251,3,16
1784685063.286,real_q8_tensor_220w_none,3,100,11457,208.06,69,1635,9251,3,16
1784685063.857,real_q8_tensor_220w_none,0,100,11457,204.54,65,1680,9251,3,16
1784685063.857,real_q8_tensor_220w_none,1,100,11457,208.26,69,1620,9251,3,16
1784685063.857,real_q8_tensor_220w_none,2,100,11457,206.57,74,1620,9251,3,16
1784685063.857,real_q8_tensor_220w_none,3,100,11457,208.07,70,1680,9251,3,16
1784685064.425,real_q8_tensor_220w_none,0,100,11457,204.47,65,1740,9251,3,16
1784685064.425,real_q8_tensor_220w_none,1,100,11457,208.39,69,1545,9251,3,16
1784685064.425,real_q8_tensor_220w_none,2,100,11457,207.07,74,1665,9251,3,16
1784685064.425,real_q8_tensor_220w_none,3,100,11457,208.69,70,1545,9251,3,16
1784685064.993,real_q8_tensor_220w_none,0,100,11457,205.12,65,1620,9251,3,16
1784685064.993,real_q8_tensor_220w_none,1,100,11457,208.17,68,1500,9251,3,16
1784685064.993,real_q8_tensor_220w_none,2,100,11457,206.75,74,1695,9251,3,16
1784685064.993,real_q8_tensor_220w_none,3,100,11457,209.00,69,1515,9251,3,16
1784685065.561,real_q8_tensor_220w_none,0,100,11457,205.06,65,1635,9251,3,16
1784685065.561,real_q8_tensor_220w_none,1,100,11457,208.31,68,1650,9251,3,16
1784685065.561,real_q8_tensor_220w_none,2,100,11457,206.05,73,1545,9251,3,16
1784685065.561,real_q8_tensor_220w_none,3,100,11457,208.96,70,1635,9251,3,16
1784685066.130,real_q8_tensor_220w_none,0,100,11457,204.59,65,1695,9251,3,16
1784685066.130,real_q8_tensor_220w_none,1,100,11457,208.41,68,1575,9251,3,16
1784685066.130,real_q8_tensor_220w_none,2,99,11457,205.41,74,1620,9251,3,16
1784685066.130,real_q8_tensor_220w_none,3,100,11457,210.13,70,1545,9251,3,16
1784685066.698,real_q8_tensor_220w_none,0,100,11457,204.25,65,1695,9251,3,16
1784685066.698,real_q8_tensor_220w_none,1,100,11457,208.10,68,1605,9251,3,16
1784685066.698,real_q8_tensor_220w_none,2,99,11457,205.50,74,1620,9251,3,16
1784685066.698,real_q8_tensor_220w_none,3,100,11457,209.25,70,1560,9251,3,16
1784685067.287,real_q8_tensor_220w_none,0,42,11457,204.32,65,1590,9251,3,16
1784685067.287,real_q8_tensor_220w_none,1,99,11457,208.54,67,1500,9251,3,16
1784685067.287,real_q8_tensor_220w_none,2,97,11457,205.65,72,1695,9251,3,16
1784685067.287,real_q8_tensor_220w_none,3,70,11457,209.24,70,1530,9251,3,16
1784685067.859,real_q8_tensor_220w_none,0,42,11457,204.76,65,1680,9251,3,16
1784685067.859,real_q8_tensor_220w_none,1,99,11457,207.45,67,1545,9251,3,16
1784685067.859,real_q8_tensor_220w_none,2,97,11457,205.68,72,1635,9251,3,16
1784685067.859,real_q8_tensor_220w_none,3,56,11457,208.81,69,1605,9251,3,16
1784685068.455,real_q8_tensor_220w_none,0,42,11457,204.50,65,1605,9251,3,16
1784685068.455,real_q8_tensor_220w_none,1,50,11457,206.88,67,1515,9251,3,16
1784685068.455,real_q8_tensor_220w_none,2,89,11457,205.28,72,1605,9251,3,16
1784685068.455,real_q8_tensor_220w_none,3,70,11457,207.81,69,1635,9251,3,16
1784685069.049,real_q8_tensor_220w_none,0,42,11457,203.50,65,1710,9251,3,16
1784685069.049,real_q8_tensor_220w_none,1,50,11457,206.37,67,1590,9251,3,16
1784685069.049,real_q8_tensor_220w_none,2,89,11457,204.50,72,1545,9251,3,16
1784685069.049,real_q8_tensor_220w_none,3,50,11457,208.03,69,1635,9251,3,16
1784685069.618,real_q8_tensor_220w_none,0,100,11457,208.42,64,1905,9251,3,16
1784685069.618,real_q8_tensor_220w_none,1,57,11457,206.91,67,1890,9251,3,16
1784685069.618,real_q8_tensor_220w_none,2,58,11457,205.37,72,1875,9251,3,16
1784685069.618,real_q8_tensor_220w_none,3,50,11457,207.72,69,1905,9251,3,16
1784685070.183,real_q8_tensor_220w_none,0,100,11457,208.92,64,1860,9251,3,16
1784685070.183,real_q8_tensor_220w_none,1,57,11457,207.31,69,1860,9251,3,16
1784685070.183,real_q8_tensor_220w_none,2,58,11457,206.02,74,1815,9251,3,16
1784685070.183,real_q8_tensor_220w_none,3,98,11457,211.96,69,1815,9251,3,16
1784685070.742,real_q8_tensor_220w_none,0,100,11457,210.20,65,1725,9251,3,16
1784685070.742,real_q8_tensor_220w_none,1,100,11457,212.08,69,1590,9251,3,16
1784685070.742,real_q8_tensor_220w_none,2,100,11457,211.04,74,1710,9251,3,16
1784685070.742,real_q8_tensor_220w_none,3,98,11457,212.89,69,1590,9251,3,16
1784685071.319,real_q8_tensor_220w_none,0,100,11457,210.69,65,1635,9251,3,16
1784685071.319,real_q8_tensor_220w_none,1,100,11457,212.41,69,1605,9251,3,16
1784685071.319,real_q8_tensor_220w_none,2,100,11457,211.60,74,1560,9251,3,16
1784685071.319,real_q8_tensor_220w_none,3,100,11457,212.35,69,1635,9251,3,16
1784685071.889,real_q8_tensor_220w_none,0,100,11457,203.98,65,1575,9251,3,16
1784685071.889,real_q8_tensor_220w_none,1,100,11457,211.85,69,1500,9251,3,16
1784685071.889,real_q8_tensor_220w_none,2,100,11457,210.74,74,1695,9251,3,16
1784685071.889,real_q8_tensor_220w_none,3,100,11457,207.15,70,1515,9251,3,16
1784685072.457,real_q8_tensor_220w_none,0,100,11457,204.39,65,1725,9251,3,16
1784685072.457,real_q8_tensor_220w_none,1,100,11457,207.50,69,1515,9251,3,16
1784685072.457,real_q8_tensor_220w_none,2,100,11457,206.21,73,1665,9251,3,16
1784685072.457,real_q8_tensor_220w_none,3,100,11457,208.70,70,1545,9251,3,16
1784685073.026,real_q8_tensor_220w_none,0,100,11457,203.44,65,1710,9251,3,16
1784685073.026,real_q8_tensor_220w_none,1,100,11457,206.45,69,1575,9251,3,16
1784685073.026,real_q8_tensor_220w_none,2,100,11457,205.51,74,1605,9251,3,16
1784685073.026,real_q8_tensor_220w_none,3,100,11457,208.71,70,1560,9251,3,16
1784685073.616,real_q8_tensor_220w_none,0,100,11457,203.06,65,1620,9251,3,16
1784685073.616,real_q8_tensor_220w_none,1,100,11457,207.08,69,1560,9251,3,16
1784685073.616,real_q8_tensor_220w_none,2,100,11457,204.90,74,1560,9251,3,16
1784685073.616,real_q8_tensor_220w_none,3,100,11457,207.55,70,1620,9251,3,16
1784685074.184,real_q8_tensor_220w_none,0,100,11457,204.02,65,1575,9251,3,16
1784685074.184,real_q8_tensor_220w_none,1,100,11457,207.73,69,1530,9251,3,16
1784685074.184,real_q8_tensor_220w_none,2,100,11457,205.59,74,1665,9251,3,16
1784685074.184,real_q8_tensor_220w_none,3,100,11457,207.65,69,1575,9251,3,16
1784685074.754,real_q8_tensor_220w_none,0,100,11457,204.13,65,1710,9251,3,16
1784685074.754,real_q8_tensor_220w_none,1,100,11457,206.99,68,1620,9251,3,16
1784685074.754,real_q8_tensor_220w_none,2,100,11457,204.82,73,1680,9251,3,16
1784685074.754,real_q8_tensor_220w_none,3,100,11457,208.15,70,1605,9251,3,16
1784685075.323,real_q8_tensor_220w_none,0,100,11457,202.76,65,1695,9251,3,16
1784685075.323,real_q8_tensor_220w_none,1,100,11457,206.95,69,1605,9251,3,16
1784685075.323,real_q8_tensor_220w_none,2,100,11457,204.09,73,1575,9251,3,16
1784685075.323,real_q8_tensor_220w_none,3,84,11457,207.19,69,1605,9251,3,16
1784685075.894,real_q8_tensor_220w_none,0,100,11457,203.38,64,1635,9251,3,16
1784685075.894,real_q8_tensor_220w_none,1,100,11457,206.54,68,1575,9251,3,16
1784685075.894,real_q8_tensor_220w_none,2,100,11457,205.19,74,1575,9251,3,16
1784685075.894,real_q8_tensor_220w_none,3,100,11457,207.38,70,1620,9251,3,16
1784685076.462,real_q8_tensor_220w_none,0,100,11457,203.45,64,1635,9251,3,16
1784685076.462,real_q8_tensor_220w_none,1,100,11457,206.17,68,1620,9251,3,16
1784685076.462,real_q8_tensor_220w_none,2,100,11457,204.81,74,1575,9251,3,16
1784685076.462,real_q8_tensor_220w_none,3,100,11457,209.20,69,1605,9251,3,16
1784685077.047,real_q8_tensor_220w_none,0,100,11457,203.12,65,1635,9251,3,16
1784685077.047,real_q8_tensor_220w_none,1,100,11457,207.45,68,1575,9251,3,16
1784685077.047,real_q8_tensor_220w_none,2,100,11457,205.20,73,1575,9251,3,16
1784685077.047,real_q8_tensor_220w_none,3,100,11457,207.69,69,1635,9251,3,16
1784685077.616,real_q8_tensor_220w_none,0,48,11457,202.84,63,1605,9251,3,16
1784685077.616,real_q8_tensor_220w_none,1,57,11457,207.06,69,1485,9251,3,16
1784685077.616,real_q8_tensor_220w_none,2,63,11457,205.02,73,1545,9251,3,16
1784685077.616,real_q8_tensor_220w_none,3,100,11457,207.00,69,1650,9251,3,16
1784685078.185,real_q8_tensor_220w_none,0,48,11457,203.87,63,1680,9251,3,16
1784685078.185,real_q8_tensor_220w_none,1,57,11457,206.79,69,1590,9251,3,16
1784685078.185,real_q8_tensor_220w_none,2,63,11457,204.99,73,1500,9251,3,16
1784685078.185,real_q8_tensor_220w_none,3,52,11457,207.20,68,1635,9251,3,16
1784685078.779,real_q8_tensor_220w_none,0,80,11457,206.15,63,1575,9251,3,16
1784685078.779,real_q8_tensor_220w_none,1,39,11457,204.93,69,1425,9251,3,16
1784685078.779,real_q8_tensor_220w_none,2,37,11457,202.91,73,1875,9251,3,16
1784685078.779,real_q8_tensor_220w_none,3,100,11457,207.73,68,1500,9251,3,16
1784685079.376,real_q8_tensor_220w_none,0,80,11457,208.02,64,1890,9251,3,16
1784685079.376,real_q8_tensor_220w_none,1,39,11457,204.00,69,1860,9251,3,16
1784685079.376,real_q8_tensor_220w_none,2,37,11457,202.34,74,1800,9251,3,16
1784685079.376,real_q8_tensor_220w_none,3,78,11457,210.27,68,1875,9251,3,16
1784685079.937,real_q8_tensor_220w_none,0,100,11457,207.86,64,1665,9251,3,16
1784685079.937,real_q8_tensor_220w_none,1,100,11457,212.02,69,1590,9251,3,16
1784685079.937,real_q8_tensor_220w_none,2,100,11457,211.55,74,1590,9251,3,16
1784685079.937,real_q8_tensor_220w_none,3,78,11457,210.97,69,1650,9251,3,16
1784685080.498,real_q8_tensor_220w_none,0,100,11457,208.53,65,1725,9251,3,16
1784685080.498,real_q8_tensor_220w_none,1,100,11457,212.95,68,1470,9251,3,16
1784685080.498,real_q8_tensor_220w_none,2,100,11457,211.98,74,1650,9251,3,16
1784685080.498,real_q8_tensor_220w_none,3,100,11457,210.62,69,1500,9251,3,16
1784685081.090,real_q8_tensor_220w_none,0,100,11457,210.52,65,1710,9251,3,16
1784685081.090,real_q8_tensor_220w_none,1,100,11457,210.70,69,1635,9251,3,16
1784685081.090,real_q8_tensor_220w_none,2,100,11457,209.54,73,1680,9251,3,16
1784685081.090,real_q8_tensor_220w_none,3,100,11457,212.99,70,1650,9251,3,16
1784685081.700,real_q8_tensor_220w_none,0,100,11457,203.12,65,1665,9251,3,16
1784685081.700,real_q8_tensor_220w_none,1,100,11457,208.38,68,1575,9251,3,16
1784685081.700,real_q8_tensor_220w_none,2,100,11457,207.31,73,1590,9251,3,16
1784685081.700,real_q8_tensor_220w_none,3,100,11457,207.04,69,1545,9251,3,16
1784685082.270,real_q8_tensor_220w_none,0,100,11457,202.94,65,1725,9251,3,16
1784685082.270,real_q8_tensor_220w_none,1,100,11457,206.76,69,1635,9251,3,16
1784685082.270,real_q8_tensor_220w_none,2,100,11457,205.21,73,1530,9251,3,16
1784685082.270,real_q8_tensor_220w_none,3,100,11457,206.74,70,1650,9251,3,16
1784685082.840,real_q8_tensor_220w_none,0,100,11457,201.84,64,1680,9251,3,16
1784685082.840,real_q8_tensor_220w_none,1,100,11457,206.07,68,1530,9251,3,16
1784685082.840,real_q8_tensor_220w_none,2,93,11457,204.58,73,1620,9251,3,16
1784685082.840,real_q8_tensor_220w_none,3,100,11457,207.23,69,1545,9251,3,16
1784685083.412,real_q8_tensor_220w_none,0,100,11457,202.87,65,1725,9251,3,16
1784685083.412,real_q8_tensor_220w_none,1,100,11457,205.56,69,1605,9251,3,16
1784685083.412,real_q8_tensor_220w_none,2,100,11457,204.17,73,1665,9251,3,16
1784685083.412,real_q8_tensor_220w_none,3,100,11457,206.79,69,1545,9251,3,16
1784685083.982,real_q8_tensor_220w_none,0,100,11457,203.00,65,1710,9251,3,16
1784685083.982,real_q8_tensor_220w_none,1,100,11457,206.75,69,1605,9251,3,16
1784685083.982,real_q8_tensor_220w_none,2,100,11457,203.93,73,1530,9251,3,16
1784685083.982,real_q8_tensor_220w_none,3,100,11457,206.58,69,1650,9251,3,16
1784685084.574,real_q8_tensor_220w_none,0,100,11457,201.70,64,1590,9251,3,16
1784685084.574,real_q8_tensor_220w_none,1,100,11457,205.91,68,1575,9251,3,16
1784685084.574,real_q8_tensor_220w_none,2,100,11457,203.62,73,1545,9251,3,16
1784685084.574,real_q8_tensor_220w_none,3,100,11457,206.63,69,1650,9251,3,16
1784685085.167,real_q8_tensor_220w_none,0,100,11457,201.49,64,1650,9251,3,16
1784685085.167,real_q8_tensor_220w_none,1,100,11457,204.64,68,1590,9251,3,16
1784685085.167,real_q8_tensor_220w_none,2,100,11457,202.67,73,1590,9251,3,16
1784685085.167,real_q8_tensor_220w_none,3,100,11457,207.17,69,1635,9251,3,16
1784685085.738,real_q8_tensor_220w_none,0,94,11457,203.23,63,1650,9251,3,16
1784685085.738,real_q8_tensor_220w_none,1,54,11457,206.21,68,1590,9251,3,16
1784685085.738,real_q8_tensor_220w_none,2,68,11457,203.79,73,1560,9251,3,16
1784685085.738,real_q8_tensor_220w_none,3,100,11457,207.38,68,1605,9251,3,16
1784685086.305,real_q8_tensor_220w_none,0,100,11457,204.74,63,1695,9251,3,16
1784685086.305,real_q8_tensor_220w_none,1,98,11457,205.84,68,1560,9251,3,16
1784685086.305,real_q8_tensor_220w_none,2,68,11457,203.74,73,1545,9251,3,16
1784685086.305,real_q8_tensor_220w_none,3,51,11457,206.92,68,1560,9251,3,16
1784685086.875,real_q8_tensor_220w_none,0,97,11457,206.64,64,1905,9251,3,16
1784685086.875,real_q8_tensor_220w_none,1,39,11457,204.51,67,1890,9251,3,16
1784685086.875,real_q8_tensor_220w_none,2,39,11457,201.98,72,1875,9251,3,16
1784685086.875,real_q8_tensor_220w_none,3,51,11457,208.64,69,1920,9251,3,16
1784685087.468,real_q8_tensor_220w_none,0,97,11457,206.99,65,1875,9251,3,16
1784685087.468,real_q8_tensor_220w_none,1,39,11457,207.18,69,1830,9251,3,16
1784685087.468,real_q8_tensor_220w_none,2,39,11457,205.21,73,1785,9251,3,16
1784685087.468,real_q8_tensor_220w_none,3,100,11457,211.46,70,1830,9251,3,16
1784685088.050,real_q8_tensor_220w_none,0,100,11457,207.45,65,1665,9251,3,16
1784685088.050,real_q8_tensor_220w_none,1,100,11457,212.74,69,1545,9251,3,16
1784685088.050,real_q8_tensor_220w_none,2,100,11457,210.73,73,1635,9251,3,16
1784685088.050,real_q8_tensor_220w_none,3,100,11457,210.63,69,1545,9251,3,16
1784685088.618,real_q8_tensor_220w_none,0,100,11457,210.34,64,1650,9251,3,16
1784685088.618,real_q8_tensor_220w_none,1,100,11457,209.64,69,1590,9251,3,16
1784685088.618,real_q8_tensor_220w_none,2,100,11457,207.44,73,1560,9251,3,16
1784685088.618,real_q8_tensor_220w_none,3,100,11457,213.52,69,1590,9251,3,16
1784685089.207,real_q8_tensor_220w_none,0,100,11457,203.09,64,1635,9251,3,16
1784685089.207,real_q8_tensor_220w_none,1,100,11457,206.25,69,1485,9251,3,16
1784685089.207,real_q8_tensor_220w_none,2,100,11457,203.93,73,1620,9251,3,16
1784685089.207,real_q8_tensor_220w_none,3,100,11457,213.05,69,1530,9251,3,16
1784685089.777,real_q8_tensor_220w_none,0,100,11457,202.67,64,1650,9251,3,16
1784685089.777,real_q8_tensor_220w_none,1,100,11457,205.44,69,1515,9251,3,16
1784685089.777,real_q8_tensor_220w_none,2,100,11457,203.17,73,1635,9251,3,16
1784685089.777,real_q8_tensor_220w_none,3,100,11457,207.10,69,1515,9251,3,16
1784685090.372,real_q8_tensor_220w_none,0,100,11457,202.68,64,1575,9251,3,16
1784685090.372,real_q8_tensor_220w_none,1,100,11457,205.43,69,1590,9251,3,16
1784685090.372,real_q8_tensor_220w_none,2,100,11457,203.52,73,1530,9251,3,16
1784685090.372,real_q8_tensor_220w_none,3,100,11457,206.74,69,1650,9251,3,16
1784685090.942,real_q8_tensor_220w_none,0,100,11457,202.65,64,1710,9251,3,16
1784685090.942,real_q8_tensor_220w_none,1,100,11457,205.71,69,1620,9251,3,16
1784685090.942,real_q8_tensor_220w_none,2,100,11457,204.18,73,1500,9251,3,16
1784685090.942,real_q8_tensor_220w_none,3,100,11457,207.79,69,1635,9251,3,16
1784685091.511,real_q8_tensor_220w_none,0,100,11457,201.88,64,1695,9251,3,16
1784685091.511,real_q8_tensor_220w_none,1,100,11457,205.60,69,1575,9251,3,16
1784685091.511,real_q8_tensor_220w_none,2,100,11457,203.83,73,1665,9251,3,16
1784685091.511,real_q8_tensor_220w_none,3,100,11457,207.43,69,1575,9251,3,16
1784685092.081,real_q8_tensor_220w_none,0,100,11457,202.28,64,1650,9251,3,16
1784685092.081,real_q8_tensor_220w_none,1,100,11457,205.72,69,1590,9251,3,16
1784685092.081,real_q8_tensor_220w_none,2,100,11457,203.04,73,1545,9251,3,16
1784685092.081,real_q8_tensor_220w_none,3,85,11457,206.28,69,1635,9251,3,16
1784685092.652,real_q8_tensor_220w_none,0,36,11457,201.91,64,1590,9251,3,16
1784685092.652,real_q8_tensor_220w_none,1,90,11457,205.61,67,1590,9251,3,16
1784685092.652,real_q8_tensor_220w_none,2,88,11457,203.00,72,1530,9251,3,16
1784685092.652,real_q8_tensor_220w_none,3,85,11457,206.22,69,1635,9251,3,16
1784685093.246,real_q8_tensor_220w_none,0,36,11457,200.88,63,1920,9251,3,16
1784685093.246,real_q8_tensor_220w_none,1,90,11457,207.62,67,1905,9251,3,16
1784685093.246,real_q8_tensor_220w_none,2,88,11457,206.19,72,1875,9251,3,16
1784685093.246,real_q8_tensor_220w_none,3,34,11457,203.76,69,1920,9251,3,16
1784685093.815,real_q8_tensor_220w_none,0,100,11457,204.86,64,1740,9251,3,16
1784685093.815,real_q8_tensor_220w_none,1,100,11457,210.16,68,1665,9251,3,16
1784685093.815,real_q8_tensor_220w_none,2,100,11457,209.56,73,1695,9251,3,16
1784685093.815,real_q8_tensor_220w_none,3,79,11457,207.10,69,1725,9251,3,16
1784685094.374,real_q8_tensor_220w_none,0,100,11457,209.46,64,1635,9251,3,16
1784685094.374,real_q8_tensor_220w_none,1,100,11457,209.09,69,1560,9251,3,16
1784685094.374,real_q8_tensor_220w_none,2,100,11457,209.22,74,1620,9251,3,16
1784685094.374,real_q8_tensor_220w_none,3,100,11457,213.79,69,1605,9251,3,16
1784685094.943,real_q8_tensor_220w_none,0,100,11457,206.12,64,1710,9251,3,16
1784685094.943,real_q8_tensor_220w_none,1,100,11457,204.92,69,1620,9251,3,16
1784685094.943,real_q8_tensor_220w_none,2,100,11457,203.74,73,1500,9251,3,16
1784685094.943,real_q8_tensor_220w_none,3,100,11457,211.19,69,1635,9251,3,16
1784685095.514,real_q8_tensor_220w_none,0,100,11457,202.41,64,1635,9251,3,16
1784685095.514,real_q8_tensor_220w_none,1,100,11457,205.38,68,1560,9251,3,16
1784685095.514,real_q8_tensor_220w_none,2,100,11457,202.77,73,1620,9251,3,16
1784685095.514,real_q8_tensor_220w_none,3,100,11457,207.51,69,1605,9251,3,16
1784685096.083,real_q8_tensor_220w_none,0,100,11457,202.10,64,1560,9251,3,16
1784685096.083,real_q8_tensor_220w_none,1,100,11457,205.77,69,1440,9251,3,16
1784685096.083,real_q8_tensor_220w_none,2,100,11457,203.65,73,1515,9251,3,16
1784685096.083,real_q8_tensor_220w_none,3,100,11457,207.49,69,1485,9251,3,16
1784685096.678,real_q8_tensor_220w_none,0,100,11457,201.86,64,1590,9251,3,16
1784685096.678,real_q8_tensor_220w_none,1,100,11457,205.88,69,1545,9251,3,16
1784685096.678,real_q8_tensor_220w_none,2,100,11457,204.30,73,1635,9251,3,16
1784685096.678,real_q8_tensor_220w_none,3,100,11457,206.99,69,1590,9251,3,16
1784685097.269,real_q8_tensor_220w_none,0,100,11457,202.27,64,1710,9251,3,16
1784685097.269,real_q8_tensor_220w_none,1,100,11457,205.71,68,1605,9251,3,16
1784685097.269,real_q8_tensor_220w_none,2,100,11457,203.69,73,1665,9251,3,16
1784685097.269,real_q8_tensor_220w_none,3,100,11457,205.88,69,1485,9251,3,16
1784685097.838,real_q8_tensor_220w_none,0,66,11457,202.29,64,1695,9251,3,16
1784685097.838,real_q8_tensor_220w_none,1,66,11457,204.96,68,1575,9251,3,16
1784685097.838,real_q8_tensor_220w_none,2,82,11457,202.82,73,1485,9251,3,16
1784685097.838,real_q8_tensor_220w_none,3,100,11457,206.40,69,1635,9251,3,16
1784685098.410,real_q8_tensor_220w_none,0,73,11457,203.51,63,1530,9251,3,16
1784685098.410,real_q8_tensor_220w_none,1,36,11457,202.51,69,1410,9251,3,16
1784685098.410,real_q8_tensor_220w_none,2,35,11457,200.07,73,1515,9251,3,16
1784685098.410,real_q8_tensor_220w_none,3,83,11457,206.80,68,1560,9251,3,16
1784685098.978,real_q8_tensor_220w_none,0,100,11457,207.59,65,1905,9251,3,16
1784685098.978,real_q8_tensor_220w_none,1,81,11457,205.78,67,1875,9251,3,16
1784685098.978,real_q8_tensor_220w_none,2,100,11457,203.33,71,1875,9251,3,16
1784685098.978,real_q8_tensor_220w_none,3,67,11457,205.25,68,1905,9251,3,16
1784685099.576,real_q8_tensor_220w_none,0,100,11457,206.66,64,1635,9251,3,16
1784685099.576,real_q8_tensor_220w_none,1,90,11457,209.59,69,1650,9251,3,16
1784685099.576,real_q8_tensor_220w_none,2,91,11457,207.95,73,1545,9251,3,16
1784685099.576,real_q8_tensor_220w_none,3,100,11457,210.25,69,1635,9251,3,16
1784685100.136,real_q8_tensor_220w_none,0,100,11457,209.56,65,1575,9251,3,16
1784685100.136,real_q8_tensor_220w_none,1,90,11457,210.24,69,1500,9251,3,16
1784685100.136,real_q8_tensor_220w_none,2,91,11457,208.16,73,1650,9251,3,16
1784685100.136,real_q8_tensor_220w_none,3,100,11457,211.02,69,1575,9251,3,16
1784685100.706,real_q8_tensor_220w_none,0,100,11457,206.88,64,1530,9251,3,16
1784685100.706,real_q8_tensor_220w_none,1,100,11457,205.66,69,1440,9251,3,16
1784685100.706,real_q8_tensor_220w_none,2,100,11457,203.25,73,1500,9251,3,16
1784685100.706,real_q8_tensor_220w_none,3,100,11457,210.95,69,1545,9251,3,16
1784685101.298,real_q8_tensor_220w_none,0,100,11457,200.96,64,1710,9251,3,16
1784685101.298,real_q8_tensor_220w_none,1,100,11457,204.36,69,1575,9251,3,16
1784685101.298,real_q8_tensor_220w_none,2,100,11457,202.18,73,1485,9251,3,16
1784685101.298,real_q8_tensor_220w_none,3,100,11457,207.04,69,1635,9251,3,16
1784685101.894,real_q8_tensor_220w_none,0,100,11457,201.29,64,1605,9251,3,16
1784685101.894,real_q8_tensor_220w_none,1,100,11457,205.53,68,1575,9251,3,16
1784685101.894,real_q8_tensor_220w_none,2,100,11457,203.53,73,1575,9251,3,16
1784685101.894,real_q8_tensor_220w_none,3,100,11457,205.62,69,1620,9251,3,16
1784685102.502,real_q8_tensor_220w_none,0,100,11457,200.34,64,1695,9251,3,16
1784685102.502,real_q8_tensor_220w_none,1,100,11457,203.90,69,1590,9251,3,16
1784685102.502,real_q8_tensor_220w_none,2,100,11457,202.15,73,1605,9251,3,16
1784685102.502,real_q8_tensor_220w_none,3,100,11457,206.71,69,1635,9251,3,16
1784685103.094,real_q8_tensor_220w_none,0,100,11457,200.91,64,1560,9251,3,16
1784685103.094,real_q8_tensor_220w_none,1,100,11457,204.34,68,1590,9251,3,16
1784685103.094,real_q8_tensor_220w_none,2,100,11457,202.44,73,1485,9251,3,16
1784685103.094,real_q8_tensor_220w_none,3,100,11457,206.21,69,1605,9251,3,16
1784685103.663,real_q8_tensor_220w_none,0,100,11457,202.31,64,1545,9251,3,16
1784685103.663,real_q8_tensor_220w_none,1,100,11457,204.32,68,1395,9251,3,16
1784685103.663,real_q8_tensor_220w_none,2,100,11457,202.45,73,1500,9251,3,16
1784685103.663,real_q8_tensor_220w_none,3,100,11457,206.43,69,1485,9251,3,16
1784685104.230,real_q8_tensor_220w_none,0,31,11457,199.46,64,1920,9251,3,16
1784685104.230,real_q8_tensor_220w_none,1,61,11457,203.90,67,1320,9251,3,16
1784685104.230,real_q8_tensor_220w_none,2,61,11457,202.60,71,1890,9251,3,16
1784685104.230,real_q8_tensor_220w_none,3,37,11457,204.30,69,1470,9251,3,16
1784685104.798,real_q8_tensor_220w_none,0,100,11457,203.34,64,1845,9251,3,16
1784685104.798,real_q8_tensor_220w_none,1,99,11457,209.46,69,1800,9251,3,16
1784685104.798,real_q8_tensor_220w_none,2,100,11457,209.02,73,1755,9251,3,16
1784685104.798,real_q8_tensor_220w_none,3,74,11457,205.85,69,1800,9251,3,16
1784685105.383,real_q8_tensor_220w_none,0,100,11457,209.90,64,1695,9251,3,16
1784685105.383,real_q8_tensor_220w_none,1,100,11457,208.64,69,1575,9251,3,16
1784685105.383,real_q8_tensor_220w_none,2,100,11457,207.37,73,1635,9251,3,16
1784685105.383,real_q8_tensor_220w_none,3,100,11457,212.68,69,1635,9251,3,16
1784685105.955,real_q8_tensor_220w_none,0,100,11457,204.90,65,1545,9251,3,16
1784685105.955,real_q8_tensor_220w_none,1,100,11457,204.56,68,1605,9251,3,16
1784685105.955,real_q8_tensor_220w_none,2,100,11457,202.64,73,1470,9251,3,16
1784685105.955,real_q8_tensor_220w_none,3,100,11457,209.89,69,1620,9251,3,16
1784685106.523,real_q8_tensor_220w_none,0,100,11457,200.84,64,1650,9251,3,16
1784685106.523,real_q8_tensor_220w_none,1,100,11457,204.15,69,1560,9251,3,16
1784685106.523,real_q8_tensor_220w_none,2,100,11457,202.54,73,1545,9251,3,16
1784685106.523,real_q8_tensor_220w_none,3,100,11457,205.49,69,1620,9251,3,16
1784685107.092,real_q8_tensor_220w_none,0,100,11457,201.01,64,1575,9251,3,16
1784685107.092,real_q8_tensor_220w_none,1,100,11457,203.86,68,1575,9251,3,16
1784685107.092,real_q8_tensor_220w_none,2,100,11457,202.06,73,1485,9251,3,16
1784685107.092,real_q8_tensor_220w_none,3,100,11457,205.78,69,1620,9251,3,16
1784685107.660,real_q8_tensor_220w_none,0,100,11457,201.44,64,1695,9251,3,16
1784685107.660,real_q8_tensor_220w_none,1,100,11457,204.62,68,1590,9251,3,16
1784685107.660,real_q8_tensor_220w_none,2,100,11457,203.09,73,1620,9251,3,16
1784685107.660,real_q8_tensor_220w_none,3,100,11457,205.72,69,1620,9251,3,16
1784685108.254,real_q8_tensor_220w_none,0,100,11457,201.35,64,1575,9251,3,16
1784685108.254,real_q8_tensor_220w_none,1,100,11457,204.50,68,1545,9251,3,16
1784685108.254,real_q8_tensor_220w_none,2,100,11457,202.82,73,1650,9251,3,16
1784685108.254,real_q8_tensor_220w_none,3,65,11457,205.38,69,1590,9251,3,16
1784685108.847,real_q8_tensor_220w_none,0,33,11457,199.60,63,1635,9251,3,16
1784685108.847,real_q8_tensor_220w_none,1,76,11457,204.80,67,1500,9251,3,16
1784685108.847,real_q8_tensor_220w_none,2,100,11457,203.08,71,1560,9251,3,16
1784685108.847,real_q8_tensor_220w_none,3,41,11457,204.24,69,1500,9251,3,16
1784685109.437,real_q8_tensor_220w_none,0,100,11457,202.55,63,1905,9251,3,16
1784685109.437,real_q8_tensor_220w_none,1,99,11457,202.74,68,1890,9251,3,16
1784685109.437,real_q8_tensor_220w_none,2,33,11457,200.82,72,1875,9251,3,16
1784685109.437,real_q8_tensor_220w_none,3,75,11457,206.19,68,1905,9251,3,16
1784685110.031,real_q8_tensor_220w_none,0,100,11457,206.96,64,1695,9251,3,16
1784685110.031,real_q8_tensor_220w_none,1,100,11457,209.01,69,1425,9251,3,16
1784685110.031,real_q8_tensor_220w_none,2,33,11457,207.65,73,1635,9251,3,16
1784685110.031,real_q8_tensor_220w_none,3,100,11457,211.54,69,1620,9251,3,16
1784685110.591,real_q8_tensor_220w_none,0,100,11457,205.97,64,1650,9251,3,16
1784685110.591,real_q8_tensor_220w_none,1,100,11457,211.08,68,1560,9251,3,16
1784685110.591,real_q8_tensor_220w_none,2,100,11457,210.48,73,1575,9251,3,16
1784685110.591,real_q8_tensor_220w_none,3,100,11457,210.60,69,1545,9251,3,16
1784685111.161,real_q8_tensor_220w_none,0,100,11457,201.39,64,1695,9251,3,16
1784685111.161,real_q8_tensor_220w_none,1,100,11457,207.85,68,1590,9251,3,16
1784685111.161,real_q8_tensor_220w_none,2,100,11457,207.11,73,1440,9251,3,16
1784685111.161,real_q8_tensor_220w_none,3,100,11457,204.59,69,1620,9251,3,16
1784685111.729,real_q8_tensor_220w_none,0,100,11457,199.78,64,1695,9251,3,16
1784685111.729,real_q8_tensor_220w_none,1,100,11457,203.83,68,1425,9251,3,16
1784685111.729,real_q8_tensor_220w_none,2,100,11457,202.65,73,1620,9251,3,16
1784685111.729,real_q8_tensor_220w_none,3,100,11457,205.35,69,1470,9251,3,16
1784685112.297,real_q8_tensor_220w_none,0,100,11457,201.16,64,1680,9251,3,16
1784685112.297,real_q8_tensor_220w_none,1,100,11457,203.12,68,1560,9251,3,16
1784685112.297,real_q8_tensor_220w_none,2,84,11457,202.13,73,1575,9251,3,16
1784685112.297,real_q8_tensor_220w_none,3,100,11457,206.43,69,1545,9251,3,16
1784685112.865,real_q8_tensor_220w_none,0,100,11457,201.27,64,1500,9251,3,16
1784685112.865,real_q8_tensor_220w_none,1,100,11457,204.85,68,1590,9251,3,16
1784685112.865,real_q8_tensor_220w_none,2,100,11457,203.30,73,1470,9251,3,16
1784685112.865,real_q8_tensor_220w_none,3,100,11457,205.20,69,1620,9251,3,16
1784685113.457,real_q8_tensor_220w_none,0,50,11457,199.62,62,1905,9251,3,16
1784685113.457,real_q8_tensor_220w_none,1,80,11457,207.08,67,1860,9251,3,16
1784685113.457,real_q8_tensor_220w_none,2,100,11457,202.92,71,1890,9251,3,16
1784685113.457,real_q8_tensor_220w_none,3,43,11457,203.30,68,1905,9251,3,16
1784685114.025,real_q8_tensor_220w_none,0,50,11457,206.63,64,1500,9251,3,16
1784685114.025,real_q8_tensor_220w_none,1,80,11457,208.92,68,1395,9251,3,16
1784685114.025,real_q8_tensor_220w_none,2,100,11457,207.60,73,1500,9251,3,16
1784685114.025,real_q8_tensor_220w_none,3,43,11457,209.72,69,1410,9251,3,16
1784685114.585,real_q8_tensor_220w_none,0,100,11457,207.00,64,1545,9251,3,16
1784685114.585,real_q8_tensor_220w_none,1,100,11457,208.83,69,1425,9251,3,16
1784685114.585,real_q8_tensor_220w_none,2,100,11457,207.73,73,1530,9251,3,16
1784685114.585,real_q8_tensor_220w_none,3,100,11457,211.21,69,1635,9251,3,16
1784685115.154,real_q8_tensor_220w_none,0,100,11457,199.66,64,1665,9251,3,16
1784685115.154,real_q8_tensor_220w_none,1,100,11457,203.36,68,1575,9251,3,16
1784685115.154,real_q8_tensor_220w_none,2,100,11457,207.33,73,1545,9251,3,16
1784685115.154,real_q8_tensor_220w_none,3,100,11457,204.82,69,1620,9251,3,16
1784685115.722,real_q8_tensor_220w_none,0,100,11457,200.98,64,1665,9251,3,16
1784685115.722,real_q8_tensor_220w_none,1,100,11457,203.35,68,1530,9251,3,16
1784685115.722,real_q8_tensor_220w_none,2,100,11457,200.99,73,1650,9251,3,16
1784685115.722,real_q8_tensor_220w_none,3,100,11457,205.08,69,1530,9251,3,16
1784685116.310,real_q8_tensor_220w_none,0,100,11457,201.27,64,1695,9251,3,16
1784685116.310,real_q8_tensor_220w_none,1,65,11457,203.51,68,1605,9251,3,16
1784685116.310,real_q8_tensor_220w_none,2,100,11457,201.88,73,1470,9251,3,16
1784685116.310,real_q8_tensor_220w_none,3,67,11457,206.28,69,1605,9251,3,16
1784685116.904,real_q8_tensor_220w_none,0,100,11457,201.14,64,1515,9251,3,16
1784685116.904,real_q8_tensor_220w_none,1,99,11457,203.77,68,1605,9251,3,16
1784685116.904,real_q8_tensor_220w_none,2,100,11457,202.63,73,1425,9251,3,16
1784685116.904,real_q8_tensor_220w_none,3,100,11457,206.10,69,1635,9251,3,16
1784685117.495,real_q8_tensor_220w_none,0,100,11457,201.05,62,1650,9251,3,16
1784685117.495,real_q8_tensor_220w_none,1,99,11457,203.83,68,1545,9251,3,16
1784685117.495,real_q8_tensor_220w_none,2,45,11457,202.14,73,1455,9251,3,16
1784685117.495,real_q8_tensor_220w_none,3,100,11457,204.86,67,1560,9251,3,16
1784685118.064,real_q8_tensor_220w_none,0,100,11457,205.16,64,1785,9251,3,16
1784685118.064,real_q8_tensor_220w_none,1,100,11457,204.87,68,1695,9251,3,16
1784685118.064,real_q8_tensor_220w_none,2,45,11457,203.42,73,1635,9251,3,16
1784685118.064,real_q8_tensor_220w_none,3,100,11457,210.15,69,1695,9251,3,16
1784685118.624,real_q8_tensor_220w_none,0,100,11457,204.37,64,1530,9251,3,16
1784685118.624,real_q8_tensor_220w_none,1,100,11457,207.83,68,1575,9251,3,16
1784685118.624,real_q8_tensor_220w_none,2,100,11457,207.88,73,1545,9251,3,16
1784685118.624,real_q8_tensor_220w_none,3,100,11457,208.88,69,1620,9251,3,16
1784685119.261,real_q8_tensor_220w_none,0,100,11457,206.63,64,1530,9251,3,16
1784685119.261,real_q8_tensor_220w_none,1,100,11457,207.98,68,1575,9251,3,16
1784685119.261,real_q8_tensor_220w_none,2,100,11457,208.74,73,1470,9251,3,16
1784685119.261,real_q8_tensor_220w_none,3,100,11457,209.02,69,1425,9251,3,16
1784685119.873,real_q8_tensor_220w_none,0,100,11457,208.79,64,1695,9251,3,16
1784685119.873,real_q8_tensor_220w_none,1,100,11457,209.73,68,1545,9251,3,16
1784685119.873,real_q8_tensor_220w_none,2,100,11457,208.79,73,1635,9251,3,16
1784685119.873,real_q8_tensor_220w_none,3,100,11457,211.35,69,1620,9251,3,16
1784685120.510,real_q8_tensor_220w_none,0,100,11457,203.77,64,1680,9251,3,16
1784685120.510,real_q8_tensor_220w_none,1,100,11457,203.57,68,1605,9251,3,16
1784685120.510,real_q8_tensor_220w_none,2,100,11457,201.19,73,1635,9251,3,16
1784685120.510,real_q8_tensor_220w_none,3,100,11457,208.56,69,1635,9251,3,16
1784685121.113,real_q8_tensor_220w_none,0,100,11457,200.54,64,1695,9251,3,16
1784685121.113,real_q8_tensor_220w_none,1,100,11457,203.10,68,1560,9251,3,16
1784685121.113,real_q8_tensor_220w_none,2,100,11457,201.22,73,1650,9251,3,16
1784685121.113,real_q8_tensor_220w_none,3,100,11457,204.70,69,1545,9251,3,16
1784685121.712,real_q8_tensor_220w_none,0,100,11457,199.84,64,1680,9251,3,16
1784685121.712,real_q8_tensor_220w_none,1,100,11457,203.22,68,1560,9251,3,16
1784685121.712,real_q8_tensor_220w_none,2,100,11457,200.94,72,1485,9251,3,16
1784685121.712,real_q8_tensor_220w_none,3,100,11457,204.41,69,1620,9251,3,16
1784685122.287,real_q8_tensor_220w_none,0,98,11457,198.76,64,1500,9251,3,16
1784685122.287,real_q8_tensor_220w_none,1,73,11457,203.17,68,1470,9251,3,16
1784685122.287,real_q8_tensor_220w_none,2,82,11457,200.94,72,1650,9251,3,16
1784685122.287,real_q8_tensor_220w_none,3,63,11457,204.62,69,1560,9251,3,16
1784685122.869,real_q8_tensor_220w_none,0,82,11457,203.01,62,1920,9251,3,16
1784685122.869,real_q8_tensor_220w_none,1,28,11457,200.73,69,1890,9251,3,16
1784685122.869,real_q8_tensor_220w_none,2,82,11457,199.56,71,1875,9251,3,16
1784685122.869,real_q8_tensor_220w_none,3,57,11457,205.75,68,1920,9251,3,16
1784685123.453,real_q8_tensor_220w_none,0,82,11457,202.15,63,1560,9251,3,16
1784685123.453,real_q8_tensor_220w_none,1,28,11457,204.11,67,1215,9251,3,16
1784685123.453,real_q8_tensor_220w_none,2,100,11457,199.34,71,1320,9251,3,16
1784685123.453,real_q8_tensor_220w_none,3,57,11457,208.81,68,1395,9251,3,16
1784685124.053,real_q8_tensor_220w_none,0,100,11457,188.09,64,1590,9251,3,16
1784685124.053,real_q8_tensor_220w_none,1,100,11457,193.63,68,1560,9251,3,16
1784685124.053,real_q8_tensor_220w_none,2,100,11457,187.93,72,1470,9251,3,16
1784685124.053,real_q8_tensor_220w_none,3,100,11457,194.38,68,1590,9251,3,16
1784685124.646,real_q8_tensor_220w_none,0,100,11457,179.41,63,1785,9251,3,16
1784685124.646,real_q8_tensor_220w_none,1,100,11457,194.65,67,1665,9251,3,16
1784685124.646,real_q8_tensor_220w_none,2,65,11457,190.20,71,1740,9251,3,16
1784685124.646,real_q8_tensor_220w_none,3,100,11457,185.59,68,1710,9251,3,16
1784685125.234,real_q8_tensor_220w_none,0,60,11457,198.09,63,1905,9251,3,16
1784685125.234,real_q8_tensor_220w_none,1,92,11457,207.15,68,1890,9251,3,16
1784685125.234,real_q8_tensor_220w_none,2,65,11457,203.82,72,1875,9251,3,16
1784685125.234,real_q8_tensor_220w_none,3,54,11457,204.31,68,1890,9251,3,16
1784685125.809,real_q8_tensor_220w_none,0,91,11457,212.47,63,1770,9251,3,16
1784685125.809,real_q8_tensor_220w_none,1,89,11457,216.82,68,1680,9251,3,16
1784685125.809,real_q8_tensor_220w_none,2,90,11457,214.17,72,1725,9251,3,16
1784685125.809,real_q8_tensor_220w_none,3,90,11457,216.34,68,1695,9251,3,16
1784685126.397,real_q8_tensor_220w_none,0,92,11457,212.84,64,1755,9251,3,16
1784685126.397,real_q8_tensor_220w_none,1,92,11457,216.63,68,1650,9251,3,16
1784685126.397,real_q8_tensor_220w_none,2,90,11457,214.29,72,1605,9251,3,16
1784685126.397,real_q8_tensor_220w_none,3,93,11457,217.69,68,1665,9251,3,16
1784685126.974,real_q8_tensor_220w_none,0,94,11457,219.42,64,1755,9251,3,16
1784685126.974,real_q8_tensor_220w_none,1,93,11457,219.91,68,1665,9251,3,16
1784685126.974,real_q8_tensor_220w_none,2,93,11457,220.07,72,1695,9251,3,16
1784685126.974,real_q8_tensor_220w_none,3,93,11457,219.85,68,1695,9251,3,16
1784685127.554,real_q8_tensor_220w_none,0,94,11457,219.53,63,1740,9251,3,16
1784685127.554,real_q8_tensor_220w_none,1,93,11457,219.59,67,1650,9251,3,16
1784685127.554,real_q8_tensor_220w_none,2,93,11457,219.87,72,1695,9251,3,16
1784685127.554,real_q8_tensor_220w_none,3,93,11457,219.84,68,1680,9251,3,16
1784685128.151,real_q8_tensor_220w_none,0,94,11457,219.42,63,1740,9251,3,16
1784685128.151,real_q8_tensor_220w_none,1,93,11457,218.74,67,1590,9251,3,16
1784685128.151,real_q8_tensor_220w_none,2,93,11457,219.01,72,1695,9251,3,16
1784685128.151,real_q8_tensor_220w_none,3,93,11457,219.20,68,1620,9251,3,16
1784685128.730,real_q8_tensor_220w_none,0,94,11457,219.71,63,1770,9251,3,16
1784685128.730,real_q8_tensor_220w_none,1,93,11457,219.66,67,1680,9251,3,16
1784685128.730,real_q8_tensor_220w_none,2,93,11457,219.55,72,1725,9251,3,16
1784685128.730,real_q8_tensor_220w_none,3,93,11457,219.83,68,1695,9251,3,16
1784685129.308,real_q8_tensor_220w_none,0,94,11457,218.95,63,1755,9251,3,16
1784685129.308,real_q8_tensor_220w_none,1,93,11457,219.15,67,1650,9251,3,16
1784685129.308,real_q8_tensor_220w_none,2,94,11457,219.07,72,1695,9251,3,16
1784685129.308,real_q8_tensor_220w_none,3,93,11457,219.06,68,1680,9251,3,16
1784685129.894,real_q8_tensor_220w_none,0,94,11457,219.56,63,1755,9251,3,16
1784685129.894,real_q8_tensor_220w_none,1,94,11457,219.46,67,1650,9251,3,16
1784685129.894,real_q8_tensor_220w_none,2,94,11457,219.58,72,1710,9251,3,16
1784685129.894,real_q8_tensor_220w_none,3,93,11457,219.59,68,1680,9251,3,16
1784685130.492,real_q8_tensor_220w_none,0,93,11457,219.09,63,1770,9251,3,16
1784685130.492,real_q8_tensor_220w_none,1,93,11457,219.34,67,1665,9251,3,16
1784685130.492,real_q8_tensor_220w_none,2,93,11457,219.33,72,1710,9251,3,16
1784685130.492,real_q8_tensor_220w_none,3,93,11457,219.78,68,1695,9251,3,16
1784685131.072,real_q8_tensor_220w_none,0,93,11457,202.18,61,1920,9251,3,16
1784685131.072,real_q8_tensor_220w_none,1,93,11457,200.55,65,1905,9251,3,16
1784685131.072,real_q8_tensor_220w_none,2,0,11457,198.27,70,1890,9251,3,16
1784685131.072,real_q8_tensor_220w_none,3,93,11457,197.36,66,1920,9251,3,16
1784685131.659,real_q8_tensor_220w_none,0,78,11457,179.72,64,1875,9251,3,16
1784685131.659,real_q8_tensor_220w_none,1,78,11457,187.91,68,1785,9251,3,16
1784685131.659,real_q8_tensor_220w_none,2,0,11457,183.75,73,1830,9251,3,16
1784685131.659,real_q8_tensor_220w_none,3,77,11457,188.93,68,1830,9251,3,16
1784685132.254,real_q8_tensor_220w_none,0,78,11457,204.78,64,1875,9251,3,16
1784685132.254,real_q8_tensor_220w_none,1,78,11457,213.48,68,1800,9251,3,16
1784685132.254,real_q8_tensor_220w_none,2,100,11457,211.76,73,1830,9251,3,16
1784685132.254,real_q8_tensor_220w_none,3,77,11457,210.41,69,1815,9251,3,16
1784685132.829,real_q8_tensor_220w_none,0,100,11457,214.65,64,1860,9251,3,16
1784685132.829,real_q8_tensor_220w_none,1,81,11457,217.61,68,1800,9251,3,16
1784685132.829,real_q8_tensor_220w_none,2,90,11457,214.93,73,1830,9251,3,16
1784685132.829,real_q8_tensor_220w_none,3,100,11457,217.02,69,1815,9251,3,16
1784685133.425,real_q8_tensor_220w_none,0,100,11457,214.44,64,1860,9251,3,16
1784685133.425,real_q8_tensor_220w_none,1,81,11457,217.78,69,1845,9251,3,16
1784685133.425,real_q8_tensor_220w_none,2,100,11457,214.64,73,1830,9251,3,16
1784685133.425,real_q8_tensor_220w_none,3,100,11457,216.46,69,1875,9251,3,16
1784685134.017,real_q8_tensor_220w_none,0,100,11457,214.52,64,1875,9251,3,16
1784685134.017,real_q8_tensor_220w_none,1,100,11457,218.16,69,1785,9251,3,16
1784685134.017,real_q8_tensor_220w_none,2,100,11457,215.39,73,1815,9251,3,16
1784685134.017,real_q8_tensor_220w_none,3,100,11457,216.79,69,1815,9251,3,16
1784685134.592,real_q8_tensor_220w_none,0,100,11457,215.16,64,1890,9251,3,16
1784685134.592,real_q8_tensor_220w_none,1,100,11457,218.22,68,1770,9251,3,16
1784685134.592,real_q8_tensor_220w_none,2,81,11457,215.38,73,1800,9251,3,16
1784685134.592,real_q8_tensor_220w_none,3,100,11457,216.81,69,1815,9251,3,16
1784685135.172,real_q8_tensor_220w_none,0,100,11457,214.88,64,1860,9251,3,16
1784685135.172,real_q8_tensor_220w_none,1,100,11457,218.21,69,1800,9251,3,16
1784685135.172,real_q8_tensor_220w_none,2,81,11457,214.76,73,1830,9251,3,16
1784685135.172,real_q8_tensor_220w_none,3,100,11457,216.86,69,1815,9251,3,16
1784685135.748,real_q8_tensor_220w_none,0,100,11457,214.44,64,1875,9251,3,16
1784685135.748,real_q8_tensor_220w_none,1,100,11457,218.30,68,1770,9251,3,16
1784685135.748,real_q8_tensor_220w_none,2,85,11457,214.95,73,1815,9251,3,16
1784685135.748,real_q8_tensor_220w_none,3,100,11457,216.83,69,1800,9251,3,16
1784685136.325,real_q8_tensor_220w_none,0,100,11457,214.63,65,1875,9251,3,16
1784685136.325,real_q8_tensor_220w_none,1,100,11457,218.12,69,1755,9251,3,16
1784685136.325,real_q8_tensor_220w_none,2,100,11457,215.06,73,1815,9251,3,16
1784685136.325,real_q8_tensor_220w_none,3,100,11457,217.68,69,1800,9251,3,16
1784685136.921,real_q8_tensor_220w_none,0,100,11457,214.40,64,1860,9251,3,16
1784685136.921,real_q8_tensor_220w_none,1,100,11457,218.26,69,1785,9251,3,16
1784685136.921,real_q8_tensor_220w_none,2,80,11457,214.50,73,1830,9251,3,16
1784685136.921,real_q8_tensor_220w_none,3,100,11457,218.27,69,1770,9251,3,16
1784685137.497,real_q8_tensor_220w_none,0,100,11457,214.23,65,1860,9251,3,16
1784685137.497,real_q8_tensor_220w_none,1,100,11457,217.67,69,1770,9251,3,16
1784685137.497,real_q8_tensor_220w_none,2,80,11457,214.09,73,1815,9251,3,16
1784685137.497,real_q8_tensor_220w_none,3,100,11457,218.33,70,1800,9251,3,16
1784685138.075,real_q8_tensor_220w_none,0,100,11457,214.12,65,1860,9251,3,16
1784685138.075,real_q8_tensor_220w_none,1,100,11457,217.19,69,1785,9251,3,16
1784685138.075,real_q8_tensor_220w_none,2,100,11457,214.50,73,1815,9251,3,16
1784685138.075,real_q8_tensor_220w_none,3,100,11457,218.57,69,1785,9251,3,16
1784685138.651,real_q8_tensor_220w_none,0,100,11457,214.83,65,1845,9251,3,16
1784685138.651,real_q8_tensor_220w_none,1,100,11457,219.77,69,1785,9251,3,16
1784685138.651,real_q8_tensor_220w_none,2,100,11457,217.18,73,1815,9251,3,16
1784685138.651,real_q8_tensor_220w_none,3,100,11457,218.38,70,1800,9251,3,16
1784685139.222,real_q8_tensor_220w_none,0,100,11457,214.81,65,1875,9251,3,16
1784685139.222,real_q8_tensor_220w_none,1,100,11457,218.16,69,1770,9251,3,16
1784685139.222,real_q8_tensor_220w_none,2,91,11457,214.97,73,1815,9251,3,16
1784685139.222,real_q8_tensor_220w_none,3,100,11457,218.14,69,1800,9251,3,16
1784685139.798,real_q8_tensor_220w_none,0,100,11457,216.86,65,1860,9251,3,16
1784685139.798,real_q8_tensor_220w_none,1,100,11457,218.24,69,1770,9251,3,16
1784685139.798,real_q8_tensor_220w_none,2,100,11457,215.12,74,1815,9251,3,16
1784685139.798,real_q8_tensor_220w_none,3,97,11457,220.01,70,1800,9251,3,16
1784685140.366,real_q8_tensor_220w_none,0,90,11457,214.20,65,1845,9251,3,16
1784685140.366,real_q8_tensor_220w_none,1,90,11457,217.99,69,1785,9251,3,16
1784685140.366,real_q8_tensor_220w_none,2,100,11457,215.34,74,1815,9251,3,16
1784685140.366,real_q8_tensor_220w_none,3,91,11457,218.23,70,1800,9251,3,16
1784685140.946,real_q8_tensor_220w_none,0,100,11457,213.85,65,1845,9251,3,16
1784685140.946,real_q8_tensor_220w_none,1,100,11457,219.48,69,1770,9251,3,16
1784685140.946,real_q8_tensor_220w_none,2,100,11457,216.72,73,1800,9251,3,16
1784685140.946,real_q8_tensor_220w_none,3,100,11457,218.14,70,1785,9251,3,16
1784685141.513,real_q8_tensor_220w_none,0,100,11457,212.89,65,1845,9251,3,16
1784685141.513,real_q8_tensor_220w_none,1,100,11457,218.19,68,1770,9251,3,16
1784685141.513,real_q8_tensor_220w_none,2,97,11457,215.28,74,1815,9251,3,16
1784685141.513,real_q8_tensor_220w_none,3,100,11457,217.88,70,1785,9251,3,16
1784685142.090,real_q8_tensor_220w_none,0,100,11457,212.30,65,1860,9251,3,16
1784685142.090,real_q8_tensor_220w_none,1,100,11457,218.37,69,1770,9251,3,16
1784685142.090,real_q8_tensor_220w_none,2,97,11457,215.90,74,1815,9251,3,16
1784685142.090,real_q8_tensor_220w_none,3,99,11457,220.03,70,1785,9251,3,16
1784685142.660,real_q8_tensor_220w_none,0,100,11457,212.79,65,1860,9251,3,16
1784685142.660,real_q8_tensor_220w_none,1,100,11457,218.03,69,1755,9251,3,16
1784685142.660,real_q8_tensor_220w_none,2,100,11457,216.09,73,1815,9251,3,16
1784685142.660,real_q8_tensor_220w_none,3,99,11457,218.17,70,1785,9251,3,16
1784685143.235,real_q8_tensor_220w_none,0,100,11457,214.05,65,1860,9251,3,16
1784685143.235,real_q8_tensor_220w_none,1,100,11457,217.65,69,1770,9251,3,16
1784685143.235,real_q8_tensor_220w_none,2,100,11457,216.03,74,1815,9251,3,16
1784685143.235,real_q8_tensor_220w_none,3,100,11457,217.84,70,1800,9251,3,16
1784685143.809,real_q8_tensor_220w_none,0,89,11457,214.23,65,1845,9251,3,16
1784685143.809,real_q8_tensor_220w_none,1,89,11457,218.23,69,1770,9251,3,16
1784685143.809,real_q8_tensor_220w_none,2,81,11457,215.86,74,1800,9251,3,16
1784685143.809,real_q8_tensor_220w_none,3,89,11457,218.00,70,1785,9251,3,16
1784685144.405,real_q8_tensor_220w_none,0,100,11457,216.09,65,1845,9251,3,16
1784685144.405,real_q8_tensor_220w_none,1,100,11457,217.85,69,1770,9251,3,16
1784685144.405,real_q8_tensor_220w_none,2,81,11457,215.04,74,1815,9251,3,16
1784685144.405,real_q8_tensor_220w_none,3,100,11457,220.14,70,1785,9251,3,16
1784685144.979,real_q8_tensor_220w_none,0,100,11457,213.22,65,1860,9251,3,16
1784685144.979,real_q8_tensor_220w_none,1,100,11457,217.54,69,1770,9251,3,16
1784685144.979,real_q8_tensor_220w_none,2,100,11457,214.63,73,1800,9251,3,16
1784685144.979,real_q8_tensor_220w_none,3,100,11457,218.46,70,1785,9251,3,16
1784685145.553,real_q8_tensor_220w_none,0,100,11457,213.15,65,1845,9251,3,16
1784685145.553,real_q8_tensor_220w_none,1,100,11457,219.97,69,1770,9251,3,16
1784685145.553,real_q8_tensor_220w_none,2,100,11457,216.51,74,1800,9251,3,16
1784685145.553,real_q8_tensor_220w_none,3,100,11457,217.96,70,1800,9251,3,16
1784685146.128,real_q8_tensor_220w_none,0,100,11457,213.37,65,1845,9251,3,16
1784685146.128,real_q8_tensor_220w_none,1,100,11457,218.00,69,1755,9251,3,16
1784685146.128,real_q8_tensor_220w_none,2,77,11457,213.99,73,1800,9251,3,16
1784685146.128,real_q8_tensor_220w_none,3,100,11457,218.68,70,1755,9251,3,16
1784685146.703,real_q8_tensor_220w_none,0,100,11457,213.45,65,1845,9251,3,16
1784685146.703,real_q8_tensor_220w_none,1,100,11457,217.21,69,1770,9251,3,16
1784685146.703,real_q8_tensor_220w_none,2,77,11457,214.46,74,1800,9251,3,16
1784685146.703,real_q8_tensor_220w_none,3,100,11457,217.78,70,1785,9251,3,16
1784685147.306,real_q8_tensor_220w_none,0,88,11457,213.55,64,1845,9251,3,16
1784685147.306,real_q8_tensor_220w_none,1,100,11457,217.52,69,1755,9251,3,16
1784685147.306,real_q8_tensor_220w_none,2,77,11457,214.86,74,1800,9251,3,16
1784685147.306,real_q8_tensor_220w_none,3,88,11457,217.12,69,1800,9251,3,16
1784685147.884,real_q8_tensor_220w_none,0,100,11457,214.71,65,1845,9251,3,16
1784685147.884,real_q8_tensor_220w_none,1,100,11457,217.62,69,1770,9251,3,16
1784685147.884,real_q8_tensor_220w_none,2,77,11457,214.64,74,1800,9251,3,16
1784685147.884,real_q8_tensor_220w_none,3,100,11457,219.11,70,1785,9251,3,16
1784685148.482,real_q8_tensor_220w_none,0,100,11457,213.87,65,1845,9251,3,16
1784685148.482,real_q8_tensor_220w_none,1,100,11457,217.54,69,1755,9251,3,16
1784685148.482,real_q8_tensor_220w_none,2,76,11457,214.38,73,1800,9251,3,16
1784685148.482,real_q8_tensor_220w_none,3,100,11457,217.14,69,1770,9251,3,16
1784685149.079,real_q8_tensor_220w_none,0,100,11457,216.33,65,1845,9251,3,16
1784685149.079,real_q8_tensor_220w_none,1,100,11457,217.43,69,1755,9251,3,16
1784685149.079,real_q8_tensor_220w_none,2,76,11457,213.92,74,1800,9251,3,16
1784685149.079,real_q8_tensor_220w_none,3,100,11457,219.70,70,1770,9251,3,16
1784685149.679,real_q8_tensor_220w_none,0,100,11457,213.71,64,1845,9251,3,16
1784685149.679,real_q8_tensor_220w_none,1,100,11457,216.99,69,1755,9251,3,16
1784685149.679,real_q8_tensor_220w_none,2,75,11457,213.44,73,1785,9251,3,16
1784685149.679,real_q8_tensor_220w_none,3,100,11457,217.66,69,1755,9251,3,16
1784685150.279,real_q8_tensor_220w_none,0,100,11457,213.49,65,1830,9251,3,16
1784685150.279,real_q8_tensor_220w_none,1,100,11457,216.80,69,1755,9251,3,16
1784685150.279,real_q8_tensor_220w_none,2,100,11457,213.10,74,1785,9251,3,16
1784685150.279,real_q8_tensor_220w_none,3,100,11457,217.89,70,1785,9251,3,16
1784685150.855,real_q8_tensor_220w_none,0,88,11457,213.33,64,1830,9251,3,16
1784685150.855,real_q8_tensor_220w_none,1,100,11457,216.52,69,1755,9251,3,16
1784685150.855,real_q8_tensor_220w_none,2,75,11457,213.41,74,1785,9251,3,16
1784685150.855,real_q8_tensor_220w_none,3,88,11457,217.95,69,1770,9251,3,16
1784685151.476,real_q8_tensor_220w_none,0,100,11457,213.05,65,1845,9251,3,16
1784685151.476,real_q8_tensor_220w_none,1,100,11457,216.49,69,1755,9251,3,16
1784685151.476,real_q8_tensor_220w_none,2,75,11457,212.93,74,1785,9251,3,16
1784685151.476,real_q8_tensor_220w_none,3,100,11457,217.65,70,1770,9251,3,16
1784685152.049,real_q8_tensor_220w_none,0,100,11457,213.40,64,1830,9251,3,16
1784685152.049,real_q8_tensor_220w_none,1,100,11457,217.05,69,1740,9251,3,16
1784685152.049,real_q8_tensor_220w_none,2,75,11457,213.44,74,1800,9251,3,16
1784685152.049,real_q8_tensor_220w_none,3,100,11457,217.23,69,1770,9251,3,16
1784685152.629,real_q8_tensor_220w_none,0,100,11457,212.26,65,1845,9251,3,16
1784685152.629,real_q8_tensor_220w_none,1,100,11457,216.87,69,1740,9251,3,16
1784685152.629,real_q8_tensor_220w_none,2,75,11457,213.48,74,1785,9251,3,16
1784685152.629,real_q8_tensor_220w_none,3,100,11457,217.39,70,1770,9251,3,16
1784685153.221,real_q8_tensor_220w_none,0,100,11457,215.02,64,1875,9251,3,16
1784685153.221,real_q8_tensor_220w_none,1,100,11457,218.36,69,1830,9251,3,16
1784685153.221,real_q8_tensor_220w_none,2,100,11457,215.71,74,1785,9251,3,16
1784685153.221,real_q8_tensor_220w_none,3,100,11457,218.12,69,1860,9251,3,16
1784685153.794,real_q8_tensor_220w_none,0,100,11457,212.10,65,1830,9251,3,16
1784685153.794,real_q8_tensor_220w_none,1,100,11457,216.62,69,1755,9251,3,16
1784685153.794,real_q8_tensor_220w_none,2,85,11457,213.44,74,1800,9251,3,16
1784685153.794,real_q8_tensor_220w_none,3,100,11457,217.27,70,1770,9251,3,16
1784685154.409,real_q8_tensor_220w_none,0,100,11457,214.36,65,1830,9251,3,16
1784685154.409,real_q8_tensor_220w_none,1,100,11457,218.68,69,1770,9251,3,16
1784685154.409,real_q8_tensor_220w_none,2,100,11457,215.92,74,1800,9251,3,16
1784685154.409,real_q8_tensor_220w_none,3,100,11457,219.05,70,1770,9251,3,16
1784685154.979,real_q8_tensor_220w_none,0,100,11457,211.95,65,1845,9251,3,16
1784685154.979,real_q8_tensor_220w_none,1,94,11457,216.54,69,1755,9251,3,16
1784685154.979,real_q8_tensor_220w_none,2,100,11457,213.88,74,1785,9251,3,16
1784685154.979,real_q8_tensor_220w_none,3,100,11457,217.16,70,1785,9251,3,16
1784685155.578,real_q8_tensor_220w_none,0,100,11457,212.23,65,1830,9251,3,16
1784685155.578,real_q8_tensor_220w_none,1,94,11457,219.32,69,1770,9251,3,16
1784685155.578,real_q8_tensor_220w_none,2,100,11457,217.00,74,1785,9251,3,16
1784685155.578,real_q8_tensor_220w_none,3,100,11457,216.67,70,1770,9251,3,16
1784685156.152,real_q8_tensor_220w_none,0,74,11457,212.00,64,1845,9251,3,16
1784685156.152,real_q8_tensor_220w_none,1,74,11457,216.24,69,1755,9251,3,16
1784685156.152,real_q8_tensor_220w_none,2,100,11457,214.74,73,1785,9251,3,16
1784685156.152,real_q8_tensor_220w_none,3,73,11457,215.41,70,1740,9251,3,16
1784685156.730,real_q8_tensor_220w_none,0,74,11457,212.33,65,1845,9251,3,16
1784685156.730,real_q8_tensor_220w_none,1,74,11457,215.98,69,1725,9251,3,16
1784685156.730,real_q8_tensor_220w_none,2,100,11457,215.51,74,1770,9251,3,16
1784685156.730,real_q8_tensor_220w_none,3,73,11457,216.29,70,1770,9251,3,16
1784685157.303,real_q8_tensor_220w_none,0,100,11457,214.58,65,1845,9251,3,16
1784685157.303,real_q8_tensor_220w_none,1,100,11457,217.83,69,1770,9251,3,16
1784685157.303,real_q8_tensor_220w_none,2,100,11457,217.95,74,1785,9251,3,16
1784685157.303,real_q8_tensor_220w_none,3,96,11457,218.28,70,1785,9251,3,16
1784685157.870,real_q8_tensor_220w_none,0,100,11457,212.23,65,1830,9251,3,16
1784685157.870,real_q8_tensor_220w_none,1,100,11457,215.88,69,1740,9251,3,16
1784685157.870,real_q8_tensor_220w_none,2,100,11457,214.78,74,1785,9251,3,16
1784685157.870,real_q8_tensor_220w_none,3,96,11457,216.55,70,1740,9251,3,16
1784685158.471,real_q8_tensor_220w_none,0,100,11457,211.83,65,1815,9251,3,16
1784685158.471,real_q8_tensor_220w_none,1,100,11457,218.07,69,1725,9251,3,16
1784685158.471,real_q8_tensor_220w_none,2,100,11457,217.40,74,1785,9251,3,16
1784685158.471,real_q8_tensor_220w_none,3,100,11457,216.57,70,1740,9251,3,16
1784685159.046,real_q8_tensor_220w_none,0,100,11457,211.69,64,1815,9251,3,16
1784685159.046,real_q8_tensor_220w_none,1,100,11457,216.39,69,1740,9251,3,16
1784685159.046,real_q8_tensor_220w_none,2,70,11457,214.82,74,1755,9251,3,16
1784685159.046,real_q8_tensor_220w_none,3,100,11457,215.12,69,1755,9251,3,16
1784685159.650,real_q8_tensor_220w_none,0,100,11457,212.24,65,1845,9251,3,16
1784685159.650,real_q8_tensor_220w_none,1,100,11457,217.39,69,1755,9251,3,16
1784685159.650,real_q8_tensor_220w_none,2,70,11457,214.15,74,1770,9251,3,16
1784685159.650,real_q8_tensor_220w_none,3,100,11457,216.54,70,1740,9251,3,16
1784685160.251,real_q8_tensor_220w_none,0,100,11457,214.40,65,1890,9251,3,16
1784685160.251,real_q8_tensor_220w_none,1,100,11457,215.90,69,1875,9251,3,16
1784685160.251,real_q8_tensor_220w_none,2,71,11457,212.38,74,1845,9251,3,16
1784685160.251,real_q8_tensor_220w_none,3,100,11457,218.49,70,1875,9251,3,16
1784685160.825,real_q8_tensor_220w_none,0,100,11457,211.98,65,1830,9251,3,16
1784685160.825,real_q8_tensor_220w_none,1,100,11457,216.61,69,1725,9251,3,16
1784685160.825,real_q8_tensor_220w_none,2,91,11457,213.68,74,1800,9251,3,16
1784685160.825,real_q8_tensor_220w_none,3,100,11457,216.33,70,1740,9251,3,16
1784685161.426,real_q8_tensor_220w_none,0,100,11457,214.22,65,1815,9251,3,16
1784685161.426,real_q8_tensor_220w_none,1,100,11457,218.91,69,1725,9251,3,16
1784685161.426,real_q8_tensor_220w_none,2,100,11457,217.40,74,1755,9251,3,16
1784685161.426,real_q8_tensor_220w_none,3,100,11457,217.70,70,1755,9251,3,16
1784685162.004,real_q8_tensor_220w_none,0,71,11457,211.73,65,1800,9251,3,16
1784685162.004,real_q8_tensor_220w_none,1,72,11457,215.23,68,1725,9251,3,16
1784685162.004,real_q8_tensor_220w_none,2,100,11457,214.15,74,1770,9251,3,16
1784685162.004,real_q8_tensor_220w_none,3,72,11457,216.55,70,1740,9251,3,16
1784685162.598,real_q8_tensor_220w_none,0,71,11457,212.89,65,1830,9251,3,16
1784685162.598,real_q8_tensor_220w_none,1,72,11457,216.58,69,1755,9251,3,16
1784685162.598,real_q8_tensor_220w_none,2,100,11457,214.90,74,1770,9251,3,16
1784685162.598,real_q8_tensor_220w_none,3,72,11457,218.56,70,1740,9251,3,16
1784685163.174,real_q8_tensor_220w_none,0,100,11457,213.60,65,1815,9251,3,16
1784685163.174,real_q8_tensor_220w_none,1,100,11457,218.58,69,1725,9251,3,16
1784685163.174,real_q8_tensor_220w_none,2,100,11457,217.10,74,1755,9251,3,16
1784685163.174,real_q8_tensor_220w_none,3,100,11457,217.95,70,1755,9251,3,16
1784685163.740,real_q8_tensor_220w_none,0,100,11457,211.06,65,1800,9251,3,16
1784685163.740,real_q8_tensor_220w_none,1,100,11457,215.77,69,1740,9251,3,16
1784685163.740,real_q8_tensor_220w_none,2,100,11457,213.44,74,1785,9251,3,16
1784685163.740,real_q8_tensor_220w_none,3,100,11457,215.59,70,1740,9251,3,16
1784685164.314,real_q8_tensor_220w_none,0,100,11457,213.20,65,1800,9251,3,16
1784685164.314,real_q8_tensor_220w_none,1,100,11457,217.31,69,1725,9251,3,16
1784685164.314,real_q8_tensor_220w_none,2,98,11457,216.23,74,1770,9251,3,16
1784685164.314,real_q8_tensor_220w_none,3,100,11457,218.73,70,1740,9251,3,16
1784685164.915,real_q8_tensor_220w_none,0,100,11457,212.93,64,1905,9251,3,16
1784685164.915,real_q8_tensor_220w_none,1,100,11457,217.30,69,1860,9251,3,16
1784685164.915,real_q8_tensor_220w_none,2,100,11457,217.33,74,1830,9251,3,16
1784685164.915,real_q8_tensor_220w_none,3,100,11457,215.01,69,1890,9251,3,16
1784685165.491,real_q8_tensor_220w_none,0,100,11457,211.72,65,1830,9251,3,16
1784685165.491,real_q8_tensor_220w_none,1,100,11457,214.86,69,1710,9251,3,16
1784685165.491,real_q8_tensor_220w_none,2,100,11457,214.36,74,1755,9251,3,16
1784685165.491,real_q8_tensor_220w_none,3,100,11457,214.82,70,1740,9251,3,16
1784685166.067,real_q8_tensor_220w_none,0,100,11457,212.81,65,1830,9251,3,16
1784685166.067,real_q8_tensor_220w_none,1,100,11457,217.03,69,1725,9251,3,16
1784685166.067,real_q8_tensor_220w_none,2,100,11457,216.53,74,1785,9251,3,16
1784685166.067,real_q8_tensor_220w_none,3,100,11457,217.28,70,1755,9251,3,16
1784685166.643,real_q8_tensor_220w_none,0,99,11457,214.30,65,1890,9251,3,16
1784685166.643,real_q8_tensor_220w_none,1,68,11457,215.19,69,1860,9251,3,16
1784685166.643,real_q8_tensor_220w_none,2,100,11457,213.43,74,1860,9251,3,16
1784685166.643,real_q8_tensor_220w_none,3,90,11457,216.63,69,1725,9251,3,16
1784685167.220,real_q8_tensor_220w_none,0,99,11457,211.57,65,1800,9251,3,16
1784685167.220,real_q8_tensor_220w_none,1,68,11457,215.21,69,1710,9251,3,16
1784685167.220,real_q8_tensor_220w_none,2,93,11457,213.48,74,1770,9251,3,16
1784685167.220,real_q8_tensor_220w_none,3,90,11457,214.81,70,1725,9251,3,16
1784685167.796,real_q8_tensor_220w_none,0,100,11457,213.96,65,1785,9251,3,16
1784685167.796,real_q8_tensor_220w_none,1,100,11457,216.45,69,1725,9251,3,16
1784685167.796,real_q8_tensor_220w_none,2,85,11457,215.61,74,1755,9251,3,16
1784685167.796,real_q8_tensor_220w_none,3,100,11457,217.12,70,1740,9251,3,16
1784685168.372,real_q8_tensor_220w_none,0,100,11457,213.41,65,1905,9251,3,16
1784685168.372,real_q8_tensor_220w_none,1,100,11457,214.26,68,1875,9251,3,16
1784685168.372,real_q8_tensor_220w_none,2,73,11457,213.04,74,1875,9251,3,16
1784685168.372,real_q8_tensor_220w_none,3,100,11457,217.40,70,1890,9251,3,16
1784685168.949,real_q8_tensor_220w_none,0,100,11457,210.85,65,1800,9251,3,16
1784685168.949,real_q8_tensor_220w_none,1,100,11457,214.56,69,1725,9251,3,16
1784685168.949,real_q8_tensor_220w_none,2,73,11457,213.44,74,1770,9251,3,16
1784685168.949,real_q8_tensor_220w_none,3,100,11457,215.37,70,1740,9251,3,16
1784685169.542,real_q8_tensor_220w_none,0,100,11457,212.78,65,1800,9251,3,16
1784685169.542,real_q8_tensor_220w_none,1,100,11457,217.14,69,1710,9251,3,16
1784685169.542,real_q8_tensor_220w_none,2,100,11457,215.58,74,1755,9251,3,16
1784685169.542,real_q8_tensor_220w_none,3,100,11457,217.30,70,1710,9251,3,16
1784685170.118,real_q8_tensor_220w_none,0,71,11457,209.82,64,1920,9251,3,16
1784685170.118,real_q8_tensor_220w_none,1,100,11457,216.97,69,1875,9251,3,16
1784685170.118,real_q8_tensor_220w_none,2,100,11457,215.99,74,1860,9251,3,16
1784685170.118,real_q8_tensor_220w_none,3,67,11457,213.65,69,1890,9251,3,16
1784685170.696,real_q8_tensor_220w_none,0,71,11457,210.92,65,1785,9251,3,16
1784685170.696,real_q8_tensor_220w_none,1,100,11457,214.21,69,1710,9251,3,16
1784685170.696,real_q8_tensor_220w_none,2,100,11457,213.18,74,1755,9251,3,16
1784685170.696,real_q8_tensor_220w_none,3,67,11457,215.65,70,1740,9251,3,16
1784685171.292,real_q8_tensor_220w_none,0,100,11457,213.20,65,1815,9251,3,16
1784685171.292,real_q8_tensor_220w_none,1,100,11457,216.87,69,1710,9251,3,16
1784685171.292,real_q8_tensor_220w_none,2,100,11457,215.57,74,1785,9251,3,16
1784685171.292,real_q8_tensor_220w_none,3,100,11457,218.71,70,1725,9251,3,16
1784685171.905,real_q8_tensor_220w_none,0,100,11457,209.86,65,1815,9251,3,16
1784685171.905,real_q8_tensor_220w_none,1,100,11457,213.95,68,1710,9251,3,16
1784685171.905,real_q8_tensor_220w_none,2,68,11457,211.49,73,1785,9251,3,16
1784685171.905,real_q8_tensor_220w_none,3,100,11457,216.73,70,1710,9251,3,16
1784685172.481,real_q8_tensor_220w_none,0,100,11457,211.31,65,1815,9251,3,16
1784685172.481,real_q8_tensor_220w_none,1,100,11457,214.19,69,1710,9251,3,16
1784685172.481,real_q8_tensor_220w_none,2,68,11457,211.01,74,1755,9251,3,16
1784685172.481,real_q8_tensor_220w_none,3,100,11457,218.08,70,1755,9251,3,16
1784685173.091,real_q8_tensor_220w_none,0,100,11457,212.82,65,1800,9251,3,16
1784685173.091,real_q8_tensor_220w_none,1,100,11457,216.39,69,1710,9251,3,16
1784685173.091,real_q8_tensor_220w_none,2,100,11457,214.49,74,1755,9251,3,16
1784685173.091,real_q8_tensor_220w_none,3,100,11457,217.53,70,1740,9251,3,16
1784685173.666,real_q8_tensor_220w_none,0,77,11457,210.42,64,1785,9251,3,16
1784685173.666,real_q8_tensor_220w_none,1,67,11457,215.57,69,1710,9251,3,16
1784685173.666,real_q8_tensor_220w_none,2,100,11457,212.69,74,1740,9251,3,16
1784685173.666,real_q8_tensor_220w_none,3,85,11457,216.11,69,1710,9251,3,16
1784685174.269,real_q8_tensor_220w_none,0,100,11457,214.74,65,1800,9251,3,16
1784685174.269,real_q8_tensor_220w_none,1,67,11457,217.28,69,1710,9251,3,16
1784685174.269,real_q8_tensor_220w_none,2,100,11457,215.22,74,1755,9251,3,16
1784685174.269,real_q8_tensor_220w_none,3,84,11457,217.77,70,1725,9251,3,16
1784685174.866,real_q8_tensor_220w_none,0,100,11457,213.72,65,1815,9251,3,16
1784685174.866,real_q8_tensor_220w_none,1,100,11457,216.76,69,1710,9251,3,16
1784685174.866,real_q8_tensor_220w_none,2,100,11457,216.66,74,1785,9251,3,16
1784685174.866,real_q8_tensor_220w_none,3,100,11457,217.23,70,1710,9251,3,16
1784685175.460,real_q8_tensor_220w_none,0,100,11457,209.57,65,1785,9251,3,16
1784685175.460,real_q8_tensor_220w_none,1,100,11457,214.71,69,1680,9251,3,16
1784685175.460,real_q8_tensor_220w_none,2,66,11457,213.28,74,1725,9251,3,16
1784685175.460,real_q8_tensor_220w_none,3,100,11457,215.18,70,1755,9251,3,16
1784685176.055,real_q8_tensor_220w_none,0,100,11457,209.85,65,1785,9251,3,16
1784685176.055,real_q8_tensor_220w_none,1,100,11457,218.11,69,1695,9251,3,16
1784685176.055,real_q8_tensor_220w_none,2,66,11457,216.97,74,1755,9251,3,16
1784685176.055,real_q8_tensor_220w_none,3,100,11457,214.97,70,1710,9251,3,16
1784685176.630,real_q8_tensor_220w_none,0,100,11457,212.24,65,1800,9251,3,16
1784685176.630,real_q8_tensor_220w_none,1,100,11457,216.46,69,1710,9251,3,16
1784685176.630,real_q8_tensor_220w_none,2,100,11457,215.29,74,1740,9251,3,16
1784685176.630,real_q8_tensor_220w_none,3,100,11457,216.37,70,1710,9251,3,16
1784685177.221,real_q8_tensor_220w_none,0,65,11457,208.55,65,1785,9251,3,16
1784685177.221,real_q8_tensor_220w_none,1,72,11457,213.79,69,1710,9251,3,16
1784685177.221,real_q8_tensor_220w_none,2,100,11457,212.10,73,1725,9251,3,16
1784685177.221,real_q8_tensor_220w_none,3,66,11457,213.03,70,1725,9251,3,16
1784685177.818,real_q8_tensor_220w_none,0,83,11457,211.63,65,1830,9251,3,16
1784685177.818,real_q8_tensor_220w_none,1,83,11457,217.82,69,1695,9251,3,16
1784685177.818,real_q8_tensor_220w_none,2,100,11457,216.52,74,1770,9251,3,16
1784685177.818,real_q8_tensor_220w_none,3,85,11457,214.69,70,1710,9251,3,16
1784685178.418,real_q8_tensor_220w_none,0,100,11457,216.61,65,1785,9251,3,16
1784685178.418,real_q8_tensor_220w_none,1,100,11457,217.31,69,1695,9251,3,16
1784685178.418,real_q8_tensor_220w_none,2,100,11457,215.84,74,1770,9251,3,16
1784685178.418,real_q8_tensor_220w_none,3,100,11457,216.73,70,1710,9251,3,16
1784685179.019,real_q8_tensor_220w_none,0,100,11457,212.92,65,1785,9251,3,16
1784685179.019,real_q8_tensor_220w_none,1,100,11457,217.23,69,1665,9251,3,16
1784685179.019,real_q8_tensor_220w_none,2,96,11457,216.01,73,1740,9251,3,16
1784685179.019,real_q8_tensor_220w_none,3,100,11457,212.45,70,1770,9251,3,16
1784685179.596,real_q8_tensor_220w_none,0,100,11457,213.64,65,1785,9251,3,16
1784685179.596,real_q8_tensor_220w_none,1,100,11457,214.42,69,1695,9251,3,16
1784685179.596,real_q8_tensor_220w_none,2,96,11457,212.57,74,1740,9251,3,16
1784685179.596,real_q8_tensor_220w_none,3,100,11457,214.27,70,1755,9251,3,16
1784685180.173,real_q8_tensor_220w_none,0,100,11457,215.99,65,1800,9251,3,16
1784685180.173,real_q8_tensor_220w_none,1,100,11457,217.00,69,1740,9251,3,16
1784685180.173,real_q8_tensor_220w_none,2,100,11457,215.37,74,1740,9251,3,16
1784685180.173,real_q8_tensor_220w_none,3,100,11457,216.76,70,1755,9251,3,16
1784685180.748,real_q8_tensor_220w_none,0,100,11457,214.70,65,1830,9251,3,16
1784685180.748,real_q8_tensor_220w_none,1,100,11457,216.08,69,1725,9251,3,16
1784685180.748,real_q8_tensor_220w_none,2,100,11457,214.70,74,1725,9251,3,16
1784685180.748,real_q8_tensor_220w_none,3,100,11457,216.29,70,1710,9251,3,16
1784685181.316,real_q8_tensor_220w_none,0,82,11457,211.84,65,1770,9251,3,16
1784685181.316,real_q8_tensor_220w_none,1,100,11457,213.42,69,1665,9251,3,16
1784685181.316,real_q8_tensor_220w_none,2,74,11457,212.28,73,1710,9251,3,16
1784685181.316,real_q8_tensor_220w_none,3,100,11457,213.43,70,1755,9251,3,16
1784685181.897,real_q8_tensor_220w_none,0,100,11457,212.51,65,1785,9251,3,16
1784685181.897,real_q8_tensor_220w_none,1,100,11457,214.55,69,1680,9251,3,16
1784685181.897,real_q8_tensor_220w_none,2,82,11457,212.52,74,1725,9251,3,16
1784685181.897,real_q8_tensor_220w_none,3,100,11457,217.10,70,1710,9251,3,16
1784685182.492,real_q8_tensor_220w_none,0,100,11457,212.63,65,1770,9251,3,16
1784685182.492,real_q8_tensor_220w_none,1,100,11457,216.21,69,1665,9251,3,16
1784685182.492,real_q8_tensor_220w_none,2,100,11457,215.21,74,1725,9251,3,16
1784685182.492,real_q8_tensor_220w_none,3,100,11457,216.73,70,1695,9251,3,16
1784685183.069,real_q8_tensor_220w_none,0,100,11457,212.55,65,1845,9251,3,16
1784685183.069,real_q8_tensor_220w_none,1,100,11457,215.74,68,1800,9251,3,16
1784685183.069,real_q8_tensor_220w_none,2,100,11457,215.42,74,1710,9251,3,16
1784685183.069,real_q8_tensor_220w_none,3,100,11457,216.75,70,1815,9251,3,16
1784685183.634,real_q8_tensor_220w_none,0,100,11457,209.59,65,1755,9251,3,16
1784685183.634,real_q8_tensor_220w_none,1,100,11457,213.30,68,1680,9251,3,16
1784685183.634,real_q8_tensor_220w_none,2,95,11457,211.34,73,1710,9251,3,16
1784685183.634,real_q8_tensor_220w_none,3,100,11457,214.45,70,1740,9251,3,16
1784685184.212,real_q8_tensor_220w_none,0,100,11457,214.30,65,1785,9251,3,16
1784685184.212,real_q8_tensor_220w_none,1,100,11457,213.67,69,1680,9251,3,16
1784685184.212,real_q8_tensor_220w_none,2,95,11457,211.32,74,1755,9251,3,16
1784685184.212,real_q8_tensor_220w_none,3,100,11457,218.51,70,1695,9251,3,16
1784685184.786,real_q8_tensor_220w_none,0,100,11457,215.05,66,1755,9251,3,16
1784685184.786,real_q8_tensor_220w_none,1,100,11457,216.57,69,1665,9251,3,16
1784685184.786,real_q8_tensor_220w_none,2,100,11457,215.01,74,1725,9251,3,16
1784685184.786,real_q8_tensor_220w_none,3,100,11457,216.60,70,1695,9251,3,16
1784685185.362,real_q8_tensor_220w_none,0,100,11457,215.14,66,1860,9251,3,16
1784685185.362,real_q8_tensor_220w_none,1,100,11457,216.10,69,1785,9251,3,16
1784685185.362,real_q8_tensor_220w_none,2,100,11457,214.41,74,1830,9251,3,16
1784685185.362,real_q8_tensor_220w_none,3,100,11457,212.68,70,1770,9251,3,16
1784685185.946,real_q8_tensor_220w_none,0,100,11457,211.39,65,1755,9251,3,16
1784685185.946,real_q8_tensor_220w_none,1,100,11457,212.73,68,1680,9251,3,16
1784685185.946,real_q8_tensor_220w_none,2,84,11457,210.96,73,1740,9251,3,16
1784685185.946,real_q8_tensor_220w_none,3,100,11457,213.43,70,1695,9251,3,16
1784685186.522,real_q8_tensor_220w_none,0,100,11457,214.11,65,1770,9251,3,16
1784685186.522,real_q8_tensor_220w_none,1,100,11457,215.42,69,1680,9251,3,16
1784685186.522,real_q8_tensor_220w_none,2,84,11457,213.91,74,1770,9251,3,16
1784685186.522,real_q8_tensor_220w_none,3,100,11457,216.61,70,1695,9251,3,16
1784685187.123,real_q8_tensor_220w_none,0,100,11457,214.98,66,1755,9251,3,16
1784685187.123,real_q8_tensor_220w_none,1,100,11457,215.16,69,1740,9251,3,16
1784685187.123,real_q8_tensor_220w_none,2,100,11457,213.40,74,1710,9251,3,16
1784685187.123,real_q8_tensor_220w_none,3,100,11457,215.92,70,1725,9251,3,16
1784685187.698,real_q8_tensor_220w_none,0,97,11457,214.32,66,1785,9251,3,16
1784685187.698,real_q8_tensor_220w_none,1,100,11457,215.19,69,1695,9251,3,16
1784685187.698,real_q8_tensor_220w_none,2,100,11457,214.45,74,1755,9251,3,16
1784685187.698,real_q8_tensor_220w_none,3,86,11457,214.95,70,1680,9251,3,16
1784685188.261,real_q8_tensor_220w_none,0,97,11457,210.56,64,1755,9251,3,16
1784685188.261,real_q8_tensor_220w_none,1,100,11457,213.28,69,1710,9251,3,16
1784685188.261,real_q8_tensor_220w_none,2,63,11457,212.12,74,1695,9251,3,16
1784685188.261,real_q8_tensor_220w_none,3,86,11457,211.41,69,1740,9251,3,16
1784685188.838,real_q8_tensor_220w_none,0,100,11457,210.81,65,1770,9251,3,16
1784685188.838,real_q8_tensor_220w_none,1,100,11457,216.57,69,1665,9251,3,16
1784685188.838,real_q8_tensor_220w_none,2,92,11457,215.23,74,1710,9251,3,16
1784685188.838,real_q8_tensor_220w_none,3,100,11457,213.78,70,1680,9251,3,16
1784685189.414,real_q8_tensor_220w_none,0,100,11457,213.74,65,1755,9251,3,16
1784685189.414,real_q8_tensor_220w_none,1,100,11457,214.82,69,1710,9251,3,16
1784685189.414,real_q8_tensor_220w_none,2,100,11457,214.06,74,1740,9251,3,16
1784685189.414,real_q8_tensor_220w_none,3,100,11457,215.83,70,1695,9251,3,16
1784685189.987,real_q8_tensor_220w_none,0,100,11457,212.81,65,1785,9251,3,16
1784685189.987,real_q8_tensor_220w_none,1,100,11457,215.12,69,1695,9251,3,16
1784685189.987,real_q8_tensor_220w_none,2,100,11457,214.45,75,1710,9251,3,16
1784685189.987,real_q8_tensor_220w_none,3,100,11457,215.67,70,1710,9251,3,16
1784685190.562,real_q8_tensor_220w_none,0,100,11457,208.68,65,1800,9251,3,16
1784685190.562,real_q8_tensor_220w_none,1,100,11457,211.37,68,1710,9251,3,16
1784685190.562,real_q8_tensor_220w_none,2,62,11457,209.73,73,1695,9251,3,16
1784685190.562,real_q8_tensor_220w_none,3,100,11457,212.73,70,1695,9251,3,16
1784685191.164,real_q8_tensor_220w_none,0,71,11457,208.72,65,1725,9251,3,16
1784685191.164,real_q8_tensor_220w_none,1,100,11457,213.79,69,1725,9251,3,16
1784685191.164,real_q8_tensor_220w_none,2,62,11457,212.44,74,1710,9251,3,16
1784685191.164,real_q8_tensor_220w_none,3,85,11457,212.66,70,1725,9251,3,16
1784685191.739,real_q8_tensor_220w_none,0,71,11457,212.64,66,1800,9251,3,16
1784685191.739,real_q8_tensor_220w_none,1,100,11457,214.49,69,1665,9251,3,16
1784685191.739,real_q8_tensor_220w_none,2,100,11457,213.20,74,1770,9251,3,16
1784685191.739,real_q8_tensor_220w_none,3,85,11457,214.90,70,1665,9251,3,16
1784685192.340,real_q8_tensor_220w_none,0,100,11457,213.28,66,1800,9251,3,16
1784685192.340,real_q8_tensor_220w_none,1,100,11457,214.93,69,1665,9251,3,16
1784685192.340,real_q8_tensor_220w_none,2,100,11457,213.74,74,1755,9251,3,16
1784685192.340,real_q8_tensor_220w_none,3,100,11457,215.41,70,1695,9251,3,16
1784685192.916,real_q8_tensor_220w_none,0,100,11457,210.83,64,1875,9251,3,16
1784685192.916,real_q8_tensor_220w_none,1,100,11457,215.23,69,1845,9251,3,16
1784685192.916,real_q8_tensor_220w_none,2,100,11457,213.78,75,1845,9251,3,16
1784685192.916,real_q8_tensor_220w_none,3,100,11457,212.78,69,1875,9251,3,16
1784685193.491,real_q8_tensor_220w_none,0,95,11457,208.53,65,1785,9251,3,16
1784685193.491,real_q8_tensor_220w_none,1,100,11457,215.85,69,1725,9251,3,16
1784685193.491,real_q8_tensor_220w_none,2,100,11457,214.82,74,1710,9251,3,16
1784685193.491,real_q8_tensor_220w_none,3,100,11457,212.68,70,1740,9251,3,16
1784685194.123,real_q8_tensor_220w_none,0,95,11457,212.62,65,1755,9251,3,16
1784685194.123,real_q8_tensor_220w_none,1,100,11457,214.43,69,1695,9251,3,16
1784685194.123,real_q8_tensor_220w_none,2,100,11457,214.36,74,1695,9251,3,16
1784685194.123,real_q8_tensor_220w_none,3,100,11457,215.06,70,1680,9251,3,16
1784685194.697,real_q8_tensor_220w_none,0,100,11457,212.15,66,1800,9251,3,16
1784685194.697,real_q8_tensor_220w_none,1,100,11457,215.49,69,1665,9251,3,16
1784685194.697,real_q8_tensor_220w_none,2,100,11457,214.18,74,1755,9251,3,16
1784685194.697,real_q8_tensor_220w_none,3,100,11457,215.62,70,1680,9251,3,16
1784685195.270,real_q8_tensor_220w_none,0,100,11457,212.72,65,1815,9251,3,16
1784685195.270,real_q8_tensor_220w_none,1,100,11457,214.89,70,1725,9251,3,16
1784685195.270,real_q8_tensor_220w_none,2,100,11457,212.96,74,1755,9251,3,16
1784685195.270,real_q8_tensor_220w_none,3,100,11457,214.52,70,1710,9251,3,16
1784685195.836,real_q8_tensor_220w_none,0,60,11457,208.88,64,1740,9251,3,16
1784685195.836,real_q8_tensor_220w_none,1,67,11457,213.03,68,1635,9251,3,16
1784685195.836,real_q8_tensor_220w_none,2,80,11457,210.90,73,1740,9251,3,16
1784685195.836,real_q8_tensor_220w_none,3,61,11457,210.44,70,1665,9251,3,16
1784685196.413,real_q8_tensor_220w_none,0,60,11457,211.30,65,1740,9251,3,16
1784685196.413,real_q8_tensor_220w_none,1,67,11457,212.68,69,1650,9251,3,16
1784685196.413,real_q8_tensor_220w_none,2,78,11457,211.16,74,1695,9251,3,16
1784685196.413,real_q8_tensor_220w_none,3,61,11457,215.28,70,1680,9251,3,16
1784685196.988,real_q8_tensor_220w_none,0,100,11457,211.72,65,1800,9251,3,16
1784685196.988,real_q8_tensor_220w_none,1,100,11457,214.38,69,1710,9251,3,16
1784685196.988,real_q8_tensor_220w_none,2,78,11457,213.35,74,1680,9251,3,16
1784685196.988,real_q8_tensor_220w_none,3,100,11457,214.51,70,1725,9251,3,16
1784685197.562,real_q8_tensor_220w_none,0,100,11457,211.77,66,1785,9251,3,16
1784685197.562,real_q8_tensor_220w_none,1,100,11457,214.72,69,1650,9251,3,16
1784685197.562,real_q8_tensor_220w_none,2,100,11457,213.08,74,1755,9251,3,16
1784685197.562,real_q8_tensor_220w_none,3,100,11457,214.42,70,1665,9251,3,16
1784685198.136,real_q8_tensor_220w_none,0,100,11457,212.17,66,1740,9251,3,16
1784685198.136,real_q8_tensor_220w_none,1,100,11457,214.12,69,1710,9251,3,16
1784685198.136,real_q8_tensor_220w_none,2,100,11457,212.51,74,1680,9251,3,16
1784685198.136,real_q8_tensor_220w_none,3,100,11457,214.94,70,1725,9251,3,16
1784685198.707,real_q8_tensor_220w_none,0,100,11457,207.75,64,1905,9251,3,16
1784685198.707,real_q8_tensor_220w_none,1,100,11457,213.98,69,1875,9251,3,16
1784685198.707,real_q8_tensor_220w_none,2,94,11457,212.59,74,1875,9251,3,16
1784685198.707,real_q8_tensor_220w_none,3,100,11457,210.27,69,1905,9251,3,16
1784685199.283,real_q8_tensor_220w_none,0,100,11457,212.39,65,1740,9251,3,16
1784685199.283,real_q8_tensor_220w_none,1,70,11457,211.42,69,1620,9251,3,16
1784685199.283,real_q8_tensor_220w_none,2,80,11457,209.29,74,1710,9251,3,16
1784685199.283,real_q8_tensor_220w_none,3,100,11457,214.84,70,1665,9251,3,16
1784685199.859,real_q8_tensor_220w_none,0,100,11457,212.86,65,1740,9251,3,16
1784685199.859,real_q8_tensor_220w_none,1,80,11457,213.92,69,1620,9251,3,16
1784685199.859,real_q8_tensor_220w_none,2,100,11457,211.72,74,1740,9251,3,16
1784685199.859,real_q8_tensor_220w_none,3,100,11457,213.62,70,1665,9251,3,16
1784685200.458,real_q8_tensor_220w_none,0,100,11457,211.74,66,1785,9251,3,16
1784685200.458,real_q8_tensor_220w_none,1,100,11457,214.21,69,1665,9251,3,16
1784685200.458,real_q8_tensor_220w_none,2,100,11457,212.16,74,1740,9251,3,16
1784685200.458,real_q8_tensor_220w_none,3,100,11457,214.42,70,1665,9251,3,16
1784685201.053,real_q8_tensor_220w_none,0,100,11457,210.63,65,1785,9251,3,16
1784685201.053,real_q8_tensor_220w_none,1,100,11457,213.90,69,1695,9251,3,16
1784685201.053,real_q8_tensor_220w_none,2,100,11457,212.05,75,1755,9251,3,16
1784685201.053,real_q8_tensor_220w_none,3,100,11457,212.84,70,1665,9251,3,16
1784685201.643,real_q8_tensor_220w_none,0,92,11457,210.51,64,1725,9251,3,16
1784685201.643,real_q8_tensor_220w_none,1,57,11457,210.75,69,1620,9251,3,16
1784685201.643,real_q8_tensor_220w_none,2,100,11457,208.57,74,1875,9251,3,16
1784685201.643,real_q8_tensor_220w_none,3,76,11457,211.54,69,1680,9251,3,16
1784685202.220,real_q8_tensor_220w_none,0,92,11457,208.35,65,1770,9251,3,16
1784685202.220,real_q8_tensor_220w_none,1,57,11457,211.59,69,1635,9251,3,16
1784685202.220,real_q8_tensor_220w_none,2,59,11457,213.87,74,1740,9251,3,16
1784685202.220,real_q8_tensor_220w_none,3,76,11457,212.55,70,1680,9251,3,16
1784685202.798,real_q8_tensor_220w_none,0,100,11457,212.13,65,1800,9251,3,16
1784685202.798,real_q8_tensor_220w_none,1,100,11457,214.04,69,1665,9251,3,16
1784685202.798,real_q8_tensor_220w_none,2,79,11457,213.18,75,1740,9251,3,16
1784685202.798,real_q8_tensor_220w_none,3,100,11457,214.79,70,1680,9251,3,16
1784685203.373,real_q8_tensor_220w_none,0,100,11457,212.60,65,1725,9251,3,16
1784685203.373,real_q8_tensor_220w_none,1,100,11457,213.89,69,1695,9251,3,16
1784685203.373,real_q8_tensor_220w_none,2,100,11457,212.90,74,1680,9251,3,16
1784685203.373,real_q8_tensor_220w_none,3,100,11457,214.53,70,1665,9251,3,16
1784685203.960,real_q8_tensor_220w_none,0,100,11457,212.60,65,1725,9251,3,16
1784685203.960,real_q8_tensor_220w_none,1,100,11457,213.89,69,1620,9251,3,16
1784685203.960,real_q8_tensor_220w_none,2,100,11457,212.74,74,1665,9251,3,16
1784685203.960,real_q8_tensor_220w_none,3,58,11457,209.40,69,1905,9251,3,16
1784685204.566,real_q8_tensor_220w_none,0,100,11457,206.09,65,1905,9251,3,16
1784685204.566,real_q8_tensor_220w_none,1,89,11457,213.48,68,1875,9251,3,16
1784685204.566,real_q8_tensor_220w_none,2,85,11457,211.11,73,1845,9251,3,16
1784685204.566,real_q8_tensor_220w_none,3,79,11457,210.65,70,1905,9251,3,16
1784685205.163,real_q8_tensor_220w_none,0,100,11457,212.88,64,1725,9251,3,16
1784685205.163,real_q8_tensor_220w_none,1,89,11457,211.33,69,1620,9251,3,16
1784685205.163,real_q8_tensor_220w_none,2,85,11457,209.36,74,1665,9251,3,16
1784685205.163,real_q8_tensor_220w_none,3,100,11457,215.69,69,1665,9251,3,16
1784685205.756,real_q8_tensor_220w_none,0,100,11457,212.66,65,1725,9251,3,16
1784685205.756,real_q8_tensor_220w_none,1,100,11457,214.38,69,1620,9251,3,16
1784685205.756,real_q8_tensor_220w_none,2,100,11457,212.79,74,1680,9251,3,16
1784685205.756,real_q8_tensor_220w_none,3,100,11457,215.20,70,1680,9251,3,16
1784685206.332,real_q8_tensor_220w_none,0,100,11457,210.59,65,1725,9251,3,16
1784685206.332,real_q8_tensor_220w_none,1,100,11457,214.48,69,1650,9251,3,16
1784685206.332,real_q8_tensor_220w_none,2,88,11457,212.66,74,1680,9251,3,16
1784685206.332,real_q8_tensor_220w_none,3,100,11457,214.37,70,1695,9251,3,16
1784685206.908,real_q8_tensor_220w_none,0,100,11457,211.69,65,1725,9251,3,16
1784685206.908,real_q8_tensor_220w_none,1,100,11457,214.48,69,1635,9251,3,16
1784685206.908,real_q8_tensor_220w_none,2,100,11457,212.95,74,1680,9251,3,16
1784685206.908,real_q8_tensor_220w_none,3,100,11457,213.76,70,1650,9251,3,16
1784685207.482,real_q8_tensor_220w_none,0,100,11457,211.60,65,1710,9251,3,16
1784685207.482,real_q8_tensor_220w_none,1,100,11457,213.83,69,1620,9251,3,16
1784685207.482,real_q8_tensor_220w_none,2,100,11457,212.54,74,1695,9251,3,16
1784685207.482,real_q8_tensor_220w_none,3,100,11457,214.36,70,1650,9251,3,16
1784685208.055,real_q8_tensor_220w_none,0,100,11457,206.31,65,1905,9251,3,16
1784685208.055,real_q8_tensor_220w_none,1,79,11457,211.63,68,1875,9251,3,16
1784685208.055,real_q8_tensor_220w_none,2,79,11457,209.78,73,1875,9251,3,16
1784685208.055,real_q8_tensor_220w_none,3,100,11457,211.18,70,1890,9251,3,16
1784685208.655,real_q8_tensor_220w_none,0,56,11457,213.22,65,1770,9251,3,16
1784685208.655,real_q8_tensor_220w_none,1,79,11457,213.63,69,1635,9251,3,16
1784685208.655,real_q8_tensor_220w_none,2,79,11457,211.66,74,1725,9251,3,16
1784685208.655,real_q8_tensor_220w_none,3,100,11457,214.51,70,1665,9251,3,16
1784685209.254,real_q8_tensor_220w_none,0,56,11457,213.12,65,1725,9251,3,16
1784685209.254,real_q8_tensor_220w_none,1,100,11457,214.31,69,1620,9251,3,16
1784685209.254,real_q8_tensor_220w_none,2,100,11457,213.10,74,1665,9251,3,16
1784685209.254,real_q8_tensor_220w_none,3,100,11457,214.53,70,1725,9251,3,16
1784685209.846,real_q8_tensor_220w_none,0,100,11457,211.13,66,1785,9251,3,16
1784685209.846,real_q8_tensor_220w_none,1,86,11457,213.48,69,1710,9251,3,16
1784685209.846,real_q8_tensor_220w_none,2,100,11457,212.39,74,1725,9251,3,16
1784685209.846,real_q8_tensor_220w_none,3,100,11457,214.14,70,1725,9251,3,16
1784685210.423,real_q8_tensor_220w_none,0,100,11457,212.13,65,1725,9251,3,16
1784685210.423,real_q8_tensor_220w_none,1,100,11457,213.21,69,1635,9251,3,16
1784685210.423,real_q8_tensor_220w_none,2,100,11457,212.61,74,1740,9251,3,16
1784685210.423,real_q8_tensor_220w_none,3,100,11457,213.28,70,1650,9251,3,16
1784685210.998,real_q8_tensor_220w_none,0,100,11457,211.46,66,1725,9251,3,16
1784685210.998,real_q8_tensor_220w_none,1,100,11457,213.64,69,1620,9251,3,16
1784685210.998,real_q8_tensor_220w_none,2,100,11457,212.29,74,1680,9251,3,16
1784685210.998,real_q8_tensor_220w_none,3,100,11457,213.85,70,1635,9251,3,16
1784685211.572,real_q8_tensor_220w_none,0,100,11457,211.73,66,1845,9251,3,16
1784685211.572,real_q8_tensor_220w_none,1,95,11457,213.77,69,1785,9251,3,16
1784685211.572,real_q8_tensor_220w_none,2,97,11457,211.32,74,1740,9251,3,16
1784685211.572,real_q8_tensor_220w_none,3,100,11457,210.32,70,1785,9251,3,16
1784685212.139,real_q8_tensor_220w_none,0,71,11457,208.68,64,1710,9251,3,16
1784685212.139,real_q8_tensor_220w_none,1,95,11457,211.18,69,1620,9251,3,16
1784685212.139,real_q8_tensor_220w_none,2,97,11457,208.37,74,1725,9251,3,16
1784685212.139,real_q8_tensor_220w_none,3,100,11457,216.45,69,1635,9251,3,16
1784685212.742,real_q8_tensor_220w_none,0,71,11457,211.31,65,1740,9251,3,16
1784685212.742,real_q8_tensor_220w_none,1,100,11457,213.42,69,1695,9251,3,16
1784685212.742,real_q8_tensor_220w_none,2,100,11457,210.74,74,1665,9251,3,16
1784685212.742,real_q8_tensor_220w_none,3,85,11457,216.26,70,1725,9251,3,16
1784685213.315,real_q8_tensor_220w_none,0,100,11457,210.59,65,1710,9251,3,16
1784685213.315,real_q8_tensor_220w_none,1,100,11457,213.46,69,1620,9251,3,16
1784685213.315,real_q8_tensor_220w_none,2,77,11457,210.74,74,1680,9251,3,16
1784685213.315,real_q8_tensor_220w_none,3,77,11457,214.05,70,1665,9251,3,16
1784685213.909,real_q8_tensor_220w_none,0,100,11457,211.14,66,1785,9251,3,16
1784685213.909,real_q8_tensor_220w_none,1,100,11457,213.42,69,1695,9251,3,16
1784685213.909,real_q8_tensor_220w_none,2,100,11457,211.53,74,1695,9251,3,16
1784685213.909,real_q8_tensor_220w_none,3,100,11457,214.20,70,1665,9251,3,16
1784685214.484,real_q8_tensor_220w_none,0,100,11457,211.23,65,1710,9251,3,16
1784685214.484,real_q8_tensor_220w_none,1,100,11457,212.53,69,1605,9251,3,16
1784685214.484,real_q8_tensor_220w_none,2,100,11457,211.37,74,1665,9251,3,16
1784685214.484,real_q8_tensor_220w_none,3,100,11457,214.35,70,1635,9251,3,16
1784685215.060,real_q8_tensor_220w_none,0,100,11457,210.37,65,1755,9251,3,16
1784685215.060,real_q8_tensor_220w_none,1,100,11457,212.56,69,1635,9251,3,16
1784685215.060,real_q8_tensor_220w_none,2,100,11457,211.37,74,1680,9251,3,16
1784685215.060,real_q8_tensor_220w_none,3,100,11457,213.59,70,1665,9251,3,16
1784685215.634,real_q8_tensor_220w_none,0,100,11457,210.49,65,1725,9251,3,16
1784685215.634,real_q8_tensor_220w_none,1,100,11457,211.61,69,1755,9251,3,16
1784685215.634,real_q8_tensor_220w_none,2,100,11457,210.01,74,1710,9251,3,16
1784685215.634,real_q8_tensor_220w_none,3,100,11457,213.74,70,1650,9251,3,16
1784685216.199,real_q8_tensor_220w_none,0,100,11457,205.84,65,1920,9251,3,16
1784685216.199,real_q8_tensor_220w_none,1,90,11457,212.68,69,1890,9251,3,16
1784685216.199,real_q8_tensor_220w_none,2,92,11457,211.40,74,1875,9251,3,16
1784685216.199,real_q8_tensor_220w_none,3,54,11457,208.93,69,1905,9251,3,16
1784685216.776,real_q8_tensor_220w_none,0,80,11457,212.22,64,1740,9251,3,16
1784685216.776,real_q8_tensor_220w_none,1,90,11457,211.74,69,1635,9251,3,16
1784685216.776,real_q8_tensor_220w_none,2,100,11457,210.05,74,1665,9251,3,16
1784685216.776,real_q8_tensor_220w_none,3,77,11457,215.80,70,1650,9251,3,16
1784685217.370,real_q8_tensor_220w_none,0,80,11457,210.17,65,1695,9251,3,16
1784685217.370,real_q8_tensor_220w_none,1,77,11457,212.85,69,1695,9251,3,16
1784685217.370,real_q8_tensor_220w_none,2,100,11457,210.23,74,1665,9251,3,16
1784685217.370,real_q8_tensor_220w_none,3,100,11457,214.83,70,1710,9251,3,16
1784685217.945,real_q8_tensor_220w_none,0,100,11457,210.69,66,1695,9251,3,16
1784685217.945,real_q8_tensor_220w_none,1,100,11457,212.49,69,1605,9251,3,16
1784685217.945,real_q8_tensor_220w_none,2,100,11457,210.64,74,1665,9251,3,16
1784685217.945,real_q8_tensor_220w_none,3,100,11457,213.56,70,1665,9251,3,16
1784685218.539,real_q8_tensor_220w_none,0,100,11457,210.99,65,1710,9251,3,16
1784685218.539,real_q8_tensor_220w_none,1,100,11457,213.45,69,1605,9251,3,16
1784685218.539,real_q8_tensor_220w_none,2,100,11457,212.04,74,1725,9251,3,16
1784685218.539,real_q8_tensor_220w_none,3,100,11457,212.63,70,1650,9251,3,16
1784685219.114,real_q8_tensor_220w_none,0,100,11457,210.11,65,1725,9251,3,16
1784685219.114,real_q8_tensor_220w_none,1,100,11457,212.43,69,1590,9251,3,16
1784685219.114,real_q8_tensor_220w_none,2,100,11457,211.58,74,1725,9251,3,16
1784685219.114,real_q8_tensor_220w_none,3,100,11457,212.71,70,1650,9251,3,16
1784685219.691,real_q8_tensor_220w_none,0,100,11457,210.16,65,1710,9251,3,16
1784685219.691,real_q8_tensor_220w_none,1,100,11457,212.09,69,1620,9251,3,16
1784685219.691,real_q8_tensor_220w_none,2,100,11457,211.29,74,1650,9251,3,16
1784685219.691,real_q8_tensor_220w_none,3,100,11457,212.34,70,1680,9251,3,16
1784685220.290,real_q8_tensor_220w_none,0,97,11457,209.85,64,1905,9251,3,16
1784685220.290,real_q8_tensor_220w_none,1,50,11457,206.28,68,1620,9251,3,16
1784685220.290,real_q8_tensor_220w_none,2,100,11457,205.83,73,1875,9251,3,16
1784685220.290,real_q8_tensor_220w_none,3,100,11457,211.78,69,1725,9251,3,16
1784685220.934,real_q8_tensor_220w_none,0,97,11457,207.10,65,1770,9251,3,16
1784685220.934,real_q8_tensor_220w_none,1,50,11457,211.42,69,1680,9251,3,16
1784685220.934,real_q8_tensor_220w_none,2,81,11457,210.34,74,1635,9251,3,16
1784685220.934,real_q8_tensor_220w_none,3,53,11457,212.44,70,1680,9251,3,16
1784685221.534,real_q8_tensor_220w_none,0,100,11457,210.23,65,1695,9251,3,16
1784685221.534,real_q8_tensor_220w_none,1,100,11457,212.95,69,1605,9251,3,16
1784685221.534,real_q8_tensor_220w_none,2,81,11457,210.82,74,1725,9251,3,16
1784685221.534,real_q8_tensor_220w_none,3,53,11457,213.08,70,1635,9251,3,16
1784685222.134,real_q8_tensor_220w_none,0,100,11457,209.82,65,1695,9251,3,16
1784685222.134,real_q8_tensor_220w_none,1,100,11457,212.99,69,1650,9251,3,16
1784685222.134,real_q8_tensor_220w_none,2,100,11457,211.06,74,1650,9251,3,16
1784685222.134,real_q8_tensor_220w_none,3,100,11457,213.74,70,1695,9251,3,16
1784685222.729,real_q8_tensor_220w_none,0,100,11457,209.15,65,1755,9251,3,16
1784685222.729,real_q8_tensor_220w_none,1,100,11457,211.99,69,1635,9251,3,16
1784685222.729,real_q8_tensor_220w_none,2,100,11457,209.85,74,1680,9251,3,16
1784685222.729,real_q8_tensor_220w_none,3,100,11457,213.35,70,1650,9251,3,16
1784685223.327,real_q8_tensor_220w_none,0,100,11457,209.68,65,1770,9251,3,16
1784685223.327,real_q8_tensor_220w_none,1,100,11457,211.92,69,1590,9251,3,16
1784685223.327,real_q8_tensor_220w_none,2,100,11457,210.57,74,1740,9251,3,16
1784685223.327,real_q8_tensor_220w_none,3,100,11457,211.97,70,1620,9251,3,16
1784685223.905,real_q8_tensor_220w_none,0,100,11457,209.04,65,1710,9251,3,16
1784685223.905,real_q8_tensor_220w_none,1,100,11457,211.57,69,1590,9251,3,16
1784685223.905,real_q8_tensor_220w_none,2,100,11457,209.32,74,1620,9251,3,16
1784685223.905,real_q8_tensor_220w_none,3,100,11457,212.84,70,1725,9251,3,16
1784685224.499,real_q8_tensor_220w_none,0,100,11457,210.21,64,1905,9251,3,16
1784685224.499,real_q8_tensor_220w_none,1,100,11457,208.10,69,1875,9251,3,16
1784685224.499,real_q8_tensor_220w_none,2,52,11457,205.60,74,1845,9251,3,16
1784685224.499,real_q8_tensor_220w_none,3,90,11457,212.01,69,1890,9251,3,16
1784685225.117,real_q8_tensor_220w_none,0,53,11457,205.75,65,1680,9251,3,16
1784685225.117,real_q8_tensor_220w_none,1,77,11457,208.77,68,1590,9251,3,16
1784685225.117,real_q8_tensor_220w_none,2,52,11457,209.78,73,1635,9251,3,16
1784685225.117,real_q8_tensor_220w_none,3,90,11457,212.04,70,1635,9251,3,16
1784685225.695,real_q8_tensor_220w_none,0,53,11457,209.55,65,1695,9251,3,16
1784685225.695,real_q8_tensor_220w_none,1,77,11457,213.17,69,1620,9251,3,16
1784685225.695,real_q8_tensor_220w_none,2,55,11457,211.73,74,1725,9251,3,16
1784685225.695,real_q8_tensor_220w_none,3,94,11457,212.36,70,1635,9251,3,16
1784685226.289,real_q8_tensor_220w_none,0,100,11457,209.24,65,1695,9251,3,16
1784685226.289,real_q8_tensor_220w_none,1,100,11457,212.39,69,1605,9251,3,16
1784685226.289,real_q8_tensor_220w_none,2,76,11457,211.05,74,1665,9251,3,16
1784685226.289,real_q8_tensor_220w_none,3,76,11457,212.09,70,1620,9251,3,16
1784685226.866,real_q8_tensor_220w_none,0,100,11457,208.98,65,1695,9251,3,16
1784685226.866,real_q8_tensor_220w_none,1,76,11457,211.80,69,1695,9251,3,16
1784685226.866,real_q8_tensor_220w_none,2,100,11457,209.79,74,1650,9251,3,16
1784685226.866,real_q8_tensor_220w_none,3,100,11457,212.13,70,1710,9251,3,16
1784685227.442,real_q8_tensor_220w_none,0,100,11457,208.70,65,1770,9251,3,16
1784685227.442,real_q8_tensor_220w_none,1,100,11457,211.59,69,1680,9251,3,16
1784685227.442,real_q8_tensor_220w_none,2,100,11457,210.26,74,1710,9251,3,16
1784685227.442,real_q8_tensor_220w_none,3,100,11457,212.40,70,1710,9251,3,16
1784685228.016,real_q8_tensor_220w_none,0,100,11457,209.99,65,1710,9251,3,16
1784685228.016,real_q8_tensor_220w_none,1,100,11457,211.87,69,1575,9251,3,16
1784685228.016,real_q8_tensor_220w_none,2,100,11457,210.83,74,1725,9251,3,16
1784685228.016,real_q8_tensor_220w_none,3,100,11457,211.84,70,1620,9251,3,16
1784685228.590,real_q8_tensor_220w_none,0,100,11457,208.62,65,1755,9251,3,16
1784685228.590,real_q8_tensor_220w_none,1,100,11457,211.45,69,1635,9251,3,16
1784685228.590,real_q8_tensor_220w_none,2,100,11457,210.51,74,1665,9251,3,16
1784685228.590,real_q8_tensor_220w_none,3,100,11457,211.53,70,1620,9251,3,16
1784685229.181,real_q8_tensor_220w_none,0,100,11457,208.84,65,1680,9251,3,16
1784685229.181,real_q8_tensor_220w_none,1,100,11457,212.14,69,1590,9251,3,16
1784685229.181,real_q8_tensor_220w_none,2,100,11457,210.70,74,1635,9251,3,16
1784685229.181,real_q8_tensor_220w_none,3,100,11457,212.16,70,1635,9251,3,16
1784685229.779,real_q8_tensor_220w_none,0,100,11457,209.12,65,1740,9251,3,16
1784685229.779,real_q8_tensor_220w_none,1,100,11457,212.07,69,1635,9251,3,16
1784685229.779,real_q8_tensor_220w_none,2,100,11457,210.08,74,1650,9251,3,16
1784685229.779,real_q8_tensor_220w_none,3,100,11457,212.42,70,1605,9251,3,16
1784685230.348,real_q8_tensor_220w_none,0,100,11457,209.01,65,1755,9251,3,16
1784685230.348,real_q8_tensor_220w_none,1,98,11457,211.43,69,1785,9251,3,16
1784685230.348,real_q8_tensor_220w_none,2,100,11457,209.33,73,1740,9251,3,16
1784685230.348,real_q8_tensor_220w_none,3,100,11457,212.64,70,1770,9251,3,16
1784685230.916,real_q8_tensor_220w_none,0,97,11457,208.11,64,1845,9251,3,16
1784685230.916,real_q8_tensor_220w_none,1,100,11457,210.65,69,1845,9251,3,16
1784685230.916,real_q8_tensor_220w_none,2,100,11457,209.11,74,1815,9251,3,16
1784685230.916,real_q8_tensor_220w_none,3,100,11457,211.04,69,1860,9251,3,16
1784685231.483,real_q8_tensor_220w_none,0,97,11457,206.62,65,1890,9251,3,16
1784685231.483,real_q8_tensor_220w_none,1,100,11457,207.64,68,1875,9251,3,16
1784685231.483,real_q8_tensor_220w_none,2,100,11457,206.96,73,1875,9251,3,16
1784685231.483,real_q8_tensor_220w_none,3,50,11457,210.76,70,1890,9251,3,16
1784685232.059,real_q8_tensor_220w_none,0,83,11457,206.30,64,1755,9251,3,16
1784685232.059,real_q8_tensor_220w_none,1,49,11457,211.86,69,1650,9251,3,16
1784685232.059,real_q8_tensor_220w_none,2,51,11457,210.85,74,1695,9251,3,16
1784685232.059,real_q8_tensor_220w_none,3,50,11457,210.86,69,1680,9251,3,16
1784685232.638,real_q8_tensor_220w_none,0,83,11457,210.05,65,1680,9251,3,16
1784685232.638,real_q8_tensor_220w_none,1,49,11457,211.15,68,1590,9251,3,16
1784685232.638,real_q8_tensor_220w_none,2,51,11457,209.69,73,1665,9251,3,16
1784685232.638,real_q8_tensor_220w_none,3,51,11457,213.04,70,1620,9251,3,16
1784685233.214,real_q8_tensor_220w_none,0,87,11457,208.27,65,1680,9251,3,16
1784685233.214,real_q8_tensor_220w_none,1,100,11457,210.99,69,1590,9251,3,16
1784685233.214,real_q8_tensor_220w_none,2,100,11457,209.30,74,1635,9251,3,16
1784685233.214,real_q8_tensor_220w_none,3,51,11457,211.43,70,1650,9251,3,16
1784685233.807,real_q8_tensor_220w_none,0,75,11457,207.93,65,1755,9251,3,16
1784685233.807,real_q8_tensor_220w_none,1,75,11457,210.50,69,1575,9251,3,16
1784685233.807,real_q8_tensor_220w_none,2,75,11457,208.10,74,1710,9251,3,16
1784685233.807,real_q8_tensor_220w_none,3,100,11457,211.61,70,1620,9251,3,16
1784685234.385,real_q8_tensor_220w_none,0,100,11457,207.77,65,1695,9251,3,16
1784685234.385,real_q8_tensor_220w_none,1,100,11457,211.06,69,1650,9251,3,16
1784685234.385,real_q8_tensor_220w_none,2,100,11457,208.18,74,1635,9251,3,16
1784685234.385,real_q8_tensor_220w_none,3,100,11457,211.97,70,1665,9251,3,16
1784685234.961,real_q8_tensor_220w_none,0,100,11457,207.93,65,1665,9251,3,16
1784685234.961,real_q8_tensor_220w_none,1,100,11457,211.15,69,1590,9251,3,16
1784685234.961,real_q8_tensor_220w_none,2,100,11457,208.51,74,1620,9251,3,16
1784685234.961,real_q8_tensor_220w_none,3,100,11457,212.21,70,1590,9251,3,16
1784685235.536,real_q8_tensor_220w_none,0,100,11457,209.06,65,1665,9251,3,16
1784685235.536,real_q8_tensor_220w_none,1,100,11457,211.48,69,1590,9251,3,16
1784685235.536,real_q8_tensor_220w_none,2,100,11457,209.23,74,1605,9251,3,16
1784685235.536,real_q8_tensor_220w_none,3,100,11457,212.00,70,1650,9251,3,16
1784685236.135,real_q8_tensor_220w_none,0,100,11457,209.38,65,1755,9251,3,16
1784685236.135,real_q8_tensor_220w_none,1,100,11457,211.91,69,1680,9251,3,16
1784685236.135,real_q8_tensor_220w_none,2,100,11457,209.70,74,1665,9251,3,16
1784685236.135,real_q8_tensor_220w_none,3,100,11457,211.77,70,1695,9251,3,16
1784685236.735,real_q8_tensor_220w_none,0,100,11457,208.99,65,1680,9251,3,16
1784685236.735,real_q8_tensor_220w_none,1,100,11457,211.76,69,1620,9251,3,16
1784685236.735,real_q8_tensor_220w_none,2,100,11457,209.54,74,1635,9251,3,16
1784685236.735,real_q8_tensor_220w_none,3,100,11457,211.79,70,1680,9251,3,16
1784685237.310,real_q8_tensor_220w_none,0,100,11457,207.97,65,1650,9251,3,16
1784685237.310,real_q8_tensor_220w_none,1,100,11457,210.52,69,1575,9251,3,16
1784685237.310,real_q8_tensor_220w_none,2,100,11457,209.28,74,1620,9251,3,16
1784685237.310,real_q8_tensor_220w_none,3,100,11457,211.80,70,1635,9251,3,16
1784685237.889,real_q8_tensor_220w_none,0,100,11457,208.01,65,1650,9251,3,16
1784685237.889,real_q8_tensor_220w_none,1,100,11457,211.21,69,1575,9251,3,16
1784685237.889,real_q8_tensor_220w_none,2,100,11457,209.52,74,1635,9251,3,16
1784685237.889,real_q8_tensor_220w_none,3,100,11457,210.96,70,1635,9251,3,16
1784685238.468,real_q8_tensor_220w_none,0,100,11457,207.76,65,1650,9251,3,16
1784685238.468,real_q8_tensor_220w_none,1,100,11457,210.85,69,1740,9251,3,16
1784685238.468,real_q8_tensor_220w_none,2,100,11457,208.84,74,1635,9251,3,16
1784685238.468,real_q8_tensor_220w_none,3,95,11457,211.10,70,1770,9251,3,16
1784685239.059,real_q8_tensor_220w_none,0,64,11457,207.88,65,1875,9251,3,16
1784685239.059,real_q8_tensor_220w_none,1,95,11457,210.85,68,1845,9251,3,16
1784685239.059,real_q8_tensor_220w_none,2,95,11457,209.30,74,1860,9251,3,16
1784685239.059,real_q8_tensor_220w_none,3,95,11457,211.17,70,1845,9251,3,16
1784685239.655,real_q8_tensor_220w_none,0,64,11457,207.60,65,1905,9251,3,16
1784685239.655,real_q8_tensor_220w_none,1,95,11457,211.40,68,1890,9251,3,16
1784685239.655,real_q8_tensor_220w_none,2,95,11457,208.76,72,1860,9251,3,16
1784685239.655,real_q8_tensor_220w_none,3,97,11457,211.76,70,1905,9251,3,16
1784685240.230,real_q8_tensor_220w_none,0,69,11457,208.21,63,1635,9251,3,16
1784685240.230,real_q8_tensor_220w_none,1,49,11457,211.12,69,1545,9251,3,16
1784685240.230,real_q8_tensor_220w_none,2,50,11457,208.23,74,1830,9251,3,16
1784685240.230,real_q8_tensor_220w_none,3,97,11457,211.65,68,1560,9251,3,16
1784685240.810,real_q8_tensor_220w_none,0,100,11457,207.72,65,1665,9251,3,16
1784685240.810,real_q8_tensor_220w_none,1,82,11457,211.33,68,1560,9251,3,16
1784685240.810,real_q8_tensor_220w_none,2,100,11457,207.81,72,1710,9251,3,16
1784685240.810,real_q8_tensor_220w_none,3,48,11457,211.05,70,1575,9251,3,16
1784685241.390,real_q8_tensor_220w_none,0,75,11457,207.47,63,1650,9251,3,16
1784685241.390,real_q8_tensor_220w_none,1,49,11457,210.44,69,1575,9251,3,16
1784685241.390,real_q8_tensor_220w_none,2,48,11457,208.13,74,1710,9251,3,16
1784685241.390,real_q8_tensor_220w_none,3,48,11457,210.60,70,1605,9251,3,16
1784685241.966,real_q8_tensor_220w_none,0,75,11457,208.08,64,1665,9251,3,16
1784685241.966,real_q8_tensor_220w_none,1,49,11457,210.24,69,1575,9251,3,16
1784685241.966,real_q8_tensor_220w_none,2,48,11457,208.10,74,1650,9251,3,16
1784685241.966,real_q8_tensor_220w_none,3,100,11457,211.26,70,1620,9251,3,16
1784685242.543,real_q8_tensor_220w_none,0,65,11457,207.89,65,1650,9251,3,16
1784685242.543,real_q8_tensor_220w_none,1,100,11457,210.52,69,1665,9251,3,16
1784685242.543,real_q8_tensor_220w_none,2,100,11457,208.85,74,1620,9251,3,16
1784685242.543,real_q8_tensor_220w_none,3,100,11457,211.06,70,1695,9251,3,16
1784685243.117,real_q8_tensor_220w_none,0,65,11457,207.09,65,1665,9251,3,16
1784685243.117,real_q8_tensor_220w_none,1,100,11457,209.54,69,1575,9251,3,16
1784685243.117,real_q8_tensor_220w_none,2,100,11457,207.67,74,1605,9251,3,16
1784685243.117,real_q8_tensor_220w_none,3,100,11457,210.79,70,1635,9251,3,16
1784685243.692,real_q8_tensor_220w_none,0,100,11457,208.45,65,1680,9251,3,16
1784685243.692,real_q8_tensor_220w_none,1,100,11457,210.76,69,1575,9251,3,16
1784685243.692,real_q8_tensor_220w_none,2,100,11457,208.70,74,1710,9251,3,16
1784685243.692,real_q8_tensor_220w_none,3,100,11457,211.07,70,1605,9251,3,16
1784685244.290,real_q8_tensor_220w_none,0,97,11457,207.73,65,1755,9251,3,16
1784685244.290,real_q8_tensor_220w_none,1,74,11457,210.98,69,1680,9251,3,16
1784685244.290,real_q8_tensor_220w_none,2,82,11457,208.63,74,1695,9251,3,16
1784685244.290,real_q8_tensor_220w_none,3,100,11457,211.10,70,1710,9251,3,16
1784685244.892,real_q8_tensor_220w_none,0,100,11457,207.09,65,1710,9251,3,16
1784685244.892,real_q8_tensor_220w_none,1,100,11457,210.51,69,1575,9251,3,16
1784685244.892,real_q8_tensor_220w_none,2,100,11457,207.90,74,1665,9251,3,16
1784685244.892,real_q8_tensor_220w_none,3,100,11457,211.35,70,1590,9251,3,16
1784685245.468,real_q8_tensor_220w_none,0,100,11457,208.55,65,1665,9251,3,16
1784685245.468,real_q8_tensor_220w_none,1,100,11457,210.21,69,1575,9251,3,16
1784685245.468,real_q8_tensor_220w_none,2,100,11457,208.10,74,1695,9251,3,16
1784685245.468,real_q8_tensor_220w_none,3,100,11457,210.89,70,1590,9251,3,16
1784685246.044,real_q8_tensor_220w_none,0,100,11457,208.52,65,1665,9251,3,16
1784685246.044,real_q8_tensor_220w_none,1,100,11457,210.94,69,1680,9251,3,16
1784685246.044,real_q8_tensor_220w_none,2,100,11457,208.91,74,1605,9251,3,16
1784685246.044,real_q8_tensor_220w_none,3,100,11457,210.75,70,1695,9251,3,16
1784685246.620,real_q8_tensor_220w_none,0,100,11457,207.24,65,1755,9251,3,16
1784685246.620,real_q8_tensor_220w_none,1,100,11457,210.17,69,1545,9251,3,16
1784685246.620,real_q8_tensor_220w_none,2,100,11457,207.77,74,1710,9251,3,16
1784685246.620,real_q8_tensor_220w_none,3,100,11457,210.65,70,1590,9251,3,16
1784685247.198,real_q8_tensor_220w_none,0,100,11457,207.18,65,1650,9251,3,16
1784685247.198,real_q8_tensor_220w_none,1,100,11457,210.35,69,1560,9251,3,16
1784685247.198,real_q8_tensor_220w_none,2,100,11457,207.78,74,1620,9251,3,16
1784685247.198,real_q8_tensor_220w_none,3,100,11457,211.46,70,1560,9251,3,16
1784685247.773,real_q8_tensor_220w_none,0,100,11457,206.95,65,1710,9251,3,16
1784685247.773,real_q8_tensor_220w_none,1,100,11457,210.37,69,1620,9251,3,16
1784685247.773,real_q8_tensor_220w_none,2,96,11457,207.89,74,1635,9251,3,16
1784685247.773,real_q8_tensor_220w_none,3,100,11457,210.28,70,1590,9251,3,16
1784685248.369,real_q8_tensor_220w_none,0,100,11457,206.05,65,1665,9251,3,16
1784685248.369,real_q8_tensor_220w_none,1,100,11457,209.87,69,1575,9251,3,16
1784685248.369,real_q8_tensor_220w_none,2,100,11457,207.22,74,1620,9251,3,16
1784685248.369,real_q8_tensor_220w_none,3,100,11457,209.31,70,1650,9251,3,16
1784685248.945,real_q8_tensor_220w_none,0,100,11457,206.04,65,1695,9251,3,16
1784685248.945,real_q8_tensor_220w_none,1,100,11457,209.89,69,1620,9251,3,16
1784685248.945,real_q8_tensor_220w_none,2,100,11457,207.24,74,1635,9251,3,16
1784685248.945,real_q8_tensor_220w_none,3,100,11457,210.07,70,1590,9251,3,16
1784685249.520,real_q8_tensor_220w_none,0,100,11457,206.41,65,1650,9251,3,16
1784685249.520,real_q8_tensor_220w_none,1,100,11457,210.50,69,1575,9251,3,16
1784685249.520,real_q8_tensor_220w_none,2,100,11457,208.29,74,1605,9251,3,16
1784685249.520,real_q8_tensor_220w_none,3,100,11457,210.63,70,1635,9251,3,16
1784685250.095,real_q8_tensor_220w_none,0,100,11457,206.70,65,1755,9251,3,16
1784685250.095,real_q8_tensor_220w_none,1,100,11457,210.17,69,1680,9251,3,16
1784685250.095,real_q8_tensor_220w_none,2,100,11457,207.92,74,1680,9251,3,16
1784685250.095,real_q8_tensor_220w_none,3,100,11457,210.34,70,1680,9251,3,16
1784685250.670,real_q8_tensor_220w_none,0,100,11457,206.44,65,1710,9251,3,16
1784685250.670,real_q8_tensor_220w_none,1,100,11457,209.96,69,1575,9251,3,16
1784685250.670,real_q8_tensor_220w_none,2,100,11457,207.72,74,1650,9251,3,16
1784685250.670,real_q8_tensor_220w_none,3,100,11457,209.79,70,1590,9251,3,16
1784685251.282,real_q8_tensor_220w_none,0,100,11457,206.16,65,1650,9251,3,16
1784685251.282,real_q8_tensor_220w_none,1,100,11457,209.17,69,1680,9251,3,16
1784685251.282,real_q8_tensor_220w_none,2,100,11457,206.81,74,1590,9251,3,16
1784685251.282,real_q8_tensor_220w_none,3,100,11457,210.19,70,1695,9251,3,16
1784685251.862,real_q8_tensor_220w_none,0,100,11457,206.88,65,1635,9251,3,16
1784685251.862,real_q8_tensor_220w_none,1,100,11457,208.92,69,1665,9251,3,16
1784685251.862,real_q8_tensor_220w_none,2,100,11457,206.12,74,1590,9251,3,16
1784685251.862,real_q8_tensor_220w_none,3,100,11457,211.58,70,1680,9251,3,16
1784685252.456,real_q8_tensor_220w_none,0,100,11457,209.86,64,1785,9251,3,16
1784685252.456,real_q8_tensor_220w_none,1,100,11457,209.18,69,1725,9251,3,16
1784685252.456,real_q8_tensor_220w_none,2,100,11457,206.46,74,1755,9251,3,16
1784685252.456,real_q8_tensor_220w_none,3,98,11457,213.72,69,1710,9251,3,16
1784685253.068,real_q8_tensor_220w_none,0,94,11457,210.76,65,1785,9251,3,16
1784685253.068,real_q8_tensor_220w_none,1,100,11457,211.74,69,1815,9251,3,16
1784685253.068,real_q8_tensor_220w_none,2,100,11457,209.01,74,1755,9251,3,16
1784685253.068,real_q8_tensor_220w_none,3,98,11457,213.13,69,1845,9251,3,16
1784685253.652,real_q8_tensor_220w_none,0,94,11457,207.52,65,1860,9251,3,16
1784685253.652,real_q8_tensor_220w_none,1,99,11457,213.95,69,1815,9251,3,16
1784685253.652,real_q8_tensor_220w_none,2,100,11457,211.50,73,1755,9251,3,16
1784685253.652,real_q8_tensor_220w_none,3,59,11457,208.82,70,1845,9251,3,16
1784685254.242,real_q8_tensor_220w_none,0,100,11457,208.20,65,1830,9251,3,16
1784685254.242,real_q8_tensor_220w_none,1,99,11457,212.82,68,1845,9251,3,16
1784685254.242,real_q8_tensor_220w_none,2,75,11457,210.94,73,1815,9251,3,16
1784685254.242,real_q8_tensor_220w_none,3,59,11457,211.48,70,1770,9251,3,16
1784685254.810,real_q8_tensor_220w_none,0,100,11457,209.98,65,1860,9251,3,16
1784685254.810,real_q8_tensor_220w_none,1,100,11457,209.25,69,1800,9251,3,16
1784685254.810,real_q8_tensor_220w_none,2,100,11457,207.58,74,1755,9251,3,16
1784685254.810,real_q8_tensor_220w_none,3,100,11457,213.88,69,1800,9251,3,16
1784685255.377,real_q8_tensor_220w_none,0,97,11457,211.54,65,1800,9251,3,16
1784685255.377,real_q8_tensor_220w_none,1,100,11457,212.39,69,1710,9251,3,16
1784685255.377,real_q8_tensor_220w_none,2,100,11457,210.22,74,1740,9251,3,16
1784685255.377,real_q8_tensor_220w_none,3,100,11457,213.72,70,1710,9251,3,16
1784685255.947,real_q8_tensor_220w_none,0,97,11457,209.30,65,1860,9251,3,16
1784685255.947,real_q8_tensor_220w_none,1,100,11457,213.26,68,1815,9251,3,16
1784685255.947,real_q8_tensor_220w_none,2,100,11457,211.63,73,1740,9251,3,16
1784685255.947,real_q8_tensor_220w_none,3,58,11457,210.01,70,1845,9251,3,16
1784685256.538,real_q8_tensor_220w_none,0,100,11457,205.32,65,1860,9251,3,16
1784685256.538,real_q8_tensor_220w_none,1,100,11457,213.66,68,1860,9251,3,16
1784685256.538,real_q8_tensor_220w_none,2,87,11457,211.68,72,1815,9251,3,16
1784685256.538,real_q8_tensor_220w_none,3,58,11457,208.34,70,1830,9251,3,16
1784685257.133,real_q8_tensor_220w_none,0,100,11457,208.80,65,1890,9251,3,16
1784685257.133,real_q8_tensor_220w_none,1,79,11457,210.31,67,1860,9251,3,16
1784685257.133,real_q8_tensor_220w_none,2,87,11457,208.14,72,1815,9251,3,16
1784685257.133,real_q8_tensor_220w_none,3,100,11457,206.88,70,1875,9251,3,16
1784685257.730,real_q8_tensor_220w_none,0,100,11457,210.56,65,1905,9251,3,16
1784685257.730,real_q8_tensor_220w_none,1,79,11457,207.99,67,1890,9251,3,16
1784685257.730,real_q8_tensor_220w_none,2,63,11457,206.32,72,1875,9251,3,16
1784685257.730,real_q8_tensor_220w_none,3,100,11457,208.70,70,1905,9251,3,16
1784685258.328,real_q8_tensor_220w_none,0,98,11457,211.65,64,1905,9251,3,16
1784685258.328,real_q8_tensor_220w_none,1,44,11457,206.32,69,1860,9251,3,16
1784685258.328,real_q8_tensor_220w_none,2,100,11457,204.83,74,1860,9251,3,16
1784685258.328,real_q8_tensor_220w_none,3,81,11457,213.98,69,1905,9251,3,16
1784685258.898,real_q8_tensor_220w_none,0,80,11457,209.05,63,1815,9251,3,16
1784685258.898,real_q8_tensor_220w_none,1,44,11457,207.70,69,1485,9251,3,16
1784685258.898,real_q8_tensor_220w_none,2,43,11457,205.67,73,1695,9251,3,16
1784685258.898,real_q8_tensor_220w_none,3,81,11457,210.09,68,1545,9251,3,16
1784685259.531,real_q8_tensor_220w_none,0,80,11457,205.85,63,1590,9251,3,16
1784685259.531,real_q8_tensor_220w_none,1,52,11457,209.02,69,1500,9251,3,16
1784685259.531,real_q8_tensor_220w_none,2,43,11457,206.60,73,1800,9251,3,16
1784685259.531,real_q8_tensor_220w_none,3,56,11457,208.42,68,1545,9251,3,16
1784685260.104,real_q8_tensor_220w_none,0,46,11457,204.28,64,1605,9251,3,16
1784685260.104,real_q8_tensor_220w_none,1,52,11457,209.30,68,1545,9251,3,16
1784685260.104,real_q8_tensor_220w_none,2,69,11457,207.07,73,1560,9251,3,16
1784685260.104,real_q8_tensor_220w_none,3,56,11457,206.80,69,1605,9251,3,16
1784685260.698,real_q8_tensor_220w_none,0,46,11457,204.26,64,1740,9251,3,16
1784685260.698,real_q8_tensor_220w_none,1,69,11457,208.98,68,1560,9251,3,16
1784685260.698,real_q8_tensor_220w_none,2,69,11457,207.41,72,1680,9251,3,16
1784685260.698,real_q8_tensor_220w_none,3,40,11457,206.34,70,1560,9251,3,16
1784685261.296,real_q8_tensor_220w_none,0,44,11457,203.32,65,1650,9251,3,16
1784685261.296,real_q8_tensor_220w_none,1,72,11457,208.02,67,1650,9251,3,16
1784685261.296,real_q8_tensor_220w_none,2,81,11457,206.09,72,1575,9251,3,16
1784685261.296,real_q8_tensor_220w_none,3,100,11457,207.83,70,1665,9251,3,16
1784685261.896,real_q8_tensor_220w_none,0,44,11457,205.89,65,1635,9251,3,16
1784685261.896,real_q8_tensor_220w_none,1,47,11457,207.15,67,1530,9251,3,16
1784685261.896,real_q8_tensor_220w_none,2,81,11457,205.08,72,1575,9251,3,16
1784685261.896,real_q8_tensor_220w_none,3,58,11457,209.51,70,1605,9251,3,16
1784685262.467,real_q8_tensor_220w_none,0,92,11457,205.23,64,1605,9251,3,16
1784685262.467,real_q8_tensor_220w_none,1,47,11457,207.26,68,1620,9251,3,16
1784685262.467,real_q8_tensor_220w_none,2,43,11457,205.23,73,1560,9251,3,16
1784685262.467,real_q8_tensor_220w_none,3,58,11457,209.29,68,1635,9251,3,16
1784685263.035,real_q8_tensor_220w_none,0,92,11457,207.09,63,1635,9251,3,16
1784685263.035,real_q8_tensor_220w_none,1,37,11457,206.04,68,1455,9251,3,16
1784685263.035,real_q8_tensor_220w_none,2,43,11457,204.00,73,1740,9251,3,16
1784685263.035,real_q8_tensor_220w_none,3,57,11457,209.73,68,1530,9251,3,16
1784685263.625,real_q8_tensor_220w_none,0,69,11457,207.03,63,1905,9251,3,16
1784685263.625,real_q8_tensor_220w_none,1,37,11457,208.65,68,1470,9251,3,16
1784685263.625,real_q8_tensor_220w_none,2,45,11457,206.08,73,1875,9251,3,16
1784685263.625,real_q8_tensor_220w_none,3,57,11457,208.43,68,1545,9251,3,16
1784685264.192,real_q8_tensor_220w_none,0,69,11457,204.77,63,1710,9251,3,16
1784685264.192,real_q8_tensor_220w_none,1,58,11457,208.46,69,1500,9251,3,16
1784685264.192,real_q8_tensor_220w_none,2,45,11457,206.06,73,1680,9251,3,16
1784685264.192,real_q8_tensor_220w_none,3,49,11457,207.26,69,1575,9251,3,16
1784685264.820,real_q8_tensor_220w_none,0,45,11457,206.37,64,1710,9251,3,16
1784685264.820,real_q8_tensor_220w_none,1,92,11457,208.54,69,1515,9251,3,16
1784685264.820,real_q8_tensor_220w_none,2,68,11457,205.99,74,1695,9251,3,16
1784685264.820,real_q8_tensor_220w_none,3,71,11457,208.85,69,1560,9251,3,16
1784685265.437,real_q8_tensor_220w_none,0,45,11457,205.75,65,1665,9251,3,16
1784685265.437,real_q8_tensor_220w_none,1,67,11457,209.06,69,1605,9251,3,16
1784685265.437,real_q8_tensor_220w_none,2,68,11457,207.23,73,1605,9251,3,16
1784685265.437,real_q8_tensor_220w_none,3,100,11457,207.87,70,1605,9251,3,16
1784685266.031,real_q8_tensor_220w_none,0,41,11457,202.92,65,1740,9251,3,16
1784685266.031,real_q8_tensor_220w_none,1,67,11457,208.36,67,1605,9251,3,16
1784685266.031,real_q8_tensor_220w_none,2,76,11457,206.11,72,1560,9251,3,16
1784685266.031,real_q8_tensor_220w_none,3,100,11457,208.24,70,1635,9251,3,16
1784685266.602,real_q8_tensor_220w_none,0,41,11457,205.12,64,1725,9251,3,16
1784685266.602,real_q8_tensor_220w_none,1,56,11457,207.42,67,1515,9251,3,16
1784685266.602,real_q8_tensor_220w_none,2,76,11457,206.01,72,1665,9251,3,16
1784685266.602,real_q8_tensor_220w_none,3,48,11457,209.31,70,1560,9251,3,16
1784685267.173,real_q8_tensor_220w_none,0,44,11457,205.45,65,1665,9251,3,16
1784685267.173,real_q8_tensor_220w_none,1,56,11457,206.31,67,1560,9251,3,16
1784685267.173,real_q8_tensor_220w_none,2,48,11457,205.25,72,1590,9251,3,16
1784685267.173,real_q8_tensor_220w_none,3,48,11457,208.45,70,1650,9251,3,16
1784685267.766,real_q8_tensor_220w_none,0,44,11457,204.87,64,1665,9251,3,16
1784685267.766,real_q8_tensor_220w_none,1,42,11457,206.05,68,1500,9251,3,16
1784685267.766,real_q8_tensor_220w_none,2,48,11457,204.64,73,1665,9251,3,16
1784685267.766,real_q8_tensor_220w_none,3,63,11457,209.25,70,1545,9251,3,16
1784685268.355,real_q8_tensor_220w_none,0,49,11457,204.53,64,1710,9251,3,16
1784685268.355,real_q8_tensor_220w_none,1,71,11457,205.42,68,1485,9251,3,16
1784685268.355,real_q8_tensor_220w_none,2,100,11457,203.68,73,1680,9251,3,16
1784685268.355,real_q8_tensor_220w_none,3,63,11457,209.71,69,1545,9251,3,16
1784685268.953,real_q8_tensor_220w_none,0,49,11457,207.04,64,1605,9251,3,16
1784685268.953,real_q8_tensor_220w_none,1,42,11457,205.67,69,1440,9251,3,16
1784685268.953,real_q8_tensor_220w_none,2,41,11457,203.96,74,1890,9251,3,16
1784685268.953,real_q8_tensor_220w_none,3,65,11457,209.57,69,1500,9251,3,16
1784685269.521,real_q8_tensor_220w_none,0,80,11457,207.19,64,1905,9251,3,16
1784685269.521,real_q8_tensor_220w_none,1,42,11457,206.75,68,1890,9251,3,16
1784685269.521,real_q8_tensor_220w_none,2,41,11457,204.46,74,1875,9251,3,16
1784685269.521,real_q8_tensor_220w_none,3,65,11457,209.44,68,1905,9251,3,16
1784685270.086,real_q8_tensor_220w_none,0,80,11457,207.00,65,1845,9251,3,16
1784685270.086,real_q8_tensor_220w_none,1,100,11457,214.74,68,1860,9251,3,16
1784685270.086,real_q8_tensor_220w_none,2,100,11457,212.61,74,1800,9251,3,16
1784685270.086,real_q8_tensor_220w_none,3,56,11457,209.06,70,1830,9251,3,16
1784685270.644,real_q8_tensor_220w_none,0,100,11457,208.05,65,1620,9251,3,16
1784685270.644,real_q8_tensor_220w_none,1,100,11457,214.30,68,1695,9251,3,16
1784685270.644,real_q8_tensor_220w_none,2,100,11457,212.59,74,1545,9251,3,16
1784685270.644,real_q8_tensor_220w_none,3,56,11457,212.83,70,1740,9251,3,16
1784685271.205,real_q8_tensor_220w_none,0,100,11457,207.82,65,1620,9251,3,16
1784685271.205,real_q8_tensor_220w_none,1,100,11457,207.75,69,1650,9251,3,16
1784685271.205,real_q8_tensor_220w_none,2,100,11457,205.78,74,1545,9251,3,16
1784685271.205,real_q8_tensor_220w_none,3,100,11457,212.58,70,1650,9251,3,16
1784685271.769,real_q8_tensor_220w_none,0,100,11457,207.96,65,1710,9251,3,16
1784685271.769,real_q8_tensor_220w_none,1,100,11457,207.28,69,1590,9251,3,16
1784685271.769,real_q8_tensor_220w_none,2,100,11457,204.90,74,1605,9251,3,16
1784685271.769,real_q8_tensor_220w_none,3,100,11457,212.33,70,1575,9251,3,16
1784685272.336,real_q8_tensor_220w_none,0,100,11457,208.34,65,1665,9251,3,16
1784685272.336,real_q8_tensor_220w_none,1,100,11457,207.80,69,1605,9251,3,16
1784685272.336,real_q8_tensor_220w_none,2,100,11457,205.38,74,1590,9251,3,16
1784685272.336,real_q8_tensor_220w_none,3,100,11457,212.42,70,1605,9251,3,16
1784685272.934,real_q8_tensor_220w_none,0,100,11457,204.65,65,1665,9251,3,16
1784685272.934,real_q8_tensor_220w_none,1,100,11457,208.18,69,1590,9251,3,16
1784685272.934,real_q8_tensor_220w_none,2,100,11457,205.94,74,1590,9251,3,16
1784685272.934,real_q8_tensor_220w_none,3,100,11457,212.09,70,1650,9251,3,16
1784685273.525,real_q8_tensor_220w_none,0,100,11457,204.91,65,1605,9251,3,16
1784685273.525,real_q8_tensor_220w_none,1,100,11457,208.20,69,1500,9251,3,16
1784685273.525,real_q8_tensor_220w_none,2,100,11457,206.34,74,1680,9251,3,16
1784685273.525,real_q8_tensor_220w_none,3,100,11457,208.17,70,1560,9251,3,16
1784685274.094,real_q8_tensor_220w_none,0,100,11457,205.17,65,1635,9251,3,16
1784685274.094,real_q8_tensor_220w_none,1,100,11457,207.68,69,1545,9251,3,16
1784685274.094,real_q8_tensor_220w_none,2,100,11457,204.90,74,1575,9251,3,16
1784685274.094,real_q8_tensor_220w_none,3,100,11457,208.39,70,1620,9251,3,16
1784685274.662,real_q8_tensor_220w_none,0,100,11457,204.62,65,1725,9251,3,16
1784685274.662,real_q8_tensor_220w_none,1,100,11457,207.21,69,1620,9251,3,16
1784685274.662,real_q8_tensor_220w_none,2,100,11457,204.91,73,1590,9251,3,16
1784685274.662,real_q8_tensor_220w_none,3,100,11457,208.21,70,1605,9251,3,16
1784685275.278,real_q8_tensor_220w_none,0,100,11457,204.52,65,1605,9251,3,16
1784685275.278,real_q8_tensor_220w_none,1,100,11457,207.29,69,1500,9251,3,16
1784685275.278,real_q8_tensor_220w_none,2,100,11457,205.37,73,1575,9251,3,16
1784685275.278,real_q8_tensor_220w_none,3,100,11457,208.38,70,1680,9251,3,16
1784685275.850,real_q8_tensor_220w_none,0,81,11457,204.52,65,1710,9251,3,16
1784685275.850,real_q8_tensor_220w_none,1,100,11457,207.00,69,1590,9251,3,16
1784685275.850,real_q8_tensor_220w_none,2,100,11457,204.84,73,1590,9251,3,16
1784685275.850,real_q8_tensor_220w_none,3,100,11457,208.26,70,1590,9251,3,16
1784685276.419,real_q8_tensor_220w_none,0,100,11457,203.94,65,1740,9251,3,16
1784685276.419,real_q8_tensor_220w_none,1,100,11457,206.83,69,1530,9251,3,16
1784685276.419,real_q8_tensor_220w_none,2,100,11457,204.59,74,1665,9251,3,16
1784685276.419,real_q8_tensor_220w_none,3,100,11457,208.53,70,1560,9251,3,16
1784685277.014,real_q8_tensor_220w_none,0,100,11457,203.61,65,1725,9251,3,16
1784685277.014,real_q8_tensor_220w_none,1,100,11457,207.58,69,1500,9251,3,16
1784685277.014,real_q8_tensor_220w_none,2,100,11457,205.24,74,1680,9251,3,16
1784685277.014,real_q8_tensor_220w_none,3,100,11457,208.01,70,1545,9251,3,16
1784685277.610,real_q8_tensor_220w_none,0,100,11457,202.69,65,1740,9251,3,16
1784685277.610,real_q8_tensor_220w_none,1,100,11457,207.88,69,1620,9251,3,16
1784685277.610,real_q8_tensor_220w_none,2,100,11457,205.46,73,1545,9251,3,16
1784685277.610,real_q8_tensor_220w_none,3,100,11457,207.25,70,1680,9251,3,16
1784685278.179,real_q8_tensor_220w_none,0,100,11457,203.70,64,1665,9251,3,16
1784685278.179,real_q8_tensor_220w_none,1,100,11457,208.27,69,1605,9251,3,16
1784685278.179,real_q8_tensor_220w_none,2,100,11457,205.74,74,1590,9251,3,16
1784685278.179,real_q8_tensor_220w_none,3,100,11457,208.49,69,1605,9251,3,16
1784685278.769,real_q8_tensor_220w_none,0,100,11457,204.15,64,1620,9251,3,16
1784685278.769,real_q8_tensor_220w_none,1,100,11457,206.71,68,1545,9251,3,16
1784685278.769,real_q8_tensor_220w_none,2,100,11457,204.46,73,1650,9251,3,16
1784685278.769,real_q8_tensor_220w_none,3,100,11457,208.40,69,1605,9251,3,16
1784685279.336,real_q8_tensor_220w_none,0,69,11457,203.24,65,1695,9251,3,16
1784685279.336,real_q8_tensor_220w_none,1,100,11457,206.23,69,1470,9251,3,16
1784685279.336,real_q8_tensor_220w_none,2,100,11457,204.92,73,1680,9251,3,16
1784685279.336,real_q8_tensor_220w_none,3,100,11457,208.02,69,1560,9251,3,16
1784685279.906,real_q8_tensor_220w_none,0,100,11457,203.10,65,1725,9251,3,16
1784685279.906,real_q8_tensor_220w_none,1,100,11457,207.82,68,1635,9251,3,16
1784685279.906,real_q8_tensor_220w_none,2,100,11457,206.07,73,1515,9251,3,16
1784685279.906,real_q8_tensor_220w_none,3,100,11457,208.08,69,1650,9251,3,16
1784685280.474,real_q8_tensor_220w_none,0,100,11457,204.39,63,1575,9251,3,16
1784685280.474,real_q8_tensor_220w_none,1,56,11457,207.65,69,1515,9251,3,16
1784685280.474,real_q8_tensor_220w_none,2,69,11457,205.22,73,1545,9251,3,16
1784685280.474,real_q8_tensor_220w_none,3,100,11457,208.21,70,1575,9251,3,16
1784685281.042,real_q8_tensor_220w_none,0,100,11457,204.32,65,1620,9251,3,16
1784685281.042,real_q8_tensor_220w_none,1,56,11457,207.30,69,1545,9251,3,16
1784685281.042,real_q8_tensor_220w_none,2,69,11457,208.43,74,1620,9251,3,16
1784685281.042,real_q8_tensor_220w_none,3,100,11457,207.10,70,1875,9251,3,16
1784685281.606,real_q8_tensor_220w_none,0,72,11457,204.91,63,1905,9251,3,16
1784685281.606,real_q8_tensor_220w_none,1,100,11457,210.96,68,1890,9251,3,16
1784685281.606,real_q8_tensor_220w_none,2,100,11457,203.68,73,1860,9251,3,16
1784685281.606,real_q8_tensor_220w_none,3,100,11457,208.07,68,1905,9251,3,16
1784685282.172,real_q8_tensor_220w_none,0,72,11457,206.06,65,1830,9251,3,16
1784685282.172,real_q8_tensor_220w_none,1,100,11457,210.17,68,1770,9251,3,16
1784685282.172,real_q8_tensor_220w_none,2,100,11457,209.14,73,1725,9251,3,16
1784685282.172,real_q8_tensor_220w_none,3,63,11457,209.13,69,1755,9251,3,16
1784685282.730,real_q8_tensor_220w_none,0,100,11457,206.13,65,1665,9251,3,16
1784685282.730,real_q8_tensor_220w_none,1,100,11457,212.12,69,1530,9251,3,16
1784685282.730,real_q8_tensor_220w_none,2,100,11457,210.85,73,1620,9251,3,16
1784685282.730,real_q8_tensor_220w_none,3,63,11457,211.71,70,1545,9251,3,16
1784685283.295,real_q8_tensor_220w_none,0,100,11457,206.29,65,1710,9251,3,16
1784685283.295,real_q8_tensor_220w_none,1,100,11457,207.33,69,1515,9251,3,16
1784685283.295,real_q8_tensor_220w_none,2,100,11457,205.71,74,1665,9251,3,16
1784685283.295,real_q8_tensor_220w_none,3,100,11457,210.82,69,1515,9251,3,16
1784685283.863,real_q8_tensor_220w_none,0,100,11457,203.79,65,1725,9251,3,16
1784685283.863,real_q8_tensor_220w_none,1,100,11457,206.61,69,1605,9251,3,16
1784685283.863,real_q8_tensor_220w_none,2,100,11457,205.12,73,1560,9251,3,16
1784685283.863,real_q8_tensor_220w_none,3,100,11457,209.48,70,1620,9251,3,16
1784685284.434,real_q8_tensor_220w_none,0,100,11457,203.22,64,1665,9251,3,16
1784685284.434,real_q8_tensor_220w_none,1,100,11457,206.38,69,1590,9251,3,16
1784685284.434,real_q8_tensor_220w_none,2,100,11457,204.52,74,1590,9251,3,16
1784685284.434,real_q8_tensor_220w_none,3,100,11457,208.02,70,1575,9251,3,16
1784685285.002,real_q8_tensor_220w_none,0,100,11457,202.98,65,1620,9251,3,16
1784685285.002,real_q8_tensor_220w_none,1,100,11457,206.15,68,1500,9251,3,16
1784685285.002,real_q8_tensor_220w_none,2,100,11457,204.21,73,1665,9251,3,16
1784685285.002,real_q8_tensor_220w_none,3,100,11457,207.68,69,1530,9251,3,16
1784685285.592,real_q8_tensor_220w_none,0,100,11457,203.26,64,1725,9251,3,16
1784685285.592,real_q8_tensor_220w_none,1,100,11457,205.94,69,1635,9251,3,16
1784685285.592,real_q8_tensor_220w_none,2,100,11457,203.55,73,1680,9251,3,16
1784685285.592,real_q8_tensor_220w_none,3,100,11457,207.46,69,1515,9251,3,16
1784685286.163,real_q8_tensor_220w_none,0,100,11457,203.27,64,1695,9251,3,16
1784685286.163,real_q8_tensor_220w_none,1,100,11457,206.20,68,1590,9251,3,16
1784685286.163,real_q8_tensor_220w_none,2,100,11457,204.20,73,1590,9251,3,16
1784685286.163,real_q8_tensor_220w_none,3,100,11457,207.41,69,1575,9251,3,16
1784685286.731,real_q8_tensor_220w_none,0,100,11457,202.73,65,1710,9251,3,16
1784685286.731,real_q8_tensor_220w_none,1,100,11457,206.16,68,1620,9251,3,16
1784685286.731,real_q8_tensor_220w_none,2,100,11457,204.58,73,1665,9251,3,16
1784685286.731,real_q8_tensor_220w_none,3,100,11457,207.12,70,1665,9251,3,16
1784685287.299,real_q8_tensor_220w_none,0,68,11457,203.59,64,1725,9251,3,16
1784685287.299,real_q8_tensor_220w_none,1,100,11457,206.69,68,1605,9251,3,16
1784685287.299,real_q8_tensor_220w_none,2,68,11457,204.80,73,1545,9251,3,16
1784685287.299,real_q8_tensor_220w_none,3,68,11457,207.23,69,1635,9251,3,16
1784685287.873,real_q8_tensor_220w_none,0,82,11457,202.38,63,1740,9251,3,16
1784685287.873,real_q8_tensor_220w_none,1,49,11457,206.43,68,1455,9251,3,16
1784685287.873,real_q8_tensor_220w_none,2,56,11457,204.53,73,1710,9251,3,16
1784685287.873,real_q8_tensor_220w_none,3,90,11457,206.40,69,1500,9251,3,16
1784685288.445,real_q8_tensor_220w_none,0,82,11457,204.63,63,1575,9251,3,16
1784685288.445,real_q8_tensor_220w_none,1,49,11457,203.09,69,1395,9251,3,16
1784685288.445,real_q8_tensor_220w_none,2,56,11457,201.11,73,1875,9251,3,16
1784685288.445,real_q8_tensor_220w_none,3,90,11457,207.23,68,1500,9251,3,16
1784685289.012,real_q8_tensor_220w_none,0,97,11457,207.99,64,1890,9251,3,16
1784685289.012,real_q8_tensor_220w_none,1,100,11457,204.79,69,1860,9251,3,16
1784685289.012,real_q8_tensor_220w_none,2,44,11457,202.33,73,1815,9251,3,16
1784685289.012,real_q8_tensor_220w_none,3,79,11457,210.17,69,1875,9251,3,16
1784685289.572,real_q8_tensor_220w_none,0,97,11457,208.24,64,1680,9251,3,16
1784685289.572,real_q8_tensor_220w_none,1,100,11457,212.74,68,1590,9251,3,16
1784685289.572,real_q8_tensor_220w_none,2,44,11457,211.24,73,1590,9251,3,16
1784685289.572,real_q8_tensor_220w_none,3,79,11457,211.24,69,1650,9251,3,16
1784685290.134,real_q8_tensor_220w_none,0,100,11457,204.44,65,1635,9251,3,16
1784685290.134,real_q8_tensor_220w_none,1,100,11457,212.61,69,1605,9251,3,16
1784685290.134,real_q8_tensor_220w_none,2,100,11457,210.82,74,1560,9251,3,16
1784685290.134,real_q8_tensor_220w_none,3,100,11457,208.52,70,1605,9251,3,16
1784685290.704,real_q8_tensor_220w_none,0,100,11457,202.93,65,1725,9251,3,16
1784685290.704,real_q8_tensor_220w_none,1,100,11457,207.10,68,1620,9251,3,16
1784685290.704,real_q8_tensor_220w_none,2,100,11457,208.06,73,1530,9251,3,16
1784685290.704,real_q8_tensor_220w_none,3,100,11457,205.71,70,1650,9251,3,16
1784685291.272,real_q8_tensor_220w_none,0,100,11457,202.73,65,1725,9251,3,16
1784685291.272,real_q8_tensor_220w_none,1,100,11457,205.98,69,1605,9251,3,16
1784685291.272,real_q8_tensor_220w_none,2,100,11457,203.12,74,1665,9251,3,16
1784685291.272,real_q8_tensor_220w_none,3,100,11457,206.91,69,1500,9251,3,16
1784685291.840,real_q8_tensor_220w_none,0,69,11457,203.49,65,1590,9251,3,16
1784685291.840,real_q8_tensor_220w_none,1,95,11457,205.14,69,1485,9251,3,16
1784685291.840,real_q8_tensor_220w_none,2,100,11457,203.16,73,1665,9251,3,16
1784685291.840,real_q8_tensor_220w_none,3,100,11457,207.49,69,1515,9251,3,16
1784685292.413,real_q8_tensor_220w_none,0,100,11457,203.03,65,1605,9251,3,16
1784685292.413,real_q8_tensor_220w_none,1,100,11457,205.59,68,1575,9251,3,16
1784685292.413,real_q8_tensor_220w_none,2,100,11457,203.88,73,1575,9251,3,16
1784685292.413,real_q8_tensor_220w_none,3,100,11457,206.29,69,1635,9251,3,16
1784685292.984,real_q8_tensor_220w_none,0,100,11457,203.01,65,1680,9251,3,16
1784685292.984,real_q8_tensor_220w_none,1,100,11457,206.30,68,1605,9251,3,16
1784685292.984,real_q8_tensor_220w_none,2,100,11457,204.50,73,1545,9251,3,16
1784685292.984,real_q8_tensor_220w_none,3,100,11457,206.42,69,1650,9251,3,16
1784685293.554,real_q8_tensor_220w_none,0,100,11457,201.89,64,1605,9251,3,16
1784685293.554,real_q8_tensor_220w_none,1,100,11457,205.95,68,1560,9251,3,16
1784685293.554,real_q8_tensor_220w_none,2,100,11457,204.60,73,1605,9251,3,16
1784685293.554,real_q8_tensor_220w_none,3,100,11457,206.90,69,1620,9251,3,16
1784685294.142,real_q8_tensor_220w_none,0,100,11457,199.83,64,1665,9251,3,16
1784685294.142,real_q8_tensor_220w_none,1,100,11457,205.97,68,1605,9251,3,16
1784685294.142,real_q8_tensor_220w_none,2,100,11457,204.47,73,1560,9251,3,16
1784685294.142,real_q8_tensor_220w_none,3,100,11457,204.93,69,1635,9251,3,16
1784685294.710,real_q8_tensor_220w_none,0,55,11457,202.33,63,1905,9251,3,16
1784685294.710,real_q8_tensor_220w_none,1,81,11457,205.95,68,1860,9251,3,16
1784685294.710,real_q8_tensor_220w_none,2,54,11457,203.13,72,1770,9251,3,16
1784685294.710,real_q8_tensor_220w_none,3,47,11457,205.27,68,1905,9251,3,16
1784685295.278,real_q8_tensor_220w_none,0,95,11457,205.75,63,1905,9251,3,16
1784685295.278,real_q8_tensor_220w_none,1,68,11457,202.60,68,1890,9251,3,16
1784685295.278,real_q8_tensor_220w_none,2,100,11457,200.59,73,1875,9251,3,16
1784685295.278,real_q8_tensor_220w_none,3,100,11457,209.07,68,1905,9251,3,16
1784685295.891,real_q8_tensor_220w_none,0,100,11457,208.70,64,1740,9251,3,16
1784685295.891,real_q8_tensor_220w_none,1,100,11457,209.32,68,1680,9251,3,16
1784685295.891,real_q8_tensor_220w_none,2,100,11457,207.94,73,1695,9251,3,16
1784685295.891,real_q8_tensor_220w_none,3,97,11457,211.80,69,1725,9251,3,16
1784685296.452,real_q8_tensor_220w_none,0,100,11457,208.82,64,1680,9251,3,16
1784685296.452,real_q8_tensor_220w_none,1,100,11457,212.02,68,1500,9251,3,16
1784685296.452,real_q8_tensor_220w_none,2,100,11457,210.48,73,1650,9251,3,16
1784685296.452,real_q8_tensor_220w_none,3,97,11457,211.65,70,1575,9251,3,16
1784685297.021,real_q8_tensor_220w_none,0,100,11457,202.66,65,1650,9251,3,16
1784685297.021,real_q8_tensor_220w_none,1,100,11457,209.84,68,1590,9251,3,16
1784685297.021,real_q8_tensor_220w_none,2,100,11457,207.75,73,1560,9251,3,16
1784685297.021,real_q8_tensor_220w_none,3,100,11457,207.37,70,1635,9251,3,16
1784685297.590,real_q8_tensor_220w_none,0,100,11457,202.37,65,1710,9251,3,16
1784685297.590,real_q8_tensor_220w_none,1,100,11457,205.73,68,1605,9251,3,16
1784685297.590,real_q8_tensor_220w_none,2,100,11457,203.12,73,1665,9251,3,16
1784685297.590,real_q8_tensor_220w_none,3,100,11457,206.93,70,1500,9251,3,16
1784685298.158,real_q8_tensor_220w_none,0,100,11457,201.93,64,1710,9251,3,16
1784685298.158,real_q8_tensor_220w_none,1,100,11457,205.18,68,1605,9251,3,16
1784685298.158,real_q8_tensor_220w_none,2,100,11457,203.26,73,1515,9251,3,16
1784685298.158,real_q8_tensor_220w_none,3,100,11457,206.28,70,1650,9251,3,16
1784685298.747,real_q8_tensor_220w_none,0,100,11457,202.05,64,1590,9251,3,16
1784685298.747,real_q8_tensor_220w_none,1,100,11457,204.92,68,1620,9251,3,16
1784685298.747,real_q8_tensor_220w_none,2,100,11457,203.33,73,1500,9251,3,16
1784685298.747,real_q8_tensor_220w_none,3,100,11457,206.58,70,1635,9251,3,16
1784685299.346,real_q8_tensor_220w_none,0,100,11457,202.70,65,1635,9251,3,16
1784685299.346,real_q8_tensor_220w_none,1,100,11457,205.57,68,1515,9251,3,16
1784685299.346,real_q8_tensor_220w_none,2,100,11457,203.65,73,1605,9251,3,16
1784685299.346,real_q8_tensor_220w_none,3,100,11457,207.13,69,1500,9251,3,16
1784685299.915,real_q8_tensor_220w_none,0,100,11457,202.72,64,1560,9251,3,16
1784685299.915,real_q8_tensor_220w_none,1,100,11457,206.07,68,1605,9251,3,16
1784685299.915,real_q8_tensor_220w_none,2,100,11457,204.02,73,1485,9251,3,16
1784685299.915,real_q8_tensor_220w_none,3,100,11457,207.51,69,1650,9251,3,16
1784685300.485,real_q8_tensor_220w_none,0,59,11457,202.99,64,1680,9251,3,16
1784685300.485,real_q8_tensor_220w_none,1,34,11457,204.37,69,1560,9251,3,16
1784685300.485,real_q8_tensor_220w_none,2,34,11457,201.76,72,1545,9251,3,16
1784685300.485,real_q8_tensor_220w_none,3,83,11457,207.70,69,1575,9251,3,16
1784685301.052,real_q8_tensor_220w_none,0,59,11457,200.59,64,1905,9251,3,16
1784685301.052,real_q8_tensor_220w_none,1,34,11457,205.55,67,1860,9251,3,16
1784685301.052,real_q8_tensor_220w_none,2,34,11457,203.21,71,1875,9251,3,16
1784685301.052,real_q8_tensor_220w_none,3,83,11457,206.90,69,1905,9251,3,16
1784685301.618,real_q8_tensor_220w_none,0,100,11457,207.61,64,1545,9251,3,16
1784685301.618,real_q8_tensor_220w_none,1,80,11457,208.99,68,1665,9251,3,16
1784685301.618,real_q8_tensor_220w_none,2,81,11457,207.51,73,1545,9251,3,16
1784685301.618,real_q8_tensor_220w_none,3,100,11457,211.58,69,1695,9251,3,16
1784685302.177,real_q8_tensor_220w_none,0,100,11457,209.22,65,1650,9251,3,16
1784685302.177,real_q8_tensor_220w_none,1,80,11457,210.19,68,1515,9251,3,16
1784685302.177,real_q8_tensor_220w_none,2,81,11457,208.35,73,1590,9251,3,16
1784685302.177,real_q8_tensor_220w_none,3,100,11457,212.60,70,1515,9251,3,16
1784685302.747,real_q8_tensor_220w_none,0,100,11457,207.35,65,1545,9251,3,16
1784685302.747,real_q8_tensor_220w_none,1,100,11457,206.27,68,1425,9251,3,16
1784685302.747,real_q8_tensor_220w_none,2,100,11457,204.64,73,1485,9251,3,16
1784685302.747,real_q8_tensor_220w_none,3,100,11457,212.54,70,1485,9251,3,16
1784685303.358,real_q8_tensor_220w_none,0,100,11457,202.97,64,1545,9251,3,16
1784685303.358,real_q8_tensor_220w_none,1,100,11457,205.27,68,1440,9251,3,16
1784685303.358,real_q8_tensor_220w_none,2,100,11457,204.36,73,1515,9251,3,16
1784685303.358,real_q8_tensor_220w_none,3,100,11457,208.49,69,1485,9251,3,16
1784685303.934,real_q8_tensor_220w_none,0,100,11457,202.09,65,1680,9251,3,16
1784685303.934,real_q8_tensor_220w_none,1,100,11457,203.43,68,1515,9251,3,16
1784685303.934,real_q8_tensor_220w_none,2,100,11457,202.71,73,1605,9251,3,16
1784685303.934,real_q8_tensor_220w_none,3,100,11457,206.79,70,1500,9251,3,16
1784685304.502,real_q8_tensor_220w_none,0,100,11457,201.13,64,1710,9251,3,16
1784685304.502,real_q8_tensor_220w_none,1,100,11457,204.95,68,1605,9251,3,16
1784685304.502,real_q8_tensor_220w_none,2,100,11457,203.15,73,1665,9251,3,16
1784685304.502,real_q8_tensor_220w_none,3,100,11457,207.59,69,1605,9251,3,16
1784685305.094,real_q8_tensor_220w_none,0,100,11457,201.62,64,1695,9251,3,16
1784685305.094,real_q8_tensor_220w_none,1,100,11457,205.74,68,1440,9251,3,16
1784685305.094,real_q8_tensor_220w_none,2,100,11457,203.91,73,1650,9251,3,16
1784685305.094,real_q8_tensor_220w_none,3,100,11457,206.53,69,1500,9251,3,16
1784685305.682,real_q8_tensor_220w_none,0,100,11457,202.26,64,1695,9251,3,16
1784685305.682,real_q8_tensor_220w_none,1,100,11457,205.03,68,1590,9251,3,16
1784685305.682,real_q8_tensor_220w_none,2,69,11457,204.02,73,1620,9251,3,16
1784685305.682,real_q8_tensor_220w_none,3,100,11457,205.88,69,1635,9251,3,16
1784685306.255,real_q8_tensor_220w_none,0,74,11457,202.23,63,1560,9251,3,16
1784685306.255,real_q8_tensor_220w_none,1,34,11457,201.58,69,1515,9251,3,16
1784685306.255,real_q8_tensor_220w_none,2,66,11457,200.17,73,1470,9251,3,16
1784685306.255,real_q8_tensor_220w_none,3,83,11457,206.64,68,1590,9251,3,16
1784685306.824,real_q8_tensor_220w_none,0,100,11457,207.91,64,1905,9251,3,16
1784685306.824,real_q8_tensor_220w_none,1,100,11457,205.27,67,1875,9251,3,16
1784685306.824,real_q8_tensor_220w_none,2,62,11457,203.55,71,1875,9251,3,16
1784685306.824,real_q8_tensor_220w_none,3,99,11457,203.71,69,1920,9251,3,16
1784685307.417,real_q8_tensor_220w_none,0,100,11457,206.61,64,1590,9251,3,16
1784685307.417,real_q8_tensor_220w_none,1,99,11457,210.10,68,1425,9251,3,16
1784685307.417,real_q8_tensor_220w_none,2,62,11457,208.62,73,1650,9251,3,16
1784685307.417,real_q8_tensor_220w_none,3,100,11457,209.08,69,1500,9251,3,16
1784685307.981,real_q8_tensor_220w_none,0,100,11457,210.05,64,1695,9251,3,16
1784685307.981,real_q8_tensor_220w_none,1,99,11457,209.49,68,1605,9251,3,16
1784685307.981,real_q8_tensor_220w_none,2,100,11457,207.79,73,1485,9251,3,16
1784685307.981,real_q8_tensor_220w_none,3,100,11457,213.13,69,1635,9251,3,16
1784685308.549,real_q8_tensor_220w_none,0,100,11457,204.67,64,1530,9251,3,16
1784685308.549,real_q8_tensor_220w_none,1,100,11457,204.36,68,1605,9251,3,16
1784685308.549,real_q8_tensor_220w_none,2,100,11457,202.37,73,1485,9251,3,16
1784685308.549,real_q8_tensor_220w_none,3,100,11457,210.40,69,1635,9251,3,16
1784685309.117,real_q8_tensor_220w_none,0,100,11457,200.27,64,1545,9251,3,16
1784685309.117,real_q8_tensor_220w_none,1,100,11457,205.94,68,1410,9251,3,16
1784685309.117,real_q8_tensor_220w_none,2,100,11457,203.91,73,1650,9251,3,16
1784685309.117,real_q8_tensor_220w_none,3,100,11457,205.11,69,1485,9251,3,16
1784685309.684,real_q8_tensor_220w_none,0,100,11457,202.21,64,1710,9251,3,16
1784685309.684,real_q8_tensor_220w_none,1,100,11457,204.91,68,1605,9251,3,16
1784685309.684,real_q8_tensor_220w_none,2,100,11457,203.24,73,1650,9251,3,16
1784685309.684,real_q8_tensor_220w_none,3,100,11457,206.03,69,1620,9251,3,16
1784685310.252,real_q8_tensor_220w_none,0,100,11457,200.86,64,1590,9251,3,16
1784685310.252,real_q8_tensor_220w_none,1,100,11457,204.50,68,1605,9251,3,16
1784685310.252,real_q8_tensor_220w_none,2,100,11457,202.85,73,1515,9251,3,16
1784685310.252,real_q8_tensor_220w_none,3,100,11457,205.33,69,1605,9251,3,16
1784685310.821,real_q8_tensor_220w_none,0,31,11457,198.71,62,1695,9251,3,16
1784685310.821,real_q8_tensor_220w_none,1,60,11457,205.39,68,1545,9251,3,16
1784685310.821,real_q8_tensor_220w_none,2,66,11457,203.41,73,1665,9251,3,16
1784685310.821,real_q8_tensor_220w_none,3,100,11457,205.64,69,1575,9251,3,16
1784685311.414,real_q8_tensor_220w_none,0,31,11457,204.61,63,1905,9251,3,16
1784685311.414,real_q8_tensor_220w_none,1,60,11457,201.50,68,1890,9251,3,16
1784685311.414,real_q8_tensor_220w_none,2,32,11457,199.85,73,1875,9251,3,16
1784685311.414,real_q8_tensor_220w_none,3,100,11457,207.20,68,1905,9251,3,16
1784685311.980,real_q8_tensor_220w_none,0,100,11457,205.76,64,1515,9251,3,16
1784685311.980,real_q8_tensor_220w_none,1,100,11457,208.77,68,1455,9251,3,16
1784685311.980,real_q8_tensor_220w_none,2,32,11457,207.88,73,1650,9251,3,16
1784685311.980,real_q8_tensor_220w_none,3,100,11457,208.54,69,1560,9251,3,16
1784685312.542,real_q8_tensor_220w_none,0,100,11457,207.10,64,1620,9251,3,16
1784685312.542,real_q8_tensor_220w_none,1,100,11457,211.44,68,1545,9251,3,16
1784685312.542,real_q8_tensor_220w_none,2,100,11457,210.08,73,1515,9251,3,16
1784685312.542,real_q8_tensor_220w_none,3,100,11457,210.04,69,1590,9251,3,16
1784685313.130,real_q8_tensor_220w_none,0,100,11457,201.09,64,1575,9251,3,16
1784685313.130,real_q8_tensor_220w_none,1,100,11457,207.86,68,1590,9251,3,16
1784685313.130,real_q8_tensor_220w_none,2,100,11457,206.14,73,1530,9251,3,16
1784685313.130,real_q8_tensor_220w_none,3,100,11457,205.96,69,1650,9251,3,16
1784685313.697,real_q8_tensor_220w_none,0,100,11457,200.89,64,1545,9251,3,16
1784685313.697,real_q8_tensor_220w_none,1,100,11457,204.17,68,1425,9251,3,16
1784685313.697,real_q8_tensor_220w_none,2,100,11457,202.72,73,1665,9251,3,16
1784685313.697,real_q8_tensor_220w_none,3,100,11457,205.74,69,1545,9251,3,16
1784685314.266,real_q8_tensor_220w_none,0,100,11457,201.35,64,1605,9251,3,16
1784685314.266,real_q8_tensor_220w_none,1,100,11457,204.33,68,1455,9251,3,16
1784685314.266,real_q8_tensor_220w_none,2,100,11457,202.33,73,1590,9251,3,16
1784685314.266,real_q8_tensor_220w_none,3,100,11457,205.59,69,1620,9251,3,16
1784685314.834,real_q8_tensor_220w_none,0,85,11457,201.39,64,1515,9251,3,16
1784685314.834,real_q8_tensor_220w_none,1,66,11457,204.57,68,1425,9251,3,16
1784685314.834,real_q8_tensor_220w_none,2,100,11457,202.29,72,1635,9251,3,16
1784685314.834,real_q8_tensor_220w_none,3,66,11457,205.99,69,1485,9251,3,16
1784685315.405,real_q8_tensor_220w_none,0,30,11457,198.78,63,1500,9251,3,16
1784685315.405,real_q8_tensor_220w_none,1,59,11457,204.01,67,1350,9251,3,16
1784685315.405,real_q8_tensor_220w_none,2,100,11457,201.71,71,1500,9251,3,16
1784685315.405,real_q8_tensor_220w_none,3,31,11457,203.33,69,1425,9251,3,16
1784685315.973,real_q8_tensor_220w_none,0,30,11457,204.94,63,1890,9251,3,16
1784685315.973,real_q8_tensor_220w_none,1,59,11457,208.10,68,1860,9251,3,16
1784685315.973,real_q8_tensor_220w_none,2,100,11457,207.17,73,1830,9251,3,16
1784685315.973,real_q8_tensor_220w_none,3,31,11457,207.11,68,1875,9251,3,16
1784685316.556,real_q8_tensor_220w_none,0,100,11457,206.72,64,1530,9251,3,16
1784685316.556,real_q8_tensor_220w_none,1,100,11457,208.87,68,1395,9251,3,16
1784685316.556,real_q8_tensor_220w_none,2,100,11457,208.05,73,1620,9251,3,16
1784685316.556,real_q8_tensor_220w_none,3,100,11457,210.19,69,1425,9251,3,16
1784685317.126,real_q8_tensor_220w_none,0,100,11457,202.75,64,1620,9251,3,16
1784685317.126,real_q8_tensor_220w_none,1,100,11457,211.06,68,1545,9251,3,16
1784685317.126,real_q8_tensor_220w_none,2,100,11457,209.25,73,1605,9251,3,16
1784685317.126,real_q8_tensor_220w_none,3,100,11457,208.51,69,1605,9251,3,16
1784685317.695,real_q8_tensor_220w_none,0,100,11457,200.46,65,1545,9251,3,16
1784685317.695,real_q8_tensor_220w_none,1,100,11457,203.33,68,1455,9251,3,16
1784685317.695,real_q8_tensor_220w_none,2,100,11457,203.86,73,1650,9251,3,16
1784685317.695,real_q8_tensor_220w_none,3,100,11457,205.43,69,1545,9251,3,16
1784685318.264,real_q8_tensor_220w_none,0,100,11457,201.39,64,1530,9251,3,16
1784685318.264,real_q8_tensor_220w_none,1,100,11457,204.67,68,1590,9251,3,16
1784685318.264,real_q8_tensor_220w_none,2,100,11457,203.00,73,1500,9251,3,16
1784685318.264,real_q8_tensor_220w_none,3,100,11457,205.91,69,1605,9251,3,16
1784685318.839,real_q8_tensor_220w_none,0,89,11457,200.44,64,1650,9251,3,16
1784685318.839,real_q8_tensor_220w_none,1,100,11457,204.23,68,1560,9251,3,16
1784685318.839,real_q8_tensor_220w_none,2,82,11457,202.48,73,1590,9251,3,16
1784685318.839,real_q8_tensor_220w_none,3,100,11457,205.02,69,1605,9251,3,16
1784685319.410,real_q8_tensor_220w_none,0,89,11457,198.75,64,1590,9251,3,16
1784685319.410,real_q8_tensor_220w_none,1,100,11457,204.24,67,1590,9251,3,16
1784685319.410,real_q8_tensor_220w_none,2,82,11457,202.82,71,1500,9251,3,16
1784685319.410,real_q8_tensor_220w_none,3,100,11457,205.24,69,1575,9251,3,16
1784685319.976,real_q8_tensor_220w_none,0,73,11457,202.31,63,1890,9251,3,16
1784685319.976,real_q8_tensor_220w_none,1,95,11457,208.51,68,1800,9251,3,16
1784685319.976,real_q8_tensor_220w_none,2,82,11457,207.81,72,1830,9251,3,16
1784685319.976,real_q8_tensor_220w_none,3,47,11457,205.29,68,1875,9251,3,16
1784685320.533,real_q8_tensor_220w_none,0,73,11457,207.28,64,1545,9251,3,16
1784685320.533,real_q8_tensor_220w_none,1,95,11457,208.62,68,1485,9251,3,16
1784685320.533,real_q8_tensor_220w_none,2,100,11457,207.75,73,1650,9251,3,16
1784685320.533,real_q8_tensor_220w_none,3,47,11457,209.78,69,1575,9251,3,16
1784685321.103,real_q8_tensor_220w_none,0,100,11457,205.48,64,1500,9251,3,16
1784685321.103,real_q8_tensor_220w_none,1,100,11457,210.93,68,1410,9251,3,16
1784685321.103,real_q8_tensor_220w_none,2,100,11457,210.07,73,1470,9251,3,16
1784685321.103,real_q8_tensor_220w_none,3,100,11457,209.99,69,1500,9251,3,16
1784685321.671,real_q8_tensor_220w_none,0,100,11457,201.01,64,1695,9251,3,16
1784685321.671,real_q8_tensor_220w_none,1,100,11457,203.67,68,1590,9251,3,16
1784685321.671,real_q8_tensor_220w_none,2,100,11457,202.40,73,1485,9251,3,16
1784685321.671,real_q8_tensor_220w_none,3,100,11457,205.34,69,1620,9251,3,16
1784685322.242,real_q8_tensor_220w_none,0,100,11457,199.16,64,1680,9251,3,16
1784685322.242,real_q8_tensor_220w_none,1,100,11457,204.23,68,1575,9251,3,16
1784685322.242,real_q8_tensor_220w_none,2,100,11457,202.42,73,1635,9251,3,16
1784685322.242,real_q8_tensor_220w_none,3,100,11457,204.91,69,1440,9251,3,16
1784685322.810,real_q8_tensor_220w_none,0,72,11457,199.74,64,1515,9251,3,16
1784685322.810,real_q8_tensor_220w_none,1,65,11457,204.49,68,1425,9251,3,16
1784685322.810,real_q8_tensor_220w_none,2,100,11457,202.77,73,1635,9251,3,16
1784685322.810,real_q8_tensor_220w_none,3,65,11457,204.61,69,1425,9251,3,16
1784685323.381,real_q8_tensor_220w_none,0,31,11457,197.99,63,1515,9251,3,16
1784685323.381,real_q8_tensor_220w_none,1,56,11457,202.60,66,1320,9251,3,16
1784685323.381,real_q8_tensor_220w_none,2,100,11457,201.44,71,1440,9251,3,16
1784685323.381,real_q8_tensor_220w_none,3,39,11457,202.78,68,1410,9251,3,16
1784685323.949,real_q8_tensor_220w_none,0,31,11457,203.69,64,1755,9251,3,16
1784685323.949,real_q8_tensor_220w_none,1,56,11457,207.81,68,1770,9251,3,16
1784685323.949,real_q8_tensor_220w_none,2,100,11457,207.26,73,1710,9251,3,16
1784685323.949,real_q8_tensor_220w_none,3,39,11457,205.98,69,1770,9251,3,16
1784685324.507,real_q8_tensor_220w_none,0,100,11457,208.24,64,1665,9251,3,16
1784685324.507,real_q8_tensor_220w_none,1,100,11457,207.85,68,1545,9251,3,16
1784685324.507,real_q8_tensor_220w_none,2,100,11457,206.97,73,1620,9251,3,16
1784685324.507,real_q8_tensor_220w_none,3,100,11457,210.88,69,1590,9251,3,16
1784685325.077,real_q8_tensor_220w_none,0,100,11457,202.68,64,1650,9251,3,16
1784685325.077,real_q8_tensor_220w_none,1,100,11457,203.74,68,1560,9251,3,16
1784685325.077,real_q8_tensor_220w_none,2,100,11457,201.28,73,1605,9251,3,16
1784685325.077,real_q8_tensor_220w_none,3,100,11457,207.92,69,1620,9251,3,16
1784685325.646,real_q8_tensor_220w_none,0,100,11457,200.23,64,1560,9251,3,16
1784685325.646,real_q8_tensor_220w_none,1,100,11457,203.15,68,1590,9251,3,16
1784685325.646,real_q8_tensor_220w_none,2,100,11457,201.57,73,1515,9251,3,16
1784685325.646,real_q8_tensor_220w_none,3,100,11457,204.44,69,1635,9251,3,16
1784685326.234,real_q8_tensor_220w_none,0,100,11457,200.19,64,1545,9251,3,16
1784685326.234,real_q8_tensor_220w_none,1,100,11457,204.07,68,1410,9251,3,16
1784685326.234,real_q8_tensor_220w_none,2,100,11457,202.87,73,1620,9251,3,16
1784685326.234,real_q8_tensor_220w_none,3,100,11457,204.96,69,1470,9251,3,16
1784685326.822,real_q8_tensor_220w_none,0,45,11457,200.59,64,1485,9251,3,16
1784685326.822,real_q8_tensor_220w_none,1,100,11457,204.24,67,1590,9251,3,16
1784685326.822,real_q8_tensor_220w_none,2,64,11457,202.91,73,1455,9251,3,16
1784685326.822,real_q8_tensor_220w_none,3,71,11457,205.72,69,1620,9251,3,16
1784685327.391,real_q8_tensor_220w_none,0,45,11457,200.93,62,1920,9251,3,16
1784685327.391,real_q8_tensor_220w_none,1,100,11457,206.15,67,1890,9251,3,16
1784685327.391,real_q8_tensor_220w_none,2,82,11457,205.41,72,1875,9251,3,16
1784685327.391,real_q8_tensor_220w_none,3,71,11457,204.29,67,1905,9251,3,16
1784685327.955,real_q8_tensor_220w_none,0,100,11457,205.36,64,1680,9251,3,16
1784685327.955,real_q8_tensor_220w_none,1,100,11457,207.28,68,1575,9251,3,16
1784685327.955,real_q8_tensor_220w_none,2,82,11457,206.43,73,1485,9251,3,16
1784685327.955,real_q8_tensor_220w_none,3,100,11457,209.14,69,1605,9251,3,16
1784685328.519,real_q8_tensor_220w_none,0,100,11457,205.09,64,1500,9251,3,16
1784685328.519,real_q8_tensor_220w_none,1,100,11457,207.62,68,1395,9251,3,16
1784685328.519,real_q8_tensor_220w_none,2,100,11457,207.97,73,1425,9251,3,16
1784685328.519,real_q8_tensor_220w_none,3,100,11457,208.15,69,1515,9251,3,16
1784685329.108,real_q8_tensor_220w_none,0,100,11457,198.98,63,1590,9251,3,16
1784685329.108,real_q8_tensor_220w_none,1,100,11457,203.22,67,1305,9251,3,16
1784685329.108,real_q8_tensor_220w_none,2,100,11457,202.68,72,1530,9251,3,16
1784685329.108,real_q8_tensor_220w_none,3,100,11457,201.12,68,1485,9251,3,16
1784685329.686,real_q8_tensor_220w_none,0,100,11457,184.07,63,1695,9251,3,16
1784685329.686,real_q8_tensor_220w_none,1,100,11457,189.07,67,1410,9251,3,16
1784685329.686,real_q8_tensor_220w_none,2,50,11457,186.38,72,1635,9251,3,16
1784685329.686,real_q8_tensor_220w_none,3,100,11457,191.15,68,1440,9251,3,16
1784685330.253,real_q8_tensor_220w_none,0,20,11457,185.33,64,1905,9251,3,16
1784685330.253,real_q8_tensor_220w_none,1,60,11457,192.57,66,1875,9251,3,16
1784685330.253,real_q8_tensor_220w_none,2,50,11457,191.10,71,1860,9251,3,16
1784685330.253,real_q8_tensor_220w_none,3,15,11457,192.24,69,1890,9251,3,16
1784685330.818,real_q8_tensor_220w_none,0,86,11457,199.37,64,1755,9251,3,16
1784685330.818,real_q8_tensor_220w_none,1,94,11457,205.85,67,1680,9251,3,16
1784685330.818,real_q8_tensor_220w_none,2,93,11457,202.77,72,1710,9251,3,16
1784685330.818,real_q8_tensor_220w_none,3,94,11457,205.94,68,1695,9251,3,16
1784685331.397,real_q8_tensor_220w_none,0,93,11457,204.67,64,1770,9251,3,16
1784685331.397,real_q8_tensor_220w_none,1,93,11457,212.80,67,1665,9251,3,16
1784685331.397,real_q8_tensor_220w_none,2,93,11457,208.33,72,1725,9251,3,16
1784685331.397,real_q8_tensor_220w_none,3,92,11457,212.38,68,1680,9251,3,16
1784685331.974,real_q8_tensor_220w_none,0,93,11457,214.09,64,1770,9251,3,16
1784685331.974,real_q8_tensor_220w_none,1,93,11457,217.61,67,1620,9251,3,16
1784685331.974,real_q8_tensor_220w_none,2,92,11457,215.24,72,1725,9251,3,16
1784685331.974,real_q8_tensor_220w_none,3,92,11457,217.21,68,1635,9251,3,16
1784685332.550,real_q8_tensor_220w_none,0,93,11457,219.67,64,1770,9251,3,16
1784685332.550,real_q8_tensor_220w_none,1,92,11457,220.02,67,1665,9251,3,16
1784685332.550,real_q8_tensor_220w_none,2,92,11457,219.74,72,1710,9251,3,16
1784685332.550,real_q8_tensor_220w_none,3,92,11457,219.85,68,1695,9251,3,16
1784685333.125,real_q8_tensor_220w_none,0,93,11457,218.48,63,1725,9251,3,16
1784685333.125,real_q8_tensor_220w_none,1,92,11457,218.31,67,1620,9251,3,16
1784685333.125,real_q8_tensor_220w_none,2,93,11457,218.09,72,1680,9251,3,16
1784685333.125,real_q8_tensor_220w_none,3,92,11457,217.92,68,1665,9251,3,16
1784685333.699,real_q8_tensor_220w_none,0,94,11457,219.48,64,1770,9251,3,16
1784685333.699,real_q8_tensor_220w_none,1,92,11457,219.88,67,1650,9251,3,16
1784685333.699,real_q8_tensor_220w_none,2,93,11457,219.83,72,1725,9251,3,16
1784685333.699,real_q8_tensor_220w_none,3,93,11457,219.92,68,1680,9251,3,16
1784685334.275,real_q8_tensor_220w_none,0,94,11457,219.23,63,1755,9251,3,16
1784685334.275,real_q8_tensor_220w_none,1,92,11457,219.26,67,1665,9251,3,16
1784685334.275,real_q8_tensor_220w_none,2,93,11457,219.39,72,1695,9251,3,16
1784685334.275,real_q8_tensor_220w_none,3,93,11457,219.72,68,1680,9251,3,16
1784685334.850,real_q8_tensor_220w_none,0,94,11457,219.50,64,1755,9251,3,16
1784685334.850,real_q8_tensor_220w_none,1,93,11457,219.66,67,1650,9251,3,16
1784685334.850,real_q8_tensor_220w_none,2,94,11457,219.63,72,1695,9251,3,16
1784685334.850,real_q8_tensor_220w_none,3,92,11457,219.42,68,1665,9251,3,16
1784685335.428,real_q8_tensor_220w_none,0,94,11457,219.45,64,1755,9251,3,16
1784685335.428,real_q8_tensor_220w_none,1,93,11457,219.74,67,1665,9251,3,16
1784685335.428,real_q8_tensor_220w_none,2,93,11457,219.50,72,1710,9251,3,16
1784685335.428,real_q8_tensor_220w_none,3,92,11457,219.80,68,1695,9251,3,16
1784685336.007,real_q8_tensor_220w_none,0,93,11457,218.96,63,1725,9251,3,16
1784685336.007,real_q8_tensor_220w_none,1,93,11457,219.12,67,1620,9251,3,16
1784685336.007,real_q8_tensor_220w_none,2,93,11457,219.22,72,1695,9251,3,16
1784685336.007,real_q8_tensor_220w_none,3,93,11457,218.94,68,1650,9251,3,16
1784685336.583,real_q8_tensor_220w_none,0,93,11457,219.64,64,1770,9251,3,16
1784685336.583,real_q8_tensor_220w_none,1,93,11457,219.56,67,1680,9251,3,16
1784685336.583,real_q8_tensor_220w_none,2,93,11457,219.71,72,1710,9251,3,16
1784685336.583,real_q8_tensor_220w_none,3,93,11457,219.87,68,1665,9251,3,16
1784685337.162,real_q8_tensor_220w_none,0,0,11457,172.42,61,1920,9251,3,16
1784685337.162,real_q8_tensor_220w_none,1,0,11457,184.16,65,1905,9251,3,16
1784685337.162,real_q8_tensor_220w_none,2,0,11457,179.45,69,1890,9251,3,16
1784685337.162,real_q8_tensor_220w_none,3,0,11457,181.84,66,1920,9251,3,16
1784685337.744,real_q8_tensor_220w_none,0,0,11457,157.13,64,1875,9251,3,16
1784685337.744,real_q8_tensor_220w_none,1,0,11457,169.53,68,1800,9251,3,16
1784685337.744,real_q8_tensor_220w_none,2,80,11457,162.34,72,1830,9251,3,16
1784685337.744,real_q8_tensor_220w_none,3,0,11457,170.54,68,1830,9251,3,16
1784685338.339,real_q8_tensor_220w_none,0,100,11457,212.41,64,1875,9251,3,16
1784685338.339,real_q8_tensor_220w_none,1,100,11457,212.62,68,1785,9251,3,16
1784685338.339,real_q8_tensor_220w_none,2,90,11457,209.02,73,1830,9251,3,16
1784685338.339,real_q8_tensor_220w_none,3,100,11457,215.93,69,1815,9251,3,16
1784685338.910,real_q8_tensor_220w_none,0,100,11457,214.83,64,1875,9251,3,16
1784685338.910,real_q8_tensor_220w_none,1,100,11457,218.07,68,1785,9251,3,16
1784685338.910,real_q8_tensor_220w_none,2,100,11457,214.79,73,1815,9251,3,16
1784685338.910,real_q8_tensor_220w_none,3,100,11457,216.62,69,1815,9251,3,16
1784685339.479,real_q8_tensor_220w_none,0,100,11457,214.51,64,1860,9251,3,16
1784685339.479,real_q8_tensor_220w_none,1,100,11457,218.00,68,1785,9251,3,16
1784685339.479,real_q8_tensor_220w_none,2,100,11457,215.16,73,1830,9251,3,16
1784685339.479,real_q8_tensor_220w_none,3,100,11457,216.57,69,1800,9251,3,16
1784685340.041,real_q8_tensor_220w_none,0,100,11457,215.16,64,1875,9251,3,16
1784685340.041,real_q8_tensor_220w_none,1,100,11457,218.46,68,1785,9251,3,16
1784685340.041,real_q8_tensor_220w_none,2,100,11457,215.35,73,1815,9251,3,16
1784685340.041,real_q8_tensor_220w_none,3,100,11457,217.11,69,1815,9251,3,16
1784685340.615,real_q8_tensor_220w_none,0,100,11457,215.16,65,1890,9251,3,16
1784685340.615,real_q8_tensor_220w_none,1,87,11457,218.81,68,1860,9251,3,16
1784685340.615,real_q8_tensor_220w_none,2,100,11457,215.92,73,1860,9251,3,16
1784685340.615,real_q8_tensor_220w_none,3,100,11457,216.80,69,1875,9251,3,16
1784685341.182,real_q8_tensor_220w_none,0,100,11457,214.86,65,1860,9251,3,16
1784685341.182,real_q8_tensor_220w_none,1,87,11457,218.05,68,1800,9251,3,16
1784685341.182,real_q8_tensor_220w_none,2,100,11457,215.40,73,1815,9251,3,16
1784685341.182,real_q8_tensor_220w_none,3,100,11457,216.85,69,1815,9251,3,16
1784685341.772,real_q8_tensor_220w_none,0,76,11457,214.46,64,1845,9251,3,16
1784685341.772,real_q8_tensor_220w_none,1,99,11457,219.13,68,1800,9251,3,16
1784685341.772,real_q8_tensor_220w_none,2,100,11457,216.31,72,1830,9251,3,16
1784685341.772,real_q8_tensor_220w_none,3,77,11457,215.91,69,1800,9251,3,16
1784685342.342,real_q8_tensor_220w_none,0,90,11457,214.90,65,1860,9251,3,16
1784685342.342,real_q8_tensor_220w_none,1,100,11457,217.92,68,1785,9251,3,16
1784685342.342,real_q8_tensor_220w_none,2,100,11457,214.83,73,1830,9251,3,16
1784685342.342,real_q8_tensor_220w_none,3,100,11457,216.49,69,1800,9251,3,16
1784685342.915,real_q8_tensor_220w_none,0,83,11457,215.12,64,1845,9251,3,16
1784685342.915,real_q8_tensor_220w_none,1,81,11457,218.34,68,1770,9251,3,16
1784685342.915,real_q8_tensor_220w_none,2,100,11457,215.06,73,1830,9251,3,16
1784685342.915,real_q8_tensor_220w_none,3,80,11457,216.93,69,1785,9251,3,16
1784685343.486,real_q8_tensor_220w_none,0,83,11457,214.27,65,1860,9251,3,16
1784685343.486,real_q8_tensor_220w_none,1,81,11457,218.30,68,1785,9251,3,16
1784685343.486,real_q8_tensor_220w_none,2,100,11457,214.75,73,1815,9251,3,16
1784685343.486,real_q8_tensor_220w_none,3,80,11457,217.29,69,1800,9251,3,16
1784685344.056,real_q8_tensor_220w_none,0,80,11457,214.66,64,1860,9251,3,16
1784685344.056,real_q8_tensor_220w_none,1,79,11457,217.50,68,1785,9251,3,16
1784685344.056,real_q8_tensor_220w_none,2,100,11457,214.05,73,1815,9251,3,16
1784685344.056,real_q8_tensor_220w_none,3,79,11457,216.39,69,1815,9251,3,16
1784685344.627,real_q8_tensor_220w_none,0,80,11457,214.60,65,1860,9251,3,16
1784685344.627,real_q8_tensor_220w_none,1,79,11457,218.27,68,1785,9251,3,16
1784685344.627,real_q8_tensor_220w_none,2,100,11457,214.94,73,1815,9251,3,16
1784685344.627,real_q8_tensor_220w_none,3,79,11457,216.75,69,1800,9251,3,16
1784685345.197,real_q8_tensor_220w_none,0,79,11457,214.68,64,1860,9251,3,16
1784685345.197,real_q8_tensor_220w_none,1,91,11457,218.49,68,1755,9251,3,16
1784685345.197,real_q8_tensor_220w_none,2,100,11457,215.42,73,1800,9251,3,16
1784685345.197,real_q8_tensor_220w_none,3,80,11457,217.74,69,1800,9251,3,16
1784685345.764,real_q8_tensor_220w_none,0,79,11457,214.70,65,1845,9251,3,16
1784685345.764,real_q8_tensor_220w_none,1,91,11457,218.10,68,1785,9251,3,16
1784685345.764,real_q8_tensor_220w_none,2,100,11457,215.11,73,1815,9251,3,16
1784685345.764,real_q8_tensor_220w_none,3,80,11457,218.26,70,1800,9251,3,16
1784685346.334,real_q8_tensor_220w_none,0,87,11457,215.87,64,1845,9251,3,16
1784685346.334,real_q8_tensor_220w_none,1,80,11457,218.12,68,1785,9251,3,16
1784685346.334,real_q8_tensor_220w_none,2,100,11457,215.20,73,1815,9251,3,16
1784685346.334,real_q8_tensor_220w_none,3,99,11457,218.10,69,1785,9251,3,16
1784685346.903,real_q8_tensor_220w_none,0,87,11457,214.19,65,1845,9251,3,16
1784685346.903,real_q8_tensor_220w_none,1,80,11457,218.34,68,1785,9251,3,16
1784685346.903,real_q8_tensor_220w_none,2,100,11457,215.52,74,1815,9251,3,16
1784685346.903,real_q8_tensor_220w_none,3,99,11457,218.41,70,1800,9251,3,16
1784685347.503,real_q8_tensor_220w_none,0,79,11457,212.57,64,1845,9251,3,16
1784685347.503,real_q8_tensor_220w_none,1,100,11457,218.16,68,1755,9251,3,16
1784685347.503,real_q8_tensor_220w_none,2,89,11457,215.44,73,1830,9251,3,16
1784685347.503,real_q8_tensor_220w_none,3,79,11457,218.04,69,1785,9251,3,16
1784685348.075,real_q8_tensor_220w_none,0,79,11457,213.75,65,1845,9251,3,16
1784685348.075,real_q8_tensor_220w_none,1,100,11457,218.89,68,1770,9251,3,16
1784685348.075,real_q8_tensor_220w_none,2,100,11457,216.08,74,1815,9251,3,16
1784685348.075,real_q8_tensor_220w_none,3,79,11457,217.89,70,1785,9251,3,16
1784685348.664,real_q8_tensor_220w_none,0,89,11457,214.21,65,1860,9251,3,16
1784685348.664,real_q8_tensor_220w_none,1,76,11457,218.03,68,1770,9251,3,16
1784685348.664,real_q8_tensor_220w_none,2,100,11457,215.53,74,1815,9251,3,16
1784685348.664,real_q8_tensor_220w_none,3,98,11457,218.33,70,1785,9251,3,16
1784685349.262,real_q8_tensor_220w_none,0,89,11457,214.32,65,1845,9251,3,16
1784685349.262,real_q8_tensor_220w_none,1,76,11457,218.14,69,1770,9251,3,16
1784685349.262,real_q8_tensor_220w_none,2,100,11457,215.93,74,1815,9251,3,16
1784685349.262,real_q8_tensor_220w_none,3,98,11457,218.39,70,1800,9251,3,16
1784685349.832,real_q8_tensor_220w_none,0,100,11457,213.68,65,1845,9251,3,16
1784685349.832,real_q8_tensor_220w_none,1,91,11457,218.20,69,1770,9251,3,16
1784685349.832,real_q8_tensor_220w_none,2,89,11457,216.45,74,1830,9251,3,16
1784685349.832,real_q8_tensor_220w_none,3,100,11457,218.64,70,1770,9251,3,16
1784685350.426,real_q8_tensor_220w_none,0,100,11457,213.03,65,1845,9251,3,16
1784685350.426,real_q8_tensor_220w_none,1,91,11457,217.98,69,1770,9251,3,16
1784685350.426,real_q8_tensor_220w_none,2,100,11457,216.30,74,1800,9251,3,16
1784685350.426,real_q8_tensor_220w_none,3,100,11457,219.94,70,1785,9251,3,16
1784685350.995,real_q8_tensor_220w_none,0,76,11457,212.98,65,1845,9251,3,16
1784685350.995,real_q8_tensor_220w_none,1,100,11457,218.07,68,1755,9251,3,16
1784685350.995,real_q8_tensor_220w_none,2,100,11457,215.04,73,1800,9251,3,16
1784685350.995,real_q8_tensor_220w_none,3,77,11457,218.01,70,1770,9251,3,16
1784685351.564,real_q8_tensor_220w_none,0,76,11457,213.16,65,1845,9251,3,16
1784685351.564,real_q8_tensor_220w_none,1,100,11457,218.31,69,1770,9251,3,16
1784685351.564,real_q8_tensor_220w_none,2,100,11457,214.45,74,1800,9251,3,16
1784685351.564,real_q8_tensor_220w_none,3,77,11457,218.38,70,1785,9251,3,16
1784685352.134,real_q8_tensor_220w_none,0,87,11457,213.32,64,1845,9251,3,16
1784685352.134,real_q8_tensor_220w_none,1,78,11457,218.00,69,1770,9251,3,16
1784685352.134,real_q8_tensor_220w_none,2,100,11457,214.52,74,1800,9251,3,16
1784685352.134,real_q8_tensor_220w_none,3,97,11457,218.19,69,1785,9251,3,16
1784685352.703,real_q8_tensor_220w_none,0,87,11457,213.90,65,1845,9251,3,16
1784685352.703,real_q8_tensor_220w_none,1,78,11457,216.91,69,1755,9251,3,16
1784685352.703,real_q8_tensor_220w_none,2,100,11457,214.57,74,1800,9251,3,16
1784685352.703,real_q8_tensor_220w_none,3,97,11457,219.05,70,1770,9251,3,16
1784685353.298,real_q8_tensor_220w_none,0,72,11457,212.49,65,1845,9251,3,16
1784685353.298,real_q8_tensor_220w_none,1,72,11457,217.27,69,1755,9251,3,16
1784685353.298,real_q8_tensor_220w_none,2,100,11457,214.01,74,1815,9251,3,16
1784685353.298,real_q8_tensor_220w_none,3,71,11457,216.87,70,1785,9251,3,16
1784685353.887,real_q8_tensor_220w_none,0,72,11457,212.93,65,1845,9251,3,16
1784685353.887,real_q8_tensor_220w_none,1,72,11457,218.24,69,1755,9251,3,16
1784685353.887,real_q8_tensor_220w_none,2,100,11457,214.05,74,1800,9251,3,16
1784685353.887,real_q8_tensor_220w_none,3,71,11457,217.01,70,1770,9251,3,16
1784685354.482,real_q8_tensor_220w_none,0,77,11457,212.91,65,1845,9251,3,16
1784685354.482,real_q8_tensor_220w_none,1,100,11457,219.61,68,1755,9251,3,16
1784685354.482,real_q8_tensor_220w_none,2,100,11457,214.56,73,1800,9251,3,16
1784685354.482,real_q8_tensor_220w_none,3,77,11457,216.87,70,1770,9251,3,16
1784685355.050,real_q8_tensor_220w_none,0,77,11457,213.58,65,1845,9251,3,16
1784685355.050,real_q8_tensor_220w_none,1,100,11457,217.55,69,1755,9251,3,16
1784685355.050,real_q8_tensor_220w_none,2,100,11457,214.98,74,1800,9251,3,16
1784685355.050,real_q8_tensor_220w_none,3,77,11457,217.96,70,1770,9251,3,16
1784685355.619,real_q8_tensor_220w_none,0,100,11457,216.44,65,1875,9251,3,16
1784685355.619,real_q8_tensor_220w_none,1,94,11457,218.72,68,1860,9251,3,16
1784685355.619,real_q8_tensor_220w_none,2,100,11457,216.36,73,1845,9251,3,16
1784685355.619,real_q8_tensor_220w_none,3,100,11457,220.17,70,1875,9251,3,16
1784685356.188,real_q8_tensor_220w_none,0,100,11457,213.71,65,1845,9251,3,16
1784685356.188,real_q8_tensor_220w_none,1,94,11457,217.39,69,1755,9251,3,16
1784685356.188,real_q8_tensor_220w_none,2,100,11457,213.56,74,1785,9251,3,16
1784685356.188,real_q8_tensor_220w_none,3,100,11457,217.78,70,1800,9251,3,16
1784685356.758,real_q8_tensor_220w_none,0,100,11457,215.82,65,1845,9251,3,16
1784685356.758,real_q8_tensor_220w_none,1,100,11457,218.01,69,1755,9251,3,16
1784685356.758,real_q8_tensor_220w_none,2,100,11457,213.73,74,1800,9251,3,16
1784685356.758,real_q8_tensor_220w_none,3,100,11457,219.26,70,1785,9251,3,16
1784685357.344,real_q8_tensor_220w_none,0,87,11457,213.87,65,1830,9251,3,16
1784685357.344,real_q8_tensor_220w_none,1,87,11457,217.98,69,1755,9251,3,16
1784685357.344,real_q8_tensor_220w_none,2,79,11457,214.39,74,1800,9251,3,16
1784685357.344,real_q8_tensor_220w_none,3,87,11457,217.68,70,1785,9251,3,16
1784685357.920,real_q8_tensor_220w_none,0,100,11457,213.52,65,1845,9251,3,16
1784685357.920,real_q8_tensor_220w_none,1,100,11457,217.12,69,1740,9251,3,16
1784685357.920,real_q8_tensor_220w_none,2,79,11457,214.26,74,1800,9251,3,16
1784685357.920,real_q8_tensor_220w_none,3,100,11457,217.32,70,1770,9251,3,16
1784685358.490,real_q8_tensor_220w_none,0,100,11457,213.21,65,1830,9251,3,16
1784685358.490,real_q8_tensor_220w_none,1,100,11457,216.45,69,1770,9251,3,16
1784685358.490,real_q8_tensor_220w_none,2,100,11457,213.81,74,1800,9251,3,16
1784685358.490,real_q8_tensor_220w_none,3,100,11457,216.17,70,1875,9251,3,16
1784685359.073,real_q8_tensor_220w_none,0,100,11457,212.63,65,1845,9251,3,16
1784685359.073,real_q8_tensor_220w_none,1,100,11457,217.13,69,1740,9251,3,16
1784685359.073,real_q8_tensor_220w_none,2,100,11457,213.66,74,1785,9251,3,16
1784685359.073,real_q8_tensor_220w_none,3,100,11457,217.74,70,1785,9251,3,16
1784685359.667,real_q8_tensor_220w_none,0,89,11457,214.09,64,1905,9251,3,16
1784685359.667,real_q8_tensor_220w_none,1,100,11457,218.57,69,1860,9251,3,16
1784685359.667,real_q8_tensor_220w_none,2,100,11457,215.57,74,1875,9251,3,16
1784685359.667,real_q8_tensor_220w_none,3,84,11457,217.56,69,1875,9251,3,16
1784685360.235,real_q8_tensor_220w_none,0,89,11457,212.75,65,1830,9251,3,16
1784685360.235,real_q8_tensor_220w_none,1,100,11457,216.91,69,1755,9251,3,16
1784685360.235,real_q8_tensor_220w_none,2,100,11457,213.51,74,1785,9251,3,16
1784685360.235,real_q8_tensor_220w_none,3,84,11457,217.02,70,1770,9251,3,16
1784685360.830,real_q8_tensor_220w_none,0,100,11457,214.97,65,1815,9251,3,16
1784685360.830,real_q8_tensor_220w_none,1,100,11457,218.78,69,1755,9251,3,16
1784685360.830,real_q8_tensor_220w_none,2,100,11457,215.56,74,1800,9251,3,16
1784685360.830,real_q8_tensor_220w_none,3,100,11457,218.66,70,1755,9251,3,16
1784685361.415,real_q8_tensor_220w_none,0,100,11457,212.63,65,1845,9251,3,16
1784685361.415,real_q8_tensor_220w_none,1,100,11457,216.82,69,1740,9251,3,16
1784685361.415,real_q8_tensor_220w_none,2,100,11457,213.19,74,1800,9251,3,16
1784685361.415,real_q8_tensor_220w_none,3,100,11457,217.18,70,1755,9251,3,16
1784685361.982,real_q8_tensor_220w_none,0,100,11457,213.02,65,1845,9251,3,16
1784685361.982,real_q8_tensor_220w_none,1,100,11457,219.90,69,1725,9251,3,16
1784685361.982,real_q8_tensor_220w_none,2,100,11457,215.80,74,1770,9251,3,16
1784685361.982,real_q8_tensor_220w_none,3,100,11457,217.35,70,1770,9251,3,16
1784685362.579,real_q8_tensor_220w_none,0,100,11457,211.56,64,1815,9251,3,16
1784685362.579,real_q8_tensor_220w_none,1,100,11457,218.62,68,1740,9251,3,16
1784685362.579,real_q8_tensor_220w_none,2,95,11457,214.81,73,1755,9251,3,16
1784685362.579,real_q8_tensor_220w_none,3,100,11457,216.41,70,1755,9251,3,16
1784685363.147,real_q8_tensor_220w_none,0,100,11457,212.00,65,1830,9251,3,16
1784685363.147,real_q8_tensor_220w_none,1,100,11457,216.53,69,1740,9251,3,16
1784685363.147,real_q8_tensor_220w_none,2,95,11457,212.86,74,1785,9251,3,16
1784685363.147,real_q8_tensor_220w_none,3,100,11457,216.18,70,1755,9251,3,16
1784685363.734,real_q8_tensor_220w_none,0,100,11457,214.40,65,1815,9251,3,16
1784685363.734,real_q8_tensor_220w_none,1,100,11457,217.79,69,1725,9251,3,16
1784685363.734,real_q8_tensor_220w_none,2,100,11457,215.49,74,1785,9251,3,16
1784685363.734,real_q8_tensor_220w_none,3,100,11457,217.28,70,1755,9251,3,16
1784685364.294,real_q8_tensor_220w_none,0,73,11457,211.96,65,1815,9251,3,16
1784685364.294,real_q8_tensor_220w_none,1,100,11457,215.52,69,1770,9251,3,16
1784685364.294,real_q8_tensor_220w_none,2,86,11457,214.04,73,1770,9251,3,16
1784685364.294,real_q8_tensor_220w_none,3,73,11457,215.74,70,1770,9251,3,16
1784685364.864,real_q8_tensor_220w_none,0,100,11457,212.43,65,1845,9251,3,16
1784685364.864,real_q8_tensor_220w_none,1,86,11457,216.26,69,1725,9251,3,16
1784685364.864,real_q8_tensor_220w_none,2,100,11457,214.68,74,1770,9251,3,16
1784685364.864,real_q8_tensor_220w_none,3,73,11457,216.29,70,1770,9251,3,16
1784685365.438,real_q8_tensor_220w_none,0,100,11457,211.41,65,1875,9251,3,16
1784685365.438,real_q8_tensor_220w_none,1,100,11457,217.60,68,1875,9251,3,16
1784685365.438,real_q8_tensor_220w_none,2,100,11457,216.21,74,1845,9251,3,16
1784685365.438,real_q8_tensor_220w_none,3,72,11457,215.24,70,1890,9251,3,16
1784685366.003,real_q8_tensor_220w_none,0,100,11457,211.35,65,1815,9251,3,16
1784685366.003,real_q8_tensor_220w_none,1,100,11457,215.17,69,1725,9251,3,16
1784685366.003,real_q8_tensor_220w_none,2,100,11457,213.45,74,1770,9251,3,16
1784685366.003,real_q8_tensor_220w_none,3,72,11457,215.44,70,1755,9251,3,16
1784685366.575,real_q8_tensor_220w_none,0,100,11457,214.62,65,1815,9251,3,16
1784685366.575,real_q8_tensor_220w_none,1,100,11457,215.64,69,1755,9251,3,16
1784685366.575,real_q8_tensor_220w_none,2,100,11457,213.90,74,1770,9251,3,16
1784685366.575,real_q8_tensor_220w_none,3,100,11457,217.96,70,1770,9251,3,16
1784685367.144,real_q8_tensor_220w_none,0,100,11457,211.72,65,1785,9251,3,16
1784685367.144,real_q8_tensor_220w_none,1,100,11457,215.94,68,1725,9251,3,16
1784685367.144,real_q8_tensor_220w_none,2,81,11457,214.51,73,1755,9251,3,16
1784685367.144,real_q8_tensor_220w_none,3,100,11457,215.90,70,1740,9251,3,16
1784685367.713,real_q8_tensor_220w_none,0,100,11457,211.48,65,1815,9251,3,16
1784685367.713,real_q8_tensor_220w_none,1,100,11457,215.25,69,1770,9251,3,16
1784685367.713,real_q8_tensor_220w_none,2,81,11457,214.67,74,1770,9251,3,16
1784685367.713,real_q8_tensor_220w_none,3,100,11457,216.06,70,1785,9251,3,16
1784685368.285,real_q8_tensor_220w_none,0,100,11457,214.21,65,1800,9251,3,16
1784685368.285,real_q8_tensor_220w_none,1,100,11457,217.01,69,1725,9251,3,16
1784685368.285,real_q8_tensor_220w_none,2,100,11457,216.78,74,1755,9251,3,16
1784685368.285,real_q8_tensor_220w_none,3,98,11457,217.36,70,1755,9251,3,16
1784685368.861,real_q8_tensor_220w_none,0,72,11457,210.81,65,1800,9251,3,16
1784685368.861,real_q8_tensor_220w_none,1,71,11457,214.97,69,1725,9251,3,16
1784685368.861,real_q8_tensor_220w_none,2,85,11457,213.26,74,1770,9251,3,16
1784685368.861,real_q8_tensor_220w_none,3,100,11457,215.85,70,1725,9251,3,16
1784685369.456,real_q8_tensor_220w_none,0,72,11457,210.80,65,1845,9251,3,16
1784685369.456,real_q8_tensor_220w_none,1,71,11457,215.32,69,1755,9251,3,16
1784685369.456,real_q8_tensor_220w_none,2,100,11457,213.78,74,1755,9251,3,16
1784685369.456,real_q8_tensor_220w_none,3,100,11457,216.89,70,1770,9251,3,16
1784685370.025,real_q8_tensor_220w_none,0,100,11457,214.38,65,1815,9251,3,16
1784685370.025,real_q8_tensor_220w_none,1,100,11457,217.32,69,1710,9251,3,16
1784685370.025,real_q8_tensor_220w_none,2,100,11457,216.52,74,1770,9251,3,16
1784685370.025,real_q8_tensor_220w_none,3,100,11457,217.46,70,1740,9251,3,16
1784685370.586,real_q8_tensor_220w_none,0,100,11457,211.20,65,1815,9251,3,16
1784685370.586,real_q8_tensor_220w_none,1,100,11457,214.79,69,1725,9251,3,16
1784685370.586,real_q8_tensor_220w_none,2,100,11457,213.94,74,1770,9251,3,16
1784685370.586,real_q8_tensor_220w_none,3,100,11457,215.41,70,1770,9251,3,16
1784685371.197,real_q8_tensor_220w_none,0,100,11457,214.21,65,1815,9251,3,16
1784685371.197,real_q8_tensor_220w_none,1,100,11457,217.21,69,1755,9251,3,16
1784685371.197,real_q8_tensor_220w_none,2,100,11457,216.84,74,1755,9251,3,16
1784685371.197,real_q8_tensor_220w_none,3,100,11457,217.00,70,1770,9251,3,16
1784685371.809,real_q8_tensor_220w_none,0,100,11457,211.18,65,1830,9251,3,16
1784685371.809,real_q8_tensor_220w_none,1,100,11457,214.81,69,1695,9251,3,16
1784685371.809,real_q8_tensor_220w_none,2,70,11457,213.29,74,1785,9251,3,16
1784685371.809,real_q8_tensor_220w_none,3,73,11457,215.34,70,1740,9251,3,16
1784685372.403,real_q8_tensor_220w_none,0,100,11457,211.23,65,1830,9251,3,16
1784685372.403,real_q8_tensor_220w_none,1,100,11457,214.61,69,1740,9251,3,16
1784685372.403,real_q8_tensor_220w_none,2,70,11457,213.31,74,1770,9251,3,16
1784685372.403,real_q8_tensor_220w_none,3,73,11457,215.09,70,1770,9251,3,16
1784685372.973,real_q8_tensor_220w_none,0,100,11457,213.84,65,1800,9251,3,16
1784685372.973,real_q8_tensor_220w_none,1,100,11457,217.22,69,1755,9251,3,16
1784685372.973,real_q8_tensor_220w_none,2,100,11457,216.48,74,1755,9251,3,16
1784685372.973,real_q8_tensor_220w_none,3,100,11457,217.09,70,1770,9251,3,16
1784685373.542,real_q8_tensor_220w_none,0,69,11457,211.17,65,1815,9251,3,16
1784685373.542,real_q8_tensor_220w_none,1,71,11457,214.49,68,1695,9251,3,16
1784685373.542,real_q8_tensor_220w_none,2,100,11457,212.91,73,1860,9251,3,16
1784685373.542,real_q8_tensor_220w_none,3,100,11457,215.83,70,1755,9251,3,16
1784685374.110,real_q8_tensor_220w_none,0,69,11457,210.91,65,1830,9251,3,16
1784685374.110,real_q8_tensor_220w_none,1,71,11457,215.46,69,1710,9251,3,16
1784685374.110,real_q8_tensor_220w_none,2,100,11457,212.95,74,1785,9251,3,16
1784685374.110,real_q8_tensor_220w_none,3,100,11457,215.10,70,1725,9251,3,16
1784685374.678,real_q8_tensor_220w_none,0,100,11457,213.50,65,1815,9251,3,16
1784685374.678,real_q8_tensor_220w_none,1,100,11457,218.27,69,1710,9251,3,16
1784685374.678,real_q8_tensor_220w_none,2,100,11457,215.32,74,1755,9251,3,16
1784685374.678,real_q8_tensor_220w_none,3,100,11457,216.84,70,1725,9251,3,16
1784685375.247,real_q8_tensor_220w_none,0,100,11457,210.57,65,1800,9251,3,16
1784685375.247,real_q8_tensor_220w_none,1,100,11457,217.70,69,1740,9251,3,16
1784685375.247,real_q8_tensor_220w_none,2,100,11457,216.27,74,1755,9251,3,16
1784685375.247,real_q8_tensor_220w_none,3,69,11457,214.34,70,1755,9251,3,16
1784685375.843,real_q8_tensor_220w_none,0,100,11457,210.74,65,1830,9251,3,16
1784685375.843,real_q8_tensor_220w_none,1,100,11457,215.04,69,1755,9251,3,16
1784685375.843,real_q8_tensor_220w_none,2,84,11457,213.51,74,1770,9251,3,16
1784685375.843,real_q8_tensor_220w_none,3,84,11457,215.07,70,1740,9251,3,16
1784685376.416,real_q8_tensor_220w_none,0,100,11457,213.87,65,1800,9251,3,16
1784685376.416,real_q8_tensor_220w_none,1,100,11457,217.31,69,1695,9251,3,16
1784685376.416,real_q8_tensor_220w_none,2,100,11457,215.41,74,1755,9251,3,16
1784685376.416,real_q8_tensor_220w_none,3,100,11457,216.68,70,1725,9251,3,16
1784685377.030,real_q8_tensor_220w_none,0,69,11457,212.39,66,1785,9251,3,16
1784685377.030,real_q8_tensor_220w_none,1,67,11457,214.76,69,1680,9251,3,16
1784685377.030,real_q8_tensor_220w_none,2,100,11457,211.40,74,1740,9251,3,16
1784685377.030,real_q8_tensor_220w_none,3,100,11457,215.06,70,1725,9251,3,16
1784685377.619,real_q8_tensor_220w_none,0,69,11457,214.46,65,1830,9251,3,16
1784685377.619,real_q8_tensor_220w_none,1,67,11457,216.71,69,1740,9251,3,16
1784685377.619,real_q8_tensor_220w_none,2,100,11457,213.00,74,1785,9251,3,16
1784685377.619,real_q8_tensor_220w_none,3,100,11457,219.59,70,1740,9251,3,16
1784685378.213,real_q8_tensor_220w_none,0,100,11457,213.69,65,1800,9251,3,16
1784685378.213,real_q8_tensor_220w_none,1,100,11457,217.77,69,1710,9251,3,16
1784685378.213,real_q8_tensor_220w_none,2,100,11457,215.50,74,1755,9251,3,16
1784685378.213,real_q8_tensor_220w_none,3,100,11457,218.70,70,1740,9251,3,16
1784685378.786,real_q8_tensor_220w_none,0,100,11457,209.90,64,1770,9251,3,16
1784685378.786,real_q8_tensor_220w_none,1,100,11457,215.38,68,1710,9251,3,16
1784685378.786,real_q8_tensor_220w_none,2,67,11457,212.84,73,1785,9251,3,16
1784685378.786,real_q8_tensor_220w_none,3,67,11457,215.62,70,1710,9251,3,16
1784685379.354,real_q8_tensor_220w_none,0,100,11457,209.88,65,1785,9251,3,16
1784685379.354,real_q8_tensor_220w_none,1,100,11457,215.39,69,1695,9251,3,16
1784685379.354,real_q8_tensor_220w_none,2,84,11457,213.09,74,1740,9251,3,16
1784685379.354,real_q8_tensor_220w_none,3,85,11457,216.72,70,1725,9251,3,16
1784685379.925,real_q8_tensor_220w_none,0,100,11457,213.62,65,1830,9251,3,16
1784685379.925,real_q8_tensor_220w_none,1,100,11457,217.28,69,1710,9251,3,16
1784685379.925,real_q8_tensor_220w_none,2,100,11457,215.21,74,1785,9251,3,16
1784685379.925,real_q8_tensor_220w_none,3,100,11457,217.92,70,1725,9251,3,16
1784685380.497,real_q8_tensor_220w_none,0,100,11457,214.07,65,1875,9251,3,16
1784685380.497,real_q8_tensor_220w_none,1,79,11457,216.05,69,1815,9251,3,16
1784685380.497,real_q8_tensor_220w_none,2,100,11457,213.87,74,1785,9251,3,16
1784685380.497,real_q8_tensor_220w_none,3,100,11457,217.61,70,1830,9251,3,16
1784685381.060,real_q8_tensor_220w_none,0,100,11457,210.58,65,1785,9251,3,16
1784685381.060,real_q8_tensor_220w_none,1,79,11457,214.80,69,1710,9251,3,16
1784685381.060,real_q8_tensor_220w_none,2,67,11457,212.86,74,1740,9251,3,16
1784685381.060,real_q8_tensor_220w_none,3,91,11457,214.82,70,1710,9251,3,16
1784685381.630,real_q8_tensor_220w_none,0,100,11457,213.51,65,1800,9251,3,16
1784685381.630,real_q8_tensor_220w_none,1,100,11457,216.18,69,1710,9251,3,16
1784685381.630,real_q8_tensor_220w_none,2,67,11457,213.98,74,1740,9251,3,16
1784685381.630,real_q8_tensor_220w_none,3,91,11457,217.26,70,1710,9251,3,16
1784685382.219,real_q8_tensor_220w_none,0,100,11457,213.46,65,1785,9251,3,16
1784685382.219,real_q8_tensor_220w_none,1,100,11457,217.25,69,1695,9251,3,16
1784685382.219,real_q8_tensor_220w_none,2,100,11457,215.87,75,1770,9251,3,16
1784685382.219,real_q8_tensor_220w_none,3,100,11457,216.70,70,1710,9251,3,16
1784685382.787,real_q8_tensor_220w_none,0,71,11457,209.35,65,1785,9251,3,16
1784685382.787,real_q8_tensor_220w_none,1,66,11457,215.06,69,1680,9251,3,16
1784685382.787,real_q8_tensor_220w_none,2,100,11457,213.66,74,1710,9251,3,16
1784685382.787,real_q8_tensor_220w_none,3,100,11457,213.02,70,1710,9251,3,16
1784685383.358,real_q8_tensor_220w_none,0,83,11457,209.38,65,1785,9251,3,16
1784685383.358,real_q8_tensor_220w_none,1,83,11457,214.84,69,1695,9251,3,16
1784685383.358,real_q8_tensor_220w_none,2,100,11457,212.97,75,1770,9251,3,16
1784685383.358,real_q8_tensor_220w_none,3,83,11457,214.41,70,1710,9251,3,16
1784685383.930,real_q8_tensor_220w_none,0,100,11457,212.78,65,1815,9251,3,16
1784685383.930,real_q8_tensor_220w_none,1,100,11457,217.16,69,1695,9251,3,16
1784685383.930,real_q8_tensor_220w_none,2,100,11457,216.17,74,1740,9251,3,16
1784685383.930,real_q8_tensor_220w_none,3,100,11457,216.25,70,1710,9251,3,16
1784685384.498,real_q8_tensor_220w_none,0,100,11457,213.16,65,1815,9251,3,16
1784685384.498,real_q8_tensor_220w_none,1,100,11457,216.83,69,1725,9251,3,16
1784685384.498,real_q8_tensor_220w_none,2,100,11457,215.55,75,1740,9251,3,16
1784685384.498,real_q8_tensor_220w_none,3,100,11457,216.37,70,1755,9251,3,16
1784685385.058,real_q8_tensor_220w_none,0,66,11457,210.47,65,1785,9251,3,16
1784685385.058,real_q8_tensor_220w_none,1,65,11457,213.10,69,1680,9251,3,16
1784685385.058,real_q8_tensor_220w_none,2,100,11457,211.64,73,1740,9251,3,16
1784685385.058,real_q8_tensor_220w_none,3,65,11457,214.75,70,1710,9251,3,16
1784685385.629,real_q8_tensor_220w_none,0,66,11457,213.93,65,1800,9251,3,16
1784685385.629,real_q8_tensor_220w_none,1,65,11457,214.61,69,1680,9251,3,16
1784685385.629,real_q8_tensor_220w_none,2,100,11457,212.95,74,1770,9251,3,16
1784685385.629,real_q8_tensor_220w_none,3,65,11457,217.93,70,1710,9251,3,16
1784685386.198,real_q8_tensor_220w_none,0,100,11457,213.91,65,1770,9251,3,16
1784685386.198,real_q8_tensor_220w_none,1,100,11457,216.97,69,1695,9251,3,16
1784685386.198,real_q8_tensor_220w_none,2,100,11457,215.83,74,1740,9251,3,16
1784685386.198,real_q8_tensor_220w_none,3,100,11457,216.23,70,1710,9251,3,16
1784685386.787,real_q8_tensor_220w_none,0,100,11457,210.79,65,1905,9251,3,16
1784685386.787,real_q8_tensor_220w_none,1,100,11457,214.85,68,1665,9251,3,16
1784685386.787,real_q8_tensor_220w_none,2,80,11457,213.41,73,1875,9251,3,16
1784685386.787,real_q8_tensor_220w_none,3,100,11457,214.04,70,1770,9251,3,16
1784685387.399,real_q8_tensor_220w_none,0,69,11457,210.63,65,1770,9251,3,16
1784685387.399,real_q8_tensor_220w_none,1,100,11457,213.67,69,1680,9251,3,16
1784685387.399,real_q8_tensor_220w_none,2,80,11457,212.21,74,1725,9251,3,16
1784685387.399,real_q8_tensor_220w_none,3,82,11457,214.40,70,1740,9251,3,16
1784685387.970,real_q8_tensor_220w_none,0,69,11457,214.56,66,1770,9251,3,16
1784685387.970,real_q8_tensor_220w_none,1,100,11457,216.28,69,1740,9251,3,16
1784685387.970,real_q8_tensor_220w_none,2,100,11457,214.21,74,1725,9251,3,16
1784685387.970,real_q8_tensor_220w_none,3,82,11457,216.99,70,1725,9251,3,16
1784685388.538,real_q8_tensor_220w_none,0,100,11457,213.13,66,1815,9251,3,16
1784685388.538,real_q8_tensor_220w_none,1,100,11457,216.89,69,1710,9251,3,16
1784685388.538,real_q8_tensor_220w_none,2,100,11457,215.15,74,1770,9251,3,16
1784685388.538,real_q8_tensor_220w_none,3,100,11457,217.48,70,1710,9251,3,16
1784685389.110,real_q8_tensor_220w_none,0,100,11457,208.79,65,1755,9251,3,16
1784685389.110,real_q8_tensor_220w_none,1,100,11457,213.05,68,1680,9251,3,16
1784685389.110,real_q8_tensor_220w_none,2,70,11457,211.62,73,1710,9251,3,16
1784685389.110,real_q8_tensor_220w_none,3,100,11457,214.37,70,1695,9251,3,16
1784685389.721,real_q8_tensor_220w_none,0,73,11457,209.00,65,1770,9251,3,16
1784685389.721,real_q8_tensor_220w_none,1,100,11457,213.32,69,1695,9251,3,16
1784685389.721,real_q8_tensor_220w_none,2,70,11457,211.34,74,1710,9251,3,16
1784685389.721,real_q8_tensor_220w_none,3,100,11457,218.24,70,1725,9251,3,16
1784685390.291,real_q8_tensor_220w_none,0,100,11457,212.53,65,1770,9251,3,16
1784685390.291,real_q8_tensor_220w_none,1,100,11457,215.91,69,1665,9251,3,16
1784685390.291,real_q8_tensor_220w_none,2,100,11457,214.51,75,1740,9251,3,16
1784685390.291,real_q8_tensor_220w_none,3,82,11457,217.32,70,1710,9251,3,16
1784685390.884,real_q8_tensor_220w_none,0,100,11457,213.42,65,1815,9251,3,16
1784685390.884,real_q8_tensor_220w_none,1,100,11457,215.97,69,1770,9251,3,16
1784685390.884,real_q8_tensor_220w_none,2,100,11457,214.22,74,1770,9251,3,16
1784685390.884,real_q8_tensor_220w_none,3,100,11457,216.38,70,1740,9251,3,16
1784685391.470,real_q8_tensor_220w_none,0,100,11457,210.00,65,1755,9251,3,16
1784685391.470,real_q8_tensor_220w_none,1,100,11457,213.48,68,1680,9251,3,16
1784685391.470,real_q8_tensor_220w_none,2,84,11457,211.75,73,1755,9251,3,16
1784685391.470,real_q8_tensor_220w_none,3,100,11457,212.85,70,1695,9251,3,16
1784685392.062,real_q8_tensor_220w_none,0,100,11457,213.04,66,1755,9251,3,16
1784685392.062,real_q8_tensor_220w_none,1,100,11457,212.82,69,1740,9251,3,16
1784685392.062,real_q8_tensor_220w_none,2,84,11457,211.92,74,1725,9251,3,16
1784685392.062,real_q8_tensor_220w_none,3,100,11457,215.85,70,1740,9251,3,16
1784685392.635,real_q8_tensor_220w_none,0,100,11457,213.94,66,1755,9251,3,16
1784685392.635,real_q8_tensor_220w_none,1,100,11457,215.00,69,1680,9251,3,16
1784685392.635,real_q8_tensor_220w_none,2,100,11457,214.38,74,1710,9251,3,16
1784685392.635,real_q8_tensor_220w_none,3,100,11457,215.93,70,1695,9251,3,16
1784685393.223,real_q8_tensor_220w_none,0,100,11457,212.64,66,1800,9251,3,16
1784685393.223,real_q8_tensor_220w_none,1,100,11457,215.51,69,1740,9251,3,16
1784685393.223,real_q8_tensor_220w_none,2,100,11457,214.30,74,1770,9251,3,16
1784685393.223,real_q8_tensor_220w_none,3,83,11457,214.67,70,1680,9251,3,16
1784685393.785,real_q8_tensor_220w_none,0,100,11457,209.37,64,1755,9251,3,16
1784685393.785,real_q8_tensor_220w_none,1,100,11457,212.82,69,1740,9251,3,16
1784685393.785,real_q8_tensor_220w_none,2,59,11457,210.49,74,1710,9251,3,16
1784685393.785,real_q8_tensor_220w_none,3,80,11457,211.62,69,1725,9251,3,16
1784685394.379,real_q8_tensor_220w_none,0,100,11457,209.77,65,1755,9251,3,16
1784685394.379,real_q8_tensor_220w_none,1,81,11457,214.37,69,1695,9251,3,16
1784685394.379,real_q8_tensor_220w_none,2,59,11457,213.05,74,1725,9251,3,16
1784685394.379,real_q8_tensor_220w_none,3,100,11457,214.09,70,1740,9251,3,16
1784685394.951,real_q8_tensor_220w_none,0,100,11457,212.81,66,1755,9251,3,16
1784685394.951,real_q8_tensor_220w_none,1,100,11457,215.50,69,1665,9251,3,16
1784685394.951,real_q8_tensor_220w_none,2,100,11457,213.29,74,1755,9251,3,16
1784685394.951,real_q8_tensor_220w_none,3,100,11457,216.21,70,1680,9251,3,16
1784685395.521,real_q8_tensor_220w_none,0,100,11457,212.77,66,1815,9251,3,16
1784685395.521,real_q8_tensor_220w_none,1,100,11457,215.61,69,1680,9251,3,16
1784685395.521,real_q8_tensor_220w_none,2,100,11457,213.19,74,1755,9251,3,16
1784685395.521,real_q8_tensor_220w_none,3,100,11457,216.68,70,1695,9251,3,16
1784685396.090,real_q8_tensor_220w_none,0,100,11457,213.19,65,1905,9251,3,16
1784685396.090,real_q8_tensor_220w_none,1,63,11457,211.11,69,1860,9251,3,16
1784685396.090,real_q8_tensor_220w_none,2,62,11457,209.95,74,1845,9251,3,16
1784685396.090,real_q8_tensor_220w_none,3,100,11457,215.93,70,1875,9251,3,16
1784685396.655,real_q8_tensor_220w_none,0,71,11457,210.15,65,1785,9251,3,16
1784685396.655,real_q8_tensor_220w_none,1,63,11457,212.64,69,1680,9251,3,16
1784685396.655,real_q8_tensor_220w_none,2,62,11457,210.84,74,1725,9251,3,16
1784685396.655,real_q8_tensor_220w_none,3,85,11457,212.83,70,1710,9251,3,16
1784685397.226,real_q8_tensor_220w_none,0,71,11457,214.40,65,1800,9251,3,16
1784685397.226,real_q8_tensor_220w_none,1,100,11457,216.85,69,1710,9251,3,16
1784685397.226,real_q8_tensor_220w_none,2,100,11457,215.15,74,1755,9251,3,16
1784685397.226,real_q8_tensor_220w_none,3,85,11457,214.72,70,1695,9251,3,16
1784685397.795,real_q8_tensor_220w_none,0,100,11457,214.26,66,1755,9251,3,16
1784685397.795,real_q8_tensor_220w_none,1,92,11457,214.23,69,1695,9251,3,16
1784685397.795,real_q8_tensor_220w_none,2,100,11457,213.71,74,1725,9251,3,16
1784685397.795,real_q8_tensor_220w_none,3,100,11457,215.44,70,1680,9251,3,16
1784685398.388,real_q8_tensor_220w_none,0,100,11457,214.09,66,1755,9251,3,16
1784685398.388,real_q8_tensor_220w_none,1,100,11457,214.93,69,1665,9251,3,16
1784685398.388,real_q8_tensor_220w_none,2,100,11457,214.04,75,1710,9251,3,16
1784685398.388,real_q8_tensor_220w_none,3,100,11457,215.92,70,1680,9251,3,16
1784685398.976,real_q8_tensor_220w_none,0,62,11457,209.74,64,1725,9251,3,16
1784685398.976,real_q8_tensor_220w_none,1,98,11457,212.20,68,1650,9251,3,16
1784685398.976,real_q8_tensor_220w_none,2,81,11457,210.15,73,1710,9251,3,16
1784685398.976,real_q8_tensor_220w_none,3,62,11457,211.61,70,1680,9251,3,16
1784685399.551,real_q8_tensor_220w_none,0,62,11457,211.66,65,1755,9251,3,16
1784685399.551,real_q8_tensor_220w_none,1,80,11457,214.45,69,1665,9251,3,16
1784685399.551,real_q8_tensor_220w_none,2,100,11457,212.39,74,1710,9251,3,16
1784685399.551,real_q8_tensor_220w_none,3,62,11457,214.78,70,1680,9251,3,16
1784685400.144,real_q8_tensor_220w_none,0,100,11457,212.37,66,1785,9251,3,16
1784685400.144,real_q8_tensor_220w_none,1,80,11457,214.13,69,1695,9251,3,16
1784685400.144,real_q8_tensor_220w_none,2,100,11457,212.99,74,1695,9251,3,16
1784685400.144,real_q8_tensor_220w_none,3,100,11457,214.82,70,1680,9251,3,16
1784685400.739,real_q8_tensor_220w_none,0,100,11457,211.51,66,1755,9251,3,16
1784685400.739,real_q8_tensor_220w_none,1,100,11457,214.80,69,1650,9251,3,16
1784685400.739,real_q8_tensor_220w_none,2,100,11457,213.60,74,1710,9251,3,16
1784685400.739,real_q8_tensor_220w_none,3,100,11457,215.31,70,1650,9251,3,16
1784685401.335,real_q8_tensor_220w_none,0,60,11457,207.69,64,1725,9251,3,16
1784685401.335,real_q8_tensor_220w_none,1,95,11457,213.93,68,1695,9251,3,16
1784685401.335,real_q8_tensor_220w_none,2,100,11457,212.21,73,1695,9251,3,16
1784685401.335,real_q8_tensor_220w_none,3,61,11457,210.55,70,1725,9251,3,16
1784685401.931,real_q8_tensor_220w_none,0,60,11457,211.49,65,1800,9251,3,16
1784685401.931,real_q8_tensor_220w_none,1,86,11457,212.38,69,1725,9251,3,16
1784685401.931,real_q8_tensor_220w_none,2,86,11457,210.41,74,1695,9251,3,16
1784685401.931,real_q8_tensor_220w_none,3,61,11457,215.71,70,1740,9251,3,16
1784685402.501,real_q8_tensor_220w_none,0,100,11457,213.07,66,1800,9251,3,16
1784685402.501,real_q8_tensor_220w_none,1,86,11457,214.42,69,1665,9251,3,16
1784685402.501,real_q8_tensor_220w_none,2,86,11457,212.79,74,1755,9251,3,16
1784685402.501,real_q8_tensor_220w_none,3,100,11457,215.02,70,1665,9251,3,16
1784685403.068,real_q8_tensor_220w_none,0,100,11457,211.56,66,1800,9251,3,16
1784685403.068,real_q8_tensor_220w_none,1,100,11457,214.43,69,1710,9251,3,16
1784685403.068,real_q8_tensor_220w_none,2,100,11457,212.30,75,1710,9251,3,16
1784685403.068,real_q8_tensor_220w_none,3,100,11457,214.34,70,1725,9251,3,16
1784685403.681,real_q8_tensor_220w_none,0,100,11457,213.01,65,1785,9251,3,16
1784685403.681,real_q8_tensor_220w_none,1,100,11457,213.60,69,1680,9251,3,16
1784685403.681,real_q8_tensor_220w_none,2,100,11457,212.38,74,1755,9251,3,16
1784685403.681,real_q8_tensor_220w_none,3,100,11457,215.07,70,1710,9251,3,16
1784685404.243,real_q8_tensor_220w_none,0,100,11457,209.54,65,1710,9251,3,16
1784685404.243,real_q8_tensor_220w_none,1,87,11457,212.66,68,1635,9251,3,16
1784685404.243,real_q8_tensor_220w_none,2,82,11457,209.47,73,1665,9251,3,16
1784685404.243,real_q8_tensor_220w_none,3,100,11457,211.73,70,1665,9251,3,16
1784685404.835,real_q8_tensor_220w_none,0,100,11457,213.26,65,1725,9251,3,16
1784685404.835,real_q8_tensor_220w_none,1,86,11457,212.18,69,1635,9251,3,16
1784685404.835,real_q8_tensor_220w_none,2,80,11457,209.80,74,1725,9251,3,16
1784685404.835,real_q8_tensor_220w_none,3,100,11457,216.55,70,1665,9251,3,16
1784685405.429,real_q8_tensor_220w_none,0,100,11457,212.05,66,1755,9251,3,16
1784685405.429,real_q8_tensor_220w_none,1,100,11457,214.30,69,1680,9251,3,16
1784685405.429,real_q8_tensor_220w_none,2,100,11457,212.83,74,1695,9251,3,16
1784685405.429,real_q8_tensor_220w_none,3,100,11457,215.48,70,1725,9251,3,16
1784685405.997,real_q8_tensor_220w_none,0,100,11457,212.55,66,1740,9251,3,16
1784685405.997,real_q8_tensor_220w_none,1,100,11457,214.01,69,1650,9251,3,16
1784685405.997,real_q8_tensor_220w_none,2,100,11457,212.34,74,1695,9251,3,16
1784685405.997,real_q8_tensor_220w_none,3,100,11457,214.93,70,1665,9251,3,16
1784685406.582,real_q8_tensor_220w_none,0,100,11457,211.57,66,1770,9251,3,16
1784685406.582,real_q8_tensor_220w_none,1,100,11457,214.26,69,1680,9251,3,16
1784685406.582,real_q8_tensor_220w_none,2,100,11457,212.15,74,1740,9251,3,16
1784685406.582,real_q8_tensor_220w_none,3,100,11457,214.16,70,1680,9251,3,16
1784685407.163,real_q8_tensor_220w_none,0,70,11457,208.10,64,1725,9251,3,16
1784685407.163,real_q8_tensor_220w_none,1,100,11457,211.20,69,1680,9251,3,16
1784685407.163,real_q8_tensor_220w_none,2,100,11457,208.78,74,1665,9251,3,16
1784685407.163,real_q8_tensor_220w_none,3,62,11457,210.92,69,1710,9251,3,16
1784685407.750,real_q8_tensor_220w_none,0,70,11457,210.89,65,1725,9251,3,16
1784685407.750,real_q8_tensor_220w_none,1,66,11457,211.98,69,1635,9251,3,16
1784685407.750,real_q8_tensor_220w_none,2,66,11457,209.86,74,1755,9251,3,16
1784685407.750,real_q8_tensor_220w_none,3,62,11457,215.01,70,1650,9251,3,16
1784685408.318,real_q8_tensor_220w_none,0,100,11457,212.13,65,1755,9251,3,16
1784685408.318,real_q8_tensor_220w_none,1,85,11457,214.62,69,1635,9251,3,16
1784685408.318,real_q8_tensor_220w_none,2,79,11457,212.51,74,1680,9251,3,16
1784685408.318,real_q8_tensor_220w_none,3,100,11457,214.70,70,1665,9251,3,16
1784685408.930,real_q8_tensor_220w_none,0,100,11457,211.86,66,1740,9251,3,16
1784685408.930,real_q8_tensor_220w_none,1,100,11457,214.93,69,1620,9251,3,16
1784685408.930,real_q8_tensor_220w_none,2,100,11457,212.79,74,1680,9251,3,16
1784685408.930,real_q8_tensor_220w_none,3,100,11457,214.27,70,1665,9251,3,16
1784685409.522,real_q8_tensor_220w_none,0,100,11457,211.49,66,1725,9251,3,16
1784685409.522,real_q8_tensor_220w_none,1,100,11457,214.69,69,1650,9251,3,16
1784685409.522,real_q8_tensor_220w_none,2,100,11457,212.95,74,1755,9251,3,16
1784685409.522,real_q8_tensor_220w_none,3,100,11457,214.32,70,1650,9251,3,16
1784685410.091,real_q8_tensor_220w_none,0,100,11457,211.51,65,1890,9251,3,16
1784685410.091,real_q8_tensor_220w_none,1,62,11457,210.68,69,1800,9251,3,16
1784685410.091,real_q8_tensor_220w_none,2,63,11457,209.27,74,1830,9251,3,16
1784685410.091,real_q8_tensor_220w_none,3,100,11457,214.15,69,1860,9251,3,16
1784685410.659,real_q8_tensor_220w_none,0,59,11457,208.23,65,1725,9251,3,16
1784685410.659,real_q8_tensor_220w_none,1,62,11457,210.19,69,1635,9251,3,16
1784685410.659,real_q8_tensor_220w_none,2,63,11457,208.36,74,1695,9251,3,16
1784685410.659,real_q8_tensor_220w_none,3,58,11457,210.99,70,1695,9251,3,16
1784685411.226,real_q8_tensor_220w_none,0,59,11457,211.36,65,1725,9251,3,16
1784685411.226,real_q8_tensor_220w_none,1,100,11457,214.78,69,1650,9251,3,16
1784685411.226,real_q8_tensor_220w_none,2,100,11457,212.75,74,1740,9251,3,16
1784685411.226,real_q8_tensor_220w_none,3,58,11457,213.81,70,1650,9251,3,16
1784685411.796,real_q8_tensor_220w_none,0,100,11457,210.85,65,1770,9251,3,16
1784685411.796,real_q8_tensor_220w_none,1,100,11457,213.60,69,1650,9251,3,16
1784685411.796,real_q8_tensor_220w_none,2,100,11457,212.11,74,1740,9251,3,16
1784685411.796,real_q8_tensor_220w_none,3,100,11457,213.71,70,1650,9251,3,16
1784685412.367,real_q8_tensor_220w_none,0,79,11457,210.76,65,1740,9251,3,16
1784685412.367,real_q8_tensor_220w_none,1,100,11457,213.47,69,1620,9251,3,16
1784685412.367,real_q8_tensor_220w_none,2,100,11457,211.79,74,1725,9251,3,16
1784685412.367,real_q8_tensor_220w_none,3,100,11457,213.94,70,1665,9251,3,16
1784685412.955,real_q8_tensor_220w_none,0,100,11457,210.27,65,1740,9251,3,16
1784685412.955,real_q8_tensor_220w_none,1,100,11457,213.92,69,1635,9251,3,16
1784685412.955,real_q8_tensor_220w_none,2,100,11457,212.81,74,1680,9251,3,16
1784685412.955,real_q8_tensor_220w_none,3,100,11457,214.33,70,1665,9251,3,16
1784685413.524,real_q8_tensor_220w_none,0,100,11457,211.24,65,1755,9251,3,16
1784685413.524,real_q8_tensor_220w_none,1,100,11457,213.12,69,1650,9251,3,16
1784685413.524,real_q8_tensor_220w_none,2,100,11457,212.76,74,1725,9251,3,16
1784685413.524,real_q8_tensor_220w_none,3,100,11457,212.82,70,1665,9251,3,16
1784685414.085,real_q8_tensor_220w_none,0,97,11457,211.50,64,1905,9251,3,16
1784685414.085,real_q8_tensor_220w_none,1,100,11457,209.01,69,1875,9251,3,16
1784685414.085,real_q8_tensor_220w_none,2,57,11457,208.29,74,1860,9251,3,16
1784685414.085,real_q8_tensor_220w_none,3,87,11457,213.36,69,1890,9251,3,16
1784685414.652,real_q8_tensor_220w_none,0,97,11457,208.02,65,1785,9251,3,16
1784685414.652,real_q8_tensor_220w_none,1,56,11457,209.36,69,1665,9251,3,16
1784685414.652,real_q8_tensor_220w_none,2,57,11457,208.14,74,1725,9251,3,16
1784685414.652,real_q8_tensor_220w_none,3,87,11457,212.41,70,1680,9251,3,16
1784685415.220,real_q8_tensor_220w_none,0,58,11457,210.54,65,1785,9251,3,16
1784685415.220,real_q8_tensor_220w_none,1,56,11457,214.63,69,1620,9251,3,16
1784685415.220,real_q8_tensor_220w_none,2,100,11457,213.08,74,1740,9251,3,16
1784685415.220,real_q8_tensor_220w_none,3,100,11457,213.58,70,1665,9251,3,16
1784685415.790,real_q8_tensor_220w_none,0,58,11457,210.72,65,1725,9251,3,16
1784685415.790,real_q8_tensor_220w_none,1,100,11457,212.58,69,1635,9251,3,16
1784685415.790,real_q8_tensor_220w_none,2,100,11457,211.27,74,1740,9251,3,16
1784685415.790,real_q8_tensor_220w_none,3,100,11457,213.26,70,1650,9251,3,16
1784685416.358,real_q8_tensor_220w_none,0,100,11457,210.18,65,1725,9251,3,16
1784685416.358,real_q8_tensor_220w_none,1,100,11457,213.08,69,1620,9251,3,16
1784685416.358,real_q8_tensor_220w_none,2,100,11457,211.62,74,1665,9251,3,16
1784685416.358,real_q8_tensor_220w_none,3,100,11457,214.23,70,1665,9251,3,16
1784685416.928,real_q8_tensor_220w_none,0,100,11457,211.07,66,1785,9251,3,16
1784685416.928,real_q8_tensor_220w_none,1,100,11457,213.17,69,1680,9251,3,16
1784685416.928,real_q8_tensor_220w_none,2,100,11457,211.45,74,1740,9251,3,16
1784685416.928,real_q8_tensor_220w_none,3,100,11457,214.17,70,1665,9251,3,16
1784685417.523,real_q8_tensor_220w_none,0,100,11457,211.40,66,1710,9251,3,16
1784685417.523,real_q8_tensor_220w_none,1,100,11457,213.34,69,1620,9251,3,16
1784685417.523,real_q8_tensor_220w_none,2,100,11457,211.93,74,1665,9251,3,16
1784685417.523,real_q8_tensor_220w_none,3,100,11457,213.19,70,1725,9251,3,16
1784685418.101,real_q8_tensor_220w_none,0,100,11457,205.27,64,1710,9251,3,16
1784685418.101,real_q8_tensor_220w_none,1,86,11457,211.69,68,1605,9251,3,16
1784685418.101,real_q8_tensor_220w_none,2,100,11457,211.12,73,1875,9251,3,16
1784685418.101,real_q8_tensor_220w_none,3,100,11457,207.65,69,1650,9251,3,16
1784685418.738,real_q8_tensor_220w_none,0,88,11457,211.52,65,1770,9251,3,16
1784685418.738,real_q8_tensor_220w_none,1,86,11457,212.43,69,1665,9251,3,16
1784685418.738,real_q8_tensor_220w_none,2,56,11457,210.45,74,1665,9251,3,16
1784685418.738,real_q8_tensor_220w_none,3,95,11457,212.56,70,1665,9251,3,16
1784685419.336,real_q8_tensor_220w_none,0,77,11457,210.91,65,1710,9251,3,16
1784685419.336,real_q8_tensor_220w_none,1,100,11457,212.92,69,1620,9251,3,16
1784685419.336,real_q8_tensor_220w_none,2,77,11457,210.60,74,1680,9251,3,16
1784685419.336,real_q8_tensor_220w_none,3,93,11457,213.77,70,1665,9251,3,16
1784685419.911,real_q8_tensor_220w_none,0,100,11457,210.21,65,1785,9251,3,16
1784685419.911,real_q8_tensor_220w_none,1,100,11457,213.05,69,1695,9251,3,16
1784685419.911,real_q8_tensor_220w_none,2,100,11457,210.72,74,1740,9251,3,16
1784685419.911,real_q8_tensor_220w_none,3,100,11457,213.67,70,1650,9251,3,16
1784685420.482,real_q8_tensor_220w_none,0,100,11457,210.45,65,1710,9251,3,16
1784685420.482,real_q8_tensor_220w_none,1,100,11457,213.15,69,1620,9251,3,16
1784685420.482,real_q8_tensor_220w_none,2,100,11457,211.19,74,1665,9251,3,16
1784685420.482,real_q8_tensor_220w_none,3,100,11457,213.48,70,1650,9251,3,16
1784685421.051,real_q8_tensor_220w_none,0,100,11457,210.61,65,1785,9251,3,16
1784685421.051,real_q8_tensor_220w_none,1,100,11457,212.80,69,1695,9251,3,16
1784685421.051,real_q8_tensor_220w_none,2,100,11457,210.85,74,1740,9251,3,16
1784685421.051,real_q8_tensor_220w_none,3,100,11457,213.63,70,1695,9251,3,16
1784685421.619,real_q8_tensor_220w_none,0,100,11457,210.19,65,1770,9251,3,16
1784685421.619,real_q8_tensor_220w_none,1,100,11457,212.31,69,1680,9251,3,16
1784685421.619,real_q8_tensor_220w_none,2,100,11457,210.81,75,1650,9251,3,16
1784685421.619,real_q8_tensor_220w_none,3,100,11457,213.40,70,1680,9251,3,16
1784685422.209,real_q8_tensor_220w_none,0,100,11457,209.76,65,1875,9251,3,16
1784685422.209,real_q8_tensor_220w_none,1,100,11457,212.02,69,1830,9251,3,16
1784685422.209,real_q8_tensor_220w_none,2,89,11457,210.49,73,1800,9251,3,16
1784685422.209,real_q8_tensor_220w_none,3,100,11457,212.39,70,1845,9251,3,16
1784685422.770,real_q8_tensor_220w_none,0,100,11457,206.89,64,1920,9251,3,16
1784685422.770,real_q8_tensor_220w_none,1,100,11457,212.32,69,1890,9251,3,16
1784685422.770,real_q8_tensor_220w_none,2,89,11457,209.76,74,1875,9251,3,16
1784685422.770,real_q8_tensor_220w_none,3,100,11457,209.42,69,1905,9251,3,16
1784685423.340,real_q8_tensor_220w_none,0,56,11457,211.00,65,1770,9251,3,16
1784685423.340,real_q8_tensor_220w_none,1,76,11457,208.43,69,1695,9251,3,16
1784685423.340,real_q8_tensor_220w_none,2,52,11457,206.38,74,1650,9251,3,16
1784685423.340,real_q8_tensor_220w_none,3,73,11457,215.32,70,1710,9251,3,16
1784685423.910,real_q8_tensor_220w_none,0,56,11457,209.40,65,1710,9251,3,16
1784685423.910,real_q8_tensor_220w_none,1,93,11457,212.46,69,1620,9251,3,16
1784685423.910,real_q8_tensor_220w_none,2,52,11457,211.38,74,1680,9251,3,16
1784685423.910,real_q8_tensor_220w_none,3,73,11457,213.43,70,1635,9251,3,16
1784685424.543,real_q8_tensor_220w_none,0,100,11457,209.34,65,1710,9251,3,16
1784685424.543,real_q8_tensor_220w_none,1,93,11457,212.61,69,1605,9251,3,16
1784685424.543,real_q8_tensor_220w_none,2,100,11457,211.11,74,1710,9251,3,16
1784685424.543,real_q8_tensor_220w_none,3,100,11457,212.80,70,1635,9251,3,16
1784685425.114,real_q8_tensor_220w_none,0,100,11457,210.37,65,1770,9251,3,16
1784685425.114,real_q8_tensor_220w_none,1,100,11457,213.32,69,1605,9251,3,16
1784685425.114,real_q8_tensor_220w_none,2,100,11457,211.82,74,1740,9251,3,16
1784685425.114,real_q8_tensor_220w_none,3,100,11457,213.45,70,1635,9251,3,16
1784685425.683,real_q8_tensor_220w_none,0,100,11457,210.24,66,1770,9251,3,16
1784685425.683,real_q8_tensor_220w_none,1,100,11457,213.45,69,1695,9251,3,16
1784685425.683,real_q8_tensor_220w_none,2,100,11457,211.76,74,1665,9251,3,16
1784685425.683,real_q8_tensor_220w_none,3,100,11457,214.15,70,1695,9251,3,16
1784685426.254,real_q8_tensor_220w_none,0,100,11457,210.19,65,1710,9251,3,16
1784685426.254,real_q8_tensor_220w_none,1,100,11457,213.81,69,1695,9251,3,16
1784685426.254,real_q8_tensor_220w_none,2,100,11457,211.63,74,1635,9251,3,16
1784685426.254,real_q8_tensor_220w_none,3,100,11457,213.45,70,1725,9251,3,16
1784685426.822,real_q8_tensor_220w_none,0,100,11457,210.50,66,1710,9251,3,16
1784685426.822,real_q8_tensor_220w_none,1,100,11457,213.09,69,1590,9251,3,16
1784685426.822,real_q8_tensor_220w_none,2,100,11457,211.25,74,1665,9251,3,16
1784685426.822,real_q8_tensor_220w_none,3,100,11457,212.88,70,1635,9251,3,16
1784685427.388,real_q8_tensor_220w_none,0,100,11457,210.54,66,1770,9251,3,16
1784685427.388,real_q8_tensor_220w_none,1,95,11457,212.44,69,1665,9251,3,16
1784685427.388,real_q8_tensor_220w_none,2,100,11457,211.20,74,1725,9251,3,16
1784685427.388,real_q8_tensor_220w_none,3,100,11457,212.64,70,1665,9251,3,16
1784685427.949,real_q8_tensor_220w_none,0,88,11457,207.97,64,1875,9251,3,16
1784685427.949,real_q8_tensor_220w_none,1,95,11457,212.12,69,1830,9251,3,16
1784685427.949,real_q8_tensor_220w_none,2,100,11457,211.25,74,1845,9251,3,16
1784685427.949,real_q8_tensor_220w_none,3,70,11457,209.66,69,1845,9251,3,16
1784685428.514,real_q8_tensor_220w_none,0,88,11457,209.63,66,1830,9251,3,16
1784685428.514,real_q8_tensor_220w_none,1,54,11457,206.57,68,1575,9251,3,16
1784685428.514,real_q8_tensor_220w_none,2,100,11457,205.52,73,1680,9251,3,16
1784685428.514,real_q8_tensor_220w_none,3,70,11457,213.80,69,1620,9251,3,16
1784685429.081,real_q8_tensor_220w_none,0,54,11457,205.92,64,1770,9251,3,16
1784685429.081,real_q8_tensor_220w_none,1,54,11457,212.53,68,1680,9251,3,16
1784685429.081,real_q8_tensor_220w_none,2,75,11457,210.44,72,1620,9251,3,16
1784685429.081,real_q8_tensor_220w_none,3,53,11457,211.86,70,1695,9251,3,16
1784685429.653,real_q8_tensor_220w_none,0,54,11457,210.68,65,1710,9251,3,16
1784685429.653,real_q8_tensor_220w_none,1,61,11457,214.28,69,1665,9251,3,16
1784685429.653,real_q8_tensor_220w_none,2,75,11457,211.44,74,1650,9251,3,16
1784685429.653,real_q8_tensor_220w_none,3,53,11457,213.01,70,1665,9251,3,16
1784685430.226,real_q8_tensor_220w_none,0,100,11457,209.33,65,1770,9251,3,16
1784685430.226,real_q8_tensor_220w_none,1,76,11457,212.60,69,1680,9251,3,16
1784685430.226,real_q8_tensor_220w_none,2,100,11457,210.23,74,1725,9251,3,16
1784685430.226,real_q8_tensor_220w_none,3,100,11457,213.26,70,1710,9251,3,16
1784685430.796,real_q8_tensor_220w_none,0,100,11457,209.07,65,1725,9251,3,16
1784685430.796,real_q8_tensor_220w_none,1,100,11457,211.48,69,1635,9251,3,16
1784685430.796,real_q8_tensor_220w_none,2,100,11457,209.64,74,1680,9251,3,16
1784685430.796,real_q8_tensor_220w_none,3,78,11457,213.07,70,1635,9251,3,16
1784685431.367,real_q8_tensor_220w_none,0,100,11457,210.02,65,1755,9251,3,16
1784685431.367,real_q8_tensor_220w_none,1,83,11457,212.29,69,1605,9251,3,16
1784685431.367,real_q8_tensor_220w_none,2,100,11457,210.98,74,1710,9251,3,16
1784685431.367,real_q8_tensor_220w_none,3,100,11457,211.81,70,1605,9251,3,16
1784685431.939,real_q8_tensor_220w_none,0,100,11457,209.31,66,1695,9251,3,16
1784685431.939,real_q8_tensor_220w_none,1,100,11457,212.68,69,1605,9251,3,16
1784685431.939,real_q8_tensor_220w_none,2,100,11457,210.36,74,1725,9251,3,16
1784685431.939,real_q8_tensor_220w_none,3,100,11457,212.51,70,1635,9251,3,16
1784685432.509,real_q8_tensor_220w_none,0,100,11457,209.93,66,1680,9251,3,16
1784685432.509,real_q8_tensor_220w_none,1,100,11457,212.29,69,1590,9251,3,16
1784685432.509,real_q8_tensor_220w_none,2,100,11457,209.60,74,1650,9251,3,16
1784685432.509,real_q8_tensor_220w_none,3,100,11457,213.06,70,1605,9251,3,16
1784685433.077,real_q8_tensor_220w_none,0,100,11457,210.30,65,1695,9251,3,16
1784685433.077,real_q8_tensor_220w_none,1,100,11457,212.46,69,1665,9251,3,16
1784685433.077,real_q8_tensor_220w_none,2,100,11457,210.74,74,1635,9251,3,16
1784685433.077,real_q8_tensor_220w_none,3,100,11457,212.38,70,1680,9251,3,16
1784685433.662,real_q8_tensor_220w_none,0,100,11457,209.23,66,1770,9251,3,16
1784685433.662,real_q8_tensor_220w_none,1,100,11457,212.11,69,1680,9251,3,16
1784685433.662,real_q8_tensor_220w_none,2,100,11457,210.41,74,1635,9251,3,16
1784685433.662,real_q8_tensor_220w_none,3,100,11457,211.91,70,1665,9251,3,16
1784685434.230,real_q8_tensor_220w_none,0,100,11457,208.99,66,1725,9251,3,16
1784685434.230,real_q8_tensor_220w_none,1,100,11457,212.40,69,1635,9251,3,16
1784685434.230,real_q8_tensor_220w_none,2,100,11457,210.73,74,1710,9251,3,16
1784685434.230,real_q8_tensor_220w_none,3,100,11457,212.16,70,1620,9251,3,16
1784685434.792,real_q8_tensor_220w_none,0,100,11457,208.97,65,1785,9251,3,16
1784685434.792,real_q8_tensor_220w_none,1,100,11457,211.29,69,1695,9251,3,16
1784685434.792,real_q8_tensor_220w_none,2,93,11457,209.26,73,1755,9251,3,16
1784685434.792,real_q8_tensor_220w_none,3,100,11457,212.41,70,1680,9251,3,16
1784685435.352,real_q8_tensor_220w_none,0,100,11457,208.31,65,1875,9251,3,16
1784685435.352,real_q8_tensor_220w_none,1,100,11457,212.23,69,1830,9251,3,16
1784685435.352,real_q8_tensor_220w_none,2,100,11457,209.75,74,1830,9251,3,16
1784685435.352,real_q8_tensor_220w_none,3,88,11457,210.46,69,1890,9251,3,16
1784685435.918,real_q8_tensor_220w_none,0,100,11457,209.42,65,1770,9251,3,16
1784685435.918,real_q8_tensor_220w_none,1,100,11457,212.15,69,1575,9251,3,16
1784685435.918,real_q8_tensor_220w_none,2,100,11457,209.96,74,1710,9251,3,16
1784685435.918,real_q8_tensor_220w_none,3,100,11457,214.40,70,1905,9251,3,16
1784685436.516,real_q8_tensor_220w_none,0,81,11457,207.66,65,1680,9251,3,16
1784685436.516,real_q8_tensor_220w_none,1,100,11457,213.40,69,1590,9251,3,16
1784685436.516,real_q8_tensor_220w_none,2,50,11457,209.18,74,1695,9251,3,16
1784685436.516,real_q8_tensor_220w_none,3,88,11457,212.59,70,1605,9251,3,16
1784685437.129,real_q8_tensor_220w_none,0,81,11457,208.21,65,1725,9251,3,16
1784685437.129,real_q8_tensor_220w_none,1,100,11457,211.19,69,1650,9251,3,16
1784685437.129,real_q8_tensor_220w_none,2,50,11457,209.88,74,1650,9251,3,16
1784685437.129,real_q8_tensor_220w_none,3,88,11457,212.05,70,1635,9251,3,16
1784685437.697,real_q8_tensor_220w_none,0,100,11457,208.53,65,1665,9251,3,16
1784685437.697,real_q8_tensor_220w_none,1,100,11457,211.87,69,1590,9251,3,16
1784685437.697,real_q8_tensor_220w_none,2,100,11457,209.99,74,1710,9251,3,16
1784685437.697,real_q8_tensor_220w_none,3,100,11457,211.52,70,1605,9251,3,16
1784685438.266,real_q8_tensor_220w_none,0,100,11457,207.48,65,1680,9251,3,16
1784685438.266,real_q8_tensor_220w_none,1,100,11457,210.95,69,1590,9251,3,16
1784685438.266,real_q8_tensor_220w_none,2,100,11457,209.53,74,1635,9251,3,16
1784685438.266,real_q8_tensor_220w_none,3,100,11457,211.55,70,1635,9251,3,16
1784685438.834,real_q8_tensor_220w_none,0,100,11457,206.67,65,1770,9251,3,16
1784685438.834,real_q8_tensor_220w_none,1,75,11457,210.88,69,1605,9251,3,16
1784685438.834,real_q8_tensor_220w_none,2,100,11457,209.41,74,1710,9251,3,16
1784685438.834,real_q8_tensor_220w_none,3,100,11457,211.00,70,1605,9251,3,16
1784685439.403,real_q8_tensor_220w_none,0,100,11457,206.63,65,1770,9251,3,16
1784685439.403,real_q8_tensor_220w_none,1,100,11457,211.36,69,1665,9251,3,16
1784685439.403,real_q8_tensor_220w_none,2,100,11457,208.93,74,1635,9251,3,16
1784685439.403,real_q8_tensor_220w_none,3,100,11457,211.55,70,1665,9251,3,16
1784685439.990,real_q8_tensor_220w_none,0,100,11457,208.68,65,1665,9251,3,16
1784685439.990,real_q8_tensor_220w_none,1,100,11457,211.34,69,1620,9251,3,16
1784685439.990,real_q8_tensor_220w_none,2,100,11457,208.73,74,1605,9251,3,16
1784685439.990,real_q8_tensor_220w_none,3,100,11457,212.31,70,1680,9251,3,16
1784685440.563,real_q8_tensor_220w_none,0,100,11457,208.43,65,1740,9251,3,16
1784685440.563,real_q8_tensor_220w_none,1,100,11457,212.06,69,1650,9251,3,16
1784685440.563,real_q8_tensor_220w_none,2,100,11457,209.61,74,1710,9251,3,16
1784685440.563,real_q8_tensor_220w_none,3,100,11457,211.99,70,1620,9251,3,16
1784685441.134,real_q8_tensor_220w_none,0,100,11457,209.08,65,1680,9251,3,16
1784685441.134,real_q8_tensor_220w_none,1,100,11457,211.24,69,1680,9251,3,16
1784685441.134,real_q8_tensor_220w_none,2,100,11457,208.98,74,1605,9251,3,16
1784685441.134,real_q8_tensor_220w_none,3,100,11457,212.04,70,1695,9251,3,16
1784685441.703,real_q8_tensor_220w_none,0,100,11457,208.26,65,1680,9251,3,16
1784685441.703,real_q8_tensor_220w_none,1,100,11457,211.19,69,1545,9251,3,16
1784685441.703,real_q8_tensor_220w_none,2,100,11457,208.67,74,1605,9251,3,16
1784685441.703,real_q8_tensor_220w_none,3,100,11457,212.71,70,1620,9251,3,16
1784685442.274,real_q8_tensor_220w_none,0,100,11457,208.21,65,1665,9251,3,16
1784685442.274,real_q8_tensor_220w_none,1,100,11457,211.46,69,1590,9251,3,16
1784685442.274,real_q8_tensor_220w_none,2,100,11457,208.71,74,1710,9251,3,16
1784685442.274,real_q8_tensor_220w_none,3,100,11457,211.90,70,1590,9251,3,16
1784685442.846,real_q8_tensor_220w_none,0,100,11457,208.60,65,1695,9251,3,16
1784685442.846,real_q8_tensor_220w_none,1,100,11457,211.28,69,1650,9251,3,16
1784685442.846,real_q8_tensor_220w_none,2,100,11457,209.34,74,1620,9251,3,16
1784685442.846,real_q8_tensor_220w_none,3,100,11457,211.37,70,1665,9251,3,16
1784685443.414,real_q8_tensor_220w_none,0,100,11457,208.93,66,1665,9251,3,16
1784685443.414,real_q8_tensor_220w_none,1,100,11457,210.40,69,1575,9251,3,16
1784685443.414,real_q8_tensor_220w_none,2,100,11457,208.67,74,1620,9251,3,16
1784685443.414,real_q8_tensor_220w_none,3,96,11457,211.05,70,1620,9251,3,16
1784685443.978,real_q8_tensor_220w_none,0,100,11457,207.73,64,1905,9251,3,16
1784685443.978,real_q8_tensor_220w_none,1,94,11457,210.36,68,1875,9251,3,16
1784685443.978,real_q8_tensor_220w_none,2,100,11457,208.95,74,1860,9251,3,16
1784685443.978,real_q8_tensor_220w_none,3,96,11457,210.88,69,1890,9251,3,16
1784685444.607,real_q8_tensor_220w_none,0,100,11457,207.84,65,1905,9251,3,16
1784685444.607,real_q8_tensor_220w_none,1,94,11457,210.82,68,1545,9251,3,16
1784685444.607,real_q8_tensor_220w_none,2,55,11457,208.78,73,1875,9251,3,16
1784685444.607,real_q8_tensor_220w_none,3,55,11457,211.05,69,1590,9251,3,16
1784685445.177,real_q8_tensor_220w_none,0,100,11457,208.17,64,1740,9251,3,16
1784685445.177,real_q8_tensor_220w_none,1,56,11457,211.38,69,1635,9251,3,16
1784685445.177,real_q8_tensor_220w_none,2,55,11457,208.60,74,1620,9251,3,16
1784685445.177,real_q8_tensor_220w_none,3,55,11457,211.06,69,1620,9251,3,16
1784685445.748,real_q8_tensor_220w_none,0,47,11457,207.84,65,1680,9251,3,16
1784685445.748,real_q8_tensor_220w_none,1,56,11457,211.13,68,1620,9251,3,16
1784685445.748,real_q8_tensor_220w_none,2,56,11457,208.57,72,1620,9251,3,16
1784685445.748,real_q8_tensor_220w_none,3,53,11457,211.17,70,1650,9251,3,16
1784685446.317,real_q8_tensor_220w_none,0,84,11457,207.04,64,1755,9251,3,16
1784685446.317,real_q8_tensor_220w_none,1,53,11457,210.84,69,1665,9251,3,16
1784685446.317,real_q8_tensor_220w_none,2,98,11457,208.61,74,1605,9251,3,16
1784685446.317,real_q8_tensor_220w_none,3,74,11457,211.13,69,1695,9251,3,16
1784685446.887,real_q8_tensor_220w_none,0,49,11457,207.72,65,1770,9251,3,16
1784685446.887,real_q8_tensor_220w_none,1,53,11457,211.17,69,1665,9251,3,16
1784685446.887,real_q8_tensor_220w_none,2,88,11457,208.61,74,1620,9251,3,16
1784685446.887,real_q8_tensor_220w_none,3,50,11457,210.68,70,1680,9251,3,16
1784685447.466,real_q8_tensor_220w_none,0,49,11457,208.12,65,1680,9251,3,16
1784685447.466,real_q8_tensor_220w_none,1,100,11457,211.23,69,1650,9251,3,16
1784685447.466,real_q8_tensor_220w_none,2,88,11457,208.67,74,1620,9251,3,16
1784685447.466,real_q8_tensor_220w_none,3,50,11457,211.08,70,1665,9251,3,16
1784685448.037,real_q8_tensor_220w_none,0,100,11457,208.06,65,1755,9251,3,16
1784685448.037,real_q8_tensor_220w_none,1,100,11457,209.99,69,1680,9251,3,16
1784685448.037,real_q8_tensor_220w_none,2,80,11457,207.66,74,1620,9251,3,16
1784685448.037,real_q8_tensor_220w_none,3,100,11457,211.74,70,1695,9251,3,16
1784685448.607,real_q8_tensor_220w_none,0,100,11457,207.82,65,1665,9251,3,16
1784685448.607,real_q8_tensor_220w_none,1,100,11457,210.93,69,1650,9251,3,16
1784685448.607,real_q8_tensor_220w_none,2,80,11457,208.81,74,1605,9251,3,16
1784685448.607,real_q8_tensor_220w_none,3,100,11457,210.81,70,1650,9251,3,16
1784685449.179,real_q8_tensor_220w_none,0,100,11457,207.25,65,1755,9251,3,16
1784685449.179,real_q8_tensor_220w_none,1,100,11457,209.96,69,1680,9251,3,16
1784685449.179,real_q8_tensor_220w_none,2,100,11457,207.71,74,1710,9251,3,16
1784685449.179,real_q8_tensor_220w_none,3,100,11457,210.82,70,1680,9251,3,16
1784685449.749,real_q8_tensor_220w_none,0,100,11457,208.20,65,1740,9251,3,16
1784685449.749,real_q8_tensor_220w_none,1,100,11457,210.15,69,1605,9251,3,16
1784685449.749,real_q8_tensor_220w_none,2,100,11457,207.92,74,1650,9251,3,16
1784685449.749,real_q8_tensor_220w_none,3,100,11457,210.81,70,1605,9251,3,16
1784685450.317,real_q8_tensor_220w_none,0,100,11457,207.74,65,1725,9251,3,16
1784685450.317,real_q8_tensor_220w_none,1,81,11457,210.76,69,1635,9251,3,16
1784685450.317,real_q8_tensor_220w_none,2,100,11457,208.35,74,1620,9251,3,16
1784685450.317,real_q8_tensor_220w_none,3,100,11457,211.04,70,1620,9251,3,16
1784685450.887,real_q8_tensor_220w_none,0,100,11457,207.85,65,1635,9251,3,16
1784685450.887,real_q8_tensor_220w_none,1,100,11457,209.98,69,1620,9251,3,16
1784685450.887,real_q8_tensor_220w_none,2,100,11457,207.16,74,1605,9251,3,16
1784685450.887,real_q8_tensor_220w_none,3,100,11457,211.25,70,1680,9251,3,16
1784685451.477,real_q8_tensor_220w_none,0,100,11457,208.18,65,1695,9251,3,16
1784685451.477,real_q8_tensor_220w_none,1,100,11457,210.03,69,1620,9251,3,16
1784685451.477,real_q8_tensor_220w_none,2,100,11457,207.67,74,1620,9251,3,16
1784685451.477,real_q8_tensor_220w_none,3,100,11457,211.36,70,1680,9251,3,16
1784685452.047,real_q8_tensor_220w_none,0,100,11457,208.02,65,1695,9251,3,16
1784685452.047,real_q8_tensor_220w_none,1,100,11457,210.06,69,1635,9251,3,16
1784685452.047,real_q8_tensor_220w_none,2,100,11457,208.28,74,1620,9251,3,16
1784685452.047,real_q8_tensor_220w_none,3,100,11457,210.43,70,1605,9251,3,16
1784685452.617,real_q8_tensor_220w_none,0,100,11457,207.21,65,1725,9251,3,16
1784685452.617,real_q8_tensor_220w_none,1,100,11457,210.79,69,1620,9251,3,16
1784685452.617,real_q8_tensor_220w_none,2,100,11457,208.60,74,1635,9251,3,16
1784685452.617,real_q8_tensor_220w_none,3,100,11457,210.82,70,1605,9251,3,16
1784685453.186,real_q8_tensor_220w_none,0,100,11457,207.09,65,1695,9251,3,16
1784685453.186,real_q8_tensor_220w_none,1,100,11457,210.30,69,1560,9251,3,16
1784685453.186,real_q8_tensor_220w_none,2,100,11457,208.13,74,1680,9251,3,16
1784685453.186,real_q8_tensor_220w_none,3,100,11457,211.09,70,1590,9251,3,16
1784685453.758,real_q8_tensor_220w_none,0,100,11457,206.58,65,1665,9251,3,16
1784685453.758,real_q8_tensor_220w_none,1,100,11457,210.20,69,1590,9251,3,16
1784685453.758,real_q8_tensor_220w_none,2,100,11457,208.18,74,1620,9251,3,16
1784685453.758,real_q8_tensor_220w_none,3,100,11457,211.23,70,1620,9251,3,16
1784685454.326,real_q8_tensor_220w_none,0,86,11457,206.95,65,1710,9251,3,16
1784685454.326,real_q8_tensor_220w_none,1,100,11457,209.95,69,1635,9251,3,16
1784685454.326,real_q8_tensor_220w_none,2,73,11457,207.69,74,1620,9251,3,16
1784685454.326,real_q8_tensor_220w_none,3,100,11457,210.53,70,1605,9251,3,16
1784685454.898,real_q8_tensor_220w_none,0,100,11457,207.04,65,1665,9251,3,16
1784685454.898,real_q8_tensor_220w_none,1,100,11457,209.43,69,1575,9251,3,16
1784685454.898,real_q8_tensor_220w_none,2,100,11457,207.29,74,1605,9251,3,16
1784685454.898,real_q8_tensor_220w_none,3,100,11457,210.05,70,1620,9251,3,16
1784685455.491,real_q8_tensor_220w_none,0,100,11457,206.52,65,1755,9251,3,16
1784685455.491,real_q8_tensor_220w_none,1,100,11457,209.21,69,1665,9251,3,16
1784685455.491,real_q8_tensor_220w_none,2,100,11457,207.71,74,1605,9251,3,16
1784685455.491,real_q8_tensor_220w_none,3,100,11457,210.37,70,1680,9251,3,16
1784685456.105,real_q8_tensor_220w_none,0,100,11457,207.03,65,1725,9251,3,16
1784685456.105,real_q8_tensor_220w_none,1,100,11457,209.04,69,1545,9251,3,16
1784685456.105,real_q8_tensor_220w_none,2,100,11457,207.41,74,1680,9251,3,16
1784685456.105,real_q8_tensor_220w_none,3,100,11457,210.56,70,1575,9251,3,16
1784685456.676,real_q8_tensor_220w_none,0,100,11457,206.76,65,1695,9251,3,16
1784685456.676,real_q8_tensor_220w_none,1,100,11457,209.11,69,1620,9251,3,16
1784685456.676,real_q8_tensor_220w_none,2,100,11457,207.08,74,1590,9251,3,16
1784685456.676,real_q8_tensor_220w_none,3,100,11457,209.48,70,1680,9251,3,16
1784685457.244,real_q8_tensor_220w_none,0,100,11457,206.67,65,1755,9251,3,16
1784685457.244,real_q8_tensor_220w_none,1,100,11457,209.43,69,1545,9251,3,16
1784685457.244,real_q8_tensor_220w_none,2,100,11457,207.80,74,1710,9251,3,16
1784685457.244,real_q8_tensor_220w_none,3,100,11457,209.54,70,1575,9251,3,16
1784685457.816,real_q8_tensor_220w_none,0,100,11457,206.88,65,1665,9251,3,16
1784685457.816,real_q8_tensor_220w_none,1,100,11457,209.78,69,1575,9251,3,16
1784685457.816,real_q8_tensor_220w_none,2,100,11457,207.45,74,1605,9251,3,16
1784685457.816,real_q8_tensor_220w_none,3,100,11457,210.29,70,1635,9251,3,16
1784685458.390,real_q8_tensor_220w_none,0,100,11457,206.10,65,1635,9251,3,16
1784685458.390,real_q8_tensor_220w_none,1,100,11457,209.53,69,1545,9251,3,16
1784685458.390,real_q8_tensor_220w_none,2,100,11457,207.20,74,1710,9251,3,16
1784685458.390,real_q8_tensor_220w_none,3,100,11457,210.39,70,1575,9251,3,16
1784685458.957,real_q8_tensor_220w_none,0,100,11457,205.77,65,1740,9251,3,16
1784685458.957,real_q8_tensor_220w_none,1,100,11457,209.52,69,1635,9251,3,16
1784685458.957,real_q8_tensor_220w_none,2,100,11457,207.51,74,1710,9251,3,16
1784685458.957,real_q8_tensor_220w_none,3,100,11457,209.54,70,1650,9251,3,16
1784685459.548,real_q8_tensor_220w_none,0,100,11457,206.27,65,1710,9251,3,16
1784685459.548,real_q8_tensor_220w_none,1,100,11457,210.22,69,1650,9251,3,16
1784685459.548,real_q8_tensor_220w_none,2,100,11457,207.93,74,1605,9251,3,16
1784685459.548,real_q8_tensor_220w_none,3,100,11457,209.42,70,1695,9251,3,16
1784685460.121,real_q8_tensor_220w_none,0,100,11457,206.58,65,1695,9251,3,16
1784685460.121,real_q8_tensor_220w_none,1,100,11457,210.42,70,1575,9251,3,16
1784685460.121,real_q8_tensor_220w_none,2,100,11457,207.85,74,1680,9251,3,16
1784685460.121,real_q8_tensor_220w_none,3,100,11457,209.80,70,1575,9251,3,16
1784685460.690,real_q8_tensor_220w_none,0,100,11457,206.59,65,1755,9251,3,16
1784685460.690,real_q8_tensor_220w_none,1,100,11457,210.24,69,1650,9251,3,16
1784685460.690,real_q8_tensor_220w_none,2,100,11457,207.89,74,1590,9251,3,16
1784685460.690,real_q8_tensor_220w_none,3,100,11457,209.91,70,1665,9251,3,16
1784685461.261,real_q8_tensor_220w_none,0,100,11457,206.76,65,1635,9251,3,16
1784685461.261,real_q8_tensor_220w_none,1,100,11457,209.60,70,1620,9251,3,16
1784685461.261,real_q8_tensor_220w_none,2,100,11457,207.34,74,1590,9251,3,16
1784685461.261,real_q8_tensor_220w_none,3,100,11457,209.88,70,1680,9251,3,16
1784685461.831,real_q8_tensor_220w_none,0,100,11457,205.92,65,1665,9251,3,16
1784685461.831,real_q8_tensor_220w_none,1,100,11457,209.17,70,1560,9251,3,16
1784685461.831,real_q8_tensor_220w_none,2,100,11457,206.38,74,1680,9251,3,16
1784685461.831,real_q8_tensor_220w_none,3,100,11457,210.36,70,1575,9251,3,16
1784685462.403,real_q8_tensor_220w_none,0,100,11457,205.85,65,1695,9251,3,16
1784685462.403,real_q8_tensor_220w_none,1,100,11457,209.40,69,1635,9251,3,16
1784685462.403,real_q8_tensor_220w_none,2,100,11457,206.99,74,1605,9251,3,16
1784685462.403,real_q8_tensor_220w_none,3,100,11457,209.10,70,1605,9251,3,16
1784685462.972,real_q8_tensor_220w_none,0,100,11457,207.20,65,1635,9251,3,16
1784685462.972,real_q8_tensor_220w_none,1,100,11457,209.94,69,1560,9251,3,16
1784685462.972,real_q8_tensor_220w_none,2,100,11457,208.18,74,1635,9251,3,16
1784685462.972,real_q8_tensor_220w_none,3,100,11457,208.72,70,1605,9251,3,16
1784685463.543,real_q8_tensor_220w_none,0,100,11457,206.13,65,1710,9251,3,16
1784685463.543,real_q8_tensor_220w_none,1,100,11457,209.36,69,1545,9251,3,16
1784685463.543,real_q8_tensor_220w_none,2,100,11457,207.36,74,1665,9251,3,16
1784685463.543,real_q8_tensor_220w_none,3,100,11457,209.73,70,1590,9251,3,16
1784685464.114,real_q8_tensor_220w_none,0,100,11457,205.64,65,1725,9251,3,16
1784685464.114,real_q8_tensor_220w_none,1,100,11457,208.87,70,1635,9251,3,16
1784685464.114,real_q8_tensor_220w_none,2,100,11457,207.00,74,1695,9251,3,16
1784685464.114,real_q8_tensor_220w_none,3,100,11457,208.59,70,1605,9251,3,16
1784685464.685,real_q8_tensor_220w_none,0,100,11457,207.19,65,1695,9251,3,16
1784685464.685,real_q8_tensor_220w_none,1,100,11457,208.74,70,1635,9251,3,16
1784685464.685,real_q8_tensor_220w_none,2,100,11457,207.09,74,1605,9251,3,16
1784685464.685,real_q8_tensor_220w_none,3,100,11457,208.76,70,1605,9251,3,16
1784685465.254,real_q8_tensor_220w_none,0,100,11457,206.49,65,1710,9251,3,16
1784685465.254,real_q8_tensor_220w_none,1,100,11457,208.70,69,1635,9251,3,16
1784685465.254,real_q8_tensor_220w_none,2,100,11457,206.52,74,1620,9251,3,16
1784685465.254,real_q8_tensor_220w_none,3,100,11457,210.00,70,1605,9251,3,16
1784685465.842,real_q8_tensor_220w_none,0,100,11457,205.51,65,1710,9251,3,16
1784685465.842,real_q8_tensor_220w_none,1,100,11457,209.74,69,1620,9251,3,16
1784685465.842,real_q8_tensor_220w_none,2,100,11457,207.84,74,1620,9251,3,16
1784685465.842,real_q8_tensor_220w_none,3,100,11457,209.73,70,1590,9251,3,16
1784685466.418,real_q8_tensor_220w_none,0,100,11457,205.67,65,1665,9251,3,16
1784685466.418,real_q8_tensor_220w_none,1,100,11457,208.92,70,1560,9251,3,16
1784685466.418,real_q8_tensor_220w_none,2,100,11457,206.97,74,1650,9251,3,16
1784685466.418,real_q8_tensor_220w_none,3,100,11457,209.63,70,1605,9251,3,16
1784685467.009,real_q8_tensor_220w_none,0,100,11457,205.90,65,1635,9251,3,16
1784685467.009,real_q8_tensor_220w_none,1,100,11457,209.00,69,1515,9251,3,16
1784685467.009,real_q8_tensor_220w_none,2,100,11457,206.46,74,1695,9251,3,16
1784685467.009,real_q8_tensor_220w_none,3,100,11457,209.73,70,1560,9251,3,16
1784685467.578,real_q8_tensor_220w_none,0,100,11457,206.17,65,1740,9251,3,16
1784685467.578,real_q8_tensor_220w_none,1,100,11457,208.98,70,1515,9251,3,16
1784685467.578,real_q8_tensor_220w_none,2,100,11457,207.09,74,1695,9251,3,16
1784685467.578,real_q8_tensor_220w_none,3,100,11457,209.27,70,1560,9251,3,16
1784685468.149,real_q8_tensor_220w_none,0,100,11457,206.23,65,1635,9251,3,16
1784685468.149,real_q8_tensor_220w_none,1,100,11457,208.72,69,1545,9251,3,16
1784685468.149,real_q8_tensor_220w_none,2,100,11457,207.35,74,1665,9251,3,16
1784685468.149,real_q8_tensor_220w_none,3,100,11457,208.93,70,1575,9251,3,16
1784685468.738,real_q8_tensor_220w_none,0,100,11457,205.54,65,1665,9251,3,16
1784685468.738,real_q8_tensor_220w_none,1,100,11457,209.25,70,1620,9251,3,16
1784685468.738,real_q8_tensor_220w_none,2,100,11457,206.73,74,1605,9251,3,16
1784685468.738,real_q8_tensor_220w_none,3,100,11457,208.45,70,1620,9251,3,16
1784685469.329,real_q8_tensor_220w_none,0,100,11457,205.79,65,1755,9251,3,16
1784685469.329,real_q8_tensor_220w_none,1,100,11457,208.59,70,1665,9251,3,16
1784685469.329,real_q8_tensor_220w_none,2,89,11457,206.13,74,1710,9251,3,16
1784685469.329,real_q8_tensor_220w_none,3,100,11457,209.19,70,1680,9251,3,16
1784685469.903,real_q8_tensor_220w_none,0,100,11457,205.55,65,1725,9251,3,16
1784685469.903,real_q8_tensor_220w_none,1,100,11457,209.05,70,1575,9251,3,16
1784685469.903,real_q8_tensor_220w_none,2,100,11457,207.44,74,1635,9251,3,16
1784685469.903,real_q8_tensor_220w_none,3,100,11457,208.51,70,1560,9251,3,16
1784685470.472,real_q8_tensor_220w_none,0,100,11457,204.23,65,1740,9251,3,16
1784685470.472,real_q8_tensor_220w_none,1,100,11457,208.46,69,1635,9251,3,16
1784685470.472,real_q8_tensor_220w_none,2,100,11457,206.30,74,1590,9251,3,16
1784685470.472,real_q8_tensor_220w_none,3,100,11457,209.19,70,1650,9251,3,16
1784685471.043,real_q8_tensor_220w_none,0,100,11457,205.59,65,1635,9251,3,16
1784685471.043,real_q8_tensor_220w_none,1,71,11457,208.22,70,1500,9251,3,16
1784685471.043,real_q8_tensor_220w_none,2,100,11457,206.33,74,1695,9251,3,16
1784685471.043,real_q8_tensor_220w_none,3,100,11457,209.65,70,1545,9251,3,16
1784685471.616,real_q8_tensor_220w_none,0,100,11457,206.10,65,1620,9251,3,16
1784685471.616,real_q8_tensor_220w_none,1,100,11457,208.91,70,1545,9251,3,16
1784685471.616,real_q8_tensor_220w_none,2,100,11457,206.54,74,1605,9251,3,16
1784685471.616,real_q8_tensor_220w_none,3,100,11457,208.64,70,1620,9251,3,16
1784685472.187,real_q8_tensor_220w_none,0,100,11457,205.04,65,1635,9251,3,16
1784685472.187,real_q8_tensor_220w_none,1,100,11457,208.65,69,1545,9251,3,16
1784685472.187,real_q8_tensor_220w_none,2,100,11457,205.89,73,1650,9251,3,16
1784685472.187,real_q8_tensor_220w_none,3,100,11457,208.40,70,1605,9251,3,16
1784685472.757,real_q8_tensor_220w_none,0,100,11457,204.71,65,1740,9251,3,16
1784685472.757,real_q8_tensor_220w_none,1,100,11457,207.90,69,1515,9251,3,16
1784685472.757,real_q8_tensor_220w_none,2,100,11457,205.71,74,1695,9251,3,16
1784685472.757,real_q8_tensor_220w_none,3,100,11457,208.94,70,1530,9251,3,16
1784685473.350,real_q8_tensor_220w_none,0,100,11457,205.74,65,1605,9251,3,16
1784685473.350,real_q8_tensor_220w_none,1,79,11457,207.90,69,1515,9251,3,16
1784685473.350,real_q8_tensor_220w_none,2,100,11457,206.31,74,1590,9251,3,16
1784685473.350,real_q8_tensor_220w_none,3,100,11457,208.61,70,1530,9251,3,16
1784685473.922,real_q8_tensor_220w_none,0,100,11457,205.56,65,1590,9251,3,16
1784685473.922,real_q8_tensor_220w_none,1,100,11457,209.07,69,1605,9251,3,16
1784685473.922,real_q8_tensor_220w_none,2,100,11457,207.53,74,1590,9251,3,16
1784685473.922,real_q8_tensor_220w_none,3,100,11457,208.73,70,1665,9251,3,16
1784685474.494,real_q8_tensor_220w_none,0,100,11457,204.52,65,1695,9251,3,16
1784685474.494,real_q8_tensor_220w_none,1,100,11457,209.79,69,1605,9251,3,16
1784685474.494,real_q8_tensor_220w_none,2,100,11457,206.92,74,1605,9251,3,16
1784685474.494,real_q8_tensor_220w_none,3,100,11457,208.66,69,1665,9251,3,16
1784685475.061,real_q8_tensor_220w_none,0,100,11457,204.42,65,1710,9251,3,16
1784685475.061,real_q8_tensor_220w_none,1,100,11457,208.53,70,1560,9251,3,16
1784685475.061,real_q8_tensor_220w_none,2,100,11457,206.34,74,1635,9251,3,16
1784685475.061,real_q8_tensor_220w_none,3,100,11457,207.90,69,1560,9251,3,16
1784685475.628,real_q8_tensor_220w_none,0,100,11457,205.40,65,1620,9251,3,16
1784685475.628,real_q8_tensor_220w_none,1,100,11457,208.51,70,1530,9251,3,16
1784685475.628,real_q8_tensor_220w_none,2,75,11457,207.01,73,1665,9251,3,16
1784685475.628,real_q8_tensor_220w_none,3,100,11457,209.01,70,1545,9251,3,16
1784685476.199,real_q8_tensor_220w_none,0,100,11457,205.22,65,1680,9251,3,16
1784685476.199,real_q8_tensor_220w_none,1,80,11457,208.67,69,1575,9251,3,16
1784685476.199,real_q8_tensor_220w_none,2,75,11457,206.38,73,1620,9251,3,16
1784685476.199,real_q8_tensor_220w_none,3,100,11457,209.57,70,1560,9251,3,16
1784685476.794,real_q8_tensor_220w_none,0,100,11457,205.23,65,1665,9251,3,16
1784685476.794,real_q8_tensor_220w_none,1,80,11457,207.95,69,1605,9251,3,16
1784685476.794,real_q8_tensor_220w_none,2,81,11457,205.83,73,1590,9251,3,16
1784685476.794,real_q8_tensor_220w_none,3,100,11457,208.83,69,1620,9251,3,16
1784685477.392,real_q8_tensor_220w_none,0,100,11457,204.97,64,1635,9251,3,16
1784685477.392,real_q8_tensor_220w_none,1,86,11457,207.77,70,1635,9251,3,16
1784685477.392,real_q8_tensor_220w_none,2,81,11457,205.77,73,1560,9251,3,16
1784685477.392,real_q8_tensor_220w_none,3,100,11457,208.44,70,1650,9251,3,16
1784685477.986,real_q8_tensor_220w_none,0,38,11457,203.43,65,1620,9251,3,16
1784685477.986,real_q8_tensor_220w_none,1,86,11457,207.87,70,1485,9251,3,16
1784685477.986,real_q8_tensor_220w_none,2,82,11457,205.36,73,1680,9251,3,16
1784685477.986,real_q8_tensor_220w_none,3,46,11457,207.97,69,1545,9251,3,16
1784685478.557,real_q8_tensor_220w_none,0,38,11457,203.34,65,1635,9251,3,16
1784685478.557,real_q8_tensor_220w_none,1,84,11457,207.66,68,1620,9251,3,16
1784685478.557,real_q8_tensor_220w_none,2,82,11457,205.10,72,1545,9251,3,16
1784685478.557,real_q8_tensor_220w_none,3,46,11457,207.79,70,1665,9251,3,16
1784685479.125,real_q8_tensor_220w_none,0,39,11457,202.84,64,1650,9251,3,16
1784685479.125,real_q8_tensor_220w_none,1,84,11457,207.35,68,1485,9251,3,16
1784685479.125,real_q8_tensor_220w_none,2,59,11457,205.70,72,1680,9251,3,16
1784685479.125,real_q8_tensor_220w_none,3,45,11457,208.04,70,1500,9251,3,16
1784685479.693,real_q8_tensor_220w_none,0,39,11457,211.00,64,1905,9251,3,16
1784685479.693,real_q8_tensor_220w_none,1,59,11457,207.59,68,1890,9251,3,16
1784685479.693,real_q8_tensor_220w_none,2,59,11457,206.46,72,1845,9251,3,16
1784685479.693,real_q8_tensor_220w_none,3,45,11457,208.28,69,1905,9251,3,16
1784685480.258,real_q8_tensor_220w_none,0,100,11457,210.74,64,1890,9251,3,16
1784685480.258,real_q8_tensor_220w_none,1,59,11457,207.57,70,1860,9251,3,16
1784685480.258,real_q8_tensor_220w_none,2,63,11457,206.36,72,1860,9251,3,16
1784685480.258,real_q8_tensor_220w_none,3,98,11457,212.33,69,1905,9251,3,16
1784685480.845,real_q8_tensor_220w_none,0,100,11457,210.51,64,1890,9251,3,16
1784685480.845,real_q8_tensor_220w_none,1,65,11457,207.73,70,1845,9251,3,16
1784685480.845,real_q8_tensor_220w_none,2,100,11457,207.07,74,1815,9251,3,16
1784685480.845,real_q8_tensor_220w_none,3,100,11457,212.18,69,1845,9251,3,16
1784685481.429,real_q8_tensor_220w_none,0,100,11457,210.25,65,1590,9251,3,16
1784685481.429,real_q8_tensor_220w_none,1,100,11457,212.17,70,1455,9251,3,16
1784685481.429,real_q8_tensor_220w_none,2,100,11457,211.30,74,1695,9251,3,16
1784685481.429,real_q8_tensor_220w_none,3,100,11457,211.37,69,1530,9251,3,16
1784685481.994,real_q8_tensor_220w_none,0,100,11457,211.32,65,1665,9251,3,16
1784685481.994,real_q8_tensor_220w_none,1,100,11457,212.10,70,1590,9251,3,16
1784685481.994,real_q8_tensor_220w_none,2,100,11457,210.28,74,1590,9251,3,16
1784685481.994,real_q8_tensor_220w_none,3,100,11457,213.52,70,1650,9251,3,16
1784685482.562,real_q8_tensor_220w_none,0,100,11457,204.33,65,1575,9251,3,16
1784685482.562,real_q8_tensor_220w_none,1,100,11457,211.22,70,1515,9251,3,16
1784685482.562,real_q8_tensor_220w_none,2,100,11457,209.76,74,1665,9251,3,16
1784685482.562,real_q8_tensor_220w_none,3,100,11457,208.19,70,1560,9251,3,16
1784685483.131,real_q8_tensor_220w_none,0,100,11457,203.16,65,1605,9251,3,16
1784685483.131,real_q8_tensor_220w_none,1,100,11457,209.62,70,1635,9251,3,16
1784685483.131,real_q8_tensor_220w_none,2,100,11457,209.02,74,1560,9251,3,16
1784685483.131,real_q8_tensor_220w_none,3,100,11457,207.48,70,1665,9251,3,16
1784685483.727,real_q8_tensor_220w_none,0,100,11457,203.31,65,1620,9251,3,16
1784685483.727,real_q8_tensor_220w_none,1,100,11457,206.43,70,1530,9251,3,16
1784685483.727,real_q8_tensor_220w_none,2,100,11457,204.44,73,1665,9251,3,16
1784685483.727,real_q8_tensor_220w_none,3,100,11457,207.50,70,1515,9251,3,16
1784685484.297,real_q8_tensor_220w_none,0,100,11457,203.80,65,1590,9251,3,16
1784685484.297,real_q8_tensor_220w_none,1,100,11457,208.14,70,1500,9251,3,16
1784685484.297,real_q8_tensor_220w_none,2,100,11457,205.24,74,1665,9251,3,16
1784685484.297,real_q8_tensor_220w_none,3,100,11457,207.55,70,1560,9251,3,16
1784685484.893,real_q8_tensor_220w_none,0,100,11457,204.22,65,1605,9251,3,16
1784685484.893,real_q8_tensor_220w_none,1,100,11457,207.87,70,1605,9251,3,16
1784685484.893,real_q8_tensor_220w_none,2,100,11457,205.44,74,1560,9251,3,16
1784685484.893,real_q8_tensor_220w_none,3,100,11457,207.34,69,1680,9251,3,16
1784685485.486,real_q8_tensor_220w_none,0,100,11457,204.25,65,1620,9251,3,16
1784685485.486,real_q8_tensor_220w_none,1,100,11457,206.58,70,1515,9251,3,16
1784685485.486,real_q8_tensor_220w_none,2,100,11457,204.51,74,1575,9251,3,16
1784685485.486,real_q8_tensor_220w_none,3,100,11457,208.44,70,1545,9251,3,16
1784685486.058,real_q8_tensor_220w_none,0,100,11457,203.84,65,1710,9251,3,16
1784685486.058,real_q8_tensor_220w_none,1,100,11457,206.96,70,1530,9251,3,16
1784685486.058,real_q8_tensor_220w_none,2,100,11457,204.28,73,1635,9251,3,16
1784685486.058,real_q8_tensor_220w_none,3,100,11457,208.38,70,1560,9251,3,16
1784685486.626,real_q8_tensor_220w_none,0,100,11457,204.20,65,1680,9251,3,16
1784685486.626,real_q8_tensor_220w_none,1,100,11457,207.85,70,1575,9251,3,16
1784685486.626,real_q8_tensor_220w_none,2,100,11457,205.96,74,1605,9251,3,16
1784685486.626,real_q8_tensor_220w_none,3,100,11457,208.49,70,1560,9251,3,16
1784685487.218,real_q8_tensor_220w_none,0,100,11457,204.18,65,1665,9251,3,16
1784685487.218,real_q8_tensor_220w_none,1,100,11457,206.85,70,1620,9251,3,16
1784685487.218,real_q8_tensor_220w_none,2,100,11457,205.00,74,1590,9251,3,16
1784685487.218,real_q8_tensor_220w_none,3,100,11457,208.78,70,1590,9251,3,16
1784685487.786,real_q8_tensor_220w_none,0,100,11457,202.89,64,1665,9251,3,16
1784685487.786,real_q8_tensor_220w_none,1,100,11457,206.74,70,1590,9251,3,16
1784685487.786,real_q8_tensor_220w_none,2,100,11457,204.88,73,1590,9251,3,16
1784685487.786,real_q8_tensor_220w_none,3,100,11457,207.03,69,1635,9251,3,16
1784685488.357,real_q8_tensor_220w_none,0,96,11457,203.65,65,1710,9251,3,16
1784685488.357,real_q8_tensor_220w_none,1,68,11457,206.87,70,1500,9251,3,16
1784685488.357,real_q8_tensor_220w_none,2,100,11457,205.15,74,1635,9251,3,16
1784685488.357,real_q8_tensor_220w_none,3,100,11457,207.62,70,1560,9251,3,16
1784685488.950,real_q8_tensor_220w_none,0,96,11457,204.01,64,1725,9251,3,16
1784685488.950,real_q8_tensor_220w_none,1,53,11457,206.85,70,1605,9251,3,16
1784685488.950,real_q8_tensor_220w_none,2,100,11457,204.44,74,1665,9251,3,16
1784685488.950,real_q8_tensor_220w_none,3,100,11457,208.35,69,1665,9251,3,16
1784685489.519,real_q8_tensor_220w_none,0,64,11457,203.55,65,1590,9251,3,16
1784685489.519,real_q8_tensor_220w_none,1,53,11457,205.68,70,1455,9251,3,16
1784685489.519,real_q8_tensor_220w_none,2,38,11457,204.25,73,1680,9251,3,16
1784685489.519,real_q8_tensor_220w_none,3,85,11457,207.91,70,1515,9251,3,16
1784685490.113,real_q8_tensor_220w_none,0,64,11457,202.85,64,1695,9251,3,16
1784685490.113,real_q8_tensor_220w_none,1,39,11457,203.80,70,1455,9251,3,16
1784685490.113,real_q8_tensor_220w_none,2,38,11457,202.21,73,1650,9251,3,16
1784685490.113,real_q8_tensor_220w_none,3,85,11457,207.71,69,1530,9251,3,16
1784685490.684,real_q8_tensor_220w_none,0,97,11457,207.33,64,1920,9251,3,16
1784685490.684,real_q8_tensor_220w_none,1,39,11457,205.54,68,1890,9251,3,16
1784685490.684,real_q8_tensor_220w_none,2,49,11457,203.53,72,1875,9251,3,16
1784685490.684,real_q8_tensor_220w_none,3,85,11457,210.43,69,1905,9251,3,16
1784685491.252,real_q8_tensor_220w_none,0,97,11457,208.58,65,1830,9251,3,16
1784685491.252,real_q8_tensor_220w_none,1,66,11457,207.04,70,1845,9251,3,16
1784685491.252,real_q8_tensor_220w_none,2,49,11457,205.38,73,1815,9251,3,16
1784685491.252,real_q8_tensor_220w_none,3,85,11457,211.61,70,1845,9251,3,16
1784685491.848,real_q8_tensor_220w_none,0,100,11457,208.69,65,1740,9251,3,16
1784685491.848,real_q8_tensor_220w_none,1,100,11457,208.68,70,1635,9251,3,16
1784685491.848,real_q8_tensor_220w_none,2,73,11457,207.74,74,1590,9251,3,16
1784685491.848,real_q8_tensor_220w_none,3,100,11457,210.68,69,1635,9251,3,16
1784685492.410,real_q8_tensor_220w_none,0,100,11457,209.97,65,1710,9251,3,16
1784685492.410,real_q8_tensor_220w_none,1,100,11457,210.53,70,1620,9251,3,16
1784685492.410,real_q8_tensor_220w_none,2,73,11457,209.03,73,1665,9251,3,16
1784685492.410,real_q8_tensor_220w_none,3,100,11457,212.90,70,1515,9251,3,16
1784685492.980,real_q8_tensor_220w_none,0,100,11457,203.07,65,1680,9251,3,16
1784685492.980,real_q8_tensor_220w_none,1,100,11457,208.14,70,1530,9251,3,16
1784685492.980,real_q8_tensor_220w_none,2,100,11457,206.32,74,1635,9251,3,16
1784685492.980,real_q8_tensor_220w_none,3,100,11457,206.62,70,1545,9251,3,16
1784685493.549,real_q8_tensor_220w_none,0,100,11457,203.57,65,1725,9251,3,16
1784685493.549,real_q8_tensor_220w_none,1,100,11457,206.84,70,1635,9251,3,16
1784685493.549,real_q8_tensor_220w_none,2,100,11457,205.16,73,1665,9251,3,16
1784685493.549,real_q8_tensor_220w_none,3,100,11457,206.53,70,1530,9251,3,16
1784685494.120,real_q8_tensor_220w_none,0,100,11457,202.45,65,1635,9251,3,16
1784685494.120,real_q8_tensor_220w_none,1,100,11457,206.14,70,1515,9251,3,16
1784685494.120,real_q8_tensor_220w_none,2,100,11457,204.84,74,1620,9251,3,16
1784685494.120,real_q8_tensor_220w_none,3,100,11457,207.00,69,1545,9251,3,16
1784685494.690,real_q8_tensor_220w_none,0,100,11457,203.87,65,1710,9251,3,16
1784685494.690,real_q8_tensor_220w_none,1,100,11457,205.94,70,1605,9251,3,16
1784685494.690,real_q8_tensor_220w_none,2,100,11457,203.82,74,1680,9251,3,16
1784685494.690,real_q8_tensor_220w_none,3,100,11457,206.69,70,1545,9251,3,16
1784685495.259,real_q8_tensor_220w_none,0,100,11457,204.08,64,1590,9251,3,16
1784685495.259,real_q8_tensor_220w_none,1,100,11457,207.39,69,1455,9251,3,16
1784685495.259,real_q8_tensor_220w_none,2,100,11457,204.33,73,1680,9251,3,16
1784685495.259,real_q8_tensor_220w_none,3,100,11457,206.54,69,1515,9251,3,16
1784685495.827,real_q8_tensor_220w_none,0,77,11457,202.69,65,1605,9251,3,16
1784685495.827,real_q8_tensor_220w_none,1,100,11457,206.63,70,1500,9251,3,16
1784685495.827,real_q8_tensor_220w_none,2,68,11457,203.71,73,1605,9251,3,16
1784685495.827,real_q8_tensor_220w_none,3,68,11457,208.19,69,1620,9251,3,16
1784685496.400,real_q8_tensor_220w_none,0,100,11457,203.47,65,1725,9251,3,16
1784685496.400,real_q8_tensor_220w_none,1,100,11457,206.21,69,1620,9251,3,16
1784685496.400,real_q8_tensor_220w_none,2,89,11457,203.74,73,1665,9251,3,16
1784685496.400,real_q8_tensor_220w_none,3,100,11457,207.55,70,1635,9251,3,16
1784685496.997,real_q8_tensor_220w_none,0,100,11457,203.26,65,1680,9251,3,16
1784685496.997,real_q8_tensor_220w_none,1,65,11457,207.03,69,1575,9251,3,16
1784685496.997,real_q8_tensor_220w_none,2,89,11457,204.93,73,1545,9251,3,16
1784685496.997,real_q8_tensor_220w_none,3,100,11457,206.58,69,1650,9251,3,16
1784685497.591,real_q8_tensor_220w_none,0,58,11457,202.85,63,1620,9251,3,16
1784685497.591,real_q8_tensor_220w_none,1,65,11457,206.64,70,1575,9251,3,16
1784685497.591,real_q8_tensor_220w_none,2,52,11457,204.58,73,1545,9251,3,16
1784685497.591,real_q8_tensor_220w_none,3,87,11457,206.63,68,1605,9251,3,16
1784685498.161,real_q8_tensor_220w_none,0,58,11457,205.58,63,1920,9251,3,16
1784685498.161,real_q8_tensor_220w_none,1,35,11457,203.68,70,1890,9251,3,16
1784685498.161,real_q8_tensor_220w_none,2,52,11457,201.68,74,1875,9251,3,16
1784685498.161,real_q8_tensor_220w_none,3,87,11457,208.21,68,1905,9251,3,16
1784685498.731,real_q8_tensor_220w_none,0,98,11457,208.67,64,1755,9251,3,16
1784685498.731,real_q8_tensor_220w_none,1,35,11457,210.98,70,1680,9251,3,16
1784685498.731,real_q8_tensor_220w_none,2,100,11457,209.39,74,1740,9251,3,16
1784685498.731,real_q8_tensor_220w_none,3,89,11457,211.13,69,1710,9251,3,16
1784685499.292,real_q8_tensor_220w_none,0,100,11457,208.24,65,1665,9251,3,16
1784685499.292,real_q8_tensor_220w_none,1,100,11457,213.08,70,1545,9251,3,16
1784685499.292,real_q8_tensor_220w_none,2,100,11457,211.72,74,1635,9251,3,16
1784685499.292,real_q8_tensor_220w_none,3,100,11457,210.74,70,1590,9251,3,16
1784685499.881,real_q8_tensor_220w_none,0,100,11457,209.35,65,1545,9251,3,16
1784685499.881,real_q8_tensor_220w_none,1,100,11457,211.24,70,1455,9251,3,16
1784685499.881,real_q8_tensor_220w_none,2,100,11457,210.06,73,1500,9251,3,16
1784685499.881,real_q8_tensor_220w_none,3,100,11457,210.67,70,1545,9251,3,16
1784685500.497,real_q8_tensor_220w_none,0,100,11457,209.35,65,1560,9251,3,16
1784685500.497,real_q8_tensor_220w_none,1,100,11457,208.30,69,1440,9251,3,16
1784685500.497,real_q8_tensor_220w_none,2,100,11457,206.92,73,1665,9251,3,16
1784685500.497,real_q8_tensor_220w_none,3,100,11457,213.67,70,1485,9251,3,16
1784685501.090,real_q8_tensor_220w_none,0,100,11457,205.72,65,1710,9251,3,16
1784685501.090,real_q8_tensor_220w_none,1,100,11457,211.91,69,1500,9251,3,16
1784685501.090,real_q8_tensor_220w_none,2,100,11457,210.82,73,1635,9251,3,16
1784685501.090,real_q8_tensor_220w_none,3,100,11457,210.82,70,1530,9251,3,16
1784685501.720,real_q8_tensor_220w_none,0,100,11457,202.74,65,1575,9251,3,16
1784685501.720,real_q8_tensor_220w_none,1,100,11457,206.15,69,1455,9251,3,16
1784685501.720,real_q8_tensor_220w_none,2,100,11457,203.67,73,1665,9251,3,16
1784685501.720,real_q8_tensor_220w_none,3,100,11457,208.48,70,1515,9251,3,16
1784685502.291,real_q8_tensor_220w_none,0,100,11457,202.83,65,1560,9251,3,16
1784685502.291,real_q8_tensor_220w_none,1,100,11457,205.47,69,1605,9251,3,16
1784685502.291,real_q8_tensor_220w_none,2,100,11457,203.94,73,1500,9251,3,16
1784685502.291,real_q8_tensor_220w_none,3,100,11457,207.31,69,1650,9251,3,16
1784685502.860,real_q8_tensor_220w_none,0,100,11457,202.12,65,1560,9251,3,16
1784685502.860,real_q8_tensor_220w_none,1,100,11457,204.87,69,1455,9251,3,16
1784685502.860,real_q8_tensor_220w_none,2,93,11457,203.79,73,1515,9251,3,16
1784685502.860,real_q8_tensor_220w_none,3,100,11457,206.81,69,1650,9251,3,16
1784685503.458,real_q8_tensor_220w_none,0,100,11457,201.85,65,1710,9251,3,16
1784685503.458,real_q8_tensor_220w_none,1,100,11457,205.98,70,1605,9251,3,16
1784685503.458,real_q8_tensor_220w_none,2,100,11457,204.52,74,1560,9251,3,16
1784685503.458,real_q8_tensor_220w_none,3,100,11457,207.07,69,1605,9251,3,16
1784685504.026,real_q8_tensor_220w_none,0,100,11457,202.76,65,1605,9251,3,16
1784685504.026,real_q8_tensor_220w_none,1,100,11457,206.29,70,1500,9251,3,16
1784685504.026,real_q8_tensor_220w_none,2,100,11457,204.27,73,1605,9251,3,16
1784685504.026,real_q8_tensor_220w_none,3,100,11457,207.72,69,1620,9251,3,16
1784685504.597,real_q8_tensor_220w_none,0,100,11457,202.51,65,1575,9251,3,16
1784685504.597,real_q8_tensor_220w_none,1,82,11457,205.87,69,1470,9251,3,16
1784685504.597,real_q8_tensor_220w_none,2,80,11457,203.44,73,1650,9251,3,16
1784685504.597,real_q8_tensor_220w_none,3,100,11457,207.19,69,1485,9251,3,16
1784685505.190,real_q8_tensor_220w_none,0,100,11457,202.32,63,1560,9251,3,16
1784685505.190,real_q8_tensor_220w_none,1,82,11457,205.58,69,1620,9251,3,16
1784685505.190,real_q8_tensor_220w_none,2,80,11457,203.25,73,1515,9251,3,16
1784685505.190,real_q8_tensor_220w_none,3,100,11457,206.22,68,1620,9251,3,16
1784685505.760,real_q8_tensor_220w_none,0,90,11457,206.07,64,1920,9251,3,16
1784685505.760,real_q8_tensor_220w_none,1,33,11457,202.75,69,1890,9251,3,16
1784685505.760,real_q8_tensor_220w_none,2,34,11457,200.61,73,1875,9251,3,16
1784685505.760,real_q8_tensor_220w_none,3,65,11457,207.67,68,1905,9251,3,16
1784685506.327,real_q8_tensor_220w_none,0,100,11457,207.90,65,1710,9251,3,16
1784685506.327,real_q8_tensor_220w_none,1,100,11457,208.80,69,1590,9251,3,16
1784685506.327,real_q8_tensor_220w_none,2,100,11457,208.40,73,1695,9251,3,16
1784685506.327,real_q8_tensor_220w_none,3,100,11457,211.49,70,1560,9251,3,16
1784685506.891,real_q8_tensor_220w_none,0,100,11457,207.92,65,1545,9251,3,16
1784685506.891,real_q8_tensor_220w_none,1,100,11457,211.87,70,1590,9251,3,16
1784685506.891,real_q8_tensor_220w_none,2,100,11457,211.37,73,1485,9251,3,16
1784685506.891,real_q8_tensor_220w_none,3,100,11457,211.51,70,1635,9251,3,16
1784685507.462,real_q8_tensor_220w_none,0,100,11457,202.03,65,1605,9251,3,16
1784685507.462,real_q8_tensor_220w_none,1,100,11457,209.65,69,1485,9251,3,16
1784685507.462,real_q8_tensor_220w_none,2,100,11457,208.17,73,1635,9251,3,16
1784685507.462,real_q8_tensor_220w_none,3,100,11457,205.77,70,1515,9251,3,16
1784685508.029,real_q8_tensor_220w_none,0,100,11457,201.13,65,1590,9251,3,16
1784685508.029,real_q8_tensor_220w_none,1,100,11457,205.33,69,1620,9251,3,16
1784685508.029,real_q8_tensor_220w_none,2,100,11457,203.70,73,1500,9251,3,16
1784685508.029,real_q8_tensor_220w_none,3,100,11457,205.08,69,1635,9251,3,16
1784685508.597,real_q8_tensor_220w_none,0,100,11457,201.52,65,1560,9251,3,16
1784685508.597,real_q8_tensor_220w_none,1,100,11457,204.93,69,1440,9251,3,16
1784685508.597,real_q8_tensor_220w_none,2,100,11457,202.93,73,1665,9251,3,16
1784685508.597,real_q8_tensor_220w_none,3,100,11457,206.47,69,1500,9251,3,16
1784685509.169,real_q8_tensor_220w_none,0,100,11457,202.41,65,1680,9251,3,16
1784685509.169,real_q8_tensor_220w_none,1,100,11457,204.78,69,1515,9251,3,16
1784685509.169,real_q8_tensor_220w_none,2,100,11457,201.98,73,1605,9251,3,16
1784685509.169,real_q8_tensor_220w_none,3,100,11457,207.85,70,1515,9251,3,16
1784685509.736,real_q8_tensor_220w_none,0,100,11457,201.69,64,1590,9251,3,16
1784685509.736,real_q8_tensor_220w_none,1,100,11457,205.41,69,1515,9251,3,16
1784685509.736,real_q8_tensor_220w_none,2,100,11457,203.59,73,1650,9251,3,16
1784685509.736,real_q8_tensor_220w_none,3,100,11457,207.61,69,1590,9251,3,16
1784685510.305,real_q8_tensor_220w_none,0,48,11457,201.71,63,1680,9251,3,16
1784685510.305,real_q8_tensor_220w_none,1,35,11457,203.09,69,1560,9251,3,16
1784685510.305,real_q8_tensor_220w_none,2,33,11457,201.55,73,1635,9251,3,16
1784685510.305,real_q8_tensor_220w_none,3,72,11457,206.13,68,1500,9251,3,16
1784685510.874,real_q8_tensor_220w_none,0,100,11457,200.20,65,1905,9251,3,16
1784685510.874,real_q8_tensor_220w_none,1,86,11457,205.50,67,1890,9251,3,16
1784685510.874,real_q8_tensor_220w_none,2,33,11457,204.52,72,1875,9251,3,16
1784685510.874,real_q8_tensor_220w_none,3,72,11457,203.19,70,1905,9251,3,16
1784685511.465,real_q8_tensor_220w_none,0,100,11457,207.03,65,1740,9251,3,16
1784685511.465,real_q8_tensor_220w_none,1,99,11457,209.63,69,1650,9251,3,16
1784685511.465,real_q8_tensor_220w_none,2,100,11457,208.88,73,1680,9251,3,16
1784685511.465,real_q8_tensor_220w_none,3,100,11457,206.86,69,1695,9251,3,16
1784685512.048,real_q8_tensor_220w_none,0,100,11457,210.30,65,1665,9251,3,16
1784685512.048,real_q8_tensor_220w_none,1,99,11457,209.25,69,1515,9251,3,16
1784685512.048,real_q8_tensor_220w_none,2,100,11457,207.97,73,1605,9251,3,16
1784685512.048,real_q8_tensor_220w_none,3,100,11457,213.52,69,1515,9251,3,16
1784685512.635,real_q8_tensor_220w_none,0,100,11457,205.54,65,1650,9251,3,16
1784685512.635,real_q8_tensor_220w_none,1,100,11457,203.83,69,1575,9251,3,16
1784685512.635,real_q8_tensor_220w_none,2,100,11457,211.13,73,1545,9251,3,16
1784685512.635,real_q8_tensor_220w_none,3,100,11457,210.16,70,1620,9251,3,16
1784685513.207,real_q8_tensor_220w_none,0,100,11457,202.06,65,1650,9251,3,16
1784685513.207,real_q8_tensor_220w_none,1,100,11457,204.94,69,1425,9251,3,16
1784685513.207,real_q8_tensor_220w_none,2,100,11457,203.84,73,1560,9251,3,16
1784685513.207,real_q8_tensor_220w_none,3,100,11457,205.66,69,1605,9251,3,16
1784685513.800,real_q8_tensor_220w_none,0,100,11457,210.67,64,1575,9251,3,16
1784685513.800,real_q8_tensor_220w_none,1,100,11457,204.06,69,1575,9251,3,16
1784685513.800,real_q8_tensor_220w_none,2,100,11457,202.49,73,1560,9251,3,16
1784685513.800,real_q8_tensor_220w_none,3,100,11457,206.33,69,1620,9251,3,16
1784685514.437,real_q8_tensor_220w_none,0,100,11457,200.49,64,1530,9251,3,16
1784685514.437,real_q8_tensor_220w_none,1,100,11457,205.10,69,1395,9251,3,16
1784685514.437,real_q8_tensor_220w_none,2,100,11457,203.38,73,1470,9251,3,16
1784685514.437,real_q8_tensor_220w_none,3,100,11457,205.46,69,1470,9251,3,16
1784685515.029,real_q8_tensor_220w_none,0,100,11457,201.91,65,1695,9251,3,16
1784685515.029,real_q8_tensor_220w_none,1,100,11457,204.55,69,1425,9251,3,16
1784685515.029,real_q8_tensor_220w_none,2,100,11457,202.78,73,1650,9251,3,16
1784685515.029,real_q8_tensor_220w_none,3,100,11457,206.36,69,1530,9251,3,16
1784685515.598,real_q8_tensor_220w_none,0,100,11457,201.18,65,1695,9251,3,16
1784685515.598,real_q8_tensor_220w_none,1,100,11457,204.31,69,1605,9251,3,16
1784685515.598,real_q8_tensor_220w_none,2,100,11457,203.12,73,1530,9251,3,16
1784685515.598,real_q8_tensor_220w_none,3,100,11457,205.57,69,1605,9251,3,16
1784685516.165,real_q8_tensor_220w_none,0,100,11457,202.67,63,1680,9251,3,16
1784685516.165,real_q8_tensor_220w_none,1,100,11457,205.34,68,1500,9251,3,16
1784685516.165,real_q8_tensor_220w_none,2,100,11457,203.71,73,1665,9251,3,16
1784685516.165,real_q8_tensor_220w_none,3,100,11457,206.11,69,1590,9251,3,16
1784685516.759,real_q8_tensor_220w_none,0,87,11457,204.82,63,1680,9251,3,16
1784685516.759,real_q8_tensor_220w_none,1,30,11457,201.59,68,1620,9251,3,16
1784685516.759,real_q8_tensor_220w_none,2,32,11457,200.14,71,1575,9251,3,16
1784685516.759,real_q8_tensor_220w_none,3,62,11457,205.47,68,1740,9251,3,16
1784685517.348,real_q8_tensor_220w_none,0,100,11457,206.04,65,1725,9251,3,16
1784685517.348,real_q8_tensor_220w_none,1,100,11457,206.93,69,1770,9251,3,16
1784685517.348,real_q8_tensor_220w_none,2,83,11457,205.79,73,1665,9251,3,16
1784685517.348,real_q8_tensor_220w_none,3,100,11457,209.05,69,1830,9251,3,16
1784685517.910,real_q8_tensor_220w_none,0,100,11457,207.37,65,1605,9251,3,16
1784685517.910,real_q8_tensor_220w_none,1,100,11457,211.76,69,1605,9251,3,16
1784685517.910,real_q8_tensor_220w_none,2,100,11457,210.93,73,1515,9251,3,16
1784685517.910,real_q8_tensor_220w_none,3,100,11457,210.46,69,1605,9251,3,16
1784685518.479,real_q8_tensor_220w_none,0,100,11457,201.91,65,1680,9251,3,16
1784685518.479,real_q8_tensor_220w_none,1,100,11457,207.52,69,1590,9251,3,16
1784685518.479,real_q8_tensor_220w_none,2,100,11457,206.43,73,1545,9251,3,16
1784685518.479,real_q8_tensor_220w_none,3,100,11457,212.28,69,1635,9251,3,16
1784685519.047,real_q8_tensor_220w_none,0,100,11457,201.95,65,1515,9251,3,16
1784685519.047,real_q8_tensor_220w_none,1,100,11457,204.51,69,1590,9251,3,16
1784685519.047,real_q8_tensor_220w_none,2,100,11457,202.46,73,1485,9251,3,16
1784685519.047,real_q8_tensor_220w_none,3,100,11457,205.70,69,1620,9251,3,16
1784685519.617,real_q8_tensor_220w_none,0,100,11457,201.31,64,1650,9251,3,16
1784685519.617,real_q8_tensor_220w_none,1,100,11457,204.65,69,1545,9251,3,16
1784685519.617,real_q8_tensor_220w_none,2,100,11457,202.50,73,1605,9251,3,16
1784685519.617,real_q8_tensor_220w_none,3,100,11457,205.99,69,1590,9251,3,16
1784685520.185,real_q8_tensor_220w_none,0,100,11457,201.05,64,1695,9251,3,16
1784685520.185,real_q8_tensor_220w_none,1,100,11457,203.96,69,1440,9251,3,16
1784685520.185,real_q8_tensor_220w_none,2,100,11457,202.40,73,1635,9251,3,16
1784685520.185,real_q8_tensor_220w_none,3,100,11457,205.89,69,1455,9251,3,16
1784685520.778,real_q8_tensor_220w_none,0,100,11457,201.05,63,1530,9251,3,16
1784685520.778,real_q8_tensor_220w_none,1,100,11457,203.76,69,1410,9251,3,16
1784685520.778,real_q8_tensor_220w_none,2,100,11457,202.62,73,1440,9251,3,16
1784685520.778,real_q8_tensor_220w_none,3,65,11457,206.33,68,1530,9251,3,16
1784685521.371,real_q8_tensor_220w_none,0,89,11457,204.28,63,1920,9251,3,16
1784685521.371,real_q8_tensor_220w_none,1,30,11457,201.49,68,1755,9251,3,16
1784685521.371,real_q8_tensor_220w_none,2,31,11457,200.69,73,1890,9251,3,16
1784685521.371,real_q8_tensor_220w_none,3,63,11457,206.85,68,1875,9251,3,16
1784685521.937,real_q8_tensor_220w_none,0,89,11457,206.11,64,1710,9251,3,16
1784685521.937,real_q8_tensor_220w_none,1,30,11457,208.74,69,1575,9251,3,16
1784685521.937,real_q8_tensor_220w_none,2,31,11457,205.78,73,1590,9251,3,16
1784685521.937,real_q8_tensor_220w_none,3,63,11457,209.69,69,1560,9251,3,16
1784685522.496,real_q8_tensor_220w_none,0,100,11457,206.30,65,1710,9251,3,16
1784685522.496,real_q8_tensor_220w_none,1,100,11457,210.88,69,1605,9251,3,16
1784685522.496,real_q8_tensor_220w_none,2,100,11457,209.34,73,1650,9251,3,16
1784685522.496,real_q8_tensor_220w_none,3,100,11457,209.54,69,1635,9251,3,16
1784685523.068,real_q8_tensor_220w_none,0,100,11457,201.12,64,1560,9251,3,16
1784685523.068,real_q8_tensor_220w_none,1,100,11457,206.21,69,1425,9251,3,16
1784685523.068,real_q8_tensor_220w_none,2,100,11457,203.76,73,1635,9251,3,16
1784685523.068,real_q8_tensor_220w_none,3,100,11457,205.80,69,1470,9251,3,16
1784685523.637,real_q8_tensor_220w_none,0,100,11457,201.49,65,1680,9251,3,16
1784685523.637,real_q8_tensor_220w_none,1,100,11457,204.68,69,1575,9251,3,16
1784685523.637,real_q8_tensor_220w_none,2,100,11457,202.20,73,1590,9251,3,16
1784685523.637,real_q8_tensor_220w_none,3,100,11457,205.63,69,1545,9251,3,16
1784685524.205,real_q8_tensor_220w_none,0,100,11457,201.39,65,1530,9251,3,16
1784685524.205,real_q8_tensor_220w_none,1,100,11457,204.84,69,1590,9251,3,16
1784685524.205,real_q8_tensor_220w_none,2,100,11457,202.40,73,1485,9251,3,16
1784685524.205,real_q8_tensor_220w_none,3,100,11457,204.64,69,1620,9251,3,16
1784685524.799,real_q8_tensor_220w_none,0,100,11457,199.31,64,1605,9251,3,16
1784685524.799,real_q8_tensor_220w_none,1,89,11457,204.29,69,1485,9251,3,16
1784685524.799,real_q8_tensor_220w_none,2,87,11457,201.79,73,1605,9251,3,16
1784685524.799,real_q8_tensor_220w_none,3,100,11457,205.50,69,1485,9251,3,16
1784685525.390,real_q8_tensor_220w_none,0,100,11457,200.70,63,1710,9251,3,16
1784685525.390,real_q8_tensor_220w_none,1,89,11457,202.35,69,1590,9251,3,16
1784685525.390,real_q8_tensor_220w_none,2,87,11457,200.44,73,1500,9251,3,16
1784685525.390,real_q8_tensor_220w_none,3,100,11457,205.78,69,1590,9251,3,16
1784685525.978,real_q8_tensor_220w_none,0,100,11457,206.26,64,1890,9251,3,16
1784685525.978,real_q8_tensor_220w_none,1,75,11457,204.87,67,1860,9251,3,16
1784685525.978,real_q8_tensor_220w_none,2,62,11457,203.60,71,1830,9251,3,16
1784685525.978,real_q8_tensor_220w_none,3,100,11457,209.31,69,1860,9251,3,16
1784685526.536,real_q8_tensor_220w_none,0,100,11457,206.10,65,1590,9251,3,16
1784685526.536,real_q8_tensor_220w_none,1,75,11457,208.69,69,1515,9251,3,16
1784685526.536,real_q8_tensor_220w_none,2,62,11457,208.01,73,1485,9251,3,16
1784685526.536,real_q8_tensor_220w_none,3,100,11457,209.51,69,1590,9251,3,16
1784685527.104,real_q8_tensor_220w_none,0,100,11457,209.02,64,1560,9251,3,16
1784685527.104,real_q8_tensor_220w_none,1,100,11457,207.84,69,1605,9251,3,16
1784685527.104,real_q8_tensor_220w_none,2,100,11457,206.55,73,1470,9251,3,16
1784685527.104,real_q8_tensor_220w_none,3,100,11457,212.90,70,1635,9251,3,16
1784685527.672,real_q8_tensor_220w_none,0,100,11457,201.36,64,1590,9251,3,16
1784685527.672,real_q8_tensor_220w_none,1,100,11457,203.83,69,1590,9251,3,16
1784685527.672,real_q8_tensor_220w_none,2,100,11457,202.21,73,1485,9251,3,16
1784685527.672,real_q8_tensor_220w_none,3,100,11457,207.33,69,1605,9251,3,16
1784685528.270,real_q8_tensor_220w_none,0,100,11457,201.24,64,1545,9251,3,16
1784685528.270,real_q8_tensor_220w_none,1,100,11457,204.00,69,1455,9251,3,16
1784685528.270,real_q8_tensor_220w_none,2,100,11457,202.07,73,1650,9251,3,16
1784685528.270,real_q8_tensor_220w_none,3,100,11457,204.43,69,1560,9251,3,16
1784685528.866,real_q8_tensor_220w_none,0,65,11457,199.81,64,1680,9251,3,16
1784685528.866,real_q8_tensor_220w_none,1,86,11457,204.18,69,1605,9251,3,16
1784685528.866,real_q8_tensor_220w_none,2,64,11457,201.87,73,1470,9251,3,16
1784685528.866,real_q8_tensor_220w_none,3,64,11457,204.07,69,1620,9251,3,16
1784685529.440,real_q8_tensor_220w_none,0,100,11457,200.97,65,1680,9251,3,16
1784685529.440,real_q8_tensor_220w_none,1,100,11457,204.40,69,1395,9251,3,16
1784685529.440,real_q8_tensor_220w_none,2,100,11457,202.40,73,1635,9251,3,16
1784685529.440,real_q8_tensor_220w_none,3,100,11457,204.30,69,1425,9251,3,16
1784685530.140,real_q8_tensor_220w_none,0,100,11457,201.81,64,1485,9251,3,16
1784685530.140,real_q8_tensor_220w_none,1,100,11457,204.27,69,1560,9251,3,16
1784685530.140,real_q8_tensor_220w_none,2,100,11457,201.70,73,1470,9251,3,16
1784685530.140,real_q8_tensor_220w_none,3,100,11457,205.06,69,1605,9251,3,16
1784685530.709,real_q8_tensor_220w_none,0,36,11457,199.65,62,1545,9251,3,16
1784685530.709,real_q8_tensor_220w_none,1,77,11457,204.82,67,1395,9251,3,16
1784685530.709,real_q8_tensor_220w_none,2,66,11457,201.39,71,1890,9251,3,16
1784685530.709,real_q8_tensor_220w_none,3,29,11457,202.27,69,1545,9251,3,16
1784685531.302,real_q8_tensor_220w_none,0,36,11457,206.70,65,1650,9251,3,16
1784685531.302,real_q8_tensor_220w_none,1,77,11457,208.27,69,1545,9251,3,16
1784685531.302,real_q8_tensor_220w_none,2,66,11457,207.84,73,1650,9251,3,16
1784685531.302,real_q8_tensor_220w_none,3,29,11457,208.30,70,1500,9251,3,16
1784685531.862,real_q8_tensor_220w_none,0,100,11457,207.19,65,1665,9251,3,16
1784685531.862,real_q8_tensor_220w_none,1,100,11457,208.08,69,1410,9251,3,16
1784685531.862,real_q8_tensor_220w_none,2,100,11457,208.17,73,1635,9251,3,16
1784685531.862,real_q8_tensor_220w_none,3,100,11457,209.30,69,1440,9251,3,16
1784685532.451,real_q8_tensor_220w_none,0,100,11457,209.44,64,1695,9251,3,16
1784685532.451,real_q8_tensor_220w_none,1,100,11457,208.17,69,1410,9251,3,16
1784685532.451,real_q8_tensor_220w_none,2,100,11457,208.39,73,1620,9251,3,16
1784685532.451,real_q8_tensor_220w_none,3,100,11457,211.31,69,1500,9251,3,16
1784685533.056,real_q8_tensor_220w_none,0,100,11457,203.55,64,1680,9251,3,16
1784685533.056,real_q8_tensor_220w_none,1,100,11457,204.01,69,1545,9251,3,16
1784685533.056,real_q8_tensor_220w_none,2,100,11457,202.46,73,1650,9251,3,16
1784685533.056,real_q8_tensor_220w_none,3,100,11457,208.29,69,1590,9251,3,16
1784685533.653,real_q8_tensor_220w_none,0,100,11457,200.78,65,1680,9251,3,16
1784685533.653,real_q8_tensor_220w_none,1,100,11457,204.36,69,1575,9251,3,16
1784685533.653,real_q8_tensor_220w_none,2,100,11457,202.31,73,1635,9251,3,16
1784685533.653,real_q8_tensor_220w_none,3,100,11457,204.73,69,1605,9251,3,16
1784685534.223,real_q8_tensor_220w_none,0,97,11457,200.04,64,1665,9251,3,16
1784685534.223,real_q8_tensor_220w_none,1,57,11457,204.71,69,1530,9251,3,16
1784685534.223,real_q8_tensor_220w_none,2,67,11457,202.67,73,1635,9251,3,16
1784685534.223,real_q8_tensor_220w_none,3,100,11457,204.25,69,1590,9251,3,16
1784685534.794,real_q8_tensor_220w_none,0,64,11457,199.09,65,1500,9251,3,16
1784685534.794,real_q8_tensor_220w_none,1,57,11457,203.40,67,1320,9251,3,16
1784685534.794,real_q8_tensor_220w_none,2,75,11457,201.90,71,1425,9251,3,16
1784685534.794,real_q8_tensor_220w_none,3,91,11457,203.78,70,1395,9251,3,16
1784685535.384,real_q8_tensor_220w_none,0,90,11457,204.32,63,1905,9251,3,16
1784685535.384,real_q8_tensor_220w_none,1,31,11457,200.76,69,1890,9251,3,16
1784685535.384,real_q8_tensor_220w_none,2,31,11457,199.86,73,1875,9251,3,16
1784685535.384,real_q8_tensor_220w_none,3,63,11457,205.81,68,1905,9251,3,16
1784685536.013,real_q8_tensor_220w_none,0,90,11457,205.89,65,1530,9251,3,16
1784685536.013,real_q8_tensor_220w_none,1,31,11457,207.93,68,1395,9251,3,16
1784685536.013,real_q8_tensor_220w_none,2,31,11457,207.69,73,1545,9251,3,16
1784685536.013,real_q8_tensor_220w_none,3,63,11457,209.74,69,1440,9251,3,16
1784685536.581,real_q8_tensor_220w_none,0,100,11457,205.35,64,1680,9251,3,16
1784685536.581,real_q8_tensor_220w_none,1,100,11457,209.91,69,1395,9251,3,16
1784685536.581,real_q8_tensor_220w_none,2,100,11457,209.74,73,1635,9251,3,16
1784685536.581,real_q8_tensor_220w_none,3,100,11457,208.03,69,1530,9251,3,16
1784685537.175,real_q8_tensor_220w_none,0,100,11457,204.14,65,1545,9251,3,16
1784685537.175,real_q8_tensor_220w_none,1,100,11457,202.90,69,1560,9251,3,16
1784685537.175,real_q8_tensor_220w_none,2,100,11457,202.23,73,1560,9251,3,16
1784685537.175,real_q8_tensor_220w_none,3,100,11457,208.68,69,1620,9251,3,16
1784685537.769,real_q8_tensor_220w_none,0,100,11457,199.54,65,1695,9251,3,16
1784685537.769,real_q8_tensor_220w_none,1,100,11457,201.69,69,1590,9251,3,16
1784685537.769,real_q8_tensor_220w_none,2,100,11457,201.24,73,1455,9251,3,16
1784685537.769,real_q8_tensor_220w_none,3,100,11457,203.73,69,1605,9251,3,16
1784685538.339,real_q8_tensor_220w_none,0,64,11457,199.95,64,1545,9251,3,16
1784685538.339,real_q8_tensor_220w_none,1,64,11457,202.13,68,1560,9251,3,16
1784685538.339,real_q8_tensor_220w_none,2,84,11457,200.86,73,1515,9251,3,16
1784685538.339,real_q8_tensor_220w_none,3,68,11457,203.88,69,1635,9251,3,16
1784685538.912,real_q8_tensor_220w_none,0,29,11457,198.45,64,1650,9251,3,16
1784685538.912,real_q8_tensor_220w_none,1,41,11457,200.99,67,1515,9251,3,16
1784685538.912,real_q8_tensor_220w_none,2,42,11457,200.06,71,1575,9251,3,16
1784685538.912,real_q8_tensor_220w_none,3,53,11457,204.28,69,1500,9251,3,16
1784685539.482,real_q8_tensor_220w_none,0,29,11457,203.75,64,1710,9251,3,16
1784685539.482,real_q8_tensor_220w_none,1,41,11457,208.65,68,1755,9251,3,16
1784685539.482,real_q8_tensor_220w_none,2,42,11457,208.37,73,1650,9251,3,16
1784685539.482,real_q8_tensor_220w_none,3,53,11457,205.24,69,1815,9251,3,16
1784685540.043,real_q8_tensor_220w_none,0,100,11457,206.81,65,1665,9251,3,16
1784685540.043,real_q8_tensor_220w_none,1,100,11457,207.01,68,1560,9251,3,16
1784685540.043,real_q8_tensor_220w_none,2,100,11457,206.32,73,1485,9251,3,16
1784685540.043,real_q8_tensor_220w_none,3,100,11457,208.99,69,1605,9251,3,16
1784685540.613,real_q8_tensor_220w_none,0,100,11457,202.49,65,1635,9251,3,16
1784685540.613,real_q8_tensor_220w_none,1,100,11457,201.78,68,1515,9251,3,16
1784685540.613,real_q8_tensor_220w_none,2,100,11457,200.20,73,1635,9251,3,16
1784685540.613,real_q8_tensor_220w_none,3,100,11457,208.14,69,1485,9251,3,16
1784685541.183,real_q8_tensor_220w_none,0,100,11457,200.19,64,1680,9251,3,16
1784685541.183,real_q8_tensor_220w_none,1,100,11457,202.66,69,1605,9251,3,16
1784685541.183,real_q8_tensor_220w_none,2,100,11457,201.91,73,1485,9251,3,16
1784685541.183,real_q8_tensor_220w_none,3,100,11457,202.56,69,1605,9251,3,16
1784685541.753,real_q8_tensor_220w_none,0,100,11457,199.46,65,1680,9251,3,16
1784685541.753,real_q8_tensor_220w_none,1,100,11457,202.92,68,1530,9251,3,16
1784685541.753,real_q8_tensor_220w_none,2,100,11457,201.33,73,1620,9251,3,16
1784685541.753,real_q8_tensor_220w_none,3,100,11457,204.10,69,1395,9251,3,16
1784685542.346,real_q8_tensor_220w_none,0,30,11457,198.29,63,1560,9251,3,16
1784685542.346,real_q8_tensor_220w_none,1,53,11457,201.85,68,1410,9251,3,16
1784685542.346,real_q8_tensor_220w_none,2,66,11457,201.06,73,1605,9251,3,16
1784685542.346,real_q8_tensor_220w_none,3,25,11457,203.52,68,1410,9251,3,16
1784685542.937,real_q8_tensor_220w_none,0,30,11457,206.51,64,1815,9251,3,16
1784685542.937,real_q8_tensor_220w_none,1,53,11457,203.36,69,1770,9251,3,16
1784685542.937,real_q8_tensor_220w_none,2,66,11457,203.88,73,1770,9251,3,16
1784685542.937,real_q8_tensor_220w_none,3,25,11457,208.17,69,1815,9251,3,16
1784685543.498,real_q8_tensor_220w_none,0,100,11457,206.29,65,1665,9251,3,16
1784685543.498,real_q8_tensor_220w_none,1,100,11457,207.58,68,1365,9251,3,16
1784685543.498,real_q8_tensor_220w_none,2,100,11457,207.43,73,1620,9251,3,16
1784685543.498,real_q8_tensor_220w_none,3,100,11457,209.32,69,1395,9251,3,16
1784685544.070,real_q8_tensor_220w_none,0,100,11457,207.68,64,1680,9251,3,16
1784685544.070,real_q8_tensor_220w_none,1,100,11457,207.18,69,1545,9251,3,16
1784685544.070,real_q8_tensor_220w_none,2,100,11457,206.63,73,1635,9251,3,16
1784685544.070,real_q8_tensor_220w_none,3,100,11457,211.21,69,1425,9251,3,16
1784685544.685,real_q8_tensor_220w_none,0,100,11457,198.94,64,1665,9251,3,16
1784685544.685,real_q8_tensor_220w_none,1,100,11457,202.02,68,1560,9251,3,16
1784685544.685,real_q8_tensor_220w_none,2,100,11457,202.28,73,1470,9251,3,16
1784685544.685,real_q8_tensor_220w_none,3,100,11457,203.70,69,1590,9251,3,16
1784685545.257,real_q8_tensor_220w_none,0,100,11457,198.99,64,1500,9251,3,16
1784685545.257,real_q8_tensor_220w_none,1,100,11457,204.20,68,1545,9251,3,16
1784685545.257,real_q8_tensor_220w_none,2,100,11457,203.58,73,1455,9251,3,16
1784685545.257,real_q8_tensor_220w_none,3,100,11457,202.43,69,1590,9251,3,16
1784685545.827,real_q8_tensor_220w_none,0,32,11457,198.74,64,1485,9251,3,16
1784685545.827,real_q8_tensor_220w_none,1,34,11457,199.75,67,1365,9251,3,16
1784685545.827,real_q8_tensor_220w_none,2,35,11457,200.77,71,1590,9251,3,16
1784685545.827,real_q8_tensor_220w_none,3,59,11457,203.11,69,1395,9251,3,16
1784685546.394,real_q8_tensor_220w_none,0,32,11457,202.33,63,1875,9251,3,16
1784685546.394,real_q8_tensor_220w_none,1,34,11457,205.51,68,1845,9251,3,16
1784685546.394,real_q8_tensor_220w_none,2,35,11457,206.67,73,1800,9251,3,16
1784685546.394,real_q8_tensor_220w_none,3,59,11457,204.52,68,1845,9251,3,16
1784685546.975,real_q8_tensor_220w_none,0,100,11457,206.88,64,1635,9251,3,16
1784685546.975,real_q8_tensor_220w_none,1,100,11457,207.35,69,1575,9251,3,16
1784685546.975,real_q8_tensor_220w_none,2,100,11457,208.38,73,1500,9251,3,16
1784685546.975,real_q8_tensor_220w_none,3,100,11457,208.12,69,1575,9251,3,16
1784685547.544,real_q8_tensor_220w_none,0,100,11457,203.10,64,1695,9251,3,16
1784685547.544,real_q8_tensor_220w_none,1,100,11457,209.65,68,1575,9251,3,16
1784685547.544,real_q8_tensor_220w_none,2,100,11457,209.23,73,1485,9251,3,16
1784685547.544,real_q8_tensor_220w_none,3,100,11457,207.53,69,1605,9251,3,16
1784685548.113,real_q8_tensor_220w_none,0,100,11457,200.01,64,1500,9251,3,16
1784685548.113,real_q8_tensor_220w_none,1,100,11457,203.16,68,1350,9251,3,16
1784685548.113,real_q8_tensor_220w_none,2,100,11457,201.30,73,1440,9251,3,16
1784685548.113,real_q8_tensor_220w_none,3,100,11457,204.93,69,1425,9251,3,16
1784685548.681,real_q8_tensor_220w_none,0,100,11457,200.82,64,1665,9251,3,16
1784685548.681,real_q8_tensor_220w_none,1,100,11457,203.52,68,1560,9251,3,16
1784685548.681,real_q8_tensor_220w_none,2,100,11457,201.51,73,1410,9251,3,16
1784685548.681,real_q8_tensor_220w_none,3,100,11457,204.65,69,1605,9251,3,16
1784685549.274,real_q8_tensor_220w_none,0,78,11457,198.35,63,1635,9251,3,16
1784685549.274,real_q8_tensor_220w_none,1,27,11457,198.60,67,1485,9251,3,16
1784685549.274,real_q8_tensor_220w_none,2,25,11457,197.42,71,1500,9251,3,16
1784685549.274,real_q8_tensor_220w_none,3,74,11457,203.19,67,1485,9251,3,16
1784685549.841,real_q8_tensor_220w_none,0,100,11457,204.05,64,1725,9251,3,16
1784685549.841,real_q8_tensor_220w_none,1,99,11457,206.79,68,1635,9251,3,16
1784685549.841,real_q8_tensor_220w_none,2,100,11457,206.25,73,1560,9251,3,16
1784685549.841,real_q8_tensor_220w_none,3,100,11457,208.04,69,1680,9251,3,16
1784685550.429,real_q8_tensor_220w_none,0,100,11457,205.66,64,1665,9251,3,16
1784685550.429,real_q8_tensor_220w_none,1,100,11457,205.62,69,1545,9251,3,16
1784685550.429,real_q8_tensor_220w_none,2,100,11457,205.21,73,1620,9251,3,16
1784685550.429,real_q8_tensor_220w_none,3,100,11457,208.42,69,1380,9251,3,16
1784685551.022,real_q8_tensor_220w_none,0,100,11457,201.60,64,1650,9251,3,16
1784685551.022,real_q8_tensor_220w_none,1,100,11457,200.04,68,1530,9251,3,16
1784685551.022,real_q8_tensor_220w_none,2,100,11457,208.12,73,1605,9251,3,16
1784685551.022,real_q8_tensor_220w_none,3,100,11457,206.55,69,1500,9251,3,16
1784685551.588,real_q8_tensor_220w_none,0,100,11457,197.52,64,1680,9251,3,16
1784685551.588,real_q8_tensor_220w_none,1,100,11457,200.32,68,1545,9251,3,16
1784685551.588,real_q8_tensor_220w_none,2,100,11457,198.91,73,1455,9251,3,16
1784685551.588,real_q8_tensor_220w_none,3,100,11457,202.28,69,1605,9251,3,16
1784685552.157,real_q8_tensor_220w_none,0,100,11457,196.82,65,1650,9251,3,16
1784685552.157,real_q8_tensor_220w_none,1,100,11457,201.04,68,1500,9251,3,16
1784685552.157,real_q8_tensor_220w_none,2,100,11457,199.25,73,1605,9251,3,16
1784685552.157,real_q8_tensor_220w_none,3,100,11457,202.46,69,1485,9251,3,16
1784685552.768,real_q8_tensor_220w_none,0,33,11457,199.15,63,1455,9251,3,16
1784685552.768,real_q8_tensor_220w_none,1,30,11457,199.76,67,1275,9251,3,16
1784685552.768,real_q8_tensor_220w_none,2,31,11457,199.49,71,1410,9251,3,16
1784685552.768,real_q8_tensor_220w_none,3,61,11457,203.66,67,1410,9251,3,16
1784685553.362,real_q8_tensor_220w_none,0,100,11457,206.23,64,1545,9251,3,16
1784685553.362,real_q8_tensor_220w_none,1,100,11457,205.93,68,1365,9251,3,16
1784685553.362,real_q8_tensor_220w_none,2,100,11457,206.51,73,1605,9251,3,16
1784685553.362,real_q8_tensor_220w_none,3,100,11457,207.00,69,1440,9251,3,16
1784685553.927,real_q8_tensor_220w_none,0,100,11457,204.10,64,1500,9251,3,16
1784685553.927,real_q8_tensor_220w_none,1,100,11457,206.65,68,1380,9251,3,16
1784685553.927,real_q8_tensor_220w_none,2,100,11457,207.33,73,1395,9251,3,16
1784685553.927,real_q8_tensor_220w_none,3,100,11457,205.35,69,1605,9251,3,16
1784685554.521,real_q8_tensor_220w_none,0,100,11457,199.08,64,1665,9251,3,16
1784685554.521,real_q8_tensor_220w_none,1,100,11457,200.99,68,1560,9251,3,16
1784685554.521,real_q8_tensor_220w_none,2,100,11457,206.64,73,1545,9251,3,16
1784685554.521,real_q8_tensor_220w_none,3,100,11457,205.05,69,1605,9251,3,16
1784685555.090,real_q8_tensor_220w_none,0,100,11457,198.44,64,1470,9251,3,16
1784685555.090,real_q8_tensor_220w_none,1,100,11457,201.87,68,1395,9251,3,16
1784685555.090,real_q8_tensor_220w_none,2,100,11457,198.98,73,1410,9251,3,16
1784685555.090,real_q8_tensor_220w_none,3,100,11457,203.85,69,1590,9251,3,16
1784685555.661,real_q8_tensor_220w_none,0,100,11457,198.00,64,1695,9251,3,16
1784685555.661,real_q8_tensor_220w_none,1,100,11457,204.02,68,1575,9251,3,16
1784685555.661,real_q8_tensor_220w_none,2,100,11457,201.26,73,1560,9251,3,16
1784685555.661,real_q8_tensor_220w_none,3,100,11457,203.19,69,1620,9251,3,16
1784685556.229,real_q8_tensor_220w_none,0,97,11457,204.95,64,1890,9251,3,16
1784685556.229,real_q8_tensor_220w_none,1,53,11457,201.91,68,1875,9251,3,16
1784685556.229,real_q8_tensor_220w_none,2,55,11457,202.11,73,1845,9251,3,16
1784685556.229,real_q8_tensor_220w_none,3,85,11457,206.62,68,1875,9251,3,16
1784685556.811,real_q8_tensor_220w_none,0,97,11457,203.98,64,1485,9251,3,16
1784685556.811,real_q8_tensor_220w_none,1,53,11457,204.96,68,1545,9251,3,16
1784685556.811,real_q8_tensor_220w_none,2,100,11457,206.89,73,1395,9251,3,16
1784685556.811,real_q8_tensor_220w_none,3,100,11457,206.27,69,1590,9251,3,16
1784685557.383,real_q8_tensor_220w_none,0,100,11457,207.03,64,1665,9251,3,16
1784685557.383,real_q8_tensor_220w_none,1,100,11457,206.67,68,1545,9251,3,16
1784685557.383,real_q8_tensor_220w_none,2,100,11457,205.88,73,1440,9251,3,16
1784685557.383,real_q8_tensor_220w_none,3,100,11457,209.98,69,1590,9251,3,16
1784685557.954,real_q8_tensor_220w_none,0,100,11457,197.20,64,1515,9251,3,16
1784685557.954,real_q8_tensor_220w_none,1,100,11457,199.59,68,1560,9251,3,16
1784685557.954,real_q8_tensor_220w_none,2,100,11457,199.22,73,1485,9251,3,16
1784685557.954,real_q8_tensor_220w_none,3,100,11457,202.49,69,1605,9251,3,16
1784685558.583,real_q8_tensor_220w_none,0,100,11457,198.02,64,1665,9251,3,16
1784685558.583,real_q8_tensor_220w_none,1,100,11457,200.03,68,1560,9251,3,16
1784685558.583,real_q8_tensor_220w_none,2,100,11457,200.01,73,1635,9251,3,16
1784685558.583,real_q8_tensor_220w_none,3,100,11457,203.10,69,1590,9251,3,16
1784685559.154,real_q8_tensor_220w_none,0,54,11457,199.58,62,1620,9251,3,16
1784685559.154,real_q8_tensor_220w_none,1,100,11457,201.93,69,1395,9251,3,16
1784685559.154,real_q8_tensor_220w_none,2,100,11457,200.22,73,1560,9251,3,16
1784685559.154,real_q8_tensor_220w_none,3,100,11457,204.36,67,1440,9251,3,16
1784685559.744,real_q8_tensor_220w_none,0,54,11457,204.59,64,1695,9251,3,16
1784685559.744,real_q8_tensor_220w_none,1,87,11457,204.55,69,1590,9251,3,16
1784685559.744,real_q8_tensor_220w_none,2,87,11457,205.29,73,1380,9251,3,16
1784685559.744,real_q8_tensor_220w_none,3,100,11457,207.53,69,1665,9251,3,16
1784685560.305,real_q8_tensor_220w_none,0,100,11457,204.84,64,1680,9251,3,16
1784685560.305,real_q8_tensor_220w_none,1,87,11457,207.21,68,1545,9251,3,16
1784685560.305,real_q8_tensor_220w_none,2,87,11457,207.38,73,1440,9251,3,16
1784685560.305,real_q8_tensor_220w_none,3,100,11457,208.21,69,1605,9251,3,16
1784685560.875,real_q8_tensor_220w_none,0,100,11457,203.21,64,1485,9251,3,16
1784685560.875,real_q8_tensor_220w_none,1,100,11457,202.06,68,1545,9251,3,16
1784685560.875,real_q8_tensor_220w_none,2,100,11457,200.50,73,1470,9251,3,16
1784685560.875,real_q8_tensor_220w_none,3,100,11457,207.90,69,1605,9251,3,16
1784685561.467,real_q8_tensor_220w_none,0,100,11457,198.42,64,1500,9251,3,16
1784685561.467,real_q8_tensor_220w_none,1,100,11457,200.85,68,1545,9251,3,16
1784685561.467,real_q8_tensor_220w_none,2,100,11457,200.71,73,1485,9251,3,16
1784685561.467,real_q8_tensor_220w_none,3,100,11457,201.29,69,1605,9251,3,16
1784685562.063,real_q8_tensor_220w_none,0,100,11457,196.38,63,1680,9251,3,16
1784685562.063,real_q8_tensor_220w_none,1,78,11457,202.56,68,1590,9251,3,16
1784685562.063,real_q8_tensor_220w_none,2,100,11457,201.89,72,1590,9251,3,16
1784685562.063,real_q8_tensor_220w_none,3,47,11457,202.33,69,1620,9251,3,16
1784685562.633,real_q8_tensor_220w_none,0,97,11457,205.23,64,1875,9251,3,16
1784685562.633,real_q8_tensor_220w_none,1,78,11457,202.25,68,1845,9251,3,16
1784685562.633,real_q8_tensor_220w_none,2,57,11457,201.28,71,1860,9251,3,16
1784685562.633,real_q8_tensor_220w_none,3,47,11457,207.18,68,1860,9251,3,16
1784685563.212,real_q8_tensor_220w_none,0,97,11457,203.92,64,1680,9251,3,16
1784685563.212,real_q8_tensor_220w_none,1,100,11457,205.35,68,1410,9251,3,16
1784685563.212,real_q8_tensor_220w_none,2,57,11457,204.71,73,1620,9251,3,16
1784685563.212,real_q8_tensor_220w_none,3,100,11457,206.73,69,1395,9251,3,16
1784685563.781,real_q8_tensor_220w_none,0,100,11457,206.15,64,1665,9251,3,16
1784685563.781,real_q8_tensor_220w_none,1,100,11457,204.30,68,1530,9251,3,16
1784685563.781,real_q8_tensor_220w_none,2,100,11457,204.42,73,1605,9251,3,16
1784685563.781,real_q8_tensor_220w_none,3,100,11457,209.00,69,1590,9251,3,16
1784685564.378,real_q8_tensor_220w_none,0,100,11457,197.49,64,1680,9251,3,16
1784685564.378,real_q8_tensor_220w_none,1,73,11457,200.20,68,1545,9251,3,16
1784685564.378,real_q8_tensor_220w_none,2,100,11457,201.05,73,1440,9251,3,16
1784685564.378,real_q8_tensor_220w_none,3,100,11457,201.16,69,1605,9251,3,16
1784685564.967,real_q8_tensor_220w_none,0,100,11457,197.90,64,1650,9251,3,16
1784685564.967,real_q8_tensor_220w_none,1,100,11457,201.52,68,1515,9251,3,16
1784685564.967,real_q8_tensor_220w_none,2,100,11457,202.41,73,1605,9251,3,16
1784685564.967,real_q8_tensor_220w_none,3,100,11457,201.13,69,1590,9251,3,16
1784685565.537,real_q8_tensor_220w_none,0,92,11457,201.84,63,1905,9251,3,16
1784685565.537,real_q8_tensor_220w_none,1,100,11457,199.18,69,1890,9251,3,16
1784685565.537,real_q8_tensor_220w_none,2,33,11457,200.32,73,1875,9251,3,16
1784685565.537,real_q8_tensor_220w_none,3,63,11457,202.35,68,1905,9251,3,16
1784685566.098,real_q8_tensor_220w_none,0,92,11457,202.27,64,1665,9251,3,16
1784685566.098,real_q8_tensor_220w_none,1,100,11457,204.85,68,1560,9251,3,16
1784685566.098,real_q8_tensor_220w_none,2,33,11457,206.61,73,1605,9251,3,16
1784685566.098,real_q8_tensor_220w_none,3,63,11457,205.35,69,1575,9251,3,16
1784685566.694,real_q8_tensor_220w_none,0,100,11457,201.76,64,1680,9251,3,16
1784685566.694,real_q8_tensor_220w_none,1,100,11457,205.38,68,1395,9251,3,16
1784685566.694,real_q8_tensor_220w_none,2,100,11457,206.02,73,1620,9251,3,16
1784685566.694,real_q8_tensor_220w_none,3,100,11457,204.34,69,1380,9251,3,16
1784685567.262,real_q8_tensor_220w_none,0,100,11457,195.71,64,1545,9251,3,16
1784685567.262,real_q8_tensor_220w_none,1,100,11457,198.11,68,1395,9251,3,16
1784685567.262,real_q8_tensor_220w_none,2,100,11457,198.48,73,1620,9251,3,16
1784685567.262,real_q8_tensor_220w_none,3,100,11457,200.34,69,1425,9251,3,16
1784685567.849,real_q8_tensor_220w_none,0,55,11457,198.15,64,1455,9251,3,16
1784685567.849,real_q8_tensor_220w_none,1,67,11457,199.96,68,1530,9251,3,16
1784685567.849,real_q8_tensor_220w_none,2,100,11457,200.71,73,1440,9251,3,16
1784685567.849,real_q8_tensor_220w_none,3,84,11457,201.58,69,1575,9251,3,16
1784685568.417,real_q8_tensor_220w_none,0,55,11457,202.39,63,1905,9251,3,16
1784685568.417,real_q8_tensor_220w_none,1,35,11457,198.84,68,1890,9251,3,16
1784685568.417,real_q8_tensor_220w_none,2,100,11457,200.54,73,1875,9251,3,16
1784685568.417,real_q8_tensor_220w_none,3,84,11457,203.69,67,1905,9251,3,16
1784685569.004,real_q8_tensor_220w_none,0,100,11457,201.09,64,1665,9251,3,16
1784685569.004,real_q8_tensor_220w_none,1,35,11457,204.31,68,1350,9251,3,16
1784685569.004,real_q8_tensor_220w_none,2,100,11457,205.60,73,1605,9251,3,16
1784685569.004,real_q8_tensor_220w_none,3,100,11457,205.77,69,1410,9251,3,16
1784685569.598,real_q8_tensor_220w_none,0,100,11457,203.64,64,1455,9251,3,16
1784685569.598,real_q8_tensor_220w_none,1,100,11457,207.20,68,1335,9251,3,16
1784685569.598,real_q8_tensor_220w_none,2,100,11457,205.64,73,1605,9251,3,16
1784685569.598,real_q8_tensor_220w_none,3,100,11457,207.67,69,1425,9251,3,16
1784685570.166,real_q8_tensor_220w_none,0,100,11457,196.96,64,1665,9251,3,16
1784685570.166,real_q8_tensor_220w_none,1,100,11457,200.13,68,1560,9251,3,16
1784685570.166,real_q8_tensor_220w_none,2,100,11457,198.88,73,1620,9251,3,16
1784685570.166,real_q8_tensor_220w_none,3,100,11457,202.57,69,1590,9251,3,16
1784685570.736,real_q8_tensor_220w_none,0,100,11457,198.16,64,1500,9251,3,16
1784685570.736,real_q8_tensor_220w_none,1,100,11457,200.64,69,1350,9251,3,16
1784685570.736,real_q8_tensor_220w_none,2,100,11457,199.78,71,1650,9251,3,16
1784685570.736,real_q8_tensor_220w_none,3,100,11457,202.76,69,1365,9251,3,16
1784685571.305,real_q8_tensor_220w_none,0,93,11457,203.06,63,1875,9251,3,16
1784685571.305,real_q8_tensor_220w_none,1,100,11457,206.21,68,1845,9251,3,16
1784685571.305,real_q8_tensor_220w_none,2,100,11457,207.70,73,1785,9251,3,16
1784685571.305,real_q8_tensor_220w_none,3,63,11457,204.67,68,1845,9251,3,16
1784685571.863,real_q8_tensor_220w_none,0,100,11457,202.27,64,1665,9251,3,16
1784685571.863,real_q8_tensor_220w_none,1,100,11457,203.58,68,1365,9251,3,16
1784685571.863,real_q8_tensor_220w_none,2,100,11457,204.96,72,1620,9251,3,16
1784685571.863,real_q8_tensor_220w_none,3,100,11457,205.63,69,1365,9251,3,16
1784685572.459,real_q8_tensor_220w_none,0,100,11457,203.42,64,1665,9251,3,16
1784685572.459,real_q8_tensor_220w_none,1,100,11457,205.74,68,1560,9251,3,16
1784685572.459,real_q8_tensor_220w_none,2,100,11457,206.84,73,1620,9251,3,16
1784685572.459,real_q8_tensor_220w_none,3,100,11457,204.66,69,1545,9251,3,16
1784685573.056,real_q8_tensor_220w_none,0,100,11457,198.39,64,1665,9251,3,16
1784685573.056,real_q8_tensor_220w_none,1,100,11457,200.88,68,1530,9251,3,16
1784685573.056,real_q8_tensor_220w_none,2,100,11457,200.23,73,1425,9251,3,16
1784685573.056,real_q8_tensor_220w_none,3,100,11457,202.38,69,1575,9251,3,16
1784685573.628,real_q8_tensor_220w_none,0,40,11457,196.43,64,1590,9251,3,16
1784685573.628,real_q8_tensor_220w_none,1,100,11457,197.42,66,1575,9251,3,16
1784685573.628,real_q8_tensor_220w_none,2,98,11457,195.87,71,1575,9251,3,16
1784685573.628,real_q8_tensor_220w_none,3,69,11457,202.83,69,1635,9251,3,16
1784685574.197,real_q8_tensor_220w_none,0,98,11457,203.90,63,1815,9251,3,16
1784685574.197,real_q8_tensor_220w_none,1,100,11457,204.49,68,1755,9251,3,16
1784685574.197,real_q8_tensor_220w_none,2,100,11457,206.41,73,1635,9251,3,16
1784685574.197,real_q8_tensor_220w_none,3,100,11457,204.81,68,1785,9251,3,16
1784685574.760,real_q8_tensor_220w_none,0,100,11457,203.35,64,1650,9251,3,16
1784685574.760,real_q8_tensor_220w_none,1,100,11457,206.51,68,1530,9251,3,16
1784685574.760,real_q8_tensor_220w_none,2,100,11457,207.83,73,1425,9251,3,16
1784685574.760,real_q8_tensor_220w_none,3,100,11457,206.74,69,1560,9251,3,16
1784685575.332,real_q8_tensor_220w_none,0,88,11457,194.63,64,1665,9251,3,16
1784685575.332,real_q8_tensor_220w_none,1,100,11457,202.27,68,1350,9251,3,16
1784685575.332,real_q8_tensor_220w_none,2,100,11457,202.14,73,1620,9251,3,16
1784685575.332,real_q8_tensor_220w_none,3,100,11457,201.50,69,1365,9251,3,16
1784685575.921,real_q8_tensor_220w_none,0,100,11457,193.56,64,1680,9251,3,16
1784685575.921,real_q8_tensor_220w_none,1,100,11457,197.69,68,1560,9251,3,16
1784685575.921,real_q8_tensor_220w_none,2,100,11457,198.42,73,1635,9251,3,16
1784685575.921,real_q8_tensor_220w_none,3,100,11457,199.39,68,1605,9251,3,16
1784685576.490,real_q8_tensor_220w_none,0,100,11457,195.69,63,1635,9251,3,16
1784685576.490,real_q8_tensor_220w_none,1,53,11457,199.68,66,1455,9251,3,16
1784685576.490,real_q8_tensor_220w_none,2,100,11457,203.28,71,1470,9251,3,16
1784685576.490,real_q8_tensor_220w_none,3,100,11457,197.70,69,1485,9251,3,16
1784685577.081,real_q8_tensor_220w_none,0,100,11457,204.18,64,1650,9251,3,16
1784685577.081,real_q8_tensor_220w_none,1,53,11457,205.39,68,1515,9251,3,16
1784685577.081,real_q8_tensor_220w_none,2,100,11457,206.36,73,1605,9251,3,16
1784685577.081,real_q8_tensor_220w_none,3,100,11457,206.54,69,1560,9251,3,16
1784685577.646,real_q8_tensor_220w_none,0,100,11457,200.73,64,1665,9251,3,16
1784685577.646,real_q8_tensor_220w_none,1,100,11457,203.00,68,1335,9251,3,16
1784685577.646,real_q8_tensor_220w_none,2,100,11457,200.88,72,1605,9251,3,16
1784685577.646,real_q8_tensor_220w_none,3,100,11457,205.95,69,1380,9251,3,16
1784685578.238,real_q8_tensor_220w_none,0,100,11457,194.49,64,1650,9251,3,16
1784685578.238,real_q8_tensor_220w_none,1,100,11457,199.42,68,1515,9251,3,16
1784685578.238,real_q8_tensor_220w_none,2,100,11457,197.97,73,1395,9251,3,16
1784685578.238,real_q8_tensor_220w_none,3,100,11457,199.55,68,1575,9251,3,16
1784685578.806,real_q8_tensor_220w_none,0,100,11457,192.55,64,1425,9251,3,16
1784685578.806,real_q8_tensor_220w_none,1,54,11457,197.02,68,1515,9251,3,16
1784685578.806,real_q8_tensor_220w_none,2,100,11457,195.95,72,1380,9251,3,16
1784685578.806,real_q8_tensor_220w_none,3,60,11457,197.94,68,1560,9251,3,16
1784685579.374,real_q8_tensor_220w_none,0,65,11457,195.23,64,1800,9251,3,16
1784685579.374,real_q8_tensor_220w_none,1,100,11457,201.07,67,1830,9251,3,16
1784685579.374,real_q8_tensor_220w_none,2,86,11457,200.61,72,1770,9251,3,16
1784685579.374,real_q8_tensor_220w_none,3,36,11457,198.97,68,1860,9251,3,16
1784685579.933,real_q8_tensor_220w_none,0,65,11457,199.79,64,1425,9251,3,16
1784685579.933,real_q8_tensor_220w_none,1,100,11457,201.72,68,1320,9251,3,16
1784685579.933,real_q8_tensor_220w_none,2,86,11457,200.48,73,1605,9251,3,16
1784685579.933,real_q8_tensor_220w_none,3,36,11457,205.08,69,1395,9251,3,16
1784685580.502,real_q8_tensor_220w_none,0,100,11457,198.63,64,1635,9251,3,16
1784685580.502,real_q8_tensor_220w_none,1,100,11457,198.17,68,1515,9251,3,16
1784685580.502,real_q8_tensor_220w_none,2,100,11457,196.27,72,1605,9251,3,16
1784685580.502,real_q8_tensor_220w_none,3,100,11457,205.52,68,1575,9251,3,16
1784685581.071,real_q8_tensor_220w_none,0,100,11457,192.10,64,1635,9251,3,16
1784685581.071,real_q8_tensor_220w_none,1,100,11457,196.85,67,1515,9251,3,16
1784685581.071,real_q8_tensor_220w_none,2,100,11457,194.42,72,1380,9251,3,16
1784685581.071,real_q8_tensor_220w_none,3,100,11457,199.55,68,1590,9251,3,16
1784685581.643,real_q8_tensor_220w_none,0,86,11457,196.15,63,1905,9251,3,16
1784685581.643,real_q8_tensor_220w_none,1,100,11457,196.05,67,1890,9251,3,16
1784685581.643,real_q8_tensor_220w_none,2,28,11457,193.21,71,1875,9251,3,16
1784685581.643,real_q8_tensor_220w_none,3,57,11457,202.71,67,1905,9251,3,16
1784685582.209,real_q8_tensor_220w_none,0,86,11457,199.69,64,1425,9251,3,16
1784685582.209,real_q8_tensor_220w_none,1,100,11457,203.60,68,1500,9251,3,16
1784685582.209,real_q8_tensor_220w_none,2,28,11457,201.07,73,1365,9251,3,16
1784685582.209,real_q8_tensor_220w_none,3,57,11457,207.01,69,1560,9251,3,16
1784685582.775,real_q8_tensor_220w_none,0,100,11457,200.20,64,1440,9251,3,16
1784685582.775,real_q8_tensor_220w_none,1,100,11457,206.01,68,1350,9251,3,16
1784685582.775,real_q8_tensor_220w_none,2,100,11457,203.53,72,1575,9251,3,16
1784685582.775,real_q8_tensor_220w_none,3,100,11457,207.09,69,1440,9251,3,16
1784685583.345,real_q8_tensor_220w_none,0,59,11457,194.55,64,1635,9251,3,16
1784685583.345,real_q8_tensor_220w_none,1,100,11457,197.92,68,1365,9251,3,16
1784685583.345,real_q8_tensor_220w_none,2,100,11457,194.64,73,1575,9251,3,16
1784685583.345,real_q8_tensor_220w_none,3,90,11457,203.09,69,1485,9251,3,16
1784685583.918,real_q8_tensor_220w_none,0,18,11457,190.80,63,1605,9251,3,16
1784685583.918,real_q8_tensor_220w_none,1,100,11457,198.06,66,1440,9251,3,16
1784685583.918,real_q8_tensor_220w_none,2,50,11457,196.07,71,1380,9251,3,16
1784685583.918,real_q8_tensor_220w_none,3,40,11457,199.32,68,1530,9251,3,16
1784685584.484,real_q8_tensor_220w_none,0,100,11457,201.04,64,1620,9251,3,16
1784685584.484,real_q8_tensor_220w_none,1,100,11457,204.50,68,1350,9251,3,16
1784685584.484,real_q8_tensor_220w_none,2,100,11457,201.28,72,1575,9251,3,16
1784685584.484,real_q8_tensor_220w_none,3,100,11457,209.29,69,1455,9251,3,16
1784685585.052,real_q8_tensor_220w_none,0,100,11457,203.93,64,1635,9251,3,16
1784685585.052,real_q8_tensor_220w_none,1,100,11457,204.66,68,1530,9251,3,16
1784685585.052,real_q8_tensor_220w_none,2,100,11457,200.60,73,1380,9251,3,16
1784685585.052,real_q8_tensor_220w_none,3,100,11457,213.37,69,1590,9251,3,16
1784685585.620,real_q8_tensor_220w_none,0,100,11457,195.34,64,1485,9251,3,16
1784685585.620,real_q8_tensor_220w_none,1,100,11457,202.38,68,1395,9251,3,16
1784685585.620,real_q8_tensor_220w_none,2,100,11457,197.59,72,1380,9251,3,16
1784685585.620,real_q8_tensor_220w_none,3,100,11457,206.01,69,1530,9251,3,16
1784685586.189,real_q8_tensor_220w_none,0,88,11457,194.21,64,1620,9251,3,16
1784685586.189,real_q8_tensor_220w_none,1,100,11457,199.67,68,1530,9251,3,16
1784685586.189,real_q8_tensor_220w_none,2,64,11457,196.29,72,1395,9251,3,16
1784685586.189,real_q8_tensor_220w_none,3,97,11457,203.42,69,1590,9251,3,16
1784685586.782,real_q8_tensor_220w_none,0,88,11457,197.66,64,1875,9251,3,16
1784685586.782,real_q8_tensor_220w_none,1,89,11457,205.11,67,1830,9251,3,16
1784685586.782,real_q8_tensor_220w_none,2,64,11457,201.33,71,1755,9251,3,16
1784685586.782,real_q8_tensor_220w_none,3,97,11457,206.77,69,1860,9251,3,16
1784685587.342,real_q8_tensor_220w_none,0,100,11457,202.85,64,1470,9251,3,16
1784685587.342,real_q8_tensor_220w_none,1,100,11457,207.17,68,1365,9251,3,16
1784685587.342,real_q8_tensor_220w_none,2,100,11457,201.98,72,1365,9251,3,16
1784685587.342,real_q8_tensor_220w_none,3,100,11457,213.05,69,1575,9251,3,16
1784685587.910,real_q8_tensor_220w_none,0,100,11457,201.98,64,1620,9251,3,16
1784685587.910,real_q8_tensor_220w_none,1,100,11457,210.19,68,1530,9251,3,16
1784685587.910,real_q8_tensor_220w_none,2,100,11457,205.14,72,1380,9251,3,16
1784685587.910,real_q8_tensor_220w_none,3,100,11457,212.13,69,1590,9251,3,16
1784685588.507,real_q8_tensor_220w_none,0,100,11457,196.07,64,1650,9251,3,16
1784685588.507,real_q8_tensor_220w_none,1,100,11457,202.27,68,1485,9251,3,16
1784685588.507,real_q8_tensor_220w_none,2,100,11457,196.31,72,1560,9251,3,16
1784685588.507,real_q8_tensor_220w_none,3,100,11457,205.24,69,1575,9251,3,16
1784685589.099,real_q8_tensor_220w_none,0,100,11457,195.84,64,1590,9251,3,16
1784685589.099,real_q8_tensor_220w_none,1,31,11457,201.70,66,1470,9251,3,16
1784685589.099,real_q8_tensor_220w_none,2,100,11457,195.58,71,1455,9251,3,16
1784685589.099,real_q8_tensor_220w_none,3,100,11457,208.09,69,1545,9251,3,16
1784685589.690,real_q8_tensor_220w_none,0,100,11457,204.22,64,1800,9251,3,16
1784685589.690,real_q8_tensor_220w_none,1,31,11457,204.45,68,1740,9251,3,16
1784685589.690,real_q8_tensor_220w_none,2,54,11457,198.28,72,1755,9251,3,16
1784685589.690,real_q8_tensor_220w_none,3,99,11457,213.61,68,1785,9251,3,16
1784685590.285,real_q8_tensor_220w_none,0,100,11457,205.71,64,1635,9251,3,16
1784685590.285,real_q8_tensor_220w_none,1,100,11457,210.38,68,1410,9251,3,16
1784685590.285,real_q8_tensor_220w_none,2,54,11457,204.09,73,1575,9251,3,16
1784685590.285,real_q8_tensor_220w_none,3,99,11457,213.65,69,1545,9251,3,16
1784685590.864,real_q8_tensor_220w_none,0,100,11457,198.94,64,1635,9251,3,16
1784685590.864,real_q8_tensor_220w_none,1,100,11457,207.87,68,1500,9251,3,16
1784685590.864,real_q8_tensor_220w_none,2,25,11457,198.64,72,1590,9251,3,16
1784685590.864,real_q8_tensor_220w_none,3,100,11457,205.14,69,1575,9251,3,16
1784685591.439,real_q8_tensor_220w_none,0,97,11457,200.70,64,1425,9251,3,16
1784685591.439,real_q8_tensor_220w_none,1,78,11457,202.55,68,1515,9251,3,16
1784685591.439,real_q8_tensor_220w_none,2,100,11457,203.41,72,1365,9251,3,16
1784685591.439,real_q8_tensor_220w_none,3,100,11457,202.14,69,1545,9251,3,16
1784685592.010,real_q8_tensor_220w_none,0,97,11457,200.07,62,1920,9251,3,16
1784685592.010,real_q8_tensor_220w_none,1,27,11457,197.31,68,1905,9251,3,16
1784685592.010,real_q8_tensor_220w_none,2,100,11457,195.54,72,1875,9251,3,16
1784685592.010,real_q8_tensor_220w_none,3,100,11457,202.73,67,1920,9251,3,16
1784685592.601,real_q8_tensor_220w_none,0,100,11457,202.35,64,1650,9251,3,16
1784685592.601,real_q8_tensor_220w_none,1,27,11457,205.71,68,1305,9251,3,16
1784685592.601,real_q8_tensor_220w_none,2,100,11457,206.79,73,1620,9251,3,16
1784685592.601,real_q8_tensor_220w_none,3,100,11457,207.82,69,1350,9251,3,16
1784685593.194,real_q8_tensor_220w_none,0,100,11457,204.07,64,1635,9251,3,16
1784685593.194,real_q8_tensor_220w_none,1,100,11457,207.72,68,1545,9251,3,16
1784685593.194,real_q8_tensor_220w_none,2,100,11457,209.97,73,1410,9251,3,16
1784685593.194,real_q8_tensor_220w_none,3,100,11457,207.24,69,1590,9251,3,16
1784685593.761,real_q8_tensor_220w_none,0,100,11457,196.77,64,1620,9251,3,16
1784685593.761,real_q8_tensor_220w_none,1,100,11457,201.04,68,1560,9251,3,16
1784685593.761,real_q8_tensor_220w_none,2,100,11457,196.83,72,1605,9251,3,16
1784685593.761,real_q8_tensor_220w_none,3,100,11457,205.21,69,1575,9251,3,16
1784685594.352,real_q8_tensor_220w_none,0,58,11457,198.23,63,1650,9251,3,16
1784685594.352,real_q8_tensor_220w_none,1,53,11457,201.23,68,1365,9251,3,16
1784685594.352,real_q8_tensor_220w_none,2,58,11457,202.07,72,1605,9251,3,16
1784685594.352,real_q8_tensor_220w_none,3,58,11457,201.45,69,1470,9251,3,16
1784685594.962,real_q8_tensor_220w_none,0,100,11457,199.49,64,1815,9251,3,16
1784685594.962,real_q8_tensor_220w_none,1,53,11457,206.44,68,1755,9251,3,16
1784685594.962,real_q8_tensor_220w_none,2,91,11457,205.70,72,1770,9251,3,16
1784685594.962,real_q8_tensor_220w_none,3,42,11457,204.65,69,1770,9251,3,16
1784685595.522,real_q8_tensor_220w_none,0,100,11457,203.52,64,1410,9251,3,16
1784685595.522,real_q8_tensor_220w_none,1,100,11457,205.26,68,1500,9251,3,16
1784685595.522,real_q8_tensor_220w_none,2,91,11457,203.71,72,1380,9251,3,16
1784685595.522,real_q8_tensor_220w_none,3,42,11457,210.66,69,1545,9251,3,16
1784685596.089,real_q8_tensor_220w_none,0,100,11457,200.71,64,1665,9251,3,16
1784685596.089,real_q8_tensor_220w_none,1,100,11457,198.85,68,1575,9251,3,16
1784685596.089,real_q8_tensor_220w_none,2,100,11457,199.25,73,1605,9251,3,16
1784685596.089,real_q8_tensor_220w_none,3,100,11457,204.48,69,1590,9251,3,16
1784685596.659,real_q8_tensor_220w_none,0,100,11457,198.04,64,1455,9251,3,16
1784685596.659,real_q8_tensor_220w_none,1,91,11457,199.74,67,1515,9251,3,16
1784685596.659,real_q8_tensor_220w_none,2,100,11457,201.17,72,1350,9251,3,16
1784685596.659,real_q8_tensor_220w_none,3,100,11457,199.75,69,1590,9251,3,16
1784685597.228,real_q8_tensor_220w_none,0,100,11457,205.10,64,1815,9251,3,16
1784685597.228,real_q8_tensor_220w_none,1,91,11457,203.91,68,1830,9251,3,16
1784685597.228,real_q8_tensor_220w_none,2,52,11457,201.86,73,1770,9251,3,16
1784685597.228,real_q8_tensor_220w_none,3,100,11457,211.12,69,1845,9251,3,16
1784685597.786,real_q8_tensor_220w_none,0,100,11457,204.07,64,1620,9251,3,16
1784685597.786,real_q8_tensor_220w_none,1,100,11457,206.64,67,1515,9251,3,16
1784685597.786,real_q8_tensor_220w_none,2,52,11457,203.33,73,1365,9251,3,16
1784685597.786,real_q8_tensor_220w_none,3,100,11457,211.30,69,1560,9251,3,16
1784685598.354,real_q8_tensor_220w_none,0,100,11457,193.95,64,1635,9251,3,16
1784685598.354,real_q8_tensor_220w_none,1,91,11457,201.86,67,1515,9251,3,16
1784685598.354,real_q8_tensor_220w_none,2,100,11457,202.08,73,1425,9251,3,16
1784685598.354,real_q8_tensor_220w_none,3,100,11457,208.09,69,1560,9251,3,16
1784685598.924,real_q8_tensor_220w_none,0,100,11457,193.59,64,1725,9251,3,16
1784685598.924,real_q8_tensor_220w_none,1,100,11457,198.85,68,1320,9251,3,16
1784685598.924,real_q8_tensor_220w_none,2,100,11457,197.15,72,1665,9251,3,16
1784685598.924,real_q8_tensor_220w_none,3,100,11457,202.38,69,1350,9251,3,16
1784685599.493,real_q8_tensor_220w_none,0,97,11457,200.32,63,1815,9251,3,16
1784685599.493,real_q8_tensor_220w_none,1,100,11457,203.40,68,1755,9251,3,16
1784685599.493,real_q8_tensor_220w_none,2,100,11457,200.76,72,1620,9251,3,16
1784685599.493,real_q8_tensor_220w_none,3,82,11457,207.29,68,1770,9251,3,16
1784685600.051,real_q8_tensor_220w_none,0,97,11457,201.82,64,1575,9251,3,16
1784685600.051,real_q8_tensor_220w_none,1,100,11457,203.97,68,1485,9251,3,16
1784685600.051,real_q8_tensor_220w_none,2,100,11457,200.99,72,1560,9251,3,16
1784685600.051,real_q8_tensor_220w_none,3,82,11457,208.88,69,1590,9251,3,16
1784685600.621,real_q8_tensor_220w_none,0,100,11457,196.46,63,1620,9251,3,16
1784685600.621,real_q8_tensor_220w_none,1,100,11457,204.54,67,1515,9251,3,16
1784685600.621,real_q8_tensor_220w_none,2,100,11457,201.08,72,1380,9251,3,16
1784685600.621,real_q8_tensor_220w_none,3,100,11457,204.82,68,1575,9251,3,16
1784685601.199,real_q8_tensor_220w_none,0,100,11457,197.67,64,1425,9251,3,16
1784685601.199,real_q8_tensor_220w_none,1,100,11457,200.58,68,1500,9251,3,16
1784685601.199,real_q8_tensor_220w_none,2,100,11457,196.00,72,1395,9251,3,16
1784685601.199,real_q8_tensor_220w_none,3,100,11457,205.67,69,1560,9251,3,16
1784685601.793,real_q8_tensor_220w_none,0,96,11457,203.38,63,1920,9251,3,16
1784685601.793,real_q8_tensor_220w_none,1,70,11457,201.74,66,1905,9251,3,16
1784685601.793,real_q8_tensor_220w_none,2,37,11457,195.88,70,1890,9251,3,16
1784685601.793,real_q8_tensor_220w_none,3,44,11457,202.68,68,1920,9251,3,16
1784685602.423,real_q8_tensor_220w_none,0,96,11457,206.79,64,1650,9251,3,16
1784685602.423,real_q8_tensor_220w_none,1,100,11457,209.95,68,1515,9251,3,16
1784685602.423,real_q8_tensor_220w_none,2,37,11457,206.15,73,1485,9251,3,16
1784685602.423,real_q8_tensor_220w_none,3,44,11457,210.05,68,1575,9251,3,16
1784685603.055,real_q8_tensor_220w_none,0,100,11457,204.64,64,1650,9251,3,16
1784685603.055,real_q8_tensor_220w_none,1,100,11457,205.61,68,1545,9251,3,16
1784685603.055,real_q8_tensor_220w_none,2,100,11457,204.68,73,1560,9251,3,16
1784685603.055,real_q8_tensor_220w_none,3,100,11457,208.13,69,1590,9251,3,16
1784685603.631,real_q8_tensor_220w_none,0,100,11457,195.99,64,1635,9251,3,16
1784685603.631,real_q8_tensor_220w_none,1,100,11457,202.89,68,1515,9251,3,16
1784685603.631,real_q8_tensor_220w_none,2,100,11457,197.12,73,1590,9251,3,16
1784685603.631,real_q8_tensor_220w_none,3,100,11457,209.54,69,1485,9251,3,16
1784685604.226,real_q8_tensor_220w_none,0,19,11457,197.30,63,1650,9251,3,16
1784685604.226,real_q8_tensor_220w_none,1,100,11457,202.94,68,1530,9251,3,16
1784685604.226,real_q8_tensor_220w_none,2,66,11457,200.88,72,1575,9251,3,16
1784685604.226,real_q8_tensor_220w_none,3,38,11457,201.81,69,1545,9251,3,16
1784685604.823,real_q8_tensor_220w_none,0,100,11457,206.59,64,1680,9251,3,16
1784685604.823,real_q8_tensor_220w_none,1,89,11457,204.75,67,1545,9251,3,16
1784685604.823,real_q8_tensor_220w_none,2,100,11457,207.22,72,1320,9251,3,16
1784685604.823,real_q8_tensor_220w_none,3,100,11457,204.66,69,1620,9251,3,16
1784685605.389,real_q8_tensor_220w_none,0,100,11457,203.71,64,1650,9251,3,16
1784685605.389,real_q8_tensor_220w_none,1,89,11457,205.06,68,1560,9251,3,16
1784685605.389,real_q8_tensor_220w_none,2,100,11457,204.27,72,1530,9251,3,16
1784685605.389,real_q8_tensor_220w_none,3,100,11457,206.75,69,1470,9251,3,16
1784685605.989,real_q8_tensor_220w_none,0,100,11457,202.60,64,1665,9251,3,16
1784685605.989,real_q8_tensor_220w_none,1,100,11457,211.14,68,1575,9251,3,16
1784685605.989,real_q8_tensor_220w_none,2,100,11457,207.54,72,1590,9251,3,16
1784685605.989,real_q8_tensor_220w_none,3,100,11457,208.60,69,1575,9251,3,16
1784685606.621,real_q8_tensor_220w_none,0,100,11457,197.61,64,1515,9251,3,16
1784685606.621,real_q8_tensor_220w_none,1,100,11457,200.80,67,1530,9251,3,16
1784685606.621,real_q8_tensor_220w_none,2,100,11457,200.93,73,1545,9251,3,16
1784685606.621,real_q8_tensor_220w_none,3,100,11457,201.50,68,1575,9251,3,16
1784685607.214,real_q8_tensor_220w_none,0,76,11457,198.81,63,1905,9251,3,16
1784685607.214,real_q8_tensor_220w_none,1,100,11457,204.69,67,1890,9251,3,16
1784685607.214,real_q8_tensor_220w_none,2,95,11457,196.87,71,1860,9251,3,16
1784685607.214,real_q8_tensor_220w_none,3,45,11457,201.51,67,1905,9251,3,16
1784685607.774,real_q8_tensor_220w_none,0,76,11457,205.40,64,1665,9251,3,16
1784685607.774,real_q8_tensor_220w_none,1,100,11457,208.46,68,1530,9251,3,16
1784685607.774,real_q8_tensor_220w_none,2,95,11457,205.65,73,1620,9251,3,16
1784685607.774,real_q8_tensor_220w_none,3,45,11457,208.58,69,1545,9251,3,16
1784685608.363,real_q8_tensor_220w_none,0,100,11457,204.43,64,1605,9251,3,16
1784685608.363,real_q8_tensor_220w_none,1,100,11457,208.94,67,1500,9251,3,16
1784685608.363,real_q8_tensor_220w_none,2,100,11457,209.49,72,1350,9251,3,16
1784685608.363,real_q8_tensor_220w_none,3,100,11457,205.13,69,1530,9251,3,16
1784685608.955,real_q8_tensor_220w_none,0,100,11457,194.38,64,1470,9251,3,16
1784685608.955,real_q8_tensor_220w_none,1,100,11457,197.65,67,1515,9251,3,16
1784685608.955,real_q8_tensor_220w_none,2,100,11457,197.17,72,1365,9251,3,16
1784685608.955,real_q8_tensor_220w_none,3,100,11457,198.69,69,1575,9251,3,16
1784685609.569,real_q8_tensor_220w_none,0,18,11457,193.31,62,1920,9251,3,16
1784685609.569,real_q8_tensor_220w_none,1,100,11457,199.36,66,1860,9251,3,16
1784685609.569,real_q8_tensor_220w_none,2,51,11457,197.93,70,1815,9251,3,16
1784685609.569,real_q8_tensor_220w_none,3,31,11457,197.51,69,1920,9251,3,16
1784685610.161,real_q8_tensor_220w_none,0,18,11457,203.45,64,1620,9251,3,16
1784685610.161,real_q8_tensor_220w_none,1,100,11457,203.92,68,1560,9251,3,16
1784685610.161,real_q8_tensor_220w_none,2,51,11457,203.99,73,1545,9251,3,16
1784685610.161,real_q8_tensor_220w_none,3,31,11457,205.17,69,1605,9251,3,16
1784685610.796,real_q8_tensor_220w_none,0,100,11457,203.13,64,1620,9251,3,16
1784685610.796,real_q8_tensor_220w_none,1,100,11457,204.72,67,1515,9251,3,16
1784685610.796,real_q8_tensor_220w_none,2,100,11457,204.01,72,1500,9251,3,16
1784685610.796,real_q8_tensor_220w_none,3,100,11457,206.37,68,1515,9251,3,16
1784685611.435,real_q8_tensor_220w_none,0,100,11457,205.89,64,1425,9251,3,16
1784685611.435,real_q8_tensor_220w_none,1,100,11457,205.16,68,1365,9251,3,16
1784685611.435,real_q8_tensor_220w_none,2,100,11457,206.63,72,1575,9251,3,16
1784685611.435,real_q8_tensor_220w_none,3,100,11457,206.66,68,1485,9251,3,16
1784685612.037,real_q8_tensor_220w_none,0,48,11457,196.95,64,1650,9251,3,16
1784685612.037,real_q8_tensor_220w_none,1,100,11457,199.93,68,1515,9251,3,16
1784685612.037,real_q8_tensor_220w_none,2,100,11457,199.28,72,1545,9251,3,16
1784685612.037,real_q8_tensor_220w_none,3,79,11457,199.60,69,1470,9251,3,16
1784685612.609,real_q8_tensor_220w_none,0,48,11457,205.13,64,1860,9251,3,16
1784685612.609,real_q8_tensor_220w_none,1,74,11457,204.20,68,1830,9251,3,16
1784685612.609,real_q8_tensor_220w_none,2,100,11457,202.61,72,1755,9251,3,16
1784685612.609,real_q8_tensor_220w_none,3,79,11457,207.94,68,1815,9251,3,16
1784685613.191,real_q8_tensor_220w_none,0,100,11457,204.76,64,1395,9251,3,16
1784685613.191,real_q8_tensor_220w_none,1,74,11457,207.03,68,1290,9251,3,16
1784685613.191,real_q8_tensor_220w_none,2,100,11457,206.69,73,1350,9251,3,16
1784685613.191,real_q8_tensor_220w_none,3,100,11457,206.07,68,1335,9251,3,16
1784685613.760,real_q8_tensor_220w_none,0,100,11457,204.74,64,1665,9251,3,16
1784685613.760,real_q8_tensor_220w_none,1,100,11457,204.47,68,1410,9251,3,16
1784685613.760,real_q8_tensor_220w_none,2,100,11457,202.20,73,1590,9251,3,16
1784685613.760,real_q8_tensor_220w_none,3,100,11457,209.26,69,1395,9251,3,16
1784685614.330,real_q8_tensor_220w_none,0,16,11457,193.47,64,1410,9251,3,16
1784685614.330,real_q8_tensor_220w_none,1,69,11457,199.77,66,1305,9251,3,16
1784685614.330,real_q8_tensor_220w_none,2,75,11457,197.86,70,1350,9251,3,16
1784685614.330,real_q8_tensor_220w_none,3,48,11457,200.65,69,1365,9251,3,16
1784685614.899,real_q8_tensor_220w_none,0,16,11457,202.94,64,1635,9251,3,16
1784685614.899,real_q8_tensor_220w_none,1,95,11457,205.03,68,1560,9251,3,16
1784685614.899,real_q8_tensor_220w_none,2,75,11457,204.86,73,1545,9251,3,16
1784685614.899,real_q8_tensor_220w_none,3,48,11457,206.51,69,1485,9251,3,16
1784685615.480,real_q8_tensor_220w_none,0,100,11457,204.04,64,1395,9251,3,16
1784685615.480,real_q8_tensor_220w_none,1,100,11457,205.25,67,1275,9251,3,16
1784685615.480,real_q8_tensor_220w_none,2,100,11457,204.38,72,1620,9251,3,16
1784685615.480,real_q8_tensor_220w_none,3,100,11457,205.96,69,1350,9251,3,16
1784685616.051,real_q8_tensor_220w_none,0,100,11457,196.25,64,1665,9251,3,16
1784685616.051,real_q8_tensor_220w_none,1,100,11457,200.99,68,1560,9251,3,16
1784685616.051,real_q8_tensor_220w_none,2,100,11457,198.31,72,1590,9251,3,16
1784685616.051,real_q8_tensor_220w_none,3,100,11457,205.86,69,1575,9251,3,16
1784685616.619,real_q8_tensor_220w_none,0,39,11457,196.75,62,1920,9251,3,16
1784685616.619,real_q8_tensor_220w_none,1,100,11457,199.60,66,1410,9251,3,16
1784685616.619,real_q8_tensor_220w_none,2,50,11457,196.18,71,1890,9251,3,16
1784685616.619,real_q8_tensor_220w_none,3,27,11457,199.71,67,1560,9251,3,16
1784685617.190,real_q8_tensor_220w_none,0,39,11457,203.40,64,1575,9251,3,16
1784685617.190,real_q8_tensor_220w_none,1,100,11457,206.59,68,1560,9251,3,16
1784685617.190,real_q8_tensor_220w_none,2,50,11457,205.51,73,1590,9251,3,16
1784685617.190,real_q8_tensor_220w_none,3,27,11457,206.36,69,1380,9251,3,16
1784685617.799,real_q8_tensor_220w_none,0,100,11457,204.69,64,1455,9251,3,16
1784685617.799,real_q8_tensor_220w_none,1,100,11457,205.62,68,1500,9251,3,16
1784685617.799,real_q8_tensor_220w_none,2,100,11457,206.77,73,1560,9251,3,16
1784685617.799,real_q8_tensor_220w_none,3,100,11457,205.41,69,1500,9251,3,16
1784685618.396,real_q8_tensor_220w_none,0,100,11457,197.45,64,1680,9251,3,16
1784685618.396,real_q8_tensor_220w_none,1,100,11457,200.56,67,1350,9251,3,16
1784685618.396,real_q8_tensor_220w_none,2,100,11457,199.05,72,1620,9251,3,16
1784685618.396,real_q8_tensor_220w_none,3,100,11457,202.23,69,1380,9251,3,16
1784685618.965,real_q8_tensor_220w_none,0,32,11457,197.98,63,1425,9251,3,16
1784685618.965,real_q8_tensor_220w_none,1,100,11457,198.95,66,1230,9251,3,16
1784685618.965,real_q8_tensor_220w_none,2,24,11457,196.51,71,1320,9251,3,16
1784685618.965,real_q8_tensor_220w_none,3,63,11457,202.64,67,1425,9251,3,16
1784685619.537,real_q8_tensor_220w_none,0,32,11457,204.05,64,1650,9251,3,16
1784685619.537,real_q8_tensor_220w_none,1,100,11457,207.10,68,1560,9251,3,16
1784685619.537,real_q8_tensor_220w_none,2,24,11457,205.93,72,1575,9251,3,16
1784685619.537,real_q8_tensor_220w_none,3,63,11457,207.18,69,1590,9251,3,16
1784685620.110,real_q8_tensor_220w_none,0,100,11457,204.49,64,1410,9251,3,16
1784685620.110,real_q8_tensor_220w_none,1,100,11457,206.39,68,1365,9251,3,16
1784685620.110,real_q8_tensor_220w_none,2,100,11457,205.98,72,1365,9251,3,16
1784685620.110,real_q8_tensor_220w_none,3,100,11457,205.39,68,1455,9251,3,16
1784685620.700,real_q8_tensor_220w_none,0,100,11457,197.57,64,1485,9251,3,16
1784685620.700,real_q8_tensor_220w_none,1,100,11457,201.03,68,1320,9251,3,16
1784685620.700,real_q8_tensor_220w_none,2,100,11457,200.62,73,1620,9251,3,16
1784685620.700,real_q8_tensor_220w_none,3,100,11457,200.58,69,1335,9251,3,16
1784685621.268,real_q8_tensor_220w_none,0,24,11457,196.26,62,1920,9251,3,16
1784685621.268,real_q8_tensor_220w_none,1,100,11457,202.40,66,1905,9251,3,16
1784685621.268,real_q8_tensor_220w_none,2,49,11457,200.85,70,1890,9251,3,16
1784685621.268,real_q8_tensor_220w_none,3,24,11457,197.58,68,1920,9251,3,16
1784685621.850,real_q8_tensor_220w_none,0,100,11457,203.31,64,1650,9251,3,16
1784685621.850,real_q8_tensor_220w_none,1,100,11457,206.43,67,1515,9251,3,16
1784685621.850,real_q8_tensor_220w_none,2,100,11457,206.41,73,1620,9251,3,16
1784685621.850,real_q8_tensor_220w_none,3,100,11457,206.49,69,1305,9251,3,16
1784685622.422,real_q8_tensor_220w_none,0,100,11457,204.90,64,1635,9251,3,16
1784685622.422,real_q8_tensor_220w_none,1,100,11457,203.15,68,1485,9251,3,16
1784685622.422,real_q8_tensor_220w_none,2,100,11457,204.95,73,1410,9251,3,16
1784685622.422,real_q8_tensor_220w_none,3,100,11457,208.38,68,1545,9251,3,16
1784685622.990,real_q8_tensor_220w_none,0,100,11457,195.05,64,1605,9251,3,16
1784685622.990,real_q8_tensor_220w_none,1,68,11457,198.26,68,1440,9251,3,16
1784685622.990,real_q8_tensor_220w_none,2,100,11457,198.05,73,1575,9251,3,16
1784685622.990,real_q8_tensor_220w_none,3,100,11457,200.10,69,1425,9251,3,16
1784685623.557,real_q8_tensor_220w_none,0,100,11457,202.45,64,1650,9251,3,16
1784685623.557,real_q8_tensor_220w_none,1,68,11457,206.40,68,1725,9251,3,16
1784685623.557,real_q8_tensor_220w_none,2,100,11457,206.93,73,1605,9251,3,16
1784685623.557,real_q8_tensor_220w_none,3,57,11457,202.74,69,1590,9251,3,16
1784685624.117,real_q8_tensor_220w_none,0,100,11457,209.62,64,1830,9251,3,16
1784685624.117,real_q8_tensor_220w_none,1,53,11457,204.70,68,1845,9251,3,16
1784685624.117,real_q8_tensor_220w_none,2,100,11457,205.11,73,1800,9251,3,16
1784685624.117,real_q8_tensor_220w_none,3,57,11457,209.80,68,1770,9251,3,16
1784685624.675,real_q8_tensor_220w_none,0,100,11457,193.25,64,1635,9251,3,16
1784685624.675,real_q8_tensor_220w_none,1,53,11457,194.57,68,1290,9251,3,16
1784685624.675,real_q8_tensor_220w_none,2,100,11457,191.95,73,1590,9251,3,16
1784685624.675,real_q8_tensor_220w_none,3,100,11457,199.66,68,1380,9251,3,16
1784685625.245,real_q8_tensor_220w_none,0,100,11457,188.18,63,1920,9251,3,16
1784685625.245,real_q8_tensor_220w_none,1,40,11457,192.58,66,1905,9251,3,16
1784685625.245,real_q8_tensor_220w_none,2,100,11457,188.92,71,1890,9251,3,16
1784685625.245,real_q8_tensor_220w_none,3,100,11457,195.05,68,1920,9251,3,16
1784685625.841,real_q8_tensor_220w_none,0,93,11457,203.65,64,1740,9251,3,16
1784685625.841,real_q8_tensor_220w_none,1,93,11457,207.85,67,1650,9251,3,16
1784685625.841,real_q8_tensor_220w_none,2,93,11457,204.88,72,1695,9251,3,16
1784685625.841,real_q8_tensor_220w_none,3,93,11457,208.47,68,1695,9251,3,16
1784685626.424,real_q8_tensor_220w_none,0,93,11457,219.51,63,1725,9251,3,16
1784685626.424,real_q8_tensor_220w_none,1,91,11457,219.67,67,1665,9251,3,16
1784685626.424,real_q8_tensor_220w_none,2,93,11457,219.46,72,1740,9251,3,16
1784685626.424,real_q8_tensor_220w_none,3,93,11457,219.83,68,1680,9251,3,16
1784685627.051,real_q8_tensor_220w_none,0,93,11457,218.93,63,1740,9251,3,16
1784685627.051,real_q8_tensor_220w_none,1,91,11457,219.54,67,1605,9251,3,16
1784685627.051,real_q8_tensor_220w_none,2,93,11457,219.69,72,1665,9251,3,16
1784685627.051,real_q8_tensor_220w_none,3,92,11457,218.84,68,1635,9251,3,16
1784685627.627,real_q8_tensor_220w_none,0,93,11457,219.54,63,1755,9251,3,16
1784685627.627,real_q8_tensor_220w_none,1,93,11457,219.59,67,1665,9251,3,16
1784685627.627,real_q8_tensor_220w_none,2,93,11457,219.52,72,1710,9251,3,16
1784685627.627,real_q8_tensor_220w_none,3,92,11457,219.69,68,1665,9251,3,16
1784685628.204,real_q8_tensor_220w_none,0,93,11457,218.72,63,1725,9251,3,16
1784685628.204,real_q8_tensor_220w_none,1,93,11457,219.23,67,1635,9251,3,16
1784685628.204,real_q8_tensor_220w_none,2,93,11457,218.90,72,1665,9251,3,16
1784685628.204,real_q8_tensor_220w_none,3,93,11457,218.92,68,1650,9251,3,16
1784685628.805,real_q8_tensor_220w_none,0,94,11457,219.62,63,1770,9251,3,16
1784685628.805,real_q8_tensor_220w_none,1,93,11457,219.57,67,1635,9251,3,16
1784685628.805,real_q8_tensor_220w_none,2,93,11457,219.71,72,1725,9251,3,16
1784685628.805,real_q8_tensor_220w_none,3,93,11457,219.86,68,1635,9251,3,16
1784685629.413,real_q8_tensor_220w_none,0,93,11457,219.19,63,1755,9251,3,16
1784685629.413,real_q8_tensor_220w_none,1,93,11457,219.41,67,1650,9251,3,16
1784685629.413,real_q8_tensor_220w_none,2,93,11457,219.23,72,1680,9251,3,16
1784685629.413,real_q8_tensor_220w_none,3,93,11457,219.96,68,1695,9251,3,16
1784685630.012,real_q8_tensor_220w_none,0,93,11457,211.86,63,1770,9251,3,16
1784685630.012,real_q8_tensor_220w_none,1,93,11457,214.80,67,1665,9251,3,16
1784685630.012,real_q8_tensor_220w_none,2,93,11457,212.45,72,1710,9251,3,16
1784685630.012,real_q8_tensor_220w_none,3,93,11457,214.43,68,1695,9251,3,16
1784685630.591,real_q8_tensor_220w_none,0,92,11457,212.89,63,1740,9251,3,16
1784685630.591,real_q8_tensor_220w_none,1,93,11457,215.33,67,1635,9251,3,16
1784685630.591,real_q8_tensor_220w_none,2,93,11457,213.83,71,1665,9251,3,16
1784685630.591,real_q8_tensor_220w_none,3,93,11457,215.48,67,1665,9251,3,16
1784685631.233,real_q8_tensor_220w_none,0,92,11457,219.57,63,1740,9251,3,16
1784685631.233,real_q8_tensor_220w_none,1,93,11457,219.59,67,1650,9251,3,16
1784685631.233,real_q8_tensor_220w_none,2,93,11457,219.63,72,1710,9251,3,16
1784685631.233,real_q8_tensor_220w_none,3,93,11457,219.38,68,1665,9251,3,16
1784685631.809,real_q8_tensor_220w_none,0,93,11457,219.07,63,1755,9251,3,16
1784685631.809,real_q8_tensor_220w_none,1,93,11457,219.52,67,1665,9251,3,16
1784685631.809,real_q8_tensor_220w_none,2,93,11457,219.28,72,1695,9251,3,16
1784685631.809,real_q8_tensor_220w_none,3,93,11457,219.51,68,1695,9251,3,16
1784685632.412,real_q8_tensor_220w_none,0,93,11457,172.96,61,1920,9251,3,16
1784685632.412,real_q8_tensor_220w_none,1,0,11457,176.44,65,1905,9251,3,16
1784685632.412,real_q8_tensor_220w_none,2,93,11457,170.94,69,1890,9251,3,16
1784685632.412,real_q8_tensor_220w_none,3,93,11457,181.16,65,1920,9251,3,16
1784685632.995,real_q8_tensor_220w_none,0,79,11457,155.35,64,1875,9251,3,16
1784685632.995,real_q8_tensor_220w_none,1,0,11457,170.66,67,1800,9251,3,16
1784685632.995,real_q8_tensor_220w_none,2,100,11457,163.51,72,1830,9251,3,16
1784685632.995,real_q8_tensor_220w_none,3,78,11457,169.35,68,1815,9251,3,16
1784685633.590,real_q8_tensor_220w_none,0,79,11457,209.18,64,1860,9251,3,16
1784685633.590,real_q8_tensor_220w_none,1,100,11457,209.01,68,1800,9251,3,16
1784685633.590,real_q8_tensor_220w_none,2,100,11457,205.33,73,1830,9251,3,16
1784685633.590,real_q8_tensor_220w_none,3,78,11457,213.46,69,1815,9251,3,16
1784685634.161,real_q8_tensor_220w_none,0,100,11457,214.14,64,1875,9251,3,16
1784685634.161,real_q8_tensor_220w_none,1,100,11457,218.19,68,1785,9251,3,16
1784685634.161,real_q8_tensor_220w_none,2,100,11457,214.50,73,1830,9251,3,16
1784685634.161,real_q8_tensor_220w_none,3,100,11457,216.75,69,1800,9251,3,16
1784685634.730,real_q8_tensor_220w_none,0,100,11457,214.61,64,1860,9251,3,16
1784685634.730,real_q8_tensor_220w_none,1,100,11457,218.43,68,1785,9251,3,16
1784685634.730,real_q8_tensor_220w_none,2,100,11457,214.69,73,1815,9251,3,16
1784685634.730,real_q8_tensor_220w_none,3,100,11457,216.62,69,1815,9251,3,16
1784685635.290,real_q8_tensor_220w_none,0,100,11457,214.80,64,1875,9251,3,16
1784685635.290,real_q8_tensor_220w_none,1,100,11457,218.41,68,1800,9251,3,16
1784685635.290,real_q8_tensor_220w_none,2,100,11457,215.38,73,1830,9251,3,16
1784685635.290,real_q8_tensor_220w_none,3,100,11457,216.95,69,1815,9251,3,16
1784685635.881,real_q8_tensor_220w_none,0,100,11457,215.32,64,1905,9251,3,16
1784685635.881,real_q8_tensor_220w_none,1,100,11457,217.81,68,1875,9251,3,16
1784685635.881,real_q8_tensor_220w_none,2,100,11457,215.43,73,1875,9251,3,16
1784685635.881,real_q8_tensor_220w_none,3,90,11457,216.78,69,1905,9251,3,16
1784685636.453,real_q8_tensor_220w_none,0,100,11457,214.60,64,1860,9251,3,16
1784685636.453,real_q8_tensor_220w_none,1,100,11457,218.14,68,1785,9251,3,16
1784685636.453,real_q8_tensor_220w_none,2,100,11457,215.13,73,1830,9251,3,16
1784685636.453,real_q8_tensor_220w_none,3,100,11457,217.18,69,1815,9251,3,16
1784685637.023,real_q8_tensor_220w_none,0,100,11457,215.99,64,1860,9251,3,16
1784685637.023,real_q8_tensor_220w_none,1,81,11457,217.86,68,1800,9251,3,16
1784685637.023,real_q8_tensor_220w_none,2,80,11457,215.31,73,1830,9251,3,16
1784685637.023,real_q8_tensor_220w_none,3,100,11457,218.33,69,1800,9251,3,16
1784685637.594,real_q8_tensor_220w_none,0,100,11457,214.57,64,1860,9251,3,16
1784685637.594,real_q8_tensor_220w_none,1,81,11457,218.09,68,1785,9251,3,16
1784685637.594,real_q8_tensor_220w_none,2,80,11457,215.21,73,1815,9251,3,16
1784685637.594,real_q8_tensor_220w_none,3,100,11457,216.79,69,1815,9251,3,16
1784685638.206,real_q8_tensor_220w_none,0,100,11457,214.31,64,1860,9251,3,16
1784685638.206,real_q8_tensor_220w_none,1,100,11457,218.55,68,1770,9251,3,16
1784685638.206,real_q8_tensor_220w_none,2,100,11457,214.74,73,1815,9251,3,16
1784685638.206,real_q8_tensor_220w_none,3,100,11457,216.69,69,1800,9251,3,16
1784685638.796,real_q8_tensor_220w_none,0,100,11457,213.85,65,1845,9251,3,16
1784685638.796,real_q8_tensor_220w_none,1,100,11457,217.91,68,1770,9251,3,16
1784685638.796,real_q8_tensor_220w_none,2,100,11457,215.18,73,1815,9251,3,16
1784685638.796,real_q8_tensor_220w_none,3,100,11457,216.70,69,1785,9251,3,16
1784685639.367,real_q8_tensor_220w_none,0,90,11457,213.73,64,1845,9251,3,16
1784685639.367,real_q8_tensor_220w_none,1,87,11457,217.20,68,1770,9251,3,16
1784685639.367,real_q8_tensor_220w_none,2,85,11457,214.25,73,1815,9251,3,16
1784685639.367,real_q8_tensor_220w_none,3,90,11457,216.68,69,1800,9251,3,16
1784685639.938,real_q8_tensor_220w_none,0,100,11457,214.35,65,1845,9251,3,16
1784685639.938,real_q8_tensor_220w_none,1,87,11457,217.63,68,1770,9251,3,16
1784685639.938,real_q8_tensor_220w_none,2,85,11457,214.30,73,1830,9251,3,16
1784685639.938,real_q8_tensor_220w_none,3,100,11457,219.07,69,1800,9251,3,16
1784685640.505,real_q8_tensor_220w_none,0,100,11457,214.42,65,1860,9251,3,16
1784685640.505,real_q8_tensor_220w_none,1,79,11457,218.01,68,1785,9251,3,16
1784685640.505,real_q8_tensor_220w_none,2,100,11457,214.54,73,1830,9251,3,16
1784685640.505,real_q8_tensor_220w_none,3,100,11457,216.96,69,1800,9251,3,16
1784685641.074,real_q8_tensor_220w_none,0,100,11457,213.88,65,1860,9251,3,16
1784685641.074,real_q8_tensor_220w_none,1,79,11457,218.24,68,1770,9251,3,16
1784685641.074,real_q8_tensor_220w_none,2,100,11457,215.43,73,1815,9251,3,16
1784685641.074,real_q8_tensor_220w_none,3,100,11457,217.78,70,1800,9251,3,16
1784685641.642,real_q8_tensor_220w_none,0,100,11457,214.33,65,1860,9251,3,16
1784685641.642,real_q8_tensor_220w_none,1,100,11457,218.19,68,1770,9251,3,16
1784685641.642,real_q8_tensor_220w_none,2,100,11457,215.25,73,1815,9251,3,16
1784685641.642,real_q8_tensor_220w_none,3,100,11457,218.13,69,1785,9251,3,16
1784685642.211,real_q8_tensor_220w_none,0,100,11457,214.41,65,1845,9251,3,16
1784685642.211,real_q8_tensor_220w_none,1,100,11457,218.68,68,1770,9251,3,16
1784685642.211,real_q8_tensor_220w_none,2,100,11457,215.80,73,1815,9251,3,16
1784685642.211,real_q8_tensor_220w_none,3,100,11457,218.04,70,1800,9251,3,16
1784685642.779,real_q8_tensor_220w_none,0,100,11457,212.97,65,1845,9251,3,16
1784685642.779,real_q8_tensor_220w_none,1,78,11457,217.86,68,1755,9251,3,16
1784685642.779,real_q8_tensor_220w_none,2,79,11457,215.07,73,1800,9251,3,16
1784685642.779,real_q8_tensor_220w_none,3,100,11457,218.25,69,1785,9251,3,16
1784685643.349,real_q8_tensor_220w_none,0,100,11457,213.03,65,1845,9251,3,16
1784685643.349,real_q8_tensor_220w_none,1,89,11457,218.21,69,1770,9251,3,16
1784685643.349,real_q8_tensor_220w_none,2,100,11457,215.27,74,1815,9251,3,16
1784685643.349,real_q8_tensor_220w_none,3,100,11457,219.44,70,1785,9251,3,16
1784685643.920,real_q8_tensor_220w_none,0,100,11457,212.73,64,1845,9251,3,16
1784685643.920,real_q8_tensor_220w_none,1,100,11457,218.01,68,1755,9251,3,16
1784685643.920,real_q8_tensor_220w_none,2,100,11457,215.61,73,1815,9251,3,16
1784685643.920,real_q8_tensor_220w_none,3,100,11457,218.32,69,1785,9251,3,16
1784685644.489,real_q8_tensor_220w_none,0,100,11457,212.51,65,1845,9251,3,16
1784685644.489,real_q8_tensor_220w_none,1,100,11457,217.73,69,1770,9251,3,16
1784685644.489,real_q8_tensor_220w_none,2,100,11457,215.68,73,1815,9251,3,16
1784685644.489,real_q8_tensor_220w_none,3,100,11457,218.31,70,1785,9251,3,16
1784685645.058,real_q8_tensor_220w_none,0,100,11457,212.76,64,1860,9251,3,16
1784685645.058,real_q8_tensor_220w_none,1,77,11457,217.93,68,1755,9251,3,16
1784685645.058,real_q8_tensor_220w_none,2,77,11457,215.36,73,1815,9251,3,16
1784685645.058,real_q8_tensor_220w_none,3,100,11457,218.27,69,1800,9251,3,16
1784685645.626,real_q8_tensor_220w_none,0,100,11457,213.12,65,1845,9251,3,16
1784685645.626,real_q8_tensor_220w_none,1,77,11457,218.07,69,1755,9251,3,16
1784685645.626,real_q8_tensor_220w_none,2,77,11457,215.45,74,1815,9251,3,16
1784685645.626,real_q8_tensor_220w_none,3,100,11457,218.36,70,1785,9251,3,16
1784685646.195,real_q8_tensor_220w_none,0,100,11457,212.78,64,1845,9251,3,16
1784685646.195,real_q8_tensor_220w_none,1,99,11457,217.59,68,1755,9251,3,16
1784685646.195,real_q8_tensor_220w_none,2,78,11457,215.77,73,1815,9251,3,16
1784685646.195,real_q8_tensor_220w_none,3,100,11457,217.87,70,1785,9251,3,16
1784685646.770,real_q8_tensor_220w_none,0,100,11457,213.10,65,1860,9251,3,16
1784685646.770,real_q8_tensor_220w_none,1,88,11457,216.93,69,1755,9251,3,16
1784685646.770,real_q8_tensor_220w_none,2,92,11457,215.08,73,1815,9251,3,16
1784685646.770,real_q8_tensor_220w_none,3,100,11457,217.75,70,1785,9251,3,16
1784685647.362,real_q8_tensor_220w_none,0,88,11457,213.18,65,1845,9251,3,16
1784685647.362,real_q8_tensor_220w_none,1,77,11457,217.28,68,1770,9251,3,16
1784685647.362,real_q8_tensor_220w_none,2,78,11457,214.05,73,1815,9251,3,16
1784685647.362,real_q8_tensor_220w_none,3,100,11457,218.23,70,1785,9251,3,16
1784685647.934,real_q8_tensor_220w_none,0,100,11457,213.32,65,1860,9251,3,16
1784685647.934,real_q8_tensor_220w_none,1,77,11457,217.25,69,1785,9251,3,16
1784685647.934,real_q8_tensor_220w_none,2,78,11457,214.06,74,1800,9251,3,16
1784685647.934,real_q8_tensor_220w_none,3,100,11457,218.09,70,1785,9251,3,16
1784685648.502,real_q8_tensor_220w_none,0,100,11457,215.50,65,1890,9251,3,16
1784685648.502,real_q8_tensor_220w_none,1,100,11457,215.95,69,1845,9251,3,16
1784685648.502,real_q8_tensor_220w_none,2,76,11457,213.75,74,1860,9251,3,16
1784685648.502,real_q8_tensor_220w_none,3,100,11457,219.71,69,1845,9251,3,16
1784685649.071,real_q8_tensor_220w_none,0,100,11457,213.43,65,1845,9251,3,16
1784685649.071,real_q8_tensor_220w_none,1,100,11457,217.30,69,1755,9251,3,16
1784685649.071,real_q8_tensor_220w_none,2,76,11457,214.44,74,1800,9251,3,16
1784685649.071,real_q8_tensor_220w_none,3,100,11457,217.42,70,1785,9251,3,16
1784685649.642,real_q8_tensor_220w_none,0,100,11457,213.84,65,1845,9251,3,16
1784685649.642,real_q8_tensor_220w_none,1,100,11457,219.93,69,1755,9251,3,16
1784685649.642,real_q8_tensor_220w_none,2,100,11457,216.65,74,1815,9251,3,16
1784685649.642,real_q8_tensor_220w_none,3,100,11457,218.46,70,1785,9251,3,16
1784685650.206,real_q8_tensor_220w_none,0,76,11457,213.82,65,1845,9251,3,16
1784685650.206,real_q8_tensor_220w_none,1,100,11457,217.25,69,1755,9251,3,16
1784685650.206,real_q8_tensor_220w_none,2,100,11457,214.69,73,1800,9251,3,16
1784685650.206,real_q8_tensor_220w_none,3,78,11457,217.22,70,1770,9251,3,16
1784685650.775,real_q8_tensor_220w_none,0,76,11457,213.84,65,1845,9251,3,16
1784685650.775,real_q8_tensor_220w_none,1,100,11457,217.40,69,1755,9251,3,16
1784685650.775,real_q8_tensor_220w_none,2,100,11457,216.30,74,1800,9251,3,16
1784685650.775,real_q8_tensor_220w_none,3,78,11457,217.23,70,1785,9251,3,16
1784685651.366,real_q8_tensor_220w_none,0,75,11457,213.68,65,1845,9251,3,16
1784685651.366,real_q8_tensor_220w_none,1,100,11457,217.18,69,1755,9251,3,16
1784685651.366,real_q8_tensor_220w_none,2,87,11457,213.15,74,1785,9251,3,16
1784685651.366,real_q8_tensor_220w_none,3,78,11457,217.16,70,1785,9251,3,16
1784685651.937,real_q8_tensor_220w_none,0,75,11457,213.21,65,1830,9251,3,16
1784685651.937,real_q8_tensor_220w_none,1,100,11457,217.10,69,1755,9251,3,16
1784685651.937,real_q8_tensor_220w_none,2,100,11457,213.41,74,1815,9251,3,16
1784685651.937,real_q8_tensor_220w_none,3,78,11457,217.81,70,1770,9251,3,16
1784685652.506,real_q8_tensor_220w_none,0,100,11457,214.81,65,1905,9251,3,16
1784685652.506,real_q8_tensor_220w_none,1,100,11457,216.61,69,1770,9251,3,16
1784685652.506,real_q8_tensor_220w_none,2,100,11457,213.49,74,1875,9251,3,16
1784685652.506,real_q8_tensor_220w_none,3,100,11457,219.67,70,1875,9251,3,16
1784685653.073,real_q8_tensor_220w_none,0,100,11457,213.00,65,1845,9251,3,16
1784685653.073,real_q8_tensor_220w_none,1,100,11457,217.14,69,1755,9251,3,16
1784685653.073,real_q8_tensor_220w_none,2,100,11457,214.22,74,1800,9251,3,16
1784685653.073,real_q8_tensor_220w_none,3,100,11457,217.61,70,1770,9251,3,16
1784685653.642,real_q8_tensor_220w_none,0,100,11457,215.55,65,1830,9251,3,16
1784685653.642,real_q8_tensor_220w_none,1,100,11457,219.78,69,1755,9251,3,16
1784685653.642,real_q8_tensor_220w_none,2,100,11457,216.56,74,1800,9251,3,16
1784685653.642,real_q8_tensor_220w_none,3,100,11457,218.86,70,1770,9251,3,16
1784685654.225,real_q8_tensor_220w_none,0,100,11457,213.17,65,1830,9251,3,16
1784685654.225,real_q8_tensor_220w_none,1,100,11457,217.12,69,1740,9251,3,16
1784685654.225,real_q8_tensor_220w_none,2,100,11457,213.54,74,1800,9251,3,16
1784685654.225,real_q8_tensor_220w_none,3,100,11457,217.56,70,1770,9251,3,16
1784685654.794,real_q8_tensor_220w_none,0,100,11457,212.55,65,1845,9251,3,16
1784685654.794,real_q8_tensor_220w_none,1,100,11457,216.72,69,1755,9251,3,16
1784685654.794,real_q8_tensor_220w_none,2,100,11457,216.77,74,1800,9251,3,16
1784685654.794,real_q8_tensor_220w_none,3,100,11457,217.52,70,1785,9251,3,16
1784685655.363,real_q8_tensor_220w_none,0,87,11457,212.37,65,1830,9251,3,16
1784685655.363,real_q8_tensor_220w_none,1,88,11457,217.33,68,1770,9251,3,16
1784685655.363,real_q8_tensor_220w_none,2,89,11457,215.87,73,1770,9251,3,16
1784685655.363,real_q8_tensor_220w_none,3,100,11457,217.09,70,1785,9251,3,16
1784685655.954,real_q8_tensor_220w_none,0,100,11457,212.88,65,1830,9251,3,16
1784685655.954,real_q8_tensor_220w_none,1,88,11457,216.48,69,1740,9251,3,16
1784685655.954,real_q8_tensor_220w_none,2,89,11457,215.25,74,1770,9251,3,16
1784685655.954,real_q8_tensor_220w_none,3,100,11457,217.34,70,1755,9251,3,16
1784685656.542,real_q8_tensor_220w_none,0,100,11457,212.40,65,1860,9251,3,16
1784685656.542,real_q8_tensor_220w_none,1,100,11457,218.08,69,1800,9251,3,16
1784685656.542,real_q8_tensor_220w_none,2,100,11457,217.47,74,1845,9251,3,16
1784685656.542,real_q8_tensor_220w_none,3,100,11457,215.68,70,1860,9251,3,16
1784685657.110,real_q8_tensor_220w_none,0,88,11457,212.36,65,1830,9251,3,16
1784685657.110,real_q8_tensor_220w_none,1,100,11457,216.51,69,1740,9251,3,16
1784685657.110,real_q8_tensor_220w_none,2,100,11457,215.27,74,1785,9251,3,16
1784685657.110,real_q8_tensor_220w_none,3,96,11457,216.34,70,1755,9251,3,16
1784685657.680,real_q8_tensor_220w_none,0,88,11457,215.04,65,1830,9251,3,16
1784685657.680,real_q8_tensor_220w_none,1,100,11457,217.75,69,1725,9251,3,16
1784685657.680,real_q8_tensor_220w_none,2,100,11457,216.99,74,1785,9251,3,16
1784685657.680,real_q8_tensor_220w_none,3,96,11457,219.09,70,1770,9251,3,16
1784685658.276,real_q8_tensor_220w_none,0,72,11457,212.53,65,1845,9251,3,16
1784685658.276,real_q8_tensor_220w_none,1,100,11457,215.18,69,1755,9251,3,16
1784685658.276,real_q8_tensor_220w_none,2,100,11457,213.79,73,1770,9251,3,16
1784685658.276,real_q8_tensor_220w_none,3,73,11457,216.01,70,1770,9251,3,16
1784685658.845,real_q8_tensor_220w_none,0,86,11457,212.10,65,1830,9251,3,16
1784685658.845,real_q8_tensor_220w_none,1,100,11457,216.15,69,1770,9251,3,16
1784685658.845,real_q8_tensor_220w_none,2,100,11457,214.34,74,1770,9251,3,16
1784685658.845,real_q8_tensor_220w_none,3,100,11457,215.69,70,1785,9251,3,16
1784685659.417,real_q8_tensor_220w_none,0,100,11457,214.55,65,1875,9251,3,16
1784685659.417,real_q8_tensor_220w_none,1,100,11457,217.73,68,1830,9251,3,16
1784685659.417,real_q8_tensor_220w_none,2,100,11457,216.62,74,1830,9251,3,16
1784685659.417,real_q8_tensor_220w_none,3,100,11457,216.00,70,1845,9251,3,16
1784685660.007,real_q8_tensor_220w_none,0,100,11457,211.87,65,1815,9251,3,16
1784685660.007,real_q8_tensor_220w_none,1,100,11457,215.13,69,1710,9251,3,16
1784685660.007,real_q8_tensor_220w_none,2,100,11457,213.92,74,1770,9251,3,16
1784685660.007,real_q8_tensor_220w_none,3,100,11457,216.11,70,1740,9251,3,16
1784685660.604,real_q8_tensor_220w_none,0,100,11457,214.79,65,1815,9251,3,16
1784685660.604,real_q8_tensor_220w_none,1,100,11457,217.08,69,1755,9251,3,16
1784685660.604,real_q8_tensor_220w_none,2,100,11457,216.31,74,1770,9251,3,16
1784685660.604,real_q8_tensor_220w_none,3,100,11457,217.90,70,1770,9251,3,16
1784685661.173,real_q8_tensor_220w_none,0,100,11457,212.02,65,1800,9251,3,16
1784685661.173,real_q8_tensor_220w_none,1,77,11457,215.38,68,1710,9251,3,16
1784685661.173,real_q8_tensor_220w_none,2,78,11457,214.13,73,1755,9251,3,16
1784685661.173,real_q8_tensor_220w_none,3,100,11457,215.58,70,1740,9251,3,16
1784685661.741,real_q8_tensor_220w_none,0,100,11457,212.43,65,1815,9251,3,16
1784685661.741,real_q8_tensor_220w_none,1,77,11457,216.09,69,1725,9251,3,16
1784685661.741,real_q8_tensor_220w_none,2,78,11457,214.73,74,1770,9251,3,16
1784685661.741,real_q8_tensor_220w_none,3,100,11457,215.64,70,1770,9251,3,16
1784685662.310,real_q8_tensor_220w_none,0,100,11457,214.94,65,1845,9251,3,16
1784685662.310,real_q8_tensor_220w_none,1,100,11457,217.37,69,1755,9251,3,16
1784685662.310,real_q8_tensor_220w_none,2,100,11457,216.56,74,1770,9251,3,16
1784685662.310,real_q8_tensor_220w_none,3,100,11457,218.17,70,1740,9251,3,16
1784685662.879,real_q8_tensor_220w_none,0,70,11457,212.19,65,1800,9251,3,16
1784685662.879,real_q8_tensor_220w_none,1,85,11457,214.70,69,1710,9251,3,16
1784685662.879,real_q8_tensor_220w_none,2,100,11457,213.84,74,1770,9251,3,16
1784685662.879,real_q8_tensor_220w_none,3,71,11457,216.17,70,1770,9251,3,16
1784685663.450,real_q8_tensor_220w_none,0,70,11457,212.08,65,1800,9251,3,16
1784685663.450,real_q8_tensor_220w_none,1,100,11457,215.38,69,1710,9251,3,16
1784685663.450,real_q8_tensor_220w_none,2,100,11457,214.88,74,1800,9251,3,16
1784685663.450,real_q8_tensor_220w_none,3,71,11457,216.66,70,1740,9251,3,16
1784685664.018,real_q8_tensor_220w_none,0,100,11457,213.30,65,1815,9251,3,16
1784685664.018,real_q8_tensor_220w_none,1,100,11457,217.06,69,1725,9251,3,16
1784685664.018,real_q8_tensor_220w_none,2,100,11457,216.76,74,1770,9251,3,16
1784685664.018,real_q8_tensor_220w_none,3,100,11457,217.01,70,1740,9251,3,16
1784685664.581,real_q8_tensor_220w_none,0,100,11457,211.31,65,1800,9251,3,16
1784685664.581,real_q8_tensor_220w_none,1,70,11457,214.01,69,1725,9251,3,16
1784685664.581,real_q8_tensor_220w_none,2,71,11457,212.32,74,1755,9251,3,16
1784685664.581,real_q8_tensor_220w_none,3,100,11457,215.95,70,1740,9251,3,16
1784685665.151,real_q8_tensor_220w_none,0,100,11457,212.68,65,1815,9251,3,16
1784685665.151,real_q8_tensor_220w_none,1,70,11457,216.02,69,1725,9251,3,16
1784685665.151,real_q8_tensor_220w_none,2,71,11457,213.17,74,1800,9251,3,16
1784685665.151,real_q8_tensor_220w_none,3,100,11457,218.89,70,1755,9251,3,16
1784685665.742,real_q8_tensor_220w_none,0,100,11457,212.60,65,1815,9251,3,16
1784685665.742,real_q8_tensor_220w_none,1,100,11457,217.68,69,1740,9251,3,16
1784685665.742,real_q8_tensor_220w_none,2,100,11457,216.13,74,1755,9251,3,16
1784685665.742,real_q8_tensor_220w_none,3,100,11457,215.47,70,1770,9251,3,16
1784685666.300,real_q8_tensor_220w_none,0,69,11457,211.23,65,1815,9251,3,16
1784685666.300,real_q8_tensor_220w_none,1,100,11457,214.51,69,1740,9251,3,16
1784685666.300,real_q8_tensor_220w_none,2,100,11457,213.03,74,1755,9251,3,16
1784685666.300,real_q8_tensor_220w_none,3,69,11457,215.65,70,1755,9251,3,16
1784685666.869,real_q8_tensor_220w_none,0,85,11457,211.96,65,1815,9251,3,16
1784685666.869,real_q8_tensor_220w_none,1,100,11457,214.35,69,1725,9251,3,16
1784685666.869,real_q8_tensor_220w_none,2,100,11457,213.54,74,1755,9251,3,16
1784685666.869,real_q8_tensor_220w_none,3,100,11457,217.42,70,1755,9251,3,16
1784685667.439,real_q8_tensor_220w_none,0,100,11457,213.31,66,1800,9251,3,16
1784685667.439,real_q8_tensor_220w_none,1,100,11457,217.07,69,1710,9251,3,16
1784685667.439,real_q8_tensor_220w_none,2,100,11457,216.62,75,1755,9251,3,16
1784685667.439,real_q8_tensor_220w_none,3,89,11457,216.60,70,1740,9251,3,16
1784685668.001,real_q8_tensor_220w_none,0,100,11457,213.62,66,1815,9251,3,16
1784685668.001,real_q8_tensor_220w_none,1,100,11457,214.94,69,1800,9251,3,16
1784685668.001,real_q8_tensor_220w_none,2,75,11457,214.15,74,1755,9251,3,16
1784685668.001,real_q8_tensor_220w_none,3,89,11457,215.65,70,1755,9251,3,16
1784685668.605,real_q8_tensor_220w_none,0,100,11457,213.40,65,1785,9251,3,16
1784685668.605,real_q8_tensor_220w_none,1,100,11457,217.32,69,1815,9251,3,16
1784685668.605,real_q8_tensor_220w_none,2,75,11457,216.16,74,1755,9251,3,16
1784685668.605,real_q8_tensor_220w_none,3,100,11457,215.45,70,1755,9251,3,16
1784685669.216,real_q8_tensor_220w_none,0,100,11457,212.70,66,1890,9251,3,16
1784685669.216,real_q8_tensor_220w_none,1,73,11457,214.90,69,1860,9251,3,16
1784685669.216,real_q8_tensor_220w_none,2,76,11457,212.91,73,1875,9251,3,16
1784685669.216,real_q8_tensor_220w_none,3,100,11457,216.97,70,1860,9251,3,16
1784685669.785,real_q8_tensor_220w_none,0,99,11457,210.73,65,1830,9251,3,16
1784685669.785,real_q8_tensor_220w_none,1,73,11457,216.14,69,1740,9251,3,16
1784685669.785,real_q8_tensor_220w_none,2,76,11457,213.46,74,1755,9251,3,16
1784685669.785,real_q8_tensor_220w_none,3,100,11457,214.87,70,1755,9251,3,16
1784685670.353,real_q8_tensor_220w_none,0,100,11457,212.81,65,1800,9251,3,16
1784685670.353,real_q8_tensor_220w_none,1,100,11457,217.03,69,1710,9251,3,16
1784685670.353,real_q8_tensor_220w_none,2,100,11457,215.49,74,1740,9251,3,16
1784685670.353,real_q8_tensor_220w_none,3,90,11457,217.39,70,1740,9251,3,16
1784685670.967,real_q8_tensor_220w_none,0,75,11457,209.98,64,1905,9251,3,16
1784685670.967,real_q8_tensor_220w_none,1,100,11457,216.53,69,1875,9251,3,16
1784685670.967,real_q8_tensor_220w_none,2,100,11457,214.68,74,1875,9251,3,16
1784685670.967,real_q8_tensor_220w_none,3,68,11457,213.42,70,1890,9251,3,16
1784685671.535,real_q8_tensor_220w_none,0,75,11457,211.28,65,1815,9251,3,16
1784685671.535,real_q8_tensor_220w_none,1,100,11457,215.31,69,1725,9251,3,16
1784685671.535,real_q8_tensor_220w_none,2,100,11457,213.09,74,1770,9251,3,16
1784685671.535,real_q8_tensor_220w_none,3,68,11457,214.88,70,1725,9251,3,16
1784685672.106,real_q8_tensor_220w_none,0,100,11457,213.68,66,1800,9251,3,16
1784685672.106,real_q8_tensor_220w_none,1,100,11457,217.53,69,1695,9251,3,16
1784685672.106,real_q8_tensor_220w_none,2,100,11457,215.85,74,1755,9251,3,16
1784685672.106,real_q8_tensor_220w_none,3,100,11457,219.37,70,1725,9251,3,16
1784685672.676,real_q8_tensor_220w_none,0,100,11457,213.40,65,1800,9251,3,16
1784685672.676,real_q8_tensor_220w_none,1,100,11457,217.36,69,1725,9251,3,16
1784685672.676,real_q8_tensor_220w_none,2,100,11457,215.77,74,1740,9251,3,16
1784685672.676,real_q8_tensor_220w_none,3,100,11457,218.35,70,1770,9251,3,16
1784685673.235,real_q8_tensor_220w_none,0,98,11457,210.59,64,1800,9251,3,16
1784685673.235,real_q8_tensor_220w_none,1,100,11457,215.65,69,1725,9251,3,16
1784685673.235,real_q8_tensor_220w_none,2,100,11457,212.49,74,1740,9251,3,16
1784685673.235,real_q8_tensor_220w_none,3,100,11457,215.80,70,1740,9251,3,16
1784685673.826,real_q8_tensor_220w_none,0,83,11457,213.80,66,1800,9251,3,16
1784685673.826,real_q8_tensor_220w_none,1,100,11457,218.71,69,1710,9251,3,16
1784685673.826,real_q8_tensor_220w_none,2,100,11457,215.61,74,1755,9251,3,16
1784685673.826,real_q8_tensor_220w_none,3,100,11457,217.91,70,1725,9251,3,16
1784685674.419,real_q8_tensor_220w_none,0,100,11457,213.77,66,1830,9251,3,16
1784685674.419,real_q8_tensor_220w_none,1,100,11457,217.12,69,1710,9251,3,16
1784685674.419,real_q8_tensor_220w_none,2,100,11457,215.55,74,1770,9251,3,16
1784685674.419,real_q8_tensor_220w_none,3,100,11457,218.16,70,1725,9251,3,16
1784685674.985,real_q8_tensor_220w_none,0,100,11457,210.26,65,1830,9251,3,16
1784685674.985,real_q8_tensor_220w_none,1,80,11457,215.00,68,1755,9251,3,16
1784685674.985,real_q8_tensor_220w_none,2,80,11457,213.52,73,1740,9251,3,16
1784685674.985,real_q8_tensor_220w_none,3,100,11457,214.65,70,1740,9251,3,16
1784685675.554,real_q8_tensor_220w_none,0,100,11457,210.58,66,1800,9251,3,16
1784685675.554,real_q8_tensor_220w_none,1,80,11457,214.42,69,1755,9251,3,16
1784685675.554,real_q8_tensor_220w_none,2,80,11457,213.23,74,1740,9251,3,16
1784685675.554,real_q8_tensor_220w_none,3,100,11457,215.73,70,1755,9251,3,16
1784685676.148,real_q8_tensor_220w_none,0,100,11457,212.95,66,1785,9251,3,16
1784685676.148,real_q8_tensor_220w_none,1,100,11457,216.88,69,1710,9251,3,16
1784685676.148,real_q8_tensor_220w_none,2,100,11457,215.20,75,1740,9251,3,16
1784685676.148,real_q8_tensor_220w_none,3,100,11457,217.51,70,1770,9251,3,16
1784685676.751,real_q8_tensor_220w_none,0,67,11457,209.66,65,1785,9251,3,16
1784685676.751,real_q8_tensor_220w_none,1,100,11457,214.43,68,1755,9251,3,16
1784685676.751,real_q8_tensor_220w_none,2,83,11457,212.30,74,1740,9251,3,16
1784685676.751,real_q8_tensor_220w_none,3,66,11457,215.23,70,1755,9251,3,16
1784685677.389,real_q8_tensor_220w_none,0,95,11457,213.32,66,1785,9251,3,16
1784685677.389,real_q8_tensor_220w_none,1,100,11457,216.01,69,1695,9251,3,16
1784685677.389,real_q8_tensor_220w_none,2,100,11457,214.51,74,1740,9251,3,16
1784685677.389,real_q8_tensor_220w_none,3,82,11457,217.24,70,1770,9251,3,16
1784685677.969,real_q8_tensor_220w_none,0,100,11457,213.41,66,1785,9251,3,16
1784685677.969,real_q8_tensor_220w_none,1,100,11457,216.66,70,1695,9251,3,16
1784685677.969,real_q8_tensor_220w_none,2,100,11457,214.86,75,1740,9251,3,16
1784685677.969,real_q8_tensor_220w_none,3,100,11457,216.61,70,1710,9251,3,16
1784685678.546,real_q8_tensor_220w_none,0,100,11457,209.87,66,1770,9251,3,16
1784685678.546,real_q8_tensor_220w_none,1,67,11457,213.77,68,1680,9251,3,16
1784685678.546,real_q8_tensor_220w_none,2,68,11457,212.10,73,1785,9251,3,16
1784685678.546,real_q8_tensor_220w_none,3,100,11457,214.52,70,1695,9251,3,16
1784685679.122,real_q8_tensor_220w_none,0,90,11457,210.18,65,1800,9251,3,16
1784685679.122,real_q8_tensor_220w_none,1,67,11457,214.31,69,1710,9251,3,16
1784685679.122,real_q8_tensor_220w_none,2,68,11457,212.96,74,1740,9251,3,16
1784685679.122,real_q8_tensor_220w_none,3,97,11457,216.46,70,1725,9251,3,16
1784685679.696,real_q8_tensor_220w_none,0,90,11457,213.67,66,1785,9251,3,16
1784685679.696,real_q8_tensor_220w_none,1,100,11457,217.14,70,1695,9251,3,16
1784685679.696,real_q8_tensor_220w_none,2,100,11457,215.40,75,1785,9251,3,16
1784685679.696,real_q8_tensor_220w_none,3,97,11457,216.13,70,1710,9251,3,16
1784685680.274,real_q8_tensor_220w_none,0,100,11457,213.03,66,1890,9251,3,16
1784685680.274,real_q8_tensor_220w_none,1,100,11457,214.54,70,1845,9251,3,16
1784685680.274,real_q8_tensor_220w_none,2,100,11457,213.09,73,1860,9251,3,16
1784685680.274,real_q8_tensor_220w_none,3,100,11457,216.78,70,1845,9251,3,16
1784685680.883,real_q8_tensor_220w_none,0,97,11457,209.83,66,1785,9251,3,16
1784685680.883,real_q8_tensor_220w_none,1,100,11457,213.88,69,1695,9251,3,16
1784685680.883,real_q8_tensor_220w_none,2,82,11457,211.96,74,1740,9251,3,16
1784685680.883,real_q8_tensor_220w_none,3,100,11457,213.21,70,1710,9251,3,16
1784685681.480,real_q8_tensor_220w_none,0,100,11457,213.12,66,1800,9251,3,16
1784685681.480,real_q8_tensor_220w_none,1,100,11457,217.08,69,1725,9251,3,16
1784685681.480,real_q8_tensor_220w_none,2,100,11457,214.86,75,1725,9251,3,16
1784685681.480,real_q8_tensor_220w_none,3,100,11457,216.37,70,1710,9251,3,16
1784685682.068,real_q8_tensor_220w_none,0,100,11457,213.04,66,1785,9251,3,16
1784685682.068,real_q8_tensor_220w_none,1,100,11457,216.21,70,1680,9251,3,16
1784685682.068,real_q8_tensor_220w_none,2,100,11457,215.37,75,1770,9251,3,16
1784685682.068,real_q8_tensor_220w_none,3,100,11457,217.26,70,1680,9251,3,16
1784685682.654,real_q8_tensor_220w_none,0,64,11457,209.54,65,1770,9251,3,16
1784685682.654,real_q8_tensor_220w_none,1,100,11457,212.29,69,1680,9251,3,16
1784685682.654,real_q8_tensor_220w_none,2,64,11457,211.67,74,1740,9251,3,16
1784685682.654,real_q8_tensor_220w_none,3,65,11457,214.50,70,1710,9251,3,16
1784685683.259,real_q8_tensor_220w_none,0,64,11457,214.53,66,1815,9251,3,16
1784685683.259,real_q8_tensor_220w_none,1,100,11457,213.21,70,1740,9251,3,16
1784685683.259,real_q8_tensor_220w_none,2,64,11457,211.04,74,1725,9251,3,16
1784685683.259,real_q8_tensor_220w_none,3,65,11457,217.59,70,1755,9251,3,16
1784685683.834,real_q8_tensor_220w_none,0,100,11457,214.27,66,1800,9251,3,16
1784685683.834,real_q8_tensor_220w_none,1,100,11457,215.25,70,1665,9251,3,16
1784685683.834,real_q8_tensor_220w_none,2,100,11457,213.71,75,1770,9251,3,16
1784685683.834,real_q8_tensor_220w_none,3,100,11457,215.57,70,1695,9251,3,16
1784685684.406,real_q8_tensor_220w_none,0,100,11457,213.98,66,1800,9251,3,16
1784685684.406,real_q8_tensor_220w_none,1,93,11457,215.02,70,1710,9251,3,16
1784685684.406,real_q8_tensor_220w_none,2,100,11457,213.79,75,1740,9251,3,16
1784685684.406,real_q8_tensor_220w_none,3,100,11457,216.15,70,1695,9251,3,16
1784685684.967,real_q8_tensor_220w_none,0,64,11457,209.82,65,1785,9251,3,16
1784685684.967,real_q8_tensor_220w_none,1,93,11457,211.53,69,1680,9251,3,16
1784685684.967,real_q8_tensor_220w_none,2,64,11457,210.12,73,1725,9251,3,16
1784685684.967,real_q8_tensor_220w_none,3,63,11457,214.28,70,1695,9251,3,16
1784685685.537,real_q8_tensor_220w_none,0,64,11457,214.81,66,1785,9251,3,16
1784685685.537,real_q8_tensor_220w_none,1,100,11457,212.84,69,1680,9251,3,16
1784685685.537,real_q8_tensor_220w_none,2,64,11457,210.82,75,1725,9251,3,16
1784685685.537,real_q8_tensor_220w_none,3,63,11457,217.32,70,1695,9251,3,16
1784685686.105,real_q8_tensor_220w_none,0,100,11457,213.85,66,1770,9251,3,16
1784685686.105,real_q8_tensor_220w_none,1,100,11457,215.24,70,1665,9251,3,16
1784685686.105,real_q8_tensor_220w_none,2,100,11457,213.43,74,1740,9251,3,16
1784685686.105,real_q8_tensor_220w_none,3,100,11457,215.73,70,1710,9251,3,16
1784685686.698,real_q8_tensor_220w_none,0,100,11457,213.26,66,1755,9251,3,16
1784685686.698,real_q8_tensor_220w_none,1,100,11457,215.49,70,1665,9251,3,16
1784685686.698,real_q8_tensor_220w_none,2,100,11457,214.14,75,1710,9251,3,16
1784685686.698,real_q8_tensor_220w_none,3,100,11457,216.29,71,1695,9251,3,16
1784685687.260,real_q8_tensor_220w_none,0,62,11457,210.15,65,1800,9251,3,16
1784685687.260,real_q8_tensor_220w_none,1,100,11457,213.07,68,1710,9251,3,16
1784685687.260,real_q8_tensor_220w_none,2,78,11457,211.42,73,1710,9251,3,16
1784685687.260,real_q8_tensor_220w_none,3,63,11457,213.67,70,1740,9251,3,16
1784685687.830,real_q8_tensor_220w_none,0,81,11457,213.55,65,1755,9251,3,16
1784685687.830,real_q8_tensor_220w_none,1,100,11457,212.26,70,1665,9251,3,16
1784685687.830,real_q8_tensor_220w_none,2,81,11457,210.08,74,1725,9251,3,16
1784685687.830,real_q8_tensor_220w_none,3,88,11457,216.84,70,1680,9251,3,16
1784685688.403,real_q8_tensor_220w_none,0,100,11457,213.61,66,1785,9251,3,16
1784685688.403,real_q8_tensor_220w_none,1,100,11457,214.94,70,1695,9251,3,16
1784685688.403,real_q8_tensor_220w_none,2,100,11457,213.01,75,1725,9251,3,16
1784685688.403,real_q8_tensor_220w_none,3,100,11457,216.21,71,1695,9251,3,16
1784685689.000,real_q8_tensor_220w_none,0,100,11457,213.22,66,1755,9251,3,16
1784685689.000,real_q8_tensor_220w_none,1,100,11457,215.57,70,1650,9251,3,16
1784685689.000,real_q8_tensor_220w_none,2,100,11457,213.94,75,1755,9251,3,16
1784685689.000,real_q8_tensor_220w_none,3,100,11457,216.42,71,1650,9251,3,16
1784685689.582,real_q8_tensor_220w_none,0,69,11457,209.41,64,1740,9251,3,16
1784685689.582,real_q8_tensor_220w_none,1,100,11457,215.84,69,1650,9251,3,16
1784685689.582,real_q8_tensor_220w_none,2,100,11457,211.48,75,1875,9251,3,16
1784685689.582,real_q8_tensor_220w_none,3,62,11457,211.63,69,1680,9251,3,16
1784685690.151,real_q8_tensor_220w_none,0,69,11457,209.74,65,1815,9251,3,16
1784685690.151,real_q8_tensor_220w_none,1,86,11457,212.96,70,1665,9251,3,16
1784685690.151,real_q8_tensor_220w_none,2,100,11457,211.43,74,1755,9251,3,16
1784685690.151,real_q8_tensor_220w_none,3,62,11457,214.15,70,1680,9251,3,16
1784685690.721,real_q8_tensor_220w_none,0,100,11457,213.55,66,1770,9251,3,16
1784685690.721,real_q8_tensor_220w_none,1,86,11457,215.15,70,1680,9251,3,16
1784685690.721,real_q8_tensor_220w_none,2,100,11457,214.16,75,1695,9251,3,16
1784685690.721,real_q8_tensor_220w_none,3,100,11457,217.15,70,1740,9251,3,16
1784685691.290,real_q8_tensor_220w_none,0,100,11457,213.15,66,1770,9251,3,16
1784685691.290,real_q8_tensor_220w_none,1,100,11457,215.17,70,1680,9251,3,16
1784685691.290,real_q8_tensor_220w_none,2,100,11457,213.70,74,1710,9251,3,16
1784685691.290,real_q8_tensor_220w_none,3,100,11457,215.58,70,1695,9251,3,16
1784685691.859,real_q8_tensor_220w_none,0,100,11457,212.91,66,1770,9251,3,16
1784685691.859,real_q8_tensor_220w_none,1,100,11457,215.09,70,1665,9251,3,16
1784685691.859,real_q8_tensor_220w_none,2,100,11457,213.83,75,1710,9251,3,16
1784685691.859,real_q8_tensor_220w_none,3,100,11457,215.12,70,1665,9251,3,16
1784685692.424,real_q8_tensor_220w_none,0,100,11457,209.42,65,1755,9251,3,16
1784685692.424,real_q8_tensor_220w_none,1,62,11457,211.16,70,1665,9251,3,16
1784685692.424,real_q8_tensor_220w_none,2,100,11457,209.64,74,1710,9251,3,16
1784685692.424,real_q8_tensor_220w_none,3,100,11457,212.92,69,1695,9251,3,16
1784685693.018,real_q8_tensor_220w_none,0,100,11457,213.80,66,1755,9251,3,16
1784685693.018,real_q8_tensor_220w_none,1,62,11457,215.64,70,1665,9251,3,16
1784685693.018,real_q8_tensor_220w_none,2,100,11457,213.09,75,1740,9251,3,16
1784685693.018,real_q8_tensor_220w_none,3,100,11457,215.18,70,1680,9251,3,16
1784685693.608,real_q8_tensor_220w_none,0,100,11457,213.49,66,1755,9251,3,16
1784685693.608,real_q8_tensor_220w_none,1,100,11457,216.23,70,1725,9251,3,16
1784685693.608,real_q8_tensor_220w_none,2,100,11457,213.94,74,1710,9251,3,16
1784685693.608,real_q8_tensor_220w_none,3,100,11457,214.92,70,1740,9251,3,16
1784685694.201,real_q8_tensor_220w_none,0,100,11457,212.44,66,1740,9251,3,16
1784685694.201,real_q8_tensor_220w_none,1,100,11457,215.38,70,1665,9251,3,16
1784685694.201,real_q8_tensor_220w_none,2,100,11457,214.14,75,1710,9251,3,16
1784685694.201,real_q8_tensor_220w_none,3,100,11457,215.42,71,1710,9251,3,16
1784685694.768,real_q8_tensor_220w_none,0,100,11457,209.99,65,1785,9251,3,16
1784685694.768,real_q8_tensor_220w_none,1,58,11457,211.30,70,1710,9251,3,16
1784685694.768,real_q8_tensor_220w_none,2,100,11457,209.37,74,1695,9251,3,16
1784685694.768,real_q8_tensor_220w_none,3,100,11457,211.54,70,1665,9251,3,16
1784685695.362,real_q8_tensor_220w_none,0,100,11457,209.77,66,1785,9251,3,16
1784685695.362,real_q8_tensor_220w_none,1,95,11457,211.07,70,1710,9251,3,16
1784685695.362,real_q8_tensor_220w_none,2,70,11457,209.49,74,1695,9251,3,16
1784685695.362,real_q8_tensor_220w_none,3,100,11457,213.03,70,1710,9251,3,16
1784685695.931,real_q8_tensor_220w_none,0,100,11457,211.71,66,1800,9251,3,16
1784685695.931,real_q8_tensor_220w_none,1,100,11457,214.81,69,1650,9251,3,16
1784685695.931,real_q8_tensor_220w_none,2,70,11457,213.44,74,1755,9251,3,16
1784685695.931,real_q8_tensor_220w_none,3,100,11457,214.28,70,1680,9251,3,16
1784685696.502,real_q8_tensor_220w_none,0,100,11457,212.32,66,1740,9251,3,16
1784685696.502,real_q8_tensor_220w_none,1,100,11457,214.80,70,1650,9251,3,16
1784685696.502,real_q8_tensor_220w_none,2,100,11457,212.60,75,1695,9251,3,16
1784685696.502,real_q8_tensor_220w_none,3,100,11457,214.72,70,1680,9251,3,16
1784685697.095,real_q8_tensor_220w_none,0,100,11457,212.38,66,1740,9251,3,16
1784685697.095,real_q8_tensor_220w_none,1,100,11457,214.20,70,1710,9251,3,16
1784685697.095,real_q8_tensor_220w_none,2,100,11457,212.57,75,1695,9251,3,16
1784685697.095,real_q8_tensor_220w_none,3,100,11457,215.54,71,1725,9251,3,16
1784685697.656,real_q8_tensor_220w_none,0,59,11457,207.43,64,1800,9251,3,16
1784685697.656,real_q8_tensor_220w_none,1,100,11457,212.85,69,1710,9251,3,16
1784685697.656,real_q8_tensor_220w_none,2,91,11457,208.88,74,1665,9251,3,16
1784685697.656,real_q8_tensor_220w_none,3,60,11457,210.38,70,1695,9251,3,16
1784685698.247,real_q8_tensor_220w_none,0,59,11457,211.17,66,1725,9251,3,16
1784685698.247,real_q8_tensor_220w_none,1,80,11457,211.48,70,1635,9251,3,16
1784685698.247,real_q8_tensor_220w_none,2,91,11457,209.78,74,1740,9251,3,16
1784685698.247,real_q8_tensor_220w_none,3,60,11457,215.39,70,1680,9251,3,16
1784685698.817,real_q8_tensor_220w_none,0,100,11457,213.43,66,1740,9251,3,16
1784685698.817,real_q8_tensor_220w_none,1,98,11457,214.37,70,1650,9251,3,16
1784685698.817,real_q8_tensor_220w_none,2,100,11457,212.95,75,1710,9251,3,16
1784685698.817,real_q8_tensor_220w_none,3,100,11457,215.93,70,1680,9251,3,16
1784685699.386,real_q8_tensor_220w_none,0,100,11457,212.18,66,1725,9251,3,16
1784685699.386,real_q8_tensor_220w_none,1,100,11457,214.49,70,1635,9251,3,16
1784685699.386,real_q8_tensor_220w_none,2,100,11457,212.95,75,1740,9251,3,16
1784685699.386,real_q8_tensor_220w_none,3,100,11457,214.77,70,1680,9251,3,16
1784685699.976,real_q8_tensor_220w_none,0,100,11457,212.02,66,1725,9251,3,16
1784685699.976,real_q8_tensor_220w_none,1,100,11457,214.67,70,1635,9251,3,16
1784685699.976,real_q8_tensor_220w_none,2,100,11457,212.10,74,1695,9251,3,16
1784685699.976,real_q8_tensor_220w_none,3,100,11457,214.76,71,1680,9251,3,16
1784685700.544,real_q8_tensor_220w_none,0,100,11457,207.93,66,1875,9251,3,16
1784685700.544,real_q8_tensor_220w_none,1,97,11457,214.64,69,1845,9251,3,16
1784685700.544,real_q8_tensor_220w_none,2,100,11457,213.01,74,1860,9251,3,16
1784685700.544,real_q8_tensor_220w_none,3,100,11457,210.37,71,1860,9251,3,16
1784685701.113,real_q8_tensor_220w_none,0,58,11457,207.23,64,1785,9251,3,16
1784685701.113,real_q8_tensor_220w_none,1,97,11457,211.22,70,1620,9251,3,16
1784685701.113,real_q8_tensor_220w_none,2,75,11457,209.69,75,1755,9251,3,16
1784685701.113,real_q8_tensor_220w_none,3,59,11457,210.85,70,1665,9251,3,16
1784685701.680,real_q8_tensor_220w_none,0,58,11457,212.23,66,1755,9251,3,16
1784685701.680,real_q8_tensor_220w_none,1,79,11457,213.63,69,1680,9251,3,16
1784685701.680,real_q8_tensor_220w_none,2,75,11457,211.88,74,1695,9251,3,16
1784685701.680,real_q8_tensor_220w_none,3,59,11457,215.88,70,1740,9251,3,16
1784685702.250,real_q8_tensor_220w_none,0,100,11457,211.33,66,1755,9251,3,16
1784685702.250,real_q8_tensor_220w_none,1,79,11457,215.21,70,1620,9251,3,16
1784685702.250,real_q8_tensor_220w_none,2,100,11457,212.97,75,1710,9251,3,16
1784685702.250,real_q8_tensor_220w_none,3,100,11457,214.81,70,1665,9251,3,16
1784685702.818,real_q8_tensor_220w_none,0,100,11457,211.70,66,1800,9251,3,16
1784685702.818,real_q8_tensor_220w_none,1,100,11457,215.25,70,1695,9251,3,16
1784685702.818,real_q8_tensor_220w_none,2,100,11457,213.68,75,1680,9251,3,16
1784685702.818,real_q8_tensor_220w_none,3,79,11457,214.26,70,1725,9251,3,16
1784685703.388,real_q8_tensor_220w_none,0,100,11457,211.86,66,1725,9251,3,16
1784685703.388,real_q8_tensor_220w_none,1,100,11457,214.52,70,1635,9251,3,16
1784685703.388,real_q8_tensor_220w_none,2,100,11457,213.21,75,1665,9251,3,16
1784685703.388,real_q8_tensor_220w_none,3,100,11457,214.33,70,1710,9251,3,16
1784685703.957,real_q8_tensor_220w_none,0,100,11457,210.44,65,1905,9251,3,16
1784685703.957,real_q8_tensor_220w_none,1,100,11457,213.99,70,1875,9251,3,16
1784685703.957,real_q8_tensor_220w_none,2,100,11457,209.04,75,1845,9251,3,16
1784685703.957,real_q8_tensor_220w_none,3,100,11457,212.68,69,1890,9251,3,16
1784685704.547,real_q8_tensor_220w_none,0,73,11457,208.02,66,1755,9251,3,16
1784685704.547,real_q8_tensor_220w_none,1,100,11457,210.73,70,1665,9251,3,16
1784685704.547,real_q8_tensor_220w_none,2,58,11457,208.51,74,1710,9251,3,16
1784685704.547,real_q8_tensor_220w_none,3,85,11457,212.59,70,1665,9251,3,16
1784685705.135,real_q8_tensor_220w_none,0,73,11457,212.34,65,1770,9251,3,16
1784685705.135,real_q8_tensor_220w_none,1,100,11457,213.76,70,1680,9251,3,16
1784685705.135,real_q8_tensor_220w_none,2,58,11457,212.11,74,1695,9251,3,16
1784685705.135,real_q8_tensor_220w_none,3,85,11457,214.43,70,1665,9251,3,16
1784685705.703,real_q8_tensor_220w_none,0,100,11457,212.26,66,1740,9251,3,16
1784685705.703,real_q8_tensor_220w_none,1,100,11457,213.48,69,1650,9251,3,16
1784685705.703,real_q8_tensor_220w_none,2,100,11457,211.78,74,1665,9251,3,16
1784685705.703,real_q8_tensor_220w_none,3,100,11457,214.02,70,1710,9251,3,16
1784685706.273,real_q8_tensor_220w_none,0,100,11457,211.36,66,1755,9251,3,16
1784685706.273,real_q8_tensor_220w_none,1,100,11457,213.31,70,1665,9251,3,16
1784685706.273,real_q8_tensor_220w_none,2,100,11457,212.09,75,1695,9251,3,16
1784685706.273,real_q8_tensor_220w_none,3,100,11457,213.23,71,1725,9251,3,16
1784685706.843,real_q8_tensor_220w_none,0,100,11457,211.59,66,1725,9251,3,16
1784685706.843,real_q8_tensor_220w_none,1,100,11457,213.64,70,1620,9251,3,16
1784685706.843,real_q8_tensor_220w_none,2,100,11457,212.61,75,1680,9251,3,16
1784685706.843,real_q8_tensor_220w_none,3,100,11457,213.86,71,1710,9251,3,16
1784685707.414,real_q8_tensor_220w_none,0,100,11457,212.15,66,1830,9251,3,16
1784685707.414,real_q8_tensor_220w_none,1,89,11457,213.69,69,1830,9251,3,16
1784685707.414,real_q8_tensor_220w_none,2,100,11457,212.05,74,1800,9251,3,16
1784685707.414,real_q8_tensor_220w_none,3,100,11457,213.96,70,1830,9251,3,16
1784685707.971,real_q8_tensor_220w_none,0,58,11457,207.03,64,1875,9251,3,16
1784685707.971,real_q8_tensor_220w_none,1,89,11457,213.80,69,1620,9251,3,16
1784685707.971,real_q8_tensor_220w_none,2,89,11457,211.65,73,1710,9251,3,16
1784685707.971,real_q8_tensor_220w_none,3,57,11457,209.90,70,1650,9251,3,16
1784685708.539,real_q8_tensor_220w_none,0,58,11457,212.66,65,1800,9251,3,16
1784685708.539,real_q8_tensor_220w_none,1,68,11457,212.47,70,1710,9251,3,16
1784685708.539,real_q8_tensor_220w_none,2,89,11457,209.29,74,1740,9251,3,16
1784685708.539,real_q8_tensor_220w_none,3,57,11457,216.40,70,1725,9251,3,16
1784685709.110,real_q8_tensor_220w_none,0,100,11457,212.76,66,1755,9251,3,16
1784685709.110,real_q8_tensor_220w_none,1,79,11457,214.06,70,1680,9251,3,16
1784685709.110,real_q8_tensor_220w_none,2,100,11457,211.22,75,1680,9251,3,16
1784685709.110,real_q8_tensor_220w_none,3,100,11457,216.10,70,1665,9251,3,16
1784685709.680,real_q8_tensor_220w_none,0,100,11457,211.99,66,1785,9251,3,16
1784685709.680,real_q8_tensor_220w_none,1,100,11457,214.92,70,1695,9251,3,16
1784685709.680,real_q8_tensor_220w_none,2,100,11457,212.16,75,1740,9251,3,16
1784685709.680,real_q8_tensor_220w_none,3,100,11457,214.16,71,1725,9251,3,16
1784685710.249,real_q8_tensor_220w_none,0,100,11457,211.10,66,1785,9251,3,16
1784685710.249,real_q8_tensor_220w_none,1,100,11457,214.46,70,1635,9251,3,16
1784685710.249,real_q8_tensor_220w_none,2,100,11457,212.31,74,1710,9251,3,16
1784685710.249,real_q8_tensor_220w_none,3,100,11457,214.94,70,1665,9251,3,16
1784685710.818,real_q8_tensor_220w_none,0,100,11457,211.58,66,1770,9251,3,16
1784685710.818,real_q8_tensor_220w_none,1,100,11457,214.26,70,1665,9251,3,16
1784685710.818,real_q8_tensor_220w_none,2,100,11457,212.09,75,1680,9251,3,16
1784685710.818,real_q8_tensor_220w_none,3,100,11457,214.52,70,1665,9251,3,16
1784685711.387,real_q8_tensor_220w_none,0,100,11457,212.34,66,1770,9251,3,16
1784685711.387,real_q8_tensor_220w_none,1,98,11457,214.54,70,1665,9251,3,16
1784685711.387,real_q8_tensor_220w_none,2,96,11457,212.19,75,1740,9251,3,16
1784685711.387,real_q8_tensor_220w_none,3,100,11457,214.46,71,1650,9251,3,16
1784685711.952,real_q8_tensor_220w_none,0,100,11457,207.44,66,1905,9251,3,16
1784685711.952,real_q8_tensor_220w_none,1,100,11457,214.58,69,1875,9251,3,16
1784685711.952,real_q8_tensor_220w_none,2,96,11457,212.38,74,1845,9251,3,16
1784685711.952,real_q8_tensor_220w_none,3,100,11457,210.47,69,1890,9251,3,16
1784685712.519,real_q8_tensor_220w_none,0,74,11457,207.89,64,1710,9251,3,16
1784685712.519,real_q8_tensor_220w_none,1,100,11457,210.68,70,1605,9251,3,16
1784685712.519,real_q8_tensor_220w_none,2,56,11457,207.43,74,1665,9251,3,16
1784685712.519,real_q8_tensor_220w_none,3,65,11457,215.95,70,1635,9251,3,16
1784685713.089,real_q8_tensor_220w_none,0,74,11457,210.83,66,1710,9251,3,16
1784685713.089,real_q8_tensor_220w_none,1,100,11457,213.81,70,1650,9251,3,16
1784685713.089,real_q8_tensor_220w_none,2,56,11457,212.01,74,1665,9251,3,16
1784685713.089,real_q8_tensor_220w_none,3,65,11457,215.55,70,1725,9251,3,16
1784685713.657,real_q8_tensor_220w_none,0,100,11457,211.05,66,1785,9251,3,16
1784685713.657,real_q8_tensor_220w_none,1,100,11457,213.26,70,1710,9251,3,16
1784685713.657,real_q8_tensor_220w_none,2,100,11457,211.90,74,1665,9251,3,16
1784685713.657,real_q8_tensor_220w_none,3,100,11457,213.88,70,1725,9251,3,16
1784685714.226,real_q8_tensor_220w_none,0,100,11457,211.09,66,1710,9251,3,16
1784685714.226,real_q8_tensor_220w_none,1,100,11457,213.06,70,1620,9251,3,16
1784685714.226,real_q8_tensor_220w_none,2,100,11457,211.38,75,1665,9251,3,16
1784685714.226,real_q8_tensor_220w_none,3,100,11457,214.21,70,1665,9251,3,16
1784685714.815,real_q8_tensor_220w_none,0,100,11457,211.52,66,1785,9251,3,16
1784685714.815,real_q8_tensor_220w_none,1,100,11457,213.64,70,1695,9251,3,16
1784685714.815,real_q8_tensor_220w_none,2,100,11457,212.20,75,1665,9251,3,16
1784685714.815,real_q8_tensor_220w_none,3,100,11457,213.83,70,1725,9251,3,16
1784685715.386,real_q8_tensor_220w_none,0,100,11457,211.30,66,1770,9251,3,16
1784685715.386,real_q8_tensor_220w_none,1,100,11457,213.79,70,1605,9251,3,16
1784685715.386,real_q8_tensor_220w_none,2,100,11457,212.31,75,1725,9251,3,16
1784685715.386,real_q8_tensor_220w_none,3,100,11457,214.25,70,1635,9251,3,16
1784685715.956,real_q8_tensor_220w_none,0,100,11457,211.31,66,1695,9251,3,16
1784685715.956,real_q8_tensor_220w_none,1,100,11457,213.35,70,1605,9251,3,16
1784685715.956,real_q8_tensor_220w_none,2,100,11457,211.67,75,1665,9251,3,16
1784685715.956,real_q8_tensor_220w_none,3,100,11457,214.22,71,1665,9251,3,16
1784685716.517,real_q8_tensor_220w_none,0,100,11457,210.70,66,1890,9251,3,16
1784685716.517,real_q8_tensor_220w_none,1,84,11457,211.79,69,1845,9251,3,16
1784685716.517,real_q8_tensor_220w_none,2,100,11457,209.66,73,1815,9251,3,16
1784685716.517,real_q8_tensor_220w_none,3,100,11457,209.01,71,1860,9251,3,16
1784685717.084,real_q8_tensor_220w_none,0,56,11457,205.61,65,1695,9251,3,16
1784685717.084,real_q8_tensor_220w_none,1,84,11457,213.77,69,1590,9251,3,16
1784685717.084,real_q8_tensor_220w_none,2,67,11457,211.45,73,1680,9251,3,16
1784685717.084,real_q8_tensor_220w_none,3,55,11457,209.26,70,1620,9251,3,16
1784685717.653,real_q8_tensor_220w_none,0,56,11457,212.36,66,1725,9251,3,16
1784685717.653,real_q8_tensor_220w_none,1,56,11457,211.68,70,1620,9251,3,16
1784685717.653,real_q8_tensor_220w_none,2,67,11457,211.47,74,1725,9251,3,16
1784685717.653,real_q8_tensor_220w_none,3,55,11457,214.73,70,1635,9251,3,16
1784685718.245,real_q8_tensor_220w_none,0,100,11457,211.17,65,1695,9251,3,16
1784685718.245,real_q8_tensor_220w_none,1,56,11457,211.85,70,1695,9251,3,16
1784685718.245,real_q8_tensor_220w_none,2,100,11457,210.31,74,1665,9251,3,16
1784685718.245,real_q8_tensor_220w_none,3,100,11457,213.27,70,1710,9251,3,16
1784685718.815,real_q8_tensor_220w_none,0,100,11457,210.83,66,1695,9251,3,16
1784685718.815,real_q8_tensor_220w_none,1,100,11457,212.69,70,1605,9251,3,16
1784685718.815,real_q8_tensor_220w_none,2,100,11457,211.46,75,1725,9251,3,16
1784685718.815,real_q8_tensor_220w_none,3,77,11457,214.32,70,1620,9251,3,16
1784685719.387,real_q8_tensor_220w_none,0,100,11457,210.09,66,1725,9251,3,16
1784685719.387,real_q8_tensor_220w_none,1,100,11457,212.98,70,1620,9251,3,16
1784685719.387,real_q8_tensor_220w_none,2,100,11457,211.76,75,1740,9251,3,16
1784685719.387,real_q8_tensor_220w_none,3,100,11457,213.75,70,1620,9251,3,16
1784685719.960,real_q8_tensor_220w_none,0,100,11457,210.28,66,1740,9251,3,16
1784685719.960,real_q8_tensor_220w_none,1,100,11457,212.45,70,1665,9251,3,16
1784685719.960,real_q8_tensor_220w_none,2,100,11457,211.12,75,1665,9251,3,16
1784685719.960,real_q8_tensor_220w_none,3,100,11457,213.22,70,1665,9251,3,16
1784685720.532,real_q8_tensor_220w_none,0,100,11457,211.13,66,1695,9251,3,16
1784685720.532,real_q8_tensor_220w_none,1,100,11457,212.01,70,1605,9251,3,16
1784685720.532,real_q8_tensor_220w_none,2,100,11457,210.73,74,1665,9251,3,16
1784685720.532,real_q8_tensor_220w_none,3,100,11457,213.58,71,1650,9251,3,16
1784685721.101,real_q8_tensor_220w_none,0,100,11457,209.94,66,1710,9251,3,16
1784685721.101,real_q8_tensor_220w_none,1,100,11457,211.79,70,1620,9251,3,16
1784685721.101,real_q8_tensor_220w_none,2,100,11457,210.01,75,1680,9251,3,16
1784685721.101,real_q8_tensor_220w_none,3,100,11457,213.23,70,1620,9251,3,16
1784685721.663,real_q8_tensor_220w_none,0,100,11457,209.41,65,1815,9251,3,16
1784685721.663,real_q8_tensor_220w_none,1,100,11457,211.90,70,1755,9251,3,16
1784685721.663,real_q8_tensor_220w_none,2,100,11457,210.02,75,1770,9251,3,16
1784685721.663,real_q8_tensor_220w_none,3,92,11457,211.87,70,1785,9251,3,16
1784685722.221,real_q8_tensor_220w_none,0,100,11457,209.23,66,1905,9251,3,16
1784685722.221,real_q8_tensor_220w_none,1,100,11457,208.63,68,1875,9251,3,16
1784685722.221,real_q8_tensor_220w_none,2,73,11457,207.42,73,1860,9251,3,16
1784685722.221,real_q8_tensor_220w_none,3,92,11457,212.02,70,1890,9251,3,16
1784685722.790,real_q8_tensor_220w_none,0,100,11457,204.22,65,1680,9251,3,16
1784685722.790,real_q8_tensor_220w_none,1,66,11457,214.59,69,1575,9251,3,16
1784685722.790,real_q8_tensor_220w_none,2,73,11457,212.04,73,1665,9251,3,16
1784685722.790,real_q8_tensor_220w_none,3,53,11457,208.51,70,1605,9251,3,16
1784685723.358,real_q8_tensor_220w_none,0,76,11457,211.42,65,1710,9251,3,16
1784685723.358,real_q8_tensor_220w_none,1,100,11457,212.83,70,1605,9251,3,16
1784685723.358,real_q8_tensor_220w_none,2,53,11457,209.87,74,1680,9251,3,16
1784685723.358,real_q8_tensor_220w_none,3,84,11457,213.69,70,1620,9251,3,16
1784685723.929,real_q8_tensor_220w_none,0,76,11457,210.27,65,1710,9251,3,16
1784685723.929,real_q8_tensor_220w_none,1,100,11457,212.38,70,1605,9251,3,16
1784685723.929,real_q8_tensor_220w_none,2,53,11457,210.15,74,1740,9251,3,16
1784685723.929,real_q8_tensor_220w_none,3,100,11457,213.09,70,1620,9251,3,16
1784685724.499,real_q8_tensor_220w_none,0,100,11457,209.90,65,1695,9251,3,16
1784685724.499,real_q8_tensor_220w_none,1,100,11457,212.67,70,1590,9251,3,16
1784685724.499,real_q8_tensor_220w_none,2,100,11457,210.17,75,1635,9251,3,16
1784685724.499,real_q8_tensor_220w_none,3,100,11457,212.30,70,1635,9251,3,16
1784685725.087,real_q8_tensor_220w_none,0,100,11457,209.51,66,1680,9251,3,16
1784685725.087,real_q8_tensor_220w_none,1,100,11457,212.39,70,1605,9251,3,16
1784685725.087,real_q8_tensor_220w_none,2,100,11457,210.58,74,1650,9251,3,16
1784685725.087,real_q8_tensor_220w_none,3,100,11457,212.11,70,1635,9251,3,16
1784685725.657,real_q8_tensor_220w_none,0,100,11457,209.66,66,1695,9251,3,16
1784685725.657,real_q8_tensor_220w_none,1,100,11457,212.69,70,1590,9251,3,16
1784685725.657,real_q8_tensor_220w_none,2,100,11457,211.35,75,1665,9251,3,16
1784685725.657,real_q8_tensor_220w_none,3,100,11457,212.26,70,1605,9251,3,16
1784685726.226,real_q8_tensor_220w_none,0,100,11457,209.76,66,1710,9251,3,16
1784685726.226,real_q8_tensor_220w_none,1,100,11457,211.25,70,1635,9251,3,16
1784685726.226,real_q8_tensor_220w_none,2,100,11457,210.33,74,1635,9251,3,16
1784685726.226,real_q8_tensor_220w_none,3,100,11457,212.38,70,1680,9251,3,16
1784685726.797,real_q8_tensor_220w_none,0,100,11457,210.27,66,1695,9251,3,16
1784685726.797,real_q8_tensor_220w_none,1,100,11457,212.48,70,1590,9251,3,16
1784685726.797,real_q8_tensor_220w_none,2,100,11457,210.45,75,1650,9251,3,16
1784685726.797,real_q8_tensor_220w_none,3,100,11457,212.46,70,1635,9251,3,16
1784685727.366,real_q8_tensor_220w_none,0,100,11457,210.07,66,1680,9251,3,16
1784685727.366,real_q8_tensor_220w_none,1,100,11457,212.66,70,1680,9251,3,16
1784685727.366,real_q8_tensor_220w_none,2,100,11457,210.88,75,1650,9251,3,16
1784685727.366,real_q8_tensor_220w_none,3,100,11457,212.30,70,1695,9251,3,16
1784685727.936,real_q8_tensor_220w_none,0,100,11457,208.97,66,1770,9251,3,16
1784685727.936,real_q8_tensor_220w_none,1,100,11457,211.53,70,1680,9251,3,16
1784685727.936,real_q8_tensor_220w_none,2,100,11457,210.20,75,1635,9251,3,16
1784685727.936,real_q8_tensor_220w_none,3,100,11457,212.91,70,1695,9251,3,16
1784685728.497,real_q8_tensor_220w_none,0,100,11457,208.96,66,1800,9251,3,16
1784685728.497,real_q8_tensor_220w_none,1,86,11457,210.88,70,1740,9251,3,16
1784685728.497,real_q8_tensor_220w_none,2,100,11457,208.63,75,1635,9251,3,16
1784685728.497,real_q8_tensor_220w_none,3,100,11457,212.68,70,1770,9251,3,16
1784685729.055,real_q8_tensor_220w_none,0,85,11457,208.18,65,1905,9251,3,16
1784685729.055,real_q8_tensor_220w_none,1,86,11457,212.76,70,1875,9251,3,16
1784685729.055,real_q8_tensor_220w_none,2,51,11457,209.82,74,1860,9251,3,16
1784685729.055,real_q8_tensor_220w_none,3,100,11457,209.68,69,1890,9251,3,16
1784685729.642,real_q8_tensor_220w_none,0,100,11457,210.69,66,1740,9251,3,16
1784685729.642,real_q8_tensor_220w_none,1,61,11457,208.81,68,1635,9251,3,16
1784685729.642,real_q8_tensor_220w_none,2,100,11457,206.54,73,1620,9251,3,16
1784685729.642,real_q8_tensor_220w_none,3,52,11457,214.26,70,1695,9251,3,16
1784685730.217,real_q8_tensor_220w_none,0,98,11457,208.93,64,1710,9251,3,16
1784685730.217,real_q8_tensor_220w_none,1,61,11457,212.90,69,1575,9251,3,16
1784685730.217,real_q8_tensor_220w_none,2,66,11457,210.92,74,1665,9251,3,16
1784685730.217,real_q8_tensor_220w_none,3,52,11457,212.11,70,1620,9251,3,16
1784685730.811,real_q8_tensor_220w_none,0,98,11457,209.25,65,1725,9251,3,16
1784685730.811,real_q8_tensor_220w_none,1,100,11457,211.66,69,1635,9251,3,16
1784685730.811,real_q8_tensor_220w_none,2,66,11457,209.94,75,1650,9251,3,16
1784685730.811,real_q8_tensor_220w_none,3,80,11457,212.28,70,1695,9251,3,16
1784685731.382,real_q8_tensor_220w_none,0,100,11457,209.04,66,1770,9251,3,16
1784685731.382,real_q8_tensor_220w_none,1,92,11457,210.85,70,1560,9251,3,16
1784685731.382,real_q8_tensor_220w_none,2,100,11457,210.08,74,1725,9251,3,16
1784685731.382,real_q8_tensor_220w_none,3,80,11457,211.43,70,1605,9251,3,16
1784685731.955,real_q8_tensor_220w_none,0,100,11457,208.43,65,1695,9251,3,16
1784685731.955,real_q8_tensor_220w_none,1,100,11457,210.56,70,1590,9251,3,16
1784685731.955,real_q8_tensor_220w_none,2,100,11457,210.02,74,1620,9251,3,16
1784685731.955,real_q8_tensor_220w_none,3,100,11457,211.30,70,1620,9251,3,16
1784685732.525,real_q8_tensor_220w_none,0,100,11457,208.90,65,1770,9251,3,16
1784685732.525,real_q8_tensor_220w_none,1,100,11457,211.00,70,1620,9251,3,16
1784685732.525,real_q8_tensor_220w_none,2,100,11457,209.51,75,1710,9251,3,16
1784685732.525,real_q8_tensor_220w_none,3,100,11457,210.22,70,1605,9251,3,16
1784685733.094,real_q8_tensor_220w_none,0,100,11457,208.87,65,1680,9251,3,16
1784685733.094,real_q8_tensor_220w_none,1,100,11457,211.62,70,1575,9251,3,16
1784685733.094,real_q8_tensor_220w_none,2,100,11457,209.12,74,1620,9251,3,16
1784685733.094,real_q8_tensor_220w_none,3,100,11457,209.96,70,1620,9251,3,16
1784685733.662,real_q8_tensor_220w_none,0,100,11457,208.50,65,1695,9251,3,16
1784685733.662,real_q8_tensor_220w_none,1,100,11457,211.01,70,1605,9251,3,16
1784685733.662,real_q8_tensor_220w_none,2,100,11457,208.00,74,1725,9251,3,16
1784685733.662,real_q8_tensor_220w_none,3,100,11457,210.34,70,1620,9251,3,16
1784685734.233,real_q8_tensor_220w_none,0,100,11457,208.13,65,1665,9251,3,16
1784685734.233,real_q8_tensor_220w_none,1,100,11457,210.98,70,1590,9251,3,16
1784685734.233,real_q8_tensor_220w_none,2,100,11457,208.90,75,1635,9251,3,16
1784685734.233,real_q8_tensor_220w_none,3,100,11457,211.09,70,1620,9251,3,16
1784685734.801,real_q8_tensor_220w_none,0,100,11457,207.07,65,1770,9251,3,16
1784685734.801,real_q8_tensor_220w_none,1,100,11457,210.55,70,1575,9251,3,16
1784685734.801,real_q8_tensor_220w_none,2,100,11457,208.78,75,1725,9251,3,16
1784685734.801,real_q8_tensor_220w_none,3,100,11457,211.72,70,1575,9251,3,16
1784685735.370,real_q8_tensor_220w_none,0,100,11457,207.25,65,1755,9251,3,16
1784685735.370,real_q8_tensor_220w_none,1,100,11457,210.40,70,1665,9251,3,16
1784685735.370,real_q8_tensor_220w_none,2,100,11457,208.50,75,1725,9251,3,16
1784685735.370,real_q8_tensor_220w_none,3,100,11457,211.90,70,1620,9251,3,16
1784685735.966,real_q8_tensor_220w_none,0,100,11457,207.36,65,1740,9251,3,16
1784685735.966,real_q8_tensor_220w_none,1,100,11457,211.38,70,1650,9251,3,16
1784685735.966,real_q8_tensor_220w_none,2,100,11457,209.29,75,1635,9251,3,16
1784685735.966,real_q8_tensor_220w_none,3,100,11457,211.67,70,1635,9251,3,16
1784685736.554,real_q8_tensor_220w_none,0,100,11457,208.60,66,1800,9251,3,16
1784685736.554,real_q8_tensor_220w_none,1,100,11457,209.85,69,1740,9251,3,16
1784685736.554,real_q8_tensor_220w_none,2,100,11457,208.13,75,1605,9251,3,16
1784685736.554,real_q8_tensor_220w_none,3,100,11457,211.29,70,1770,9251,3,16
1784685737.135,real_q8_tensor_220w_none,0,76,11457,207.67,66,1875,9251,3,16
1784685737.135,real_q8_tensor_220w_none,1,100,11457,211.26,69,1830,9251,3,16
1784685737.135,real_q8_tensor_220w_none,2,100,11457,209.77,74,1755,9251,3,16
1784685737.135,real_q8_tensor_220w_none,3,100,11457,211.27,70,1845,9251,3,16
1784685737.698,real_q8_tensor_220w_none,0,76,11457,208.66,66,1890,9251,3,16
1784685737.698,real_q8_tensor_220w_none,1,62,11457,210.74,70,1860,9251,3,16
1784685737.698,real_q8_tensor_220w_none,2,100,11457,208.82,73,1860,9251,3,16
1784685737.698,real_q8_tensor_220w_none,3,100,11457,212.70,70,1875,9251,3,16
1784685738.262,real_q8_tensor_220w_none,0,68,11457,207.79,64,1845,9251,3,16
1784685738.262,real_q8_tensor_220w_none,1,62,11457,211.37,70,1560,9251,3,16
1784685738.262,real_q8_tensor_220w_none,2,51,11457,208.99,74,1680,9251,3,16
1784685738.262,real_q8_tensor_220w_none,3,100,11457,211.10,69,1575,9251,3,16
1784685738.850,real_q8_tensor_220w_none,0,100,11457,208.14,65,1695,9251,3,16
1784685738.850,real_q8_tensor_220w_none,1,55,11457,210.09,68,1605,9251,3,16
1784685738.850,real_q8_tensor_220w_none,2,100,11457,207.77,73,1620,9251,3,16
1784685738.850,real_q8_tensor_220w_none,3,53,11457,211.90,70,1650,9251,3,16
1784685739.421,real_q8_tensor_220w_none,0,86,11457,208.76,65,1755,9251,3,16
1784685739.421,real_q8_tensor_220w_none,1,55,11457,210.69,69,1665,9251,3,16
1784685739.421,real_q8_tensor_220w_none,2,55,11457,208.65,74,1620,9251,3,16
1784685739.421,real_q8_tensor_220w_none,3,53,11457,211.35,70,1665,9251,3,16
1784685740.019,real_q8_tensor_220w_none,0,74,11457,208.11,65,1680,9251,3,16
1784685740.019,real_q8_tensor_220w_none,1,96,11457,211.30,69,1575,9251,3,16
1784685740.019,real_q8_tensor_220w_none,2,77,11457,208.85,74,1710,9251,3,16
1784685740.019,real_q8_tensor_220w_none,3,100,11457,212.37,70,1590,9251,3,16
1784685740.618,real_q8_tensor_220w_none,0,100,11457,208.49,65,1650,9251,3,16
1784685740.618,real_q8_tensor_220w_none,1,96,11457,210.61,69,1575,9251,3,16
1784685740.618,real_q8_tensor_220w_none,2,100,11457,208.56,74,1635,9251,3,16
1784685740.618,real_q8_tensor_220w_none,3,100,11457,211.91,70,1680,9251,3,16
1784685741.211,real_q8_tensor_220w_none,0,100,11457,207.49,66,1755,9251,3,16
1784685741.211,real_q8_tensor_220w_none,1,100,11457,210.88,69,1665,9251,3,16
1784685741.211,real_q8_tensor_220w_none,2,100,11457,208.38,74,1710,9251,3,16
1784685741.211,real_q8_tensor_220w_none,3,100,11457,210.35,70,1590,9251,3,16
1784685741.806,real_q8_tensor_220w_none,0,100,11457,206.93,65,1725,9251,3,16
1784685741.806,real_q8_tensor_220w_none,1,100,11457,210.58,70,1620,9251,3,16
1784685741.806,real_q8_tensor_220w_none,2,100,11457,207.84,74,1650,9251,3,16
1784685741.806,real_q8_tensor_220w_none,3,100,11457,211.12,70,1605,9251,3,16
1784685742.378,real_q8_tensor_220w_none,0,100,11457,207.78,66,1770,9251,3,16
1784685742.378,real_q8_tensor_220w_none,1,100,11457,211.19,69,1590,9251,3,16
1784685742.378,real_q8_tensor_220w_none,2,91,11457,209.20,74,1710,9251,3,16
1784685742.378,real_q8_tensor_220w_none,3,100,11457,211.34,70,1590,9251,3,16
1784685742.949,real_q8_tensor_220w_none,0,100,11457,207.04,65,1725,9251,3,16
1784685742.949,real_q8_tensor_220w_none,1,100,11457,210.35,70,1650,9251,3,16
1784685742.949,real_q8_tensor_220w_none,2,100,11457,208.14,74,1695,9251,3,16
1784685742.949,real_q8_tensor_220w_none,3,100,11457,210.93,70,1665,9251,3,16
1784685743.520,real_q8_tensor_220w_none,0,100,11457,207.79,66,1770,9251,3,16
1784685743.520,real_q8_tensor_220w_none,1,100,11457,210.77,69,1590,9251,3,16
1784685743.520,real_q8_tensor_220w_none,2,100,11457,208.80,74,1710,9251,3,16
1784685743.520,real_q8_tensor_220w_none,3,100,11457,210.58,70,1590,9251,3,16
1784685744.089,real_q8_tensor_220w_none,0,100,11457,207.19,65,1740,9251,3,16
1784685744.089,real_q8_tensor_220w_none,1,100,11457,210.42,70,1635,9251,3,16
1784685744.089,real_q8_tensor_220w_none,2,100,11457,209.33,74,1695,9251,3,16
1784685744.089,real_q8_tensor_220w_none,3,100,11457,211.54,70,1650,9251,3,16
1784685744.659,real_q8_tensor_220w_none,0,100,11457,207.85,66,1665,9251,3,16
1784685744.659,real_q8_tensor_220w_none,1,100,11457,210.36,70,1575,9251,3,16
1784685744.659,real_q8_tensor_220w_none,2,100,11457,209.04,74,1620,9251,3,16
1784685744.659,real_q8_tensor_220w_none,3,100,11457,211.47,70,1635,9251,3,16
1784685745.249,real_q8_tensor_220w_none,0,100,11457,208.69,65,1650,9251,3,16
1784685745.249,real_q8_tensor_220w_none,1,100,11457,211.06,69,1575,9251,3,16
1784685745.249,real_q8_tensor_220w_none,2,100,11457,208.50,75,1620,9251,3,16
1784685745.249,real_q8_tensor_220w_none,3,100,11457,210.37,70,1620,9251,3,16
1784685745.829,real_q8_tensor_220w_none,0,100,11457,206.96,66,1770,9251,3,16
1784685745.829,real_q8_tensor_220w_none,1,100,11457,211.14,69,1575,9251,3,16
1784685745.829,real_q8_tensor_220w_none,2,100,11457,207.78,74,1620,9251,3,16
1784685745.829,real_q8_tensor_220w_none,3,51,11457,211.21,70,1620,9251,3,16
1784685746.415,real_q8_tensor_220w_none,0,100,11457,207.29,66,1740,9251,3,16
1784685746.415,real_q8_tensor_220w_none,1,100,11457,209.66,70,1650,9251,3,16
1784685746.415,real_q8_tensor_220w_none,2,100,11457,207.47,74,1620,9251,3,16
1784685746.415,real_q8_tensor_220w_none,3,100,11457,210.74,70,1650,9251,3,16
1784685747.013,real_q8_tensor_220w_none,0,100,11457,207.67,66,1725,9251,3,16
1784685747.013,real_q8_tensor_220w_none,1,100,11457,210.54,69,1560,9251,3,16
1784685747.013,real_q8_tensor_220w_none,2,100,11457,207.43,74,1695,9251,3,16
1784685747.013,real_q8_tensor_220w_none,3,100,11457,210.44,70,1575,9251,3,16
1784685747.583,real_q8_tensor_220w_none,0,100,11457,207.75,66,1650,9251,3,16
1784685747.583,real_q8_tensor_220w_none,1,100,11457,211.04,70,1560,9251,3,16
1784685747.583,real_q8_tensor_220w_none,2,100,11457,208.22,74,1695,9251,3,16
1784685747.583,real_q8_tensor_220w_none,3,100,11457,210.52,70,1575,9251,3,16
1784685748.151,real_q8_tensor_220w_none,0,100,11457,206.83,66,1650,9251,3,16
1784685748.151,real_q8_tensor_220w_none,1,100,11457,210.71,69,1545,9251,3,16
1784685748.151,real_q8_tensor_220w_none,2,100,11457,208.46,74,1605,9251,3,16
1784685748.151,real_q8_tensor_220w_none,3,100,11457,210.51,70,1575,9251,3,16
1784685748.718,real_q8_tensor_220w_none,0,100,11457,207.72,66,1755,9251,3,16
1784685748.718,real_q8_tensor_220w_none,1,100,11457,209.59,69,1650,9251,3,16
1784685748.718,real_q8_tensor_220w_none,2,100,11457,207.32,74,1710,9251,3,16
1784685748.718,real_q8_tensor_220w_none,3,100,11457,212.54,70,1620,9251,3,16
1784685749.302,real_q8_tensor_220w_none,0,87,11457,209.95,66,1680,9251,3,16
1784685749.302,real_q8_tensor_220w_none,1,100,11457,209.81,69,1755,9251,3,16
1784685749.302,real_q8_tensor_220w_none,2,100,11457,208.22,74,1665,9251,3,16
1784685749.302,real_q8_tensor_220w_none,3,100,11457,212.66,70,1755,9251,3,16
1784685749.883,real_q8_tensor_220w_none,0,100,11457,207.31,65,1785,9251,3,16
1784685749.883,real_q8_tensor_220w_none,1,100,11457,212.42,70,1725,9251,3,16
1784685749.883,real_q8_tensor_220w_none,2,100,11457,210.85,74,1590,9251,3,16
1784685749.883,real_q8_tensor_220w_none,3,100,11457,210.36,70,1755,9251,3,16
1784685750.446,real_q8_tensor_220w_none,0,100,11457,209.10,65,1785,9251,3,16
1784685750.446,real_q8_tensor_220w_none,1,100,11457,210.43,70,1725,9251,3,16
1784685750.446,real_q8_tensor_220w_none,2,100,11457,208.32,74,1590,9251,3,16
1784685750.446,real_q8_tensor_220w_none,3,100,11457,213.38,69,1755,9251,3,16
1784685751.006,real_q8_tensor_220w_none,0,100,11457,209.47,66,1845,9251,3,16
1784685751.006,real_q8_tensor_220w_none,1,100,11457,211.41,69,1785,9251,3,16
1784685751.006,real_q8_tensor_220w_none,2,100,11457,209.17,74,1740,9251,3,16
1784685751.006,real_q8_tensor_220w_none,3,63,11457,212.88,70,1800,9251,3,16
1784685751.582,real_q8_tensor_220w_none,0,100,11457,206.79,66,1785,9251,3,16
1784685751.582,real_q8_tensor_220w_none,1,85,11457,212.23,69,1725,9251,3,16
1784685751.582,real_q8_tensor_220w_none,2,79,11457,210.99,74,1635,9251,3,16
1784685751.582,real_q8_tensor_220w_none,3,63,11457,210.48,70,1740,9251,3,16
1784685752.142,real_q8_tensor_220w_none,0,100,11457,210.12,65,1800,9251,3,16
1784685752.142,real_q8_tensor_220w_none,1,85,11457,209.40,69,1710,9251,3,16
1784685752.142,real_q8_tensor_220w_none,2,79,11457,208.76,74,1605,9251,3,16
1784685752.142,real_q8_tensor_220w_none,3,97,11457,213.47,70,1725,9251,3,16
1784685752.704,real_q8_tensor_220w_none,0,86,11457,210.56,66,1815,9251,3,16
1784685752.704,real_q8_tensor_220w_none,1,100,11457,210.75,69,1755,9251,3,16
1784685752.704,real_q8_tensor_220w_none,2,100,11457,210.33,74,1695,9251,3,16
1784685752.704,real_q8_tensor_220w_none,3,97,11457,212.57,70,1755,9251,3,16
1784685753.288,real_q8_tensor_220w_none,0,86,11457,206.89,66,1785,9251,3,16
1784685753.288,real_q8_tensor_220w_none,1,100,11457,213.01,69,1725,9251,3,16
1784685753.288,real_q8_tensor_220w_none,2,100,11457,212.32,74,1590,9251,3,16
1784685753.288,real_q8_tensor_220w_none,3,100,11457,210.57,70,1755,9251,3,16
1784685753.849,real_q8_tensor_220w_none,0,100,11457,208.54,65,1695,9251,3,16
1784685753.849,real_q8_tensor_220w_none,1,100,11457,210.07,69,1590,9251,3,16
1784685753.849,real_q8_tensor_220w_none,2,100,11457,208.49,74,1710,9251,3,16
1784685753.849,real_q8_tensor_220w_none,3,100,11457,213.08,70,1590,9251,3,16
1784685754.410,real_q8_tensor_220w_none,0,100,11457,206.96,65,1650,9251,3,16
1784685754.410,real_q8_tensor_220w_none,1,100,11457,210.94,69,1560,9251,3,16
1784685754.410,real_q8_tensor_220w_none,2,100,11457,209.75,74,1605,9251,3,16
1784685754.410,real_q8_tensor_220w_none,3,100,11457,213.34,70,1605,9251,3,16
1784685754.971,real_q8_tensor_220w_none,0,100,11457,207.69,66,1740,9251,3,16
1784685754.971,real_q8_tensor_220w_none,1,100,11457,213.35,69,1650,9251,3,16
1784685754.971,real_q8_tensor_220w_none,2,98,11457,212.45,74,1710,9251,3,16
1784685754.971,real_q8_tensor_220w_none,3,100,11457,210.01,70,1650,9251,3,16
1784685755.533,real_q8_tensor_220w_none,0,100,11457,208.04,66,1635,9251,3,16
1784685755.533,real_q8_tensor_220w_none,1,100,11457,209.04,69,1605,9251,3,16
1784685755.533,real_q8_tensor_220w_none,2,98,11457,207.35,74,1590,9251,3,16
1784685755.533,real_q8_tensor_220w_none,3,100,11457,211.46,70,1560,9251,3,16
1784685756.097,real_q8_tensor_220w_none,0,100,11457,210.77,66,1665,9251,3,16
1784685756.097,real_q8_tensor_220w_none,1,100,11457,208.95,70,1545,9251,3,16
1784685756.097,real_q8_tensor_220w_none,2,100,11457,206.94,74,1665,9251,3,16
1784685756.097,real_q8_tensor_220w_none,3,100,11457,214.07,70,1590,9251,3,16
1784685756.677,real_q8_tensor_220w_none,0,100,11457,205.10,65,1710,9251,3,16
1784685756.677,real_q8_tensor_220w_none,1,100,11457,211.50,70,1620,9251,3,16
1784685756.677,real_q8_tensor_220w_none,2,100,11457,209.44,74,1620,9251,3,16
1784685756.677,real_q8_tensor_220w_none,3,100,11457,209.65,70,1590,9251,3,16
1784685757.243,real_q8_tensor_220w_none,0,100,11457,205.29,65,1650,9251,3,16
1784685757.243,real_q8_tensor_220w_none,1,100,11457,209.61,70,1545,9251,3,16
1784685757.243,real_q8_tensor_220w_none,2,100,11457,207.80,74,1620,9251,3,16
1784685757.243,real_q8_tensor_220w_none,3,100,11457,209.29,70,1605,9251,3,16
1784685757.813,real_q8_tensor_220w_none,0,100,11457,208.24,65,1710,9251,3,16
1784685757.813,real_q8_tensor_220w_none,1,100,11457,209.61,69,1545,9251,3,16
1784685757.813,real_q8_tensor_220w_none,2,100,11457,207.49,74,1680,9251,3,16
1784685757.813,real_q8_tensor_220w_none,3,100,11457,211.73,70,1575,9251,3,16
1784685758.384,real_q8_tensor_220w_none,0,100,11457,206.25,65,1740,9251,3,16
1784685758.384,real_q8_tensor_220w_none,1,100,11457,209.53,69,1650,9251,3,16
1784685758.384,real_q8_tensor_220w_none,2,100,11457,207.18,74,1710,9251,3,16
1784685758.384,real_q8_tensor_220w_none,3,100,11457,210.39,70,1650,9251,3,16
1784685758.954,real_q8_tensor_220w_none,0,100,11457,205.64,66,1635,9251,3,16
1784685758.954,real_q8_tensor_220w_none,1,100,11457,210.11,70,1665,9251,3,16
1784685758.954,real_q8_tensor_220w_none,2,100,11457,207.97,74,1575,9251,3,16
1784685758.954,real_q8_tensor_220w_none,3,100,11457,209.48,70,1665,9251,3,16
1784685759.525,real_q8_tensor_220w_none,0,100,11457,206.44,66,1620,9251,3,16
1784685759.525,real_q8_tensor_220w_none,1,100,11457,209.54,70,1515,9251,3,16
1784685759.525,real_q8_tensor_220w_none,2,100,11457,206.87,74,1575,9251,3,16
1784685759.525,real_q8_tensor_220w_none,3,100,11457,209.15,70,1575,9251,3,16
1784685760.097,real_q8_tensor_220w_none,0,100,11457,206.36,65,1740,9251,3,16
1784685760.097,real_q8_tensor_220w_none,1,100,11457,208.97,70,1650,9251,3,16
1784685760.097,real_q8_tensor_220w_none,2,100,11457,205.72,74,1575,9251,3,16
1784685760.097,real_q8_tensor_220w_none,3,100,11457,211.87,70,1680,9251,3,16
1784685760.690,real_q8_tensor_220w_none,0,100,11457,205.31,65,1635,9251,3,16
1784685760.690,real_q8_tensor_220w_none,1,100,11457,209.32,69,1530,9251,3,16
1784685760.690,real_q8_tensor_220w_none,2,100,11457,206.65,74,1575,9251,3,16
1784685760.690,real_q8_tensor_220w_none,3,100,11457,209.67,70,1680,9251,3,16
1784685761.260,real_q8_tensor_220w_none,0,100,11457,205.63,65,1740,9251,3,16
1784685761.260,real_q8_tensor_220w_none,1,100,11457,209.70,70,1650,9251,3,16
1784685761.260,real_q8_tensor_220w_none,2,100,11457,207.59,74,1695,9251,3,16
1784685761.260,real_q8_tensor_220w_none,3,100,11457,209.33,70,1665,9251,3,16
1784685761.856,real_q8_tensor_220w_none,0,100,11457,205.64,66,1710,9251,3,16
1784685761.856,real_q8_tensor_220w_none,1,100,11457,208.68,69,1620,9251,3,16
1784685761.856,real_q8_tensor_220w_none,2,100,11457,210.37,74,1620,9251,3,16
1784685761.856,real_q8_tensor_220w_none,3,100,11457,209.46,70,1590,9251,3,16
1784685762.427,real_q8_tensor_220w_none,0,100,11457,205.48,66,1740,9251,3,16
1784685762.427,real_q8_tensor_220w_none,1,100,11457,208.93,70,1650,9251,3,16
1784685762.427,real_q8_tensor_220w_none,2,100,11457,207.31,74,1665,9251,3,16
1784685762.427,real_q8_tensor_220w_none,3,100,11457,209.54,70,1680,9251,3,16
1784685762.996,real_q8_tensor_220w_none,0,100,11457,206.09,65,1755,9251,3,16
1784685762.996,real_q8_tensor_220w_none,1,100,11457,208.79,69,1650,9251,3,16
1784685762.996,real_q8_tensor_220w_none,2,100,11457,207.25,74,1575,9251,3,16
1784685762.996,real_q8_tensor_220w_none,3,100,11457,209.61,70,1665,9251,3,16
1784685763.566,real_q8_tensor_220w_none,0,100,11457,205.86,66,1710,9251,3,16
1784685763.566,real_q8_tensor_220w_none,1,100,11457,208.76,70,1605,9251,3,16
1784685763.566,real_q8_tensor_220w_none,2,100,11457,206.96,74,1620,9251,3,16
1784685763.566,real_q8_tensor_220w_none,3,100,11457,209.04,70,1680,9251,3,16
1784685764.137,real_q8_tensor_220w_none,0,100,11457,206.00,65,1755,9251,3,16
1784685764.137,real_q8_tensor_220w_none,1,100,11457,207.93,70,1665,9251,3,16
1784685764.137,real_q8_tensor_220w_none,2,100,11457,205.14,74,1590,9251,3,16
1784685764.137,real_q8_tensor_220w_none,3,100,11457,209.29,70,1665,9251,3,16
1784685764.705,real_q8_tensor_220w_none,0,100,11457,206.44,65,1695,9251,3,16
1784685764.705,real_q8_tensor_220w_none,1,100,11457,209.19,70,1590,9251,3,16
1784685764.705,real_q8_tensor_220w_none,2,100,11457,207.06,74,1665,9251,3,16
1784685764.705,real_q8_tensor_220w_none,3,100,11457,208.84,70,1575,9251,3,16
1784685765.298,real_q8_tensor_220w_none,0,100,11457,205.40,65,1695,9251,3,16
1784685765.298,real_q8_tensor_220w_none,1,100,11457,208.91,69,1590,9251,3,16
1784685765.298,real_q8_tensor_220w_none,2,100,11457,207.39,74,1575,9251,3,16
1784685765.298,real_q8_tensor_220w_none,3,100,11457,208.77,70,1650,9251,3,16
1784685765.891,real_q8_tensor_220w_none,0,100,11457,205.82,65,1635,9251,3,16
1784685765.891,real_q8_tensor_220w_none,1,100,11457,208.76,70,1635,9251,3,16
1784685765.891,real_q8_tensor_220w_none,2,100,11457,206.78,74,1575,9251,3,16
1784685765.891,real_q8_tensor_220w_none,3,100,11457,208.27,70,1650,9251,3,16
1784685766.463,real_q8_tensor_220w_none,0,100,11457,205.45,65,1740,9251,3,16
1784685766.463,real_q8_tensor_220w_none,1,100,11457,209.08,70,1650,9251,3,16
1784685766.463,real_q8_tensor_220w_none,2,100,11457,207.02,74,1680,9251,3,16
1784685766.463,real_q8_tensor_220w_none,3,100,11457,207.90,70,1680,9251,3,16
1784685767.033,real_q8_tensor_220w_none,0,100,11457,204.51,65,1710,9251,3,16
1784685767.033,real_q8_tensor_220w_none,1,100,11457,208.46,70,1575,9251,3,16
1784685767.033,real_q8_tensor_220w_none,2,100,11457,206.30,74,1635,9251,3,16
1784685767.033,real_q8_tensor_220w_none,3,100,11457,209.24,70,1575,9251,3,16
1784685767.601,real_q8_tensor_220w_none,0,100,11457,205.14,65,1710,9251,3,16
1784685767.601,real_q8_tensor_220w_none,1,100,11457,208.35,69,1605,9251,3,16
1784685767.601,real_q8_tensor_220w_none,2,100,11457,206.36,74,1605,9251,3,16
1784685767.601,real_q8_tensor_220w_none,3,100,11457,209.47,70,1605,9251,3,16
1784685768.171,real_q8_tensor_220w_none,0,100,11457,205.61,65,1710,9251,3,16
1784685768.171,real_q8_tensor_220w_none,1,100,11457,209.39,69,1530,9251,3,16
1784685768.171,real_q8_tensor_220w_none,2,100,11457,206.84,74,1680,9251,3,16
1784685768.171,real_q8_tensor_220w_none,3,100,11457,208.51,70,1560,9251,3,16
1784685768.741,real_q8_tensor_220w_none,0,100,11457,204.96,65,1740,9251,3,16
1784685768.741,real_q8_tensor_220w_none,1,100,11457,208.73,70,1665,9251,3,16
1784685768.741,real_q8_tensor_220w_none,2,100,11457,205.62,74,1665,9251,3,16
1784685768.741,real_q8_tensor_220w_none,3,100,11457,208.55,70,1680,9251,3,16
1784685769.335,real_q8_tensor_220w_none,0,100,11457,205.41,65,1650,9251,3,16
1784685769.335,real_q8_tensor_220w_none,1,76,11457,208.14,70,1545,9251,3,16
1784685769.335,real_q8_tensor_220w_none,2,100,11457,204.92,74,1695,9251,3,16
1784685769.335,real_q8_tensor_220w_none,3,100,11457,208.93,70,1560,9251,3,16
1784685769.907,real_q8_tensor_220w_none,0,100,11457,206.01,65,1605,9251,3,16
1784685769.907,real_q8_tensor_220w_none,1,100,11457,207.63,70,1485,9251,3,16
1784685769.907,real_q8_tensor_220w_none,2,100,11457,204.89,74,1575,9251,3,16
1784685769.907,real_q8_tensor_220w_none,3,100,11457,208.48,70,1650,9251,3,16
1784685770.476,real_q8_tensor_220w_none,0,100,11457,206.12,65,1710,9251,3,16
1784685770.476,real_q8_tensor_220w_none,1,100,11457,208.06,69,1620,9251,3,16
1784685770.476,real_q8_tensor_220w_none,2,100,11457,205.51,74,1545,9251,3,16
1784685770.476,real_q8_tensor_220w_none,3,100,11457,208.21,70,1680,9251,3,16
1784685771.047,real_q8_tensor_220w_none,0,100,11457,205.77,65,1635,9251,3,16
1784685771.047,real_q8_tensor_220w_none,1,100,11457,208.94,69,1575,9251,3,16
1784685771.047,real_q8_tensor_220w_none,2,100,11457,206.99,74,1575,9251,3,16
1784685771.047,real_q8_tensor_220w_none,3,100,11457,208.49,70,1620,9251,3,16
1784685771.645,real_q8_tensor_220w_none,0,100,11457,205.48,65,1665,9251,3,16
1784685771.645,real_q8_tensor_220w_none,1,100,11457,209.44,70,1530,9251,3,16
1784685771.645,real_q8_tensor_220w_none,2,100,11457,207.33,74,1650,9251,3,16
1784685771.645,real_q8_tensor_220w_none,3,100,11457,208.90,70,1590,9251,3,16
1784685772.238,real_q8_tensor_220w_none,0,100,11457,205.75,65,1695,9251,3,16
1784685772.238,real_q8_tensor_220w_none,1,100,11457,209.26,70,1605,9251,3,16
1784685772.238,real_q8_tensor_220w_none,2,100,11457,206.65,74,1665,9251,3,16
1784685772.238,real_q8_tensor_220w_none,3,100,11457,209.07,70,1605,9251,3,16
1784685772.832,real_q8_tensor_220w_none,0,70,11457,205.56,65,1710,9251,3,16
1784685772.832,real_q8_tensor_220w_none,1,80,11457,208.43,69,1620,9251,3,16
1784685772.832,real_q8_tensor_220w_none,2,100,11457,205.85,74,1590,9251,3,16
1784685772.832,real_q8_tensor_220w_none,3,100,11457,208.61,70,1605,9251,3,16
1784685773.429,real_q8_tensor_220w_none,0,100,11457,204.46,65,1635,9251,3,16
1784685773.429,real_q8_tensor_220w_none,1,100,11457,208.02,69,1560,9251,3,16
1784685773.429,real_q8_tensor_220w_none,2,100,11457,205.84,74,1605,9251,3,16
1784685773.429,real_q8_tensor_220w_none,3,100,11457,209.34,70,1620,9251,3,16
1784685773.999,real_q8_tensor_220w_none,0,100,11457,204.29,65,1725,9251,3,16
1784685773.999,real_q8_tensor_220w_none,1,100,11457,208.04,69,1620,9251,3,16
1784685773.999,real_q8_tensor_220w_none,2,100,11457,205.79,74,1665,9251,3,16
1784685773.999,real_q8_tensor_220w_none,3,100,11457,209.29,70,1680,9251,3,16
1784685774.570,real_q8_tensor_220w_none,0,100,11457,204.91,65,1695,9251,3,16
1784685774.570,real_q8_tensor_220w_none,1,100,11457,207.54,69,1470,9251,3,16
1784685774.570,real_q8_tensor_220w_none,2,100,11457,205.76,74,1665,9251,3,16
1784685774.570,real_q8_tensor_220w_none,3,100,11457,209.05,70,1560,9251,3,16
1784685775.139,real_q8_tensor_220w_none,0,100,11457,205.47,65,1710,9251,3,16
1784685775.139,real_q8_tensor_220w_none,1,100,11457,207.64,69,1620,9251,3,16
1784685775.139,real_q8_tensor_220w_none,2,100,11457,205.93,74,1635,9251,3,16
1784685775.139,real_q8_tensor_220w_none,3,100,11457,209.40,70,1680,9251,3,16
1784685775.708,real_q8_tensor_220w_none,0,44,11457,205.49,63,1710,9251,3,16
1784685775.708,real_q8_tensor_220w_none,1,57,11457,208.23,69,1470,9251,3,16
1784685775.708,real_q8_tensor_220w_none,2,69,11457,206.18,74,1680,9251,3,16
1784685775.708,real_q8_tensor_220w_none,3,100,11457,209.15,69,1560,9251,3,16
1784685776.278,real_q8_tensor_220w_none,0,44,11457,203.32,63,1680,9251,3,16
1784685776.278,real_q8_tensor_220w_none,1,57,11457,208.15,69,1560,9251,3,16
1784685776.278,real_q8_tensor_220w_none,2,69,11457,206.38,74,1620,9251,3,16
1784685776.278,real_q8_tensor_220w_none,3,40,11457,208.72,69,1545,9251,3,16
1784685776.871,real_q8_tensor_220w_none,0,51,11457,203.84,63,1605,9251,3,16
1784685776.871,real_q8_tensor_220w_none,1,56,11457,207.67,69,1500,9251,3,16
1784685776.871,real_q8_tensor_220w_none,2,62,11457,206.46,74,1650,9251,3,16
1784685776.871,real_q8_tensor_220w_none,3,71,11457,205.84,69,1545,9251,3,16
1784685777.463,real_q8_tensor_220w_none,0,51,11457,203.78,63,1725,9251,3,16
1784685777.463,real_q8_tensor_220w_none,1,56,11457,207.43,68,1620,9251,3,16
1784685777.463,real_q8_tensor_220w_none,2,62,11457,205.34,73,1590,9251,3,16
1784685777.463,real_q8_tensor_220w_none,3,46,11457,206.13,69,1755,9251,3,16
1784685778.031,real_q8_tensor_220w_none,0,62,11457,204.58,65,1890,9251,3,16
1784685778.031,real_q8_tensor_220w_none,1,87,11457,210.72,68,1890,9251,3,16
1784685778.031,real_q8_tensor_220w_none,2,89,11457,208.75,74,1860,9251,3,16
1784685778.031,real_q8_tensor_220w_none,3,46,11457,206.89,68,1905,9251,3,16
1784685778.596,real_q8_tensor_220w_none,0,62,11457,210.00,65,1800,9251,3,16
1784685778.596,real_q8_tensor_220w_none,1,87,11457,211.94,68,1740,9251,3,16
1784685778.596,real_q8_tensor_220w_none,2,89,11457,209.67,74,1665,9251,3,16
1784685778.596,real_q8_tensor_220w_none,3,100,11457,213.51,70,1740,9251,3,16
1784685779.155,real_q8_tensor_220w_none,0,100,11457,209.90,65,1710,9251,3,16
1784685779.155,real_q8_tensor_220w_none,1,100,11457,208.94,69,1605,9251,3,16
1784685779.155,real_q8_tensor_220w_none,2,100,11457,210.44,74,1575,9251,3,16
1784685779.155,real_q8_tensor_220w_none,3,100,11457,213.70,70,1605,9251,3,16
1784685779.720,real_q8_tensor_220w_none,0,100,11457,208.84,65,1590,9251,3,16
1784685779.720,real_q8_tensor_220w_none,1,100,11457,207.04,69,1485,9251,3,16
1784685779.720,real_q8_tensor_220w_none,2,100,11457,204.32,74,1560,9251,3,16
1784685779.720,real_q8_tensor_220w_none,3,100,11457,212.65,70,1560,9251,3,16
1784685780.289,real_q8_tensor_220w_none,0,100,11457,206.60,65,1725,9251,3,16
1784685780.289,real_q8_tensor_220w_none,1,100,11457,206.19,69,1620,9251,3,16
1784685780.289,real_q8_tensor_220w_none,2,100,11457,203.73,74,1545,9251,3,16
1784685780.289,real_q8_tensor_220w_none,3,100,11457,212.27,70,1650,9251,3,16
1784685780.882,real_q8_tensor_220w_none,0,100,11457,206.23,65,1680,9251,3,16
1784685780.882,real_q8_tensor_220w_none,1,100,11457,207.05,69,1605,9251,3,16
1784685780.882,real_q8_tensor_220w_none,2,100,11457,205.67,74,1590,9251,3,16
1784685780.882,real_q8_tensor_220w_none,3,100,11457,210.46,70,1590,9251,3,16
1784685781.480,real_q8_tensor_220w_none,0,100,11457,204.43,65,1665,9251,3,16
1784685781.480,real_q8_tensor_220w_none,1,100,11457,206.55,69,1590,9251,3,16
1784685781.480,real_q8_tensor_220w_none,2,100,11457,205.06,74,1590,9251,3,16
1784685781.480,real_q8_tensor_220w_none,3,100,11457,206.88,70,1635,9251,3,16
1784685782.048,real_q8_tensor_220w_none,0,100,11457,203.36,65,1650,9251,3,16
1784685782.048,real_q8_tensor_220w_none,1,100,11457,206.56,70,1605,9251,3,16
1784685782.048,real_q8_tensor_220w_none,2,100,11457,205.13,74,1590,9251,3,16
1784685782.048,real_q8_tensor_220w_none,3,100,11457,208.47,70,1620,9251,3,16
1784685782.636,real_q8_tensor_220w_none,0,100,11457,203.25,65,1650,9251,3,16
1784685782.636,real_q8_tensor_220w_none,1,100,11457,207.83,69,1560,9251,3,16
1784685782.636,real_q8_tensor_220w_none,2,100,11457,205.84,74,1575,9251,3,16
1784685782.636,real_q8_tensor_220w_none,3,100,11457,207.90,70,1605,9251,3,16
1784685783.205,real_q8_tensor_220w_none,0,100,11457,204.46,65,1620,9251,3,16
1784685783.205,real_q8_tensor_220w_none,1,100,11457,206.61,69,1560,9251,3,16
1784685783.205,real_q8_tensor_220w_none,2,100,11457,205.40,74,1590,9251,3,16
1784685783.205,real_q8_tensor_220w_none,3,100,11457,207.74,70,1620,9251,3,16
1784685783.778,real_q8_tensor_220w_none,0,100,11457,204.01,65,1590,9251,3,16
1784685783.778,real_q8_tensor_220w_none,1,100,11457,206.19,69,1455,9251,3,16
1784685783.778,real_q8_tensor_220w_none,2,100,11457,204.52,74,1560,9251,3,16
1784685783.778,real_q8_tensor_220w_none,3,100,11457,207.78,70,1500,9251,3,16
1784685784.347,real_q8_tensor_220w_none,0,81,11457,204.09,65,1725,9251,3,16
1784685784.347,real_q8_tensor_220w_none,1,69,11457,206.58,69,1485,9251,3,16
1784685784.347,real_q8_tensor_220w_none,2,69,11457,204.02,74,1665,9251,3,16
1784685784.347,real_q8_tensor_220w_none,3,69,11457,207.67,70,1545,9251,3,16
1784685784.920,real_q8_tensor_220w_none,0,100,11457,203.57,65,1725,9251,3,16
1784685784.920,real_q8_tensor_220w_none,1,100,11457,206.52,69,1635,9251,3,16
1784685784.920,real_q8_tensor_220w_none,2,100,11457,204.34,74,1680,9251,3,16
1784685784.920,real_q8_tensor_220w_none,3,100,11457,207.61,70,1500,9251,3,16
1784685785.491,real_q8_tensor_220w_none,0,100,11457,203.93,65,1695,9251,3,16
1784685785.491,real_q8_tensor_220w_none,1,100,11457,206.98,69,1590,9251,3,16
1784685785.491,real_q8_tensor_220w_none,2,100,11457,205.12,74,1590,9251,3,16
1784685785.491,real_q8_tensor_220w_none,3,100,11457,207.57,70,1605,9251,3,16
1784685786.061,real_q8_tensor_220w_none,0,36,11457,202.13,65,1605,9251,3,16
1784685786.061,real_q8_tensor_220w_none,1,73,11457,206.85,68,1560,9251,3,16
1784685786.061,real_q8_tensor_220w_none,2,71,11457,204.72,74,1575,9251,3,16
1784685786.061,real_q8_tensor_220w_none,3,37,11457,205.66,70,1620,9251,3,16
1784685786.655,real_q8_tensor_220w_none,0,36,11457,201.90,64,1575,9251,3,16
1784685786.655,real_q8_tensor_220w_none,1,73,11457,206.67,68,1440,9251,3,16
1784685786.655,real_q8_tensor_220w_none,2,71,11457,205.10,72,1515,9251,3,16
1784685786.655,real_q8_tensor_220w_none,3,37,11457,205.20,69,1485,9251,3,16
1784685787.225,real_q8_tensor_220w_none,0,64,11457,203.98,65,1890,9251,3,16
1784685787.225,real_q8_tensor_220w_none,1,88,11457,210.13,68,1860,9251,3,16
1784685787.225,real_q8_tensor_220w_none,2,91,11457,209.35,73,1860,9251,3,16
1784685787.225,real_q8_tensor_220w_none,3,52,11457,206.97,70,1860,9251,3,16
1784685787.786,real_q8_tensor_220w_none,0,64,11457,210.25,65,1665,9251,3,16
1784685787.786,real_q8_tensor_220w_none,1,88,11457,211.00,69,1665,9251,3,16
1784685787.786,real_q8_tensor_220w_none,2,91,11457,209.73,74,1590,9251,3,16
1784685787.786,real_q8_tensor_220w_none,3,52,11457,214.07,70,1620,9251,3,16
1784685788.346,real_q8_tensor_220w_none,0,100,11457,207.95,65,1560,9251,3,16
1784685788.346,real_q8_tensor_220w_none,1,100,11457,207.50,69,1605,9251,3,16
1784685788.346,real_q8_tensor_220w_none,2,100,11457,205.31,74,1515,9251,3,16
1784685788.346,real_q8_tensor_220w_none,3,100,11457,212.26,70,1650,9251,3,16
1784685788.915,real_q8_tensor_220w_none,0,100,11457,205.75,65,1665,9251,3,16
1784685788.915,real_q8_tensor_220w_none,1,100,11457,206.19,69,1575,9251,3,16
1784685788.915,real_q8_tensor_220w_none,2,100,11457,204.59,74,1590,9251,3,16
1784685788.915,real_q8_tensor_220w_none,3,100,11457,210.90,70,1635,9251,3,16
1784685789.485,real_q8_tensor_220w_none,0,100,11457,203.20,65,1605,9251,3,16
1784685789.485,real_q8_tensor_220w_none,1,100,11457,206.47,69,1635,9251,3,16
1784685789.485,real_q8_tensor_220w_none,2,100,11457,204.85,74,1500,9251,3,16
1784685789.485,real_q8_tensor_220w_none,3,100,11457,207.30,70,1635,9251,3,16
1784685790.054,real_q8_tensor_220w_none,0,100,11457,202.57,65,1710,9251,3,16
1784685790.054,real_q8_tensor_220w_none,1,100,11457,207.10,69,1620,9251,3,16
1784685790.054,real_q8_tensor_220w_none,2,100,11457,204.53,74,1530,9251,3,16
1784685790.054,real_q8_tensor_220w_none,3,100,11457,205.74,70,1650,9251,3,16
1784685790.624,real_q8_tensor_220w_none,0,100,11457,202.90,65,1650,9251,3,16
1784685790.624,real_q8_tensor_220w_none,1,100,11457,205.84,69,1605,9251,3,16
1784685790.624,real_q8_tensor_220w_none,2,100,11457,203.37,74,1590,9251,3,16
1784685790.624,real_q8_tensor_220w_none,3,100,11457,207.52,70,1605,9251,3,16
1784685791.193,real_q8_tensor_220w_none,0,100,11457,203.46,65,1725,9251,3,16
1784685791.193,real_q8_tensor_220w_none,1,100,11457,206.41,69,1635,9251,3,16
1784685791.193,real_q8_tensor_220w_none,2,100,11457,204.67,74,1680,9251,3,16
1784685791.193,real_q8_tensor_220w_none,3,100,11457,208.63,70,1635,9251,3,16
1784685791.767,real_q8_tensor_220w_none,0,100,11457,202.33,65,1575,9251,3,16
1784685791.767,real_q8_tensor_220w_none,1,100,11457,207.29,69,1455,9251,3,16
1784685791.767,real_q8_tensor_220w_none,2,100,11457,205.57,74,1665,9251,3,16
1784685791.767,real_q8_tensor_220w_none,3,100,11457,207.01,70,1500,9251,3,16
1784685792.339,real_q8_tensor_220w_none,0,68,11457,202.40,65,1590,9251,3,16
1784685792.339,real_q8_tensor_220w_none,1,91,11457,206.57,69,1560,9251,3,16
1784685792.339,real_q8_tensor_220w_none,2,68,11457,204.26,74,1560,9251,3,16
1784685792.339,real_q8_tensor_220w_none,3,71,11457,207.24,70,1620,9251,3,16
1784685792.915,real_q8_tensor_220w_none,0,59,11457,203.60,64,1620,9251,3,16
1784685792.915,real_q8_tensor_220w_none,1,35,11457,204.20,69,1485,9251,3,16
1784685792.915,real_q8_tensor_220w_none,2,36,11457,200.99,74,1560,9251,3,16
1784685792.915,real_q8_tensor_220w_none,3,83,11457,208.17,68,1560,9251,3,16
1784685793.485,real_q8_tensor_220w_none,0,59,11457,208.29,65,1905,9251,3,16
1784685793.485,real_q8_tensor_220w_none,1,35,11457,205.18,68,1890,9251,3,16
1784685793.485,real_q8_tensor_220w_none,2,36,11457,202.65,72,1875,9251,3,16
1784685793.485,real_q8_tensor_220w_none,3,83,11457,210.50,69,1905,9251,3,16
1784685794.051,real_q8_tensor_220w_none,0,100,11457,207.97,65,1740,9251,3,16
1784685794.051,real_q8_tensor_220w_none,1,100,11457,212.48,70,1680,9251,3,16
1784685794.051,real_q8_tensor_220w_none,2,100,11457,205.96,74,1560,9251,3,16
1784685794.051,real_q8_tensor_220w_none,3,100,11457,211.12,69,1710,9251,3,16
1784685794.612,real_q8_tensor_220w_none,0,100,11457,208.10,65,1710,9251,3,16
1784685794.612,real_q8_tensor_220w_none,1,100,11457,211.17,70,1605,9251,3,16
1784685794.612,real_q8_tensor_220w_none,2,100,11457,210.41,74,1515,9251,3,16
1784685794.612,real_q8_tensor_220w_none,3,100,11457,211.80,70,1650,9251,3,16
1784685795.181,real_q8_tensor_220w_none,0,100,11457,203.57,65,1710,9251,3,16
1784685795.181,real_q8_tensor_220w_none,1,100,11457,208.46,69,1470,9251,3,16
1784685795.181,real_q8_tensor_220w_none,2,100,11457,207.37,74,1650,9251,3,16
1784685795.181,real_q8_tensor_220w_none,3,100,11457,207.80,70,1500,9251,3,16
1784685795.750,real_q8_tensor_220w_none,0,100,11457,203.71,65,1575,9251,3,16
1784685795.750,real_q8_tensor_220w_none,1,100,11457,205.68,69,1470,9251,3,16
1784685795.750,real_q8_tensor_220w_none,2,100,11457,203.93,74,1665,9251,3,16
1784685795.750,real_q8_tensor_220w_none,3,100,11457,207.30,70,1500,9251,3,16
1784685796.317,real_q8_tensor_220w_none,0,100,11457,203.09,65,1575,9251,3,16
1784685796.317,real_q8_tensor_220w_none,1,100,11457,205.92,69,1440,9251,3,16
1784685796.317,real_q8_tensor_220w_none,2,100,11457,204.62,74,1515,9251,3,16
1784685796.317,real_q8_tensor_220w_none,3,100,11457,207.09,70,1500,9251,3,16
1784685796.886,real_q8_tensor_220w_none,0,100,11457,202.92,65,1560,9251,3,16
1784685796.886,real_q8_tensor_220w_none,1,76,11457,206.28,70,1440,9251,3,16
1784685796.886,real_q8_tensor_220w_none,2,100,11457,204.98,74,1650,9251,3,16
1784685796.886,real_q8_tensor_220w_none,3,100,11457,207.62,70,1500,9251,3,16
1784685797.475,real_q8_tensor_220w_none,0,100,11457,202.07,65,1710,9251,3,16
1784685797.475,real_q8_tensor_220w_none,1,100,11457,205.82,69,1455,9251,3,16
1784685797.475,real_q8_tensor_220w_none,2,100,11457,204.51,74,1650,9251,3,16
1784685797.475,real_q8_tensor_220w_none,3,100,11457,207.64,70,1500,9251,3,16
1784685798.071,real_q8_tensor_220w_none,0,100,11457,201.59,65,1560,9251,3,16
1784685798.071,real_q8_tensor_220w_none,1,100,11457,205.72,69,1440,9251,3,16
1784685798.071,real_q8_tensor_220w_none,2,100,11457,204.65,73,1485,9251,3,16
1784685798.071,real_q8_tensor_220w_none,3,100,11457,206.34,70,1545,9251,3,16
1784685798.641,real_q8_tensor_220w_none,0,73,11457,202.27,65,1650,9251,3,16
1784685798.641,real_q8_tensor_220w_none,1,49,11457,205.31,69,1575,9251,3,16
1784685798.641,real_q8_tensor_220w_none,2,47,11457,203.90,74,1590,9251,3,16
1784685798.641,real_q8_tensor_220w_none,3,100,11457,206.57,70,1590,9251,3,16
1784685799.209,real_q8_tensor_220w_none,0,73,11457,202.57,64,1530,9251,3,16
1784685799.209,real_q8_tensor_220w_none,1,49,11457,203.31,68,1350,9251,3,16
1784685799.209,real_q8_tensor_220w_none,2,47,11457,201.51,72,1875,9251,3,16
1784685799.209,real_q8_tensor_220w_none,3,62,11457,207.86,68,1470,9251,3,16
1784685799.777,real_q8_tensor_220w_none,0,100,11457,207.60,65,1830,9251,3,16
1784685799.777,real_q8_tensor_220w_none,1,74,11457,206.54,70,1800,9251,3,16
1784685799.777,real_q8_tensor_220w_none,2,65,11457,204.71,74,1725,9251,3,16
1784685799.777,real_q8_tensor_220w_none,3,62,11457,211.93,69,1815,9251,3,16
1784685800.334,real_q8_tensor_220w_none,0,100,11457,207.18,65,1605,9251,3,16
1784685800.334,real_q8_tensor_220w_none,1,99,11457,209.72,69,1485,9251,3,16
1784685800.334,real_q8_tensor_220w_none,2,100,11457,209.31,73,1575,9251,3,16
1784685800.334,real_q8_tensor_220w_none,3,100,11457,211.03,70,1470,9251,3,16
1784685800.942,real_q8_tensor_220w_none,0,100,11457,209.91,65,1560,9251,3,16
1784685800.942,real_q8_tensor_220w_none,1,100,11457,209.62,69,1425,9251,3,16
1784685800.942,real_q8_tensor_220w_none,2,100,11457,209.07,74,1650,9251,3,16
1784685800.942,real_q8_tensor_220w_none,3,100,11457,213.37,70,1485,9251,3,16
1784685801.534,real_q8_tensor_220w_none,0,100,11457,207.21,65,1680,9251,3,16
1784685801.534,real_q8_tensor_220w_none,1,100,11457,211.64,69,1575,9251,3,16
1784685801.534,real_q8_tensor_220w_none,2,100,11457,210.46,74,1650,9251,3,16
1784685801.534,real_q8_tensor_220w_none,3,100,11457,210.28,70,1575,9251,3,16
1784685802.127,real_q8_tensor_220w_none,0,100,11457,203.27,65,1710,9251,3,16
1784685802.127,real_q8_tensor_220w_none,1,100,11457,204.49,69,1605,9251,3,16
1784685802.127,real_q8_tensor_220w_none,2,100,11457,202.09,73,1515,9251,3,16
1784685802.127,real_q8_tensor_220w_none,3,100,11457,206.91,70,1635,9251,3,16
1784685802.699,real_q8_tensor_220w_none,0,100,11457,201.46,65,1605,9251,3,16
1784685802.699,real_q8_tensor_220w_none,1,100,11457,204.59,69,1545,9251,3,16
1784685802.699,real_q8_tensor_220w_none,2,100,11457,201.85,74,1620,9251,3,16
1784685802.699,real_q8_tensor_220w_none,3,100,11457,206.93,70,1605,9251,3,16
1784685803.267,real_q8_tensor_220w_none,0,100,11457,201.32,65,1710,9251,3,16
1784685803.267,real_q8_tensor_220w_none,1,100,11457,204.95,69,1620,9251,3,16
1784685803.267,real_q8_tensor_220w_none,2,100,11457,203.39,74,1485,9251,3,16
1784685803.267,real_q8_tensor_220w_none,3,100,11457,206.91,70,1635,9251,3,16
1784685803.836,real_q8_tensor_220w_none,0,67,11457,202.58,65,1560,9251,3,16
1784685803.836,real_q8_tensor_220w_none,1,67,11457,205.25,69,1590,9251,3,16
1784685803.836,real_q8_tensor_220w_none,2,67,11457,203.59,73,1515,9251,3,16
1784685803.836,real_q8_tensor_220w_none,3,100,11457,207.08,70,1635,9251,3,16
1784685804.407,real_q8_tensor_220w_none,0,100,11457,202.52,65,1590,9251,3,16
1784685804.407,real_q8_tensor_220w_none,1,73,11457,206.36,69,1485,9251,3,16
1784685804.407,real_q8_tensor_220w_none,2,72,11457,204.08,74,1485,9251,3,16
1784685804.407,real_q8_tensor_220w_none,3,100,11457,207.29,70,1590,9251,3,16
1784685805.002,real_q8_tensor_220w_none,0,100,11457,202.74,65,1710,9251,3,16
1784685805.002,real_q8_tensor_220w_none,1,73,11457,205.67,70,1605,9251,3,16
1784685805.002,real_q8_tensor_220w_none,2,72,11457,203.85,74,1545,9251,3,16
1784685805.002,real_q8_tensor_220w_none,3,85,11457,207.21,69,1635,9251,3,16
1784685805.596,real_q8_tensor_220w_none,0,35,11457,200.04,64,1755,9251,3,16
1784685805.596,real_q8_tensor_220w_none,1,49,11457,203.54,68,1650,9251,3,16
1784685805.596,real_q8_tensor_220w_none,2,51,11457,202.44,72,1605,9251,3,16
1784685805.596,real_q8_tensor_220w_none,3,85,11457,205.95,69,1800,9251,3,16
1784685806.182,real_q8_tensor_220w_none,0,35,11457,207.33,65,1740,9251,3,16
1784685806.182,real_q8_tensor_220w_none,1,49,11457,208.59,68,1800,9251,3,16
1784685806.182,real_q8_tensor_220w_none,2,51,11457,207.21,73,1725,9251,3,16
1784685806.182,real_q8_tensor_220w_none,3,100,11457,210.56,70,1815,9251,3,16
1784685806.741,real_q8_tensor_220w_none,0,100,11457,208.75,65,1605,9251,3,16
1784685806.741,real_q8_tensor_220w_none,1,100,11457,211.12,70,1545,9251,3,16
1784685806.741,real_q8_tensor_220w_none,2,100,11457,208.55,74,1605,9251,3,16
1784685806.741,real_q8_tensor_220w_none,3,100,11457,211.61,70,1590,9251,3,16
1784685807.310,real_q8_tensor_220w_none,0,100,11457,207.07,65,1620,9251,3,16
1784685807.310,real_q8_tensor_220w_none,1,100,11457,207.07,69,1515,9251,3,16
1784685807.310,real_q8_tensor_220w_none,2,100,11457,204.75,74,1605,9251,3,16
1784685807.310,real_q8_tensor_220w_none,3,100,11457,212.37,70,1500,9251,3,16
1784685807.879,real_q8_tensor_220w_none,0,100,11457,202.10,65,1665,9251,3,16
1784685807.879,real_q8_tensor_220w_none,1,100,11457,204.42,69,1560,9251,3,16
1784685807.879,real_q8_tensor_220w_none,2,100,11457,201.83,74,1605,9251,3,16
1784685807.879,real_q8_tensor_220w_none,3,100,11457,205.71,70,1545,9251,3,16
1784685808.447,real_q8_tensor_220w_none,0,100,11457,201.05,65,1665,9251,3,16
1784685808.447,real_q8_tensor_220w_none,1,100,11457,203.65,69,1575,9251,3,16
1784685808.447,real_q8_tensor_220w_none,2,100,11457,201.89,73,1665,9251,3,16
1784685808.447,real_q8_tensor_220w_none,3,100,11457,206.78,70,1560,9251,3,16
1784685809.042,real_q8_tensor_220w_none,0,100,11457,201.61,65,1665,9251,3,16
1784685809.042,real_q8_tensor_220w_none,1,100,11457,205.15,69,1575,9251,3,16
1784685809.042,real_q8_tensor_220w_none,2,100,11457,202.81,74,1590,9251,3,16
1784685809.042,real_q8_tensor_220w_none,3,100,11457,206.24,70,1545,9251,3,16
1784685809.613,real_q8_tensor_220w_none,0,100,11457,201.63,65,1665,9251,3,16
1784685809.613,real_q8_tensor_220w_none,1,100,11457,204.45,69,1575,9251,3,16
1784685809.613,real_q8_tensor_220w_none,2,100,11457,201.75,73,1590,9251,3,16
1784685809.613,real_q8_tensor_220w_none,3,100,11457,206.59,69,1545,9251,3,16
1784685810.184,real_q8_tensor_220w_none,0,54,11457,200.60,63,1635,9251,3,16
1784685810.184,real_q8_tensor_220w_none,1,53,11457,205.14,69,1500,9251,3,16
1784685810.184,real_q8_tensor_220w_none,2,53,11457,202.77,74,1455,9251,3,16
1784685810.184,real_q8_tensor_220w_none,3,100,11457,204.41,68,1575,9251,3,16
1784685810.753,real_q8_tensor_220w_none,0,54,11457,206.71,64,1890,9251,3,16
1784685810.753,real_q8_tensor_220w_none,1,53,11457,209.74,69,1845,9251,3,16
1784685810.753,real_q8_tensor_220w_none,2,53,11457,201.71,73,1815,9251,3,16
1784685810.753,real_q8_tensor_220w_none,3,81,11457,209.18,69,1860,9251,3,16
1784685811.309,real_q8_tensor_220w_none,0,100,11457,207.83,65,1710,9251,3,16
1784685811.309,real_q8_tensor_220w_none,1,100,11457,208.76,69,1605,9251,3,16
1784685811.309,real_q8_tensor_220w_none,2,100,11457,207.56,74,1650,9251,3,16
1784685811.309,real_q8_tensor_220w_none,3,100,11457,210.51,70,1635,9251,3,16
1784685811.900,real_q8_tensor_220w_none,0,100,11457,207.70,65,1680,9251,3,16
1784685811.900,real_q8_tensor_220w_none,1,100,11457,210.50,69,1590,9251,3,16
1784685811.900,real_q8_tensor_220w_none,2,100,11457,209.31,73,1545,9251,3,16
1784685811.900,real_q8_tensor_220w_none,3,100,11457,209.14,70,1590,9251,3,16
1784685812.474,real_q8_tensor_220w_none,0,100,11457,206.76,65,1635,9251,3,16
1784685812.474,real_q8_tensor_220w_none,1,100,11457,205.29,69,1545,9251,3,16
1784685812.474,real_q8_tensor_220w_none,2,100,11457,203.96,74,1620,9251,3,16
1784685812.474,real_q8_tensor_220w_none,3,100,11457,211.78,70,1590,9251,3,16
1784685813.066,real_q8_tensor_220w_none,0,100,11457,201.53,65,1575,9251,3,16
1784685813.066,real_q8_tensor_220w_none,1,100,11457,203.75,69,1455,9251,3,16
1784685813.066,real_q8_tensor_220w_none,2,100,11457,202.81,74,1635,9251,3,16
1784685813.066,real_q8_tensor_220w_none,3,100,11457,206.43,70,1440,9251,3,16
1784685813.633,real_q8_tensor_220w_none,0,100,11457,201.77,65,1710,9251,3,16
1784685813.633,real_q8_tensor_220w_none,1,100,11457,204.24,69,1605,9251,3,16
1784685813.633,real_q8_tensor_220w_none,2,100,11457,203.55,73,1650,9251,3,16
1784685813.633,real_q8_tensor_220w_none,3,100,11457,205.60,70,1485,9251,3,16
1784685814.201,real_q8_tensor_220w_none,0,100,11457,200.98,65,1665,9251,3,16
1784685814.201,real_q8_tensor_220w_none,1,100,11457,204.32,69,1575,9251,3,16
1784685814.201,real_q8_tensor_220w_none,2,100,11457,203.33,73,1590,9251,3,16
1784685814.201,real_q8_tensor_220w_none,3,100,11457,205.71,70,1560,9251,3,16
1784685814.770,real_q8_tensor_220w_none,0,38,11457,199.38,63,1665,9251,3,16
1784685814.770,real_q8_tensor_220w_none,1,100,11457,204.75,67,1530,9251,3,16
1784685814.770,real_q8_tensor_220w_none,2,68,11457,203.21,73,1590,9251,3,16
1784685814.770,real_q8_tensor_220w_none,3,100,11457,203.21,68,1575,9251,3,16
1784685815.339,real_q8_tensor_220w_none,0,98,11457,205.62,64,1830,9251,3,16
1784685815.339,real_q8_tensor_220w_none,1,100,11457,208.78,69,1845,9251,3,16
1784685815.339,real_q8_tensor_220w_none,2,100,11457,208.12,73,1800,9251,3,16
1784685815.339,real_q8_tensor_220w_none,3,70,11457,207.82,69,1815,9251,3,16
1784685815.897,real_q8_tensor_220w_none,0,100,11457,207.97,65,1710,9251,3,16
1784685815.897,real_q8_tensor_220w_none,1,100,11457,209.47,69,1365,9251,3,16
1784685815.897,real_q8_tensor_220w_none,2,100,11457,209.08,74,1635,9251,3,16
1784685815.897,real_q8_tensor_220w_none,3,70,11457,209.89,70,1440,9251,3,16
1784685816.465,real_q8_tensor_220w_none,0,100,11457,201.96,65,1530,9251,3,16
1784685816.465,real_q8_tensor_220w_none,1,100,11457,211.07,69,1410,9251,3,16
1784685816.465,real_q8_tensor_220w_none,2,100,11457,209.82,73,1635,9251,3,16
1784685816.465,real_q8_tensor_220w_none,3,100,11457,207.69,70,1470,9251,3,16
1784685817.033,real_q8_tensor_220w_none,0,100,11457,199.46,65,1665,9251,3,16
1784685817.033,real_q8_tensor_220w_none,1,100,11457,202.65,69,1560,9251,3,16
1784685817.033,real_q8_tensor_220w_none,2,100,11457,201.29,74,1635,9251,3,16
1784685817.033,real_q8_tensor_220w_none,3,100,11457,205.50,69,1590,9251,3,16
1784685817.602,real_q8_tensor_220w_none,0,100,11457,201.24,65,1545,9251,3,16
1784685817.602,real_q8_tensor_220w_none,1,100,11457,203.79,69,1425,9251,3,16
1784685817.602,real_q8_tensor_220w_none,2,100,11457,203.10,74,1620,9251,3,16
1784685817.602,real_q8_tensor_220w_none,3,100,11457,205.91,70,1440,9251,3,16
1784685818.170,real_q8_tensor_220w_none,0,88,11457,201.28,64,1605,9251,3,16
1784685818.170,real_q8_tensor_220w_none,1,100,11457,204.07,69,1500,9251,3,16
1784685818.170,real_q8_tensor_220w_none,2,100,11457,203.04,73,1605,9251,3,16
1784685818.170,real_q8_tensor_220w_none,3,100,11457,205.86,69,1470,9251,3,16
1784685818.738,real_q8_tensor_220w_none,0,88,11457,199.52,64,1650,9251,3,16
1784685818.738,real_q8_tensor_220w_none,1,45,11457,202.21,67,1425,9251,3,16
1784685818.738,real_q8_tensor_220w_none,2,100,11457,201.50,72,1620,9251,3,16
1784685818.738,real_q8_tensor_220w_none,3,51,11457,205.18,69,1530,9251,3,16
1784685819.306,real_q8_tensor_220w_none,0,69,11457,202.33,65,1875,9251,3,16
1784685819.306,real_q8_tensor_220w_none,1,45,11457,208.43,68,1845,9251,3,16
1784685819.306,real_q8_tensor_220w_none,2,93,11457,207.76,72,1800,9251,3,16
1784685819.306,real_q8_tensor_220w_none,3,51,11457,204.92,70,1845,9251,3,16
1784685819.863,real_q8_tensor_220w_none,0,100,11457,207.62,65,1695,9251,3,16
1784685819.863,real_q8_tensor_220w_none,1,100,11457,208.91,69,1575,9251,3,16
1784685819.863,real_q8_tensor_220w_none,2,100,11457,207.73,74,1440,9251,3,16
1784685819.863,real_q8_tensor_220w_none,3,100,11457,210.09,70,1620,9251,3,16
1784685820.436,real_q8_tensor_220w_none,0,100,11457,206.27,65,1695,9251,3,16
1784685820.436,real_q8_tensor_220w_none,1,100,11457,205.45,69,1425,9251,3,16
1784685820.436,real_q8_tensor_220w_none,2,100,11457,203.63,74,1635,9251,3,16
1784685820.436,real_q8_tensor_220w_none,3,100,11457,211.00,69,1440,9251,3,16
1784685821.004,real_q8_tensor_220w_none,0,100,11457,201.52,65,1665,9251,3,16
1784685821.004,real_q8_tensor_220w_none,1,100,11457,204.68,69,1560,9251,3,16
1784685821.004,real_q8_tensor_220w_none,2,100,11457,203.38,74,1605,9251,3,16
1784685821.004,real_q8_tensor_220w_none,3,100,11457,204.61,69,1620,9251,3,16
1784685821.599,real_q8_tensor_220w_none,0,100,11457,200.12,65,1635,9251,3,16
1784685821.599,real_q8_tensor_220w_none,1,100,11457,203.92,69,1530,9251,3,16
1784685821.599,real_q8_tensor_220w_none,2,100,11457,202.52,73,1605,9251,3,16
1784685821.599,real_q8_tensor_220w_none,3,100,11457,204.26,70,1530,9251,3,16
1784685822.168,real_q8_tensor_220w_none,0,100,11457,200.03,65,1680,9251,3,16
1784685822.168,real_q8_tensor_220w_none,1,100,11457,203.62,69,1410,9251,3,16
1784685822.168,real_q8_tensor_220w_none,2,100,11457,202.56,73,1620,9251,3,16
1784685822.168,real_q8_tensor_220w_none,3,100,11457,204.22,69,1485,9251,3,16
1784685822.784,real_q8_tensor_220w_none,0,100,11457,206.18,65,1755,9251,3,16
1784685822.784,real_q8_tensor_220w_none,1,64,11457,202.56,68,1650,9251,3,16
1784685822.784,real_q8_tensor_220w_none,2,82,11457,202.36,73,1620,9251,3,16
1784685822.784,real_q8_tensor_220w_none,3,75,11457,204.24,70,1425,9251,3,16
1784685823.407,real_q8_tensor_220w_none,0,74,11457,202.98,63,1875,9251,3,16
1784685823.407,real_q8_tensor_220w_none,1,83,11457,209.10,69,1875,9251,3,16
1784685823.407,real_q8_tensor_220w_none,2,98,11457,208.33,73,1815,9251,3,16
1784685823.407,real_q8_tensor_220w_none,3,100,11457,203.87,69,1590,9251,3,16
1784685824.020,real_q8_tensor_220w_none,0,100,11457,199.86,63,1920,9251,3,16
1784685824.020,real_q8_tensor_220w_none,1,80,11457,205.67,68,1890,9251,3,16
1784685824.020,real_q8_tensor_220w_none,2,100,11457,204.96,72,1875,9251,3,16
1784685824.020,real_q8_tensor_220w_none,3,69,11457,203.58,68,1905,9251,3,16
1784685824.589,real_q8_tensor_220w_none,0,100,11457,207.27,65,1515,9251,3,16
1784685824.589,real_q8_tensor_220w_none,1,80,11457,208.11,70,1395,9251,3,16
1784685824.589,real_q8_tensor_220w_none,2,100,11457,207.78,74,1440,9251,3,16
1784685824.589,real_q8_tensor_220w_none,3,92,11457,210.49,70,1425,9251,3,16
1784685825.175,real_q8_tensor_220w_none,0,100,11457,206.91,65,1515,9251,3,16
1784685825.175,real_q8_tensor_220w_none,1,100,11457,207.95,70,1395,9251,3,16
1784685825.175,real_q8_tensor_220w_none,2,100,11457,208.12,74,1635,9251,3,16
1784685825.175,real_q8_tensor_220w_none,3,92,11457,209.81,70,1440,9251,3,16
1784685825.768,real_q8_tensor_220w_none,0,100,11457,199.44,65,1545,9251,3,16
1784685825.768,real_q8_tensor_220w_none,1,100,11457,208.48,69,1425,9251,3,16
1784685825.768,real_q8_tensor_220w_none,2,100,11457,209.00,74,1440,9251,3,16
1784685825.768,real_q8_tensor_220w_none,3,100,11457,204.28,70,1545,9251,3,16
1784685826.338,real_q8_tensor_220w_none,0,100,11457,199.88,65,1665,9251,3,16
1784685826.338,real_q8_tensor_220w_none,1,100,11457,202.90,69,1560,9251,3,16
1784685826.338,real_q8_tensor_220w_none,2,100,11457,203.18,73,1590,9251,3,16
1784685826.338,real_q8_tensor_220w_none,3,92,11457,205.02,70,1545,9251,3,16
1784685826.911,real_q8_tensor_220w_none,0,100,11457,200.03,64,1635,9251,3,16
1784685826.911,real_q8_tensor_220w_none,1,100,11457,203.45,69,1560,9251,3,16
1784685826.911,real_q8_tensor_220w_none,2,100,11457,201.61,73,1620,9251,3,16
1784685826.911,real_q8_tensor_220w_none,3,100,11457,204.47,69,1605,9251,3,16
1784685827.482,real_q8_tensor_220w_none,0,100,11457,198.59,63,1695,9251,3,16
1784685827.482,real_q8_tensor_220w_none,1,74,11457,203.89,69,1575,9251,3,16
1784685827.482,real_q8_tensor_220w_none,2,100,11457,202.86,73,1620,9251,3,16
1784685827.482,real_q8_tensor_220w_none,3,100,11457,203.55,69,1620,9251,3,16
1784685828.053,real_q8_tensor_220w_none,0,93,11457,204.06,64,1890,9251,3,16
1784685828.053,real_q8_tensor_220w_none,1,74,11457,200.32,69,1890,9251,3,16
1784685828.053,real_q8_tensor_220w_none,2,34,11457,200.32,73,1860,9251,3,16
1784685828.053,real_q8_tensor_220w_none,3,66,11457,206.03,68,1905,9251,3,16
1784685828.620,real_q8_tensor_220w_none,0,93,11457,205.67,65,1650,9251,3,16
1784685828.620,real_q8_tensor_220w_none,1,100,11457,207.65,69,1560,9251,3,16
1784685828.620,real_q8_tensor_220w_none,2,34,11457,207.62,73,1605,9251,3,16
1784685828.620,real_q8_tensor_220w_none,3,66,11457,209.83,69,1590,9251,3,16
1784685829.208,real_q8_tensor_220w_none,0,100,11457,205.91,65,1545,9251,3,16
1784685829.208,real_q8_tensor_220w_none,1,100,11457,210.57,69,1575,9251,3,16
1784685829.208,real_q8_tensor_220w_none,2,100,11457,209.47,73,1515,9251,3,16
1784685829.208,real_q8_tensor_220w_none,3,100,11457,209.50,69,1605,9251,3,16
1784685829.801,real_q8_tensor_220w_none,0,100,11457,204.98,65,1680,9251,3,16
1784685829.801,real_q8_tensor_220w_none,1,100,11457,203.40,69,1575,9251,3,16
1784685829.801,real_q8_tensor_220w_none,2,100,11457,201.71,74,1635,9251,3,16
1784685829.801,real_q8_tensor_220w_none,3,100,11457,210.04,70,1620,9251,3,16
1784685830.373,real_q8_tensor_220w_none,0,100,11457,200.10,65,1665,9251,3,16
1784685830.373,real_q8_tensor_220w_none,1,100,11457,202.39,69,1575,9251,3,16
1784685830.373,real_q8_tensor_220w_none,2,100,11457,201.61,74,1575,9251,3,16
1784685830.373,real_q8_tensor_220w_none,3,100,11457,204.83,70,1545,9251,3,16
1784685830.965,real_q8_tensor_220w_none,0,100,11457,200.49,65,1530,9251,3,16
1784685830.965,real_q8_tensor_220w_none,1,100,11457,203.11,69,1545,9251,3,16
1784685830.965,real_q8_tensor_220w_none,2,100,11457,201.71,73,1470,9251,3,16
1784685830.965,real_q8_tensor_220w_none,3,100,11457,204.63,70,1425,9251,3,16
1784685831.536,real_q8_tensor_220w_none,0,45,11457,201.01,64,1680,9251,3,16
1784685831.536,real_q8_tensor_220w_none,1,100,11457,203.80,69,1575,9251,3,16
1784685831.536,real_q8_tensor_220w_none,2,100,11457,201.45,73,1410,9251,3,16
1784685831.536,real_q8_tensor_220w_none,3,72,11457,205.26,69,1605,9251,3,16
1784685832.149,real_q8_tensor_220w_none,0,45,11457,201.40,63,1920,9251,3,16
1784685832.149,real_q8_tensor_220w_none,1,86,11457,202.69,69,1890,9251,3,16
1784685832.149,real_q8_tensor_220w_none,2,100,11457,200.46,73,1875,9251,3,16
1784685832.149,real_q8_tensor_220w_none,3,72,11457,204.12,68,1920,9251,3,16
1784685832.715,real_q8_tensor_220w_none,0,100,11457,205.21,65,1755,9251,3,16
1784685832.715,real_q8_tensor_220w_none,1,86,11457,207.29,69,1650,9251,3,16
1784685832.715,real_q8_tensor_220w_none,2,100,11457,205.97,73,1440,9251,3,16
1784685832.715,real_q8_tensor_220w_none,3,100,11457,207.85,70,1680,9251,3,16
1784685833.298,real_q8_tensor_220w_none,0,100,11457,206.12,65,1515,9251,3,16
1784685833.298,real_q8_tensor_220w_none,1,100,11457,209.76,69,1410,9251,3,16
1784685833.298,real_q8_tensor_220w_none,2,100,11457,208.50,73,1635,9251,3,16
1784685833.298,real_q8_tensor_220w_none,3,100,11457,209.04,70,1425,9251,3,16
1784685833.869,real_q8_tensor_220w_none,0,100,11457,200.99,65,1665,9251,3,16
1784685833.869,real_q8_tensor_220w_none,1,100,11457,205.94,69,1575,9251,3,16
1784685833.869,real_q8_tensor_220w_none,2,100,11457,204.01,74,1605,9251,3,16
1784685833.869,real_q8_tensor_220w_none,3,100,11457,205.31,70,1530,9251,3,16
1784685834.437,real_q8_tensor_220w_none,0,100,11457,200.19,65,1530,9251,3,16
1784685834.437,real_q8_tensor_220w_none,1,100,11457,202.18,69,1395,9251,3,16
1784685834.437,real_q8_tensor_220w_none,2,100,11457,203.07,73,1620,9251,3,16
1784685834.437,real_q8_tensor_220w_none,3,100,11457,203.60,69,1545,9251,3,16
1784685835.005,real_q8_tensor_220w_none,0,100,11457,199.06,65,1680,9251,3,16
1784685835.005,real_q8_tensor_220w_none,1,100,11457,202.15,69,1560,9251,3,16
1784685835.005,real_q8_tensor_220w_none,2,87,11457,201.94,73,1635,9251,3,16
1784685835.005,real_q8_tensor_220w_none,3,100,11457,203.42,69,1590,9251,3,16
1784685835.573,real_q8_tensor_220w_none,0,100,11457,202.75,63,1920,9251,3,16
1784685835.573,real_q8_tensor_220w_none,1,28,11457,199.62,68,1665,9251,3,16
1784685835.573,real_q8_tensor_220w_none,2,87,11457,198.90,72,1875,9251,3,16
1784685835.573,real_q8_tensor_220w_none,3,100,11457,204.65,68,1830,9251,3,16
1784685836.139,real_q8_tensor_220w_none,0,100,11457,205.60,65,1650,9251,3,16
1784685836.139,real_q8_tensor_220w_none,1,28,11457,206.79,69,1545,9251,3,16
1784685836.139,real_q8_tensor_220w_none,2,100,11457,207.15,73,1620,9251,3,16
1784685836.139,real_q8_tensor_220w_none,3,100,11457,209.09,70,1590,9251,3,16
1784685836.700,real_q8_tensor_220w_none,0,100,11457,205.54,65,1695,9251,3,16
1784685836.700,real_q8_tensor_220w_none,1,100,11457,210.47,69,1590,9251,3,16
1784685836.700,real_q8_tensor_220w_none,2,100,11457,210.27,73,1485,9251,3,16
1784685836.700,real_q8_tensor_220w_none,3,100,11457,208.10,69,1590,9251,3,16
1784685837.268,real_q8_tensor_220w_none,0,100,11457,204.69,65,1695,9251,3,16
1784685837.268,real_q8_tensor_220w_none,1,100,11457,203.62,69,1335,9251,3,16
1784685837.268,real_q8_tensor_220w_none,2,100,11457,202.16,73,1620,9251,3,16
1784685837.268,real_q8_tensor_220w_none,3,100,11457,209.16,69,1440,9251,3,16
1784685837.862,real_q8_tensor_220w_none,0,63,11457,200.53,65,1515,9251,3,16
1784685837.862,real_q8_tensor_220w_none,1,100,11457,201.16,69,1395,9251,3,16
1784685837.862,real_q8_tensor_220w_none,2,100,11457,199.63,73,1470,9251,3,16
1784685837.862,real_q8_tensor_220w_none,3,94,11457,204.08,69,1410,9251,3,16
1784685838.453,real_q8_tensor_220w_none,0,90,11457,198.70,65,1530,9251,3,16
1784685838.453,real_q8_tensor_220w_none,1,100,11457,203.49,69,1395,9251,3,16
1784685838.453,real_q8_tensor_220w_none,2,100,11457,201.20,73,1620,9251,3,16
1784685838.453,real_q8_tensor_220w_none,3,98,11457,203.68,69,1440,9251,3,16
1784685839.022,real_q8_tensor_220w_none,0,90,11457,197.74,63,1890,9251,3,16
1784685839.022,real_q8_tensor_220w_none,1,65,11457,203.35,67,1800,9251,3,16
1784685839.022,real_q8_tensor_220w_none,2,100,11457,202.65,72,1725,9251,3,16
1784685839.022,real_q8_tensor_220w_none,3,98,11457,200.91,69,1875,9251,3,16
1784685839.589,real_q8_tensor_220w_none,0,100,11457,206.48,65,1680,9251,3,16
1784685839.589,real_q8_tensor_220w_none,1,65,11457,207.96,69,1560,9251,3,16
1784685839.589,real_q8_tensor_220w_none,2,100,11457,208.11,73,1605,9251,3,16
1784685839.589,real_q8_tensor_220w_none,3,88,11457,208.53,70,1590,9251,3,16
1784685840.151,real_q8_tensor_220w_none,0,100,11457,204.46,64,1665,9251,3,16
1784685840.151,real_q8_tensor_220w_none,1,100,11457,205.99,69,1560,9251,3,16
1784685840.151,real_q8_tensor_220w_none,2,100,11457,206.87,73,1545,9251,3,16
1784685840.151,real_q8_tensor_220w_none,3,88,11457,208.01,70,1605,9251,3,16
1784685840.765,real_q8_tensor_220w_none,0,100,11457,208.03,65,1665,9251,3,16
1784685840.765,real_q8_tensor_220w_none,1,100,11457,207.51,69,1485,9251,3,16
1784685840.765,real_q8_tensor_220w_none,2,100,11457,207.46,73,1605,9251,3,16
1784685840.765,real_q8_tensor_220w_none,3,100,11457,209.99,69,1470,9251,3,16
1784685841.357,real_q8_tensor_220w_none,0,100,11457,200.40,65,1590,9251,3,16
1784685841.357,real_q8_tensor_220w_none,1,100,11457,201.97,69,1470,9251,3,16
1784685841.357,real_q8_tensor_220w_none,2,92,11457,201.11,73,1605,9251,3,16
1784685841.357,real_q8_tensor_220w_none,3,100,11457,204.77,69,1455,9251,3,16
1784685841.952,real_q8_tensor_220w_none,0,100,11457,198.55,64,1530,9251,3,16
1784685841.952,real_q8_tensor_220w_none,1,100,11457,201.17,69,1410,9251,3,16
1784685841.952,real_q8_tensor_220w_none,2,100,11457,200.80,73,1620,9251,3,16
1784685841.952,real_q8_tensor_220w_none,3,100,11457,202.89,69,1425,9251,3,16
1784685842.520,real_q8_tensor_220w_none,0,100,11457,200.07,65,1650,9251,3,16
1784685842.520,real_q8_tensor_220w_none,1,30,11457,199.96,68,1485,9251,3,16
1784685842.520,real_q8_tensor_220w_none,2,100,11457,200.12,72,1575,9251,3,16
1784685842.520,real_q8_tensor_220w_none,3,100,11457,203.23,69,1575,9251,3,16
1784685843.090,real_q8_tensor_220w_none,0,100,11457,203.29,64,1740,9251,3,16
1784685843.090,real_q8_tensor_220w_none,1,100,11457,207.18,69,1770,9251,3,16
1784685843.090,real_q8_tensor_220w_none,2,100,11457,207.66,73,1665,9251,3,16
1784685843.090,real_q8_tensor_220w_none,3,61,11457,205.17,69,1785,9251,3,16
1784685843.650,real_q8_tensor_220w_none,0,100,11457,204.61,65,1635,9251,3,16
1784685843.650,real_q8_tensor_220w_none,1,100,11457,207.62,69,1530,9251,3,16
1784685843.650,real_q8_tensor_220w_none,2,100,11457,208.32,73,1605,9251,3,16
1784685843.650,real_q8_tensor_220w_none,3,61,11457,208.01,69,1515,9251,3,16
1784685844.218,real_q8_tensor_220w_none,0,100,11457,202.67,65,1680,9251,3,16
1784685844.218,real_q8_tensor_220w_none,1,100,11457,202.98,69,1560,9251,3,16
1784685844.218,real_q8_tensor_220w_none,2,100,11457,201.64,73,1530,9251,3,16
1784685844.218,real_q8_tensor_220w_none,3,100,11457,207.84,69,1620,9251,3,16
1784685844.787,real_q8_tensor_220w_none,0,100,11457,199.31,64,1680,9251,3,16
1784685844.787,real_q8_tensor_220w_none,1,100,11457,201.72,69,1395,9251,3,16
1784685844.787,real_q8_tensor_220w_none,2,100,11457,200.12,73,1620,9251,3,16
1784685844.787,real_q8_tensor_220w_none,3,100,11457,204.94,69,1410,9251,3,16
1784685845.378,real_q8_tensor_220w_none,0,46,11457,198.92,65,1665,9251,3,16
1784685845.378,real_q8_tensor_220w_none,1,63,11457,202.20,68,1545,9251,3,16
1784685845.378,real_q8_tensor_220w_none,2,100,11457,200.93,73,1605,9251,3,16
1784685845.378,real_q8_tensor_220w_none,3,74,11457,203.21,69,1590,9251,3,16
1784685845.949,real_q8_tensor_220w_none,0,46,11457,201.92,63,1905,9251,3,16
1784685845.949,real_q8_tensor_220w_none,1,27,11457,198.37,69,1890,9251,3,16
1784685845.949,real_q8_tensor_220w_none,2,100,11457,196.72,73,1875,9251,3,16
1784685845.949,real_q8_tensor_220w_none,3,74,11457,203.38,68,1905,9251,3,16
1784685846.513,real_q8_tensor_220w_none,0,100,11457,204.00,65,1485,9251,3,16
1784685846.513,real_q8_tensor_220w_none,1,27,11457,205.29,69,1365,9251,3,16
1784685846.513,real_q8_tensor_220w_none,2,100,11457,204.77,73,1635,9251,3,16
1784685846.513,real_q8_tensor_220w_none,3,100,11457,207.75,69,1395,9251,3,16
1784685847.082,real_q8_tensor_220w_none,0,100,11457,204.67,65,1680,9251,3,16
1784685847.082,real_q8_tensor_220w_none,1,100,11457,208.13,69,1500,9251,3,16
1784685847.082,real_q8_tensor_220w_none,2,100,11457,208.12,73,1635,9251,3,16
1784685847.082,real_q8_tensor_220w_none,3,100,11457,208.11,69,1590,9251,3,16
1784685847.663,real_q8_tensor_220w_none,0,100,11457,201.30,64,1530,9251,3,16
1784685847.663,real_q8_tensor_220w_none,1,100,11457,200.66,69,1410,9251,3,16
1784685847.663,real_q8_tensor_220w_none,2,100,11457,199.31,73,1530,9251,3,16
1784685847.663,real_q8_tensor_220w_none,3,100,11457,207.01,69,1455,9251,3,16
1784685848.271,real_q8_tensor_220w_none,0,100,11457,199.47,65,1470,9251,3,16
1784685848.271,real_q8_tensor_220w_none,1,100,11457,201.82,68,1350,9251,3,16
1784685848.271,real_q8_tensor_220w_none,2,100,11457,200.33,73,1410,9251,3,16
1784685848.271,real_q8_tensor_220w_none,3,84,11457,203.98,70,1590,9251,3,16
1784685848.896,real_q8_tensor_220w_none,0,100,11457,200.42,65,1665,9251,3,16
1784685848.896,real_q8_tensor_220w_none,1,64,11457,203.13,69,1560,9251,3,16
1784685848.896,real_q8_tensor_220w_none,2,61,11457,201.46,73,1605,9251,3,16
1784685848.896,real_q8_tensor_220w_none,3,100,11457,204.68,69,1470,9251,3,16
1784685849.512,real_q8_tensor_220w_none,0,100,11457,197.70,64,1635,9251,3,16
1784685849.512,real_q8_tensor_220w_none,1,33,11457,199.94,67,1485,9251,3,16
1784685849.512,real_q8_tensor_220w_none,2,35,11457,199.69,71,1455,9251,3,16
1784685849.512,real_q8_tensor_220w_none,3,100,11457,202.71,69,1530,9251,3,16
1784685850.081,real_q8_tensor_220w_none,0,97,11457,203.15,65,1695,9251,3,16
1784685850.081,real_q8_tensor_220w_none,1,33,11457,206.26,69,1605,9251,3,16
1784685850.081,real_q8_tensor_220w_none,2,35,11457,206.21,73,1440,9251,3,16
1784685850.081,real_q8_tensor_220w_none,3,73,11457,205.55,70,1650,9251,3,16
1784685850.652,real_q8_tensor_220w_none,0,97,11457,204.73,65,1650,9251,3,16
1784685850.652,real_q8_tensor_220w_none,1,100,11457,205.48,69,1545,9251,3,16
1784685850.652,real_q8_tensor_220w_none,2,100,11457,205.63,73,1605,9251,3,16
1784685850.652,real_q8_tensor_220w_none,3,73,11457,207.44,69,1590,9251,3,16
1784685851.222,real_q8_tensor_220w_none,0,100,11457,200.14,65,1500,9251,3,16
1784685851.222,real_q8_tensor_220w_none,1,100,11457,202.60,69,1395,9251,3,16
1784685851.222,real_q8_tensor_220w_none,2,100,11457,201.43,74,1395,9251,3,16
1784685851.222,real_q8_tensor_220w_none,3,100,11457,205.35,69,1530,9251,3,16
1784685851.790,real_q8_tensor_220w_none,0,100,11457,198.55,64,1500,9251,3,16
1784685851.790,real_q8_tensor_220w_none,1,100,11457,202.64,69,1395,9251,3,16
1784685851.790,real_q8_tensor_220w_none,2,100,11457,200.80,73,1605,9251,3,16
1784685851.790,real_q8_tensor_220w_none,3,100,11457,202.41,69,1485,9251,3,16
1784685852.381,real_q8_tensor_220w_none,0,89,11457,196.88,63,1665,9251,3,16
1784685852.381,real_q8_tensor_220w_none,1,59,11457,200.27,69,1335,9251,3,16
1784685852.381,real_q8_tensor_220w_none,2,78,11457,198.42,73,1605,9251,3,16
1784685852.381,real_q8_tensor_220w_none,3,97,11457,201.23,69,1425,9251,3,16
1784685852.977,real_q8_tensor_220w_none,0,89,11457,204.76,65,1860,9251,3,16
1784685852.977,real_q8_tensor_220w_none,1,78,11457,202.17,67,1830,9251,3,16
1784685852.977,real_q8_tensor_220w_none,2,66,11457,201.99,71,1830,9251,3,16
1784685852.977,real_q8_tensor_220w_none,3,97,11457,199.91,70,1860,9251,3,16
1784685853.543,real_q8_tensor_220w_none,0,100,11457,205.16,65,1665,9251,3,16
1784685853.543,real_q8_tensor_220w_none,1,100,11457,206.39,68,1410,9251,3,16
1784685853.543,real_q8_tensor_220w_none,2,100,11457,205.86,73,1605,9251,3,16
1784685853.543,real_q8_tensor_220w_none,3,100,11457,208.60,69,1425,9251,3,16
1784685854.115,real_q8_tensor_220w_none,0,100,11457,205.72,65,1455,9251,3,16
1784685854.115,real_q8_tensor_220w_none,1,100,11457,204.38,69,1335,9251,3,16
1784685854.115,real_q8_tensor_220w_none,2,100,11457,203.37,73,1395,9251,3,16
1784685854.115,real_q8_tensor_220w_none,3,100,11457,209.06,69,1440,9251,3,16
1784685854.685,real_q8_tensor_220w_none,0,100,11457,197.01,64,1470,9251,3,16
1784685854.685,real_q8_tensor_220w_none,1,100,11457,200.26,68,1350,9251,3,16
1784685854.685,real_q8_tensor_220w_none,2,100,11457,198.93,73,1635,9251,3,16
1784685854.685,real_q8_tensor_220w_none,3,100,11457,201.24,69,1410,9251,3,16
1784685855.280,real_q8_tensor_220w_none,0,100,11457,196.60,64,1515,9251,3,16
1784685855.280,real_q8_tensor_220w_none,1,95,11457,200.12,68,1380,9251,3,16
1784685855.280,real_q8_tensor_220w_none,2,93,11457,199.38,73,1440,9251,3,16
1784685855.280,real_q8_tensor_220w_none,3,100,11457,201.36,69,1605,9251,3,16
1784685855.849,real_q8_tensor_220w_none,0,97,11457,204.25,63,1875,9251,3,16
1784685855.849,real_q8_tensor_220w_none,1,100,11457,200.03,69,1875,9251,3,16
1784685855.849,real_q8_tensor_220w_none,2,72,11457,200.16,73,1845,9251,3,16
1784685855.849,real_q8_tensor_220w_none,3,74,11457,205.18,68,1890,9251,3,16
1784685856.406,real_q8_tensor_220w_none,0,97,11457,205.18,65,1665,9251,3,16
1784685856.406,real_q8_tensor_220w_none,1,100,11457,207.12,69,1335,9251,3,16
1784685856.406,real_q8_tensor_220w_none,2,100,11457,206.34,73,1620,9251,3,16
1784685856.406,real_q8_tensor_220w_none,3,74,11457,207.47,69,1365,9251,3,16
1784685856.974,real_q8_tensor_220w_none,0,100,11457,199.52,65,1500,9251,3,16
1784685856.974,real_q8_tensor_220w_none,1,100,11457,207.05,69,1350,9251,3,16
1784685856.974,real_q8_tensor_220w_none,2,100,11457,205.45,73,1620,9251,3,16
1784685856.974,real_q8_tensor_220w_none,3,100,11457,207.66,69,1395,9251,3,16
1784685857.542,real_q8_tensor_220w_none,0,100,11457,197.95,64,1455,9251,3,16
1784685857.542,real_q8_tensor_220w_none,1,100,11457,198.77,68,1530,9251,3,16
1784685857.542,real_q8_tensor_220w_none,2,100,11457,198.96,73,1440,9251,3,16
1784685857.542,real_q8_tensor_220w_none,3,100,11457,201.29,69,1575,9251,3,16
1784685858.108,real_q8_tensor_220w_none,0,73,11457,199.44,63,1680,9251,3,16
1784685858.108,real_q8_tensor_220w_none,1,100,11457,201.82,68,1530,9251,3,16
1784685858.108,real_q8_tensor_220w_none,2,100,11457,201.57,73,1455,9251,3,16
1784685858.108,real_q8_tensor_220w_none,3,85,11457,201.62,69,1590,9251,3,16
1784685858.676,real_q8_tensor_220w_none,0,73,11457,204.31,65,1815,9251,3,16
1784685858.676,real_q8_tensor_220w_none,1,88,11457,205.47,68,1740,9251,3,16
1784685858.676,real_q8_tensor_220w_none,2,89,11457,206.81,72,1650,9251,3,16
1784685858.676,real_q8_tensor_220w_none,3,85,11457,206.61,69,1800,9251,3,16
1784685859.235,real_q8_tensor_220w_none,0,100,11457,205.09,65,1665,9251,3,16
1784685859.235,real_q8_tensor_220w_none,1,88,11457,206.61,69,1545,9251,3,16
1784685859.235,real_q8_tensor_220w_none,2,89,11457,207.79,74,1590,9251,3,16
1784685859.235,real_q8_tensor_220w_none,3,100,11457,207.15,69,1590,9251,3,16
1784685859.827,real_q8_tensor_220w_none,0,100,11457,204.08,65,1500,9251,3,16
1784685859.827,real_q8_tensor_220w_none,1,100,11457,202.55,69,1365,9251,3,16
1784685859.827,real_q8_tensor_220w_none,2,100,11457,210.08,74,1590,9251,3,16
1784685859.827,real_q8_tensor_220w_none,3,100,11457,208.17,69,1545,9251,3,16
1784685860.398,real_q8_tensor_220w_none,0,100,11457,198.79,65,1665,9251,3,16
1784685860.398,real_q8_tensor_220w_none,1,90,11457,201.24,69,1575,9251,3,16
1784685860.398,real_q8_tensor_220w_none,2,100,11457,199.90,74,1605,9251,3,16
1784685860.398,real_q8_tensor_220w_none,3,100,11457,203.56,69,1575,9251,3,16
1784685860.984,real_q8_tensor_220w_none,0,100,11457,197.53,64,1635,9251,3,16
1784685860.984,real_q8_tensor_220w_none,1,62,11457,200.08,68,1560,9251,3,16
1784685860.984,real_q8_tensor_220w_none,2,65,11457,198.60,73,1620,9251,3,16
1784685860.984,real_q8_tensor_220w_none,3,100,11457,202.92,69,1605,9251,3,16
1784685861.554,real_q8_tensor_220w_none,0,100,11457,203.20,64,1875,9251,3,16
1784685861.554,real_q8_tensor_220w_none,1,62,11457,201.09,67,1845,9251,3,16
1784685861.554,real_q8_tensor_220w_none,2,65,11457,200.50,71,1800,9251,3,16
1784685861.554,real_q8_tensor_220w_none,3,100,11457,207.06,69,1860,9251,3,16
1784685862.131,real_q8_tensor_220w_none,0,100,11457,203.69,65,1665,9251,3,16
1784685862.131,real_q8_tensor_220w_none,1,100,11457,204.88,69,1545,9251,3,16
1784685862.131,real_q8_tensor_220w_none,2,100,11457,204.26,73,1425,9251,3,16
1784685862.131,real_q8_tensor_220w_none,3,100,11457,207.20,69,1590,9251,3,16
1784685862.701,real_q8_tensor_220w_none,0,100,11457,205.14,65,1650,9251,3,16
1784685862.701,real_q8_tensor_220w_none,1,100,11457,203.50,69,1515,9251,3,16
1784685862.701,real_q8_tensor_220w_none,2,100,11457,201.90,73,1605,9251,3,16
1784685862.701,real_q8_tensor_220w_none,3,100,11457,210.30,69,1410,9251,3,16
1784685863.269,real_q8_tensor_220w_none,0,100,11457,197.21,64,1650,9251,3,16
1784685863.269,real_q8_tensor_220w_none,1,100,11457,199.66,68,1560,9251,3,16
1784685863.269,real_q8_tensor_220w_none,2,100,11457,198.33,73,1620,9251,3,16
1784685863.269,real_q8_tensor_220w_none,3,100,11457,202.70,69,1590,9251,3,16
1784685863.838,real_q8_tensor_220w_none,0,23,11457,194.57,63,1620,9251,3,16
1784685863.838,real_q8_tensor_220w_none,1,72,11457,199.75,67,1440,9251,3,16
1784685863.838,real_q8_tensor_220w_none,2,61,11457,198.02,71,1530,9251,3,16
1784685863.838,real_q8_tensor_220w_none,3,48,11457,201.85,69,1470,9251,3,16
1784685864.410,real_q8_tensor_220w_none,0,23,11457,205.22,65,1680,9251,3,16
1784685864.410,real_q8_tensor_220w_none,1,100,11457,207.26,68,1590,9251,3,16
1784685864.410,real_q8_tensor_220w_none,2,100,11457,206.17,73,1410,9251,3,16
1784685864.410,real_q8_tensor_220w_none,3,48,11457,208.17,69,1650,9251,3,16
1784685864.969,real_q8_tensor_220w_none,0,100,11457,203.93,64,1650,9251,3,16
1784685864.969,real_q8_tensor_220w_none,1,100,11457,205.52,69,1545,9251,3,16
1784685864.969,real_q8_tensor_220w_none,2,100,11457,206.85,73,1530,9251,3,16
1784685864.969,real_q8_tensor_220w_none,3,100,11457,207.00,69,1575,9251,3,16
1784685865.562,real_q8_tensor_220w_none,0,100,11457,205.14,64,1440,9251,3,16
1784685865.562,real_q8_tensor_220w_none,1,100,11457,204.36,69,1515,9251,3,16
1784685865.562,real_q8_tensor_220w_none,2,100,11457,204.16,73,1455,9251,3,16
1784685865.562,real_q8_tensor_220w_none,3,100,11457,209.03,69,1575,9251,3,16
1784685866.156,real_q8_tensor_220w_none,0,100,11457,195.85,64,1620,9251,3,16
1784685866.156,real_q8_tensor_220w_none,1,100,11457,198.76,68,1515,9251,3,16
1784685866.156,real_q8_tensor_220w_none,2,100,11457,196.90,73,1620,9251,3,16
1784685866.156,real_q8_tensor_220w_none,3,100,11457,201.59,69,1485,9251,3,16
1784685866.726,real_q8_tensor_220w_none,0,100,11457,194.60,64,1620,9251,3,16
1784685866.726,real_q8_tensor_220w_none,1,44,11457,198.65,67,1395,9251,3,16
1784685866.726,real_q8_tensor_220w_none,2,46,11457,198.35,71,1365,9251,3,16
1784685866.726,real_q8_tensor_220w_none,3,100,11457,201.48,70,1530,9251,3,16
1784685867.293,real_q8_tensor_220w_none,0,100,11457,202.49,64,1650,9251,3,16
1784685867.293,real_q8_tensor_220w_none,1,44,11457,204.33,69,1560,9251,3,16
1784685867.293,real_q8_tensor_220w_none,2,46,11457,204.75,73,1590,9251,3,16
1784685867.293,real_q8_tensor_220w_none,3,100,11457,206.58,69,1575,9251,3,16
1784685867.855,real_q8_tensor_220w_none,0,100,11457,205.95,64,1665,9251,3,16
1784685867.855,real_q8_tensor_220w_none,1,100,11457,203.92,69,1320,9251,3,16
1784685867.855,real_q8_tensor_220w_none,2,100,11457,204.57,73,1605,9251,3,16
1784685867.855,real_q8_tensor_220w_none,3,100,11457,207.03,69,1380,9251,3,16
1784685868.430,real_q8_tensor_220w_none,0,100,11457,195.82,64,1485,9251,3,16
1784685868.430,real_q8_tensor_220w_none,1,100,11457,202.66,69,1350,9251,3,16
1784685868.430,real_q8_tensor_220w_none,2,100,11457,201.72,73,1485,9251,3,16
1784685868.430,real_q8_tensor_220w_none,3,100,11457,200.79,69,1410,9251,3,16
1784685869.022,real_q8_tensor_220w_none,0,100,11457,195.60,64,1650,9251,3,16
1784685869.022,real_q8_tensor_220w_none,1,82,11457,197.47,68,1545,9251,3,16
1784685869.022,real_q8_tensor_220w_none,2,81,11457,199.13,73,1545,9251,3,16
1784685869.022,real_q8_tensor_220w_none,3,100,11457,199.61,69,1530,9251,3,16
1784685869.591,real_q8_tensor_220w_none,0,25,11457,194.62,64,1905,9251,3,16
1784685869.591,real_q8_tensor_220w_none,1,82,11457,200.23,67,1890,9251,3,16
1784685869.591,real_q8_tensor_220w_none,2,81,11457,200.60,71,1860,9251,3,16
1784685869.591,real_q8_tensor_220w_none,3,25,11457,198.84,69,1905,9251,3,16
1784685870.157,real_q8_tensor_220w_none,0,25,11457,202.27,64,1470,9251,3,16
1784685870.157,real_q8_tensor_220w_none,1,100,11457,204.13,69,1350,9251,3,16
1784685870.157,real_q8_tensor_220w_none,2,100,11457,203.99,73,1485,9251,3,16
1784685870.157,real_q8_tensor_220w_none,3,25,11457,206.45,69,1380,9251,3,16
1784685870.724,real_q8_tensor_220w_none,0,100,11457,203.80,64,1530,9251,3,16
1784685870.724,real_q8_tensor_220w_none,1,100,11457,201.98,68,1410,9251,3,16
1784685870.724,real_q8_tensor_220w_none,2,100,11457,203.46,73,1620,9251,3,16
1784685870.724,real_q8_tensor_220w_none,3,100,11457,207.21,69,1395,9251,3,16
1784685871.293,real_q8_tensor_220w_none,0,100,11457,197.34,65,1650,9251,3,16
1784685871.293,real_q8_tensor_220w_none,1,100,11457,199.02,69,1500,9251,3,16
1784685871.293,real_q8_tensor_220w_none,2,100,11457,200.74,73,1575,9251,3,16
1784685871.293,real_q8_tensor_220w_none,3,100,11457,200.80,69,1560,9251,3,16
1784685871.886,real_q8_tensor_220w_none,0,93,11457,197.81,62,1665,9251,3,16
1784685871.886,real_q8_tensor_220w_none,1,83,11457,202.14,69,1530,9251,3,16
1784685871.886,real_q8_tensor_220w_none,2,60,11457,200.82,73,1410,9251,3,16
1784685871.886,real_q8_tensor_220w_none,3,100,11457,201.22,68,1575,9251,3,16
1784685872.455,real_q8_tensor_220w_none,0,93,11457,195.41,64,1800,9251,3,16
1784685872.455,real_q8_tensor_220w_none,1,85,11457,201.70,67,1740,9251,3,16
1784685872.455,real_q8_tensor_220w_none,2,86,11457,200.67,72,1770,9251,3,16
1784685872.455,real_q8_tensor_220w_none,3,100,11457,200.26,69,1785,9251,3,16
1784685873.040,real_q8_tensor_220w_none,0,100,11457,199.48,64,1455,9251,3,16
1784685873.040,real_q8_tensor_220w_none,1,85,11457,201.71,68,1320,9251,3,16
1784685873.040,real_q8_tensor_220w_none,2,86,11457,200.91,73,1605,9251,3,16
1784685873.040,real_q8_tensor_220w_none,3,100,11457,204.77,69,1380,9251,3,16
1784685873.611,real_q8_tensor_220w_none,0,100,11457,198.67,64,1635,9251,3,16
1784685873.611,real_q8_tensor_220w_none,1,100,11457,198.06,69,1515,9251,3,16
1784685873.611,real_q8_tensor_220w_none,2,100,11457,196.59,73,1605,9251,3,16
1784685873.611,real_q8_tensor_220w_none,3,100,11457,205.39,69,1560,9251,3,16
1784685874.180,real_q8_tensor_220w_none,0,100,11457,192.35,64,1635,9251,3,16
1784685874.180,real_q8_tensor_220w_none,1,72,11457,196.66,68,1500,9251,3,16
1784685874.180,real_q8_tensor_220w_none,2,60,11457,194.96,73,1380,9251,3,16
1784685874.180,real_q8_tensor_220w_none,3,100,11457,199.39,69,1575,9251,3,16
1784685874.752,real_q8_tensor_220w_none,0,100,11457,196.18,62,1905,9251,3,16
1784685874.752,real_q8_tensor_220w_none,1,27,11457,195.30,68,1890,9251,3,16
1784685874.752,real_q8_tensor_220w_none,2,28,11457,193.24,72,1875,9251,3,16
1784685874.752,real_q8_tensor_220w_none,3,100,11457,201.39,67,1905,9251,3,16
1784685875.317,real_q8_tensor_220w_none,0,100,11457,199.63,64,1425,9251,3,16
1784685875.317,real_q8_tensor_220w_none,1,27,11457,202.37,69,1515,9251,3,16
1784685875.317,real_q8_tensor_220w_none,2,28,11457,201.01,73,1365,9251,3,16
1784685875.317,real_q8_tensor_220w_none,3,100,11457,205.31,69,1560,9251,3,16
1784685875.885,real_q8_tensor_220w_none,0,100,11457,200.10,64,1455,9251,3,16
1784685875.885,real_q8_tensor_220w_none,1,100,11457,205.16,68,1335,9251,3,16
1784685875.885,real_q8_tensor_220w_none,2,100,11457,203.49,72,1395,9251,3,16
1784685875.885,real_q8_tensor_220w_none,3,100,11457,204.64,69,1410,9251,3,16
1784685876.457,real_q8_tensor_220w_none,0,100,11457,194.67,64,1620,9251,3,16
1784685876.457,real_q8_tensor_220w_none,1,100,11457,197.06,69,1365,9251,3,16
1784685876.457,real_q8_tensor_220w_none,2,100,11457,194.60,73,1575,9251,3,16
1784685876.457,real_q8_tensor_220w_none,3,100,11457,201.34,69,1500,9251,3,16
1784685877.026,real_q8_tensor_220w_none,0,100,11457,190.88,63,1530,9251,3,16
1784685877.026,real_q8_tensor_220w_none,1,68,11457,199.20,67,1440,9251,3,16
1784685877.026,real_q8_tensor_220w_none,2,66,11457,195.55,71,1425,9251,3,16
1784685877.026,real_q8_tensor_220w_none,3,100,11457,199.14,68,1515,9251,3,16
1784685877.617,real_q8_tensor_220w_none,0,100,11457,201.78,64,1455,9251,3,16
1784685877.617,real_q8_tensor_220w_none,1,68,11457,204.40,69,1560,9251,3,16
1784685877.617,real_q8_tensor_220w_none,2,66,11457,201.40,72,1365,9251,3,16
1784685877.617,real_q8_tensor_220w_none,3,100,11457,208.82,69,1410,9251,3,16
1784685878.178,real_q8_tensor_220w_none,0,100,11457,201.84,64,1635,9251,3,16
1784685878.178,real_q8_tensor_220w_none,1,100,11457,204.66,68,1335,9251,3,16
1784685878.178,real_q8_tensor_220w_none,2,100,11457,201.65,73,1575,9251,3,16
1784685878.178,real_q8_tensor_220w_none,3,100,11457,209.45,69,1425,9251,3,16
1784685878.747,real_q8_tensor_220w_none,0,100,11457,195.35,64,1635,9251,3,16
1784685878.747,real_q8_tensor_220w_none,1,100,11457,201.61,69,1515,9251,3,16
1784685878.747,real_q8_tensor_220w_none,2,100,11457,197.67,73,1380,9251,3,16
1784685878.747,real_q8_tensor_220w_none,3,100,11457,203.73,69,1590,9251,3,16
1784685879.318,real_q8_tensor_220w_none,0,100,11457,194.37,64,1455,9251,3,16
1784685879.318,real_q8_tensor_220w_none,1,50,11457,199.13,68,1530,9251,3,16
1784685879.318,real_q8_tensor_220w_none,2,64,11457,195.23,73,1380,9251,3,16
1784685879.318,real_q8_tensor_220w_none,3,100,11457,202.09,69,1590,9251,3,16
1784685879.886,real_q8_tensor_220w_none,0,69,11457,197.04,64,1875,9251,3,16
1784685879.886,real_q8_tensor_220w_none,1,100,11457,203.99,68,1830,9251,3,16
1784685879.886,real_q8_tensor_220w_none,2,95,11457,201.09,72,1755,9251,3,16
1784685879.886,real_q8_tensor_220w_none,3,39,11457,204.35,69,1860,9251,3,16
1784685880.446,real_q8_tensor_220w_none,0,69,11457,202.02,64,1620,9251,3,16
1784685880.446,real_q8_tensor_220w_none,1,100,11457,205.29,69,1515,9251,3,16
1784685880.446,real_q8_tensor_220w_none,2,100,11457,201.62,73,1365,9251,3,16
1784685880.446,real_q8_tensor_220w_none,3,39,11457,211.09,69,1560,9251,3,16
1784685881.036,real_q8_tensor_220w_none,0,100,11457,204.89,65,1620,9251,3,16
1784685881.036,real_q8_tensor_220w_none,1,100,11457,209.24,69,1560,9251,3,16
1784685881.036,real_q8_tensor_220w_none,2,100,11457,206.78,73,1500,9251,3,16
1784685881.036,real_q8_tensor_220w_none,3,100,11457,209.79,69,1545,9251,3,16
1784685881.648,real_q8_tensor_220w_none,0,100,11457,199.23,64,1530,9251,3,16
1784685881.648,real_q8_tensor_220w_none,1,100,11457,203.66,69,1410,9251,3,16
1784685881.648,real_q8_tensor_220w_none,2,100,11457,199.39,73,1425,9251,3,16
1784685881.648,real_q8_tensor_220w_none,3,100,11457,203.80,69,1545,9251,3,16
1784685882.218,real_q8_tensor_220w_none,0,27,11457,196.55,64,1605,9251,3,16
1784685882.218,real_q8_tensor_220w_none,1,100,11457,200.41,67,1455,9251,3,16
1784685882.218,real_q8_tensor_220w_none,2,100,11457,194.94,71,1530,9251,3,16
1784685882.218,real_q8_tensor_220w_none,3,58,11457,207.77,69,1515,9251,3,16
1784685882.786,real_q8_tensor_220w_none,0,27,11457,202.91,64,1680,9251,3,16
1784685882.786,real_q8_tensor_220w_none,1,100,11457,206.65,69,1560,9251,3,16
1784685882.786,real_q8_tensor_220w_none,2,100,11457,202.20,72,1365,9251,3,16
1784685882.786,real_q8_tensor_220w_none,3,58,11457,212.52,69,1635,9251,3,16
1784685883.368,real_q8_tensor_220w_none,0,100,11457,205.71,64,1470,9251,3,16
1784685883.368,real_q8_tensor_220w_none,1,100,11457,207.56,69,1365,9251,3,16
1784685883.368,real_q8_tensor_220w_none,2,100,11457,202.51,73,1380,9251,3,16
1784685883.368,real_q8_tensor_220w_none,3,100,11457,213.41,69,1530,9251,3,16
1784685883.939,real_q8_tensor_220w_none,0,100,11457,197.87,64,1515,9251,3,16
1784685883.939,real_q8_tensor_220w_none,1,100,11457,207.10,69,1410,9251,3,16
1784685883.939,real_q8_tensor_220w_none,2,100,11457,201.12,72,1575,9251,3,16
1784685883.939,real_q8_tensor_220w_none,3,100,11457,206.84,69,1545,9251,3,16
1784685884.510,real_q8_tensor_220w_none,0,100,11457,197.44,64,1650,9251,3,16
1784685884.510,real_q8_tensor_220w_none,1,82,11457,201.71,69,1545,9251,3,16
1784685884.510,real_q8_tensor_220w_none,2,59,11457,196.87,73,1530,9251,3,16
1784685884.510,real_q8_tensor_220w_none,3,100,11457,208.04,69,1530,9251,3,16
1784685885.106,real_q8_tensor_220w_none,0,100,11457,199.33,62,1920,9251,3,16
1784685885.106,real_q8_tensor_220w_none,1,75,11457,206.10,68,1905,9251,3,16
1784685885.106,real_q8_tensor_220w_none,2,71,11457,196.57,71,1875,9251,3,16
1784685885.106,real_q8_tensor_220w_none,3,100,11457,205.98,68,1920,9251,3,16
1784685885.690,real_q8_tensor_220w_none,0,100,11457,209.36,64,1620,9251,3,16
1784685885.690,real_q8_tensor_220w_none,1,75,11457,211.43,69,1530,9251,3,16
1784685885.690,real_q8_tensor_220w_none,2,71,11457,205.88,72,1560,9251,3,16
1784685885.690,real_q8_tensor_220w_none,3,100,11457,213.31,69,1575,9251,3,16
1784685886.259,real_q8_tensor_220w_none,0,100,11457,206.38,64,1650,9251,3,16
1784685886.259,real_q8_tensor_220w_none,1,100,11457,208.92,69,1545,9251,3,16
1784685886.259,real_q8_tensor_220w_none,2,100,11457,208.50,73,1455,9251,3,16
1784685886.259,real_q8_tensor_220w_none,3,100,11457,209.33,69,1575,9251,3,16
1784685886.846,real_q8_tensor_220w_none,0,100,11457,194.93,64,1575,9251,3,16
1784685886.846,real_q8_tensor_220w_none,1,71,11457,198.06,69,1470,9251,3,16
1784685886.846,real_q8_tensor_220w_none,2,100,11457,198.70,73,1425,9251,3,16
1784685886.846,real_q8_tensor_220w_none,3,100,11457,200.92,69,1575,9251,3,16
1784685887.417,real_q8_tensor_220w_none,0,100,11457,195.45,64,1605,9251,3,16
1784685887.417,real_q8_tensor_220w_none,1,32,11457,199.05,67,1485,9251,3,16
1784685887.417,real_q8_tensor_220w_none,2,33,11457,195.44,71,1530,9251,3,16
1784685887.417,real_q8_tensor_220w_none,3,100,11457,205.80,69,1515,9251,3,16
1784685887.988,real_q8_tensor_220w_none,0,100,11457,206.49,65,1665,9251,3,16
1784685887.988,real_q8_tensor_220w_none,1,32,11457,208.58,69,1560,9251,3,16
1784685887.988,real_q8_tensor_220w_none,2,33,11457,208.56,73,1620,9251,3,16
1784685887.988,real_q8_tensor_220w_none,3,100,11457,209.10,69,1575,9251,3,16
1784685888.551,real_q8_tensor_220w_none,0,100,11457,205.11,64,1635,9251,3,16
1784685888.551,real_q8_tensor_220w_none,1,100,11457,207.70,69,1515,9251,3,16
1784685888.551,real_q8_tensor_220w_none,2,100,11457,209.23,73,1560,9251,3,16
1784685888.551,real_q8_tensor_220w_none,3,100,11457,207.43,69,1590,9251,3,16
1784685889.139,real_q8_tensor_220w_none,0,100,11457,195.89,64,1545,9251,3,16
1784685889.139,real_q8_tensor_220w_none,1,100,11457,204.41,69,1395,9251,3,16
1784685889.139,real_q8_tensor_220w_none,2,100,11457,201.67,73,1620,9251,3,16
1784685889.139,real_q8_tensor_220w_none,3,100,11457,203.32,69,1380,9251,3,16
1784685889.706,real_q8_tensor_220w_none,0,100,11457,195.89,64,1650,9251,3,16
1784685889.706,real_q8_tensor_220w_none,1,40,11457,198.93,69,1530,9251,3,16
1784685889.706,real_q8_tensor_220w_none,2,48,11457,197.93,72,1425,9251,3,16
1784685889.706,real_q8_tensor_220w_none,3,100,11457,201.16,69,1545,9251,3,16
1784685890.274,real_q8_tensor_220w_none,0,100,11457,202.10,64,1695,9251,3,16
1784685890.274,real_q8_tensor_220w_none,1,40,11457,207.30,69,1590,9251,3,16
1784685890.274,real_q8_tensor_220w_none,2,48,11457,204.06,72,1635,9251,3,16
1784685890.274,real_q8_tensor_220w_none,3,62,11457,207.20,70,1620,9251,3,16
1784685890.832,real_q8_tensor_220w_none,0,100,11457,204.47,64,1620,9251,3,16
1784685890.832,real_q8_tensor_220w_none,1,100,11457,207.27,68,1395,9251,3,16
1784685890.832,real_q8_tensor_220w_none,2,100,11457,203.07,72,1560,9251,3,16
1784685890.832,real_q8_tensor_220w_none,3,100,11457,209.79,69,1545,9251,3,16
1784685891.402,real_q8_tensor_220w_none,0,100,11457,197.08,64,1620,9251,3,16
1784685891.402,real_q8_tensor_220w_none,1,100,11457,197.39,68,1500,9251,3,16
1784685891.402,real_q8_tensor_220w_none,2,100,11457,203.06,72,1380,9251,3,16
1784685891.402,real_q8_tensor_220w_none,3,100,11457,204.28,69,1560,9251,3,16
1784685891.991,real_q8_tensor_220w_none,0,100,11457,195.54,64,1695,9251,3,16
1784685891.991,real_q8_tensor_220w_none,1,63,11457,199.37,69,1395,9251,3,16
1784685891.991,real_q8_tensor_220w_none,2,63,11457,195.21,73,1620,9251,3,16
1784685891.991,real_q8_tensor_220w_none,3,100,11457,203.74,69,1380,9251,3,16
1784685892.559,real_q8_tensor_220w_none,0,100,11457,198.07,64,1875,9251,3,16
1784685892.559,real_q8_tensor_220w_none,1,63,11457,203.46,68,1830,9251,3,16
1784685892.559,real_q8_tensor_220w_none,2,63,11457,202.23,72,1770,9251,3,16
1784685892.559,real_q8_tensor_220w_none,3,42,11457,202.90,69,1845,9251,3,16
1784685893.139,real_q8_tensor_220w_none,0,100,11457,201.71,64,1635,9251,3,16
1784685893.139,real_q8_tensor_220w_none,1,100,11457,201.59,69,1515,9251,3,16
1784685893.139,real_q8_tensor_220w_none,2,100,11457,202.21,72,1365,9251,3,16
1784685893.139,real_q8_tensor_220w_none,3,42,11457,204.79,69,1575,9251,3,16
1784685893.709,real_q8_tensor_220w_none,0,100,11457,198.79,64,1620,9251,3,16
1784685893.709,real_q8_tensor_220w_none,1,100,11457,197.69,68,1500,9251,3,16
1784685893.709,real_q8_tensor_220w_none,2,100,11457,196.78,72,1575,9251,3,16
1784685893.709,real_q8_tensor_220w_none,3,100,11457,205.69,69,1545,9251,3,16
1784685894.277,real_q8_tensor_220w_none,0,100,11457,196.73,64,1425,9251,3,16
1784685894.277,real_q8_tensor_220w_none,1,82,11457,199.85,68,1290,9251,3,16
1784685894.277,real_q8_tensor_220w_none,2,79,11457,195.77,72,1680,9251,3,16
1784685894.277,real_q8_tensor_220w_none,3,100,11457,204.35,69,1320,9251,3,16
1784685894.850,real_q8_tensor_220w_none,0,100,11457,203.09,64,1800,9251,3,16
1784685894.850,real_q8_tensor_220w_none,1,100,11457,204.57,69,1755,9251,3,16
1784685894.850,real_q8_tensor_220w_none,2,87,11457,200.19,71,1770,9251,3,16
1784685894.850,real_q8_tensor_220w_none,3,100,11457,210.08,69,1770,9251,3,16
1784685895.413,real_q8_tensor_220w_none,0,100,11457,201.86,64,1575,9251,3,16
1784685895.413,real_q8_tensor_220w_none,1,100,11457,204.04,69,1530,9251,3,16
1784685895.413,real_q8_tensor_220w_none,2,100,11457,201.35,73,1425,9251,3,16
1784685895.413,real_q8_tensor_220w_none,3,100,11457,208.01,69,1575,9251,3,16
1784685895.980,real_q8_tensor_220w_none,0,100,11457,201.65,64,1620,9251,3,16
1784685895.980,real_q8_tensor_220w_none,1,100,11457,200.45,69,1515,9251,3,16
1784685895.980,real_q8_tensor_220w_none,2,100,11457,197.72,73,1365,9251,3,16
1784685895.980,real_q8_tensor_220w_none,3,100,11457,208.11,69,1575,9251,3,16
1784685896.549,real_q8_tensor_220w_none,0,40,11457,199.37,64,1695,9251,3,16
1784685896.549,real_q8_tensor_220w_none,1,99,11457,200.84,67,1305,9251,3,16
1784685896.549,real_q8_tensor_220w_none,2,98,11457,196.21,72,1680,9251,3,16
1784685896.549,real_q8_tensor_220w_none,3,100,11457,206.68,69,1350,9251,3,16
1784685897.118,real_q8_tensor_220w_none,0,40,11457,206.58,64,1860,9251,3,16
1784685897.118,real_q8_tensor_220w_none,1,99,11457,205.59,69,1830,9251,3,16
1784685897.118,real_q8_tensor_220w_none,2,98,11457,199.57,73,1770,9251,3,16
1784685897.118,real_q8_tensor_220w_none,3,100,11457,213.65,69,1845,9251,3,16
1784685897.696,real_q8_tensor_220w_none,0,100,11457,205.53,64,1650,9251,3,16
1784685897.696,real_q8_tensor_220w_none,1,100,11457,207.62,69,1530,9251,3,16
1784685897.696,real_q8_tensor_220w_none,2,100,11457,203.61,73,1470,9251,3,16
1784685897.696,real_q8_tensor_220w_none,3,100,11457,212.26,69,1545,9251,3,16
1784685898.264,real_q8_tensor_220w_none,0,100,11457,197.86,64,1635,9251,3,16
1784685898.264,real_q8_tensor_220w_none,1,100,11457,204.72,69,1545,9251,3,16
1784685898.264,real_q8_tensor_220w_none,2,100,11457,200.89,73,1560,9251,3,16
1784685898.264,real_q8_tensor_220w_none,3,100,11457,212.56,69,1575,9251,3,16
1784685898.833,real_q8_tensor_220w_none,0,58,11457,200.80,64,1665,9251,3,16
1784685898.833,real_q8_tensor_220w_none,1,100,11457,203.99,69,1305,9251,3,16
1784685898.833,real_q8_tensor_220w_none,2,100,11457,198.86,73,1635,9251,3,16
1784685898.833,real_q8_tensor_220w_none,3,57,11457,205.84,69,1365,9251,3,16
1784685899.404,real_q8_tensor_220w_none,0,97,11457,208.85,63,1800,9251,3,16
1784685899.404,real_q8_tensor_220w_none,1,100,11457,211.43,69,1740,9251,3,16
1784685899.404,real_q8_tensor_220w_none,2,100,11457,205.47,73,1635,9251,3,16
1784685899.404,real_q8_tensor_220w_none,3,85,11457,211.54,68,1725,9251,3,16
1784685899.963,real_q8_tensor_220w_none,0,97,11457,208.12,65,1665,9251,3,16
1784685899.963,real_q8_tensor_220w_none,1,100,11457,209.42,69,1560,9251,3,16
1784685899.963,real_q8_tensor_220w_none,2,100,11457,204.73,73,1590,9251,3,16
1784685899.963,real_q8_tensor_220w_none,3,85,11457,211.79,70,1575,9251,3,16
1784685900.573,real_q8_tensor_220w_none,0,33,11457,201.23,64,1425,9251,3,16
1784685900.573,real_q8_tensor_220w_none,1,100,11457,210.98,69,1410,9251,3,16
1784685900.573,real_q8_tensor_220w_none,2,100,11457,207.95,73,1815,9251,3,16
1784685900.573,real_q8_tensor_220w_none,3,64,11457,205.65,68,1470,9251,3,16
1784685901.153,real_q8_tensor_220w_none,0,57,11457,199.49,64,1635,9251,3,16
1784685901.153,real_q8_tensor_220w_none,1,100,11457,203.13,68,1515,9251,3,16
1784685901.153,real_q8_tensor_220w_none,2,100,11457,201.94,73,1560,9251,3,16
1784685901.153,real_q8_tensor_220w_none,3,93,11457,201.30,69,1470,9251,3,16
1784685901.741,real_q8_tensor_220w_none,0,97,11457,204.87,64,1905,9251,3,16
1784685901.741,real_q8_tensor_220w_none,1,100,11457,200.76,67,1890,9251,3,16
1784685901.741,real_q8_tensor_220w_none,2,100,11457,201.17,71,1860,9251,3,16
1784685901.741,real_q8_tensor_220w_none,3,84,11457,197.10,69,1905,9251,3,16
1784685902.328,real_q8_tensor_220w_none,0,100,11457,204.64,65,1500,9251,3,16
1784685902.328,real_q8_tensor_220w_none,1,100,11457,207.21,69,1545,9251,3,16
1784685902.328,real_q8_tensor_220w_none,2,100,11457,205.61,73,1530,9251,3,16
1784685902.328,real_q8_tensor_220w_none,3,100,11457,207.69,69,1560,9251,3,16
1784685902.947,real_q8_tensor_220w_none,0,100,11457,208.94,64,1410,9251,3,16
1784685902.947,real_q8_tensor_220w_none,1,100,11457,207.21,69,1320,9251,3,16
1784685902.947,real_q8_tensor_220w_none,2,100,11457,206.55,73,1620,9251,3,16
1784685902.947,real_q8_tensor_220w_none,3,100,11457,210.04,69,1350,9251,3,16
1784685903.522,real_q8_tensor_220w_none,0,100,11457,197.02,64,1635,9251,3,16
1784685903.522,real_q8_tensor_220w_none,1,100,11457,198.95,69,1500,9251,3,16
1784685903.522,real_q8_tensor_220w_none,2,100,11457,196.78,72,1545,9251,3,16
1784685903.522,real_q8_tensor_220w_none,3,100,11457,200.65,69,1590,9251,3,16
1784685904.120,real_q8_tensor_220w_none,0,26,11457,196.98,62,1560,9251,3,16
1784685904.120,real_q8_tensor_220w_none,1,100,11457,202.11,67,1365,9251,3,16
1784685904.120,real_q8_tensor_220w_none,2,100,11457,198.97,71,1395,9251,3,16
1784685904.120,real_q8_tensor_220w_none,3,23,11457,200.49,67,1560,9251,3,16
1784685904.689,real_q8_tensor_220w_none,0,26,11457,206.13,64,1560,9251,3,16
1784685904.689,real_q8_tensor_220w_none,1,100,11457,207.57,69,1455,9251,3,16
1784685904.689,real_q8_tensor_220w_none,2,100,11457,208.05,73,1545,9251,3,16
1784685904.689,real_q8_tensor_220w_none,3,23,11457,205.72,69,1575,9251,3,16
1784685905.265,real_q8_tensor_220w_none,0,100,11457,205.23,64,1665,9251,3,16
1784685905.265,real_q8_tensor_220w_none,1,100,11457,205.95,69,1485,9251,3,16
1784685905.265,real_q8_tensor_220w_none,2,100,11457,205.62,73,1575,9251,3,16
1784685905.265,real_q8_tensor_220w_none,3,100,11457,208.02,69,1425,9251,3,16
1784685905.838,real_q8_tensor_220w_none,0,100,11457,199.23,64,1395,9251,3,16
1784685905.838,real_q8_tensor_220w_none,1,100,11457,200.62,68,1305,9251,3,16
1784685905.838,real_q8_tensor_220w_none,2,100,11457,200.44,73,1350,9251,3,16
1784685905.838,real_q8_tensor_220w_none,3,88,11457,204.02,69,1545,9251,3,16
1784685906.454,real_q8_tensor_220w_none,0,40,11457,195.89,62,1575,9251,3,16
1784685906.454,real_q8_tensor_220w_none,1,100,11457,200.87,68,1335,9251,3,16
1784685906.454,real_q8_tensor_220w_none,2,100,11457,199.60,73,1290,9251,3,16
1784685906.454,real_q8_tensor_220w_none,3,28,11457,198.84,67,1470,9251,3,16
1784685907.023,real_q8_tensor_220w_none,0,40,11457,204.87,64,1470,9251,3,16
1784685907.023,real_q8_tensor_220w_none,1,100,11457,207.80,69,1365,9251,3,16
1784685907.023,real_q8_tensor_220w_none,2,100,11457,206.07,73,1320,9251,3,16
1784685907.023,real_q8_tensor_220w_none,3,28,11457,207.83,69,1575,9251,3,16
1784685907.593,real_q8_tensor_220w_none,0,100,11457,203.22,64,1515,9251,3,16
1784685907.593,real_q8_tensor_220w_none,1,100,11457,205.55,69,1395,9251,3,16
1784685907.593,real_q8_tensor_220w_none,2,100,11457,204.68,73,1620,9251,3,16
1784685907.593,real_q8_tensor_220w_none,3,100,11457,207.55,69,1365,9251,3,16
1784685908.162,real_q8_tensor_220w_none,0,100,11457,195.99,64,1635,9251,3,16
1784685908.162,real_q8_tensor_220w_none,1,100,11457,198.68,68,1530,9251,3,16
1784685908.162,real_q8_tensor_220w_none,2,100,11457,197.67,72,1455,9251,3,16
1784685908.162,real_q8_tensor_220w_none,3,100,11457,201.10,69,1560,9251,3,16
1784685908.748,real_q8_tensor_220w_none,0,38,11457,195.33,63,1365,9251,3,16
1784685908.748,real_q8_tensor_220w_none,1,100,11457,194.80,67,945,9251,3,16
1784685908.748,real_q8_tensor_220w_none,2,100,11457,194.58,71,1860,9251,3,16
1784685908.748,real_q8_tensor_220w_none,3,70,11457,200.69,67,1155,9251,3,16
1784685909.341,real_q8_tensor_220w_none,0,100,11457,205.12,64,1620,9251,3,16
1784685909.341,real_q8_tensor_220w_none,1,100,11457,205.60,68,1485,9251,3,16
1784685909.341,real_q8_tensor_220w_none,2,100,11457,206.39,73,1575,9251,3,16
1784685909.341,real_q8_tensor_220w_none,3,100,11457,206.95,69,1500,9251,3,16
1784685909.913,real_q8_tensor_220w_none,0,100,11457,202.81,64,1680,9251,3,16
1784685909.913,real_q8_tensor_220w_none,1,100,11457,208.19,69,1560,9251,3,16
1784685909.913,real_q8_tensor_220w_none,2,100,11457,206.84,73,1590,9251,3,16
1784685909.913,real_q8_tensor_220w_none,3,100,11457,206.54,69,1575,9251,3,16
1784685910.486,real_q8_tensor_220w_none,0,100,11457,195.58,64,1635,9251,3,16
1784685910.486,real_q8_tensor_220w_none,1,100,11457,198.80,68,1530,9251,3,16
1784685910.486,real_q8_tensor_220w_none,2,100,11457,197.43,72,1545,9251,3,16
1784685910.486,real_q8_tensor_220w_none,3,100,11457,201.10,69,1605,9251,3,16
1784685911.058,real_q8_tensor_220w_none,0,97,11457,203.27,64,1905,9251,3,16
1784685911.058,real_q8_tensor_220w_none,1,100,11457,199.12,67,1890,9251,3,16
1784685911.058,real_q8_tensor_220w_none,2,100,11457,197.89,71,1860,9251,3,16
1784685911.058,real_q8_tensor_220w_none,3,84,11457,204.24,68,1905,9251,3,16
1784685911.618,real_q8_tensor_220w_none,0,97,11457,203.80,64,1590,9251,3,16
1784685911.618,real_q8_tensor_220w_none,1,100,11457,205.23,68,1470,9251,3,16
1784685911.618,real_q8_tensor_220w_none,2,100,11457,205.53,73,1425,9251,3,16
1784685911.618,real_q8_tensor_220w_none,3,84,11457,207.00,69,1575,9251,3,16
1784685912.187,real_q8_tensor_220w_none,0,100,11457,206.01,64,1470,9251,3,16
1784685912.187,real_q8_tensor_220w_none,1,100,11457,205.82,68,1530,9251,3,16
1784685912.187,real_q8_tensor_220w_none,2,100,11457,204.44,73,1500,9251,3,16
1784685912.187,real_q8_tensor_220w_none,3,100,11457,210.93,69,1545,9251,3,16
1784685912.776,real_q8_tensor_220w_none,0,100,11457,196.93,64,1650,9251,3,16
1784685912.776,real_q8_tensor_220w_none,1,93,11457,201.35,68,1545,9251,3,16
1784685912.776,real_q8_tensor_220w_none,2,92,11457,199.18,72,1545,9251,3,16
1784685912.776,real_q8_tensor_220w_none,3,100,11457,201.10,69,1620,9251,3,16
1784685913.371,real_q8_tensor_220w_none,0,60,11457,197.97,64,1890,9251,3,16
1784685913.371,real_q8_tensor_220w_none,1,88,11457,204.36,68,1860,9251,3,16
1784685913.371,real_q8_tensor_220w_none,2,100,11457,202.48,72,1830,9251,3,16
1784685913.371,real_q8_tensor_220w_none,3,27,11457,200.90,69,1860,9251,3,16
1784685913.932,real_q8_tensor_220w_none,0,60,11457,204.85,64,1635,9251,3,16
1784685913.932,real_q8_tensor_220w_none,1,100,11457,206.95,68,1530,9251,3,16
1784685913.932,real_q8_tensor_220w_none,2,100,11457,205.93,73,1440,9251,3,16
1784685913.932,real_q8_tensor_220w_none,3,27,11457,207.05,69,1560,9251,3,16
1784685914.500,real_q8_tensor_220w_none,0,100,11457,202.64,64,1455,9251,3,16
1784685914.500,real_q8_tensor_220w_none,1,100,11457,202.70,69,1335,9251,3,16
1784685914.500,real_q8_tensor_220w_none,2,100,11457,200.26,73,1455,9251,3,16
1784685914.500,real_q8_tensor_220w_none,3,100,11457,207.64,69,1320,9251,3,16
1784685915.067,real_q8_tensor_220w_none,0,100,11457,197.39,64,1635,9251,3,16
1784685915.067,real_q8_tensor_220w_none,1,50,11457,202.05,68,1515,9251,3,16
1784685915.067,real_q8_tensor_220w_none,2,62,11457,199.75,73,1515,9251,3,16
1784685915.067,real_q8_tensor_220w_none,3,100,11457,201.26,69,1485,9251,3,16
1784685915.675,real_q8_tensor_220w_none,0,97,11457,202.89,64,1665,9251,3,16
1784685915.675,real_q8_tensor_220w_none,1,100,11457,205.27,69,1560,9251,3,16
1784685915.675,real_q8_tensor_220w_none,2,100,11457,204.55,73,1410,9251,3,16
1784685915.675,real_q8_tensor_220w_none,3,73,11457,204.72,69,1620,9251,3,16
1784685916.238,real_q8_tensor_220w_none,0,97,11457,203.44,64,1665,9251,3,16
1784685916.238,real_q8_tensor_220w_none,1,100,11457,205.20,68,1560,9251,3,16
1784685916.238,real_q8_tensor_220w_none,2,100,11457,206.44,73,1590,9251,3,16
1784685916.238,real_q8_tensor_220w_none,3,73,11457,205.13,69,1380,9251,3,16
1784685916.831,real_q8_tensor_220w_none,0,100,11457,195.83,64,1635,9251,3,16
1784685916.831,real_q8_tensor_220w_none,1,90,11457,203.83,69,1515,9251,3,16
1784685916.831,real_q8_tensor_220w_none,2,100,11457,204.32,73,1545,9251,3,16
1784685916.831,real_q8_tensor_220w_none,3,100,11457,208.37,69,1455,9251,3,16
1784685917.422,real_q8_tensor_220w_none,0,100,11457,194.57,64,1500,9251,3,16
1784685917.422,real_q8_tensor_220w_none,1,92,11457,198.25,67,1380,9251,3,16
1784685917.422,real_q8_tensor_220w_none,2,89,11457,197.30,71,1365,9251,3,16
1784685917.422,real_q8_tensor_220w_none,3,100,11457,200.70,69,1575,9251,3,16
1784685917.989,real_q8_tensor_220w_none,0,100,11457,204.15,65,1650,9251,3,16
1784685917.989,real_q8_tensor_220w_none,1,92,11457,206.69,68,1530,9251,3,16
1784685917.989,real_q8_tensor_220w_none,2,89,11457,205.89,73,1500,9251,3,16
1784685917.989,real_q8_tensor_220w_none,3,100,11457,206.42,69,1560,9251,3,16
1784685918.554,real_q8_tensor_220w_none,0,100,11457,203.07,64,1665,9251,3,16
1784685918.554,real_q8_tensor_220w_none,1,100,11457,204.89,68,1560,9251,3,16
1784685918.554,real_q8_tensor_220w_none,2,100,11457,205.10,73,1575,9251,3,16
1784685918.554,real_q8_tensor_220w_none,3,100,11457,206.52,69,1575,9251,3,16
1784685919.142,real_q8_tensor_220w_none,0,100,11457,197.03,64,1710,9251,3,16
1784685919.142,real_q8_tensor_220w_none,1,100,11457,202.05,68,1455,9251,3,16
1784685919.142,real_q8_tensor_220w_none,2,100,11457,201.10,73,1635,9251,3,16
1784685919.142,real_q8_tensor_220w_none,3,100,11457,201.18,69,1485,9251,3,16
1784685919.710,real_q8_tensor_220w_none,0,100,11457,186.68,63,1470,9251,3,16
1784685919.710,real_q8_tensor_220w_none,1,46,11457,195.35,68,1320,9251,3,16
1784685919.710,real_q8_tensor_220w_none,2,61,11457,190.90,72,1635,9251,3,16
1784685919.710,real_q8_tensor_220w_none,3,100,11457,193.85,68,1335,9251,3,16
1784685920.277,real_q8_tensor_220w_none,0,90,11457,189.78,63,1800,9251,3,16
1784685920.277,real_q8_tensor_220w_none,1,46,11457,197.30,68,1740,9251,3,16
1784685920.277,real_q8_tensor_220w_none,2,61,11457,196.53,72,1740,9251,3,16
1784685920.277,real_q8_tensor_220w_none,3,84,11457,196.26,68,1755,9251,3,16
1784685920.861,real_q8_tensor_220w_none,0,94,11457,200.31,63,1740,9251,3,16
1784685920.861,real_q8_tensor_220w_none,1,93,11457,204.13,68,1650,9251,3,16
1784685920.861,real_q8_tensor_220w_none,2,93,11457,202.07,72,1725,9251,3,16
1784685920.861,real_q8_tensor_220w_none,3,93,11457,205.26,68,1665,9251,3,16
1784685921.444,real_q8_tensor_220w_none,0,93,11457,205.68,64,1695,9251,3,16
1784685921.444,real_q8_tensor_220w_none,1,93,11457,215.00,68,1560,9251,3,16
1784685921.444,real_q8_tensor_220w_none,2,93,11457,213.16,72,1560,9251,3,16
1784685921.444,real_q8_tensor_220w_none,3,93,11457,211.15,68,1575,9251,3,16
1784685922.022,real_q8_tensor_220w_none,0,93,11457,219.49,64,1770,9251,3,16
1784685922.022,real_q8_tensor_220w_none,1,93,11457,219.67,68,1650,9251,3,16
1784685922.022,real_q8_tensor_220w_none,2,93,11457,219.78,72,1725,9251,3,16
1784685922.022,real_q8_tensor_220w_none,3,93,11457,219.50,68,1680,9251,3,16
1784685922.622,real_q8_tensor_220w_none,0,92,11457,219.03,63,1755,9251,3,16
1784685922.622,real_q8_tensor_220w_none,1,93,11457,219.60,68,1665,9251,3,16
1784685922.622,real_q8_tensor_220w_none,2,93,11457,219.34,72,1680,9251,3,16
1784685922.622,real_q8_tensor_220w_none,3,92,11457,219.40,68,1695,9251,3,16
1784685923.199,real_q8_tensor_220w_none,0,92,11457,219.45,64,1770,9251,3,16
1784685923.199,real_q8_tensor_220w_none,1,94,11457,219.78,68,1620,9251,3,16
1784685923.199,real_q8_tensor_220w_none,2,93,11457,219.60,72,1725,9251,3,16
1784685923.199,real_q8_tensor_220w_none,3,92,11457,219.61,68,1635,9251,3,16
1784685923.777,real_q8_tensor_220w_none,0,93,11457,219.21,63,1755,9251,3,16
1784685923.777,real_q8_tensor_220w_none,1,94,11457,219.72,68,1665,9251,3,16
1784685923.777,real_q8_tensor_220w_none,2,93,11457,219.42,72,1695,9251,3,16
1784685923.777,real_q8_tensor_220w_none,3,93,11457,219.59,68,1695,9251,3,16
1784685924.354,real_q8_tensor_220w_none,0,93,11457,219.34,64,1755,9251,3,16
1784685924.354,real_q8_tensor_220w_none,1,93,11457,218.92,68,1650,9251,3,16
1784685924.354,real_q8_tensor_220w_none,2,93,11457,219.01,72,1695,9251,3,16
1784685924.354,real_q8_tensor_220w_none,3,93,11457,219.06,68,1620,9251,3,16
1784685924.934,real_q8_tensor_220w_none,0,78,11457,218.33,63,1905,9251,3,16
1784685924.934,real_q8_tensor_220w_none,1,93,11457,216.01,68,1860,9251,3,16
1784685924.934,real_q8_tensor_220w_none,2,93,11457,215.38,72,1875,9251,3,16
1784685924.934,real_q8_tensor_220w_none,3,71,11457,217.55,67,1875,9251,3,16
1784685925.497,real_q8_tensor_220w_none,0,93,11457,212.35,64,1770,9251,3,16
1784685925.497,real_q8_tensor_220w_none,1,94,11457,215.53,68,1665,9251,3,16
1784685925.497,real_q8_tensor_220w_none,2,94,11457,213.65,72,1725,9251,3,16
1784685925.497,real_q8_tensor_220w_none,3,93,11457,215.84,68,1665,9251,3,16
1784685926.076,real_q8_tensor_220w_none,0,93,11457,218.22,63,1725,9251,3,16
1784685926.076,real_q8_tensor_220w_none,1,94,11457,218.04,68,1650,9251,3,16
1784685926.076,real_q8_tensor_220w_none,2,94,11457,217.17,72,1665,9251,3,16
1784685926.076,real_q8_tensor_220w_none,3,93,11457,219.88,68,1695,9251,3,16
1784685926.655,real_q8_tensor_220w_none,0,93,11457,219.64,64,1755,9251,3,16
1784685926.655,real_q8_tensor_220w_none,1,94,11457,219.62,68,1650,9251,3,16
1784685926.655,real_q8_tensor_220w_none,2,93,11457,219.40,72,1695,9251,3,16
1784685926.655,real_q8_tensor_220w_none,3,93,11457,219.56,68,1695,9251,3,16
1784685927.232,real_q8_tensor_220w_none,0,0,11457,209.87,63,1920,9251,3,16
1784685927.232,real_q8_tensor_220w_none,1,94,11457,214.44,66,1905,9251,3,16
1784685927.232,real_q8_tensor_220w_none,2,93,11457,214.02,70,1890,9251,3,16
1784685927.232,real_q8_tensor_220w_none,3,0,11457,210.55,67,1920,9251,3,16
